AGENTS.md:1: trailing whitespace.
+# Repository Agent Entry Point
AGENTS.md:2: trailing whitespace.
+
AGENTS.md:3: trailing whitespace.
+`AGENTS.md` is the authoritative repository-level instruction entrypoint for every coding agent.
AGENTS.md:4: trailing whitespace.
+
AGENTS.md:5: trailing whitespace.
+## Mandatory startup sequence
AGENTS.md:6: trailing whitespace.
+
AGENTS.md:7: trailing whitespace.
+Before doing any work, every agent MUST read and inspect, in this order:
AGENTS.md:8: trailing whitespace.
+
AGENTS.md:9: trailing whitespace.
+1. `spec/handoff/agent-context.md`.
AGENTS.md:10: trailing whitespace.
+2. `spec/progress/current.md`.
AGENTS.md:11: trailing whitespace.
+3. Read the `Current Task` ID and resolve that exact ID across `spec/tasks/{review,active,ready,backlog,done}/`. It MUST exist in exactly one queue and its declared status MUST match that queue. Resume by actual state: `review` completes the independent review/fix cycle; `active` continues implementation; `ready` may activate only when dependencies and inputs are satisfied; `backlog` remains blocked on prerequisites; `done` permits selection of the next dependency-satisfied task. Never select work merely because `active/` is empty. Select another task only when the current task is complete and no unfinished current task exists.
AGENTS.md:12: trailing whitespace.
+4. Every architecture document, approved ADR or frozen decision, domain document, invariant, acceptance criterion, and contract referenced by the current Task Spec. First resolve and hash-check the canonical Frozen Architecture Markdown through `spec/architecture/README.md` and `spec/architecture/baseline.md`. The retained PDF is historical provenance. Every business task MUST also read canonical sections §3, §10 (SRC-01 through SRC-07) and §11 before implementation, including responsibilities, source ownership and dependency direction.
AGENTS.md:13: trailing whitespace.
+5. `git status`.
AGENTS.md:14: trailing whitespace.
+6. The current diff.
AGENTS.md:15: trailing whitespace.
+7. Recent commits.
AGENTS.md:16: trailing whitespace.
+8. The smallest baseline verification required by the current Task Spec.
AGENTS.md:17: trailing whitespace.
+
AGENTS.md:18: trailing whitespace.
+Do not implement until the current Task Spec's goal, dependencies, `allowed_paths`, acceptance criteria, forbidden work, and verification are understood.
AGENTS.md:19: trailing whitespace.
+
AGENTS.md:20: trailing whitespace.
+Before implementation or review, read [the Minimality Contract](spec/governance/minimality.md). Agents MUST choose the simplest implementation that satisfies current approved requirements and acceptance; MUST NOT implement future-stage mechanisms on speculation; and MUST cite present justification for significant added complexity. Review Agents MUST check unnecessary complexity against current requirements and evidence. If the only path requires expanding Frozen Architecture, stop under the architecture process rather than expanding it.
AGENTS.md:21: trailing whitespace.
+
AGENTS.md:22: trailing whitespace.
+## Authority and architecture protection
AGENTS.md:23: trailing whitespace.
+
AGENTS.md:24: trailing whitespace.
+The authority order is:
AGENTS.md:25: trailing whitespace.
+
AGENTS.md:26: trailing whitespace.
+1. The Frozen Architecture resolved through `spec/architecture/README.md` and its baseline manifest, plus approved ADRs in `spec/architecture/decisions/`.
AGENTS.md:27: trailing whitespace.
+2. Machine-verifiable public contracts in `contracts/`.
AGENTS.md:28: trailing whitespace.
+3. `spec/domain/` and `spec/invariants/`.
AGENTS.md:29: trailing whitespace.
+4. `spec/acceptance/`.
AGENTS.md:30: trailing whitespace.
+5. The current Task Spec.
AGENTS.md:31: trailing whitespace.
+6. Implementation code.
AGENTS.md:32: trailing whitespace.
+
AGENTS.md:33: trailing whitespace.
+Frozen Architecture and approved ADRs override implementation code. `contracts/` is the sole authority for machine-verifiable public contracts; implementation MUST NOT define or reverse-author contracts.
AGENTS.md:34: trailing whitespace.
+
AGENTS.md:35: trailing whitespace.
+Without explicit approval, an agent MUST NOT change Frozen Architecture, public contracts, security boundaries, ACK semantics, compatibility rules, or architectural invariants. If a task conflicts with architecture, stop the conflicting portion, mark the task `BLOCKED_BY_ARCHITECTURE`, and record the smallest decision question. Do not redesign silently.
AGENTS.md:36: trailing whitespace.
+
AGENTS.md:37: trailing whitespace.
+## Change scope and ownership
AGENTS.md:38: trailing whitespace.
+
AGENTS.md:39: trailing whitespace.
+- Modify only paths listed in the current Task Spec's `allowed_paths`.
AGENTS.md:40: trailing whitespace.
+- Do not overwrite uncommitted work whose source or ownership is unknown, including work from another agent.
AGENTS.md:41: trailing whitespace.
+- Do not broaden task scope to make implementation easier.
AGENTS.md:42: trailing whitespace.
+- Keep task state in exactly one queue: `backlog -> ready -> active -> review -> done`.
AGENTS.md:43: trailing whitespace.
+- A task may enter `done` only after accepted independent review and the applicable independent acceptance mechanism.
AGENTS.md:44: trailing whitespace.
+
AGENTS.md:45: trailing whitespace.
+## Codex worktree and main-repository synchronization
AGENTS.md:46: trailing whitespace.
+
AGENTS.md:47: trailing whitespace.
+- Implementation Agents MUST modify code only inside the Codex worktree currently assigned to their task. They MUST NOT create a new clone, repository copy, or independent working directory under `H:/`.
AGENTS.md:48: trailing whitespace.
+- If no Codex worktree is assigned to the task, the Agent MUST autonomously create and attach a managed Codex worktree through the app in the worktree directory configured in Codex Settings, then use the returned assigned Git root. This is authorized routine workspace allocation and does not require another Human confirmation. Inspect existing task attachments first and reuse a suitable assigned worktree where possible; do not hard-code a substitute root, create a clone, or copy unknown uncommitted main-repository changes. If creation or attachment fails, STOP and report `WORKSPACE_ERROR` with the actual failure.
AGENTS.md:49: trailing whitespace.
+- Before starting task writes, run `git rev-parse --show-toplevel` in the assigned worktree and verify that the resolved Git root exactly matches the assigned Codex worktree Git root. If the roots do not match, STOP and report `WORKSPACE_ERROR`; do not begin implementation or silently choose another directory.
AGENTS.md:50: trailing whitespace.
+- After implementation, commit the task-owned changes to the current task branch in that assigned worktree, then synchronize the committed changes back to the main repository at `H:/IM-platform` through the existing independent review, acceptance, and integration process. Preserve unrelated or unknown uncommitted work during synchronization.
AGENTS.md:51: trailing whitespace.
+- Implementation is NOT complete until synchronization back to `H:/IM-platform` is verified. Record the task branch, committed SHA, synchronization result, and main-repository SHA in the task handoff/evidence. Before synchronization is complete, MUST NOT report completion or move the task to `done`. A worktree commit alone does not satisfy completion, and synchronization does not replace independent review or applicable exact-head CI.
AGENTS.md:52: trailing whitespace.
+
AGENTS.md:53: trailing whitespace.
+## Applicable execution constraints
AGENTS.md:54: trailing whitespace.
+
AGENTS.md:55: trailing whitespace.
+Read [execution constraints](spec/governance/execution-boundaries.md) and [the independent Review checklist](spec/governance/independent-review.md). allowed_paths never overrides or exempts architecture. Ordinary business tasks narrow paths by responsibility; one-time cross-service migration lists affected files/responsibilities, scope and exit before edits. Applicable source/dependency checks supplement behavior. Reviewer inspects actual logic and imports plus minimality; Java inherits canonical boundaries, never Go layout. Escalate conflicts before implementation; do not legalize errors after implementation.
AGENTS.md:56: trailing whitespace.
+
AGENTS.md:57: trailing whitespace.
+### Historical remediation checkpoint
AGENTS.md:58: trailing whitespace.
+
AGENTS.md:59: trailing whitespace.
+LOOP1-CI-001 is operational and done: ADR-0001 is currently expired. Verify exact hosted candidate SHA and actual required jobs; missing, failed, cancelled or anomalously skipped required jobs cannot establish PASS. Stage-three effective checkers are independently bounded accepted at2afeac8/run36726926394 (evidence003/hosted-acceptance.md); execute ci/check_architecture.py --scope all --json and tests/architecture; Go remediation product candidate d0ae52f5615320790ae7039cb48831873de6f486 is independently reviewed and accepted by hosted run36744072690; evidence004/final-hosted-acceptance.md. Historical stage003 source_go/Gate FAIL was expected before migration and remains preserved. Applicable source/dependency checks remain mandatory; no grandfather exception. Administrative closure candidate still requires a new independent Review and exact-head hosted verification; S1 product Gate remains OPEN.
AGENTS.md:60: trailing whitespace.
+
AGENTS.md:61: trailing whitespace.
+### Current recovery authority
AGENTS.md:62: trailing whitespace.
+
AGENTS.md:63: trailing whitespace.
+The final `LOOP1-E2E-001` closure records independently accepted S1 PASS in `spec/progress/evidence/LOOP1-E2E-001/2026-10-01-s2-open-record.md`. PR8 rollback main `3f352a8e465c0c4b093cca8e5f404ea587550b6e` restores the accepted pre-PR7 `a0f0f13759ffb2a861b08c4820a1504b76d5c08a` product tree. The OPEN/pending and suspension statements in the historical checkpoint above describe that earlier remediation state; they do not reopen accepted S1 or authorize later implementation. `spec/progress/current.md` and its unique Current Task determine current Stage/Gate and permitted resumption, subject to accepted authority, independent Review and applicable exact-head CI.
AGENTS.md:64: trailing whitespace.
+
AGENTS.md:65: trailing whitespace.
+
AGENTS.md:66: trailing whitespace.
+## Verification, handoff, and checkpoints
AGENTS.md:67: trailing whitespace.
+
AGENTS.md:68: trailing whitespace.
+CI is the independent acceptance judge. An agent's statement that tests pass is local evidence, not final Gate PASS.
AGENTS.md:69: trailing whitespace.
+
AGENTS.md:70: trailing whitespace.
+Before `LOOP1-CI-001` is operational and `done`, the approved temporary S0 bootstrap mechanism in `spec/architecture/decisions/` may satisfy a bootstrap/control-plane task's independent acceptance requirement only through a fresh independent reviewer, a clean committed checkout or isolated worktree, deterministic verification, and durable evidence under `spec/progress/evidence/<TASK_ID>/`. Evidence MUST record reviewed commit SHA, clean state/method, branch and diff range, exact command, exit code, elapsed time, result, git status, and reviewer independence. Development-mode output and self-review are never acceptance evidence. This exception expires automatically when `LOOP1-CI-001` becomes `done`; real CI is then mandatory wherever applicable.
AGENTS.md:71: trailing whitespace.
+
AGENTS.md:72: trailing whitespace.
+Before ending work, update both the current Task Spec and `spec/progress/current.md` with completed work, verification commands and results, known failures or risks, next exact action, last known good commit, and ownership of uncommitted changes. Store run history in durable evidence rather than accumulating it in `current.md`.
AGENTS.md:73: trailing whitespace.
+
AGENTS.md:74: trailing whitespace.
+Create a checkpoint in `spec/progress/checkpoints/` at a Gate, a stable vertical slice, a contract or schema transition, a release recovery point, or another important stable recovery point. `current.md` points to the latest checkpoint rather than duplicating it.
AGENTS.md:75: trailing whitespace.
+
AGENTS.md:76: trailing whitespace.
+## Research Recorder instrumentation
AGENTS.md:77: trailing whitespace.
+
AGENTS.md:78: trailing whitespace.
+After `LOOP1-RESEARCH-001` is independently accepted and its Instrumentation Epoch exists, prospective Agent work MUST use the file-based Research Recorder described in `research/README.md`: register the visible task prompt, start a run, route commands/tests/verifiers through the command recorder where possible, record only necessary public semantic events, and finish and validate the run. Recorder failure MUST be exposed and MUST NOT be silently skipped.
AGENTS.md:79: trailing whitespace.
+
AGENTS.md:80: trailing whitespace.
+The Recorder is research instrumentation, not product architecture authority. It MUST NOT change contracts, ACK semantics, security boundaries, compatibility rules, or business invariants. Research evidence and product acceptance evidence are distinct: Recorder PASS is not Task PASS, and Task PASS is not Stage Gate PASS. An Agent MUST NOT edit Recorder evidence to make its own work pass. Paused or pre-Recorder activity may only be represented as explicitly marked backfill with unavailable facts left unavailable; it must never be presented as a complete prospective trace.
AGENTS.md:81: trailing whitespace.
+
AGENTS.md:82: trailing whitespace.
+## Batch Orchestration Protocol
AGENTS.md:83: trailing whitespace.
+
AGENTS.md:84: trailing whitespace.
+- A Coordinator may execute a named batch or current Stage. It recovers repository state, resolves dependencies, delegates fresh task contexts, waits for results, progresses task queues, updates progress/evidence/checkpoints, and evaluates the Stage Gate.
AGENTS.md:85: trailing whitespace.
+- Writer concurrency is one. At most one write-capable Agent may modify the repository at a time, especially across contracts, domain/invariants, database migrations, shared SDK/plugin API, and shared acceptance surfaces. Each implementation task SHOULD use a fresh Implementation Agent context.
AGENTS.md:86: trailing whitespace.
+- At `review`, the Coordinator MUST delegate to a fresh independent Review Agent; an implementer or fixer MUST NOT accept its own work. On PASS, satisfy applicable acceptance evidence, move the task to `done`, update recovery state, and select the next dependency-satisfied task. On FAIL, retain an unfinished state, delegate a fresh Fix Agent, then a new fresh Review Agent, repeating until PASS or a real stop condition.
AGENTS.md:87: trailing whitespace.
+- Select tasks by dependency satisfaction, not filename order. Use deterministic dependency order unless the batch manifest explicitly permits otherwise. A batch completes only when every required task is `done`, its Gate evidence passes, no blocker remains, `current.md` is current, and a stable recovery point exists.
AGENTS.md:88: trailing whitespace.
+- Return control only for Batch/Stage Gate PASS, `BLOCKED_BY_ARCHITECTURE`, destructive/high-risk approval, genuine `BLOCKED_EXTERNAL_ACCESS`, irreconcilable repository state, unresolved acceptance ambiguity, or unavailable real subagent delegation (`CAPABILITY_BLOCKED_SUBAGENTS`). Ordinary test or reviewer failures are repair cycles, not stop conditions. Never pretend the same context is independent.
AGENTS.md:89: trailing whitespace.
+
AGENTS.md:90: trailing whitespace.
+## Technology authorization
AGENTS.md:91: trailing whitespace.
+
AGENTS.md:92: trailing whitespace.
+Read `spec/governance/technology-selection.md` and canonical §2.3 / §6.1 before implementation or Review. Every new architecture-sensitive language/framework/runtime/core dependency requires traceable accepted Frozen Architecture / approved ADR authority. Missing decision: stop affected work BLOCKED_BY_ARCHITECTURE -> smallest question -> Human/Architect decision -> freeze -> fresh independent Review/applicable exact-head hosted CI -> implementation. Task text/allowed_paths/tests cannot approve selection. Reviewer FAIL on absent authority; inspect real imports/native responsibility beyond static guards. Desktop native SQLite is explicitly Tauri + SQLx(SQLite) with atomic transaction adapter; TypeScript holds Repository/models/transaction intent. No separate tauri-plugin-sql execute-call transactions. Mobile is Android Kotlin + Jetpack Compose, validated on Android Studio emulator. Mobile models/Repository/protocol/plugin adapters implement equivalent behavior under the same canonical contracts/fixtures; direct TypeScript SDK reuse is not required. Web/Desktop/shared stay TypeScript. Android SDK/Gradle/Kotlin/Compose engineering identifiers do not authorize Room/ORM/network libraries, JS runtime/bridge/codegen or shared native rewrite.
spec/architecture/README.md:1: trailing whitespace.
+# Architecture Index
spec/architecture/README.md:2: trailing whitespace.
+
spec/architecture/README.md:3: trailing whitespace.
+This file is a resolver, not an independent architecture specification.
spec/architecture/README.md:4: trailing whitespace.
+
spec/architecture/README.md:5: trailing whitespace.
+1. Read the [baseline manifest](./baseline.md).
spec/architecture/README.md:6: trailing whitespace.
+2. Resolve and SHA-256-check the single canonical Markdown artifact named by that manifest.
spec/architecture/README.md:7: trailing whitespace.
+3. Verify the retained historical PDF against the manifest's separate `previous_sha256` provenance value.
spec/architecture/README.md:8: trailing whitespace.
+4. Apply approved decisions in [`decisions/`](./decisions/) through the documented architecture process.
spec/architecture/README.md:9: trailing whitespace.
+
spec/architecture/README.md:10: trailing whitespace.
+The manifest and this index contain discovery and migration metadata only. They do not summarize, replace, or silently reinterpret the canonical Markdown. The PDF is an immutable pre-migration snapshot, not an active second canonical source. The Markdown remains frozen under the same ACP/ADR approval rule.
spec/architecture/README.md:11: trailing whitespace.
+
spec/architecture/README.md:12: trailing whitespace.
+Previous accepted revision: v1.1 conflict resolution under ADR-0003. The manifest separates current revision semantics from ADR-0002 historical representation-only migration. Review/CI acceptance status is recorded in the current task and evidence; historical PDF bytes remain immutable.
spec/architecture/README.md:13: trailing whitespace.
+
spec/architecture/README.md:14: trailing whitespace.
+Current client clarification accepted at e7c80c7: Android Kotlin/Jetpack Compose Mobile plus Web/Desktop/shared TypeScript, v1.1 under ADR-0005; canonical bytes/hash unchanged by closure. Acceptance discovery below records scoped waiver and remaining administrative confirmation; S2 OPEN.
spec/architecture/README.md:15: trailing whitespace.
+
spec/architecture/README.md:16: trailing whitespace.
+## Accepted clarification discovery (2026-10-01)
spec/architecture/README.md:17: trailing whitespace.
+
spec/architecture/README.md:18: trailing whitespace.
+Fresh independent Review accepts clean e7c80c726d4799ba3ddab026266be638c9e6b252 under scoped Human GString waiver; original4b5 Review FAIL immutable. Exactpush36881391141 selected5SUCCESS/8correctinactive and PR36881397009 all13/every stepSUCCESS. Canonicalaa2398020beeda5f7f9456aac346da57bd8b75212192123c943c35dfdc80f84c/PDF546915 unchanged. ADR0005 effective at accepted prerequisite. Evidence: spec/progress/evidence/LOOP1-CLIENT-ARCH-CLARIFICATION-001/2026-10-01-coordinator-resume/acceptance.md. Earlier pending paragraphs are historical; later administrative closure needs NEW independent Review/exactHEADCI before S2activation. No product/contract change; S1PASS/S2OPEN.
spec/architecture/README.md:19: trailing whitespace.
+
spec/architecture/README.md:20: trailing whitespace.
+## UI amendment candidate (2026-10-03)
spec/architecture/README.md:21: trailing whitespace.
+
spec/architecture/README.md:22: trailing whitespace.
+ADR-0006 records explicit Human client UI/design/screenshot decisions and S2-only plugin execution prohibition. Resolve the current hash plus ui_revision_adr fields in baseline.md. Candidate pending independent Review/exact-head hosted CI/integrated-main verification; accepted main remains last known good. Subordinate explanations under decisions/client-ui/ and spec/acceptance/client-gui.md create no second canonical source or public contract authority. ADR-0005 remains base technology provenance; S4 reviewed sandbox Render Bundle is retained.
spec/architecture/baseline.md:1: trailing whitespace.
+# Frozen Architecture Baseline Manifest
spec/architecture/baseline.md:2: trailing whitespace.
+
spec/architecture/baseline.md:3: trailing whitespace.
+- baseline_title: 面向十万级在线连接的可扩展分布式即时通信平台
spec/architecture/baseline.md:4: trailing whitespace.
+- version: `v1.1`
spec/architecture/baseline.md:5: trailing whitespace.
+- status: accepted Human-approved client clarification at e7c80c7; final administrative confirmation pending
spec/architecture/baseline.md:6: trailing whitespace.
+- canonical_format: `markdown`
spec/architecture/baseline.md:7: trailing whitespace.
+- repository_path: `spec/architecture/frozen-architecture.md`
spec/architecture/baseline.md:8: trailing whitespace.
+- sha256: `11eb9ef46da3b35cebf348265e5d8da27175e69b8f29a0842af226a98fd60c9d`
spec/architecture/baseline.md:9: trailing whitespace.
+- previous_canonical_format: `pdf`
spec/architecture/baseline.md:10: trailing whitespace.
+- previous_repository_path: `scalable-distributed-im-architecture.pdf`
spec/architecture/baseline.md:11: trailing whitespace.
+- previous_sha256: `546915f639f30cd294f11390da3ade2ce6a85b620bf55727c2a90ca6017d7510`
spec/architecture/baseline.md:12: trailing whitespace.
+- historical_migration_type: `representation_only`
spec/architecture/baseline.md:13: trailing whitespace.
+- historical_semantic_change: `false`
spec/architecture/baseline.md:14: trailing whitespace.
+- historical_migration_task_id: `LOOP1-ARCHDOC-001`
spec/architecture/baseline.md:15: trailing whitespace.
+- historical_markdown_sha256: `ff498f37ade3328fac97a905d6cb8dd7148fed935af5173e69b6b48a14277e91`
spec/architecture/baseline.md:16: trailing whitespace.
+- revision_type: `human_approved_client_clarification`
spec/architecture/baseline.md:17: trailing whitespace.
+- semantic_change: `true`
spec/architecture/baseline.md:18: trailing whitespace.
+- revision_task_id: `LOOP1-CLIENT-ARCH-CLARIFICATION-001`
spec/architecture/baseline.md:19: trailing whitespace.
+- revision_adr: `spec/architecture/decisions/ADR-0005-client-technology-clarification.md`
spec/architecture/baseline.md:20: trailing whitespace.
+- approval_source: `spec/progress/evidence/LOOP1-CLIENT-ARCH-CLARIFICATION-001/approval-and-recovery.md`
spec/architecture/baseline.md:21: trailing whitespace.
+- baseline_date: 2026-10-01
spec/architecture/baseline.md:22: trailing whitespace.
+
spec/architecture/baseline.md:23: trailing whitespace.
+## Historical ADR-0003 acceptance discovery
spec/architecture/baseline.md:24: trailing whitespace.
+
spec/architecture/baseline.md:25: trailing whitespace.
+At that prior revision, the Markdown was the single canonical source under the explicitly approved revision. Stage-one bounded acceptance: fresh Review of a09f4fbb1dc497c46c8dc0b8901b0417c534fb2d and hosted run 36714913796 on exact head 3e6e89fa2b378f1fcb4c944466fef2e3bc905379, all ten jobs successful; evidence spec/progress/evidence/LOOP1-ARCH-REMEDIATION-001/hosted-acceptance.md. This does not accept pending stages two through four, source compliance or remediation/S1 Gate. This revision tightens executable source ownership and governance semantics; it is NOT the historical representation-only migration. ADR-0002 and its original v1.0 migration facts are immutable history. The PDF remains the byte-for-byte immutable historical snapshot and is not a second current authority. No public wire, database, ACK/Sync, compatibility or security boundary is changed.
spec/architecture/baseline.md:26: trailing whitespace.
+
spec/architecture/baseline.md:27: trailing whitespace.
+## Current completion discovery (2026-10-01)
spec/architecture/baseline.md:28: trailing whitespace.
+
spec/architecture/baseline.md:29: trailing whitespace.
+The preceding stage-one paragraph is its bounded historical acceptance point. Subsequent task/product acceptance is now recorded in evidence004/final-hosted-acceptance.md (d0ae52f / hosted36744072690). Administrative finalization requires a new independent Review and exact-head hosted run. Version, hashes, approval and historical source metadata remain unchanged; S1 product Gate OPEN.
spec/architecture/baseline.md:30: trailing whitespace.
+
spec/architecture/baseline.md:31: trailing whitespace.
+## Current Human-approved clarification (2026-10-01)
spec/architecture/baseline.md:32: trailing whitespace.
+
spec/architecture/baseline.md:33: trailing whitespace.
+- previous_revision_sha256: `83d124bba4b9c605ae29b637e1ea6f8aa55ec4fb7cc6f631f7c069c6f1f77c2e`
spec/architecture/baseline.md:34: trailing whitespace.
+- previous_revision_type: `conflict_resolution`
spec/architecture/baseline.md:35: trailing whitespace.
+- previous_revision_task_id: `LOOP1-ARCH-REMEDIATION-001`
spec/architecture/baseline.md:36: trailing whitespace.
+- previous_revision_adr: `spec/architecture/decisions/ADR-0003-architecture-conflict-resolution.md`
spec/architecture/baseline.md:37: trailing whitespace.
+- previous_revision_approval_source: `spec/progress/evidence/LOOP1-ARCH-REMEDIATION-001/approval-and-recovery.md`
spec/architecture/baseline.md:38: trailing whitespace.
+
spec/architecture/baseline.md:39: trailing whitespace.
+All preceding acceptance paragraphs are historical bounded discovery, not acceptance of these changed bytes. Version remains v1.1; canonical bytes/hash changed under ADR-0005. Original PDF, representation-only migration and ADR-0003 facts remain historical unchanged. S1 now PASS through accepted E2E/pre-PR7 tree restored by PR8; S2 OPEN. This clarification candidate requires NEW independent Review and exact-head hosted CI before effectiveness/product implementation. No public contract or product source change.
spec/architecture/baseline.md:40: trailing whitespace.
+
spec/architecture/baseline.md:41: trailing whitespace.
+Supplemental Human Desktop decision freezes Tauri + SQLx(SQLite) atomic native transaction adapter; separate tauri-plugin-sql execute calls cannot emulate transaction. Mobile is Android Kotlin + Jetpack Compose, validated on Android Studio emulator; Mobile TS/TBD is superseded before candidate acceptance. Approval supplement: spec/progress/evidence/LOOP1-CLIENT-ARCH-CLARIFICATION-001/human-desktop-sqlx-mobile-emulator-decision.txt.
spec/architecture/baseline.md:42: trailing whitespace.
+
spec/architecture/baseline.md:43: trailing whitespace.
+- superseded_preacceptance_candidate_sha256: `ac0421074c41589d1d409cc91729953984839aea3c05e805608fcf7677da4f68`
spec/architecture/baseline.md:44: trailing whitespace.
+- mobile_approval_source: `spec/progress/evidence/LOOP1-CLIENT-ARCH-CLARIFICATION-001/human-mobile-kotlin-compose-decision.txt`
spec/architecture/baseline.md:45: trailing whitespace.
+
spec/architecture/baseline.md:46: trailing whitespace.
+Candidate188d24a5a53abaa136aa939fded5968dd5fe728f was never accepted. New Human Mobile decision supersedes its TS/TBD clause before Review/CI. Previous accepted revision remains83d124b, not the superseded candidate hash. Android Kotlin/Compose same-contract behavior leaves Web/Desktop/shared TypeScript and Desktop SQLx boundaries unchanged.
spec/architecture/baseline.md:47: trailing whitespace.
+
spec/architecture/baseline.md:48: trailing whitespace.
+## Accepted clarification discovery (2026-10-01)
spec/architecture/baseline.md:49: trailing whitespace.
+
spec/architecture/baseline.md:50: trailing whitespace.
+Fresh independent Review accepts clean e7c80c726d4799ba3ddab026266be638c9e6b252 under scoped Human GString waiver; original4b5 Review FAIL immutable. Exactpush36881391141 selected5SUCCESS/8correctinactive and PR36881397009 all13/every stepSUCCESS. Canonicalaa2398020beeda5f7f9456aac346da57bd8b75212192123c943c35dfdc80f84c/PDF546915 unchanged. ADR0005 effective at accepted prerequisite. Evidence: spec/progress/evidence/LOOP1-CLIENT-ARCH-CLARIFICATION-001/2026-10-01-coordinator-resume/acceptance.md. Earlier pending paragraphs are historical; later administrative closure needs NEW independent Review/exactHEADCI before S2activation. No product/contract change; S1PASS/S2OPEN.
spec/architecture/baseline.md:51: trailing whitespace.
+
spec/architecture/baseline.md:52: trailing whitespace.
+## Current UI amendment candidate (2026-10-03)
spec/architecture/baseline.md:53: trailing whitespace.
+
spec/architecture/baseline.md:54: trailing whitespace.
+- ui_revision_type: `human_approved_client_ui_architecture`
spec/architecture/baseline.md:55: trailing whitespace.
+- ui_semantic_change: `true`
spec/architecture/baseline.md:56: trailing whitespace.
+- ui_revision_task_id: `LOOP1-CLIENT-UI-ARCH-001`
spec/architecture/baseline.md:57: trailing whitespace.
+- ui_revision_adr: `spec/architecture/decisions/ADR-0006-client-ui-architecture.md`
spec/architecture/baseline.md:58: trailing whitespace.
+- ui_approval_source: `spec/progress/evidence/LOOP1-CLIENT-UI-ARCH-001/human-request.txt`
spec/architecture/baseline.md:59: trailing whitespace.
+- ui_supplement_source: `spec/progress/evidence/LOOP1-CLIENT-UI-ARCH-001/human-supplement.txt`
spec/architecture/baseline.md:60: trailing whitespace.
+- ui_previous_sha256: `aa2398020beeda5f7f9456aac346da57bd8b75212192123c943c35dfdc80f84c`
spec/architecture/baseline.md:61: trailing whitespace.
+
spec/architecture/baseline.md:62: trailing whitespace.
+The base revision fields above preserve ADR-0005 technology provenance. The latest UI amendment is ADR-0006; current canonical hash is 11eb9ef46da3b35cebf348265e5d8da27175e69b8f29a0842af226a98fd60c9d. v1.1 remains unchanged; historical PDF and all previous accepted lineage remain immutable. This is a Human-approved candidate, NOT yet effective: fresh independent Review, exact-head hosted CI, integration/actual-main verification and protected synchronization are pending. S1 PASS/S2 OPEN; no GUI/product activation.
spec/architecture/frozen-architecture.md:1: trailing whitespace.
+# 面向十万级在线连接的可扩展分布式即时通信平台
spec/architecture/frozen-architecture.md:2: trailing whitespace.
+
spec/architecture/frozen-architecture.md:3: trailing whitespace.
+**架构基线 v1.1 · Frozen Architecture · Loop 1 执行版**
spec/architecture/frozen-architecture.md:4: trailing whitespace.
+
spec/architecture/frozen-architecture.md:5: trailing whitespace.
+**正式架构方案 · Loop 1 可执行基线 · AI Agent 工作手册**
spec/architecture/frozen-architecture.md:6: trailing whitespace.
+
spec/architecture/frozen-architecture.md:7: trailing whitespace.
+## 决策状态
spec/architecture/frozen-architecture.md:8: trailing whitespace.
+
spec/architecture/frozen-architecture.md:9: trailing whitespace.
+本文件把当前对话中已冻结的架构决策固化为唯一执行基线。新 Agent 可据此启动，但不得绕过 contracts/ 中的机器可验证公共契约，也不得把未来目标写成当前能力。
spec/architecture/frozen-architecture.md:10: trailing whitespace.
+
spec/architecture/frozen-architecture.md:11: trailing whitespace.
+| 文档属性 | 值 |
spec/architecture/frozen-architecture.md:12: trailing whitespace.
+| --- | --- |
spec/architecture/frozen-architecture.md:13: trailing whitespace.
+| 版本 | v1.1 |
spec/architecture/frozen-architecture.md:14: trailing whitespace.
+| 基线日期 | 2026-09-30（原始基线 2026-09-19） |
spec/architecture/frozen-architecture.md:15: trailing whitespace.
+| 执行周期 | Loop 1: 三个月 / 12 周预算窗口 |
spec/architecture/frozen-architecture.md:16: trailing whitespace.
+| 推进机制 | 里程碑门禁驱动；Gate 提前通过即可立即进入下一阶段 |
spec/architecture/frozen-architecture.md:17: trailing whitespace.
+| 当前容量验收 | 单机 8C / 16GB / 3TB；5000 authenticated WSS users |
spec/architecture/frozen-architecture.md:18: trailing whitespace.
+| 未来容量目标 | Loop 2: 双机十万认证连接、N+1、定向路由与高级分布式状态 |
spec/architecture/frozen-architecture.md:19: trailing whitespace.
+
spec/architecture/frozen-architecture.md:20: trailing whitespace.
+适用对象：架构负责人、实现 Agent、测试 Agent、Reviewer、CI/CD 维护者。
spec/architecture/frozen-architecture.md:21: trailing whitespace.
+规范性关键词：MUST / MUST NOT 表示不可违反；SHOULD 表示默认遵循；MAY 表示允许但非必需。
spec/architecture/frozen-architecture.md:22: trailing whitespace.
+
spec/architecture/frozen-architecture.md:23: trailing whitespace.
+## 目录
spec/architecture/frozen-architecture.md:24: trailing whitespace.
+
spec/architecture/frozen-architecture.md:25: trailing whitespace.
+现行章节及附录索引；原 PDF 页码仅用于历史来源定位，不限制现行规范的修订。v1.1 冲突消解依据 ADR-0003；历史格式迁移仍由 ADR-0002 记录。
spec/architecture/frozen-architecture.md:26: trailing whitespace.
+
spec/architecture/frozen-architecture.md:27: trailing whitespace.
+- [0. 执行摘要](#section-0) · 原 PDF 第 5 页
spec/architecture/frozen-architecture.md:28: trailing whitespace.
+- [1. 项目目标、成功定义与边界](#section-1) · 原 PDF 第 6 页
spec/architecture/frozen-architecture.md:29: trailing whitespace.
+  - [1.1 目标](#section-1-1) · 原 PDF 第 6 页
spec/architecture/frozen-architecture.md:30: trailing whitespace.
+  - [1.2 Loop 1 成功定义](#section-1-2) · 原 PDF 第 6 页
spec/architecture/frozen-architecture.md:31: trailing whitespace.
+  - [1.3 非目标与延后项](#section-1-3) · 原 PDF 第 6 页
spec/architecture/frozen-architecture.md:32: trailing whitespace.
+- [2. 冻结架构原则与变更治理](#section-2) · 原 PDF 第 7 页
spec/architecture/frozen-architecture.md:33: trailing whitespace.
+  - [2.1 Frozen Architecture 变更协议](#section-2-1) · 原 PDF 第 7 页
spec/architecture/frozen-architecture.md:34: trailing whitespace.
+  - [2.2 权威顺序](#section-2-2) · 原 PDF 第 7 页
spec/architecture/frozen-architecture.md:35: trailing whitespace.
+- [3. 系统总体架构与部署单元](#section-3) · 原 PDF 第 8 页
spec/architecture/frozen-architecture.md:36: trailing whitespace.
+  - [3.1 三个物理部署单元](#section-3-1) · 原 PDF 第 8 页
spec/architecture/frozen-architecture.md:37: trailing whitespace.
+  - [3.2 运行 profile](#section-3-2) · 原 PDF 第 8 页
spec/architecture/frozen-architecture.md:38: trailing whitespace.
+  - [3.3 Loop 1 单机部署](#section-3-3) · 原 PDF 第 8 页
spec/architecture/frozen-architecture.md:39: trailing whitespace.
+- [4. 领域模型与业务不变量](#section-4) · 原 PDF 第 9 页
spec/architecture/frozen-architecture.md:40: trailing whitespace.
+  - [4.1 账号与 Session](#section-4-1) · 原 PDF 第 9 页
spec/architecture/frozen-architecture.md:41: trailing whitespace.
+  - [4.2 好友与唯一私聊](#section-4-2) · 原 PDF 第 9 页
spec/architecture/frozen-architecture.md:42: trailing whitespace.
+  - [4.3 群聊最小实现](#section-4-3) · 原 PDF 第 9 页
spec/architecture/frozen-architecture.md:43: trailing whitespace.
+  - [4.4 消息身份与序号](#section-4-4) · 原 PDF 第 9 页
spec/architecture/frozen-architecture.md:44: trailing whitespace.
+- [5. 消息写入、Outbox 与实时 fan-out](#section-5) · 原 PDF 第 10 页
spec/architecture/frozen-architecture.md:45: trailing whitespace.
+  - [5.1 发送事务](#section-5-1) · 原 PDF 第 10 页
spec/architecture/frozen-architecture.md:46: trailing whitespace.
+  - [5.2 NATS 与 Gateway fan-out](#section-5-2) · 原 PDF 第 10 页
spec/architecture/frozen-architecture.md:47: trailing whitespace.
+  - [5.3 群聊 fan-out](#section-5-3) · 原 PDF 第 10 页
spec/architecture/frozen-architecture.md:48: trailing whitespace.
+- [6. 客户端状态、本地存储与离线同步](#section-6) · 原 PDF 第 11 页
spec/architecture/frozen-architecture.md:49: trailing whitespace.
+  - [6.1 三端差异](#section-6-1) · 原 PDF 第 11 页
spec/architecture/frozen-architecture.md:50: trailing whitespace.
+  - [6.2 Optimistic write 与状态机](#section-6-2) · 原 PDF 第 11 页
spec/architecture/frozen-architecture.md:51: trailing whitespace.
+  - [6.3 SQLite 事务不变量](#section-6-3) · 原 PDF 第 11 页
spec/architecture/frozen-architecture.md:52: trailing whitespace.
+  - [6.4 双层 Cursor](#section-6-4) · 原 PDF 第 11 页
spec/architecture/frozen-architecture.md:53: trailing whitespace.
+- [7. HTTPS/WSS/TLS 与认证协议](#section-7) · 原 PDF 第 12 页
spec/architecture/frozen-architecture.md:54: trailing whitespace.
+  - [7.1 登录与 Token](#section-7-1) · 原 PDF 第 12 页
spec/architecture/frozen-architecture.md:55: trailing whitespace.
+  - [7.2 WSS 状态机](#section-7-2) · 原 PDF 第 12 页
spec/architecture/frozen-architecture.md:56: trailing whitespace.
+  - [7.3 Session 缓存一致性](#section-7-3) · 原 PDF 第 12 页
spec/architecture/frozen-architecture.md:57: trailing whitespace.
+  - [7.4 传输与日志安全](#section-7-4) · 原 PDF 第 12 页
spec/architecture/frozen-architecture.md:58: trailing whitespace.
+- [8. 插件平台架构](#section-8) · 原 PDF 第 13 页
spec/architecture/frozen-architecture.md:59: trailing whitespace.
+  - [8.1 包结构与公共 API](#section-8-1) · 原 PDF 第 13 页
spec/architecture/frozen-architecture.md:60: trailing whitespace.
+  - [8.2 Custom Render Bundle](#section-8-2) · 原 PDF 第 13 页
spec/architecture/frozen-architecture.md:61: trailing whitespace.
+  - [8.3 WASM 后端 Sandbox](#section-8-3) · 原 PDF 第 13 页
spec/architecture/frozen-architecture.md:62: trailing whitespace.
+- [9. 插件版本、热插拔与回滚](#section-9) · 原 PDF 第 14 页
spec/architecture/frozen-architecture.md:63: trailing whitespace.
+  - [9.1 安装](#section-9-1) · 原 PDF 第 14 页
spec/architecture/frozen-architecture.md:64: trailing whitespace.
+  - [9.2 升级与双版本共存](#section-9-2) · 原 PDF 第 14 页
spec/architecture/frozen-architecture.md:65: trailing whitespace.
+  - [9.3 Disable / Uninstall / Purge](#section-9-3) · 原 PDF 第 14 页
spec/architecture/frozen-architecture.md:66: trailing whitespace.
+  - [9.4 官方兼容 fixtures](#section-9-4) · 原 PDF 第 14 页
spec/architecture/frozen-architecture.md:67: trailing whitespace.
+- [10. Monorepo 与规范控制面](#section-10) · 原 PDF 第 15 页
spec/architecture/frozen-architecture.md:68: trailing whitespace.
+  - [10.1 spec/ 各目录的职责](#section-10-1) · 原 PDF 第 15 页
spec/architecture/frozen-architecture.md:69: trailing whitespace.
+- [11. 公共契约与双后端实现](#section-11) · 原 PDF 第 16 页
spec/architecture/frozen-architecture.md:70: trailing whitespace.
+  - [11.1 唯一权威](#section-11-1) · 原 PDF 第 16 页
spec/architecture/frozen-architecture.md:71: trailing whitespace.
+  - [11.2 等价而非同构](#section-11-2) · 原 PDF 第 16 页
spec/architecture/frozen-architecture.md:72: trailing whitespace.
+  - [11.3 Golden Contract Tests](#section-11-3) · 原 PDF 第 16 页
spec/architecture/frozen-architecture.md:73: trailing whitespace.
+  - [11.4 数据库迁移](#section-11-4) · 原 PDF 第 16 页
spec/architecture/frozen-architecture.md:74: trailing whitespace.
+- [12. AI Development Loop](#section-12) · 原 PDF 第 17 页
spec/architecture/frozen-architecture.md:75: trailing whitespace.
+  - [12.1 Task Spec 模板](#section-12-1) · 原 PDF 第 17 页
spec/architecture/frozen-architecture.md:76: trailing whitespace.
+  - [12.2 状态队列](#section-12-2) · 原 PDF 第 17 页
spec/architecture/frozen-architecture.md:77: trailing whitespace.
+  - [12.3 Git 工作模式](#section-12-3) · 原 PDF 第 17 页
spec/architecture/frozen-architecture.md:78: trailing whitespace.
+- [13. Agent 启动与交接协议](#section-13) · 原 PDF 第 18 页
spec/architecture/frozen-architecture.md:79: trailing whitespace.
+  - [13.1 强制读取顺序](#section-13-1) · 原 PDF 第 18 页
spec/architecture/frozen-architecture.md:80: trailing whitespace.
+  - [13.2 Handoff 必填项](#section-13-2) · 原 PDF 第 18 页
spec/architecture/frozen-architecture.md:81: trailing whitespace.
+  - [13.3 Checkpoint 规则](#section-13-3) · 原 PDF 第 18 页
spec/architecture/frozen-architecture.md:82: trailing whitespace.
+- [14. CI/CD 独立校验架构](#section-14) · 原 PDF 第 19 页
spec/architecture/frozen-architecture.md:83: trailing whitespace.
+  - [14.1 路径感知规则](#section-14-1) · 原 PDF 第 19 页
spec/architecture/frozen-architecture.md:84: trailing whitespace.
+  - [14.2 流水线层次](#section-14-2) · 原 PDF 第 19 页
spec/architecture/frozen-architecture.md:85: trailing whitespace.
+  - [14.3 兼容矩阵](#section-14-3) · 原 PDF 第 19 页
spec/architecture/frozen-architecture.md:86: trailing whitespace.
+  - [14.4 CI 与 Agent 的信任边界](#section-14-4) · 原 PDF 第 19 页
spec/architecture/frozen-architecture.md:87: trailing whitespace.
+- [15. Loop 1: 12 周预算、里程碑门禁驱动](#section-15) · 原 PDF 第 20 页
spec/architecture/frozen-architecture.md:88: trailing whitespace.
+- [16. Loop 1 性能与可靠性验收](#section-16) · 原 PDF 第 21 页
spec/architecture/frozen-architecture.md:89: trailing whitespace.
+  - [16.1 固定环境与连接定义](#section-16-1) · 原 PDF 第 21 页
spec/architecture/frozen-architecture.md:90: trailing whitespace.
+  - [16.2 必测场景](#section-16-2) · 原 PDF 第 21 页
spec/architecture/frozen-architecture.md:91: trailing whitespace.
+  - [16.3 观测指标](#section-16-3) · 原 PDF 第 21 页
spec/architecture/frozen-architecture.md:92: trailing whitespace.
+  - [16.4 Gate 判定](#section-16-4) · 原 PDF 第 21 页
spec/architecture/frozen-architecture.md:93: trailing whitespace.
+- [17. Release、迁移与回滚规则](#section-17) · 原 PDF 第 22 页
spec/architecture/frozen-architecture.md:94: trailing whitespace.
+  - [17.1 Release Manifest](#section-17-1) · 原 PDF 第 22 页
spec/architecture/frozen-architecture.md:95: trailing whitespace.
+  - [17.2 发布规则](#section-17-2) · 原 PDF 第 22 页
spec/architecture/frozen-architecture.md:96: trailing whitespace.
+  - [17.3 数据库迁移](#section-17-3) · 原 PDF 第 22 页
spec/architecture/frozen-architecture.md:97: trailing whitespace.
+  - [17.4 回滚](#section-17-4) · 原 PDF 第 22 页
spec/architecture/frozen-architecture.md:98: trailing whitespace.
+  - [17.5 发布失败判定](#section-17-5) · 原 PDF 第 22 页
spec/architecture/frozen-architecture.md:99: trailing whitespace.
+- [18. 可观测性、安全与运维基线](#section-18) · 原 PDF 第 23 页
spec/architecture/frozen-architecture.md:100: trailing whitespace.
+  - [18.1 关联标识](#section-18-1) · 原 PDF 第 23 页
spec/architecture/frozen-architecture.md:101: trailing whitespace.
+  - [18.2 健康与就绪](#section-18-2) · 原 PDF 第 23 页
spec/architecture/frozen-architecture.md:102: trailing whitespace.
+  - [18.3 安全清单](#section-18-3) · 原 PDF 第 23 页
spec/architecture/frozen-architecture.md:103: trailing whitespace.
+  - [18.4 告警优先级](#section-18-4) · 原 PDF 第 23 页
spec/architecture/frozen-architecture.md:104: trailing whitespace.
+- [19. 第一批 Agent 可执行任务](#section-19) · 原 PDF 第 24 页
spec/architecture/frozen-architecture.md:105: trailing whitespace.
+- [20. 后续任务队列与依赖](#section-20) · 原 PDF 第 25 页
spec/architecture/frozen-architecture.md:106: trailing whitespace.
+  - [20.1 依赖纪律](#section-20-1) · 原 PDF 第 25 页
spec/architecture/frozen-architecture.md:107: trailing whitespace.
+- [21. Agent 首日执行清单](#section-21) · 原 PDF 第 26 页
spec/architecture/frozen-architecture.md:108: trailing whitespace.
+  - [21.1 第 0-2 小时](#section-21-1) · 原 PDF 第 26 页
spec/architecture/frozen-architecture.md:109: trailing whitespace.
+  - [21.2 第一个实现回合](#section-21-2) · 原 PDF 第 26 页
spec/architecture/frozen-architecture.md:110: trailing whitespace.
+  - [21.3 Agent 的停止条件](#section-21-3) · 原 PDF 第 26 页
spec/architecture/frozen-architecture.md:111: trailing whitespace.
+- [附录 A. Gate Checklist](#appendix-a) · 原 PDF 第 27 页
spec/architecture/frozen-architecture.md:112: trailing whitespace.
+- [附录 B. 冻结不变量速查](#appendix-b) · 原 PDF 第 28 页
spec/architecture/frozen-architecture.md:113: trailing whitespace.
+
spec/architecture/frozen-architecture.md:114: trailing whitespace.
+<a id="section-0"></a>
spec/architecture/frozen-architecture.md:115: trailing whitespace.
+## 0. 执行摘要
spec/architecture/frozen-architecture.md:116: trailing whitespace.
+
spec/architecture/frozen-architecture.md:117: trailing whitespace.
+本项目构建一个前后端分离、多端、多实现、插件一等公民的分布式即时通信平台。题目中的“十万级”描述平台的扩展方向，不等于 Loop 1 已验收十万连接。Loop 1 先用单机 8C/16GB/3TB 完成 5000 个真实认证 WSS 用户的正确性与容量基线；通过后，双机十万连接正式验收延后至 Loop 2。
spec/architecture/frozen-architecture.md:118: trailing whitespace.
+
spec/architecture/frozen-architecture.md:119: trailing whitespace.
+```mermaid
spec/architecture/frozen-architecture.md:120: trailing whitespace.
+flowchart LR
spec/architecture/frozen-architecture.md:121: trailing whitespace.
+  Web["Web<br/>临时内存态"]
spec/architecture/frozen-architecture.md:122: trailing whitespace.
+  Desktop["Desktop<br/>SQLite"]
spec/architecture/frozen-architecture.md:123: trailing whitespace.
+  Mobile["Mobile<br/>SQLite"]
spec/architecture/frozen-architecture.md:124: trailing whitespace.
+  UI["Plugin UI Host<br/>声明式 UI + Render Bundle"]
spec/architecture/frozen-architecture.md:125: trailing whitespace.
+  Gateway["TLS Proxy / Gateway<br/>HTTPS + WSS"]
spec/architecture/frozen-architecture.md:126: trailing whitespace.
+  Core["Core 模块化单体<br/>Auth / IM / Sync"]
spec/architecture/frozen-architecture.md:127: trailing whitespace.
+  Plugin["Plugin Host<br/>WASM Sandbox"]
spec/architecture/frozen-architecture.md:128: trailing whitespace.
+  PG["PostgreSQL<br/>事实来源 + Outbox"]
spec/architecture/frozen-architecture.md:129: trailing whitespace.
+  NATS["NATS<br/>实时事件总线"]
spec/architecture/frozen-architecture.md:130: trailing whitespace.
+  Web --> Gateway
spec/architecture/frozen-architecture.md:131: trailing whitespace.
+  Desktop --> Gateway
spec/architecture/frozen-architecture.md:132: trailing whitespace.
+  Mobile --> Gateway
spec/architecture/frozen-architecture.md:133: trailing whitespace.
+  UI --> Gateway
spec/architecture/frozen-architecture.md:134: trailing whitespace.
+  Gateway --> Core
spec/architecture/frozen-architecture.md:135: trailing whitespace.
+  Core --> Plugin
spec/architecture/frozen-architecture.md:136: trailing whitespace.
+  Core --> PG
spec/architecture/frozen-architecture.md:137: trailing whitespace.
+  Core --> NATS
spec/architecture/frozen-architecture.md:138: trailing whitespace.
+  NATS --> Gateway
spec/architecture/frozen-architecture.md:139: trailing whitespace.
+```
spec/architecture/frozen-architecture.md:140: trailing whitespace.
+
spec/architecture/frozen-architecture.md:141: trailing whitespace.
+> 图 0-1 总体逻辑架构：PostgreSQL 是事实来源，NATS 是实时通知总线；Gateway 只承担接入与 fan-out。
spec/architecture/frozen-architecture.md:142: trailing whitespace.
+
spec/architecture/frozen-architecture.md:143: trailing whitespace.
+> 实时路径为 Core 的 Outbox dispatcher → NATS → Gateway；PostgreSQL 写入由 Core 事务负责。历史 PDF 的 NATS → PostgreSQL 箭头只保留在历史来源中，不代表现行运行依赖。
spec/architecture/frozen-architecture.md:144: trailing whitespace.
+
spec/architecture/frozen-architecture.md:145: trailing whitespace.
+#### 四条总纲
spec/architecture/frozen-architecture.md:146: trailing whitespace.
+
spec/architecture/frozen-architecture.md:147: trailing whitespace.
+1. contracts/ 是机器可验证公共契约的唯一来源；总体权威顺序见 §2.2，Go 与 Java/Spring 是独立实现；
spec/architecture/frozen-architecture.md:148: trailing whitespace.
+2. 消息可靠性来自 PostgreSQL + Outbox + Sync，不来自 NATS；
spec/architecture/frozen-architecture.md:149: trailing whitespace.
+3. Agent 可改代码但无权自行宣布正确，CI 是独立事实裁判；
spec/architecture/frozen-architecture.md:150: trailing whitespace.
+4. 未经架构决策流程，任何 Agent 不得修改 frozen architecture。
spec/architecture/frozen-architecture.md:151: trailing whitespace.
+
spec/architecture/frozen-architecture.md:152: trailing whitespace.
+| 维度 | Loop 1 必须完成 | 明确不进入 Loop 1 |
spec/architecture/frozen-architecture.md:153: trailing whitespace.
+| --- | --- | --- |
spec/architecture/frozen-architecture.md:154: trailing whitespace.
+| 业务 | 账号、搜索、最小好友、唯一私聊、最小群聊、纯文本、插件消息 | 音视频、文件、朋友圈、超级群、陌生人拉群 |
spec/architecture/frozen-architecture.md:155: trailing whitespace.
+| 客户端 | Web 临时态；Desktop/Mobile SQLite、离线历史、optimistic write | Web 本地历史数据库；离线创建需要服务端确认的业务操作 |
spec/architecture/frozen-architecture.md:156: trailing whitespace.
+| 后端 | Go 与 Java/Spring 两套独立 profile，行为等价 | Go/Java 混合集群生产流量 |
spec/architecture/frozen-architecture.md:157: trailing whitespace.
+| 容量 | 单机 5000 authenticated WSS users | 双机 100000 正式验收、N+1 满负载 |
spec/architecture/frozen-architecture.md:158: trailing whitespace.
+| 基础设施 | PostgreSQL、Core NATS、TLS Proxy、Docker Compose | 为“看起来分布式”而预先加入 Redis/Kafka/分库分表 |
spec/architecture/frozen-architecture.md:159: trailing whitespace.
+
spec/architecture/frozen-architecture.md:160: trailing whitespace.
+<a id="section-1"></a>
spec/architecture/frozen-architecture.md:161: trailing whitespace.
+## 1. 项目目标、成功定义与边界
spec/architecture/frozen-architecture.md:162: trailing whitespace.
+
spec/architecture/frozen-architecture.md:163: trailing whitespace.
+<a id="section-1-1"></a>
spec/architecture/frozen-architecture.md:164: trailing whitespace.
+### 1.1 目标
spec/architecture/frozen-architecture.md:165: trailing whitespace.
+
spec/architecture/frozen-architecture.md:166: trailing whitespace.
+- 以 HTTPS/WSS/TLS 提供真实认证、多端同步的即时通信纵向闭环。
spec/architecture/frozen-architecture.md:167: trailing whitespace.
+
spec/architecture/frozen-architecture.md:168: trailing whitespace.
+- 用同一套公共契约证明 Go 与 Java/Spring 两套独立后端可替换，客户端无需改动。
spec/architecture/frozen-architecture.md:169: trailing whitespace.
+
spec/architecture/frozen-architecture.md:170: trailing whitespace.
+- 把插件平台作为一等公民：WASM 后端 sandbox + 全客户端 UI Extension + 经审查的 Custom Render Bundle。
spec/architecture/frozen-architecture.md:171: trailing whitespace.
+
spec/architecture/frozen-architecture.md:172: trailing whitespace.
+- 建立 AI 全流程自动化开发的控制面，使新 Agent 只通过 spec + contracts + progress + tasks 即可恢复工作。
spec/architecture/frozen-architecture.md:173: trailing whitespace.
+
spec/architecture/frozen-architecture.md:174: trailing whitespace.
+- 以门禁和自动化证据驱动进度；12 周是预算，不是等待日历。
spec/architecture/frozen-architecture.md:175: trailing whitespace.
+
spec/architecture/frozen-architecture.md:176: trailing whitespace.
+<a id="section-1-2"></a>
spec/architecture/frozen-architecture.md:177: trailing whitespace.
+### 1.2 Loop 1 成功定义
spec/architecture/frozen-architecture.md:178: trailing whitespace.
+
spec/architecture/frozen-architecture.md:179: trailing whitespace.
+| 验收域 | 不可省略的证据 |
spec/architecture/frozen-architecture.md:180: trailing whitespace.
+| --- | --- |
spec/architecture/frozen-architecture.md:181: trailing whitespace.
+| 业务 E2E | 注册/登录 -> 搜索 -> 添加好友 -> 自动出现唯一私聊 -> 文本消息 -> 从好友列表创建群聊 -> 群消息 -> 安装/使用插件 |
spec/architecture/frozen-architecture.md:182: trailing whitespace.
+| 消息正确性 | ACK 仅在 durable commit 后；同一 request_id 重试不产生重复逻辑消息；离线恢复无永久 gap |
spec/architecture/frozen-architecture.md:183: trailing whitespace.
+| 客户端 | Desktop/Mobile SQLite 事务 UPSERT；SENDING/SENT/FAILED；Web 不保存历史 |
spec/architecture/frozen-architecture.md:184: trailing whitespace.
+| 实现等价 | Go profile 与 Java profile 分别通过同一 Golden Contract Tests；客户端不改代码 |
spec/architecture/frozen-architecture.md:185: trailing whitespace.
+| 工程体系 | path-aware CI、兼容矩阵、迁移测试、插件 fixture、Release Manifest、rollback rehearsal |
spec/architecture/frozen-architecture.md:186: trailing whitespace.
+| 容量 | 单机 8C/16GB/3TB，5000 个已完成 TLS/WSS/auth.bind/session validation 的在线用户 |
spec/architecture/frozen-architecture.md:187: trailing whitespace.
+
spec/architecture/frozen-architecture.md:188: trailing whitespace.
+<a id="section-1-3"></a>
spec/architecture/frozen-architecture.md:189: trailing whitespace.
+### 1.3 非目标与延后项
spec/architecture/frozen-architecture.md:190: trailing whitespace.
+
spec/architecture/frozen-architecture.md:191: trailing whitespace.
+#### Loop 2 范围
spec/architecture/frozen-architecture.md:192: trailing whitespace.
+
spec/architecture/frozen-architecture.md:193: trailing whitespace.
+双机正式部署与十万 authenticated WSS connections；N+1 failover；Gateway targeted routing；更高级的分布式Session/Presence；超级群；进一步水平扩展。Loop 1 文档与代码可以预留扩展点，但不得以此扩大当前实现范围。
spec/architecture/frozen-architecture.md:194: trailing whitespace.
+
spec/architecture/frozen-architecture.md:195: trailing whitespace.
+Loop 1 不把 Redis、Kafka、分库分表、自动数据库切主视为必选项。只有基于压测、故障证据和新 ADR 才能引入。两节点环境不具备安全自动 quorum failover 条件；生产级自动切主须等待第三方 witness 或更多节点。
spec/architecture/frozen-architecture.md:196: trailing whitespace.
+
spec/architecture/frozen-architecture.md:197: trailing whitespace.
+<a id="section-2"></a>
spec/architecture/frozen-architecture.md:198: trailing whitespace.
+## 2. 冻结架构原则与变更治理
spec/architecture/frozen-architecture.md:199: trailing whitespace.
+
spec/architecture/frozen-architecture.md:200: trailing whitespace.
+| ID | 冻结决策 | 强制约束 |
spec/architecture/frozen-architecture.md:201: trailing whitespace.
+| --- | --- | --- |
spec/architecture/frozen-architecture.md:202: trailing whitespace.
+| F-01 | 公共契约唯一权威 | HTTPS、WSS、错误码、领域语义、Sync、Plugin API 先定义，两个后端不得各自发明 |
spec/architecture/frozen-architecture.md:203: trailing whitespace.
+| F-02 | 双后端独立实现 | 100% Go profile 或 100% Java/Spring profile；Loop 1 不混跑 |
spec/architecture/frozen-architecture.md:204: trailing whitespace.
+| F-03 | PostgreSQL 是事实来源 | 消息、会话、Session、插件状态持久化；NATS 丢事件不能造成永久数据缺失 |
spec/architecture/frozen-architecture.md:205: trailing whitespace.
+| F-04 | Transactional Outbox | message 与 outbox 同一事务；ACK 表示 durable commit |
spec/architecture/frozen-architecture.md:206: trailing whitespace.
+| F-05 | Gateway 轻业务 | 接入、鉴权绑定、连接注册、限流、协议路由、local fan-out；业务规则在 Core |
spec/architecture/frozen-architecture.md:207: trailing whitespace.
+| F-06 | 双层同步游标 | 用户低频状态用 user_sync_cursor；消息用 conversation seq + contiguous_seq |
spec/architecture/frozen-architecture.md:208: trailing whitespace.
+| F-07 | 客户端差异 | Web memory only；Desktop/Mobile SQLite materialized view |
spec/architecture/frozen-architecture.md:209: trailing whitespace.
+| F-08 | 插件最小权限 | 所有能力经 capability/permission；Render Bundle 审查 + sandbox；不可直接触达宿主敏感资源 |
spec/architecture/frozen-architecture.md:210: trailing whitespace.
+| F-09 | 门禁驱动 | Gate PASS 立即前进；Gate FAIL 必须留在阶段修复 |
spec/architecture/frozen-architecture.md:211: trailing whitespace.
+| F-10 | CI 独立裁判 | Agent 的自检不是验收；合并与发布只依据独立流水线证据 |
spec/architecture/frozen-architecture.md:212: trailing whitespace.
+
spec/architecture/frozen-architecture.md:213: trailing whitespace.
+<a id="section-2-1"></a>
spec/architecture/frozen-architecture.md:214: trailing whitespace.
+### 2.1 Frozen Architecture 变更协议
spec/architecture/frozen-architecture.md:215: trailing whitespace.
+
spec/architecture/frozen-architecture.md:216: trailing whitespace.
+- 禁止：未经明确批准直接修改 frozen spec / contracts / DB invariants / plugin security boundary
spec/architecture/frozen-architecture.md:217: trailing whitespace.
+- 允许：创建 Architecture Change Proposal (ACP) 或 ADR 草案
spec/architecture/frozen-architecture.md:218: trailing whitespace.
+- 流程：提出动机 -> 影响分析 -> 兼容/迁移/回滚方案 -> 架构负责人批准 -> 修订现行正文及基线 -> 按影响更新契约（仅在授权改变契约时）与执行约束 -> 独立 Review 与适用 CI -> 实施迁移并验证。不得以尚待迁移实现违反新规则为由永久豁免；规则交付和产品最终合规分别验收。
spec/architecture/frozen-architecture.md:219: trailing whitespace.
+
spec/architecture/frozen-architecture.md:220: trailing whitespace.
+Agent 遇到与 frozen architecture 冲突的任务时必须停止该冲突部分，在任务记录中标记 BLOCKED_BY_ARCHITECTURE，并提出最小决策问题。不得用“实现方便”作为静默改变协议、唯一约束、ACK 语义或安全边界的理由。
spec/architecture/frozen-architecture.md:221: trailing whitespace.
+
spec/architecture/frozen-architecture.md:222: trailing whitespace.
+<a id="section-2-2"></a>
spec/architecture/frozen-architecture.md:223: trailing whitespace.
+### 2.2 权威顺序
spec/architecture/frozen-architecture.md:224: trailing whitespace.
+
spec/architecture/frozen-architecture.md:225: trailing whitespace.
+1. 本 Frozen Architecture（由 spec/architecture/README.md 与 baseline.md 解析）及 spec/architecture/decisions/ 的已批准 ADR / frozen decision。ADR 记录动机、批准来源和迁移；批准的现行规则必须落实到正文。同等权威存在无法消解的实质冲突时停止冲突部分并提出最小决策问题。
spec/architecture/frozen-architecture.md:226: trailing whitespace.
+
spec/architecture/frozen-architecture.md:227: trailing whitespace.
+2. contracts/ (机器可验证的公共契约)
spec/architecture/frozen-architecture.md:228: trailing whitespace.
+
spec/architecture/frozen-architecture.md:229: trailing whitespace.
+3. spec/domain/ + spec/invariants/
spec/architecture/frozen-architecture.md:230: trailing whitespace.
+
spec/architecture/frozen-architecture.md:231: trailing whitespace.
+4. spec/acceptance/ (Gate 与验收证据)
spec/architecture/frozen-architecture.md:232: trailing whitespace.
+
spec/architecture/frozen-architecture.md:233: trailing whitespace.
+5. spec/tasks/ (任务局部范围)
spec/architecture/frozen-architecture.md:234: trailing whitespace.
+
spec/architecture/frozen-architecture.md:235: trailing whitespace.
+6. implementation (不得反向定义契约)
spec/architecture/frozen-architecture.md:236: trailing whitespace.
+
spec/architecture/frozen-architecture.md:237: trailing whitespace.
+### 2.3 Agent 技术选型权限（所有任务适用）
spec/architecture/frozen-architecture.md:238: trailing whitespace.
+
spec/architecture/frozen-architecture.md:239: trailing whitespace.
+Agent 没有未授权技术选型权。编程语言、UI/application/client/cross-platform framework、runtime、database/local database、ORM、network framework、IPC/RPC、state management framework、plugin runtime、serialization framework、message queue、cache、storage engine、native bridge、authentication framework、major infrastructure dependency，以及形成长期架构耦合的核心第三方库，都必须具有现行 Frozen Architecture、approved ADR、contracts 或明确 Human 架构决定的充分授权。
spec/architecture/frozen-architecture.md:240: trailing whitespace.
+
spec/architecture/frozen-architecture.md:241: trailing whitespace.
+答案不明确时唯一合法顺序是：停止受影响实现 → 标记 BLOCKED_BY_ARCHITECTURE → 最小决策问题与影响范围 → Architect / Human 明确决定 → 写入 Frozen Architecture / approved ADR → 必要 machine guard → 新独立 Review + applicable 精确候选 hosted CI → 决定正式生效 → 产品实现。可继续不依赖该决定的已批准工作。禁止先实现、测试通过后再修改架构追认。
spec/architecture/frozen-architecture.md:242: trailing whitespace.
+
spec/architecture/frozen-architecture.md:243: trailing whitespace.
+“熟悉、已安装、方便、流行、代码少、以前失败实现用过、Task Spec 未禁止、allowed_paths 允许、CI PASS”都不能授权；未禁止 ≠ 已批准。chat、handoff、task notes、current.md、implementation README、source comments 不能代替权威层。Task Spec 只能收窄范围、指定已授权细节/测试/路径，不能自行创造技术栈、框架、runtime、数据库、跨平台策略、服务边界或协议。Reviewer 必须逐项回答新的敏感选型来自哪个已接受权威条款/ADR；无法追溯则 Review FAIL。机器检查只补充语义 Review；执行规约见 spec/governance/technology-selection.md。
spec/architecture/frozen-architecture.md:244: trailing whitespace.
+
spec/architecture/frozen-architecture.md:245: trailing whitespace.
+<a id="section-3"></a>
spec/architecture/frozen-architecture.md:246: trailing whitespace.
+## 3. 系统总体架构与部署单元
spec/architecture/frozen-architecture.md:247: trailing whitespace.
+
spec/architecture/frozen-architecture.md:248: trailing whitespace.
+```mermaid
spec/architecture/frozen-architecture.md:249: trailing whitespace.
+flowchart LR
spec/architecture/frozen-architecture.md:250: trailing whitespace.
+  Web["Web<br/>临时内存态"]
spec/architecture/frozen-architecture.md:251: trailing whitespace.
+  Desktop["Desktop<br/>SQLite"]
spec/architecture/frozen-architecture.md:252: trailing whitespace.
+  Mobile["Mobile<br/>SQLite"]
spec/architecture/frozen-architecture.md:253: trailing whitespace.
+  UI["Plugin UI Host<br/>声明式 UI + Render Bundle"]
spec/architecture/frozen-architecture.md:254: trailing whitespace.
+  Gateway["TLS Proxy / Gateway<br/>HTTPS + WSS"]
spec/architecture/frozen-architecture.md:255: trailing whitespace.
+  Core["Core 模块化单体<br/>Auth / IM / Sync"]
spec/architecture/frozen-architecture.md:256: trailing whitespace.
+  Plugin["Plugin Host<br/>WASM Sandbox"]
spec/architecture/frozen-architecture.md:257: trailing whitespace.
+  PG["PostgreSQL<br/>事实来源 + Outbox"]
spec/architecture/frozen-architecture.md:258: trailing whitespace.
+  NATS["NATS<br/>实时事件总线"]
spec/architecture/frozen-architecture.md:259: trailing whitespace.
+  Web --> Gateway
spec/architecture/frozen-architecture.md:260: trailing whitespace.
+  Desktop --> Gateway
spec/architecture/frozen-architecture.md:261: trailing whitespace.
+  Mobile --> Gateway
spec/architecture/frozen-architecture.md:262: trailing whitespace.
+  UI --> Gateway
spec/architecture/frozen-architecture.md:263: trailing whitespace.
+  Gateway --> Core
spec/architecture/frozen-architecture.md:264: trailing whitespace.
+  Core --> Plugin
spec/architecture/frozen-architecture.md:265: trailing whitespace.
+  Core --> PG
spec/architecture/frozen-architecture.md:266: trailing whitespace.
+  Core --> NATS
spec/architecture/frozen-architecture.md:267: trailing whitespace.
+  NATS --> Gateway
spec/architecture/frozen-architecture.md:268: trailing whitespace.
+```
spec/architecture/frozen-architecture.md:269: trailing whitespace.
+
spec/architecture/frozen-architecture.md:270: trailing whitespace.
+> 图 3-1 逻辑组件图。
spec/architecture/frozen-architecture.md:271: trailing whitespace.
+
spec/architecture/frozen-architecture.md:272: trailing whitespace.
+> 实时路径为 Core 的 Outbox dispatcher → NATS → Gateway；PostgreSQL 写入由 Core 事务负责。历史 PDF 的 NATS → PostgreSQL 箭头只保留在历史来源中，不代表现行运行依赖。
spec/architecture/frozen-architecture.md:273: trailing whitespace.
+
spec/architecture/frozen-architecture.md:274: trailing whitespace.
+<a id="section-3-1"></a>
spec/architecture/frozen-architecture.md:275: trailing whitespace.
+### 3.1 三个物理部署单元
spec/architecture/frozen-architecture.md:276: trailing whitespace.
+
spec/architecture/frozen-architecture.md:277: trailing whitespace.
+| 部署单元 | 职责 | 明确不负责 |
spec/architecture/frozen-architecture.md:278: trailing whitespace.
+| --- | --- | --- |
spec/architecture/frozen-architecture.md:279: trailing whitespace.
+| gateway | TLS 之后的 WSS 生命周期、auth.bind、session/cache 校验、connection registry、协议路由、local fan-out、heartbeat/限流 | 好友/群成员规则、消息持久化、插件业务逻辑 |
spec/architecture/frozen-architecture.md:280: trailing whitespace.
+| core | Auth、Session、User、Friendship、Conversation、Message、Sync、Outbox；模块化单体 | 不可信插件执行；大量 socket 连接状态 |
spec/architecture/frozen-architecture.md:281: trailing whitespace.
+| plugin-host | WASM runtime、事件分派、经授权的 Query/Action Host bridge、资源限制、熔断、编译缓存 | 不可信 WASM 直接访问数据库/文件/任意网络；绕过 Core 业务授权；成为 IM 主链单点 |
spec/architecture/frozen-architecture.md:282: trailing whitespace.
+
spec/architecture/frozen-architecture.md:283: trailing whitespace.
+<a id="section-3-2"></a>
spec/architecture/frozen-architecture.md:284: trailing whitespace.
+### 3.2 运行 profile
spec/architecture/frozen-architecture.md:285: trailing whitespace.
+
spec/architecture/frozen-architecture.md:286: trailing whitespace.
+```text
spec/architecture/frozen-architecture.md:287: trailing whitespace.
+docker compose --profile go up
spec/architecture/frozen-architecture.md:288: trailing whitespace.
+# gateway-go + core-go + plugin-host-go adapter + shared PostgreSQL/NATS/TLS
spec/architecture/frozen-architecture.md:289: trailing whitespace.
+docker compose --profile java up
spec/architecture/frozen-architecture.md:290: trailing whitespace.
+# gateway-java + core-java + plugin-host adapter + same canonical schema/contracts
spec/architecture/frozen-architecture.md:291: trailing whitespace.
+```
spec/architecture/frozen-architecture.md:292: trailing whitespace.
+
spec/architecture/frozen-architecture.md:293: trailing whitespace.
+profile 的目标是行为可替换；服务内部源码结构可以不同，但 §3 职责、§10 服务源码归属和依赖方向共同约束两个后端。Go 与 Java 可使用各自惯用的框架和组织方式，但必须共享：公共契约、数据库迁移语义、错误码、测试向量、插件 API、Release Manifest 格式。
spec/architecture/frozen-architecture.md:294: trailing whitespace.
+
spec/architecture/frozen-architecture.md:295: trailing whitespace.
+Go/Java 可采用不同内部组织方式，但所有新增框架、ORM、runtime、核心依赖必须先遵守 §2.3；结构自由不是技术选型授权。
spec/architecture/frozen-architecture.md:296: trailing whitespace.
+
spec/architecture/frozen-architecture.md:297: trailing whitespace.
+<a id="section-3-3"></a>
spec/architecture/frozen-architecture.md:298: trailing whitespace.
+### 3.3 Loop 1 单机部署
spec/architecture/frozen-architecture.md:299: trailing whitespace.
+
spec/architecture/frozen-architecture.md:300: trailing whitespace.
+| 层 | Loop 1 单机部署规则 |
spec/architecture/frozen-architecture.md:301: trailing whitespace.
+| --- | --- |
spec/architecture/frozen-architecture.md:302: trailing whitespace.
+| 入口 | TLS reverse proxy 暴露 HTTPS/WSS；部署 smoke、E2E、容量与发布验收流量经过真实入口。单元和隔离集成测试可直接访问被测组件，但不得替代入口验收 |
spec/architecture/frozen-architecture.md:303: trailing whitespace.
+| 服务 | 仅启动一个后端 profile；gateway/core/plugin-host 为可独立启动的部署角色。可复用一个构建制品按角色启动；不强制三个 module 或三个 binary，禁止把源码职责混为一个业务包 |
spec/architecture/frozen-architecture.md:304: trailing whitespace.
+| 数据 | PostgreSQL 单实例；所有 migration 有 forward/rollback 规则 |
spec/architecture/frozen-architecture.md:305: trailing whitespace.
+| 事件 | Core NATS，默认非事实来源；Outbox dispatcher 可重放 |
spec/architecture/frozen-architecture.md:306: trailing whitespace.
+| 存储 | 3TB 是机器容量约束，不代表测试必须填满；记录实际占用与增长 |
spec/architecture/frozen-architecture.md:307: trailing whitespace.
+
spec/architecture/frozen-architecture.md:308: trailing whitespace.
+<a id="section-4"></a>
spec/architecture/frozen-architecture.md:309: trailing whitespace.
+## 4. 领域模型与业务不变量
spec/architecture/frozen-architecture.md:310: trailing whitespace.
+
spec/architecture/frozen-architecture.md:311: trailing whitespace.
+```mermaid
spec/architecture/frozen-architecture.md:312: trailing whitespace.
+flowchart LR
spec/architecture/frozen-architecture.md:313: trailing whitespace.
+  User["User<br/>user_id<br/>username / display_name"]
spec/architecture/frozen-architecture.md:314: trailing whitespace.
+  Session["Session<br/>client_type / epoch<br/>ACTIVE / REVOKED"]
spec/architecture/frozen-architecture.md:315: trailing whitespace.
+  Friendship["Friendship<br/>low_user / high_user<br/>UNIQUE pair"]
spec/architecture/frozen-architecture.md:316: trailing whitespace.
+  Conversation["Conversation<br/>DIRECT / GROUP<br/>seq allocator"]
spec/architecture/frozen-architecture.md:317: trailing whitespace.
+  Member["ConversationMember<br/>role / joined_at"]
spec/architecture/frozen-architecture.md:318: trailing whitespace.
+  Message["Message<br/>request_id / seq<br/>TEXT / PLUGIN"]
spec/architecture/frozen-architecture.md:319: trailing whitespace.
+  Instance["PluginInstance<br/>active / desired status"]
spec/architecture/frozen-architecture.md:320: trailing whitespace.
+  Artifact["PluginArtifact<br/>version / hashes<br/>immutable"]
spec/architecture/frozen-architecture.md:321: trailing whitespace.
+  Outbox["OutboxEvent<br/>aggregate / payload<br/>published_at"]
spec/architecture/frozen-architecture.md:322: trailing whitespace.
+  KV["PluginKV<br/>schema_version<br/>conversation scope"]
spec/architecture/frozen-architecture.md:323: trailing whitespace.
+  User -->|"有效槽位 1 : 0..3"| Session
spec/architecture/frozen-architecture.md:324: trailing whitespace.
+  User --> Friendship
spec/architecture/frozen-architecture.md:325: trailing whitespace.
+  Friendship -->|"pair → direct"| Conversation
spec/architecture/frozen-architecture.md:326: trailing whitespace.
+  User -->|"member"| Member
spec/architecture/frozen-architecture.md:327: trailing whitespace.
+  Member -->|"1 : N"| Message
spec/architecture/frozen-architecture.md:328: trailing whitespace.
+  Message -->|"N : 1"| Conversation
spec/architecture/frozen-architecture.md:329: trailing whitespace.
+  Message -->|"1 : 1 logical message.created"| Outbox
spec/architecture/frozen-architecture.md:330: trailing whitespace.
+  Instance -->|"N : 1"| Artifact
spec/architecture/frozen-architecture.md:331: trailing whitespace.
+  Instance -->|"1 : N"| KV
spec/architecture/frozen-architecture.md:332: trailing whitespace.
+```
spec/architecture/frozen-architecture.md:333: trailing whitespace.
+
spec/architecture/frozen-architecture.md:334: trailing whitespace.
+> 图 4-1 UML 领域关系概览。字段仅显示关键不变量；完整 schema 由 contracts/database 管理。
spec/architecture/frozen-architecture.md:335: trailing whitespace.
+
spec/architecture/frozen-architecture.md:336: trailing whitespace.
+<a id="section-4-1"></a>
spec/architecture/frozen-architecture.md:337: trailing whitespace.
+### 4.1 账号与 Session
spec/architecture/frozen-architecture.md:338: trailing whitespace.
+
spec/architecture/frozen-architecture.md:339: trailing whitespace.
+每个用户拥有 WEB、DESKTOP、MOBILE 三个登录槽位。每种 client_type 同时最多一个有效 Session，但三种端可同时登录。同端新登录必须在事务中撤销旧 Session 并递增 session_epoch。PostgreSQL 是登录状态权威；Gateway 内存是在线连接与路由缓存。
spec/architecture/frozen-architecture.md:340: trailing whitespace.
+
spec/architecture/frozen-architecture.md:341: trailing whitespace.
+- 每个 (user_id, client_type) 最多一个有效槽位；当前 contracts/database 定义为每槽一行，替换时原子轮换 session_id 与 epoch。本图不定义历史 Session 总量或另行创建历史表。
spec/architecture/frozen-architecture.md:342: trailing whitespace.
+- Access Token: user_id, session_id, client_type, session_epoch, iat, exp
spec/architecture/frozen-architecture.md:343: trailing whitespace.
+- Refresh Token: 只存 hash，可独立撤销
spec/architecture/frozen-architecture.md:344: trailing whitespace.
+- WSS: 先建立 TLS/WebSocket，再发送 auth.bind；禁止 token 放 URL query
spec/architecture/frozen-architecture.md:345: trailing whitespace.
+
spec/architecture/frozen-architecture.md:346: trailing whitespace.
+<a id="section-4-2"></a>
spec/architecture/frozen-architecture.md:347: trailing whitespace.
+### 4.2 好友与唯一私聊
spec/architecture/frozen-architecture.md:348: trailing whitespace.
+
spec/architecture/frozen-architecture.md:349: trailing whitespace.
+Loop 1 不做好友申请审批。添加好友表示即时建立双向关系，并在同一事务中创建或取得唯一 DIRECT Conversation。好友关系使用规范化无向 pair：low=min(A,B)、high=max(A,B)。
spec/architecture/frozen-architecture.md:350: trailing whitespace.
+
spec/architecture/frozen-architecture.md:351: trailing whitespace.
+- friendships: UNIQUE(user_low_id, user_high_id)
spec/architecture/frozen-architecture.md:352: trailing whitespace.
+- DIRECT conversation: UNIQUE(direct_user_low_id, direct_user_high_id)
spec/architecture/frozen-architecture.md:353: trailing whitespace.
+- 事务: friendship + direct conversation + two members + sync events + outbox -> COMMIT
spec/architecture/frozen-architecture.md:354: trailing whitespace.
+
spec/architecture/frozen-architecture.md:355: trailing whitespace.
+<a id="section-4-3"></a>
spec/architecture/frozen-architecture.md:356: trailing whitespace.
+### 4.3 群聊最小实现
spec/architecture/frozen-architecture.md:357: trailing whitespace.
+
spec/architecture/frozen-architecture.md:358: trailing whitespace.
+发起者只能从自己的好友列表选择成员。创建请求必须带 request_id 以避免网络重试重复建群。事务写入 GROUP Conversation、成员、用户状态同步事件与 outbox。Loop 1 不含邀请链接、二维码、陌生人拉群、复杂管理员审批。
spec/architecture/frozen-architecture.md:359: trailing whitespace.
+
spec/architecture/frozen-architecture.md:360: trailing whitespace.
+<a id="section-4-4"></a>
spec/architecture/frozen-architecture.md:361: trailing whitespace.
+### 4.4 消息身份与序号
spec/architecture/frozen-architecture.md:362: trailing whitespace.
+
spec/architecture/frozen-architecture.md:363: trailing whitespace.
+| 身份 | 约束 | 用途 |
spec/architecture/frozen-architecture.md:364: trailing whitespace.
+| --- | --- | --- |
spec/architecture/frozen-architecture.md:365: trailing whitespace.
+| 客户端逻辑身份 | UNIQUE(conversation_id, request_id) | SQLite 本地发送、ACK、重试、Sync 收敛 |
spec/architecture/frozen-architecture.md:366: trailing whitespace.
+| 服务端幂等身份 | UNIQUE(sender_id, conversation_id, request_id) | 跨重试/节点避免重复逻辑消息 |
spec/architecture/frozen-architecture.md:367: trailing whitespace.
+| 服务端正式身份 | UNIQUE(server_message_id) | 全局记录身份 |
spec/architecture/frozen-architecture.md:368: trailing whitespace.
+| 顺序 | UNIQUE(conversation_id, seq) | 会话内单调递增、缺口检测与历史分页 |
spec/architecture/frozen-architecture.md:369: trailing whitespace.
+
spec/architecture/frozen-architecture.md:370: trailing whitespace.
+<a id="section-5"></a>
spec/architecture/frozen-architecture.md:371: trailing whitespace.
+## 5. 消息写入、Outbox 与实时 fan-out
spec/architecture/frozen-architecture.md:372: trailing whitespace.
+
spec/architecture/frozen-architecture.md:373: trailing whitespace.
+```mermaid
spec/architecture/frozen-architecture.md:374: trailing whitespace.
+sequenceDiagram
spec/architecture/frozen-architecture.md:375: trailing whitespace.
+  participant Sender as 发送端
spec/architecture/frozen-architecture.md:376: trailing whitespace.
+  participant Gateway
spec/architecture/frozen-architecture.md:377: trailing whitespace.
+  participant Core
spec/architecture/frozen-architecture.md:378: trailing whitespace.
+  participant PG as PostgreSQL
spec/architecture/frozen-architecture.md:379: trailing whitespace.
+  participant Bus as Outbox/NATS
spec/architecture/frozen-architecture.md:380: trailing whitespace.
+  participant Receiver as 接收端
spec/architecture/frozen-architecture.md:381: trailing whitespace.
+  Sender->>Gateway: message.send(request_id)
spec/architecture/frozen-architecture.md:382: trailing whitespace.
+  Gateway->>Core: 转发绑定身份与发送请求
spec/architecture/frozen-architecture.md:383: trailing whitespace.
+  Core->>Core: 校验成员权限与业务规则
spec/architecture/frozen-architecture.md:384: trailing whitespace.
+  Core->>PG: BEGIN / seq / message / outbox
spec/architecture/frozen-architecture.md:385: trailing whitespace.
+  PG-->>Core: COMMIT 成功
spec/architecture/frozen-architecture.md:386: trailing whitespace.
+  Core-->>Gateway: ACK = durable commit
spec/architecture/frozen-architecture.md:387: trailing whitespace.
+  Gateway-->>Sender: 转发 ACK
spec/architecture/frozen-architecture.md:388: trailing whitespace.
+  Core->>PG: Outbox dispatcher 读取已提交事件
spec/architecture/frozen-architecture.md:389: trailing whitespace.
+  Core->>Bus: dispatcher 可重试发布
spec/architecture/frozen-architecture.md:390: trailing whitespace.
+  Bus->>Gateway: message.created
spec/architecture/frozen-architecture.md:391: trailing whitespace.
+  Gateway->>Receiver: local fan-out
spec/architecture/frozen-architecture.md:392: trailing whitespace.
+```
spec/architecture/frozen-architecture.md:393: trailing whitespace.
+
spec/architecture/frozen-architecture.md:394: trailing whitespace.
+> 图 5-1 私聊消息时序图。ACK 的唯一成功语义是 message 与 outbox 已持久化提交。
spec/architecture/frozen-architecture.md:395: trailing whitespace.
+
spec/architecture/frozen-architecture.md:396: trailing whitespace.
+<a id="section-5-1"></a>
spec/architecture/frozen-architecture.md:397: trailing whitespace.
+### 5.1 发送事务
spec/architecture/frozen-architecture.md:398: trailing whitespace.
+
spec/architecture/frozen-architecture.md:399: trailing whitespace.
+1. BEGIN
spec/architecture/frozen-architecture.md:400: trailing whitespace.
+2. 校验 sender 是 conversation member
spec/architecture/frozen-architecture.md:401: trailing whitespace.
+3. 幂等查询/冲突处理 (sender_id, conversation_id, request_id)
spec/architecture/frozen-architecture.md:402: trailing whitespace.
+4. 锁定/更新 conversation sequence row
spec/architecture/frozen-architecture.md:403: trailing whitespace.
+5. INSERT message(seq, ...)
spec/architecture/frozen-architecture.md:404: trailing whitespace.
+6. INSERT outbox_event(message.created, ...)
spec/architecture/frozen-architecture.md:405: trailing whitespace.
+7. COMMIT
spec/architecture/frozen-architecture.md:406: trailing whitespace.
+8. 返回 ACK(message_id, seq, server_created_at)
spec/architecture/frozen-architecture.md:407: trailing whitespace.
+
spec/architecture/frozen-architecture.md:408: trailing whitespace.
+第一轮 sequence row 允许成为热门会话热点，因为它最直观且易验证。只有压测证明竞争不可接受时，才通过 ADR 评估 range allocation 等演进方案。
spec/architecture/frozen-architecture.md:409: trailing whitespace.
+
spec/architecture/frozen-architecture.md:410: trailing whitespace.
+<a id="section-5-2"></a>
spec/architecture/frozen-architecture.md:411: trailing whitespace.
+### 5.2 NATS 与 Gateway fan-out
spec/architecture/frozen-architecture.md:412: trailing whitespace.
+
spec/architecture/frozen-architecture.md:413: trailing whitespace.
+- Outbox dispatcher 发布 message.created 到 NATS，并以可重试方式标记 published。
spec/architecture/frozen-architecture.md:414: trailing whitespace.
+
spec/architecture/frozen-architecture.md:415: trailing whitespace.
+- Gateway 订阅需要的实时事件，并只向本机活跃连接 fan-out。
spec/architecture/frozen-architecture.md:416: trailing whitespace.
+
spec/architecture/frozen-architecture.md:417: trailing whitespace.
+- 收件人的所有在线端、发送者的其他在线端接收 message.created；发送端原连接由 ACK 收敛。
spec/architecture/frozen-architecture.md:418: trailing whitespace.
+
spec/architecture/frozen-architecture.md:419: trailing whitespace.
+- NATS 事件可重复，消费者必须幂等；NATS 事件可短暂错过，Sync 必须最终补齐。
spec/architecture/frozen-architecture.md:420: trailing whitespace.
+
spec/architecture/frozen-architecture.md:421: trailing whitespace.
+- Loop 1 不把 NATS JetStream 作为消息事实来源，也不为每个群成员写一条持久投递记录。消息写一次，在线端由
spec/architecture/frozen-architecture.md:422: trailing whitespace.
+
spec/architecture/frozen-architecture.md:423: trailing whitespace.
+Gateway 读扩散。
spec/architecture/frozen-architecture.md:424: trailing whitespace.
+
spec/architecture/frozen-architecture.md:425: trailing whitespace.
+<a id="section-5-3"></a>
spec/architecture/frozen-architecture.md:426: trailing whitespace.
+### 5.3 群聊 fan-out
spec/architecture/frozen-architecture.md:427: trailing whitespace.
+
spec/architecture/frozen-architecture.md:428: trailing whitespace.
+GROUP 消息仍只写一条 message 和一条 outbox 事件。Gateway 根据会话在线成员执行 local fan-out。普通群最大成员数不在设计阶段拍脑袋固定，应由 10/50/200/500 成员等阶梯测试结果决定。
spec/architecture/frozen-architecture.md:429: trailing whitespace.
+
spec/architecture/frozen-architecture.md:430: trailing whitespace.
+#### 消息正确性红线
spec/architecture/frozen-architecture.md:431: trailing whitespace.
+
spec/architecture/frozen-architecture.md:432: trailing whitespace.
+lost committed messages = 0；duplicate logical messages = 0；wrong conversation delivery = 0；permanent seq gap = 0；ACK-before-commit = 0。
spec/architecture/frozen-architecture.md:433: trailing whitespace.
+
spec/architecture/frozen-architecture.md:434: trailing whitespace.
+<a id="section-6"></a>
spec/architecture/frozen-architecture.md:435: trailing whitespace.
+## 6. 客户端状态、本地存储与离线同步
spec/architecture/frozen-architecture.md:436: trailing whitespace.
+
spec/architecture/frozen-architecture.md:437: trailing whitespace.
+<a id="section-6-1"></a>
spec/architecture/frozen-architecture.md:438: trailing whitespace.
+### 6.1 三端差异
spec/architecture/frozen-architecture.md:439: trailing whitespace.
+
spec/architecture/frozen-architecture.md:440: trailing whitespace.
+| 客户端 | 本地持久化 | 离线历史 | 启动行为 |
spec/architecture/frozen-architecture.md:441: trailing whitespace.
+| --- | --- | --- | --- |
spec/architecture/frozen-architecture.md:442: trailing whitespace.
+| Web | 无聊天 DB；Memory only | 不补聊天历史；登录后获取当前好友/会话状态 | HTTPS 登录 -> WSS auth.bind -> 仅展示本会话实时数据 |
spec/architecture/frozen-architecture.md:443: trailing whitespace.
+| Desktop | 按账号独立 SQLite + OS secure token storage | 支持 | 先读 SQLite 立即渲染，再后台同步 |
spec/architecture/frozen-architecture.md:444: trailing whitespace.
+| Mobile | 按账号独立 SQLite + OS secure token storage | 支持 | 先读 SQLite 立即渲染，再后台同步 |
spec/architecture/frozen-architecture.md:445: trailing whitespace.
+
spec/architecture/frozen-architecture.md:446: trailing whitespace.
+
spec/architecture/frozen-architecture.md:447: trailing whitespace.
+#### 已批准客户端技术栈与边界（Human-approved v1.1 clarification）
spec/architecture/frozen-architecture.md:448: trailing whitespace.
+
spec/architecture/frozen-architecture.md:449: trailing whitespace.
+- Web = React + TypeScript；仅临时在线 Memory only；无 SQLite、无聊天历史持久化、无离线历史加载；通过 HTTPS + WSS 通信，页面生命周期结束后不保证消息状态保留。
spec/architecture/frozen-architecture.md:450: trailing whitespace.
+- Desktop = Tauri + React + TypeScript；UI 独立实现；共享协议、模型、适用 hooks、Design Token 和 UI 语义，不共享完整 React 视觉组件（ADR-0006）；按账号 SQLite、离线历史、optimistic send、SENDING/SENT/FAILED、ACK 回写、retry 复用 request_id、Sync 收敛。
spec/architecture/frozen-architecture.md:451: trailing whitespace.
+- Desktop 必要 Rust/native 代码仅限 `clients/desktop/src-tauri/**`，仅作为 SQLite native access、OS secure storage、必要文件系统等系统能力的 native adapter；客户端业务层、Repository API、protocol/model/plugin SDK 仍为 TypeScript，不得迁入 Rust。Desktop SQLite native boundary 使用 Tauri + SQLx(SQLite)；TypeScript 持有共享 Repository、模型和事务意图，Rust 仅提供数据库连接、查询和原子 transaction adapter。不得通过多个独立 tauri-plugin-sql execute() 调用模拟跨调用事务。SQLx 以外的 SQLite crate/plugin/library 未批准。
spec/architecture/frozen-architecture.md:452: trailing whitespace.
+- Mobile = Android + Kotlin + Jetpack Compose；Human 明确移除 Mobile TypeScript 技术栈，具体 framework 不再 TBD。Android Studio emulator 为真实 Android 验证环境；按账号 SQLite、离线历史、optimistic send、ACK/retry/Sync 与其他客户端相同。
spec/architecture/frozen-architecture.md:453: trailing whitespace.
+- Mobile 在 `clients/mobile/**` 使用 Kotlin 等价模型、Repository 语义、协议/插件适配与 data/domain 行为，服从同一 canonical contracts/fixtures；不要求直接复用 TypeScript SDK。优先 Android SDK 自带 SQLite 事务能力，不授权 Room、第三方 SQLite/ORM/network library 或其他架构敏感依赖。不得为共享代码自行加入 JS runtime、TS/JS bridge、codegen 或把 shared 层改写成跨端 native。完整 Mobile acceptance 未满足时 S2 Gate OPEN；Desktop host/mock 不能冒充 Android emulator acceptance。
spec/architecture/frozen-architecture.md:454: trailing whitespace.
+- `clients/shared/{protocol-sdk,plugin-sdk,ui}/` 及 Web/Desktop shared models、Repository、data/domain logic 保持 TypeScript 生态。Mobile 以同一公共契约与 fixtures 验证等价行为；不创建新公共契约。保留现有目录权威，无无意义搬迁。S2 不实现 S4 WASM host、marketplace 或完整 lifecycle。
spec/architecture/frozen-architecture.md:455: trailing whitespace.
+- Dart/Flutter 不属于当前批准 active client 技术栈；历史 PR7/Review/FAIL/Recorder/evidence 保留，但 PR7 不提供授权或新 TypeScript acceptance。
spec/architecture/frozen-architecture.md:456: trailing whitespace.
+
spec/architecture/frozen-architecture.md:457: trailing whitespace.
+机器检查读取下列已批准技术标识；标准包名仅对应上述显式栈及必要 type/build bindings，不授权额外框架、runtime、数据库驱动或原生依赖。每个架构敏感新依赖仍须独立 Review 追溯授权。Android SDK、Gradle、Kotlin/Compose compiler/plugin、标准 Compose UI 与 Android activity binding 是所选栈的必要工程标识，仅限 Mobile；不授权其他 Kotlin frameworks、ORM、网络或 plugin runtimes。
spec/architecture/frozen-architecture.md:458: trailing whitespace.
+
spec/architecture/frozen-architecture.md:459: trailing whitespace.
+<!-- client-technology-policy -->
spec/architecture/frozen-architecture.md:460: trailing whitespace.
+```json
spec/architecture/frozen-architecture.md:461: trailing whitespace.
+{
spec/architecture/frozen-architecture.md:462: trailing whitespace.
+  "decision": "ADR-0005-client-technology-clarification",
spec/architecture/frozen-architecture.md:463: trailing whitespace.
+  "languages": [
spec/architecture/frozen-architecture.md:464: trailing whitespace.
+    "TypeScript",
spec/architecture/frozen-architecture.md:465: trailing whitespace.
+    "JavaScript",
spec/architecture/frozen-architecture.md:466: trailing whitespace.
+    "Rust",
spec/architecture/frozen-architecture.md:467: trailing whitespace.
+    "Kotlin"
spec/architecture/frozen-architecture.md:468: trailing whitespace.
+  ],
spec/architecture/frozen-architecture.md:469: trailing whitespace.
+  "frameworks": [
spec/architecture/frozen-architecture.md:470: trailing whitespace.
+    "React",
spec/architecture/frozen-architecture.md:471: trailing whitespace.
+    "Tauri",
spec/architecture/frozen-architecture.md:472: trailing whitespace.
+    "Jetpack Compose"
spec/architecture/frozen-architecture.md:473: trailing whitespace.
+  ],
spec/architecture/frozen-architecture.md:474: trailing whitespace.
+  "runtimes": [
spec/architecture/frozen-architecture.md:475: trailing whitespace.
+    "Tauri",
spec/architecture/frozen-architecture.md:476: trailing whitespace.
+    "Android"
spec/architecture/frozen-architecture.md:477: trailing whitespace.
+  ],
spec/architecture/frozen-architecture.md:478: trailing whitespace.
+  "packages": [
spec/architecture/frozen-architecture.md:479: trailing whitespace.
+    "typescript",
spec/architecture/frozen-architecture.md:480: trailing whitespace.
+    "react",
spec/architecture/frozen-architecture.md:481: trailing whitespace.
+    "react-dom",
spec/architecture/frozen-architecture.md:482: trailing whitespace.
+    "@types/react",
spec/architecture/frozen-architecture.md:483: trailing whitespace.
+    "@types/react-dom",
spec/architecture/frozen-architecture.md:484: trailing whitespace.
+    "@tauri-apps/api",
spec/architecture/frozen-architecture.md:485: trailing whitespace.
+    "@tauri-apps/cli"
spec/architecture/frozen-architecture.md:486: trailing whitespace.
+  ],
spec/architecture/frozen-architecture.md:487: trailing whitespace.
+  "native_packages": [
spec/architecture/frozen-architecture.md:488: trailing whitespace.
+    "tauri",
spec/architecture/frozen-architecture.md:489: trailing whitespace.
+    "tauri-build",
spec/architecture/frozen-architecture.md:490: trailing whitespace.
+    "sqlx"
spec/architecture/frozen-architecture.md:491: trailing whitespace.
+  ],
spec/architecture/frozen-architecture.md:492: trailing whitespace.
+  "mobile_framework": "Jetpack Compose",
spec/architecture/frozen-architecture.md:493: trailing whitespace.
+  "native_boundary": "clients/desktop/src-tauri/",
spec/architecture/frozen-architecture.md:494: trailing whitespace.
+  "mobile_languages": [
spec/architecture/frozen-architecture.md:495: trailing whitespace.
+    "Kotlin"
spec/architecture/frozen-architecture.md:496: trailing whitespace.
+  ],
spec/architecture/frozen-architecture.md:497: trailing whitespace.
+  "mobile_runtimes": [
spec/architecture/frozen-architecture.md:498: trailing whitespace.
+    "Android"
spec/architecture/frozen-architecture.md:499: trailing whitespace.
+  ],
spec/architecture/frozen-architecture.md:500: trailing whitespace.
+  "mobile_frameworks": [
spec/architecture/frozen-architecture.md:501: trailing whitespace.
+    "Jetpack Compose"
spec/architecture/frozen-architecture.md:502: trailing whitespace.
+  ],
spec/architecture/frozen-architecture.md:503: trailing whitespace.
+  "mobile_plugins": [
spec/architecture/frozen-architecture.md:504: trailing whitespace.
+    "com.android.application",
spec/architecture/frozen-architecture.md:505: trailing whitespace.
+    "com.android.library",
spec/architecture/frozen-architecture.md:506: trailing whitespace.
+    "org.jetbrains.kotlin.android",
spec/architecture/frozen-architecture.md:507: trailing whitespace.
+    "org.jetbrains.kotlin.plugin.compose"
spec/architecture/frozen-architecture.md:508: trailing whitespace.
+  ],
spec/architecture/frozen-architecture.md:509: trailing whitespace.
+  "mobile_dependencies": [
spec/architecture/frozen-architecture.md:510: trailing whitespace.
+    "com.android.tools.build:gradle",
spec/architecture/frozen-architecture.md:511: trailing whitespace.
+    "org.jetbrains.kotlin:kotlin-gradle-plugin",
spec/architecture/frozen-architecture.md:512: trailing whitespace.
+    "org.jetbrains.kotlin:compose-compiler-gradle-plugin",
spec/architecture/frozen-architecture.md:513: trailing whitespace.
+    "org.jetbrains.kotlin:kotlin-stdlib",
spec/architecture/frozen-architecture.md:514: trailing whitespace.
+    "org.jetbrains.kotlin:kotlin-stdlib-jdk8",
spec/architecture/frozen-architecture.md:515: trailing whitespace.
+    "org.jetbrains.kotlin:kotlin-test",
spec/architecture/frozen-architecture.md:516: trailing whitespace.
+    "androidx.activity:activity-compose",
spec/architecture/frozen-architecture.md:517: trailing whitespace.
+    "androidx.compose:compose-bom",
spec/architecture/frozen-architecture.md:518: trailing whitespace.
+    "androidx.compose.runtime:runtime",
spec/architecture/frozen-architecture.md:519: trailing whitespace.
+    "androidx.compose.ui:ui",
spec/architecture/frozen-architecture.md:520: trailing whitespace.
+    "androidx.compose.ui:ui-tooling",
spec/architecture/frozen-architecture.md:521: trailing whitespace.
+    "androidx.compose.ui:ui-tooling-preview",
spec/architecture/frozen-architecture.md:522: trailing whitespace.
+    "androidx.compose.foundation:foundation",
spec/architecture/frozen-architecture.md:523: trailing whitespace.
+    "androidx.compose.animation:animation",
spec/architecture/frozen-architecture.md:524: trailing whitespace.
+    "androidx.compose.material3:material3",
spec/architecture/frozen-architecture.md:525: trailing whitespace.
+    "androidx.lifecycle:lifecycle-viewmodel-compose",
spec/architecture/frozen-architecture.md:526: trailing whitespace.
+    "androidx.lifecycle:lifecycle-runtime-compose",
spec/architecture/frozen-architecture.md:527: trailing whitespace.
+    "androidx.navigation:navigation-compose",
spec/architecture/frozen-architecture.md:528: trailing whitespace.
+    "org.jetbrains.kotlinx:kotlinx-coroutines-core",
spec/architecture/frozen-architecture.md:529: trailing whitespace.
+    "org.jetbrains.kotlinx:kotlinx-coroutines-android"
spec/architecture/frozen-architecture.md:530: trailing whitespace.
+  ],
spec/architecture/frozen-architecture.md:531: trailing whitespace.
+  "mobile_tooling": [
spec/architecture/frozen-architecture.md:532: trailing whitespace.
+    "Android SDK",
spec/architecture/frozen-architecture.md:533: trailing whitespace.
+    "Android Studio",
spec/architecture/frozen-architecture.md:534: trailing whitespace.
+    "Gradle",
spec/architecture/frozen-architecture.md:535: trailing whitespace.
+    "android-actions/setup-android",
spec/architecture/frozen-architecture.md:536: trailing whitespace.
+    "gradle/actions/setup-gradle",
spec/architecture/frozen-architecture.md:537: trailing whitespace.
+    "reactivecircus/android-emulator-runner"
spec/architecture/frozen-architecture.md:538: trailing whitespace.
+  ],
spec/architecture/frozen-architecture.md:539: trailing whitespace.
+  "mobile_import_prefixes": [
spec/architecture/frozen-architecture.md:540: trailing whitespace.
+    "android.",
spec/architecture/frozen-architecture.md:541: trailing whitespace.
+    "kotlin.",
spec/architecture/frozen-architecture.md:542: trailing whitespace.
+    "java.",
spec/architecture/frozen-architecture.md:543: trailing whitespace.
+    "javax.",
spec/architecture/frozen-architecture.md:544: trailing whitespace.
+    "org.json.",
spec/architecture/frozen-architecture.md:545: trailing whitespace.
+    "org.xml.",
spec/architecture/frozen-architecture.md:546: trailing whitespace.
+    "org.w3c.",
spec/architecture/frozen-architecture.md:547: trailing whitespace.
+    "androidx.compose.",
spec/architecture/frozen-architecture.md:548: trailing whitespace.
+    "androidx.activity.",
spec/architecture/frozen-architecture.md:549: trailing whitespace.
+    "androidx.lifecycle.",
spec/architecture/frozen-architecture.md:550: trailing whitespace.
+    "androidx.navigation.",
spec/architecture/frozen-architecture.md:551: trailing whitespace.
+    "kotlinx.coroutines."
spec/architecture/frozen-architecture.md:552: trailing whitespace.
+  ]
spec/architecture/frozen-architecture.md:553: trailing whitespace.
+}
spec/architecture/frozen-architecture.md:554: trailing whitespace.
+```
spec/architecture/frozen-architecture.md:555: trailing whitespace.
+
spec/architecture/frozen-architecture.md:556: trailing whitespace.
+JavaScript 仅为 TypeScript 生态的必要配置/构建互操作；Web/Desktop/shared 客户端业务/API/protocol/model/plugin SDK 必须 TypeScript；Mobile 的等价实现为 Kotlin。Rust 仅上述 native adapter。此标识表不授权 Node/Bun/Deno 等产品 runtime，SQLite native driver 仅批准 Desktop SQLx(SQLite)。Mobile 已批准 Android Kotlin + Jetpack Compose，Android Studio emulator 验证；Android 工程标识不是其他框架或第三方核心依赖的选型授权。
spec/architecture/frozen-architecture.md:557: trailing whitespace.
+
spec/architecture/frozen-architecture.md:558: trailing whitespace.
+<a id="section-6-2"></a>
spec/architecture/frozen-architecture.md:559: trailing whitespace.
+### 6.2 Optimistic write 与状态机
spec/architecture/frozen-architecture.md:560: trailing whitespace.
+
spec/architecture/frozen-architecture.md:561: trailing whitespace.
+以下 SQLite 持久状态机适用于 Desktop/Mobile；Web 使用内存态收敛，不引入聊天历史数据库。
spec/architecture/frozen-architecture.md:562: trailing whitespace.
+
spec/architecture/frozen-architecture.md:563: trailing whitespace.
+1. 用户点击发送
spec/architecture/frozen-architecture.md:564: trailing whitespace.
+2. -> 生成不可变 request_id
spec/architecture/frozen-architecture.md:565: trailing whitespace.
+3. -> SQLite 事务 UPSERT，state=SENDING
spec/architecture/frozen-architecture.md:566: trailing whitespace.
+4. -> UI 立即渲染
spec/architecture/frozen-architecture.md:567: trailing whitespace.
+5. -> WSS message.send
spec/architecture/frozen-architecture.md:568: trailing whitespace.
+6. -> ACK: SENT + server_message_id + seq + server_time
spec/architecture/frozen-architecture.md:569: trailing whitespace.
+7. -> timeout/offline: FAILED
spec/architecture/frozen-architecture.md:570: trailing whitespace.
+8. -> Retry: 复用相同 request_id，FAILED -> SENDING
spec/architecture/frozen-architecture.md:571: trailing whitespace.
+
spec/architecture/frozen-architecture.md:572: trailing whitespace.
+FAILED 仅表示当前尝试没有收到成功确认，不证明服务端未提交。SENT 是终态，不能倒退到 FAILED。Sync 若看到本地FAILED 但服务端已有相同 (conversation_id, request_id)，必须 UPSERT 为 SENT，而不是新增一行。
spec/architecture/frozen-architecture.md:573: trailing whitespace.
+
spec/architecture/frozen-architecture.md:574: trailing whitespace.
+<a id="section-6-3"></a>
spec/architecture/frozen-architecture.md:575: trailing whitespace.
+### 6.3 SQLite 事务不变量
spec/architecture/frozen-architecture.md:576: trailing whitespace.
+
spec/architecture/frozen-architecture.md:577: trailing whitespace.
+- UNIQUE(conversation_id, request_id)
spec/architecture/frozen-architecture.md:578: trailing whitespace.
+- UNIQUE(server_message_id) WHERE server_message_id IS NOT NULL
spec/architecture/frozen-architecture.md:579: trailing whitespace.
+- UNIQUE(conversation_id, server_seq) WHERE server_seq IS NOT NULL
spec/architecture/frozen-architecture.md:580: trailing whitespace.
+- 所有本地发送 / ACK / WSS realtime / Sync 均走事务 UPSERT
spec/architecture/frozen-architecture.md:581: trailing whitespace.
+- 业务数据变更与 cursor / contiguous_seq 推进必须在同一事务
spec/architecture/frozen-architecture.md:582: trailing whitespace.
+
spec/architecture/frozen-architecture.md:583: trailing whitespace.
+```mermaid
spec/architecture/frozen-architecture.md:584: trailing whitespace.
+flowchart LR
spec/architecture/frozen-architecture.md:585: trailing whitespace.
+  Start["启动<br/>读取 SQLite 并渲染"] --> Connect["连接<br/>HTTPS + WSS"]
spec/architecture/frozen-architecture.md:586: trailing whitespace.
+  Connect --> UserSync["用户状态同步<br/>user_sync_cursor"]
spec/architecture/frozen-architecture.md:587: trailing whitespace.
+  UserSync --> GapSync["消息缺口同步<br/>conversation seq"]
spec/architecture/frozen-architecture.md:588: trailing whitespace.
+  UserSync --> Tx["同一 SQLite 事务<br/>UPSERT 数据 + 推进 cursor / contiguous_seq"]
spec/architecture/frozen-architecture.md:589: trailing whitespace.
+  GapSync --> Tx
spec/architecture/frozen-architecture.md:590: trailing whitespace.
+```
spec/architecture/frozen-architecture.md:591: trailing whitespace.
+
spec/architecture/frozen-architecture.md:592: trailing whitespace.
+> WSS 实时流与 Sync 补偿流允许交叉，靠唯一约束和事务收敛，不暂停实时推送。
spec/architecture/frozen-architecture.md:593: trailing whitespace.
+>
spec/architecture/frozen-architecture.md:594: trailing whitespace.
+> 图 6-1 双层同步与本地收敛。
spec/architecture/frozen-architecture.md:595: trailing whitespace.
+
spec/architecture/frozen-architecture.md:596: trailing whitespace.
+<a id="section-6-4"></a>
spec/architecture/frozen-architecture.md:597: trailing whitespace.
+### 6.4 双层 Cursor
spec/architecture/frozen-architecture.md:598: trailing whitespace.
+
spec/architecture/frozen-architecture.md:599: trailing whitespace.
+user_sync_cursor 只承载 friend、conversation、membership、plugin 等低频用户状态。消息不进入用户级事件流，以避免群消息按成员写放大。每个会话维护 contiguous_seq，只有本地从旧值开始连续无缺口时才能前移。
spec/architecture/frozen-architecture.md:600: trailing whitespace.
+
spec/architecture/frozen-architecture.md:601: trailing whitespace.
+### 6.5 客户端 UI 架构与 GUI 验收（Human-approved ADR-0006 候选）
spec/architecture/frozen-architecture.md:602: trailing whitespace.
+
spec/architecture/frozen-architecture.md:603: trailing whitespace.
+以下 Human 决定待新独立 Review、精确候选 hosted CI、集成与实际 main 核验后生效；此前不得据候选启动产品实现。补充设计说明位于 `spec/architecture/decisions/client-ui/architecture.md` 和 `design-direction.md`；GUI 验收规约为 `spec/acceptance/client-gui.md`；这些从属于本正文和 ADR-0006，不是第二 canonical 或公共 wire/schema 权威。
spec/architecture/frozen-architecture.md:604: trailing whitespace.
+
spec/architecture/frozen-architecture.md:605: trailing whitespace.
+- 产品构界 IM+ / PlugWorldIM；Adaptive Glass Workspace；视觉重点 50% Future AI Communication / 30% Productivity Tool / 20% Developer Extensibility。简洁、玻璃层次、AI-native、模块化、可配置；该比例不是功能能力承诺。Minimal Glassmorphism 使用 translucent surface、subtle border、blur、layered depth 表达层次；禁止信息堆砌、复杂 Dashboard、过度 Cyber/HUD、重度发光/霓虹/粒子/复杂 3D 和为炫技添加视觉元素。
spec/architecture/frozen-architecture.md:606: trailing whitespace.
+- 两主题 Cold AI（冷蓝、紫色渐变、深色玻璃）和 Warm Creative（暖色渐变、柔和玻璃、亲和）。共享 Logo、品牌、Layout、Component semantic；主题切换只改变 Color token。用户独立本地设置 Typography/Spacing；插件不得修改主导航、品牌核心或基础 UI 语义。主题切换不得重置字体/间距；设计值/像素布局和具体偏好存储机制由后续受控 GUI Task 给出，不授权 Web 聊天持久化。可读性/焦点/状态不能仅靠颜色或透明效果表达。
spec/architecture/frozen-architecture.md:607: trailing whitespace.
+- Application Shell 拥有 Chat / Friends / AI / Plugin 一级导航；未来仅客户端受控任务可增加 Settings/Profile；插件不得新增一级导航或直接控制 Shell。Chat 负责 Conversation List/View/Message；好友搜索、关系、添加属 Friends。AI 仅入口/插图/施工中，不含 AI chat、Agent、RAG、Tool Calling、API 或假 AI 数据。Plugin 为 Installed Plugins/Status/Entry 个人能力面板；缺失能力诚实显示未开放，不制造假数据；不是商店或 Marketplace。
spec/architecture/frozen-architecture.md:608: trailing whitespace.
+- Web React/TypeScript 工程分层为 Shell/routing、定制业务组件、hooks/data/state 和 Repository/protocol adapter；默认 useState/useReducer/Context/custom hooks。不选择第三方 router/data/state 库；Zustand/Redux/MobX 或敏感库需单独 ADR 批准。基础 icon/accessibility/utility 类别并非具体包的 blanket approval；不得绑定完整业务 UI framework。
spec/architecture/frozen-architecture.md:609: trailing whitespace.
+- Desktop Tauri/React/TypeScript 独立 UI，定位舒适、高频、生产力，允许后续受控任务提供更丰富布局/交互/本地能力展示。共享 protocol-sdk/plugin-sdk/models、Repository 行为、适用平台中立 hooks、Design Token/UI semantic；不共享完整 Button/MessageBubble/ChatWindow。Mobile 分享规范和 canonical contracts/fixtures，通过 Kotlin 等价实现，不要求复用 TS hook/SDK/组件。现行 SQLx/TypeScript 原子适配边界不变。
spec/architecture/frozen-architecture.md:610: trailing whitespace.
+- Mobile Compose UI 向 ViewModel 发出意图；ViewModel 调用 Repository 并通过 StateFlow 暴露状态；Compose 生命周期感知地观察 StateFlow。Repository 委托 SDK SQLite 与授权 WSS/protocol adapter。Jetpack Navigation Compose 管理宿主导航；仅明确 state/navigation 所需依赖按本节 machine policy；Android Studio emulator 验收，不授权额外 Room/ORM/network/runtime/bridge/codegen。
spec/architecture/frozen-architecture.md:611: trailing whitespace.
+- UI 只显示观察状态并发出意图；Repository 拥有本地 materialized data/事务收敛，protocol 层遵循 contracts/；UI 不直连 SQLite、不自行推进 cursor/contiguous_seq、不伪造 ACK/SENT、不决定服务端权限。Desktop/Mobile 本地先显示再背景 Sync；SENDING/SENT/FAILED、retry 复用 request_id、SENT 不回退、失败与服务端事件收敛、数据与 cursor 原子性沿用 §6.2-6.4。Web memory only、无离线历史；账号切换不显示旧账号数据。
spec/architecture/frozen-architecture.md:612: trailing whitespace.
+- S2 不下载/执行插件 UI 代码、不动态加载/注入任意远程组件、不实现 Renderer/runtime/安装系统。未来声明式 poll 描述是方向，不是新契约。Human 明确上述代码执行禁令仅限 S2；S4 保留 §8.2 审查加沙箱 Custom Render Bundle/白名单 Bridge、签名/hash/schema/API/权限/CSP/资源/入口校验及历史版本绑定；本节不删除或放宽它们。插件不能控制宿主导航。
spec/architecture/frozen-architecture.md:613: trailing whitespace.
+- 后续 GUI 覆盖现有 contracts/ 的 Auth login/refresh/logout/session-expired、User info、Friend search/add、Conversation list/open、Message send/receive/state、Sync state；传输/字段来自现行 OpenAPI/WSS，不发明 HTTP route 或 AI/Plugin API。无 AI 功能、Plugin runtime、Marketplace 实现。
spec/architecture/frozen-architecture.md:614: trailing whitespace.
+- GUI Task acceptance 必须含真实运行截图 -> Architect Review -> 修复/重新截图 -> Architect Approval，并保留独立实现 Review、精确候选 CI 与集成/main 核验。Web 截图覆盖 Login/Chat/Friends/AI Placeholder/Plugin Page；Desktop 覆盖主窗口/Chat/Friends/Offline History/真实 Notification-Tray/Theme；Mobile 为真实 Android emulator Login/Chat/Friends/Offline History/Sync 状态/Theme。两主题/受支持字体间距变化与相关加载/空/错误/会话失效/离线状态需实际证据；局部任务明确剩余范围，不得宣称全客户端 PASS。
spec/architecture/frozen-architecture.md:615: trailing whitespace.
+- 截图绑定 Task、候选 SHA/build/runtime、屏幕状态/尺寸、theme/配置、可重复步骤、文件/hash；使用受控无秘密数据。Architect 决策绑定同一候选和截图集，失败留未完成；影响已批准视觉的改动必须重新截图批准。截图不能证明 ACK/事务/幂等，不替代行为/权限/契约/源码依赖测试；Task PASS 不等于 S2 Gate PASS。
spec/architecture/frozen-architecture.md:616: trailing whitespace.
+
spec/architecture/frozen-architecture.md:617: trailing whitespace.
+<a id="section-7"></a>
spec/architecture/frozen-architecture.md:618: trailing whitespace.
+## 7. HTTPS/WSS/TLS 与认证协议
spec/architecture/frozen-architecture.md:619: trailing whitespace.
+
spec/architecture/frozen-architecture.md:620: trailing whitespace.
+<a id="section-7-1"></a>
spec/architecture/frozen-architecture.md:621: trailing whitespace.
+### 7.1 登录与 Token
spec/architecture/frozen-architecture.md:622: trailing whitespace.
+
spec/architecture/frozen-architecture.md:623: trailing whitespace.
+- 登录端点、字段名、版本与传输形状由 contracts/http/ 定义（当前为 POST /v1/auth/login）。本章 snake_case 领域名称不是另一套 wire schema。
spec/architecture/frozen-architecture.md:624: trailing whitespace.
+
spec/architecture/frozen-architecture.md:625: trailing whitespace.
+- Access Token 短期、Refresh Token 长期；具体时长是配置，不写死进协议。
spec/architecture/frozen-architecture.md:626: trailing whitespace.
+
spec/architecture/frozen-architecture.md:627: trailing whitespace.
+- Web 优先使用 HttpOnly Secure Cookie 持有 Refresh Token；原生端使用 OS secure storage。
spec/architecture/frozen-architecture.md:628: trailing whitespace.
+
spec/architecture/frozen-architecture.md:629: trailing whitespace.
+- 显式 logout 撤销 Session、Refresh Token 与 WSS；退出登录不等于立即删除本地 SQLite。
spec/architecture/frozen-architecture.md:630: trailing whitespace.
+
spec/architecture/frozen-architecture.md:631: trailing whitespace.
+<a id="section-7-2"></a>
spec/architecture/frozen-architecture.md:632: trailing whitespace.
+### 7.2 WSS 状态机
spec/architecture/frozen-architecture.md:633: trailing whitespace.
+
spec/architecture/frozen-architecture.md:634: trailing whitespace.
+1. TCP/TLS -> WebSocket Upgrade -> UNAUTHENTICATED
spec/architecture/frozen-architecture.md:635: trailing whitespace.
+2. UNAUTHENTICATED 只允许 auth.bind 与 ping/pong
spec/architecture/frozen-architecture.md:636: trailing whitespace.
+3. auth.bind 校验签名、exp、session_id、client_type、session_epoch
spec/architecture/frozen-architecture.md:637: trailing whitespace.
+4. 成功 -> AUTHENTICATED，socket 永久绑定 user/session/client_type
spec/architecture/frozen-architecture.md:638: trailing whitespace.
+5. 同端新登录 -> session.revoked -> 推送旧连接 -> close
spec/architecture/frozen-architecture.md:639: trailing whitespace.
+
spec/architecture/frozen-architecture.md:640: trailing whitespace.
+<a id="section-7-3"></a>
spec/architecture/frozen-architecture.md:641: trailing whitespace.
+### 7.3 Session 缓存一致性
spec/architecture/frozen-architecture.md:642: trailing whitespace.
+
spec/architecture/frozen-architecture.md:643: trailing whitespace.
+Core 在 Session 创建/撤销事务中写 outbox；Gateway 经 NATS 更新内存映射 (user_id, client_type) ->session_id/epoch/connection_id。每条消息不查询 PostgreSQL。实时撤销事件是体验优化；每次新绑定/重连必须验证数据库权威 Session ID 与 epoch，拒绝旧凭据；不得把实时撤销事件作为唯一有效性来源。Gateway 只拥有验证/连接能力；注册、登录、刷新、退出、Session 写事务及其 Outbox 属于 Core，不能通过共享完整 Auth 服务绕过边界。
spec/architecture/frozen-architecture.md:644: trailing whitespace.
+
spec/architecture/frozen-architecture.md:645: trailing whitespace.
+<a id="section-7-4"></a>
spec/architecture/frozen-architecture.md:646: trailing whitespace.
+### 7.4 传输与日志安全
spec/architecture/frozen-architecture.md:647: trailing whitespace.
+
spec/architecture/frozen-architecture.md:648: trailing whitespace.
+| 规则 | 要求 |
spec/architecture/frozen-architecture.md:649: trailing whitespace.
+| --- | --- |
spec/architecture/frozen-architecture.md:650: trailing whitespace.
+| 传输 | 生产入口仅 HTTPS/WSS/TLS；禁用明文回退 |
spec/architecture/frozen-architecture.md:651: trailing whitespace.
+| Token | 禁止放 URL query；禁止写应用日志/trace；错误响应不得回显 |
spec/architecture/frozen-architecture.md:652: trailing whitespace.
+| 密码 | 只存强哈希；凭证与普通用户资料分离 |
spec/architecture/frozen-architecture.md:653: trailing whitespace.
+| 插件 | 永不向 Custom Renderer 暴露认证 token 或 SQLite 直连 |
spec/architecture/frozen-architecture.md:654: trailing whitespace.
+| 日志 | request_id/message_id 可观测；消息正文默认不进入结构化日志 |
spec/architecture/frozen-architecture.md:655: trailing whitespace.
+
spec/architecture/frozen-architecture.md:656: trailing whitespace.
+<a id="section-8"></a>
spec/architecture/frozen-architecture.md:657: trailing whitespace.
+## 8. 插件平台架构
spec/architecture/frozen-architecture.md:658: trailing whitespace.
+
spec/architecture/frozen-architecture.md:659: trailing whitespace.
+<a id="section-8-1"></a>
spec/architecture/frozen-architecture.md:660: trailing whitespace.
+### 8.1 包结构与公共 API
spec/architecture/frozen-architecture.md:661: trailing whitespace.
+
spec/architecture/frozen-architecture.md:662: trailing whitespace.
+```text
spec/architecture/frozen-architecture.md:663: trailing whitespace.
+plugin.pkg
spec/architecture/frozen-architecture.md:664: trailing whitespace.
+├── manifest.json
spec/architecture/frozen-architecture.md:665: trailing whitespace.
+├── backend/plugin.wasm
spec/architecture/frozen-architecture.md:666: trailing whitespace.
+└── ui/
spec/architecture/frozen-architecture.md:667: trailing whitespace.
+├── render.bundle.js
spec/architecture/frozen-architecture.md:668: trailing whitespace.
+├── render.css
spec/architecture/frozen-architecture.md:669: trailing whitespace.
+└── assets/
spec/architecture/frozen-architecture.md:670: trailing whitespace.
+```
spec/architecture/frozen-architecture.md:671: trailing whitespace.
+
spec/architecture/frozen-architecture.md:672: trailing whitespace.
+Plugin API v1 = Events + Queries + Actions + UI Host API
spec/architecture/frozen-architecture.md:673: trailing whitespace.
+
spec/architecture/frozen-architecture.md:674: trailing whitespace.
+| 面 | 能力 | 约束 |
spec/architecture/frozen-architecture.md:675: trailing whitespace.
+| --- | --- | --- |
spec/architecture/frozen-architecture.md:676: trailing whitespace.
+| Events | message.created、member.joined、plugin lifecycle 等 | 仅订阅 manifest 声明且已授权的事件 |
spec/architecture/frozen-architecture.md:677: trailing whitespace.
+| Queries | 读取被授权的会话、成员、消息、插件私有状态 | 只读、分页、限额；不可直接访问 Core 内部服务/DB |
spec/architecture/frozen-architecture.md:678: trailing whitespace.
+| Actions | 发送消息、更新插件状态、触发允许的 UI 行为 | 每个 Action 重新鉴权、幂等与审计 |
spec/architecture/frozen-architecture.md:679: trailing whitespace.
+| UI Host | Page/Modal/Panel/Menu/Form/Toolbar/Message Renderer 等 | 完整 UI 扩展能力不等于宿主 OS 权限 |
spec/architecture/frozen-architecture.md:680: trailing whitespace.
+
spec/architecture/frozen-architecture.md:681: trailing whitespace.
+<a id="section-8-2"></a>
spec/architecture/frozen-architecture.md:682: trailing whitespace.
+### 8.2 Custom Render Bundle
spec/architecture/frozen-architecture.md:683: trailing whitespace.
+
spec/architecture/frozen-architecture.md:684: trailing whitespace.
+所有客户端都支持声明式 UI 与 Custom Render Bundle 两档。自定义包在加载前必须完成 package hash、签名、manifest schema、Plugin API 兼容、权限、大小/资源、CSP 与入口检查；运行时在 sandbox iframe 或 isolated WebView 中执行，并且只能通过白名单 Plugin Bridge 调用 Host API。
spec/architecture/frozen-architecture.md:685: trailing whitespace.
+
spec/architecture/frozen-architecture.md:686: trailing whitespace.
+#### 不可变制品
spec/architecture/frozen-architecture.md:687: trailing whitespace.
+
spec/architecture/frozen-architecture.md:688: trailing whitespace.
+UNIQUE(plugin_id, version)。同一版本的 package/backend/renderer hash 变化必须拒绝。消息数据与渲染代码分离，历史插件消息携带 plugin_id、plugin_version、renderer 与 fallback TEXT；客户端必须保留仍被历史消息引用的旧 renderer。
spec/architecture/frozen-architecture.md:689: trailing whitespace.
+
spec/architecture/frozen-architecture.md:690: trailing whitespace.
+<a id="section-8-3"></a>
spec/architecture/frozen-architecture.md:691: trailing whitespace.
+### 8.3 WASM 后端 Sandbox
spec/architecture/frozen-architecture.md:692: trailing whitespace.
+
spec/architecture/frozen-architecture.md:693: trailing whitespace.
+- 默认不可访问数据库、服务器文件、任意 socket、其他插件内存。
spec/architecture/frozen-architecture.md:694: trailing whitespace.
+
spec/architecture/frozen-architecture.md:695: trailing whitespace.
+- 资源边界包括 CPU/执行时长、内存、并发、存储配额与网络策略。
spec/architecture/frozen-architecture.md:696: trailing whitespace.
+
spec/architecture/frozen-architecture.md:697: trailing whitespace.
+- 持久状态在 PostgreSQL plugin_kv；WASM 执行尽量无状态，可缓存编译 module。
spec/architecture/frozen-architecture.md:698: trailing whitespace.
+
spec/architecture/frozen-architecture.md:699: trailing whitespace.
+- 连续 timeout/panic/limit violation 达阈值后 AUTO_DISABLED，并通知 Conversation Owner；IM 主链继续工作。
spec/architecture/frozen-architecture.md:700: trailing whitespace.
+
spec/architecture/frozen-architecture.md:701: trailing whitespace.
+<a id="section-9"></a>
spec/architecture/frozen-architecture.md:702: trailing whitespace.
+## 9. 插件版本、热插拔与回滚
spec/architecture/frozen-architecture.md:703: trailing whitespace.
+
spec/architecture/frozen-architecture.md:704: trailing whitespace.
+```mermaid
spec/architecture/frozen-architecture.md:705: trailing whitespace.
+flowchart LR
spec/architecture/frozen-architecture.md:706: trailing whitespace.
+  subgraph Artifact["不可变制品"]
spec/architecture/frozen-architecture.md:707: trailing whitespace.
+    Uploaded["UPLOADED"] --> Validating["VALIDATING"] --> Verified["VERIFIED"]
spec/architecture/frozen-architecture.md:708: trailing whitespace.
+  end
spec/architecture/frozen-architecture.md:709: trailing whitespace.
+  Verified -.->|"安装前提，不是同一状态机"| Installing
spec/architecture/frozen-architecture.md:710: trailing whitespace.
+  subgraph Instance["Conversation 实例"]
spec/architecture/frozen-architecture.md:711: trailing whitespace.
+    Installing["INSTALLING"] --> Enabled["ENABLED"]
spec/architecture/frozen-architecture.md:712: trailing whitespace.
+  Enabled --> Disabled["DISABLED"] --> Uninstalled["UNINSTALLED"] --> Retained["RETAINED"] --> Purged["PURGED"]
spec/architecture/frozen-architecture.md:713: trailing whitespace.
+  Disabled -->|"re-enable"| Enabled
spec/architecture/frozen-architecture.md:714: trailing whitespace.
+  end
spec/architecture/frozen-architecture.md:715: trailing whitespace.
+  Exception["异常旁路<br/>VALIDATION / INSTALL / RUNTIME / ROLLBACK_FAILED"]
spec/architecture/frozen-architecture.md:716: trailing whitespace.
+  Upgrade["升级<br/>旧版保持 ENABLED → 快照/迁移/健康检查 → 原子切换；失败回滚"]
spec/architecture/frozen-architecture.md:717: trailing whitespace.
+  %% 异常及升级仍遵循正文和 canonical lifecycle contracts。
spec/architecture/frozen-architecture.md:718: trailing whitespace.
+```
spec/architecture/frozen-architecture.md:719: trailing whitespace.
+
spec/architecture/frozen-architecture.md:720: trailing whitespace.
+> 图 9-1 插件制品与实例生命周期。Artifact 状态和 Conversation 下 Instance 状态必须分离。
spec/architecture/frozen-architecture.md:721: trailing whitespace.
+
spec/architecture/frozen-architecture.md:722: trailing whitespace.
+<a id="section-9-1"></a>
spec/architecture/frozen-architecture.md:723: trailing whitespace.
+### 9.1 安装
spec/architecture/frozen-architecture.md:724: trailing whitespace.
+
spec/architecture/frozen-architecture.md:725: trailing whitespace.
+1. 检查安装权限 -> Artifact VERIFIED -> API compatibility -> 权限确认
spec/architecture/frozen-architecture.md:726: trailing whitespace.
+2. BEGIN: plugin_instance=INSTALLING + grants + sync_event + outbox -> COMMIT
spec/architecture/frozen-architecture.md:727: trailing whitespace.
+3. 异步: preload WASM + client bundle fetch + health check
spec/architecture/frozen-architecture.md:728: trailing whitespace.
+4. 成功: ENABLED；失败: INSTALL_FAILED，不影响 IM 主服务
spec/architecture/frozen-architecture.md:729: trailing whitespace.
+
spec/architecture/frozen-architecture.md:730: trailing whitespace.
+<a id="section-9-2"></a>
spec/architecture/frozen-architecture.md:731: trailing whitespace.
+### 9.2 升级与双版本共存
spec/architecture/frozen-architecture.md:732: trailing whitespace.
+
spec/architecture/frozen-architecture.md:733: trailing whitespace.
+Plugin Instance 维护 active_version、desired_version、previous_version。升级期间旧版保持服务：安装新版 -> plugin_kv 快照 -> storage migration -> backend/renderer 健康检查 -> 原子切换。任何一步失败都恢复快照并继续旧版。Backend WASM 与 Renderer Bundle 属于同一制品版本，不允许拆开升级。
spec/architecture/frozen-architecture.md:734: trailing whitespace.
+
spec/architecture/frozen-architecture.md:735: trailing whitespace.
+<a id="section-9-3"></a>
spec/architecture/frozen-architecture.md:736: trailing whitespace.
+### 9.3 Disable / Uninstall / Purge
spec/architecture/frozen-architecture.md:737: trailing whitespace.
+
spec/architecture/frozen-architecture.md:738: trailing whitespace.
+| 操作 | 运行行为 | 数据 |
spec/architecture/frozen-architecture.md:739: trailing whitespace.
+| --- | --- | --- |
spec/architecture/frozen-architecture.md:740: trailing whitespace.
+| DISABLE | 停止接收新事件与产生 Action，隐藏入口，可重新 enable | 保留 |
spec/architecture/frozen-architecture.md:741: trailing whitespace.
+| UNINSTALL | Conversation 不再持有活动实例 | 默认 RETAINED |
spec/architecture/frozen-architecture.md:742: trailing whitespace.
+| PURGE | 显式不可逆清理操作；需要高权限和审计 | 删除前必须确认保留策略；不得删除仍被历史消息引用且必须保留的 renderer |
spec/architecture/frozen-architecture.md:743: trailing whitespace.
+
spec/architecture/frozen-architecture.md:744: trailing whitespace.
+<a id="section-9-4"></a>
spec/architecture/frozen-architecture.md:745: trailing whitespace.
+### 9.4 官方兼容 fixtures
spec/architecture/frozen-architecture.md:746: trailing whitespace.
+
spec/architecture/frozen-architecture.md:747: trailing whitespace.
+Loop 1 必须提供 Echo Plugin 和 Poll Plugin。Echo 验证 event -> WASM -> action -> message；Poll 验证 PLUGIN message、Custom Renderer、plugin storage、客户端 UI 交互与 fallback TEXT。这两个插件进入持续兼容矩阵。
spec/architecture/frozen-architecture.md:748: trailing whitespace.
+
spec/architecture/frozen-architecture.md:749: trailing whitespace.
+<a id="section-10"></a>
spec/architecture/frozen-architecture.md:750: trailing whitespace.
+## 10. Monorepo 与规范控制面
spec/architecture/frozen-architecture.md:751: trailing whitespace.
+
spec/architecture/frozen-architecture.md:752: trailing whitespace.
+```text
spec/architecture/frozen-architecture.md:753: trailing whitespace.
+/
spec/architecture/frozen-architecture.md:754: trailing whitespace.
+├── spec/
spec/architecture/frozen-architecture.md:755: trailing whitespace.
+│ ├── architecture/
spec/architecture/frozen-architecture.md:756: trailing whitespace.
+│ │ ├── README.md + baseline.md # resolver 与完整性元数据
spec/architecture/frozen-architecture.md:757: trailing whitespace.
+│ │ ├── frozen-architecture.md # 唯一现行正文
spec/architecture/frozen-architecture.md:758: trailing whitespace.
+│ │ └── decisions/ # ADR + frozen decisions
spec/architecture/frozen-architecture.md:759: trailing whitespace.
+│ ├── domain/ # auth/user/friend/conversation/message/sync/plugin
spec/architecture/frozen-architecture.md:760: trailing whitespace.
+│ ├── invariants/ # 跨语言不可变量
spec/architecture/frozen-architecture.md:761: trailing whitespace.
+│ ├── acceptance/ # loop-1.md + stage gates
spec/architecture/frozen-architecture.md:762: trailing whitespace.
+│ ├── progress/
spec/architecture/frozen-architecture.md:763: trailing whitespace.
+│ │ ├── current.md
spec/architecture/frozen-architecture.md:764: trailing whitespace.
+│ │ └── checkpoints/
spec/architecture/frozen-architecture.md:765: trailing whitespace.
+│ ├── handoff/agent-context.md
spec/architecture/frozen-architecture.md:766: trailing whitespace.
+│ └── tasks/{backlog,ready,active,review,done}/
spec/architecture/frozen-architecture.md:767: trailing whitespace.
+├── contracts/
spec/architecture/frozen-architecture.md:768: trailing whitespace.
+│ ├── http/
spec/architecture/frozen-architecture.md:769: trailing whitespace.
+│ ├── websocket/
spec/architecture/frozen-architecture.md:770: trailing whitespace.
+│ ├── errors/
spec/architecture/frozen-architecture.md:771: trailing whitespace.
+│ ├── database/
spec/architecture/frozen-architecture.md:772: trailing whitespace.
+│ ├── plugin-api/
spec/architecture/frozen-architecture.md:773: trailing whitespace.
+│ └── fixtures/ # golden vectors / old clients / plugins
spec/architecture/frozen-architecture.md:774: trailing whitespace.
+├── backend/
spec/architecture/frozen-architecture.md:775: trailing whitespace.
+│ ├── go/{gateway,core,plugin-host,tests,shared}/
spec/architecture/frozen-architecture.md:776: trailing whitespace.
+│ └── java/{gateway,core,plugin-host,tests,shared}/
spec/architecture/frozen-architecture.md:777: trailing whitespace.
+├── clients/
spec/architecture/frozen-architecture.md:778: trailing whitespace.
+│ ├── shared/{protocol-sdk,plugin-sdk,ui}/
spec/architecture/frozen-architecture.md:779: trailing whitespace.
+│ ├── web/
spec/architecture/frozen-architecture.md:780: trailing whitespace.
+│ ├── desktop/
spec/architecture/frozen-architecture.md:781: trailing whitespace.
+│ └── mobile/
spec/architecture/frozen-architecture.md:782: trailing whitespace.
+├── plugins/fixtures/{echo,poll}/
spec/architecture/frozen-architecture.md:783: trailing whitespace.
+├── tests/{contract,integration,e2e,compatibility,load}/
spec/architecture/frozen-architecture.md:784: trailing whitespace.
+├── deploy/{compose,proxy,observability}/
spec/architecture/frozen-architecture.md:785: trailing whitespace.
+├── ci/
spec/architecture/frozen-architecture.md:786: trailing whitespace.
+└── tools/
spec/architecture/frozen-architecture.md:787: trailing whitespace.
+```
spec/architecture/frozen-architecture.md:788: trailing whitespace.
+
spec/architecture/frozen-architecture.md:789: trailing whitespace.
+### 服务源码与依赖规则（Go / Java 共同适用）
spec/architecture/frozen-architecture.md:790: trailing whitespace.
+
spec/architecture/frozen-architecture.md:791: trailing whitespace.
+- **SRC-01**：`backend/<language>/gateway/**` 只实现 §3.1 Gateway；`core/**` 拥有 Auth/Session 写事务、User/Friend/Conversation/Message/Sync/Outbox；`plugin-host/**` 拥有受控插件执行与代理。业务源码 MUST 位于对应服务范围，不能放在语言根目录或未批准的 `internal/**` 业务目录。
spec/architecture/frozen-architecture.md:792: trailing whitespace.
+- **SRC-02**：语言根目录只白名单允许入口装配（Go `main.go`、Java `Main.java`）、模块/依赖/构建文件（Go `go.mod`/`go.sum`，Java `pom.xml` 或 Gradle 配置）、Dockerfile、README.md、config.example.json 及根入口测试（Go `main_test.go`、Java `MainTest.java`）。入口只能读取配置、选择角色、连接依赖、启动/关闭对应服务；不得实现路由业务、Auth 服务或 Session 写逻辑。根测试仅验证装配，服务测试与职责同迁或置于 `tests/**`；不能以测试文件名藏业务实现。新增根源码例外必须先明确批准、列入检查器白名单并限定用途。
spec/architecture/frozen-architecture.md:793: trailing whitespace.
+- **SRC-03**：`shared/**` 可承载配置读取、日志、连接建立、通用编解码、密码学/令牌原语和由 canonical contracts 约束的传输数据类型。共享包 MUST NOT 承载完整 Auth 服务、注册/登录/刷新/退出流程、Session 写事务、业务仓储、权限/成员决策、Outbox 业务编排，亦不得反向依赖任何服务包。Gateway 的只读权威 Session 校验归 Gateway；Core 保有写事务。共享不是绕过职责的后门。
spec/architecture/frozen-architecture.md:794: trailing whitespace.
+- **SRC-04**：服务可依赖共享支持与本服务内部包；任何服务 MUST NOT 直接 import/依赖另一服务内部实现。服务间通过现有授权的 HTTP/WSS/事件/受控 Host bridge 边界协作；不因源码整改新增 RPC、公共契约、module 或基础设施。根装配可依赖各服务的最小启动接口，测试可跨服务作黑盒组合验证，均不得成为运行期业务反向依赖。
spec/architecture/frozen-architecture.md:795: trailing whitespace.
+- **SRC-05**：Go 与 Java 可使用不同的服务内部包/模块/线程组织；共同职责、物理角色和上述源码边界不可被“行为等价”豁免。不强制三 module、三 binary 或多层架构。Reviewer 检查实际职责和 import 图，不只看文件名或目录存在。
spec/architecture/frozen-architecture.md:796: trailing whitespace.
+- **SRC-06**：S0 历史占位白名单为 Go `backend/go/main.go` 与 Java `backend/java/InfraPlaceholder.java` 的非业务启动/健康/transport echo 骨架；清单不允许其承载业务。按后端分别退出：该后端第一次业务实现开始即移除业务路径的占位豁免；另一后端仍按明确占位清单验证，不能永久跳过结构规则。新规则暴露的旧实现偏离必须在迁移任务消除，不能 grandfather。单次跨服务迁移需 Task Spec 明确列出迁移文件/职责、范围和退出条件。
spec/architecture/frozen-architecture.md:797: trailing whitespace.
+- **SRC-07**：Task `allowed_paths` 仅限定可修改范围，不是架构豁免。普通业务任务按服务职责收窄；结构/依赖检查和行为测试共同验收。规范冲突必须在实现前升级，禁止事后修改架构追认错误布局。
spec/architecture/frozen-architecture.md:798: trailing whitespace.
+
spec/architecture/frozen-architecture.md:799: trailing whitespace.
+<a id="section-10-1"></a>
spec/architecture/frozen-architecture.md:800: trailing whitespace.
+### 10.1 spec/ 各目录的职责
spec/architecture/frozen-architecture.md:801: trailing whitespace.
+
spec/architecture/frozen-architecture.md:802: trailing whitespace.
+| 路径 | 回答的问题 | 禁止内容 |
spec/architecture/frozen-architecture.md:803: trailing whitespace.
+| --- | --- | --- |
spec/architecture/frozen-architecture.md:804: trailing whitespace.
+| architecture/decisions | 为什么这样设计，哪些已经冻结？ | 临时实现笔记 |
spec/architecture/frozen-architecture.md:805: trailing whitespace.
+| domain | 业务对象与行为是什么？ | 某语言的类结构 |
spec/architecture/frozen-architecture.md:806: trailing whitespace.
+| invariants | 无论实现如何都必须成立什么？ | 性能猜测 |
spec/architecture/frozen-architecture.md:807: trailing whitespace.
+| acceptance | 怎样判定阶段/Loop 通过？ | 不可验证的“基本完成” |
spec/architecture/frozen-architecture.md:808: trailing whitespace.
+| progress/current.md | 现在整体在哪里？最后已验证状态是什么？ | 任务细节堆积 |
spec/architecture/frozen-architecture.md:809: trailing whitespace.
+| checkpoints | 稳定里程碑的可恢复快照是什么？ | 每次小编辑日志 |
spec/architecture/frozen-architecture.md:810: trailing whitespace.
+| handoff/agent-context.md | 新 Agent 先知道什么？ | 重复全部文档 |
spec/architecture/frozen-architecture.md:811: trailing whitespace.
+| tasks | 下一件可执行工作是什么？允许修改哪里？ | 架构自由发挥 |
spec/architecture/frozen-architecture.md:812: trailing whitespace.
+
spec/architecture/frozen-architecture.md:813: trailing whitespace.
+<a id="section-11"></a>
spec/architecture/frozen-architecture.md:814: trailing whitespace.
+## 11. 公共契约与双后端实现
spec/architecture/frozen-architecture.md:815: trailing whitespace.
+
spec/architecture/frozen-architecture.md:816: trailing whitespace.
+<a id="section-11-1"></a>
spec/architecture/frozen-architecture.md:817: trailing whitespace.
+### 11.1 唯一权威
spec/architecture/frozen-architecture.md:818: trailing whitespace.
+
spec/architecture/frozen-architecture.md:819: trailing whitespace.
+Canonical Contracts 位于 contracts/，同时驱动 Go、Java/Spring 和客户端 SDK。契约包含 OpenAPI/HTTP、WSS envelope 与消息类型、错误码、协议版本与 capabilities、数据库 schema/migrations、Plugin API、Golden Test Vectors。实现代码不得成为反向权威。
spec/architecture/frozen-architecture.md:820: trailing whitespace.
+
spec/architecture/frozen-architecture.md:821: trailing whitespace.
+<a id="section-11-2"></a>
spec/architecture/frozen-architecture.md:822: trailing whitespace.
+### 11.2 等价而非同构
spec/architecture/frozen-architecture.md:823: trailing whitespace.
+
spec/architecture/frozen-architecture.md:824: trailing whitespace.
+| 必须相同 | 允许不同 |
spec/architecture/frozen-architecture.md:825: trailing whitespace.
+| --- | --- |
spec/architecture/frozen-architecture.md:826: trailing whitespace.
+| HTTP/WSS 可观察行为、错误码、事务语义、幂等、顺序、Sync、插件权限、数据库结果；§3/§10 服务职责、源码归属和依赖方向 | 服务内部框架、包结构、依赖注入、ORM/SQL 工具、线程/协程模型、内部接口 |
spec/architecture/frozen-architecture.md:827: trailing whitespace.
+| Release Manifest、健康检查、metrics 标签、日志关联字段 | 内部模块名称与代码风格 |
spec/architecture/frozen-architecture.md:828: trailing whitespace.
+
spec/architecture/frozen-architecture.md:829: trailing whitespace.
+内部结构可不同不等于可自行选型；§2.3 适用于所有新增 architecture-sensitive framework、ORM、runtime 与核心依赖。§11.2 的可不同栏目仅表示在各自已批准技术决定内不要求同构。
spec/architecture/frozen-architecture.md:830: trailing whitespace.
+
spec/architecture/frozen-architecture.md:831: trailing whitespace.
+<a id="section-11-3"></a>
spec/architecture/frozen-architecture.md:832: trailing whitespace.
+### 11.3 Golden Contract Tests
spec/architecture/frozen-architecture.md:833: trailing whitespace.
+
spec/architecture/frozen-architecture.md:834: trailing whitespace.
+```text
spec/architecture/frozen-architecture.md:835: trailing whitespace.
+同一 fixture 输入 -> Go profile -> 规范化结果 A
spec/architecture/frozen-architecture.md:836: trailing whitespace.
+同一 fixture 输入 -> Java profile -> 规范化结果 B
spec/architecture/frozen-architecture.md:837: trailing whitespace.
+断言 A == Canonical Expected && B == Canonical Expected
spec/architecture/frozen-architecture.md:838: trailing whitespace.
+必须覆盖：auth/session、friend/direct uniqueness、group idempotency、message ACK/outbox、retry、sync gap、plugin permissions、errors/version negotiation
spec/architecture/frozen-architecture.md:839: trailing whitespace.
+```
spec/architecture/frozen-architecture.md:840: trailing whitespace.
+
spec/architecture/frozen-architecture.md:841: trailing whitespace.
+<a id="section-11-4"></a>
spec/architecture/frozen-architecture.md:842: trailing whitespace.
+### 11.4 数据库迁移
spec/architecture/frozen-architecture.md:843: trailing whitespace.
+
spec/architecture/frozen-architecture.md:844: trailing whitespace.
+两套后端共享数据库语义，但单次部署只运行一个 profile。migration 由独立迁移组件执行，不允许应用实例竞争执行。所有兼容窗口内的服务与客户端 fixture 必须通过 migration 测试。破坏性 schema 变更采用 expand -> migrate/backfill-> switch -> contract，多版本共存期间禁止先删旧字段。
spec/architecture/frozen-architecture.md:845: trailing whitespace.
+
spec/architecture/frozen-architecture.md:846: trailing whitespace.
+<a id="section-12"></a>
spec/architecture/frozen-architecture.md:847: trailing whitespace.
+## 12. AI Development Loop
spec/architecture/frozen-architecture.md:848: trailing whitespace.
+
spec/architecture/frozen-architecture.md:849: trailing whitespace.
+```mermaid
spec/architecture/frozen-architecture.md:850: trailing whitespace.
+flowchart LR
spec/architecture/frozen-architecture.md:851: trailing whitespace.
+  Context["读取上下文"] --> Repo["恢复真实任务状态"] --> Plan["PLAN"] --> Implement["新 Implementation Agent"] --> Test["本地验证 + 候选提交"] --> Review["新独立 Review Agent"]
spec/architecture/frozen-architecture.md:852: trailing whitespace.
+  Review -->|"FAIL"| Failure["新 Fix Agent；授权范围内修复"]
spec/architecture/frozen-architecture.md:853: trailing whitespace.
+  Failure --> Test
spec/architecture/frozen-architecture.md:854: trailing whitespace.
+  Review -->|"PASS"| CI["适用真实 CI；核对 head SHA 与必跑作业"]
spec/architecture/frozen-architecture.md:855: trailing whitespace.
+  CI -->|"FAIL"| Failure
spec/architecture/frozen-architecture.md:856: trailing whitespace.
+  CI -->|"PASS"| Complete["接受任务；更新队列/证据/current/checkpoint"]
spec/architecture/frozen-architecture.md:857: trailing whitespace.
+  Complete --> Handoff["HANDOFF / 下一依赖满足任务"]
spec/architecture/frozen-architecture.md:858: trailing whitespace.
+```
spec/architecture/frozen-architecture.md:859: trailing whitespace.
+
spec/architecture/frozen-architecture.md:860: trailing whitespace.
+> 实现/修复与接受候选的 Review 必须是真实不同的新上下文；同一上下文改角色名不是独立审查。单写者；普通失败进入修复与新的独立 Review 循环。验收依据是权威规范、契约、候选 diff、结构/依赖/最小性检查及真实测试结果。
spec/architecture/frozen-architecture.md:861: trailing whitespace.
+>
spec/architecture/frozen-architecture.md:862: trailing whitespace.
+> 图 12-1 Agent 工作流。开发自动化和 CI/CD 是两个独立系统。
spec/architecture/frozen-architecture.md:863: trailing whitespace.
+
spec/architecture/frozen-architecture.md:864: trailing whitespace.
+<a id="section-12-1"></a>
spec/architecture/frozen-architecture.md:865: trailing whitespace.
+### 12.1 Task Spec 模板
spec/architecture/frozen-architecture.md:866: trailing whitespace.
+
spec/architecture/frozen-architecture.md:867: trailing whitespace.
+```text
spec/architecture/frozen-architecture.md:868: trailing whitespace.
+task_id: LOOP1-MSG-003
spec/architecture/frozen-architecture.md:869: trailing whitespace.
+goal: implement WSS text message sending
spec/architecture/frozen-architecture.md:870: trailing whitespace.
+inputs:
spec/architecture/frozen-architecture.md:871: trailing whitespace.
+ - spec/architecture/README.md # resolve §3/§10/§11 + Minimality Contract
spec/architecture/frozen-architecture.md:872: trailing whitespace.
+ - spec/domain/messaging.md
spec/architecture/frozen-architecture.md:873: trailing whitespace.
+ - spec/invariants/messaging.md
spec/architecture/frozen-architecture.md:874: trailing whitespace.
+ - contracts/websocket/
spec/architecture/frozen-architecture.md:875: trailing whitespace.
+allowed_paths:
spec/architecture/frozen-architecture.md:876: trailing whitespace.
+ - backend/go/core/message/**
spec/architecture/frozen-architecture.md:877: trailing whitespace.
+ - backend/go/core/outbox/**
spec/architecture/frozen-architecture.md:878: trailing whitespace.
+ - backend/go/tests/**
spec/architecture/frozen-architecture.md:879: trailing whitespace.
+acceptance:
spec/architecture/frozen-architecture.md:880: trailing whitespace.
+ - applicable source ownership and dependency checks pass
spec/architecture/frozen-architecture.md:881: trailing whitespace.
+ - contract tests pass
spec/architecture/frozen-architecture.md:882: trailing whitespace.
+ - retry is idempotent
spec/architecture/frozen-architecture.md:883: trailing whitespace.
+ - ACK only after durable commit
spec/architecture/frozen-architecture.md:884: trailing whitespace.
+forbidden:
spec/architecture/frozen-architecture.md:885: trailing whitespace.
+ - change public contract
spec/architecture/frozen-architecture.md:886: trailing whitespace.
+ - change DB contract without migration
spec/architecture/frozen-architecture.md:887: trailing whitespace.
+ - modify Java implementation
spec/architecture/frozen-architecture.md:888: trailing whitespace.
+```
spec/architecture/frozen-architecture.md:889: trailing whitespace.
+
spec/architecture/frozen-architecture.md:890: trailing whitespace.
+<a id="section-12-2"></a>
spec/architecture/frozen-architecture.md:891: trailing whitespace.
+### 12.2 状态队列
spec/architecture/frozen-architecture.md:892: trailing whitespace.
+
spec/architecture/frozen-architecture.md:893: trailing whitespace.
+backlog -> ready -> active -> review -> done
spec/architecture/frozen-architecture.md:894: trailing whitespace.
+
spec/architecture/frozen-architecture.md:895: trailing whitespace.
+- 进入 ready: inputs 完整、依赖完成、验收可执行
spec/architecture/frozen-architecture.md:896: trailing whitespace.
+- 进入 active: 分配唯一 owner/agent、建立 task branch
spec/architecture/frozen-architecture.md:897: trailing whitespace.
+- 进入 review: 实现完成 + 本地最小验证 + handoff 完整
spec/architecture/frozen-architecture.md:898: trailing whitespace.
+- 进入 done: 对精确候选的适用真实 CI PASS + 新独立 review 接受 + progress 更新；Task PASS 不等于整个 Stage Gate PASS。ADR-0001 临时 bootstrap 机制仅在 LOOP1-CI-001 operational 且 done 前有效，现已失效，不得恢复为绕过方式。
spec/architecture/frozen-architecture.md:899: trailing whitespace.
+
spec/architecture/frozen-architecture.md:900: trailing whitespace.
+<a id="section-12-3"></a>
spec/architecture/frozen-architecture.md:901: trailing whitespace.
+### 12.3 Git 工作模式
spec/architecture/frozen-architecture.md:902: trailing whitespace.
+
spec/architecture/frozen-architecture.md:903: trailing whitespace.
+采用 main + task/，不引入复杂 GitFlow。每个任务独立分支、最小提交、CI、Review 后合并。Agent 不得长期堆积跨任务改动，也不得为了让 CI 变绿而修改无关测试或公共契约。
spec/architecture/frozen-architecture.md:904: trailing whitespace.
+
spec/architecture/frozen-architecture.md:905: trailing whitespace.
+<a id="section-13"></a>
spec/architecture/frozen-architecture.md:906: trailing whitespace.
+## 13. Agent 启动与交接协议
spec/architecture/frozen-architecture.md:907: trailing whitespace.
+
spec/architecture/frozen-architecture.md:908: trailing whitespace.
+<a id="section-13-1"></a>
spec/architecture/frozen-architecture.md:909: trailing whitespace.
+### 13.1 强制读取顺序
spec/architecture/frozen-architecture.md:910: trailing whitespace.
+
spec/architecture/frozen-architecture.md:911: trailing whitespace.
+| 顺序 | 必须读取 | 退出条件 |
spec/architecture/frozen-architecture.md:912: trailing whitespace.
+| --- | --- | --- |
spec/architecture/frozen-architecture.md:913: trailing whitespace.
+| 1 | spec/handoff/agent-context.md | 理解项目边界、frozen decisions 与工作方式 |
spec/architecture/frozen-architecture.md:914: trailing whitespace.
+| 2 | spec/progress/current.md | 知道当前 Stage、Gate、最后已验证commit、blockers |
spec/architecture/frozen-architecture.md:915: trailing whitespace.
+| 3 | 按 current.md 的精确 Current Task ID 查找 backlog/ready/active/review/done，必须唯一且 status 匹配 | review 继续独立审查/修复；active 继续实现；ready 验依赖后激活；backlog 保持阻塞；仅当前 done 且无未完当前任务才按依赖选下一任务，禁止 active 为空就跳任务 |
spec/architecture/frozen-architecture.md:916: trailing whitespace.
+| 4 | resolver/hash、现行冻结正文适用 §3/§10/§11、批准 ADR、Minimality 及任务引用的 domain/invariants/acceptance/contracts | 能复述职责、源码/依赖边界、不可变量、输入输出与验收 |
spec/architecture/frozen-architecture.md:917: trailing whitespace.
+| 5 | git status、当前 diff、最近提交 | 识别用户/前 Agent 未完成改动，不覆盖 |
spec/architecture/frozen-architecture.md:918: trailing whitespace.
+| 6 | 最小基线验证 | 确认仓库状态可继续；失败则记录而非盲改 |
spec/architecture/frozen-architecture.md:919: trailing whitespace.
+| 7 | PLAN -> IMPLEMENT -> TEST -> REVIEW | 仅在授权路径与任务范围内工作 |
spec/architecture/frozen-architecture.md:920: trailing whitespace.
+
spec/architecture/frozen-architecture.md:921: trailing whitespace.
+<a id="section-13-2"></a>
spec/architecture/frozen-architecture.md:922: trailing whitespace.
+### 13.2 Handoff 必填项
spec/architecture/frozen-architecture.md:923: trailing whitespace.
+
spec/architecture/frozen-architecture.md:924: trailing whitespace.
+- Current task / stage / gate
spec/architecture/frozen-architecture.md:925: trailing whitespace.
+- Completed work
spec/architecture/frozen-architecture.md:926: trailing whitespace.
+- Files and migrations changed
spec/architecture/frozen-architecture.md:927: trailing whitespace.
+- Tests: command + result + evidence location
spec/architecture/frozen-architecture.md:928: trailing whitespace.
+- Known failures / risks / assumptions
spec/architecture/frozen-architecture.md:929: trailing whitespace.
+- Next exact action
spec/architecture/frozen-architecture.md:930: trailing whitespace.
+- Last known good commit
spec/architecture/frozen-architecture.md:931: trailing whitespace.
+- Uncommitted changes and ownership
spec/architecture/frozen-architecture.md:932: trailing whitespace.
+- Architecture conflicts or ACP/ADR required
spec/architecture/frozen-architecture.md:933: trailing whitespace.
+
spec/architecture/frozen-architecture.md:934: trailing whitespace.
+<a id="section-13-3"></a>
spec/architecture/frozen-architecture.md:935: trailing whitespace.
+### 13.3 Checkpoint 规则
spec/architecture/frozen-architecture.md:936: trailing whitespace.
+
spec/architecture/frozen-architecture.md:937: trailing whitespace.
+稳定 Gate、重要纵向链路、schema/contract 版本切换或可恢复发布点必须生成 checkpoint。checkpoint 记录 commit、contract version、migration level、image digests、fixture versions、通过的 Gate 与已知限制。current.md 始终指向最新 checkpoint，而不是复制其全部内容。
spec/architecture/frozen-architecture.md:938: trailing whitespace.
+
spec/architecture/frozen-architecture.md:939: trailing whitespace.
+#### 崩溃恢复目标
spec/architecture/frozen-architecture.md:940: trailing whitespace.
+
spec/architecture/frozen-architecture.md:941: trailing whitespace.
+新的 Agent 不扫描整个仓库重新猜架构。它通过 agent-context -> current -> 精确 Current Task 的真实队列状态 -> referenced specs/contracts -> git status/diff/commits 在一个可控上下文中恢复工作。
spec/architecture/frozen-architecture.md:942: trailing whitespace.
+
spec/architecture/frozen-architecture.md:943: trailing whitespace.
+<a id="section-14"></a>
spec/architecture/frozen-architecture.md:944: trailing whitespace.
+## 14. CI/CD 独立校验架构
spec/architecture/frozen-architecture.md:945: trailing whitespace.
+
spec/architecture/frozen-architecture.md:946: trailing whitespace.
+```mermaid
spec/architecture/frozen-architecture.md:947: trailing whitespace.
+flowchart LR
spec/architecture/frozen-architecture.md:948: trailing whitespace.
+  Diff["Diff 分类"]
spec/architecture/frozen-architecture.md:949: trailing whitespace.
+  Diff --> GoPath["backend/go/**"]
spec/architecture/frozen-architecture.md:950: trailing whitespace.
+  Diff --> JavaPath["backend/java/**"]
spec/architecture/frozen-architecture.md:951: trailing whitespace.
+  Diff --> Shared["contracts/** / DB / shared SDK"]
spec/architecture/frozen-architecture.md:952: trailing whitespace.
+  Diff --> Rules["architecture / Agent / task template / acceptance / checker"]
spec/architecture/frozen-architecture.md:953: trailing whitespace.
+  Rules --> Structure["规范 + 源码归属 + 依赖 + 触发负例"]
spec/architecture/frozen-architecture.md:954: trailing whitespace.
+  GoCI --> Structure
spec/architecture/frozen-architecture.md:955: trailing whitespace.
+  JavaCI --> Structure
spec/architecture/frozen-architecture.md:956: trailing whitespace.
+  Structure --> Gate
spec/architecture/frozen-architecture.md:957: trailing whitespace.
+  GoPath --> GoCI["Go CI<br/>unit + integration<br/>contract"]
spec/architecture/frozen-architecture.md:958: trailing whitespace.
+  JavaPath --> JavaCI["Java CI<br/>unit + integration<br/>contract"]
spec/architecture/frozen-architecture.md:959: trailing whitespace.
+  Shared --> Matrix["全平台兼容矩阵<br/>Go + Java + clients<br/>plugin + migration"]
spec/architecture/frozen-architecture.md:960: trailing whitespace.
+  Matrix --> Artifacts["可重复制品<br/>镜像 / 客户端"]
spec/architecture/frozen-architecture.md:961: trailing whitespace.
+  Matrix --> Smoke["Staging Smoke"]
spec/architecture/frozen-architecture.md:962: trailing whitespace.
+  Artifacts --> Smoke
spec/architecture/frozen-architecture.md:963: trailing whitespace.
+  Smoke --> Gate["Release Gate<br/>manifest + rollback"]
spec/architecture/frozen-architecture.md:964: trailing whitespace.
+```
spec/architecture/frozen-architecture.md:965: trailing whitespace.
+
spec/architecture/frozen-architecture.md:966: trailing whitespace.
+> Agent 负责提出变更；CI 独立验证事实。Agent 无权自行宣布 Gate 通过。
spec/architecture/frozen-architecture.md:967: trailing whitespace.
+>
spec/architecture/frozen-architecture.md:968: trailing whitespace.
+> 图 14-1 Path-aware CI DAG。分类分支相互独立；公共契约/schema/shared SDK 变更按表触发兼容矩阵，规范与检查器变更必须触发适用架构检查。部署/发布节点表示相应阶段要求，不把未来发布能力冒充当前 skeleton。
spec/architecture/frozen-architecture.md:969: trailing whitespace.
+
spec/architecture/frozen-architecture.md:970: trailing whitespace.
+<a id="section-14-1"></a>
spec/architecture/frozen-architecture.md:971: trailing whitespace.
+### 14.1 路径感知规则
spec/architecture/frozen-architecture.md:972: trailing whitespace.
+
spec/architecture/frozen-architecture.md:973: trailing whitespace.
+| 变更路径 | 必跑作业 |
spec/architecture/frozen-architecture.md:974: trailing whitespace.
+| --- | --- |
spec/architecture/frozen-architecture.md:975: trailing whitespace.
+| backend/go/** | Go lint/unit/integration/contract；不默认跑 Java |
spec/architecture/frozen-architecture.md:976: trailing whitespace.
+| backend/java/** | Java lint/unit/integration/contract；不默认跑 Go |
spec/architecture/frozen-architecture.md:977: trailing whitespace.
+| clients/web/** | Web unit/build/protocol/plugin UI tests |
spec/architecture/frozen-architecture.md:978: trailing whitespace.
+| clients/desktop/** 或 clients/mobile/** | architecture/client technology guard + 对应客户端 + SQLite migration + protocol tests |
spec/architecture/frozen-architecture.md:979: trailing whitespace.
+| contracts/**、数据库迁移、shared protocol/plugin SDK | Go + Java + Web + Desktop + Mobile + old client fixtures + plugin fixtures + migration compatibility |
spec/architecture/frozen-architecture.md:980: trailing whitespace.
+| deploy/**、ci/**、.github/workflows/** | 按当前阶段执行 compose/manifest/security/smoke/rollback validation，并验证分类与 Gate |
spec/architecture/frozen-architecture.md:981: trailing whitespace.
+| spec/architecture/**、Agent 入口、handoff、活动任务/模板/batch、acceptance、架构检查器与测试 | baseline/resolver/ADR 一致性、活动引用、源码归属、Go/Java 适用阶段依赖检查、触发与正负控制；Markdown-only 不能全部跳过 |
spec/architecture/frozen-architecture.md:982: trailing whitespace.
+
spec/architecture/frozen-architecture.md:983: trailing whitespace.
+<a id="section-14-2"></a>
spec/architecture/frozen-architecture.md:984: trailing whitespace.
+### 14.2 流水线层次
spec/architecture/frozen-architecture.md:985: trailing whitespace.
+
spec/architecture/frozen-architecture.md:986: trailing whitespace.
+static/lint -> unit -> contract -> integration -> compatibility -> build
spec/architecture/frozen-architecture.md:987: trailing whitespace.
+-> immutable artifacts -> SBOM/signature -> staging deploy -> smoke/E2E
spec/architecture/frozen-architecture.md:988: trailing whitespace.
+-> release gate -> canary/controlled rollout -> observe -> complete or rollback
spec/architecture/frozen-architecture.md:989: trailing whitespace.
+
spec/architecture/frozen-architecture.md:990: trailing whitespace.
+<a id="section-14-3"></a>
spec/architecture/frozen-architecture.md:991: trailing whitespace.
+### 14.3 兼容矩阵
spec/architecture/frozen-architecture.md:992: trailing whitespace.
+
spec/architecture/frozen-architecture.md:993: trailing whitespace.
+完整兼容阶段的最低矩阵包含 Client Protocol v1、v2、HEAD；在相应协议与客户端版本尚未定义的早期阶段，只能明确报告现有契约向量/占位检查，不能虚构 v2 或声称已通过完整矩阵；后续阶段不得永久豁免。Go/Java profile；Echo/Poll 插件 fixture；SQLite old schema fixtures。服务端只维护一个当前实现版本与有限兼容窗口。latest/recommended/min_supported 必须在 Release Manifest 中显式声明，客户端版本号与 protocol_version 不绑定。
spec/architecture/frozen-architecture.md:994: trailing whitespace.
+
spec/architecture/frozen-architecture.md:995: trailing whitespace.
+<a id="section-14-4"></a>
spec/architecture/frozen-architecture.md:996: trailing whitespace.
+### 14.4 CI 与 Agent 的信任边界
spec/architecture/frozen-architecture.md:997: trailing whitespace.
+
spec/architecture/frozen-architecture.md:998: trailing whitespace.
+Agent 可运行本地测试并提交证据，但 Gate 只能由隔离 Runner 从干净 checkout 重建后判定。核对精确 head SHA、要求运行的作业及实际结果；必跑作业缺失、异常 skip、失败或取消均不满足 Gate。测试环境未启用导致的 skip 不是集成 PASS；旧提交的绿色不覆盖新增要求。历史 ADR-0001 的适用及失效条件见 §12.2。任何需要跳过测试、重录 golden fixture、降低阈值或更改验收项的动作都视为架构/验收变更，必须单独审批。
spec/architecture/frozen-architecture.md:999: trailing whitespace.
+
spec/architecture/frozen-architecture.md:1000: trailing whitespace.
+<a id="section-15"></a>
spec/architecture/frozen-architecture.md:1001: trailing whitespace.
+## 15. Loop 1: 12 周预算、里程碑门禁驱动
spec/architecture/frozen-architecture.md:1002: trailing whitespace.
+
spec/architecture/frozen-architecture.md:1003: trailing whitespace.
+```mermaid
spec/architecture/frozen-architecture.md:1004: trailing whitespace.
+flowchart LR
spec/architecture/frozen-architecture.md:1005: trailing whitespace.
+  S0["S0<br/>控制面<br/>W1<br/>Gate PASS"] --> S1["S1<br/>Go 纵切<br/>W2-3<br/>Gate PASS"]
spec/architecture/frozen-architecture.md:1006: trailing whitespace.
+  S1 --> S2["S2<br/>客户端同步<br/>W4-5<br/>Gate PASS"]
spec/architecture/frozen-architecture.md:1007: trailing whitespace.
+  S2 --> S3["S3<br/>Java 等价<br/>W6-7<br/>Gate PASS"]
spec/architecture/frozen-architecture.md:1008: trailing whitespace.
+  S3 --> S4["S4<br/>插件平台<br/>W8-9<br/>Gate PASS"]
spec/architecture/frozen-architecture.md:1009: trailing whitespace.
+  S4 --> S5["S5<br/>工程硬化<br/>W10<br/>Gate PASS"]
spec/architecture/frozen-architecture.md:1010: trailing whitespace.
+  S5 --> S6["S6<br/>5k RC<br/>W11-12<br/>Gate PASS"]
spec/architecture/frozen-architecture.md:1011: trailing whitespace.
+```
spec/architecture/frozen-architecture.md:1012: trailing whitespace.
+
spec/architecture/frozen-architecture.md:1013: trailing whitespace.
+> 提前通过即立即进入下一阶段；任何必需项失败则留在当前阶段修复。周数仅是预算窗口。
spec/architecture/frozen-architecture.md:1014: trailing whitespace.
+>
spec/architecture/frozen-architecture.md:1015: trailing whitespace.
+> 图 15-1 依赖图而非固定甘特图。周数表示预算窗口；Gate 决定实际前进时间。原图在 S0 至 S6 七个阶段下方均标有 Gate PASS；此处分别置于对应阶段节点的末行，阶段间箭头仍只表示原图的前进方向。
spec/architecture/frozen-architecture.md:1016: trailing whitespace.
+
spec/architecture/frozen-architecture.md:1017: trailing whitespace.
+#### Execution Policy
spec/architecture/frozen-architecture.md:1018: trailing whitespace.
+
spec/architecture/frozen-architecture.md:1019: trailing whitespace.
+This loop is milestone-gated, not calendar-gated. A stage MAY begin immediately once all acceptance criteria of the previous stage pass. Agents MUST NOT wait for a scheduled date after Gate PASS, and MUST NOT advance while any required criterion is failed or unresolved.
spec/architecture/frozen-architecture.md:1020: trailing whitespace.
+
spec/architecture/frozen-architecture.md:1021: trailing whitespace.
+| 阶段 | 预算窗口 | 范围 | Gate 证据 |
spec/architecture/frozen-architecture.md:1022: trailing whitespace.
+| --- | --- | --- | --- |
spec/architecture/frozen-architecture.md:1023: trailing whitespace.
+| S0 控制面 | W1 | Monorepo、spec/contracts/tasks/progress、CI skeleton、Compose、PostgreSQL/NATS/TLS；冻结 HTTP/WSS/Error/Session/Message/Sync/Plugin API v1 | 新 Agent 仅靠控制面可定位项目、状态、下一任务；契约 lint 与 skeleton CI PASS |
spec/architecture/frozen-architecture.md:1024: trailing whitespace.
+| S1 Go 纵向链路 | W2-3 | 注册/登录、WSS、搜索、好友、唯一私聊、文本发送、ACK、持久化、Outbox、NATS | A 搜索/添加 B 后发 hello，B 实时收到；contract/integration PASS |
spec/architecture/frozen-architecture.md:1025: trailing whitespace.
+| S2 客户端与Sync | W4-5 | Desktop/Mobile SQLite、optimistic write、retry、双层 cursor、离线恢复；Web 最简实时态 | ACK 丢失重试不重复；离线 101..500 完整恢复；FAILED 可被 Sync 收敛为 SENT |
spec/architecture/frozen-architecture.md:1026: trailing whitespace.
+| S3 Java 等价 | W6-7 | Auth/Session/User/Friend/Conversation/Message/Sync/Outbox/NATS | 两 profile 同一 Golden Tests PASS；客户端零改动切换 |
spec/architecture/frozen-architecture.md:1027: trailing whitespace.
+| S4 插件平台 | W8-9 | Registry、Manifest、Permission、WASM、UI Host、Render Bundle、生命周期、Echo/Poll | 两个 fixture 在三端与双后端兼容；sandbox/权限负例 PASS |
spec/architecture/frozen-architecture.md:1028: trailing whitespace.
+| S5 工程硬化 | W10 | path-aware CI、compatibility matrix、migration/plugin tests、Release Manifest、rollback/security | Compatibility CI 可复现；无硬编码跳过；回滚演练 PASS |
spec/architecture/frozen-architecture.md:1029: trailing whitespace.
+| S6 性能与 RC | W11-12 | 500/1000/2500/5000 阶梯压测、profile、修复、soak、RC、architecture snapshot | 单机 5k authenticated WSS Gate PASS；正确性零红线违例；RC 可回滚 |
spec/architecture/frozen-architecture.md:1030: trailing whitespace.
+
spec/architecture/frozen-architecture.md:1031: trailing whitespace.
+<a id="section-16"></a>
spec/architecture/frozen-architecture.md:1032: trailing whitespace.
+## 16. Loop 1 性能与可靠性验收
spec/architecture/frozen-architecture.md:1033: trailing whitespace.
+
spec/architecture/frozen-architecture.md:1034: trailing whitespace.
+<a id="section-16-1"></a>
spec/architecture/frozen-architecture.md:1035: trailing whitespace.
+### 16.1 固定环境与连接定义
spec/architecture/frozen-architecture.md:1036: trailing whitespace.
+
spec/architecture/frozen-architecture.md:1037: trailing whitespace.
+| 项 | Loop 1 定义 |
spec/architecture/frozen-architecture.md:1038: trailing whitespace.
+| --- | --- |
spec/architecture/frozen-architecture.md:1039: trailing whitespace.
+| 被测机 | 单机 8C / 16GB / 3TB；记录 OS、内核、容器限制、文件描述符、网络参数 |
spec/architecture/frozen-architecture.md:1040: trailing whitespace.
+| 连接数 | 5000 authenticated WSS users，不是空 TCP socket |
spec/architecture/frozen-architecture.md:1041: trailing whitespace.
+| 认证链 | TLS -> WebSocket Upgrade -> auth.bind -> Session validation -> Gateway registry -> heartbeat |
spec/architecture/frozen-architecture.md:1042: trailing whitespace.
+| 入口 | Load Generator 必须经过 TLS reverse proxy / 真实入口 |
spec/architecture/frozen-architecture.md:1043: trailing whitespace.
+| 后端 | Go profile 与 Java profile 分开测试、分开出报告 |
spec/architecture/frozen-architecture.md:1044: trailing whitespace.
+| 阶梯 | 500 -> 1000 -> 2500 -> 5000；每级稳定后才上一级 |
spec/architecture/frozen-architecture.md:1045: trailing whitespace.
+
spec/architecture/frozen-architecture.md:1046: trailing whitespace.
+<a id="section-16-2"></a>
spec/architecture/frozen-architecture.md:1047: trailing whitespace.
+### 16.2 必测场景
spec/architecture/frozen-architecture.md:1048: trailing whitespace.
+
spec/architecture/frozen-architecture.md:1049: trailing whitespace.
+| 场景 | 操作 | 正确性断言 |
spec/architecture/frozen-architecture.md:1050: trailing whitespace.
+| --- | --- | --- |
spec/architecture/frozen-architecture.md:1051: trailing whitespace.
+| 连接 soak | 维持 5000 认证连接与 heartbeat | 异常断连可解释；FD/内存/CPU 无无界增长 |
spec/architecture/frozen-architecture.md:1052: trailing whitespace.
+| 私聊 | 配置活跃率、频率、ACK/投递采样 | 无 ACK-before-commit、无重复逻辑消息、无错投 |
spec/architecture/frozen-architecture.md:1053: trailing whitespace.
+| 群聊 | 10/50/200/500 成员梯度，在线比例可配置 | 单消息单持久记录，fan-out 数量正确 |
spec/architecture/frozen-architecture.md:1054: trailing whitespace.
+| 重试 | 重复 request_id、ACK 丢失、网络中断 | 最终一条逻辑消息，客户端 SENT |
spec/architecture/frozen-architecture.md:1055: trailing whitespace.
+| 离线 Sync | seq 100 离线，服务器到 500；制造乱序和重复 | 101..500 完整、无永久 gap、contiguous_seq=500 |
spec/architecture/frozen-architecture.md:1056: trailing whitespace.
+| 重连风暴 | 批量断开后指数退避 + jitter 重连 | 入口可恢复，无同步雪崩 |
spec/architecture/frozen-architecture.md:1057: trailing whitespace.
+
spec/architecture/frozen-architecture.md:1058: trailing whitespace.
+<a id="section-16-3"></a>
spec/architecture/frozen-architecture.md:1059: trailing whitespace.
+### 16.3 观测指标
spec/architecture/frozen-architecture.md:1060: trailing whitespace.
+
spec/architecture/frozen-architecture.md:1061: trailing whitespace.
+至少记录 connections、handshake/auth success、CPU、RSS、GC、FD、network、PostgreSQL transaction/lock/latency/throughput、Outbox lag、NATS throughput、ACK p50/p95/p99、delivery p50/p95/p99、Sync latency/gaps、plugin runtime failures。数值 SLO 除 5000 连接与正确性红线外，以实测基线和 acceptance 文件为准，不在此凭空冻结。
spec/architecture/frozen-architecture.md:1062: trailing whitespace.
+
spec/architecture/frozen-architecture.md:1063: trailing whitespace.
+<a id="section-16-4"></a>
spec/architecture/frozen-architecture.md:1064: trailing whitespace.
+### 16.4 Gate 判定
spec/architecture/frozen-architecture.md:1065: trailing whitespace.
+
spec/architecture/frozen-architecture.md:1066: trailing whitespace.
+#### S6 PASS
spec/architecture/frozen-architecture.md:1067: trailing whitespace.
+
spec/architecture/frozen-architecture.md:1068: trailing whitespace.
+5000 个认证 WSS 用户达到规定 soak 时长；所有正确性红线为 0；资源无无界增长；两 profile 均有可复现实验报告；任何降级、限制或瓶颈被记录；Release Candidate、manifest、migration 与 rollback rehearsal 全部通过。
spec/architecture/frozen-architecture.md:1069: trailing whitespace.
+
spec/architecture/frozen-architecture.md:1070: trailing whitespace.
+<a id="section-17"></a>
spec/architecture/frozen-architecture.md:1071: trailing whitespace.
+## 17. Release、迁移与回滚规则
spec/architecture/frozen-architecture.md:1072: trailing whitespace.
+
spec/architecture/frozen-architecture.md:1073: trailing whitespace.
+<a id="section-17-1"></a>
spec/architecture/frozen-architecture.md:1074: trailing whitespace.
+### 17.1 Release Manifest
spec/architecture/frozen-architecture.md:1075: trailing whitespace.
+
spec/architecture/frozen-architecture.md:1076: trailing whitespace.
+```text
spec/architecture/frozen-architecture.md:1077: trailing whitespace.
+release_id / git_commit / build_time
spec/architecture/frozen-architecture.md:1078: trailing whitespace.
+backend_profile: go | java
spec/architecture/frozen-architecture.md:1079: trailing whitespace.
+container_digests / client_artifact_hashes
spec/architecture/frozen-architecture.md:1080: trailing whitespace.
+contract_version / protocol_versions / plugin_api_version
spec/architecture/frozen-architecture.md:1081: trailing whitespace.
+db_migration_level / sqlite_schema_versions
spec/architecture/frozen-architecture.md:1082: trailing whitespace.
+min_supported_client / recommended_client
spec/architecture/frozen-architecture.md:1083: trailing whitespace.
+feature_flags / rollout plan / rollback target
spec/architecture/frozen-architecture.md:1084: trailing whitespace.
+verification evidence links
spec/architecture/frozen-architecture.md:1085: trailing whitespace.
+```
spec/architecture/frozen-architecture.md:1086: trailing whitespace.
+
spec/architecture/frozen-architecture.md:1087: trailing whitespace.
+<a id="section-17-2"></a>
spec/architecture/frozen-architecture.md:1088: trailing whitespace.
+### 17.2 发布规则
spec/architecture/frozen-architecture.md:1089: trailing whitespace.
+
spec/architecture/frozen-architecture.md:1090: trailing whitespace.
+- 制品不可变：同一版本号不得覆盖镜像、客户端包或插件包。
spec/architecture/frozen-architecture.md:1091: trailing whitespace.
+
spec/architecture/frozen-architecture.md:1092: trailing whitespace.
+- 从同一已验证 commit 构建一次，按环境提升制品；禁止生产环境重新构建。
spec/architecture/frozen-architecture.md:1093: trailing whitespace.
+
spec/architecture/frozen-architecture.md:1094: trailing whitespace.
+- 先 migration compatibility，再服务端，再客户端；支持窗口内旧客户端必须继续工作。
spec/architecture/frozen-architecture.md:1095: trailing whitespace.
+
spec/architecture/frozen-architecture.md:1096: trailing whitespace.
+- staging smoke/E2E、兼容矩阵、security、rollback rehearsal 未通过不得发布。
spec/architecture/frozen-architecture.md:1097: trailing whitespace.
+
spec/architecture/frozen-architecture.md:1098: trailing whitespace.
+- Go 与 Java profile 的发布相互独立，但都声明同一 contract version。
spec/architecture/frozen-architecture.md:1099: trailing whitespace.
+
spec/architecture/frozen-architecture.md:1100: trailing whitespace.
+<a id="section-17-3"></a>
spec/architecture/frozen-architecture.md:1101: trailing whitespace.
+### 17.3 数据库迁移
spec/architecture/frozen-architecture.md:1102: trailing whitespace.
+
spec/architecture/frozen-architecture.md:1103: trailing whitespace.
+| 阶段 | 允许动作 | 禁止动作 |
spec/architecture/frozen-architecture.md:1104: trailing whitespace.
+| --- | --- | --- |
spec/architecture/frozen-architecture.md:1105: trailing whitespace.
+| Expand | 新增 nullable/有默认值字段、新表、新索引（评估锁） | 删除/重命名旧字段 |
spec/architecture/frozen-architecture.md:1106: trailing whitespace.
+| Migrate | 可重入 backfill、双写/双读兼容、验证计数与约束 | 一次性不可恢复数据改写 |
spec/architecture/frozen-architecture.md:1107: trailing whitespace.
+| Switch | 服务开始使用新结构，旧结构仍保留一个兼容窗口 | 混合版本尚在运行时 contract |
spec/architecture/frozen-architecture.md:1108: trailing whitespace.
+| Contract | 证据证明无旧版本依赖后删除旧结构 | 无备份/无回滚点直接清理 |
spec/architecture/frozen-architecture.md:1109: trailing whitespace.
+
spec/architecture/frozen-architecture.md:1110: trailing whitespace.
+<a id="section-17-4"></a>
spec/architecture/frozen-architecture.md:1111: trailing whitespace.
+### 17.4 回滚
spec/architecture/frozen-architecture.md:1112: trailing whitespace.
+
spec/architecture/frozen-architecture.md:1113: trailing whitespace.
+应用回滚必须指向 manifest 中已验证的前一不可变制品。数据库若已进入不可逆阶段，不得盲目回滚二进制；应优先forward-fix 或使用预先验证的 down migration。插件升级依靠 previous_version + plugin_kv 快照回滚。客户端 SQLite migration 必须保留升级 fixture，无法安全 down-migrate 时采用向前修复。
spec/architecture/frozen-architecture.md:1114: trailing whitespace.
+
spec/architecture/frozen-architecture.md:1115: trailing whitespace.
+<a id="section-17-5"></a>
spec/architecture/frozen-architecture.md:1116: trailing whitespace.
+### 17.5 发布失败判定
spec/architecture/frozen-architecture.md:1117: trailing whitespace.
+
spec/architecture/frozen-architecture.md:1118: trailing whitespace.
+出现认证失败率异常、ACK/投递错误、Outbox lag 持续增长、schema 兼容失败、插件 sandbox 越权、资源无界增长或正确性红线任一非零时，立即停止 rollout，并按 manifest 执行回滚/forward-fix。事故后生成 checkpoint 与 ADR/修复任务。
spec/architecture/frozen-architecture.md:1119: trailing whitespace.
+
spec/architecture/frozen-architecture.md:1120: trailing whitespace.
+<a id="section-18"></a>
spec/architecture/frozen-architecture.md:1121: trailing whitespace.
+## 18. 可观测性、安全与运维基线
spec/architecture/frozen-architecture.md:1122: trailing whitespace.
+
spec/architecture/frozen-architecture.md:1123: trailing whitespace.
+<a id="section-18-1"></a>
spec/architecture/frozen-architecture.md:1124: trailing whitespace.
+### 18.1 关联标识
spec/architecture/frozen-architecture.md:1125: trailing whitespace.
+
spec/architecture/frozen-architecture.md:1126: trailing whitespace.
+所有链路使用 request_id、server_message_id、conversation_id、session_id（脱敏）、outbox_event_id、plugin_instance_id 关联。Trace 跨 Gateway/Core/DB/Outbox/NATS/Plugin Host 传播，消息正文默认不采集；token 严禁进入日志或 trace，与 §7.4 一致。
spec/architecture/frozen-architecture.md:1127: trailing whitespace.
+
spec/architecture/frozen-architecture.md:1128: trailing whitespace.
+<a id="section-18-2"></a>
spec/architecture/frozen-architecture.md:1129: trailing whitespace.
+### 18.2 健康与就绪
spec/architecture/frozen-architecture.md:1130: trailing whitespace.
+
spec/architecture/frozen-architecture.md:1131: trailing whitespace.
+| 探针 | 含义 |
spec/architecture/frozen-architecture.md:1132: trailing whitespace.
+| --- | --- |
spec/architecture/frozen-architecture.md:1133: trailing whitespace.
+| liveness | 进程事件循环仍工作；不得因下游短暂失败反复重启 |
spec/architecture/frozen-architecture.md:1134: trailing whitespace.
+| readiness | 能接受新流量：依赖连接、migration level、contract version 均满足 |
spec/architecture/frozen-architecture.md:1135: trailing whitespace.
+| degraded | 插件平台/NATS 局部失败但 IM durable path 可用；明确暴露，不伪装 healthy |
spec/architecture/frozen-architecture.md:1136: trailing whitespace.
+
spec/architecture/frozen-architecture.md:1137: trailing whitespace.
+<a id="section-18-3"></a>
spec/architecture/frozen-architecture.md:1138: trailing whitespace.
+### 18.3 安全清单
spec/architecture/frozen-architecture.md:1139: trailing whitespace.
+
spec/architecture/frozen-architecture.md:1140: trailing whitespace.
+- TLS 配置、依赖/SBOM、镜像/插件签名、secret 扫描、最小容器权限纳入 CI。
spec/architecture/frozen-architecture.md:1141: trailing whitespace.
+
spec/architecture/frozen-architecture.md:1142: trailing whitespace.
+- WSS 鉴权前只允许 auth.bind/ping/pong；每条业务命令校验绑定 Session 与权限。
spec/architecture/frozen-architecture.md:1143: trailing whitespace.
+
spec/architecture/frozen-architecture.md:1144: trailing whitespace.
+- 好友、群成员、消息、插件 Action 都有服务端授权；不可相信客户端 UI 隐藏。
spec/architecture/frozen-architecture.md:1145: trailing whitespace.
+
spec/architecture/frozen-architecture.md:1146: trailing whitespace.
+- Custom Renderer 使用 CSP、隔离 origin/WebView、Bridge 白名单、配额；不可访问 Host DOM、token、任意网络、本地文件与进程。
spec/architecture/frozen-architecture.md:1147: trailing whitespace.
+
spec/architecture/frozen-architecture.md:1148: trailing whitespace.
+- WASM 使用燃料/超时/内存限制与熔断；插件故障不得拖垮 Core。
spec/architecture/frozen-architecture.md:1149: trailing whitespace.
+
spec/architecture/frozen-architecture.md:1150: trailing whitespace.
+<a id="section-18-4"></a>
spec/architecture/frozen-architecture.md:1151: trailing whitespace.
+### 18.4 告警优先级
spec/architecture/frozen-architecture.md:1152: trailing whitespace.
+
spec/architecture/frozen-architecture.md:1153: trailing whitespace.
+P0: 数据丢失/错投/越权/ACK-before-commit；P1: 大面积认证/连接/Sync 失败、Outbox 堵塞；P2: 资源异常、插件自动禁用、单端兼容退化；P3: 非阻塞性能与开发体验问题。每个告警必须关联 runbook、owner 与最近已知良好 checkpoint。
spec/architecture/frozen-architecture.md:1154: trailing whitespace.
+
spec/architecture/frozen-architecture.md:1155: trailing whitespace.
+<a id="section-19"></a>
spec/architecture/frozen-architecture.md:1156: trailing whitespace.
+## 19. 第一批 Agent 可执行任务
spec/architecture/frozen-architecture.md:1157: trailing whitespace.
+
spec/architecture/frozen-architecture.md:1158: trailing whitespace.
+任务必须逐个进入 ready。S0 Gate 未通过前，S1 任务不得 active；依此类推。下面清单是阶段规划，不是现行队列快照；按 Task Spec 的真实依赖选择，不以表格/文件名顺序代替依赖。不授权并行修改同一契约。
spec/architecture/frozen-architecture.md:1159: trailing whitespace.
+
spec/architecture/frozen-architecture.md:1160: trailing whitespace.
+| Task ID | 目标 | 阶段 | 交付物 | 验收 |
spec/architecture/frozen-architecture.md:1161: trailing whitespace.
+| --- | --- | --- | --- | --- |
spec/architecture/frozen-architecture.md:1162: trailing whitespace.
+| LOOP1-CTRL-001 | 建立 Monorepo 与规范目录 | S0 | repo skeleton; spec/ contracts/tasks/ progress/；README 仅指向权威入口 | 目录 lint PASS；无重复权威文档 |
spec/architecture/frozen-architecture.md:1163: trailing whitespace.
+| LOOP1-CTRL-002 | 编写 agent-context/current/task 模板 | S0 | handoff、progress、task schema | 新 Agent dry-run 能按顺序恢复 |
spec/architecture/frozen-architecture.md:1164: trailing whitespace.
+| LOOP1-CONTRACT-001 | 冻结 HTTP Auth/User/Friend 契约 | S0 | OpenAPI + errors + golden fixtures | schema lint；正/负例齐全 |
spec/architecture/frozen-architecture.md:1165: trailing whitespace.
+| LOOP1-CONTRACT-002 | 冻结 WSS Envelope/Auth/Message 契约 | S0 | auth.bind/ack、message.send/ack/created、session.revoked | contract generator/tests PASS |
spec/architecture/frozen-architecture.md:1166: trailing whitespace.
+| LOOP1-CONTRACT-003 | 冻结 Sync 与 Plugin API v1 | S0 | user cursor、conversation seq、Events/Queries/Actions/UI Host | fixtures 覆盖重复/乱序/权限拒绝 |
spec/architecture/frozen-architecture.md:1167: trailing whitespace.
+| LOOP1-DB-001 | 建立 canonical schema 与migration runner | S0 | users/sessions/friendships/conversations/members/messages/outbox/plugins | 唯一约束与迁移测试 PASS |
spec/architecture/frozen-architecture.md:1168: trailing whitespace.
+| LOOP1-INFRA-001 | Compose + PostgreSQL +NATS + TLS Proxy | S0 | go/java profile skeleton、真实 TLS入口 | clean checkout 一键启动 +smoke |
spec/architecture/frozen-architecture.md:1169: trailing whitespace.
+| LOOP1-CI-001 | Path-aware CI skeleton | S0 | diff classifier、Go/Java/client/shared jobs | 路径矩阵单元测试 PASS |
spec/architecture/frozen-architecture.md:1170: trailing whitespace.
+| LOOP1-GO-AUTH-001 | Go Auth/Session 纵切 | S1 | login/refresh/logout、slot、epoch、auth.bind | 同端替换旧 Session；多端并存 |
spec/architecture/frozen-architecture.md:1171: trailing whitespace.
+| LOOP1-GO-SOCIAL-001 | Go 搜索/好友/唯一私聊事务 | S1 | normalized pair、direct uniqueness、sync/outbox | 并发互加最终 1 friendship+ 1 direct |
spec/architecture/frozen-architecture.md:1172: trailing whitespace.
+| LOOP1-GO-MSG-001 | Go 文本消息 + seq +outbox | S1 | durable ACK、idempotency、dispatcher、NATS | ACK 丢失重试不重复；接收端实时收到 |
spec/architecture/frozen-architecture.md:1173: trailing whitespace.
+| LOOP1-E2E-001 | 首条纵向 E2E | S1 | A 登录搜索添加 B 并发送 hello | 从 TLS 入口运行；证据归档 |
spec/architecture/frozen-architecture.md:1174: trailing whitespace.
+| LOOP1-CLIENT-SQLITE-001 | SQLite schema 与 repository | S2 | UNIQUE(conversation_id, request_id)、UPSERT、migration fixture | 四条入口均幂等收敛 |
spec/architecture/frozen-architecture.md:1175: trailing whitespace.
+| LOOP1-CLIENT-SEND-001 | Optimistic send 状态机 | S2 | SENDING/SENT/FAILED/retry | SENT 不倒退；retry 复用request_id |
spec/architecture/frozen-architecture.md:1176: trailing whitespace.
+| LOOP1-SYNC-001 | 双层离线同步 | S2 | user cursor + per-conversation contiguous_seq | 乱序/重复/交叉实时流无gap |
spec/architecture/frozen-architecture.md:1177: trailing whitespace.
+| LOOP1-WEB-001 | Web 临时客户端 | S2 | 登录/好友/会话/实时文本 memory only | 刷新不保留历史；当前状态可重新获取 |
spec/architecture/frozen-architecture.md:1178: trailing whitespace.
+
spec/architecture/frozen-architecture.md:1179: trailing whitespace.
+<a id="section-20"></a>
spec/architecture/frozen-architecture.md:1180: trailing whitespace.
+## 20. 后续任务队列与依赖
spec/architecture/frozen-architecture.md:1181: trailing whitespace.
+
spec/architecture/frozen-architecture.md:1182: trailing whitespace.
+| Task ID | 依赖 | 目标 | Gate |
spec/architecture/frozen-architecture.md:1183: trailing whitespace.
+| --- | --- | --- | --- |
spec/architecture/frozen-architecture.md:1184: trailing whitespace.
+| LOOP1-JAVA-AUTH-001 | S2 PASS + Auth contracts | Java/Spring Auth/Session 等价实现 | S3 |
spec/architecture/frozen-architecture.md:1185: trailing whitespace.
+| LOOP1-JAVA-IM-001 | Java Auth + IM contracts | Friend/Conversation/Message/Sync/Outbox/NATS | S3 |
spec/architecture/frozen-architecture.md:1186: trailing whitespace.
+| LOOP1-PARITY-001 | Go + Java core | Golden Contract parity + client profile switch | S3 |
spec/architecture/frozen-architecture.md:1187: trailing whitespace.
+| LOOP1-PLUGIN-REG-001 | Plugin API v1 | Registry、immutable artifact、validation | S4 |
spec/architecture/frozen-architecture.md:1188: trailing whitespace.
+| LOOP1-PLUGIN-WASM-001 | Registry | WASM host、permissions、limits、circuit breaker | S4 |
spec/architecture/frozen-architecture.md:1189: trailing whitespace.
+| LOOP1-PLUGIN-UI-001 | Registry + client hosts | Declarative UI + Custom Render Bundle review/sandbox | S4 |
spec/architecture/frozen-architecture.md:1190: trailing whitespace.
+| LOOP1-PLUGIN-LIFE-001 | WASM/UI | install/enable/disable/uninstall/upgrade/rollback | S4 |
spec/architecture/frozen-architecture.md:1191: trailing whitespace.
+| LOOP1-PLUGIN-FIX-001 | Plugin runtime | Echo/Poll fixtures on all clients/profiles | S4 |
spec/architecture/frozen-architecture.md:1192: trailing whitespace.
+| LOOP1-COMPAT-001 | S4 PASS | old clients + plugin + SQLite migration matrix | S5 |
spec/architecture/frozen-architecture.md:1193: trailing whitespace.
+| LOOP1-RELEASE-001 | compat CI | manifest、signing、staging、rollback rehearsal | S5 |
spec/architecture/frozen-architecture.md:1194: trailing whitespace.
+| LOOP1-LOAD-001 | S5 PASS | Go load generator + scenarios + evidence format | S6 |
spec/architecture/frozen-architecture.md:1195: trailing whitespace.
+| LOOP1-LOAD-GO-001 | load harness | Go 500->5000 benchmark/soak | S6 |
spec/architecture/frozen-architecture.md:1196: trailing whitespace.
+| LOOP1-LOAD-JAVA-001 | load harness | Java 500->5000 benchmark/soak | S6 |
spec/architecture/frozen-architecture.md:1197: trailing whitespace.
+| LOOP1-RC-001 | all gates | bug fix、final 5k、release candidate、architecture snapshot | Loop 1 |
spec/architecture/frozen-architecture.md:1198: trailing whitespace.
+
spec/architecture/frozen-architecture.md:1199: trailing whitespace.
+<a id="section-20-1"></a>
spec/architecture/frozen-architecture.md:1200: trailing whitespace.
+### 20.1 依赖纪律
spec/architecture/frozen-architecture.md:1201: trailing whitespace.
+
spec/architecture/frozen-architecture.md:1202: trailing whitespace.
+- 先契约与不变量，后实现；先 Go reference vertical slice，后客户端，再 Java parity。
spec/architecture/frozen-architecture.md:1203: trailing whitespace.
+
spec/architecture/frozen-architecture.md:1204: trailing whitespace.
+- 插件平台不得抢跑到 IM 主链稳定之前；兼容 CI 不得延后到发布前临时补。
spec/architecture/frozen-architecture.md:1205: trailing whitespace.
+
spec/architecture/frozen-architecture.md:1206: trailing whitespace.
+- 性能优化必须有 profile/metric 证据和回归测试；禁止先加基础设施再找问题。
spec/architecture/frozen-architecture.md:1207: trailing whitespace.
+
spec/architecture/frozen-architecture.md:1208: trailing whitespace.
+- 提前完成形成 schedule buffer，并立即推进下一 Gate，不做无验收价值的额外功能。
spec/architecture/frozen-architecture.md:1209: trailing whitespace.
+
spec/architecture/frozen-architecture.md:1210: trailing whitespace.
+<a id="section-21"></a>
spec/architecture/frozen-architecture.md:1211: trailing whitespace.
+## 21. Agent 首日执行清单
spec/architecture/frozen-architecture.md:1212: trailing whitespace.
+
spec/architecture/frozen-architecture.md:1213: trailing whitespace.
+<a id="section-21-1"></a>
spec/architecture/frozen-architecture.md:1214: trailing whitespace.
+### 21.1 第 0-2 小时
spec/architecture/frozen-architecture.md:1215: trailing whitespace.
+
spec/architecture/frozen-architecture.md:1216: trailing whitespace.
+| 动作 | 输出 |
spec/architecture/frozen-architecture.md:1217: trailing whitespace.
+| --- | --- |
spec/architecture/frozen-architecture.md:1218: trailing whitespace.
+| 按第 13 章读取顺序恢复上下文 | 一段不超过 10 行的理解摘要，引用当前 Stage/Gate/Task |
spec/architecture/frozen-architecture.md:1219: trailing whitespace.
+| 检查 git status/diff 与目录现状 | 明确未提交改动归属，不覆盖 |
spec/architecture/frozen-architecture.md:1220: trailing whitespace.
+| 运行最小 verification | 记录命令、结果、耗时；失败则写 blocker |
spec/architecture/frozen-architecture.md:1221: trailing whitespace.
+| 确认 Task Spec 的 allowed_paths/forbidden | 任何冲突先升级，不扩大范围 |
spec/architecture/frozen-architecture.md:1222: trailing whitespace.
+
spec/architecture/frozen-architecture.md:1223: trailing whitespace.
+<a id="section-21-2"></a>
spec/architecture/frozen-architecture.md:1224: trailing whitespace.
+### 21.2 第一个实现回合
spec/architecture/frozen-architecture.md:1225: trailing whitespace.
+
spec/architecture/frozen-architecture.md:1226: trailing whitespace.
+- PLAN: 从 acceptance 倒推最小实现与测试
spec/architecture/frozen-architecture.md:1227: trailing whitespace.
+- IMPLEMENT: 只改 allowed_paths；先写/更新测试向量
spec/architecture/frozen-architecture.md:1228: trailing whitespace.
+- TEST: unit -> contract -> integration 的最小相关集合
spec/architecture/frozen-architecture.md:1229: trailing whitespace.
+- REVIEW: 新独立 Reviewer 重新读取权威输入，检查行为、职责归属、依赖方向、最小性、diff 与不变量；实现者自检不能替代
spec/architecture/frozen-architecture.md:1230: trailing whitespace.
+- HANDOFF: 更新 task + current.md；Gate 点生成 checkpoint
spec/architecture/frozen-architecture.md:1231: trailing whitespace.
+
spec/architecture/frozen-architecture.md:1232: trailing whitespace.
+<a id="section-21-3"></a>
spec/architecture/frozen-architecture.md:1233: trailing whitespace.
+### 21.3 Agent 的停止条件
spec/architecture/frozen-architecture.md:1234: trailing whitespace.
+
spec/architecture/frozen-architecture.md:1235: trailing whitespace.
+- 需要改变 frozen architecture、公共契约或安全边界，但没有批准的 ADR。
spec/architecture/frozen-architecture.md:1236: trailing whitespace.
+
spec/architecture/frozen-architecture.md:1237: trailing whitespace.
+- 发现当前任务会覆盖他人未提交改动，且无法安全隔离。
spec/architecture/frozen-architecture.md:1238: trailing whitespace.
+
spec/architecture/frozen-architecture.md:1239: trailing whitespace.
+- 验收标准不可执行或相互矛盾；必须先修 Task Spec。
spec/architecture/frozen-architecture.md:1240: trailing whitespace.
+
spec/architecture/frozen-architecture.md:1241: trailing whitespace.
+- 迁移/回滚存在不可逆数据风险且无明确授权。
spec/architecture/frozen-architecture.md:1242: trailing whitespace.
+
spec/architecture/frozen-architecture.md:1243: trailing whitespace.
+#### 开始工作的最短路径
spec/architecture/frozen-architecture.md:1244: trailing whitespace.
+
spec/architecture/frozen-architecture.md:1245: trailing whitespace.
+如果仓库尚为空：领取 LOOP1-CTRL-001。完成后立即创建 LOOP1-CTRL-002、三项 Contract 任务、DB/Infra/CI skeleton，并以 S0 Gate 为第一目标。不得直接开始聊天 UI 或插件功能。
spec/architecture/frozen-architecture.md:1246: trailing whitespace.
+
spec/architecture/frozen-architecture.md:1247: trailing whitespace.
+<a id="appendix-a"></a>
spec/architecture/frozen-architecture.md:1248: trailing whitespace.
+## 附录 A. Gate Checklist
spec/architecture/frozen-architecture.md:1249: trailing whitespace.
+
spec/architecture/frozen-architecture.md:1250: trailing whitespace.
+| Gate | 全部为 PASS 才可前进 |
spec/architecture/frozen-architecture.md:1251: trailing whitespace.
+| --- | --- |
spec/architecture/frozen-architecture.md:1252: trailing whitespace.
+| S0 | spec/contracts/tasks/progress 完整；CI/Compose/TLS/PostgreSQL/NATS skeleton；Agent dry-run 可恢复；无重复权威 |
spec/architecture/frozen-architecture.md:1253: trailing whitespace.
+| S1 | Go Auth -> Friend -> Direct -> Message 全链；durable ACK/outbox/NATS；contract/integration/E2E PASS |
spec/architecture/frozen-architecture.md:1254: trailing whitespace.
+| S2 | Desktop/Mobile SQLite/optimistic/sync；Web memory only；ACK 丢失/离线 gap/乱序重复 PASS |
spec/architecture/frozen-architecture.md:1255: trailing whitespace.
+| S3 | Java 核心等价；Go/Java Golden Tests；客户端零修改 profile switch |
spec/architecture/frozen-architecture.md:1256: trailing whitespace.
+| S4 | Registry/WASM/UI/Render Bundle/lifecycle；Echo/Poll；权限与 sandbox 负例 |
spec/architecture/frozen-architecture.md:1257: trailing whitespace.
+| S5 | Path-aware CI、全平台 compatibility、migration、manifest、security、rollback rehearsal |
spec/architecture/frozen-architecture.md:1258: trailing whitespace.
+| S6 | 两 profile 各自 500->5000；authenticated WSS；soak；正确性红线 0；RC 可回滚 |
spec/architecture/frozen-architecture.md:1259: trailing whitespace.
+
spec/architecture/frozen-architecture.md:1260: trailing whitespace.
+#### 通用 Gate 条件
spec/architecture/frozen-architecture.md:1261: trailing whitespace.
+
spec/architecture/frozen-architecture.md:1262: trailing whitespace.
+- 功能/交付物完成且与 Task Spec 一致。
spec/architecture/frozen-architecture.md:1263: trailing whitespace.
+
spec/architecture/frozen-architecture.md:1264: trailing whitespace.
+- 自动化测试在干净环境通过，兼容性未破坏；适用源码/依赖/规范检查通过，新独立 Review 与精确候选 hosted CI 有效。
spec/architecture/frozen-architecture.md:1265: trailing whitespace.
+
spec/architecture/frozen-architecture.md:1266: trailing whitespace.
+- 无未处理 blocker、未批准架构偏离或隐藏 skip。
spec/architecture/frozen-architecture.md:1267: trailing whitespace.
+
spec/architecture/frozen-architecture.md:1268: trailing whitespace.
+- spec/progress/current.md 已更新，证据可定位。
spec/architecture/frozen-architecture.md:1269: trailing whitespace.
+
spec/architecture/frozen-architecture.md:1270: trailing whitespace.
+- 形成可恢复 checkpoint，记录 last known good commit。
spec/architecture/frozen-architecture.md:1271: trailing whitespace.
+
spec/architecture/frozen-architecture.md:1272: trailing whitespace.
+<a id="appendix-b"></a>
spec/architecture/frozen-architecture.md:1273: trailing whitespace.
+## 附录 B. 冻结不变量速查
spec/architecture/frozen-architecture.md:1274: trailing whitespace.
+
spec/architecture/frozen-architecture.md:1275: trailing whitespace.
+| 域 | 不变量 |
spec/architecture/frozen-architecture.md:1276: trailing whitespace.
+| --- | --- |
spec/architecture/frozen-architecture.md:1277: trailing whitespace.
+| Session | 同 user/client_type 最多一个有效 Session；不同 client_type 可同时登录；epoch 使旧端失效 |
spec/architecture/frozen-architecture.md:1278: trailing whitespace.
+| Friend | 规范化 pair 唯一；好友与唯一 DIRECT Conversation 同事务 |
spec/architecture/frozen-architecture.md:1279: trailing whitespace.
+| Group | 成员只能来自发起者好友列表；create request 幂等 |
spec/architecture/frozen-architecture.md:1280: trailing whitespace.
+| Message | ACK=durable commit；conversation 内 seq 单调；服务端幂等 key 含 sender/conversation/request |
spec/architecture/frozen-architecture.md:1281: trailing whitespace.
+| Outbox | 与业务数据同事务；NATS 可重复/短暂遗漏；Sync 保证最终完整 |
spec/architecture/frozen-architecture.md:1282: trailing whitespace.
+| SQLite | UNIQUE(conversation_id, request_id)；所有入口事务 UPSERT；SENT 不回退 |
spec/architecture/frozen-architecture.md:1283: trailing whitespace.
+| Sync | user cursor 只管低频状态；消息按 conversation seq；contiguous_seq 不跨 gap |
spec/architecture/frozen-architecture.md:1284: trailing whitespace.
+| Web | 无聊天 DB、无离线历史；页面生命周期之外不保证消息状态 |
spec/architecture/frozen-architecture.md:1285: trailing whitespace.
+| Plugin | 版本制品不可变；权限最小化；WASM/renderer sandbox；后端与 renderer 同版本原子绑定 |
spec/architecture/frozen-architecture.md:1286: trailing whitespace.
+| Architecture | §2.2 权威顺序；contracts/ 是机器可验证公共契约唯一来源；§3/§10 服务职责/源码归属/依赖共同约束 Go/Java；allowed_paths 不豁免架构 |
spec/architecture/frozen-architecture.md:1287: trailing whitespace.
+| CI | 后端路径感知；shared contract/schema/SDK 变更触发兼容矩阵；规范/Agent/模板/检查器变更触发适用架构验证；必跑作业缺失/失败/异常 skip 不能 PASS |
spec/architecture/frozen-architecture.md:1288: trailing whitespace.
+| Release | 不可变制品 + manifest；expand/migrate/switch/contract；发布前验证回滚 |
spec/architecture/frozen-architecture.md:1289: trailing whitespace.
+
spec/architecture/frozen-architecture.md:1290: trailing whitespace.
+#### 文档结束
spec/architecture/frozen-architecture.md:1291: trailing whitespace.
+
spec/architecture/frozen-architecture.md:1292: trailing whitespace.
+本方案是 Loop 1 的正式执行基线。任何新增目标必须先进入 backlog；任何架构变更必须走 ACP/ADR；任何阶段前进必须以 Gate 证据为准。
spec/architecture/frozen-architecture.md:1293: trailing whitespace.
+
spec/architecture/frozen-architecture.md:1294: trailing whitespace.
+Human-approved client clarification under ADR-0005: version remains v1.1; canonical bytes/hash changed; immutable historical PDF and older ADR/evidence unchanged. PR7 withdrawn implementation deviation is not architecture authority. No public contract/ACK/Sync/security/compatibility change.
spec/progress/current.md:1: trailing whitespace.
+# Current Execution State
spec/progress/current.md:2: trailing whitespace.
+
spec/progress/current.md:3: trailing whitespace.
+Current Loop: Loop 1
spec/progress/current.md:4: trailing whitespace.
+Current Stage: S2
spec/progress/current.md:5: trailing whitespace.
+Current Gate: S2
spec/progress/current.md:6: trailing whitespace.
+Gate Status: OPEN
spec/progress/current.md:7: trailing whitespace.
+Current Batch: S2-client-UI-architecture
spec/progress/current.md:8: trailing whitespace.
+Current Task: LOOP1-CLIENT-UI-ARCH-001
spec/progress/current.md:9: trailing whitespace.
+Current Task State: active
spec/progress/current.md:10: trailing whitespace.
+Execution Status: UI_ARCHITECTURE_DOCUMENTATION_CANDIDATE
spec/progress/current.md:11: trailing whitespace.
+
spec/progress/current.md:12: trailing whitespace.
+## Immediately Relevant Completed Work
spec/progress/current.md:13: trailing whitespace.
+
spec/progress/current.md:14: trailing whitespace.
+S1 PASS retained. SQLite PR10/main23a03bb independently accepted; AGENTS PR11 integrated main9c0eba89219b3fab73fe9258a7cfc59831c499dc. Later Human explicitly authorizes UI architecture documentation and autonomous Settings-directory worktree allocation. Assigned root verified; new task registered with narrow documentation paths. No GUI or later product task activated.
spec/progress/current.md:15: trailing whitespace.
+
spec/progress/current.md:16: trailing whitespace.
+## Current Blockers
spec/progress/current.md:17: trailing whitespace.
+
spec/progress/current.md:18: trailing whitespace.
+None for drafting. Candidate freeze needs independent Review, exact-head hosted CI and protected main synchronization. S4 Render Bundle preserved by explicit Human answer; no architecture conflict remains on that point.
spec/progress/current.md:19: trailing whitespace.
+
spec/progress/current.md:20: trailing whitespace.
+## Verification
spec/progress/current.md:21: trailing whitespace.
+
spec/progress/current.md:22: trailing whitespace.
+Baseline `python -B ci/check_architecture.py --scope all --json`: PASS/zero violations through Recorder. Canonical aa239802/PDF546915 matched at startup. Further candidate checks pending; local checks are not acceptance.
spec/progress/current.md:23: trailing whitespace.
+
spec/progress/current.md:24: trailing whitespace.
+## Changed Files or Migrations
spec/progress/current.md:25: trailing whitespace.
+
spec/progress/current.md:26: trailing whitespace.
+Task-owned documentation/AGENTS only; no product, backend, public contract, schema or migration changes.
spec/progress/current.md:27: trailing whitespace.
+
spec/progress/current.md:28: trailing whitespace.
+## Known Failures, Risks, and Assumptions
spec/progress/current.md:29: trailing whitespace.
+
spec/progress/current.md:30: trailing whitespace.
+Recorder begins prospective_resume after incomplete read-only startup. Original main recovery/current/SQLite/E2E dirty files remain owned by prior writers and untouched. Historical GString FAIL/waiver remains unchanged. No S2 Gate PASS.
spec/progress/current.md:31: trailing whitespace.
+
spec/progress/current.md:32: trailing whitespace.
+## Next Exact Action
spec/progress/current.md:33: trailing whitespace.
+
spec/progress/current.md:34: trailing whitespace.
+Complete candidate documents and canonical/ADR/hash update, local checks, commit and fresh independent Review; then exact-head hosted CI and protected main synchronization.
spec/progress/current.md:35: trailing whitespace.
+
spec/progress/current.md:36: trailing whitespace.
+## Last Known Good Commit
spec/progress/current.md:37: trailing whitespace.
+
spec/progress/current.md:38: trailing whitespace.
+9c0eba89219b3fab73fe9258a7cfc59831c499dc (accepted documentation-integrated main).
spec/progress/current.md:39: trailing whitespace.
+
spec/progress/current.md:40: trailing whitespace.
+## Latest Checkpoint
spec/progress/current.md:41: trailing whitespace.
+
spec/progress/current.md:42: trailing whitespace.
+`spec/progress/checkpoints/2026-10-03-client-sqlite-merged-synced-stop.md` retained; no new stable freeze yet.
spec/progress/current.md:43: trailing whitespace.
+
spec/progress/current.md:44: trailing whitespace.
+## Uncommitted Changes / Ownership
spec/progress/current.md:45: trailing whitespace.
+
spec/progress/current.md:46: trailing whitespace.
+/root owns this task's changes in assigned worktree only. Original main unknown/foreign changes preserved; research artifacts local only.
spec/progress/current.md:47: trailing whitespace.
+
spec/progress/current.md:48: trailing whitespace.
+## Architecture Conflicts / ACP / ADR
spec/progress/current.md:49: trailing whitespace.
+
spec/progress/current.md:50: trailing whitespace.
+ADR-0006 candidate records Human UI decision and S2-only plugin prohibition. Future product implementation waits for independently accepted freeze. Missing named library decisions remain blocked under §2.3.
