classify	Set up job	﻿2026-10-03T16:23:53.7552333Z Current runner version: '2.337.0'
classify	Set up job	2026-10-03T16:23:53.7591924Z ##[group]Runner Image Provisioner
classify	Set up job	2026-10-03T16:23:53.7593380Z Hosted Compute Agent
classify	Set up job	2026-10-03T16:23:53.7594971Z Version: 20260901.588
classify	Set up job	2026-10-03T16:23:53.7596155Z Commit: f88ec8081b781fac6c440065ac7ff9e710ce3d0b
classify	Set up job	2026-10-03T16:23:53.7597561Z Build Date: 2026-09-01T19:56:44Z
classify	Set up job	2026-10-03T16:23:53.7598904Z Worker ID: {35a5ef70-5c75-4136-afba-c4ebb4a144d0}
classify	Set up job	2026-10-03T16:23:53.7600284Z Azure Region: eastus
classify	Set up job	2026-10-03T16:23:53.7601353Z ##[endgroup]
classify	Set up job	2026-10-03T16:23:53.7603896Z ##[group]Operating System
classify	Set up job	2026-10-03T16:23:53.7605499Z Ubuntu
classify	Set up job	2026-10-03T16:23:53.7606536Z 24.04.5
classify	Set up job	2026-10-03T16:23:53.7607652Z LTS
classify	Set up job	2026-10-03T16:23:53.7608643Z ##[endgroup]
classify	Set up job	2026-10-03T16:23:53.7609647Z ##[group]Runner Image
classify	Set up job	2026-10-03T16:23:53.7610888Z Image: ubuntu-24.04
classify	Set up job	2026-10-03T16:23:53.7611945Z Version: 20260927.320.1
classify	Set up job	2026-10-03T16:23:53.7613947Z Included Software: https://github.com/actions/runner-images/blob/ubuntu24/20260927.320/images/ubuntu/Ubuntu2404-Readme.md
classify	Set up job	2026-10-03T16:23:53.7617444Z Image Release: https://github.com/actions/runner-images/releases/tag/ubuntu24%2F20260927.320
classify	Set up job	2026-10-03T16:23:53.7619276Z ##[endgroup]
classify	Set up job	2026-10-03T16:23:53.7621438Z ##[group]GITHUB_TOKEN Permissions
classify	Set up job	2026-10-03T16:23:53.7624545Z Contents: read
classify	Set up job	2026-10-03T16:23:53.7625697Z Metadata: read
classify	Set up job	2026-10-03T16:23:53.7626703Z ##[endgroup]
classify	Set up job	2026-10-03T16:23:53.7630215Z Secret source: Actions
classify	Set up job	2026-10-03T16:23:53.7631917Z Cache mode: write
classify	Set up job	2026-10-03T16:23:53.7633196Z Prepare workflow directory
classify	Set up job	2026-10-03T16:23:53.8148016Z Prepare all required actions
classify	Set up job	2026-10-03T16:23:53.8223787Z Getting action download info
classify	Set up job	2026-10-03T16:23:54.0117419Z Download action repository 'actions/checkout@v4' (SHA:11d5960a326750d5838078e36cf38b85af677262)
classify	Set up job	2026-10-03T16:23:54.2288725Z Complete job name: classify
classify	Run actions/checkout@v4	﻿2026-10-03T16:23:54.3112700Z ##[group]Run actions/checkout@v4
classify	Run actions/checkout@v4	2026-10-03T16:23:54.3113644Z with:
classify	Run actions/checkout@v4	2026-10-03T16:23:54.3114372Z   fetch-depth: 0
classify	Run actions/checkout@v4	2026-10-03T16:23:54.3114910Z   ref: 2351a2931f10dc423cf215fbad3a4e1f0b142495
classify	Run actions/checkout@v4	2026-10-03T16:23:54.3115585Z   repository: nilesthump/IM-platform
classify	Run actions/checkout@v4	2026-10-03T16:23:54.3119438Z   token: ***
classify	Run actions/checkout@v4	2026-10-03T16:23:54.3119898Z   ssh-strict: true
classify	Run actions/checkout@v4	2026-10-03T16:23:54.3120361Z   ssh-user: git
classify	Run actions/checkout@v4	2026-10-03T16:23:54.3120830Z   persist-credentials: true
classify	Run actions/checkout@v4	2026-10-03T16:23:54.3121363Z   clean: true
classify	Run actions/checkout@v4	2026-10-03T16:23:54.3121834Z   sparse-checkout-cone-mode: true
classify	Run actions/checkout@v4	2026-10-03T16:23:54.3122383Z   fetch-tags: false
classify	Run actions/checkout@v4	2026-10-03T16:23:54.3122858Z   show-progress: true
classify	Run actions/checkout@v4	2026-10-03T16:23:54.3123325Z   lfs: false
classify	Run actions/checkout@v4	2026-10-03T16:23:54.3123757Z   submodules: false
classify	Run actions/checkout@v4	2026-10-03T16:23:54.3124432Z   set-safe-directory: true
classify	Run actions/checkout@v4	2026-10-03T16:23:54.3124975Z   allow-unsafe-pr-checkout: false
classify	Run actions/checkout@v4	2026-10-03T16:23:54.3125822Z ##[endgroup]
classify	Run actions/checkout@v4	2026-10-03T16:23:54.4157180Z Syncing repository: nilesthump/IM-platform
classify	Run actions/checkout@v4	2026-10-03T16:23:54.4159501Z ##[group]Getting Git version info
classify	Run actions/checkout@v4	2026-10-03T16:23:54.4160481Z Working directory is '/home/runner/work/IM-platform/IM-platform'
classify	Run actions/checkout@v4	2026-10-03T16:23:54.4161868Z [command]/usr/bin/git version
classify	Run actions/checkout@v4	2026-10-03T16:23:54.4238108Z git version 2.55.0
classify	Run actions/checkout@v4	2026-10-03T16:23:54.4262120Z ##[endgroup]
classify	Run actions/checkout@v4	2026-10-03T16:23:54.4278965Z Temporarily overriding HOME='/home/runner/work/_temp/c56a5103-335c-4645-bbb0-a41d39a17960' before making global git config changes
classify	Run actions/checkout@v4	2026-10-03T16:23:54.4281349Z Adding repository directory to the temporary git global config as a safe directory
classify	Run actions/checkout@v4	2026-10-03T16:23:54.4285228Z [command]/usr/bin/git config --global --add safe.directory /home/runner/work/IM-platform/IM-platform
classify	Run actions/checkout@v4	2026-10-03T16:23:54.4339148Z Deleting the contents of '/home/runner/work/IM-platform/IM-platform'
classify	Run actions/checkout@v4	2026-10-03T16:23:54.4343531Z ##[group]Initializing the repository
classify	Run actions/checkout@v4	2026-10-03T16:23:54.4347901Z [command]/usr/bin/git init /home/runner/work/IM-platform/IM-platform
classify	Run actions/checkout@v4	2026-10-03T16:23:54.4470629Z hint: Using 'master' as the name for the initial branch. This default branch name
classify	Run actions/checkout@v4	2026-10-03T16:23:54.4472740Z hint: will change to "main" in Git 3.0. To configure the initial branch name
classify	Run actions/checkout@v4	2026-10-03T16:23:54.4475094Z hint: to use in all of your new repositories, which will suppress this warning,
classify	Run actions/checkout@v4	2026-10-03T16:23:54.4476842Z hint: call:
classify	Run actions/checkout@v4	2026-10-03T16:23:54.4477588Z hint:
classify	Run actions/checkout@v4	2026-10-03T16:23:54.4478529Z hint: 	git config --global init.defaultBranch <name>
classify	Run actions/checkout@v4	2026-10-03T16:23:54.4479713Z hint:
classify	Run actions/checkout@v4	2026-10-03T16:23:54.4480891Z hint: Names commonly chosen instead of 'master' are 'main', 'trunk' and
classify	Run actions/checkout@v4	2026-10-03T16:23:54.4482587Z hint: 'development'. The just-created branch can be renamed via this command:
classify	Run actions/checkout@v4	2026-10-03T16:23:54.4483891Z hint:
classify	Run actions/checkout@v4	2026-10-03T16:23:54.4485265Z hint: 	git branch -m <name>
classify	Run actions/checkout@v4	2026-10-03T16:23:54.4486508Z hint:
classify	Run actions/checkout@v4	2026-10-03T16:23:54.4487604Z hint: Disable this message with "git config set advice.defaultBranchName false"
classify	Run actions/checkout@v4	2026-10-03T16:23:54.4492897Z Initialized empty Git repository in /home/runner/work/IM-platform/IM-platform/.git/
classify	Run actions/checkout@v4	2026-10-03T16:23:54.4506487Z [command]/usr/bin/git remote add origin https://github.com/nilesthump/IM-platform
classify	Run actions/checkout@v4	2026-10-03T16:23:54.4583450Z ##[endgroup]
classify	Run actions/checkout@v4	2026-10-03T16:23:54.4585093Z ##[group]Disabling automatic garbage collection
classify	Run actions/checkout@v4	2026-10-03T16:23:54.4587870Z [command]/usr/bin/git config --local gc.auto 0
classify	Run actions/checkout@v4	2026-10-03T16:23:54.4628776Z ##[endgroup]
classify	Run actions/checkout@v4	2026-10-03T16:23:54.4630132Z ##[group]Setting up auth
classify	Run actions/checkout@v4	2026-10-03T16:23:54.4637191Z [command]/usr/bin/git config --local --name-only --get-regexp core\.sshCommand
classify	Run actions/checkout@v4	2026-10-03T16:23:54.4691319Z [command]/usr/bin/git submodule foreach --recursive sh -c "git config --local --name-only --get-regexp 'core\.sshCommand' && git config --local --unset-all 'core.sshCommand' || :"
classify	Run actions/checkout@v4	2026-10-03T16:23:54.5063233Z [command]/usr/bin/git config --local --name-only --get-regexp http\.https\:\/\/github\.com\/\.extraheader
classify	Run actions/checkout@v4	2026-10-03T16:23:54.5113051Z [command]/usr/bin/git submodule foreach --recursive sh -c "git config --local --name-only --get-regexp 'http\.https\:\/\/github\.com\/\.extraheader' && git config --local --unset-all 'http.https://github.com/.extraheader' || :"
classify	Run actions/checkout@v4	2026-10-03T16:23:54.5341166Z [command]/usr/bin/git config --local --name-only --get-regexp ^includeIf\.gitdir:
classify	Run actions/checkout@v4	2026-10-03T16:23:54.5379267Z [command]/usr/bin/git submodule foreach --recursive git config --local --show-origin --name-only --get-regexp remote.origin.url
classify	Run actions/checkout@v4	2026-10-03T16:23:54.5606604Z [command]/usr/bin/git config --local http.https://github.com/.extraheader AUTHORIZATION: basic ***
classify	Run actions/checkout@v4	2026-10-03T16:23:54.5649017Z ##[endgroup]
classify	Run actions/checkout@v4	2026-10-03T16:23:54.5650621Z ##[group]Fetching the repository
classify	Run actions/checkout@v4	2026-10-03T16:23:54.5660872Z [command]/usr/bin/git -c protocol.version=2 fetch --prune --no-recurse-submodules origin +refs/heads/*:refs/remotes/origin/* +refs/tags/*:refs/tags/*
classify	Run actions/checkout@v4	2026-10-03T16:23:56.2692419Z From https://github.com/nilesthump/IM-platform
classify	Run actions/checkout@v4	2026-10-03T16:23:56.2696210Z  * [new branch]      docs/workspace-constraints-20261003 -> origin/docs/workspace-constraints-20261003
classify	Run actions/checkout@v4	2026-10-03T16:23:56.2698725Z  * [new branch]      fix/LOOP1-CI-001-s0-placeholder -> origin/fix/LOOP1-CI-001-s0-placeholder
classify	Run actions/checkout@v4	2026-10-03T16:23:56.2700624Z  * [new branch]      main                   -> origin/main
classify	Run actions/checkout@v4	2026-10-03T16:23:56.2702654Z  * [new branch]      recovery/s1-handoff-20261001 -> origin/recovery/s1-handoff-20261001
classify	Run actions/checkout@v4	2026-10-03T16:23:56.2705832Z  * [new branch]      recovery/s2-open-record-20261001 -> origin/recovery/s2-open-record-20261001
classify	Run actions/checkout@v4	2026-10-03T16:23:56.2708529Z  * [new branch]      rollback/pr7-20261001  -> origin/rollback/pr7-20261001
classify	Run actions/checkout@v4	2026-10-03T16:23:56.2711047Z  * [new branch]      task/LOOP1-ARCH-REMEDIATION -> origin/task/LOOP1-ARCH-REMEDIATION
classify	Run actions/checkout@v4	2026-10-03T16:23:56.2713830Z  * [new branch]      task/LOOP1-CI-001      -> origin/task/LOOP1-CI-001
classify	Run actions/checkout@v4	2026-10-03T16:23:56.2716957Z  * [new branch]      task/LOOP1-CLIENT-ARCH-CLARIFICATION-001 -> origin/task/LOOP1-CLIENT-ARCH-CLARIFICATION-001
classify	Run actions/checkout@v4	2026-10-03T16:23:56.2719558Z  * [new branch]      task/LOOP1-CLIENT-MVP-PLAN-20261003 -> origin/task/LOOP1-CLIENT-MVP-PLAN-20261003
classify	Run actions/checkout@v4	2026-10-03T16:23:56.2721941Z  * [new branch]      task/LOOP1-CLIENT-SEND-001 -> origin/task/LOOP1-CLIENT-SEND-001
classify	Run actions/checkout@v4	2026-10-03T16:23:56.2724460Z  * [new branch]      task/LOOP1-CLIENT-SQLITE-001 -> origin/task/LOOP1-CLIENT-SQLITE-001
classify	Run actions/checkout@v4	2026-10-03T16:23:56.2727188Z  * [new branch]      task/LOOP1-CLIENT-SQLITE-001-ts-kotlin -> origin/task/LOOP1-CLIENT-SQLITE-001-ts-kotlin
classify	Run actions/checkout@v4	2026-10-03T16:23:56.2730307Z  * [new branch]      task/LOOP1-CLIENT-UI-ARCH-001 -> origin/task/LOOP1-CLIENT-UI-ARCH-001
classify	Run actions/checkout@v4	2026-10-03T16:23:56.2732634Z  * [new branch]      task/LOOP1-E2E-001     -> origin/task/LOOP1-E2E-001
classify	Run actions/checkout@v4	2026-10-03T16:23:56.2735293Z  * [new branch]      task/LOOP1-GO-AUTH-001 -> origin/task/LOOP1-GO-AUTH-001
classify	Run actions/checkout@v4	2026-10-03T16:23:56.2737699Z  * [new branch]      task/LOOP1-GO-MSG-001  -> origin/task/LOOP1-GO-MSG-001
classify	Run actions/checkout@v4	2026-10-03T16:23:56.2740464Z  * [new branch]      task/LOOP1-GO-SOCIAL-001-v1.1 -> origin/task/LOOP1-GO-SOCIAL-001-v1.1
classify	Run actions/checkout@v4	2026-10-03T16:23:56.2742955Z  * [new branch]      task/LOOP1-SYNC-001    -> origin/task/LOOP1-SYNC-001
classify	Run actions/checkout@v4	2026-10-03T16:23:56.2747890Z [command]/usr/bin/git rev-parse --verify --quiet 2351a2931f10dc423cf215fbad3a4e1f0b142495^{object}
classify	Run actions/checkout@v4	2026-10-03T16:23:56.2751084Z 2351a2931f10dc423cf215fbad3a4e1f0b142495
classify	Run actions/checkout@v4	2026-10-03T16:23:56.2755202Z ##[endgroup]
classify	Run actions/checkout@v4	2026-10-03T16:23:56.2757339Z ##[group]Determining the checkout info
classify	Run actions/checkout@v4	2026-10-03T16:23:56.2759620Z ##[endgroup]
classify	Run actions/checkout@v4	2026-10-03T16:23:56.2760896Z [command]/usr/bin/git sparse-checkout disable
classify	Run actions/checkout@v4	2026-10-03T16:23:56.2812387Z [command]/usr/bin/git config --local --unset-all extensions.worktreeConfig
classify	Run actions/checkout@v4	2026-10-03T16:23:56.2846329Z ##[group]Checking out the ref
classify	Run actions/checkout@v4	2026-10-03T16:23:56.2850335Z [command]/usr/bin/git checkout --progress --force 2351a2931f10dc423cf215fbad3a4e1f0b142495
classify	Run actions/checkout@v4	2026-10-03T16:23:56.8741178Z Note: switching to '2351a2931f10dc423cf215fbad3a4e1f0b142495'.
classify	Run actions/checkout@v4	2026-10-03T16:23:56.8764963Z 
classify	Run actions/checkout@v4	2026-10-03T16:23:56.8765550Z You are in 'detached HEAD' state. You can look around, make experimental
classify	Run actions/checkout@v4	2026-10-03T16:23:56.8766550Z changes and commit them, and you can discard any commits you make in this
classify	Run actions/checkout@v4	2026-10-03T16:23:56.8767335Z state without impacting any branches by switching back to a branch.
classify	Run actions/checkout@v4	2026-10-03T16:23:56.8768148Z 
classify	Run actions/checkout@v4	2026-10-03T16:23:56.8768452Z If you want to create a new branch to retain commits you create, you may
classify	Run actions/checkout@v4	2026-10-03T16:23:56.8769163Z do so (now or later) by using -c with the switch command. Example:
classify	Run actions/checkout@v4	2026-10-03T16:23:56.8769571Z 
classify	Run actions/checkout@v4	2026-10-03T16:23:56.8769743Z   git switch -c <new-branch-name>
classify	Run actions/checkout@v4	2026-10-03T16:23:56.8770047Z 
classify	Run actions/checkout@v4	2026-10-03T16:23:56.8770222Z Or undo this operation with:
classify	Run actions/checkout@v4	2026-10-03T16:23:56.8770467Z 
classify	Run actions/checkout@v4	2026-10-03T16:23:56.8770623Z   git switch -
classify	Run actions/checkout@v4	2026-10-03T16:23:56.8770813Z 
classify	Run actions/checkout@v4	2026-10-03T16:23:56.8771343Z Turn off this advice by setting config variable advice.detachedHead to false
classify	Run actions/checkout@v4	2026-10-03T16:23:56.8772049Z 
classify	Run actions/checkout@v4	2026-10-03T16:23:56.8772554Z HEAD is now at 2351a29 Merge pull request #22 from nilesthump/task/LOOP1-SYNC-001
classify	Run actions/checkout@v4	2026-10-03T16:23:56.8777783Z ##[endgroup]
classify	Run actions/checkout@v4	2026-10-03T16:23:56.8826435Z [command]/usr/bin/git log -1 --format=%H
classify	Run actions/checkout@v4	2026-10-03T16:23:56.8855413Z 2351a2931f10dc423cf215fbad3a4e1f0b142495
classify	Diagnose checkout status	﻿2026-10-03T16:23:56.9072583Z ##[group]Run $status = @(git -c core.excludesFile=.git/info/exclude status --porcelain=v1 --untracked-files=all 2>&1)
classify	Diagnose checkout status	2026-10-03T16:23:56.9073662Z ^[[36;1m$status = @(git -c core.excludesFile=.git/info/exclude status --porcelain=v1 --untracked-files=all 2>&1)^[[0m
classify	Diagnose checkout status	2026-10-03T16:23:56.9074743Z ^[[36;1mif ($LASTEXITCODE -ne 0) { exit $LASTEXITCODE }^[[0m
classify	Diagnose checkout status	2026-10-03T16:23:56.9075214Z ^[[36;1mWrite-Host "checkout_status_entries=$($status.Count)"^[[0m
classify	Diagnose checkout status	2026-10-03T16:23:56.9075730Z ^[[36;1mforeach ($entry in $status) { Write-Host "checkout_status=$entry" }^[[0m
classify	Diagnose checkout status	2026-10-03T16:23:56.9106117Z shell: /usr/bin/pwsh -command ". '{0}'"
classify	Diagnose checkout status	2026-10-03T16:23:56.9106507Z ##[endgroup]
classify	Diagnose checkout status	2026-10-03T16:24:01.3988065Z checkout_status_entries=0
classify	Verify clean repository recovery	﻿2026-10-03T16:24:01.6143897Z ##[group]Run ./tools/verify-loop1-ctrl-002.ps1 -Mode Acceptance
classify	Verify clean repository recovery	2026-10-03T16:24:01.6144744Z ^[[36;1m./tools/verify-loop1-ctrl-002.ps1 -Mode Acceptance^[[0m
classify	Verify clean repository recovery	2026-10-03T16:24:01.6169676Z shell: /usr/bin/pwsh -command ". '{0}'"
classify	Verify clean repository recovery	2026-10-03T16:24:01.6169986Z ##[endgroup]
classify	Verify clean repository recovery	2026-10-03T16:24:18.5972758Z PASS: generic repository recovery verified task=LOOP1-SYNC-001 state=review mode=Acceptance queues=5 task_specs=30.
classify	Verify clean repository recovery	2026-10-03T16:24:18.5981575Z GIT: branch=HEAD status_entries=0 diff_lines=0 recent_commits=5.
classify	Test path matrix	﻿2026-10-03T16:24:18.6555368Z ##[group]Run python3 -m unittest discover -s tests/ci -v
classify	Test path matrix	2026-10-03T16:24:18.6555936Z ^[[36;1mpython3 -m unittest discover -s tests/ci -v^[[0m
classify	Test path matrix	2026-10-03T16:24:18.6620453Z shell: /usr/bin/bash -e {0}
classify	Test path matrix	2026-10-03T16:24:18.6620738Z env:
classify	Test path matrix	2026-10-03T16:24:18.6620961Z   PYTHONDONTWRITEBYTECODE: 1
classify	Test path matrix	2026-10-03T16:24:18.6621227Z ##[endgroup]
classify	Test path matrix	2026-10-03T16:24:18.7674019Z test_actual_storage_runner_and_deleted_fixture_select_actual_clients (test_classify.ClientStoragePaths.test_actual_storage_runner_and_deleted_fixture_select_actual_clients) ... ok
classify	Test path matrix	2026-10-03T16:24:18.7676367Z test_ci_changes_run_all_jobs (test_classify.PathMatrixTests.test_ci_changes_run_all_jobs) ... ok
classify	Test path matrix	2026-10-03T16:24:18.7677904Z test_client_changes_always_select_architecture (test_classify.PathMatrixTests.test_client_changes_always_select_architecture) ... ok
classify	Test path matrix	2026-10-03T16:24:18.7944505Z test_deleted_e2e_path_still_selects_live_checks (test_classify.PathMatrixTests.test_deleted_e2e_path_still_selects_live_checks) ... ok
classify	Test path matrix	2026-10-03T16:24:18.8201288Z test_deleted_send_fixture_still_runs_actual_checks (test_classify.PathMatrixTests.test_deleted_send_fixture_still_runs_actual_checks) ... ok
classify	Test path matrix	2026-10-03T16:24:18.8203338Z test_deploy_changes_run_deploy_validation (test_classify.PathMatrixTests.test_deploy_changes_run_deploy_validation) ... ok
classify	Test path matrix	2026-10-03T16:24:18.8205782Z test_e2e_paths_select_go_deploy_and_boundaries (test_classify.PathMatrixTests.test_e2e_paths_select_go_deploy_and_boundaries) ... ok
classify	Test path matrix	2026-10-03T16:24:18.8955621Z test_git_diff_includes_both_sides_of_shared_renames (test_classify.PathMatrixTests.test_git_diff_includes_both_sides_of_shared_renames) ... ok
classify	Test path matrix	2026-10-03T16:24:18.9216554Z test_git_diff_includes_deleted_shared_file (test_classify.PathMatrixTests.test_git_diff_includes_deleted_shared_file) ... ok
classify	Test path matrix	2026-10-03T16:24:18.9224582Z test_github_outputs_are_lowercase_booleans (test_classify.PathMatrixTests.test_github_outputs_are_lowercase_booleans) ... ok
classify	Test path matrix	2026-10-03T16:24:18.9227934Z test_governance_changes_cannot_skip_architecture (test_classify.PathMatrixTests.test_governance_changes_cannot_skip_architecture) ... ok
classify	Test path matrix	2026-10-03T16:24:18.9483759Z test_governance_deleted_and_renamed_paths_still_trigger (test_classify.PathMatrixTests.test_governance_deleted_and_renamed_paths_still_trigger) ... ok
classify	Test path matrix	2026-10-03T16:24:18.9485725Z test_profile_and_client_changes_are_local (test_classify.PathMatrixTests.test_profile_and_client_changes_are_local) ... ok
classify	Test path matrix	2026-10-03T16:24:18.9487081Z test_rejects_paths_outside_repo (test_classify.PathMatrixTests.test_rejects_paths_outside_repo) ... ok
classify	Test path matrix	2026-10-03T16:24:18.9488017Z test_send_verification_paths_select_actual_runtimes (test_classify.PathMatrixTests.test_send_verification_paths_select_actual_runtimes) ... ok
classify	Test path matrix	2026-10-03T16:24:18.9489802Z test_shared_changes_fan_out_to_full_compatibility (test_classify.PathMatrixTests.test_shared_changes_fan_out_to_full_compatibility) ... ok
classify	Test path matrix	2026-10-03T16:24:18.9490905Z test_union_and_deleted_paths (test_classify.PathMatrixTests.test_union_and_deleted_paths) ... ok
classify	Test path matrix	2026-10-03T16:24:18.9491840Z test_unrelated_files_do_not_schedule_product_jobs (test_classify.PathMatrixTests.test_unrelated_files_do_not_schedule_product_jobs) ... ok
classify	Test path matrix	2026-10-03T16:24:18.9493782Z test_architecture_jobs_missing_invalid_skipped_failed_cancelled (test_gate.GateTests.test_architecture_jobs_missing_invalid_skipped_failed_cancelled) ... ok
classify	Test path matrix	2026-10-03T16:24:18.9495533Z test_classifier_failure_fails_gate (test_gate.GateTests.test_classifier_failure_fails_gate) ... ok
classify	Test path matrix	2026-10-03T16:24:18.9496533Z test_selected_job_must_succeed (test_gate.GateTests.test_selected_job_must_succeed) ... ok
classify	Test path matrix	2026-10-03T16:24:18.9497431Z test_shared_subchecks_require_compatibility (test_gate.GateTests.test_shared_subchecks_require_compatibility) ... ok
classify	Test path matrix	2026-10-03T16:24:18.9499058Z test_recursive_live_go_verification_and_role_smoke_present (test_go_regression.GoRegressionTests.test_recursive_live_go_verification_and_role_smoke_present) ... ok
classify	Test path matrix	2026-10-03T16:24:18.9500209Z test_role_smoke_change_and_deletion_select_actual_jobs (test_go_regression.GoRegressionTests.test_role_smoke_change_and_deletion_select_actual_jobs) ... ok
classify	Test path matrix	2026-10-03T16:24:18.9655936Z test_websocket_upgrade_eof_terminates (test_go_regression.GoRegressionTests.test_websocket_upgrade_eof_terminates) ... ok
classify	Test path matrix	2026-10-03T16:24:18.9659107Z test_all_affected_workflow_jobs_use_boundary_checker (test_s0_boundary.S0BoundaryTests.test_all_affected_workflow_jobs_use_boundary_checker) ... ok
classify	Test path matrix	2026-10-03T16:24:18.9667190Z test_allowed_entry_name_is_only_allowed_at_profile_root (test_s0_boundary.S0BoundaryTests.test_allowed_entry_name_is_only_allowed_at_profile_root) ... ok
classify	Test path matrix	2026-10-03T16:24:18.9674191Z test_allowed_name_and_profile_root_symlink_checks_without_os_link_privilege (test_s0_boundary.S0BoundaryTests.test_allowed_name_and_profile_root_symlink_checks_without_os_link_privilege) ... ok
classify	Test path matrix	2026-10-03T16:24:18.9738988Z test_committed_skeleton_contains_no_unexpected_source (test_s0_boundary.S0BoundaryTests.test_committed_skeleton_contains_no_unexpected_source) ... ok
classify	Test path matrix	2026-10-03T16:24:18.9814486Z test_empty_markers_are_ignored_but_new_source_is_rejected (test_s0_boundary.S0BoundaryTests.test_empty_markers_are_ignored_but_new_source_is_rejected) ... ok
classify	Test path matrix	2026-10-03T16:24:18.9840034Z test_symlinks_cannot_hide_behind_allowed_names_or_profile_root (test_s0_boundary.S0BoundaryTests.test_symlinks_cannot_hide_behind_allowed_names_or_profile_root) ... ok
classify	Test path matrix	2026-10-03T16:24:18.9842675Z test_rejects_runner_context_at_deploy_job_env (test_workflow_context.WorkflowContextTests.test_rejects_runner_context_at_deploy_job_env) ... ok
classify	Test path matrix	2026-10-03T16:24:18.9844847Z test_runner_context_is_absent_from_job_env (test_workflow_context.WorkflowContextTests.test_runner_context_is_absent_from_job_env) ... ok
classify	Test path matrix	2026-10-03T16:24:18.9846103Z 
classify	Test path matrix	2026-10-03T16:24:18.9846429Z ----------------------------------------------------------------------
classify	Test path matrix	2026-10-03T16:24:18.9846914Z Ran 33 tests in 0.217s
classify	Test path matrix	2026-10-03T16:24:18.9847088Z 
classify	Test path matrix	2026-10-03T16:24:18.9847184Z OK
classify	Test path matrix	2026-10-03T16:24:18.9847393Z {
classify	Test path matrix	2026-10-03T16:24:18.9847623Z   "paths": [
classify	Test path matrix	2026-10-03T16:24:18.9847890Z     "contracts/errors/x.json"
classify	Test path matrix	2026-10-03T16:24:18.9848170Z   ],
classify	Test path matrix	2026-10-03T16:24:18.9848383Z   "jobs": {
classify	Test path matrix	2026-10-03T16:24:18.9848604Z     "go": true,
classify	Test path matrix	2026-10-03T16:24:18.9848840Z     "java": true,
classify	Test path matrix	2026-10-03T16:24:18.9849076Z     "web": true,
classify	Test path matrix	2026-10-03T16:24:18.9849889Z     "desktop": true,
classify	Test path matrix	2026-10-03T16:24:18.9850338Z     "mobile": true,
classify	Test path matrix	2026-10-03T16:24:18.9850744Z     "shared": true,
classify	Test path matrix	2026-10-03T16:24:18.9851135Z     "old_client": true,
classify	Test path matrix	2026-10-03T16:24:18.9851528Z     "plugin": true,
classify	Test path matrix	2026-10-03T16:24:18.9851850Z     "migration": true,
classify	Test path matrix	2026-10-03T16:24:18.9852219Z     "compatibility": true,
classify	Test path matrix	2026-10-03T16:24:18.9852702Z     "deploy": false,
classify	Test path matrix	2026-10-03T16:24:18.9853118Z     "architecture": true,
classify	Test path matrix	2026-10-03T16:24:18.9853553Z     "source_go": true,
classify	Test path matrix	2026-10-03T16:24:18.9853889Z     "source_java": true
classify	Test path matrix	2026-10-03T16:24:18.9854486Z   }
classify	Test path matrix	2026-10-03T16:24:18.9854755Z }
classify	Classify full diff, including deletions	﻿2026-10-03T16:24:19.0034550Z ##[group]Run base="$BASE_SHA"
classify	Classify full diff, including deletions	2026-10-03T16:24:19.0034921Z ^[[36;1mbase="$BASE_SHA"^[[0m
classify	Classify full diff, including deletions	2026-10-03T16:24:19.0035194Z ^[[36;1mif [[ -z "$base" || "$base" =~ ^0+$ ]]; then^[[0m
classify	Classify full diff, including deletions	2026-10-03T16:24:19.0035546Z ^[[36;1m  base=$(git hash-object -t tree /dev/null)^[[0m
classify	Classify full diff, including deletions	2026-10-03T16:24:19.0035839Z ^[[36;1mfi^[[0m
classify	Classify full diff, including deletions	2026-10-03T16:24:19.0036221Z ^[[36;1mpython3 ci/classify.py --base "$base" --head "$HEAD_SHA" --github-output "$GITHUB_OUTPUT"^[[0m
classify	Classify full diff, including deletions	2026-10-03T16:24:19.0098767Z shell: /usr/bin/bash --noprofile --norc -e -o pipefail {0}
classify	Classify full diff, including deletions	2026-10-03T16:24:19.0099122Z env:
classify	Classify full diff, including deletions	2026-10-03T16:24:19.0099396Z   BASE_SHA: 0fe4fccc3deacd492895967cff9cc40cf34321d4
classify	Classify full diff, including deletions	2026-10-03T16:24:19.0099795Z   HEAD_SHA: 2351a2931f10dc423cf215fbad3a4e1f0b142495
classify	Classify full diff, including deletions	2026-10-03T16:24:19.0100112Z   PYTHONDONTWRITEBYTECODE: 1
classify	Classify full diff, including deletions	2026-10-03T16:24:19.0100352Z ##[endgroup]
classify	Classify full diff, including deletions	2026-10-03T16:24:19.0509782Z {
classify	Classify full diff, including deletions	2026-10-03T16:24:19.0510323Z   "paths": [
classify	Classify full diff, including deletions	2026-10-03T16:24:19.0510710Z     ".github/workflows/ci.yml",
classify	Classify full diff, including deletions	2026-10-03T16:24:19.0511130Z     "clients/desktop/src/application/send.ts",
classify	Classify full diff, including deletions	2026-10-03T16:24:19.0511743Z     "clients/desktop/src/application/sync/accountSync.ts",
classify	Classify full diff, including deletions	2026-10-03T16:24:19.0512435Z     "clients/desktop/src/application/sync/application.ts",
classify	Classify full diff, including deletions	2026-10-03T16:24:19.0512987Z     "clients/mobile/app/src/androidTest/kotlin/im/platform/client/sync/SyncInstrumentation.kt",
classify	Classify full diff, including deletions	2026-10-03T16:24:19.0513613Z     "clients/mobile/app/src/main/kotlin/im/platform/client/send/SendViewModel.kt",
classify	Classify full diff, including deletions	2026-10-03T16:24:19.0514414Z     "clients/mobile/app/src/main/kotlin/im/platform/client/send/Wire.kt",
classify	Classify full diff, including deletions	2026-10-03T16:24:19.0514951Z     "clients/mobile/app/src/main/kotlin/im/platform/client/storage/Repository.kt",
classify	Classify full diff, including deletions	2026-10-03T16:24:19.0515479Z     "clients/mobile/app/src/main/kotlin/im/platform/client/sync/Https.kt",
classify	Classify full diff, including deletions	2026-10-03T16:24:19.0516004Z     "clients/mobile/app/src/main/kotlin/im/platform/client/sync/SyncViewModel.kt",
classify	Classify full diff, including deletions	2026-10-03T16:24:19.0516526Z     "clients/mobile/app/src/main/kotlin/im/platform/client/sync/Wire.kt",
classify	Classify full diff, including deletions	2026-10-03T16:24:19.0516943Z     "clients/shared/protocol-sdk/src/send/wire.ts",
classify	Classify full diff, including deletions	2026-10-03T16:24:19.0517322Z     "clients/shared/protocol-sdk/src/storage/repository.ts",
classify	Classify full diff, including deletions	2026-10-03T16:24:19.0517696Z     "clients/shared/protocol-sdk/src/sync/http.ts",
classify	Classify full diff, including deletions	2026-10-03T16:24:19.0518027Z     "clients/shared/protocol-sdk/src/sync/wire.ts",
classify	Classify full diff, including deletions	2026-10-03T16:24:19.0518356Z     "clients/shared/protocol-sdk/tsconfig.json",
classify	Classify full diff, including deletions	2026-10-03T16:24:19.0518768Z     "spec/progress/checkpoints/2026-10-03-loop1-sync-001-client-local.md",
classify	Classify full diff, including deletions	2026-10-03T16:24:19.0519183Z     "spec/progress/current.md",
classify	Classify full diff, including deletions	2026-10-03T16:24:19.0519568Z     "spec/progress/evidence/LOOP1-SYNC-001/client-fix/archive-manifest.json",
classify	Classify full diff, including deletions	2026-10-03T16:24:19.0520089Z     "spec/progress/evidence/LOOP1-SYNC-001/client-fix/command-index.json",
classify	Classify full diff, including deletions	2026-10-03T16:24:19.0520816Z     "spec/progress/evidence/LOOP1-SYNC-001/client-fix/failed-review/prompts/P-58bd1023-e145-4cf5-a5cd-4baa33b52ff8/metadata.json",
classify	Classify full diff, including deletions	2026-10-03T16:24:19.0521730Z     "spec/progress/evidence/LOOP1-SYNC-001/client-fix/failed-review/prompts/P-58bd1023-e145-4cf5-a5cd-4baa33b52ff8/prompt.txt",
classify	Classify full diff, including deletions	2026-10-03T16:24:19.0522459Z     "spec/progress/evidence/LOOP1-SYNC-001/client-fix/failed-review/review.md",
classify	Classify full diff, including deletions	2026-10-03T16:24:19.0523391Z     "spec/progress/evidence/LOOP1-SYNC-001/client-fix/failed-review/runs/R-20261003T154043Z-b21579c7-4f71-457b-9fa7-bf2d38dd69ff/blobs/C-08c43f24-5e59-4855-8cbb-a61a6c7f3414.stderr.txt",
classify	Classify full diff, including deletions	2026-10-03T16:24:19.0524904Z     "spec/progress/evidence/LOOP1-SYNC-001/client-fix/failed-review/runs/R-20261003T154043Z-b21579c7-4f71-457b-9fa7-bf2d38dd69ff/blobs/C-08c43f24-5e59-4855-8cbb-a61a6c7f3414.stdout.txt",
classify	Classify full diff, including deletions	2026-10-03T16:24:19.0526231Z     "spec/progress/evidence/LOOP1-SYNC-001/client-fix/failed-review/runs/R-20261003T154043Z-b21579c7-4f71-457b-9fa7-bf2d38dd69ff/blobs/C-18b500cb-fb4e-47f3-9cd7-e79e1a0ec6d6.stderr.txt",
classify	Classify full diff, including deletions	2026-10-03T16:24:19.0527592Z     "spec/progress/evidence/LOOP1-SYNC-001/client-fix/failed-review/runs/R-20261003T154043Z-b21579c7-4f71-457b-9fa7-bf2d38dd69ff/blobs/C-18b500cb-fb4e-47f3-9cd7-e79e1a0ec6d6.stdout.txt",
classify	Classify full diff, including deletions	2026-10-03T16:24:19.0528892Z     "spec/progress/evidence/LOOP1-SYNC-001/client-fix/failed-review/runs/R-20261003T154043Z-b21579c7-4f71-457b-9fa7-bf2d38dd69ff/blobs/C-399fafc6-be83-45c1-a630-896323dc5393.stderr.txt",
classify	Classify full diff, including deletions	2026-10-03T16:24:19.0530440Z     "spec/progress/evidence/LOOP1-SYNC-001/client-fix/failed-review/runs/R-20261003T154043Z-b21579c7-4f71-457b-9fa7-bf2d38dd69ff/blobs/C-399fafc6-be83-45c1-a630-896323dc5393.stdout.txt",
classify	Classify full diff, including deletions	2026-10-03T16:24:19.0531709Z     "spec/progress/evidence/LOOP1-SYNC-001/client-fix/failed-review/runs/R-20261003T154043Z-b21579c7-4f71-457b-9fa7-bf2d38dd69ff/blobs/C-437766c8-063d-4559-ae11-c97133782ec5.stderr.txt",
classify	Classify full diff, including deletions	2026-10-03T16:24:19.0532971Z     "spec/progress/evidence/LOOP1-SYNC-001/client-fix/failed-review/runs/R-20261003T154043Z-b21579c7-4f71-457b-9fa7-bf2d38dd69ff/blobs/C-437766c8-063d-4559-ae11-c97133782ec5.stdout.txt",
classify	Classify full diff, including deletions	2026-10-03T16:24:19.0534528Z     "spec/progress/evidence/LOOP1-SYNC-001/client-fix/failed-review/runs/R-20261003T154043Z-b21579c7-4f71-457b-9fa7-bf2d38dd69ff/blobs/C-44d799fd-2478-4d37-aac7-0054119f1b9e.stderr.txt",
classify	Classify full diff, including deletions	2026-10-03T16:24:19.0535863Z     "spec/progress/evidence/LOOP1-SYNC-001/client-fix/failed-review/runs/R-20261003T154043Z-b21579c7-4f71-457b-9fa7-bf2d38dd69ff/blobs/C-44d799fd-2478-4d37-aac7-0054119f1b9e.stdout.txt",
classify	Classify full diff, including deletions	2026-10-03T16:24:19.0537304Z     "spec/progress/evidence/LOOP1-SYNC-001/client-fix/failed-review/runs/R-20261003T154043Z-b21579c7-4f71-457b-9fa7-bf2d38dd69ff/blobs/C-4504f3ab-e509-4d52-a07d-b1a5b87423e2.stderr.txt",
classify	Classify full diff, including deletions	2026-10-03T16:24:19.0538594Z     "spec/progress/evidence/LOOP1-SYNC-001/client-fix/failed-review/runs/R-20261003T154043Z-b21579c7-4f71-457b-9fa7-bf2d38dd69ff/blobs/C-4504f3ab-e509-4d52-a07d-b1a5b87423e2.stdout.txt",
classify	Classify full diff, including deletions	2026-10-03T16:24:19.0539901Z     "spec/progress/evidence/LOOP1-SYNC-001/client-fix/failed-review/runs/R-20261003T154043Z-b21579c7-4f71-457b-9fa7-bf2d38dd69ff/blobs/C-47af06be-fa8f-4a70-8613-bd24e5f322a7.stderr.txt",
classify	Classify full diff, including deletions	2026-10-03T16:24:19.0541171Z     "spec/progress/evidence/LOOP1-SYNC-001/client-fix/failed-review/runs/R-20261003T154043Z-b21579c7-4f71-457b-9fa7-bf2d38dd69ff/blobs/C-47af06be-fa8f-4a70-8613-bd24e5f322a7.stdout.txt",
classify	Classify full diff, including deletions	2026-10-03T16:24:19.0542462Z     "spec/progress/evidence/LOOP1-SYNC-001/client-fix/failed-review/runs/R-20261003T154043Z-b21579c7-4f71-457b-9fa7-bf2d38dd69ff/blobs/C-4efc8d04-28dc-4146-8ea2-c0be0865a2e7.stderr.txt",
classify	Classify full diff, including deletions	2026-10-03T16:24:19.0543731Z     "spec/progress/evidence/LOOP1-SYNC-001/client-fix/failed-review/runs/R-20261003T154043Z-b21579c7-4f71-457b-9fa7-bf2d38dd69ff/blobs/C-4efc8d04-28dc-4146-8ea2-c0be0865a2e7.stdout.txt",
classify	Classify full diff, including deletions	2026-10-03T16:24:19.0545460Z     "spec/progress/evidence/LOOP1-SYNC-001/client-fix/failed-review/runs/R-20261003T154043Z-b21579c7-4f71-457b-9fa7-bf2d38dd69ff/blobs/C-56b5f109-5e51-4ce7-9083-fb8aae59dad9.stderr.txt",
classify	Classify full diff, including deletions	2026-10-03T16:24:19.0546764Z     "spec/progress/evidence/LOOP1-SYNC-001/client-fix/failed-review/runs/R-20261003T154043Z-b21579c7-4f71-457b-9fa7-bf2d38dd69ff/blobs/C-56b5f109-5e51-4ce7-9083-fb8aae59dad9.stdout.txt",
classify	Classify full diff, including deletions	2026-10-03T16:24:19.0548036Z     "spec/progress/evidence/LOOP1-SYNC-001/client-fix/failed-review/runs/R-20261003T154043Z-b21579c7-4f71-457b-9fa7-bf2d38dd69ff/blobs/C-6100912f-cdcc-456f-ac1c-a5948057b9e9.stderr.txt",
classify	Classify full diff, including deletions	2026-10-03T16:24:19.0549293Z     "spec/progress/evidence/LOOP1-SYNC-001/client-fix/failed-review/runs/R-20261003T154043Z-b21579c7-4f71-457b-9fa7-bf2d38dd69ff/blobs/C-6100912f-cdcc-456f-ac1c-a5948057b9e9.stdout.txt",
classify	Classify full diff, including deletions	2026-10-03T16:24:19.0550542Z     "spec/progress/evidence/LOOP1-SYNC-001/client-fix/failed-review/runs/R-20261003T154043Z-b21579c7-4f71-457b-9fa7-bf2d38dd69ff/blobs/C-709e4dc2-4348-4c59-8db5-7303e257d992.stderr.txt",
classify	Classify full diff, including deletions	2026-10-03T16:24:19.0551799Z     "spec/progress/evidence/LOOP1-SYNC-001/client-fix/failed-review/runs/R-20261003T154043Z-b21579c7-4f71-457b-9fa7-bf2d38dd69ff/blobs/C-709e4dc2-4348-4c59-8db5-7303e257d992.stdout.txt",
classify	Classify full diff, including deletions	2026-10-03T16:24:19.0553065Z     "spec/progress/evidence/LOOP1-SYNC-001/client-fix/failed-review/runs/R-20261003T154043Z-b21579c7-4f71-457b-9fa7-bf2d38dd69ff/blobs/C-9184671c-00dd-4c76-b3dc-d687a350d69b.stderr.txt",
classify	Classify full diff, including deletions	2026-10-03T16:24:19.0554667Z     "spec/progress/evidence/LOOP1-SYNC-001/client-fix/failed-review/runs/R-20261003T154043Z-b21579c7-4f71-457b-9fa7-bf2d38dd69ff/blobs/C-9184671c-00dd-4c76-b3dc-d687a350d69b.stdout.txt",
classify	Classify full diff, including deletions	2026-10-03T16:24:19.0556159Z     "spec/progress/evidence/LOOP1-SYNC-001/client-fix/failed-review/runs/R-20261003T154043Z-b21579c7-4f71-457b-9fa7-bf2d38dd69ff/blobs/C-932aa8ff-2ee8-4c76-9f9d-0553ebc39b8c.stderr.txt",
classify	Classify full diff, including deletions	2026-10-03T16:24:19.0557426Z     "spec/progress/evidence/LOOP1-SYNC-001/client-fix/failed-review/runs/R-20261003T154043Z-b21579c7-4f71-457b-9fa7-bf2d38dd69ff/blobs/C-932aa8ff-2ee8-4c76-9f9d-0553ebc39b8c.stdout.txt",
classify	Classify full diff, including deletions	2026-10-03T16:24:19.0559224Z     "spec/progress/evidence/LOOP1-SYNC-001/client-fix/failed-review/runs/R-20261003T154043Z-b21579c7-4f71-457b-9fa7-bf2d38dd69ff/blobs/C-990d778b-ad08-45d1-a3ac-199094f74f58.stderr.txt",
classify	Classify full diff, including deletions	2026-10-03T16:24:19.0561612Z     "spec/progress/evidence/LOOP1-SYNC-001/client-fix/failed-review/runs/R-20261003T154043Z-b21579c7-4f71-457b-9fa7-bf2d38dd69ff/blobs/C-990d778b-ad08-45d1-a3ac-199094f74f58.stdout.txt",
classify	Classify full diff, including deletions	2026-10-03T16:24:19.0563724Z     "spec/progress/evidence/LOOP1-SYNC-001/client-fix/failed-review/runs/R-20261003T154043Z-b21579c7-4f71-457b-9fa7-bf2d38dd69ff/blobs/C-b041dc40-2510-4a77-ba78-d0db028a3cbb.stderr.txt",
classify	Classify full diff, including deletions	2026-10-03T16:24:19.0565540Z     "spec/progress/evidence/LOOP1-SYNC-001/client-fix/failed-review/runs/R-20261003T154043Z-b21579c7-4f71-457b-9fa7-bf2d38dd69ff/blobs/C-b041dc40-2510-4a77-ba78-d0db028a3cbb.stdout.txt",
classify	Classify full diff, including deletions	2026-10-03T16:24:19.0566834Z     "spec/progress/evidence/LOOP1-SYNC-001/client-fix/failed-review/runs/R-20261003T154043Z-b21579c7-4f71-457b-9fa7-bf2d38dd69ff/blobs/C-b7ffc7f7-ee07-43c3-b8cb-a39e6cbdc893.stderr.txt",
classify	Classify full diff, including deletions	2026-10-03T16:24:19.0568120Z     "spec/progress/evidence/LOOP1-SYNC-001/client-fix/failed-review/runs/R-20261003T154043Z-b21579c7-4f71-457b-9fa7-bf2d38dd69ff/blobs/C-b7ffc7f7-ee07-43c3-b8cb-a39e6cbdc893.stdout.txt",
classify	Classify full diff, including deletions	2026-10-03T16:24:19.0569395Z     "spec/progress/evidence/LOOP1-SYNC-001/client-fix/failed-review/runs/R-20261003T154043Z-b21579c7-4f71-457b-9fa7-bf2d38dd69ff/blobs/C-c3a14826-7732-4f9c-9dda-3e02df168ed1.stderr.txt",
classify	Classify full diff, including deletions	2026-10-03T16:24:19.0570662Z     "spec/progress/evidence/LOOP1-SYNC-001/client-fix/failed-review/runs/R-20261003T154043Z-b21579c7-4f71-457b-9fa7-bf2d38dd69ff/blobs/C-c3a14826-7732-4f9c-9dda-3e02df168ed1.stdout.txt",
classify	Classify full diff, including deletions	2026-10-03T16:24:19.0571921Z     "spec/progress/evidence/LOOP1-SYNC-001/client-fix/failed-review/runs/R-20261003T154043Z-b21579c7-4f71-457b-9fa7-bf2d38dd69ff/blobs/C-c42ebd18-feb6-4a22-8b85-c977f79206cc.stderr.txt",
classify	Classify full diff, including deletions	2026-10-03T16:24:19.0573193Z     "spec/progress/evidence/LOOP1-SYNC-001/client-fix/failed-review/runs/R-20261003T154043Z-b21579c7-4f71-457b-9fa7-bf2d38dd69ff/blobs/C-c42ebd18-feb6-4a22-8b85-c977f79206cc.stdout.txt",
classify	Classify full diff, including deletions	2026-10-03T16:24:19.0574850Z     "spec/progress/evidence/LOOP1-SYNC-001/client-fix/failed-review/runs/R-20261003T154043Z-b21579c7-4f71-457b-9fa7-bf2d38dd69ff/blobs/C-dae7b8cb-1b62-4f05-abea-de9404dc3a9d.stderr.txt",
classify	Classify full diff, including deletions	2026-10-03T16:24:19.0576160Z     "spec/progress/evidence/LOOP1-SYNC-001/client-fix/failed-review/runs/R-20261003T154043Z-b21579c7-4f71-457b-9fa7-bf2d38dd69ff/blobs/C-dae7b8cb-1b62-4f05-abea-de9404dc3a9d.stdout.txt",
classify	Classify full diff, including deletions	2026-10-03T16:24:19.0577446Z     "spec/progress/evidence/LOOP1-SYNC-001/client-fix/failed-review/runs/R-20261003T154043Z-b21579c7-4f71-457b-9fa7-bf2d38dd69ff/blobs/C-e317caef-8514-467a-ba3b-c3afaf502f0c.stderr.txt",
classify	Classify full diff, including deletions	2026-10-03T16:24:19.0578716Z     "spec/progress/evidence/LOOP1-SYNC-001/client-fix/failed-review/runs/R-20261003T154043Z-b21579c7-4f71-457b-9fa7-bf2d38dd69ff/blobs/C-e317caef-8514-467a-ba3b-c3afaf502f0c.stdout.txt",
classify	Classify full diff, including deletions	2026-10-03T16:24:19.0579985Z     "spec/progress/evidence/LOOP1-SYNC-001/client-fix/failed-review/runs/R-20261003T154043Z-b21579c7-4f71-457b-9fa7-bf2d38dd69ff/blobs/C-eacc8c91-928c-4283-9cd9-6c627f7f7b2d.stderr.txt",
classify	Classify full diff, including deletions	2026-10-03T16:24:19.0581256Z     "spec/progress/evidence/LOOP1-SYNC-001/client-fix/failed-review/runs/R-20261003T154043Z-b21579c7-4f71-457b-9fa7-bf2d38dd69ff/blobs/C-eacc8c91-928c-4283-9cd9-6c627f7f7b2d.stdout.txt",
classify	Classify full diff, including deletions	2026-10-03T16:24:19.0582368Z     "spec/progress/evidence/LOOP1-SYNC-001/client-fix/failed-review/runs/R-20261003T154043Z-b21579c7-4f71-457b-9fa7-bf2d38dd69ff/diff.patch",
classify	Classify full diff, including deletions	2026-10-03T16:24:19.0583491Z     "spec/progress/evidence/LOOP1-SYNC-001/client-fix/failed-review/runs/R-20261003T154043Z-b21579c7-4f71-457b-9fa7-bf2d38dd69ff/events.jsonl",
classify	Classify full diff, including deletions	2026-10-03T16:24:19.0584793Z     "spec/progress/evidence/LOOP1-SYNC-001/client-fix/failed-review/runs/R-20261003T154043Z-b21579c7-4f71-457b-9fa7-bf2d38dd69ff/final_state.json",
classify	Classify full diff, including deletions	2026-10-03T16:24:19.0585818Z     "spec/progress/evidence/LOOP1-SYNC-001/client-fix/failed-review/runs/R-20261003T154043Z-b21579c7-4f71-457b-9fa7-bf2d38dd69ff/initial_state.json",
classify	Classify full diff, including deletions	2026-10-03T16:24:19.0586817Z     "spec/progress/evidence/LOOP1-SYNC-001/client-fix/failed-review/runs/R-20261003T154043Z-b21579c7-4f71-457b-9fa7-bf2d38dd69ff/metadata.json",
classify	Classify full diff, including deletions	2026-10-03T16:24:19.0587788Z     "spec/progress/evidence/LOOP1-SYNC-001/client-fix/failed-review/runs/R-20261003T154043Z-b21579c7-4f71-457b-9fa7-bf2d38dd69ff/summary.json",
classify	Classify full diff, including deletions	2026-10-03T16:24:19.0588586Z     "spec/progress/evidence/LOOP1-SYNC-001/client-fix/fix-research/generated-receipt.json",
classify	Classify full diff, including deletions	2026-10-03T16:24:19.0589403Z     "spec/progress/evidence/LOOP1-SYNC-001/client-fix/fix-research/prompts/P-SYNC-CLIENT-FIX/metadata.json",
classify	Classify full diff, including deletions	2026-10-03T16:24:19.0590133Z     "spec/progress/evidence/LOOP1-SYNC-001/client-fix/fix-research/prompts/P-SYNC-CLIENT-FIX/prompt.txt",
classify	Classify full diff, including deletions	2026-10-03T16:24:19.0591048Z     "spec/progress/evidence/LOOP1-SYNC-001/client-fix/fix-research/runs/R-SYNC-CLIENT-FIX-20261003/blobs/C-05e201eb-b2a1-427e-aaad-741df2c8c9ca.stderr.txt",
classify	Classify full diff, including deletions	2026-10-03T16:24:19.0592145Z     "spec/progress/evidence/LOOP1-SYNC-001/client-fix/fix-research/runs/R-SYNC-CLIENT-FIX-20261003/blobs/C-05e201eb-b2a1-427e-aaad-741df2c8c9ca.stdout.txt",
classify	Classify full diff, including deletions	2026-10-03T16:24:19.0593215Z     "spec/progress/evidence/LOOP1-SYNC-001/client-fix/fix-research/runs/R-SYNC-CLIENT-FIX-20261003/blobs/C-0b1aa95f-25a0-43ac-9624-416aed527cfc.stderr.txt",
classify	Classify full diff, including deletions	2026-10-03T16:24:19.0594568Z     "spec/progress/evidence/LOOP1-SYNC-001/client-fix/fix-research/runs/R-SYNC-CLIENT-FIX-20261003/blobs/C-0b1aa95f-25a0-43ac-9624-416aed527cfc.stdout.txt",
classify	Classify full diff, including deletions	2026-10-03T16:24:19.0595643Z     "spec/progress/evidence/LOOP1-SYNC-001/client-fix/fix-research/runs/R-SYNC-CLIENT-FIX-20261003/blobs/C-0ca70223-223a-4ebc-8396-1871668bbbb3.stderr.txt",
classify	Classify full diff, including deletions	2026-10-03T16:24:19.0596688Z     "spec/progress/evidence/LOOP1-SYNC-001/client-fix/fix-research/runs/R-SYNC-CLIENT-FIX-20261003/blobs/C-0ca70223-223a-4ebc-8396-1871668bbbb3.stdout.txt",
classify	Classify full diff, including deletions	2026-10-03T16:24:19.0597735Z     "spec/progress/evidence/LOOP1-SYNC-001/client-fix/fix-research/runs/R-SYNC-CLIENT-FIX-20261003/blobs/C-161b14a4-dc18-4476-a095-4f49c664ed3c.stderr.txt",
classify	Classify full diff, including deletions	2026-10-03T16:24:19.0598783Z     "spec/progress/evidence/LOOP1-SYNC-001/client-fix/fix-research/runs/R-SYNC-CLIENT-FIX-20261003/blobs/C-161b14a4-dc18-4476-a095-4f49c664ed3c.stdout.txt",
classify	Classify full diff, including deletions	2026-10-03T16:24:19.0599826Z     "spec/progress/evidence/LOOP1-SYNC-001/client-fix/fix-research/runs/R-SYNC-CLIENT-FIX-20261003/blobs/C-16b62c8d-b4e2-4357-aaf1-e3b4108e4bc4.stderr.txt",
classify	Classify full diff, including deletions	2026-10-03T16:24:19.0600876Z     "spec/progress/evidence/LOOP1-SYNC-001/client-fix/fix-research/runs/R-SYNC-CLIENT-FIX-20261003/blobs/C-16b62c8d-b4e2-4357-aaf1-e3b4108e4bc4.stdout.txt",
classify	Classify full diff, including deletions	2026-10-03T16:24:19.0601945Z     "spec/progress/evidence/LOOP1-SYNC-001/client-fix/fix-research/runs/R-SYNC-CLIENT-FIX-20261003/blobs/C-1fb2dcc1-372e-457d-b4b8-f2da78944018.stderr.txt",
classify	Classify full diff, including deletions	2026-10-03T16:24:19.0602989Z     "spec/progress/evidence/LOOP1-SYNC-001/client-fix/fix-research/runs/R-SYNC-CLIENT-FIX-20261003/blobs/C-1fb2dcc1-372e-457d-b4b8-f2da78944018.stdout.txt",
classify	Classify full diff, including deletions	2026-10-03T16:24:19.0604623Z     "spec/progress/evidence/LOOP1-SYNC-001/client-fix/fix-research/runs/R-SYNC-CLIENT-FIX-20261003/blobs/C-414f83a6-0c5a-48d8-a029-68784f35230c.stderr.txt",
classify	Classify full diff, including deletions	2026-10-03T16:24:19.0605730Z     "spec/progress/evidence/LOOP1-SYNC-001/client-fix/fix-research/runs/R-SYNC-CLIENT-FIX-20261003/blobs/C-414f83a6-0c5a-48d8-a029-68784f35230c.stdout.txt",
classify	Classify full diff, including deletions	2026-10-03T16:24:19.0606776Z     "spec/progress/evidence/LOOP1-SYNC-001/client-fix/fix-research/runs/R-SYNC-CLIENT-FIX-20261003/blobs/C-4943076f-9f47-4a89-b7b4-51b403331a26.stderr.txt",
classify	Classify full diff, including deletions	2026-10-03T16:24:19.0607976Z     "spec/progress/evidence/LOOP1-SYNC-001/client-fix/fix-research/runs/R-SYNC-CLIENT-FIX-20261003/blobs/C-4943076f-9f47-4a89-b7b4-51b403331a26.stdout.txt",
classify	Classify full diff, including deletions	2026-10-03T16:24:19.0609012Z     "spec/progress/evidence/LOOP1-SYNC-001/client-fix/fix-research/runs/R-SYNC-CLIENT-FIX-20261003/blobs/C-4e9a01ed-7ab4-4677-81a0-f1051a0834ab.stderr.txt",
classify	Classify full diff, including deletions	2026-10-03T16:24:19.0610051Z     "spec/progress/evidence/LOOP1-SYNC-001/client-fix/fix-research/runs/R-SYNC-CLIENT-FIX-20261003/blobs/C-4e9a01ed-7ab4-4677-81a0-f1051a0834ab.stdout.txt",
classify	Classify full diff, including deletions	2026-10-03T16:24:19.0611105Z     "spec/progress/evidence/LOOP1-SYNC-001/client-fix/fix-research/runs/R-SYNC-CLIENT-FIX-20261003/blobs/C-65484c04-ec61-4120-bfa0-d8c7c861cbb4.stderr.txt",
classify	Classify full diff, including deletions	2026-10-03T16:24:19.0612158Z     "spec/progress/evidence/LOOP1-SYNC-001/client-fix/fix-research/runs/R-SYNC-CLIENT-FIX-20261003/blobs/C-65484c04-ec61-4120-bfa0-d8c7c861cbb4.stdout.txt",
classify	Classify full diff, including deletions	2026-10-03T16:24:19.0613209Z     "spec/progress/evidence/LOOP1-SYNC-001/client-fix/fix-research/runs/R-SYNC-CLIENT-FIX-20261003/blobs/C-6ad74137-1dff-4c19-8b54-27c4fde713ec.stderr.txt",
classify	Classify full diff, including deletions	2026-10-03T16:24:19.0614727Z     "spec/progress/evidence/LOOP1-SYNC-001/client-fix/fix-research/runs/R-SYNC-CLIENT-FIX-20261003/blobs/C-6ad74137-1dff-4c19-8b54-27c4fde713ec.stdout.txt",
classify	Classify full diff, including deletions	2026-10-03T16:24:19.0615804Z     "spec/progress/evidence/LOOP1-SYNC-001/client-fix/fix-research/runs/R-SYNC-CLIENT-FIX-20261003/blobs/C-81e07804-78ef-4976-83bd-6eb374e61833.stderr.txt",
classify	Classify full diff, including deletions	2026-10-03T16:24:19.0616849Z     "spec/progress/evidence/LOOP1-SYNC-001/client-fix/fix-research/runs/R-SYNC-CLIENT-FIX-20261003/blobs/C-81e07804-78ef-4976-83bd-6eb374e61833.stdout.txt",
classify	Classify full diff, including deletions	2026-10-03T16:24:19.0617901Z     "spec/progress/evidence/LOOP1-SYNC-001/client-fix/fix-research/runs/R-SYNC-CLIENT-FIX-20261003/blobs/C-89b05ac0-fa3f-4343-88f1-6ebbd340a9eb.stderr.txt",
classify	Classify full diff, including deletions	2026-10-03T16:24:19.0618950Z     "spec/progress/evidence/LOOP1-SYNC-001/client-fix/fix-research/runs/R-SYNC-CLIENT-FIX-20261003/blobs/C-89b05ac0-fa3f-4343-88f1-6ebbd340a9eb.stdout.txt",
classify	Classify full diff, including deletions	2026-10-03T16:24:19.0620015Z     "spec/progress/evidence/LOOP1-SYNC-001/client-fix/fix-research/runs/R-SYNC-CLIENT-FIX-20261003/blobs/C-8a6160c5-eacf-445f-8e97-5c174cdc3370.stderr.txt",
classify	Classify full diff, including deletions	2026-10-03T16:24:19.0621065Z     "spec/progress/evidence/LOOP1-SYNC-001/client-fix/fix-research/runs/R-SYNC-CLIENT-FIX-20261003/blobs/C-8a6160c5-eacf-445f-8e97-5c174cdc3370.stdout.txt",
classify	Classify full diff, including deletions	2026-10-03T16:24:19.0622110Z     "spec/progress/evidence/LOOP1-SYNC-001/client-fix/fix-research/runs/R-SYNC-CLIENT-FIX-20261003/blobs/C-8e3326bf-2293-4bf1-be78-8278ba7f88cf.stderr.txt",
classify	Classify full diff, including deletions	2026-10-03T16:24:19.0623162Z     "spec/progress/evidence/LOOP1-SYNC-001/client-fix/fix-research/runs/R-SYNC-CLIENT-FIX-20261003/blobs/C-8e3326bf-2293-4bf1-be78-8278ba7f88cf.stdout.txt",
classify	Classify full diff, including deletions	2026-10-03T16:24:19.0624597Z     "spec/progress/evidence/LOOP1-SYNC-001/client-fix/fix-research/runs/R-SYNC-CLIENT-FIX-20261003/blobs/C-8fcaab43-86b1-41c9-b3bb-a327a36e1581.stderr.txt",
classify	Classify full diff, including deletions	2026-10-03T16:24:19.0625759Z     "spec/progress/evidence/LOOP1-SYNC-001/client-fix/fix-research/runs/R-SYNC-CLIENT-FIX-20261003/blobs/C-8fcaab43-86b1-41c9-b3bb-a327a36e1581.stdout.txt",
classify	Classify full diff, including deletions	2026-10-03T16:24:19.0626859Z     "spec/progress/evidence/LOOP1-SYNC-001/client-fix/fix-research/runs/R-SYNC-CLIENT-FIX-20261003/blobs/C-975c0ce0-03a4-4d38-ab62-00d95962af81.stderr.txt",
classify	Classify full diff, including deletions	2026-10-03T16:24:19.0627905Z     "spec/progress/evidence/LOOP1-SYNC-001/client-fix/fix-research/runs/R-SYNC-CLIENT-FIX-20261003/blobs/C-975c0ce0-03a4-4d38-ab62-00d95962af81.stdout.txt",
classify	Classify full diff, including deletions	2026-10-03T16:24:19.0628953Z     "spec/progress/evidence/LOOP1-SYNC-001/client-fix/fix-research/runs/R-SYNC-CLIENT-FIX-20261003/blobs/C-a98cbe5a-b367-4ec7-b37e-74dfa83fa3fb.stderr.txt",
classify	Classify full diff, including deletions	2026-10-03T16:24:19.0630016Z     "spec/progress/evidence/LOOP1-SYNC-001/client-fix/fix-research/runs/R-SYNC-CLIENT-FIX-20261003/blobs/C-a98cbe5a-b367-4ec7-b37e-74dfa83fa3fb.stdout.txt",
classify	Classify full diff, including deletions	2026-10-03T16:24:19.0631067Z     "spec/progress/evidence/LOOP1-SYNC-001/client-fix/fix-research/runs/R-SYNC-CLIENT-FIX-20261003/blobs/C-c7cc82c0-5222-4d44-bf00-2bb06a836ef6.stderr.txt",
classify	Classify full diff, including deletions	2026-10-03T16:24:19.0632273Z     "spec/progress/evidence/LOOP1-SYNC-001/client-fix/fix-research/runs/R-SYNC-CLIENT-FIX-20261003/blobs/C-c7cc82c0-5222-4d44-bf00-2bb06a836ef6.stdout.txt",
classify	Classify full diff, including deletions	2026-10-03T16:24:19.0633326Z     "spec/progress/evidence/LOOP1-SYNC-001/client-fix/fix-research/runs/R-SYNC-CLIENT-FIX-20261003/blobs/C-cd3fb5fe-4a3f-46f6-86c9-afa5081a3427.stderr.txt",
classify	Classify full diff, including deletions	2026-10-03T16:24:19.0634678Z     "spec/progress/evidence/LOOP1-SYNC-001/client-fix/fix-research/runs/R-SYNC-CLIENT-FIX-20261003/blobs/C-cd3fb5fe-4a3f-46f6-86c9-afa5081a3427.stdout.txt",
classify	Classify full diff, including deletions	2026-10-03T16:24:19.0635746Z     "spec/progress/evidence/LOOP1-SYNC-001/client-fix/fix-research/runs/R-SYNC-CLIENT-FIX-20261003/blobs/C-cfc46c4c-bcc4-4479-8a0f-e57343535305.stderr.txt",
classify	Classify full diff, including deletions	2026-10-03T16:24:19.0636786Z     "spec/progress/evidence/LOOP1-SYNC-001/client-fix/fix-research/runs/R-SYNC-CLIENT-FIX-20261003/blobs/C-cfc46c4c-bcc4-4479-8a0f-e57343535305.stdout.txt",
classify	Classify full diff, including deletions	2026-10-03T16:24:19.0637832Z     "spec/progress/evidence/LOOP1-SYNC-001/client-fix/fix-research/runs/R-SYNC-CLIENT-FIX-20261003/blobs/C-d75824bc-9237-4e39-91dd-1a34e194be8e.stderr.txt",
classify	Classify full diff, including deletions	2026-10-03T16:24:19.0639006Z     "spec/progress/evidence/LOOP1-SYNC-001/client-fix/fix-research/runs/R-SYNC-CLIENT-FIX-20261003/blobs/C-d75824bc-9237-4e39-91dd-1a34e194be8e.stdout.txt",
classify	Classify full diff, including deletions	2026-10-03T16:24:19.0640051Z     "spec/progress/evidence/LOOP1-SYNC-001/client-fix/fix-research/runs/R-SYNC-CLIENT-FIX-20261003/blobs/C-dbcf2ccb-54a3-4c2c-8051-a447cb5a0f3e.stderr.txt",
classify	Classify full diff, including deletions	2026-10-03T16:24:19.0641100Z     "spec/progress/evidence/LOOP1-SYNC-001/client-fix/fix-research/runs/R-SYNC-CLIENT-FIX-20261003/blobs/C-dbcf2ccb-54a3-4c2c-8051-a447cb5a0f3e.stdout.txt",
classify	Classify full diff, including deletions	2026-10-03T16:24:19.0642150Z     "spec/progress/evidence/LOOP1-SYNC-001/client-fix/fix-research/runs/R-SYNC-CLIENT-FIX-20261003/blobs/C-f94604ee-d771-4faf-a228-fa60ff158827.stderr.txt",
classify	Classify full diff, including deletions	2026-10-03T16:24:19.0643192Z     "spec/progress/evidence/LOOP1-SYNC-001/client-fix/fix-research/runs/R-SYNC-CLIENT-FIX-20261003/blobs/C-f94604ee-d771-4faf-a228-fa60ff158827.stdout.txt",
classify	Classify full diff, including deletions	2026-10-03T16:24:19.0644305Z     "spec/progress/evidence/LOOP1-SYNC-001/client-fix/fix-research/runs/R-SYNC-CLIENT-FIX-20261003/diff.patch",
classify	Classify full diff, including deletions	2026-10-03T16:24:19.0645075Z     "spec/progress/evidence/LOOP1-SYNC-001/client-fix/fix-research/runs/R-SYNC-CLIENT-FIX-20261003/events.jsonl",
classify	Classify full diff, including deletions	2026-10-03T16:24:19.0645844Z     "spec/progress/evidence/LOOP1-SYNC-001/client-fix/fix-research/runs/R-SYNC-CLIENT-FIX-20261003/final_state.json",
classify	Classify full diff, including deletions	2026-10-03T16:24:19.0646639Z     "spec/progress/evidence/LOOP1-SYNC-001/client-fix/fix-research/runs/R-SYNC-CLIENT-FIX-20261003/initial_state.json",
classify	Classify full diff, including deletions	2026-10-03T16:24:19.0647420Z     "spec/progress/evidence/LOOP1-SYNC-001/client-fix/fix-research/runs/R-SYNC-CLIENT-FIX-20261003/metadata.json",
classify	Classify full diff, including deletions	2026-10-03T16:24:19.0648202Z     "spec/progress/evidence/LOOP1-SYNC-001/client-fix/fix-research/runs/R-SYNC-CLIENT-FIX-20261003/summary.json",
classify	Classify full diff, including deletions	2026-10-03T16:24:19.0648833Z     "spec/progress/evidence/LOOP1-SYNC-001/client-fix/local-verification.md",
classify	Classify full diff, including deletions	2026-10-03T16:24:19.0649456Z     "spec/progress/evidence/LOOP1-SYNC-001/client-implementation/artifact-manifest-sha256.txt",
classify	Classify full diff, including deletions	2026-10-03T16:24:19.0650074Z     "spec/progress/evidence/LOOP1-SYNC-001/client-implementation/command-index.json",
classify	Classify full diff, including deletions	2026-10-03T16:24:19.0650652Z     "spec/progress/evidence/LOOP1-SYNC-001/client-implementation/local-verification.md",
classify	Classify full diff, including deletions	2026-10-03T16:24:19.0651278Z     "spec/progress/evidence/LOOP1-SYNC-001/client-implementation/research-archive-manifest.json",
classify	Classify full diff, including deletions	2026-10-03T16:24:19.0652078Z     "spec/progress/evidence/LOOP1-SYNC-001/client-implementation/research/prompts/P-4f7122e3-d9f2-433c-bc56-81047aa774be/metadata.json",
classify	Classify full diff, including deletions	2026-10-03T16:24:19.0653025Z     "spec/progress/evidence/LOOP1-SYNC-001/client-implementation/research/prompts/P-4f7122e3-d9f2-433c-bc56-81047aa774be/prompt.txt",
classify	Classify full diff, including deletions	2026-10-03T16:24:19.0654469Z     "spec/progress/evidence/LOOP1-SYNC-001/client-implementation/research/runs/R-20261003T143811Z-f75093f7-8424-4f4b-8736-3ae171ac3d15/blobs/C-00dd4347-d1d8-4887-9ba8-230f6613b86a.stderr.txt",
classify	Classify full diff, including deletions	2026-10-03T16:24:19.0655982Z     "spec/progress/evidence/LOOP1-SYNC-001/client-implementation/research/runs/R-20261003T143811Z-f75093f7-8424-4f4b-8736-3ae171ac3d15/blobs/C-00dd4347-d1d8-4887-9ba8-230f6613b86a.stdout.txt",
classify	Classify full diff, including deletions	2026-10-03T16:24:19.0657300Z     "spec/progress/evidence/LOOP1-SYNC-001/client-implementation/research/runs/R-20261003T143811Z-f75093f7-8424-4f4b-8736-3ae171ac3d15/blobs/C-01b50565-b3e7-492d-8a33-a4489539a0a5.stderr.txt",
classify	Classify full diff, including deletions	2026-10-03T16:24:19.0658632Z     "spec/progress/evidence/LOOP1-SYNC-001/client-implementation/research/runs/R-20261003T143811Z-f75093f7-8424-4f4b-8736-3ae171ac3d15/blobs/C-01b50565-b3e7-492d-8a33-a4489539a0a5.stdout.txt",
classify	Classify full diff, including deletions	2026-10-03T16:24:19.0659935Z     "spec/progress/evidence/LOOP1-SYNC-001/client-implementation/research/runs/R-20261003T143811Z-f75093f7-8424-4f4b-8736-3ae171ac3d15/blobs/C-0a00ce58-f7ac-47e0-8ba3-03a03b600726.stderr.txt",
classify	Classify full diff, including deletions	2026-10-03T16:24:19.0661233Z     "spec/progress/evidence/LOOP1-SYNC-001/client-implementation/research/runs/R-20261003T143811Z-f75093f7-8424-4f4b-8736-3ae171ac3d15/blobs/C-0a00ce58-f7ac-47e0-8ba3-03a03b600726.stdout.txt",
classify	Classify full diff, including deletions	2026-10-03T16:24:19.0662729Z     "spec/progress/evidence/LOOP1-SYNC-001/client-implementation/research/runs/R-20261003T143811Z-f75093f7-8424-4f4b-8736-3ae171ac3d15/blobs/C-0c985987-c825-4f4f-9c7c-c9e31eab1132.stderr.txt",
classify	Classify full diff, including deletions	2026-10-03T16:24:19.0664275Z     "spec/progress/evidence/LOOP1-SYNC-001/client-implementation/research/runs/R-20261003T143811Z-f75093f7-8424-4f4b-8736-3ae171ac3d15/blobs/C-0c985987-c825-4f4f-9c7c-c9e31eab1132.stdout.txt",
classify	Classify full diff, including deletions	2026-10-03T16:24:19.0665646Z     "spec/progress/evidence/LOOP1-SYNC-001/client-implementation/research/runs/R-20261003T143811Z-f75093f7-8424-4f4b-8736-3ae171ac3d15/blobs/C-0d4e5e60-d848-46b0-bd84-d4c8746f1f47.stderr.txt",
classify	Classify full diff, including deletions	2026-10-03T16:24:19.0666955Z     "spec/progress/evidence/LOOP1-SYNC-001/client-implementation/research/runs/R-20261003T143811Z-f75093f7-8424-4f4b-8736-3ae171ac3d15/blobs/C-0d4e5e60-d848-46b0-bd84-d4c8746f1f47.stdout.txt",
classify	Classify full diff, including deletions	2026-10-03T16:24:19.0668260Z     "spec/progress/evidence/LOOP1-SYNC-001/client-implementation/research/runs/R-20261003T143811Z-f75093f7-8424-4f4b-8736-3ae171ac3d15/blobs/C-103f3795-ae52-4d3e-8573-57f2d23c8018.stderr.txt",
classify	Classify full diff, including deletions	2026-10-03T16:24:19.0669559Z     "spec/progress/evidence/LOOP1-SYNC-001/client-implementation/research/runs/R-20261003T143811Z-f75093f7-8424-4f4b-8736-3ae171ac3d15/blobs/C-103f3795-ae52-4d3e-8573-57f2d23c8018.stdout.txt",
classify	Classify full diff, including deletions	2026-10-03T16:24:19.0670854Z     "spec/progress/evidence/LOOP1-SYNC-001/client-implementation/research/runs/R-20261003T143811Z-f75093f7-8424-4f4b-8736-3ae171ac3d15/blobs/C-10fdde67-f346-43d9-a2b6-005232e0fed1.stderr.txt",
classify	Classify full diff, including deletions	2026-10-03T16:24:19.0672159Z     "spec/progress/evidence/LOOP1-SYNC-001/client-implementation/research/runs/R-20261003T143811Z-f75093f7-8424-4f4b-8736-3ae171ac3d15/blobs/C-10fdde67-f346-43d9-a2b6-005232e0fed1.stdout.txt",
classify	Classify full diff, including deletions	2026-10-03T16:24:19.0673469Z     "spec/progress/evidence/LOOP1-SYNC-001/client-implementation/research/runs/R-20261003T143811Z-f75093f7-8424-4f4b-8736-3ae171ac3d15/blobs/C-14f44bb9-8484-4d47-bbfc-716d030f7eb8.stderr.txt",
classify	Classify full diff, including deletions	2026-10-03T16:24:19.0675081Z     "spec/progress/evidence/LOOP1-SYNC-001/client-implementation/research/runs/R-20261003T143811Z-f75093f7-8424-4f4b-8736-3ae171ac3d15/blobs/C-14f44bb9-8484-4d47-bbfc-716d030f7eb8.stdout.txt",
classify	Classify full diff, including deletions	2026-10-03T16:24:19.0676382Z     "spec/progress/evidence/LOOP1-SYNC-001/client-implementation/research/runs/R-20261003T143811Z-f75093f7-8424-4f4b-8736-3ae171ac3d15/blobs/C-15ef5e7a-5066-44df-ad1b-267d2553d9d9.stderr.txt",
classify	Classify full diff, including deletions	2026-10-03T16:24:19.0677682Z     "spec/progress/evidence/LOOP1-SYNC-001/client-implementation/research/runs/R-20261003T143811Z-f75093f7-8424-4f4b-8736-3ae171ac3d15/blobs/C-15ef5e7a-5066-44df-ad1b-267d2553d9d9.stdout.txt",
classify	Classify full diff, including deletions	2026-10-03T16:24:19.0678991Z     "spec/progress/evidence/LOOP1-SYNC-001/client-implementation/research/runs/R-20261003T143811Z-f75093f7-8424-4f4b-8736-3ae171ac3d15/blobs/C-16de356c-eb58-4926-9875-657a38656aa0.stderr.txt",
classify	Classify full diff, including deletions	2026-10-03T16:24:19.0680300Z     "spec/progress/evidence/LOOP1-SYNC-001/client-implementation/research/runs/R-20261003T143811Z-f75093f7-8424-4f4b-8736-3ae171ac3d15/blobs/C-16de356c-eb58-4926-9875-657a38656aa0.stdout.txt",
classify	Classify full diff, including deletions	2026-10-03T16:24:19.0681736Z     "spec/progress/evidence/LOOP1-SYNC-001/client-implementation/research/runs/R-20261003T143811Z-f75093f7-8424-4f4b-8736-3ae171ac3d15/blobs/C-1a5c9772-78b5-4291-96e1-d98897657276.stderr.txt",
classify	Classify full diff, including deletions	2026-10-03T16:24:19.0683023Z     "spec/progress/evidence/LOOP1-SYNC-001/client-implementation/research/runs/R-20261003T143811Z-f75093f7-8424-4f4b-8736-3ae171ac3d15/blobs/C-1a5c9772-78b5-4291-96e1-d98897657276.stdout.txt",
classify	Classify full diff, including deletions	2026-10-03T16:24:19.0684559Z     "spec/progress/evidence/LOOP1-SYNC-001/client-implementation/research/runs/R-20261003T143811Z-f75093f7-8424-4f4b-8736-3ae171ac3d15/blobs/C-25a73969-d1db-43ec-8eab-32727d907edc.stderr.txt",
classify	Classify full diff, including deletions	2026-10-03T16:24:19.0685874Z     "spec/progress/evidence/LOOP1-SYNC-001/client-implementation/research/runs/R-20261003T143811Z-f75093f7-8424-4f4b-8736-3ae171ac3d15/blobs/C-25a73969-d1db-43ec-8eab-32727d907edc.stdout.txt",
classify	Classify full diff, including deletions	2026-10-03T16:24:19.0687310Z     "spec/progress/evidence/LOOP1-SYNC-001/client-implementation/research/runs/R-20261003T143811Z-f75093f7-8424-4f4b-8736-3ae171ac3d15/blobs/C-28497a7a-d2ca-4db0-9d34-b891a5db128a.stderr.txt",
classify	Classify full diff, including deletions	2026-10-03T16:24:19.0688765Z     "spec/progress/evidence/LOOP1-SYNC-001/client-implementation/research/runs/R-20261003T143811Z-f75093f7-8424-4f4b-8736-3ae171ac3d15/blobs/C-28497a7a-d2ca-4db0-9d34-b891a5db128a.stdout.txt",
classify	Classify full diff, including deletions	2026-10-03T16:24:19.0690071Z     "spec/progress/evidence/LOOP1-SYNC-001/client-implementation/research/runs/R-20261003T143811Z-f75093f7-8424-4f4b-8736-3ae171ac3d15/blobs/C-291fac9e-1148-4c2d-afb4-534f191b0f65.stderr.txt",
classify	Classify full diff, including deletions	2026-10-03T16:24:19.0691371Z     "spec/progress/evidence/LOOP1-SYNC-001/client-implementation/research/runs/R-20261003T143811Z-f75093f7-8424-4f4b-8736-3ae171ac3d15/blobs/C-291fac9e-1148-4c2d-afb4-534f191b0f65.stdout.txt",
classify	Classify full diff, including deletions	2026-10-03T16:24:19.0692675Z     "spec/progress/evidence/LOOP1-SYNC-001/client-implementation/research/runs/R-20261003T143811Z-f75093f7-8424-4f4b-8736-3ae171ac3d15/blobs/C-2988b2bf-104b-4e7e-9b0b-cf9f48e130e9.stderr.txt",
classify	Classify full diff, including deletions	2026-10-03T16:24:19.0694000Z     "spec/progress/evidence/LOOP1-SYNC-001/client-implementation/research/runs/R-20261003T143811Z-f75093f7-8424-4f4b-8736-3ae171ac3d15/blobs/C-2988b2bf-104b-4e7e-9b0b-cf9f48e130e9.stdout.txt",
classify	Classify full diff, including deletions	2026-10-03T16:24:19.0695687Z     "spec/progress/evidence/LOOP1-SYNC-001/client-implementation/research/runs/R-20261003T143811Z-f75093f7-8424-4f4b-8736-3ae171ac3d15/blobs/C-2c500e3e-94a9-4fef-970d-deafd1023c0c.stderr.txt",
classify	Classify full diff, including deletions	2026-10-03T16:24:19.0697020Z     "spec/progress/evidence/LOOP1-SYNC-001/client-implementation/research/runs/R-20261003T143811Z-f75093f7-8424-4f4b-8736-3ae171ac3d15/blobs/C-2c500e3e-94a9-4fef-970d-deafd1023c0c.stdout.txt",
classify	Classify full diff, including deletions	2026-10-03T16:24:19.0698343Z     "spec/progress/evidence/LOOP1-SYNC-001/client-implementation/research/runs/R-20261003T143811Z-f75093f7-8424-4f4b-8736-3ae171ac3d15/blobs/C-2e317723-f93b-4c0f-b553-92c21d2fd7ec.stderr.txt",
classify	Classify full diff, including deletions	2026-10-03T16:24:19.0699672Z     "spec/progress/evidence/LOOP1-SYNC-001/client-implementation/research/runs/R-20261003T143811Z-f75093f7-8424-4f4b-8736-3ae171ac3d15/blobs/C-2e317723-f93b-4c0f-b553-92c21d2fd7ec.stdout.txt",
classify	Classify full diff, including deletions	2026-10-03T16:24:19.0700991Z     "spec/progress/evidence/LOOP1-SYNC-001/client-implementation/research/runs/R-20261003T143811Z-f75093f7-8424-4f4b-8736-3ae171ac3d15/blobs/C-2f9c30a1-8635-420f-b4eb-77d858a4ea3f.stderr.txt",
classify	Classify full diff, including deletions	2026-10-03T16:24:19.0702308Z     "spec/progress/evidence/LOOP1-SYNC-001/client-implementation/research/runs/R-20261003T143811Z-f75093f7-8424-4f4b-8736-3ae171ac3d15/blobs/C-2f9c30a1-8635-420f-b4eb-77d858a4ea3f.stdout.txt",
classify	Classify full diff, including deletions	2026-10-03T16:24:19.0703626Z     "spec/progress/evidence/LOOP1-SYNC-001/client-implementation/research/runs/R-20261003T143811Z-f75093f7-8424-4f4b-8736-3ae171ac3d15/blobs/C-2faa55fa-d3ca-4d55-a179-f6b1daec9dcc.stderr.txt",
classify	Classify full diff, including deletions	2026-10-03T16:24:19.0705261Z     "spec/progress/evidence/LOOP1-SYNC-001/client-implementation/research/runs/R-20261003T143811Z-f75093f7-8424-4f4b-8736-3ae171ac3d15/blobs/C-2faa55fa-d3ca-4d55-a179-f6b1daec9dcc.stdout.txt",
classify	Classify full diff, including deletions	2026-10-03T16:24:19.0706741Z     "spec/progress/evidence/LOOP1-SYNC-001/client-implementation/research/runs/R-20261003T143811Z-f75093f7-8424-4f4b-8736-3ae171ac3d15/blobs/C-30789cfb-10ae-441e-a1f6-33b11362c33c.stderr.txt",
classify	Classify full diff, including deletions	2026-10-03T16:24:19.0708050Z     "spec/progress/evidence/LOOP1-SYNC-001/client-implementation/research/runs/R-20261003T143811Z-f75093f7-8424-4f4b-8736-3ae171ac3d15/blobs/C-30789cfb-10ae-441e-a1f6-33b11362c33c.stdout.txt",
classify	Classify full diff, including deletions	2026-10-03T16:24:19.0709506Z     "spec/progress/evidence/LOOP1-SYNC-001/client-implementation/research/runs/R-20261003T143811Z-f75093f7-8424-4f4b-8736-3ae171ac3d15/blobs/C-33f80bfb-df5c-452f-be0a-eb6955c98db8.stderr.txt",
classify	Classify full diff, including deletions	2026-10-03T16:24:19.0710825Z     "spec/progress/evidence/LOOP1-SYNC-001/client-implementation/research/runs/R-20261003T143811Z-f75093f7-8424-4f4b-8736-3ae171ac3d15/blobs/C-33f80bfb-df5c-452f-be0a-eb6955c98db8.stdout.txt",
classify	Classify full diff, including deletions	2026-10-03T16:24:19.0712140Z     "spec/progress/evidence/LOOP1-SYNC-001/client-implementation/research/runs/R-20261003T143811Z-f75093f7-8424-4f4b-8736-3ae171ac3d15/blobs/C-3a5b2990-ace4-4907-92eb-25cb9639510b.stderr.txt",
classify	Classify full diff, including deletions	2026-10-03T16:24:19.0713574Z     "spec/progress/evidence/LOOP1-SYNC-001/client-implementation/research/runs/R-20261003T143811Z-f75093f7-8424-4f4b-8736-3ae171ac3d15/blobs/C-3a5b2990-ace4-4907-92eb-25cb9639510b.stdout.txt",
classify	Classify full diff, including deletions	2026-10-03T16:24:19.0715209Z     "spec/progress/evidence/LOOP1-SYNC-001/client-implementation/research/runs/R-20261003T143811Z-f75093f7-8424-4f4b-8736-3ae171ac3d15/blobs/C-3d5e3d5e-7f0f-4b31-9a0f-ef607bdc5857.stderr.txt",
classify	Classify full diff, including deletions	2026-10-03T16:24:19.0716535Z     "spec/progress/evidence/LOOP1-SYNC-001/client-implementation/research/runs/R-20261003T143811Z-f75093f7-8424-4f4b-8736-3ae171ac3d15/blobs/C-3d5e3d5e-7f0f-4b31-9a0f-ef607bdc5857.stdout.txt",
classify	Classify full diff, including deletions	2026-10-03T16:24:19.0717851Z     "spec/progress/evidence/LOOP1-SYNC-001/client-implementation/research/runs/R-20261003T143811Z-f75093f7-8424-4f4b-8736-3ae171ac3d15/blobs/C-420645ce-b77c-496b-96bb-c002c2f7ced8.stderr.txt",
classify	Classify full diff, including deletions	2026-10-03T16:24:19.0719197Z     "spec/progress/evidence/LOOP1-SYNC-001/client-implementation/research/runs/R-20261003T143811Z-f75093f7-8424-4f4b-8736-3ae171ac3d15/blobs/C-420645ce-b77c-496b-96bb-c002c2f7ced8.stdout.txt",
classify	Classify full diff, including deletions	2026-10-03T16:24:19.0720507Z     "spec/progress/evidence/LOOP1-SYNC-001/client-implementation/research/runs/R-20261003T143811Z-f75093f7-8424-4f4b-8736-3ae171ac3d15/blobs/C-47912fbd-c0b4-49b4-848b-626c245681d6.stderr.txt",
classify	Classify full diff, including deletions	2026-10-03T16:24:19.0721810Z     "spec/progress/evidence/LOOP1-SYNC-001/client-implementation/research/runs/R-20261003T143811Z-f75093f7-8424-4f4b-8736-3ae171ac3d15/blobs/C-47912fbd-c0b4-49b4-848b-626c245681d6.stdout.txt",
classify	Classify full diff, including deletions	2026-10-03T16:24:19.0723114Z     "spec/progress/evidence/LOOP1-SYNC-001/client-implementation/research/runs/R-20261003T143811Z-f75093f7-8424-4f4b-8736-3ae171ac3d15/blobs/C-4ae1ddb5-abaa-422c-ba3d-2e6984cc6267.stderr.txt",
classify	Classify full diff, including deletions	2026-10-03T16:24:19.0724643Z     "spec/progress/evidence/LOOP1-SYNC-001/client-implementation/research/runs/R-20261003T143811Z-f75093f7-8424-4f4b-8736-3ae171ac3d15/blobs/C-4ae1ddb5-abaa-422c-ba3d-2e6984cc6267.stdout.txt",
classify	Classify full diff, including deletions	2026-10-03T16:24:19.0726007Z     "spec/progress/evidence/LOOP1-SYNC-001/client-implementation/research/runs/R-20261003T143811Z-f75093f7-8424-4f4b-8736-3ae171ac3d15/blobs/C-4bed53a6-1172-4344-a8a3-aac88f953423.stderr.txt",
classify	Classify full diff, including deletions	2026-10-03T16:24:19.0727310Z     "spec/progress/evidence/LOOP1-SYNC-001/client-implementation/research/runs/R-20261003T143811Z-f75093f7-8424-4f4b-8736-3ae171ac3d15/blobs/C-4bed53a6-1172-4344-a8a3-aac88f953423.stdout.txt",
classify	Classify full diff, including deletions	2026-10-03T16:24:19.0728618Z     "spec/progress/evidence/LOOP1-SYNC-001/client-implementation/research/runs/R-20261003T143811Z-f75093f7-8424-4f4b-8736-3ae171ac3d15/blobs/C-4c49f0a0-830c-4f6b-ad7a-cc90cde7d720.stderr.txt",
classify	Classify full diff, including deletions	2026-10-03T16:24:19.0729926Z     "spec/progress/evidence/LOOP1-SYNC-001/client-implementation/research/runs/R-20261003T143811Z-f75093f7-8424-4f4b-8736-3ae171ac3d15/blobs/C-4c49f0a0-830c-4f6b-ad7a-cc90cde7d720.stdout.txt",
classify	Classify full diff, including deletions	2026-10-03T16:24:19.0731375Z     "spec/progress/evidence/LOOP1-SYNC-001/client-implementation/research/runs/R-20261003T143811Z-f75093f7-8424-4f4b-8736-3ae171ac3d15/blobs/C-4d87529b-aff3-4450-b141-a38c85a526c9.stderr.txt",
classify	Classify full diff, including deletions	2026-10-03T16:24:19.0732678Z     "spec/progress/evidence/LOOP1-SYNC-001/client-implementation/research/runs/R-20261003T143811Z-f75093f7-8424-4f4b-8736-3ae171ac3d15/blobs/C-4d87529b-aff3-4450-b141-a38c85a526c9.stdout.txt",
classify	Classify full diff, including deletions	2026-10-03T16:24:19.0733983Z     "spec/progress/evidence/LOOP1-SYNC-001/client-implementation/research/runs/R-20261003T143811Z-f75093f7-8424-4f4b-8736-3ae171ac3d15/blobs/C-4e1a9768-efa1-49be-a5ac-f38fc899ee62.stderr.txt",
classify	Classify full diff, including deletions	2026-10-03T16:24:19.0735642Z     "spec/progress/evidence/LOOP1-SYNC-001/client-implementation/research/runs/R-20261003T143811Z-f75093f7-8424-4f4b-8736-3ae171ac3d15/blobs/C-4e1a9768-efa1-49be-a5ac-f38fc899ee62.stdout.txt",
classify	Classify full diff, including deletions	2026-10-03T16:24:19.0736964Z     "spec/progress/evidence/LOOP1-SYNC-001/client-implementation/research/runs/R-20261003T143811Z-f75093f7-8424-4f4b-8736-3ae171ac3d15/blobs/C-4ea2b918-f0ca-48f9-b5c1-710a722aef60.stderr.txt",
classify	Classify full diff, including deletions	2026-10-03T16:24:19.0738415Z     "spec/progress/evidence/LOOP1-SYNC-001/client-implementation/research/runs/R-20261003T143811Z-f75093f7-8424-4f4b-8736-3ae171ac3d15/blobs/C-4ea2b918-f0ca-48f9-b5c1-710a722aef60.stdout.txt",
classify	Classify full diff, including deletions	2026-10-03T16:24:19.0739723Z     "spec/progress/evidence/LOOP1-SYNC-001/client-implementation/research/runs/R-20261003T143811Z-f75093f7-8424-4f4b-8736-3ae171ac3d15/blobs/C-50aea46c-107e-4307-a344-8da23ba629b3.stderr.txt",
classify	Classify full diff, including deletions	2026-10-03T16:24:19.0741028Z     "spec/progress/evidence/LOOP1-SYNC-001/client-implementation/research/runs/R-20261003T143811Z-f75093f7-8424-4f4b-8736-3ae171ac3d15/blobs/C-50aea46c-107e-4307-a344-8da23ba629b3.stdout.txt",
classify	Classify full diff, including deletions	2026-10-03T16:24:19.0742333Z     "spec/progress/evidence/LOOP1-SYNC-001/client-implementation/research/runs/R-20261003T143811Z-f75093f7-8424-4f4b-8736-3ae171ac3d15/blobs/C-50c92ee6-8232-4bda-a223-ff0e9c00d6cd.stderr.txt",
classify	Classify full diff, including deletions	2026-10-03T16:24:19.0743638Z     "spec/progress/evidence/LOOP1-SYNC-001/client-implementation/research/runs/R-20261003T143811Z-f75093f7-8424-4f4b-8736-3ae171ac3d15/blobs/C-50c92ee6-8232-4bda-a223-ff0e9c00d6cd.stdout.txt",
classify	Classify full diff, including deletions	2026-10-03T16:24:19.0745265Z     "spec/progress/evidence/LOOP1-SYNC-001/client-implementation/research/runs/R-20261003T143811Z-f75093f7-8424-4f4b-8736-3ae171ac3d15/blobs/C-50fca8ba-89e9-40e9-ab77-611b0ab2396e.stderr.txt",
classify	Classify full diff, including deletions	2026-10-03T16:24:19.0746577Z     "spec/progress/evidence/LOOP1-SYNC-001/client-implementation/research/runs/R-20261003T143811Z-f75093f7-8424-4f4b-8736-3ae171ac3d15/blobs/C-50fca8ba-89e9-40e9-ab77-611b0ab2396e.stdout.txt",
classify	Classify full diff, including deletions	2026-10-03T16:24:19.0747891Z     "spec/progress/evidence/LOOP1-SYNC-001/client-implementation/research/runs/R-20261003T143811Z-f75093f7-8424-4f4b-8736-3ae171ac3d15/blobs/C-50ffe04f-96ca-4288-b56c-6b0331886ccb.stderr.txt",
classify	Classify full diff, including deletions	2026-10-03T16:24:19.0749195Z     "spec/progress/evidence/LOOP1-SYNC-001/client-implementation/research/runs/R-20261003T143811Z-f75093f7-8424-4f4b-8736-3ae171ac3d15/blobs/C-50ffe04f-96ca-4288-b56c-6b0331886ccb.stdout.txt",
classify	Classify full diff, including deletions	2026-10-03T16:24:19.0750503Z     "spec/progress/evidence/LOOP1-SYNC-001/client-implementation/research/runs/R-20261003T143811Z-f75093f7-8424-4f4b-8736-3ae171ac3d15/blobs/C-52f5f01e-39db-427f-9174-9a3b7302c158.stderr.txt",
classify	Classify full diff, including deletions	2026-10-03T16:24:19.0751802Z     "spec/progress/evidence/LOOP1-SYNC-001/client-implementation/research/runs/R-20261003T143811Z-f75093f7-8424-4f4b-8736-3ae171ac3d15/blobs/C-52f5f01e-39db-427f-9174-9a3b7302c158.stdout.txt",
classify	Classify full diff, including deletions	2026-10-03T16:24:19.0753105Z     "spec/progress/evidence/LOOP1-SYNC-001/client-implementation/research/runs/R-20261003T143811Z-f75093f7-8424-4f4b-8736-3ae171ac3d15/blobs/C-54026c26-a672-4d19-afbf-286a04bfe4b9.stderr.txt",
classify	Classify full diff, including deletions	2026-10-03T16:24:19.0754676Z     "spec/progress/evidence/LOOP1-SYNC-001/client-implementation/research/runs/R-20261003T143811Z-f75093f7-8424-4f4b-8736-3ae171ac3d15/blobs/C-54026c26-a672-4d19-afbf-286a04bfe4b9.stdout.txt",
classify	Classify full diff, including deletions	2026-10-03T16:24:19.0755986Z     "spec/progress/evidence/LOOP1-SYNC-001/client-implementation/research/runs/R-20261003T143811Z-f75093f7-8424-4f4b-8736-3ae171ac3d15/blobs/C-5451252d-0872-40cf-a58f-27308b7f97ec.stderr.txt",
classify	Classify full diff, including deletions	2026-10-03T16:24:19.0757428Z     "spec/progress/evidence/LOOP1-SYNC-001/client-implementation/research/runs/R-20261003T143811Z-f75093f7-8424-4f4b-8736-3ae171ac3d15/blobs/C-5451252d-0872-40cf-a58f-27308b7f97ec.stdout.txt",
classify	Classify full diff, including deletions	2026-10-03T16:24:19.0758740Z     "spec/progress/evidence/LOOP1-SYNC-001/client-implementation/research/runs/R-20261003T143811Z-f75093f7-8424-4f4b-8736-3ae171ac3d15/blobs/C-58e84141-456d-4e05-ba65-b5a85abc902a.stderr.txt",
classify	Classify full diff, including deletions	2026-10-03T16:24:19.0760074Z     "spec/progress/evidence/LOOP1-SYNC-001/client-implementation/research/runs/R-20261003T143811Z-f75093f7-8424-4f4b-8736-3ae171ac3d15/blobs/C-58e84141-456d-4e05-ba65-b5a85abc902a.stdout.txt",
classify	Classify full diff, including deletions	2026-10-03T16:24:19.0761390Z     "spec/progress/evidence/LOOP1-SYNC-001/client-implementation/research/runs/R-20261003T143811Z-f75093f7-8424-4f4b-8736-3ae171ac3d15/blobs/C-5b40cd9c-cd74-4e7f-9456-b3ab7eda6ff0.stderr.txt",
classify	Classify full diff, including deletions	2026-10-03T16:24:19.0762715Z     "spec/progress/evidence/LOOP1-SYNC-001/client-implementation/research/runs/R-20261003T143811Z-f75093f7-8424-4f4b-8736-3ae171ac3d15/blobs/C-5b40cd9c-cd74-4e7f-9456-b3ab7eda6ff0.stdout.txt",
classify	Classify full diff, including deletions	2026-10-03T16:24:19.0764348Z     "spec/progress/evidence/LOOP1-SYNC-001/client-implementation/research/runs/R-20261003T143811Z-f75093f7-8424-4f4b-8736-3ae171ac3d15/blobs/C-6189a8c8-0d6a-4f39-96b7-3883366d7b07.stderr.txt",
classify	Classify full diff, including deletions	2026-10-03T16:24:19.0765653Z     "spec/progress/evidence/LOOP1-SYNC-001/client-implementation/research/runs/R-20261003T143811Z-f75093f7-8424-4f4b-8736-3ae171ac3d15/blobs/C-6189a8c8-0d6a-4f39-96b7-3883366d7b07.stdout.txt",
classify	Classify full diff, including deletions	2026-10-03T16:24:19.0766955Z     "spec/progress/evidence/LOOP1-SYNC-001/client-implementation/research/runs/R-20261003T143811Z-f75093f7-8424-4f4b-8736-3ae171ac3d15/blobs/C-61ebe07f-9917-4c0a-b6cf-719ba06480f2.stderr.txt",
classify	Classify full diff, including deletions	2026-10-03T16:24:19.0768268Z     "spec/progress/evidence/LOOP1-SYNC-001/client-implementation/research/runs/R-20261003T143811Z-f75093f7-8424-4f4b-8736-3ae171ac3d15/blobs/C-61ebe07f-9917-4c0a-b6cf-719ba06480f2.stdout.txt",
classify	Classify full diff, including deletions	2026-10-03T16:24:19.0769576Z     "spec/progress/evidence/LOOP1-SYNC-001/client-implementation/research/runs/R-20261003T143811Z-f75093f7-8424-4f4b-8736-3ae171ac3d15/blobs/C-651985c2-4fb6-4c7e-93d9-3b1cb892f5cf.stderr.txt",
classify	Classify full diff, including deletions	2026-10-03T16:24:19.0770876Z     "spec/progress/evidence/LOOP1-SYNC-001/client-implementation/research/runs/R-20261003T143811Z-f75093f7-8424-4f4b-8736-3ae171ac3d15/blobs/C-651985c2-4fb6-4c7e-93d9-3b1cb892f5cf.stdout.txt",
classify	Classify full diff, including deletions	2026-10-03T16:24:19.0772177Z     "spec/progress/evidence/LOOP1-SYNC-001/client-implementation/research/runs/R-20261003T143811Z-f75093f7-8424-4f4b-8736-3ae171ac3d15/blobs/C-676d3626-e5d5-4cf5-a324-95fead48459d.stderr.txt",
classify	Classify full diff, including deletions	2026-10-03T16:24:19.0773491Z     "spec/progress/evidence/LOOP1-SYNC-001/client-implementation/research/runs/R-20261003T143811Z-f75093f7-8424-4f4b-8736-3ae171ac3d15/blobs/C-676d3626-e5d5-4cf5-a324-95fead48459d.stdout.txt",
classify	Classify full diff, including deletions	2026-10-03T16:24:19.0775070Z     "spec/progress/evidence/LOOP1-SYNC-001/client-implementation/research/runs/R-20261003T143811Z-f75093f7-8424-4f4b-8736-3ae171ac3d15/blobs/C-683b6070-f795-4be1-9147-0bde3b499f45.stderr.txt",
classify	Classify full diff, including deletions	2026-10-03T16:24:19.0776598Z     "spec/progress/evidence/LOOP1-SYNC-001/client-implementation/research/runs/R-20261003T143811Z-f75093f7-8424-4f4b-8736-3ae171ac3d15/blobs/C-683b6070-f795-4be1-9147-0bde3b499f45.stdout.txt",
classify	Classify full diff, including deletions	2026-10-03T16:24:19.0777900Z     "spec/progress/evidence/LOOP1-SYNC-001/client-implementation/research/runs/R-20261003T143811Z-f75093f7-8424-4f4b-8736-3ae171ac3d15/blobs/C-6d176bf6-137b-4005-8894-03d6f349c6a0.stderr.txt",
classify	Classify full diff, including deletions	2026-10-03T16:24:19.0779194Z     "spec/progress/evidence/LOOP1-SYNC-001/client-implementation/research/runs/R-20261003T143811Z-f75093f7-8424-4f4b-8736-3ae171ac3d15/blobs/C-6d176bf6-137b-4005-8894-03d6f349c6a0.stdout.txt",
classify	Classify full diff, including deletions	2026-10-03T16:24:19.0780499Z     "spec/progress/evidence/LOOP1-SYNC-001/client-implementation/research/runs/R-20261003T143811Z-f75093f7-8424-4f4b-8736-3ae171ac3d15/blobs/C-725267c5-eec9-44f6-9cda-3f3bdb37c316.stderr.txt",
classify	Classify full diff, including deletions	2026-10-03T16:24:19.0781950Z     "spec/progress/evidence/LOOP1-SYNC-001/client-implementation/research/runs/R-20261003T143811Z-f75093f7-8424-4f4b-8736-3ae171ac3d15/blobs/C-725267c5-eec9-44f6-9cda-3f3bdb37c316.stdout.txt",
classify	Classify full diff, including deletions	2026-10-03T16:24:19.0783252Z     "spec/progress/evidence/LOOP1-SYNC-001/client-implementation/research/runs/R-20261003T143811Z-f75093f7-8424-4f4b-8736-3ae171ac3d15/blobs/C-7fe143bc-0963-4b6e-906d-2ff4c0962926.stderr.txt",
classify	Classify full diff, including deletions	2026-10-03T16:24:19.0784853Z     "spec/progress/evidence/LOOP1-SYNC-001/client-implementation/research/runs/R-20261003T143811Z-f75093f7-8424-4f4b-8736-3ae171ac3d15/blobs/C-7fe143bc-0963-4b6e-906d-2ff4c0962926.stdout.txt",
classify	Classify full diff, including deletions	2026-10-03T16:24:19.0786172Z     "spec/progress/evidence/LOOP1-SYNC-001/client-implementation/research/runs/R-20261003T143811Z-f75093f7-8424-4f4b-8736-3ae171ac3d15/blobs/C-84f6dc9d-5ac0-4a3a-a661-f8740dbbed0d.stderr.txt",
classify	Classify full diff, including deletions	2026-10-03T16:24:19.0787569Z     "spec/progress/evidence/LOOP1-SYNC-001/client-implementation/research/runs/R-20261003T143811Z-f75093f7-8424-4f4b-8736-3ae171ac3d15/blobs/C-84f6dc9d-5ac0-4a3a-a661-f8740dbbed0d.stdout.txt",
classify	Classify full diff, including deletions	2026-10-03T16:24:19.0789009Z     "spec/progress/evidence/LOOP1-SYNC-001/client-implementation/research/runs/R-20261003T143811Z-f75093f7-8424-4f4b-8736-3ae171ac3d15/blobs/C-857c0b87-2e74-4d43-ae42-89e4c77095f0.stderr.txt",
classify	Classify full diff, including deletions	2026-10-03T16:24:19.0790305Z     "spec/progress/evidence/LOOP1-SYNC-001/client-implementation/research/runs/R-20261003T143811Z-f75093f7-8424-4f4b-8736-3ae171ac3d15/blobs/C-857c0b87-2e74-4d43-ae42-89e4c77095f0.stdout.txt",
classify	Classify full diff, including deletions	2026-10-03T16:24:19.0791596Z     "spec/progress/evidence/LOOP1-SYNC-001/client-implementation/research/runs/R-20261003T143811Z-f75093f7-8424-4f4b-8736-3ae171ac3d15/blobs/C-867d56fa-1152-47a3-9dd2-8c0c6d2166ab.stderr.txt",
classify	Classify full diff, including deletions	2026-10-03T16:24:19.0792894Z     "spec/progress/evidence/LOOP1-SYNC-001/client-implementation/research/runs/R-20261003T143811Z-f75093f7-8424-4f4b-8736-3ae171ac3d15/blobs/C-867d56fa-1152-47a3-9dd2-8c0c6d2166ab.stdout.txt",
classify	Classify full diff, including deletions	2026-10-03T16:24:19.0794339Z     "spec/progress/evidence/LOOP1-SYNC-001/client-implementation/research/runs/R-20261003T143811Z-f75093f7-8424-4f4b-8736-3ae171ac3d15/blobs/C-8a39e8ba-edf8-4eab-82df-77ea8c9a419a.stderr.txt",
classify	Classify full diff, including deletions	2026-10-03T16:24:19.0795681Z     "spec/progress/evidence/LOOP1-SYNC-001/client-implementation/research/runs/R-20261003T143811Z-f75093f7-8424-4f4b-8736-3ae171ac3d15/blobs/C-8a39e8ba-edf8-4eab-82df-77ea8c9a419a.stdout.txt",
classify	Classify full diff, including deletions	2026-10-03T16:24:19.0796993Z     "spec/progress/evidence/LOOP1-SYNC-001/client-implementation/research/runs/R-20261003T143811Z-f75093f7-8424-4f4b-8736-3ae171ac3d15/blobs/C-8b5022a2-665a-47ce-8037-9dc439ea559a.stderr.txt",
classify	Classify full diff, including deletions	2026-10-03T16:24:19.0798294Z     "spec/progress/evidence/LOOP1-SYNC-001/client-implementation/research/runs/R-20261003T143811Z-f75093f7-8424-4f4b-8736-3ae171ac3d15/blobs/C-8b5022a2-665a-47ce-8037-9dc439ea559a.stdout.txt",
classify	Classify full diff, including deletions	2026-10-03T16:24:19.0799597Z     "spec/progress/evidence/LOOP1-SYNC-001/client-implementation/research/runs/R-20261003T143811Z-f75093f7-8424-4f4b-8736-3ae171ac3d15/blobs/C-8c691fc5-4e82-414a-aea9-578cc5211c36.stderr.txt",
classify	Classify full diff, including deletions	2026-10-03T16:24:19.0800920Z     "spec/progress/evidence/LOOP1-SYNC-001/client-implementation/research/runs/R-20261003T143811Z-f75093f7-8424-4f4b-8736-3ae171ac3d15/blobs/C-8c691fc5-4e82-414a-aea9-578cc5211c36.stdout.txt",
classify	Classify full diff, including deletions	2026-10-03T16:24:19.0802219Z     "spec/progress/evidence/LOOP1-SYNC-001/client-implementation/research/runs/R-20261003T143811Z-f75093f7-8424-4f4b-8736-3ae171ac3d15/blobs/C-920a9179-7494-469e-974a-df08513f5eb3.stderr.txt",
classify	Classify full diff, including deletions	2026-10-03T16:24:19.0803505Z     "spec/progress/evidence/LOOP1-SYNC-001/client-implementation/research/runs/R-20261003T143811Z-f75093f7-8424-4f4b-8736-3ae171ac3d15/blobs/C-920a9179-7494-469e-974a-df08513f5eb3.stdout.txt",
classify	Classify full diff, including deletions	2026-10-03T16:24:19.0804919Z     "spec/progress/evidence/LOOP1-SYNC-001/client-implementation/research/runs/R-20261003T143811Z-f75093f7-8424-4f4b-8736-3ae171ac3d15/blobs/C-93984a50-0e0f-4989-a526-1b9d698f9677.stderr.txt",
classify	Classify full diff, including deletions	2026-10-03T16:24:19.0806233Z     "spec/progress/evidence/LOOP1-SYNC-001/client-implementation/research/runs/R-20261003T143811Z-f75093f7-8424-4f4b-8736-3ae171ac3d15/blobs/C-93984a50-0e0f-4989-a526-1b9d698f9677.stdout.txt",
classify	Classify full diff, including deletions	2026-10-03T16:24:19.0807684Z     "spec/progress/evidence/LOOP1-SYNC-001/client-implementation/research/runs/R-20261003T143811Z-f75093f7-8424-4f4b-8736-3ae171ac3d15/blobs/C-94a8ca7b-dd60-40ca-aabe-abc16adfe45a.stderr.txt",
classify	Classify full diff, including deletions	2026-10-03T16:24:19.0809006Z     "spec/progress/evidence/LOOP1-SYNC-001/client-implementation/research/runs/R-20261003T143811Z-f75093f7-8424-4f4b-8736-3ae171ac3d15/blobs/C-94a8ca7b-dd60-40ca-aabe-abc16adfe45a.stdout.txt",
classify	Classify full diff, including deletions	2026-10-03T16:24:19.0810347Z     "spec/progress/evidence/LOOP1-SYNC-001/client-implementation/research/runs/R-20261003T143811Z-f75093f7-8424-4f4b-8736-3ae171ac3d15/blobs/C-953bc121-0b80-44cd-b032-d20d6dbd61ac.stderr.txt",
classify	Classify full diff, including deletions	2026-10-03T16:24:19.0811660Z     "spec/progress/evidence/LOOP1-SYNC-001/client-implementation/research/runs/R-20261003T143811Z-f75093f7-8424-4f4b-8736-3ae171ac3d15/blobs/C-953bc121-0b80-44cd-b032-d20d6dbd61ac.stdout.txt",
classify	Classify full diff, including deletions	2026-10-03T16:24:19.0812986Z     "spec/progress/evidence/LOOP1-SYNC-001/client-implementation/research/runs/R-20261003T143811Z-f75093f7-8424-4f4b-8736-3ae171ac3d15/blobs/C-966b7d9f-d9a7-4439-979f-4c219136da2b.stderr.txt",
classify	Classify full diff, including deletions	2026-10-03T16:24:19.0814571Z     "spec/progress/evidence/LOOP1-SYNC-001/client-implementation/research/runs/R-20261003T143811Z-f75093f7-8424-4f4b-8736-3ae171ac3d15/blobs/C-966b7d9f-d9a7-4439-979f-4c219136da2b.stdout.txt",
classify	Classify full diff, including deletions	2026-10-03T16:24:19.0815894Z     "spec/progress/evidence/LOOP1-SYNC-001/client-implementation/research/runs/R-20261003T143811Z-f75093f7-8424-4f4b-8736-3ae171ac3d15/blobs/C-9859f8fe-2912-4564-9656-6084d1fc20b6.stderr.txt",
classify	Classify full diff, including deletions	2026-10-03T16:24:19.0817197Z     "spec/progress/evidence/LOOP1-SYNC-001/client-implementation/research/runs/R-20261003T143811Z-f75093f7-8424-4f4b-8736-3ae171ac3d15/blobs/C-9859f8fe-2912-4564-9656-6084d1fc20b6.stdout.txt",
classify	Classify full diff, including deletions	2026-10-03T16:24:19.0818500Z     "spec/progress/evidence/LOOP1-SYNC-001/client-implementation/research/runs/R-20261003T143811Z-f75093f7-8424-4f4b-8736-3ae171ac3d15/blobs/C-9b580aa1-7b49-4032-8bd7-a8654802045b.stderr.txt",
classify	Classify full diff, including deletions	2026-10-03T16:24:19.0819810Z     "spec/progress/evidence/LOOP1-SYNC-001/client-implementation/research/runs/R-20261003T143811Z-f75093f7-8424-4f4b-8736-3ae171ac3d15/blobs/C-9b580aa1-7b49-4032-8bd7-a8654802045b.stdout.txt",
classify	Classify full diff, including deletions	2026-10-03T16:24:19.0821106Z     "spec/progress/evidence/LOOP1-SYNC-001/client-implementation/research/runs/R-20261003T143811Z-f75093f7-8424-4f4b-8736-3ae171ac3d15/blobs/C-9d370653-f38c-466c-84dc-84178320e975.stderr.txt",
classify	Classify full diff, including deletions	2026-10-03T16:24:19.0822413Z     "spec/progress/evidence/LOOP1-SYNC-001/client-implementation/research/runs/R-20261003T143811Z-f75093f7-8424-4f4b-8736-3ae171ac3d15/blobs/C-9d370653-f38c-466c-84dc-84178320e975.stdout.txt",
classify	Classify full diff, including deletions	2026-10-03T16:24:19.0823722Z     "spec/progress/evidence/LOOP1-SYNC-001/client-implementation/research/runs/R-20261003T143811Z-f75093f7-8424-4f4b-8736-3ae171ac3d15/blobs/C-9e07daa7-819f-4d39-a995-b3d89f1ce310.stderr.txt",
classify	Classify full diff, including deletions	2026-10-03T16:24:19.0825173Z     "spec/progress/evidence/LOOP1-SYNC-001/client-implementation/research/runs/R-20261003T143811Z-f75093f7-8424-4f4b-8736-3ae171ac3d15/blobs/C-9e07daa7-819f-4d39-a995-b3d89f1ce310.stdout.txt",
classify	Classify full diff, including deletions	2026-10-03T16:24:19.0826493Z     "spec/progress/evidence/LOOP1-SYNC-001/client-implementation/research/runs/R-20261003T143811Z-f75093f7-8424-4f4b-8736-3ae171ac3d15/blobs/C-a5011d37-f72b-489f-92a3-62d48bd3edc1.stderr.txt",
classify	Classify full diff, including deletions	2026-10-03T16:24:19.0827798Z     "spec/progress/evidence/LOOP1-SYNC-001/client-implementation/research/runs/R-20261003T143811Z-f75093f7-8424-4f4b-8736-3ae171ac3d15/blobs/C-a5011d37-f72b-489f-92a3-62d48bd3edc1.stdout.txt",
classify	Classify full diff, including deletions	2026-10-03T16:24:19.0829108Z     "spec/progress/evidence/LOOP1-SYNC-001/client-implementation/research/runs/R-20261003T143811Z-f75093f7-8424-4f4b-8736-3ae171ac3d15/blobs/C-a76928ce-35ed-4001-b2ae-4ece5ae5a248.stderr.txt",
classify	Classify full diff, including deletions	2026-10-03T16:24:19.0830419Z     "spec/progress/evidence/LOOP1-SYNC-001/client-implementation/research/runs/R-20261003T143811Z-f75093f7-8424-4f4b-8736-3ae171ac3d15/blobs/C-a76928ce-35ed-4001-b2ae-4ece5ae5a248.stdout.txt",
classify	Classify full diff, including deletions	2026-10-03T16:24:19.0831869Z     "spec/progress/evidence/LOOP1-SYNC-001/client-implementation/research/runs/R-20261003T143811Z-f75093f7-8424-4f4b-8736-3ae171ac3d15/blobs/C-a7a206ec-015b-4f0c-b49a-53a493aa71d6.stderr.txt",
classify	Classify full diff, including deletions	2026-10-03T16:24:19.0833184Z     "spec/progress/evidence/LOOP1-SYNC-001/client-implementation/research/runs/R-20261003T143811Z-f75093f7-8424-4f4b-8736-3ae171ac3d15/blobs/C-a7a206ec-015b-4f0c-b49a-53a493aa71d6.stdout.txt",
classify	Classify full diff, including deletions	2026-10-03T16:24:19.0834607Z     "spec/progress/evidence/LOOP1-SYNC-001/client-implementation/research/runs/R-20261003T143811Z-f75093f7-8424-4f4b-8736-3ae171ac3d15/blobs/C-a81971d2-39ea-4729-9618-21435dec6801.stderr.txt",
classify	Classify full diff, including deletions	2026-10-03T16:24:19.0835912Z     "spec/progress/evidence/LOOP1-SYNC-001/client-implementation/research/runs/R-20261003T143811Z-f75093f7-8424-4f4b-8736-3ae171ac3d15/blobs/C-a81971d2-39ea-4729-9618-21435dec6801.stdout.txt",
classify	Classify full diff, including deletions	2026-10-03T16:24:19.0837220Z     "spec/progress/evidence/LOOP1-SYNC-001/client-implementation/research/runs/R-20261003T143811Z-f75093f7-8424-4f4b-8736-3ae171ac3d15/blobs/C-aa4dde4e-22e7-4b09-9f46-28fbaf44e034.stderr.txt",
classify	Classify full diff, including deletions	2026-10-03T16:24:19.0838667Z     "spec/progress/evidence/LOOP1-SYNC-001/client-implementation/research/runs/R-20261003T143811Z-f75093f7-8424-4f4b-8736-3ae171ac3d15/blobs/C-aa4dde4e-22e7-4b09-9f46-28fbaf44e034.stdout.txt",
classify	Classify full diff, including deletions	2026-10-03T16:24:19.0839980Z     "spec/progress/evidence/LOOP1-SYNC-001/client-implementation/research/runs/R-20261003T143811Z-f75093f7-8424-4f4b-8736-3ae171ac3d15/blobs/C-ab1c11d5-3fe5-4c21-9e41-3a5dbd7f4518.stderr.txt",
classify	Classify full diff, including deletions	2026-10-03T16:24:19.0841293Z     "spec/progress/evidence/LOOP1-SYNC-001/client-implementation/research/runs/R-20261003T143811Z-f75093f7-8424-4f4b-8736-3ae171ac3d15/blobs/C-ab1c11d5-3fe5-4c21-9e41-3a5dbd7f4518.stdout.txt",
classify	Classify full diff, including deletions	2026-10-03T16:24:19.0842602Z     "spec/progress/evidence/LOOP1-SYNC-001/client-implementation/research/runs/R-20261003T143811Z-f75093f7-8424-4f4b-8736-3ae171ac3d15/blobs/C-ac8eb197-9d42-4a20-8500-3233c225bc44.stderr.txt",
classify	Classify full diff, including deletions	2026-10-03T16:24:19.0843898Z     "spec/progress/evidence/LOOP1-SYNC-001/client-implementation/research/runs/R-20261003T143811Z-f75093f7-8424-4f4b-8736-3ae171ac3d15/blobs/C-ac8eb197-9d42-4a20-8500-3233c225bc44.stdout.txt",
classify	Classify full diff, including deletions	2026-10-03T16:24:19.0845330Z     "spec/progress/evidence/LOOP1-SYNC-001/client-implementation/research/runs/R-20261003T143811Z-f75093f7-8424-4f4b-8736-3ae171ac3d15/blobs/C-b1239e98-cc38-456b-a3ee-a734f7b7a2d6.stderr.txt",
classify	Classify full diff, including deletions	2026-10-03T16:24:19.0846644Z     "spec/progress/evidence/LOOP1-SYNC-001/client-implementation/research/runs/R-20261003T143811Z-f75093f7-8424-4f4b-8736-3ae171ac3d15/blobs/C-b1239e98-cc38-456b-a3ee-a734f7b7a2d6.stdout.txt",
classify	Classify full diff, including deletions	2026-10-03T16:24:19.0847953Z     "spec/progress/evidence/LOOP1-SYNC-001/client-implementation/research/runs/R-20261003T143811Z-f75093f7-8424-4f4b-8736-3ae171ac3d15/blobs/C-b13d92a8-84d7-4972-98c3-66b17c996940.stderr.txt",
classify	Classify full diff, including deletions	2026-10-03T16:24:19.0849249Z     "spec/progress/evidence/LOOP1-SYNC-001/client-implementation/research/runs/R-20261003T143811Z-f75093f7-8424-4f4b-8736-3ae171ac3d15/blobs/C-b13d92a8-84d7-4972-98c3-66b17c996940.stdout.txt",
classify	Classify full diff, including deletions	2026-10-03T16:24:19.0850552Z     "spec/progress/evidence/LOOP1-SYNC-001/client-implementation/research/runs/R-20261003T143811Z-f75093f7-8424-4f4b-8736-3ae171ac3d15/blobs/C-b23608e2-9657-4c39-9920-8dd82d1ec894.stderr.txt",
classify	Classify full diff, including deletions	2026-10-03T16:24:19.0851856Z     "spec/progress/evidence/LOOP1-SYNC-001/client-implementation/research/runs/R-20261003T143811Z-f75093f7-8424-4f4b-8736-3ae171ac3d15/blobs/C-b23608e2-9657-4c39-9920-8dd82d1ec894.stdout.txt",
classify	Classify full diff, including deletions	2026-10-03T16:24:19.0853157Z     "spec/progress/evidence/LOOP1-SYNC-001/client-implementation/research/runs/R-20261003T143811Z-f75093f7-8424-4f4b-8736-3ae171ac3d15/blobs/C-b49ded78-bca7-409a-9a78-0c568d4bc767.stderr.txt",
classify	Classify full diff, including deletions	2026-10-03T16:24:19.0854569Z     "spec/progress/evidence/LOOP1-SYNC-001/client-implementation/research/runs/R-20261003T143811Z-f75093f7-8424-4f4b-8736-3ae171ac3d15/blobs/C-b49ded78-bca7-409a-9a78-0c568d4bc767.stdout.txt",
classify	Classify full diff, including deletions	2026-10-03T16:24:19.0855880Z     "spec/progress/evidence/LOOP1-SYNC-001/client-implementation/research/runs/R-20261003T143811Z-f75093f7-8424-4f4b-8736-3ae171ac3d15/blobs/C-b6344691-54ae-47de-b11d-a19dc9af123d.stderr.txt",
classify	Classify full diff, including deletions	2026-10-03T16:24:19.0857388Z     "spec/progress/evidence/LOOP1-SYNC-001/client-implementation/research/runs/R-20261003T143811Z-f75093f7-8424-4f4b-8736-3ae171ac3d15/blobs/C-b6344691-54ae-47de-b11d-a19dc9af123d.stdout.txt",
classify	Classify full diff, including deletions	2026-10-03T16:24:19.0858719Z     "spec/progress/evidence/LOOP1-SYNC-001/client-implementation/research/runs/R-20261003T143811Z-f75093f7-8424-4f4b-8736-3ae171ac3d15/blobs/C-be26e5c7-eb70-4f33-9ae6-5f1835ee20d1.stderr.txt",
classify	Classify full diff, including deletions	2026-10-03T16:24:19.0860033Z     "spec/progress/evidence/LOOP1-SYNC-001/client-implementation/research/runs/R-20261003T143811Z-f75093f7-8424-4f4b-8736-3ae171ac3d15/blobs/C-be26e5c7-eb70-4f33-9ae6-5f1835ee20d1.stdout.txt",
classify	Classify full diff, including deletions	2026-10-03T16:24:19.0861344Z     "spec/progress/evidence/LOOP1-SYNC-001/client-implementation/research/runs/R-20261003T143811Z-f75093f7-8424-4f4b-8736-3ae171ac3d15/blobs/C-bea5a21d-14f9-4193-b485-1dd3a086b845.stderr.txt",
classify	Classify full diff, including deletions	2026-10-03T16:24:19.0862675Z     "spec/progress/evidence/LOOP1-SYNC-001/client-implementation/research/runs/R-20261003T143811Z-f75093f7-8424-4f4b-8736-3ae171ac3d15/blobs/C-bea5a21d-14f9-4193-b485-1dd3a086b845.stdout.txt",
classify	Classify full diff, including deletions	2026-10-03T16:24:19.0864226Z     "spec/progress/evidence/LOOP1-SYNC-001/client-implementation/research/runs/R-20261003T143811Z-f75093f7-8424-4f4b-8736-3ae171ac3d15/blobs/C-bf8edb6f-43ef-4a8d-a784-09ea154bad65.stderr.txt",
classify	Classify full diff, including deletions	2026-10-03T16:24:19.0865548Z     "spec/progress/evidence/LOOP1-SYNC-001/client-implementation/research/runs/R-20261003T143811Z-f75093f7-8424-4f4b-8736-3ae171ac3d15/blobs/C-bf8edb6f-43ef-4a8d-a784-09ea154bad65.stdout.txt",
classify	Classify full diff, including deletions	2026-10-03T16:24:19.0866860Z     "spec/progress/evidence/LOOP1-SYNC-001/client-implementation/research/runs/R-20261003T143811Z-f75093f7-8424-4f4b-8736-3ae171ac3d15/blobs/C-c06b528c-1eaa-41e4-9935-f95d32d3b303.stderr.txt",
classify	Classify full diff, including deletions	2026-10-03T16:24:19.0868163Z     "spec/progress/evidence/LOOP1-SYNC-001/client-implementation/research/runs/R-20261003T143811Z-f75093f7-8424-4f4b-8736-3ae171ac3d15/blobs/C-c06b528c-1eaa-41e4-9935-f95d32d3b303.stdout.txt",
classify	Classify full diff, including deletions	2026-10-03T16:24:19.0869476Z     "spec/progress/evidence/LOOP1-SYNC-001/client-implementation/research/runs/R-20261003T143811Z-f75093f7-8424-4f4b-8736-3ae171ac3d15/blobs/C-c696a9ab-0b14-4e5f-b194-11ac0cc7f72f.stderr.txt",
classify	Classify full diff, including deletions	2026-10-03T16:24:19.0870794Z     "spec/progress/evidence/LOOP1-SYNC-001/client-implementation/research/runs/R-20261003T143811Z-f75093f7-8424-4f4b-8736-3ae171ac3d15/blobs/C-c696a9ab-0b14-4e5f-b194-11ac0cc7f72f.stdout.txt",
classify	Classify full diff, including deletions	2026-10-03T16:24:19.0872097Z     "spec/progress/evidence/LOOP1-SYNC-001/client-implementation/research/runs/R-20261003T143811Z-f75093f7-8424-4f4b-8736-3ae171ac3d15/blobs/C-c76ac7c9-9623-44ae-82bc-8eb6c634e894.stderr.txt",
classify	Classify full diff, including deletions	2026-10-03T16:24:19.0873400Z     "spec/progress/evidence/LOOP1-SYNC-001/client-implementation/research/runs/R-20261003T143811Z-f75093f7-8424-4f4b-8736-3ae171ac3d15/blobs/C-c76ac7c9-9623-44ae-82bc-8eb6c634e894.stdout.txt",
classify	Classify full diff, including deletions	2026-10-03T16:24:19.0874814Z     "spec/progress/evidence/LOOP1-SYNC-001/client-implementation/research/runs/R-20261003T143811Z-f75093f7-8424-4f4b-8736-3ae171ac3d15/blobs/C-d10b1f6f-b08f-49e8-afb9-5a059936b685.stderr.txt",
classify	Classify full diff, including deletions	2026-10-03T16:24:19.0876128Z     "spec/progress/evidence/LOOP1-SYNC-001/client-implementation/research/runs/R-20261003T143811Z-f75093f7-8424-4f4b-8736-3ae171ac3d15/blobs/C-d10b1f6f-b08f-49e8-afb9-5a059936b685.stdout.txt",
classify	Classify full diff, including deletions	2026-10-03T16:24:19.0877442Z     "spec/progress/evidence/LOOP1-SYNC-001/client-implementation/research/runs/R-20261003T143811Z-f75093f7-8424-4f4b-8736-3ae171ac3d15/blobs/C-d41b12ab-2d53-48fb-a6a0-67bb296e1db9.stderr.txt",
classify	Classify full diff, including deletions	2026-10-03T16:24:19.0878755Z     "spec/progress/evidence/LOOP1-SYNC-001/client-implementation/research/runs/R-20261003T143811Z-f75093f7-8424-4f4b-8736-3ae171ac3d15/blobs/C-d41b12ab-2d53-48fb-a6a0-67bb296e1db9.stdout.txt",
classify	Classify full diff, including deletions	2026-10-03T16:24:19.0880067Z     "spec/progress/evidence/LOOP1-SYNC-001/client-implementation/research/runs/R-20261003T143811Z-f75093f7-8424-4f4b-8736-3ae171ac3d15/blobs/C-d7d4ecd0-b2a2-4422-b62c-66ef2baa7e11.stderr.txt",
classify	Classify full diff, including deletions	2026-10-03T16:24:19.0881511Z     "spec/progress/evidence/LOOP1-SYNC-001/client-implementation/research/runs/R-20261003T143811Z-f75093f7-8424-4f4b-8736-3ae171ac3d15/blobs/C-d7d4ecd0-b2a2-4422-b62c-66ef2baa7e11.stdout.txt",
classify	Classify full diff, including deletions	2026-10-03T16:24:19.0882819Z     "spec/progress/evidence/LOOP1-SYNC-001/client-implementation/research/runs/R-20261003T143811Z-f75093f7-8424-4f4b-8736-3ae171ac3d15/blobs/C-d87e887b-28a2-439c-99a3-d79a1a00f187.stderr.txt",
classify	Classify full diff, including deletions	2026-10-03T16:24:19.0884230Z     "spec/progress/evidence/LOOP1-SYNC-001/client-implementation/research/runs/R-20261003T143811Z-f75093f7-8424-4f4b-8736-3ae171ac3d15/blobs/C-d87e887b-28a2-439c-99a3-d79a1a00f187.stdout.txt",
classify	Classify full diff, including deletions	2026-10-03T16:24:19.0885542Z     "spec/progress/evidence/LOOP1-SYNC-001/client-implementation/research/runs/R-20261003T143811Z-f75093f7-8424-4f4b-8736-3ae171ac3d15/blobs/C-d967f65d-8a6d-4cc9-9622-1f5dfbfe9522.stderr.txt",
classify	Classify full diff, including deletions	2026-10-03T16:24:19.0886852Z     "spec/progress/evidence/LOOP1-SYNC-001/client-implementation/research/runs/R-20261003T143811Z-f75093f7-8424-4f4b-8736-3ae171ac3d15/blobs/C-d967f65d-8a6d-4cc9-9622-1f5dfbfe9522.stdout.txt",
classify	Classify full diff, including deletions	2026-10-03T16:24:19.0888284Z     "spec/progress/evidence/LOOP1-SYNC-001/client-implementation/research/runs/R-20261003T143811Z-f75093f7-8424-4f4b-8736-3ae171ac3d15/blobs/C-d9bd7d11-d5be-466c-aa8c-006f2c4a856d.stderr.txt",
classify	Classify full diff, including deletions	2026-10-03T16:24:19.0889596Z     "spec/progress/evidence/LOOP1-SYNC-001/client-implementation/research/runs/R-20261003T143811Z-f75093f7-8424-4f4b-8736-3ae171ac3d15/blobs/C-d9bd7d11-d5be-466c-aa8c-006f2c4a856d.stdout.txt",
classify	Classify full diff, including deletions	2026-10-03T16:24:19.0890910Z     "spec/progress/evidence/LOOP1-SYNC-001/client-implementation/research/runs/R-20261003T143811Z-f75093f7-8424-4f4b-8736-3ae171ac3d15/blobs/C-de7b8640-c0bc-4b97-a2c9-380db75860fd.stderr.txt",
classify	Classify full diff, including deletions	2026-10-03T16:24:19.0892221Z     "spec/progress/evidence/LOOP1-SYNC-001/client-implementation/research/runs/R-20261003T143811Z-f75093f7-8424-4f4b-8736-3ae171ac3d15/blobs/C-de7b8640-c0bc-4b97-a2c9-380db75860fd.stdout.txt",
classify	Classify full diff, including deletions	2026-10-03T16:24:19.0893541Z     "spec/progress/evidence/LOOP1-SYNC-001/client-implementation/research/runs/R-20261003T143811Z-f75093f7-8424-4f4b-8736-3ae171ac3d15/blobs/C-dfe34f12-ccf6-407c-bb27-4d784a21a265.stderr.txt",
classify	Classify full diff, including deletions	2026-10-03T16:24:19.0894967Z     "spec/progress/evidence/LOOP1-SYNC-001/client-implementation/research/runs/R-20261003T143811Z-f75093f7-8424-4f4b-8736-3ae171ac3d15/blobs/C-dfe34f12-ccf6-407c-bb27-4d784a21a265.stdout.txt",
classify	Classify full diff, including deletions	2026-10-03T16:24:19.0896291Z     "spec/progress/evidence/LOOP1-SYNC-001/client-implementation/research/runs/R-20261003T143811Z-f75093f7-8424-4f4b-8736-3ae171ac3d15/blobs/C-dffa2a9e-cf77-4180-a343-d3d194ada184.stderr.txt",
classify	Classify full diff, including deletions	2026-10-03T16:24:19.0897609Z     "spec/progress/evidence/LOOP1-SYNC-001/client-implementation/research/runs/R-20261003T143811Z-f75093f7-8424-4f4b-8736-3ae171ac3d15/blobs/C-dffa2a9e-cf77-4180-a343-d3d194ada184.stdout.txt",
classify	Classify full diff, including deletions	2026-10-03T16:24:19.0898918Z     "spec/progress/evidence/LOOP1-SYNC-001/client-implementation/research/runs/R-20261003T143811Z-f75093f7-8424-4f4b-8736-3ae171ac3d15/blobs/C-e212560e-5929-439f-af9a-3deb18e9d26c.stderr.txt",
classify	Classify full diff, including deletions	2026-10-03T16:24:19.0900235Z     "spec/progress/evidence/LOOP1-SYNC-001/client-implementation/research/runs/R-20261003T143811Z-f75093f7-8424-4f4b-8736-3ae171ac3d15/blobs/C-e212560e-5929-439f-af9a-3deb18e9d26c.stdout.txt",
classify	Classify full diff, including deletions	2026-10-03T16:24:19.0901545Z     "spec/progress/evidence/LOOP1-SYNC-001/client-implementation/research/runs/R-20261003T143811Z-f75093f7-8424-4f4b-8736-3ae171ac3d15/blobs/C-e5214951-0c3b-484f-83fe-74a38dcf88f2.stderr.txt",
classify	Classify full diff, including deletions	2026-10-03T16:24:19.0902850Z     "spec/progress/evidence/LOOP1-SYNC-001/client-implementation/research/runs/R-20261003T143811Z-f75093f7-8424-4f4b-8736-3ae171ac3d15/blobs/C-e5214951-0c3b-484f-83fe-74a38dcf88f2.stdout.txt",
classify	Classify full diff, including deletions	2026-10-03T16:24:19.0904269Z     "spec/progress/evidence/LOOP1-SYNC-001/client-implementation/research/runs/R-20261003T143811Z-f75093f7-8424-4f4b-8736-3ae171ac3d15/blobs/C-e8f63b67-4a12-4a9e-8c1f-4977172075b0.stderr.txt",
classify	Classify full diff, including deletions	2026-10-03T16:24:19.0905579Z     "spec/progress/evidence/LOOP1-SYNC-001/client-implementation/research/runs/R-20261003T143811Z-f75093f7-8424-4f4b-8736-3ae171ac3d15/blobs/C-e8f63b67-4a12-4a9e-8c1f-4977172075b0.stdout.txt",
classify	Classify full diff, including deletions	2026-10-03T16:24:19.0907016Z     "spec/progress/evidence/LOOP1-SYNC-001/client-implementation/research/runs/R-20261003T143811Z-f75093f7-8424-4f4b-8736-3ae171ac3d15/blobs/C-ea1b1c50-1e0b-457b-a91e-360db9b274e1.stderr.txt",
classify	Classify full diff, including deletions	2026-10-03T16:24:19.0908327Z     "spec/progress/evidence/LOOP1-SYNC-001/client-implementation/research/runs/R-20261003T143811Z-f75093f7-8424-4f4b-8736-3ae171ac3d15/blobs/C-ea1b1c50-1e0b-457b-a91e-360db9b274e1.stdout.txt",
classify	Classify full diff, including deletions	2026-10-03T16:24:19.0909638Z     "spec/progress/evidence/LOOP1-SYNC-001/client-implementation/research/runs/R-20261003T143811Z-f75093f7-8424-4f4b-8736-3ae171ac3d15/blobs/C-eb132897-e367-4624-82cc-0dc6b4a96fe7.stderr.txt",
classify	Classify full diff, including deletions	2026-10-03T16:24:19.0910943Z     "spec/progress/evidence/LOOP1-SYNC-001/client-implementation/research/runs/R-20261003T143811Z-f75093f7-8424-4f4b-8736-3ae171ac3d15/blobs/C-eb132897-e367-4624-82cc-0dc6b4a96fe7.stdout.txt",
classify	Classify full diff, including deletions	2026-10-03T16:24:19.0912367Z     "spec/progress/evidence/LOOP1-SYNC-001/client-implementation/research/runs/R-20261003T143811Z-f75093f7-8424-4f4b-8736-3ae171ac3d15/blobs/C-ebf5ec34-59e3-4f48-96ab-d2fb178d45eb.stderr.txt",
classify	Classify full diff, including deletions	2026-10-03T16:24:19.0913683Z     "spec/progress/evidence/LOOP1-SYNC-001/client-implementation/research/runs/R-20261003T143811Z-f75093f7-8424-4f4b-8736-3ae171ac3d15/blobs/C-ebf5ec34-59e3-4f48-96ab-d2fb178d45eb.stdout.txt",
classify	Classify full diff, including deletions	2026-10-03T16:24:19.0915138Z     "spec/progress/evidence/LOOP1-SYNC-001/client-implementation/research/runs/R-20261003T143811Z-f75093f7-8424-4f4b-8736-3ae171ac3d15/blobs/C-ee84d777-b1d6-45ce-ae52-3ae5dfdf99be.stderr.txt",
classify	Classify full diff, including deletions	2026-10-03T16:24:19.0916463Z     "spec/progress/evidence/LOOP1-SYNC-001/client-implementation/research/runs/R-20261003T143811Z-f75093f7-8424-4f4b-8736-3ae171ac3d15/blobs/C-ee84d777-b1d6-45ce-ae52-3ae5dfdf99be.stdout.txt",
classify	Classify full diff, including deletions	2026-10-03T16:24:19.0917779Z     "spec/progress/evidence/LOOP1-SYNC-001/client-implementation/research/runs/R-20261003T143811Z-f75093f7-8424-4f4b-8736-3ae171ac3d15/blobs/C-eff8bc32-69f3-4047-b25b-45d6e84dad4e.stderr.txt",
classify	Classify full diff, including deletions	2026-10-03T16:24:19.0919097Z     "spec/progress/evidence/LOOP1-SYNC-001/client-implementation/research/runs/R-20261003T143811Z-f75093f7-8424-4f4b-8736-3ae171ac3d15/blobs/C-eff8bc32-69f3-4047-b25b-45d6e84dad4e.stdout.txt",
classify	Classify full diff, including deletions	2026-10-03T16:24:19.0920405Z     "spec/progress/evidence/LOOP1-SYNC-001/client-implementation/research/runs/R-20261003T143811Z-f75093f7-8424-4f4b-8736-3ae171ac3d15/blobs/C-f337c08a-086d-41d0-9c0b-64191a99c709.stderr.txt",
classify	Classify full diff, including deletions	2026-10-03T16:24:19.0921703Z     "spec/progress/evidence/LOOP1-SYNC-001/client-implementation/research/runs/R-20261003T143811Z-f75093f7-8424-4f4b-8736-3ae171ac3d15/blobs/C-f337c08a-086d-41d0-9c0b-64191a99c709.stdout.txt",
classify	Classify full diff, including deletions	2026-10-03T16:24:19.0923014Z     "spec/progress/evidence/LOOP1-SYNC-001/client-implementation/research/runs/R-20261003T143811Z-f75093f7-8424-4f4b-8736-3ae171ac3d15/blobs/C-f361a04e-ca1f-4c0f-81d4-12bc146270d3.stderr.txt",
classify	Classify full diff, including deletions	2026-10-03T16:24:19.0924455Z     "spec/progress/evidence/LOOP1-SYNC-001/client-implementation/research/runs/R-20261003T143811Z-f75093f7-8424-4f4b-8736-3ae171ac3d15/blobs/C-f361a04e-ca1f-4c0f-81d4-12bc146270d3.stdout.txt",
classify	Classify full diff, including deletions	2026-10-03T16:24:19.0925776Z     "spec/progress/evidence/LOOP1-SYNC-001/client-implementation/research/runs/R-20261003T143811Z-f75093f7-8424-4f4b-8736-3ae171ac3d15/blobs/C-f47be06f-8eb7-4b96-bade-4ae282fbf5e1.stderr.txt",
classify	Classify full diff, including deletions	2026-10-03T16:24:19.0927092Z     "spec/progress/evidence/LOOP1-SYNC-001/client-implementation/research/runs/R-20261003T143811Z-f75093f7-8424-4f4b-8736-3ae171ac3d15/blobs/C-f47be06f-8eb7-4b96-bade-4ae282fbf5e1.stdout.txt",
classify	Classify full diff, including deletions	2026-10-03T16:24:19.0928408Z     "spec/progress/evidence/LOOP1-SYNC-001/client-implementation/research/runs/R-20261003T143811Z-f75093f7-8424-4f4b-8736-3ae171ac3d15/blobs/C-f7676860-8b0e-473d-a4b0-d80f3eaf3132.stderr.txt",
classify	Classify full diff, including deletions	2026-10-03T16:24:19.0929709Z     "spec/progress/evidence/LOOP1-SYNC-001/client-implementation/research/runs/R-20261003T143811Z-f75093f7-8424-4f4b-8736-3ae171ac3d15/blobs/C-f7676860-8b0e-473d-a4b0-d80f3eaf3132.stdout.txt",
classify	Classify full diff, including deletions	2026-10-03T16:24:19.0931135Z     "spec/progress/evidence/LOOP1-SYNC-001/client-implementation/research/runs/R-20261003T143811Z-f75093f7-8424-4f4b-8736-3ae171ac3d15/blobs/C-fef74df1-e648-4c5c-9b43-d512136763d0.stderr.txt",
classify	Classify full diff, including deletions	2026-10-03T16:24:19.0932441Z     "spec/progress/evidence/LOOP1-SYNC-001/client-implementation/research/runs/R-20261003T143811Z-f75093f7-8424-4f4b-8736-3ae171ac3d15/blobs/C-fef74df1-e648-4c5c-9b43-d512136763d0.stdout.txt",
classify	Classify full diff, including deletions	2026-10-03T16:24:19.0933609Z     "spec/progress/evidence/LOOP1-SYNC-001/client-implementation/research/runs/R-20261003T143811Z-f75093f7-8424-4f4b-8736-3ae171ac3d15/diff.patch",
classify	Classify full diff, including deletions	2026-10-03T16:24:19.0934746Z     "spec/progress/evidence/LOOP1-SYNC-001/client-implementation/research/runs/R-20261003T143811Z-f75093f7-8424-4f4b-8736-3ae171ac3d15/events.jsonl",
classify	Classify full diff, including deletions	2026-10-03T16:24:19.0935770Z     "spec/progress/evidence/LOOP1-SYNC-001/client-implementation/research/runs/R-20261003T143811Z-f75093f7-8424-4f4b-8736-3ae171ac3d15/final_state.json",
classify	Classify full diff, including deletions	2026-10-03T16:24:19.0936936Z     "spec/progress/evidence/LOOP1-SYNC-001/client-implementation/research/runs/R-20261003T143811Z-f75093f7-8424-4f4b-8736-3ae171ac3d15/initial_state.json",
classify	Classify full diff, including deletions	2026-10-03T16:24:19.0937961Z     "spec/progress/evidence/LOOP1-SYNC-001/client-implementation/research/runs/R-20261003T143811Z-f75093f7-8424-4f4b-8736-3ae171ac3d15/metadata.json",
classify	Classify full diff, including deletions	2026-10-03T16:24:19.0938958Z     "spec/progress/evidence/LOOP1-SYNC-001/client-implementation/research/runs/R-20261003T143811Z-f75093f7-8424-4f4b-8736-3ae171ac3d15/summary.json",
classify	Classify full diff, including deletions	2026-10-03T16:24:19.0939732Z     "spec/progress/evidence/LOOP1-SYNC-001/client-implementation/run_native.py.txt",
classify	Classify full diff, including deletions	2026-10-03T16:24:19.0940184Z     "spec/tasks/backlog/LOOP1-SYNC-001.md",
classify	Classify full diff, including deletions	2026-10-03T16:24:19.0940478Z     "spec/tasks/review/LOOP1-SYNC-001.md",
classify	Classify full diff, including deletions	2026-10-03T16:24:19.0940758Z     "tests/clients/sync/desktop.mjs",
classify	Classify full diff, including deletions	2026-10-03T16:24:19.0941027Z     "tests/clients/sync/go_client.mjs",
classify	Classify full diff, including deletions	2026-10-03T16:24:19.0941299Z     "tests/clients/sync/go_smoke.py",
classify	Classify full diff, including deletions	2026-10-03T16:24:19.0941567Z     "tests/clients/sync/shared.mjs",
classify	Classify full diff, including deletions	2026-10-03T16:24:19.0941837Z     "tests/clients/sync/tls_fixture.py",
classify	Classify full diff, including deletions	2026-10-03T16:24:19.0942108Z     "tools/verify_client_sync.py"
classify	Classify full diff, including deletions	2026-10-03T16:24:19.0942343Z   ],
classify	Classify full diff, including deletions	2026-10-03T16:24:19.0942513Z   "jobs": {
classify	Classify full diff, including deletions	2026-10-03T16:24:19.0942692Z     "go": true,
classify	Classify full diff, including deletions	2026-10-03T16:24:19.0942886Z     "java": true,
classify	Classify full diff, including deletions	2026-10-03T16:24:19.0943078Z     "web": true,
classify	Classify full diff, including deletions	2026-10-03T16:24:19.0943267Z     "desktop": true,
classify	Classify full diff, including deletions	2026-10-03T16:24:19.0943470Z     "mobile": true,
classify	Classify full diff, including deletions	2026-10-03T16:24:19.0943666Z     "shared": true,
classify	Classify full diff, including deletions	2026-10-03T16:24:19.0943864Z     "old_client": true,
classify	Classify full diff, including deletions	2026-10-03T16:24:19.0944197Z     "plugin": true,
classify	Classify full diff, including deletions	2026-10-03T16:24:19.0944398Z     "migration": true,
classify	Classify full diff, including deletions	2026-10-03T16:24:19.0944617Z     "compatibility": true,
classify	Classify full diff, including deletions	2026-10-03T16:24:19.0944839Z     "deploy": true,
classify	Classify full diff, including deletions	2026-10-03T16:24:19.0945045Z     "architecture": true,
classify	Classify full diff, including deletions	2026-10-03T16:24:19.0945266Z     "source_go": true,
classify	Classify full diff, including deletions	2026-10-03T16:24:19.0945482Z     "source_java": true
classify	Classify full diff, including deletions	2026-10-03T16:24:19.0945681Z   }
classify	Classify full diff, including deletions	2026-10-03T16:24:19.0945853Z }
classify	Post Run actions/checkout@v4	﻿2026-10-03T16:24:19.1100838Z Post job cleanup.
classify	Post Run actions/checkout@v4	2026-10-03T16:24:19.1971678Z [command]/usr/bin/git version
classify	Post Run actions/checkout@v4	2026-10-03T16:24:19.2019910Z git version 2.55.0
classify	Post Run actions/checkout@v4	2026-10-03T16:24:19.2064576Z Temporarily overriding HOME='/home/runner/work/_temp/351ed969-d8f4-4806-8985-d7b33edddf04' before making global git config changes
classify	Post Run actions/checkout@v4	2026-10-03T16:24:19.2066262Z Adding repository directory to the temporary git global config as a safe directory
classify	Post Run actions/checkout@v4	2026-10-03T16:24:19.2071385Z [command]/usr/bin/git config --global --add safe.directory /home/runner/work/IM-platform/IM-platform
classify	Post Run actions/checkout@v4	2026-10-03T16:24:19.2113378Z [command]/usr/bin/git config --local --name-only --get-regexp core\.sshCommand
classify	Post Run actions/checkout@v4	2026-10-03T16:24:19.2155326Z [command]/usr/bin/git submodule foreach --recursive sh -c "git config --local --name-only --get-regexp 'core\.sshCommand' && git config --local --unset-all 'core.sshCommand' || :"
classify	Post Run actions/checkout@v4	2026-10-03T16:24:19.2419643Z [command]/usr/bin/git config --local --name-only --get-regexp http\.https\:\/\/github\.com\/\.extraheader
classify	Post Run actions/checkout@v4	2026-10-03T16:24:19.2452740Z http.https://github.com/.extraheader
classify	Post Run actions/checkout@v4	2026-10-03T16:24:19.2464435Z [command]/usr/bin/git config --local --unset-all http.https://github.com/.extraheader
classify	Post Run actions/checkout@v4	2026-10-03T16:24:19.2501070Z [command]/usr/bin/git submodule foreach --recursive sh -c "git config --local --name-only --get-regexp 'http\.https\:\/\/github\.com\/\.extraheader' && git config --local --unset-all 'http.https://github.com/.extraheader' || :"
classify	Post Run actions/checkout@v4	2026-10-03T16:24:19.2793421Z [command]/usr/bin/git config --local --name-only --get-regexp ^includeIf\.gitdir:
classify	Post Run actions/checkout@v4	2026-10-03T16:24:19.2836525Z [command]/usr/bin/git submodule foreach --recursive git config --local --show-origin --name-only --get-regexp remote.origin.url
classify	Complete job	﻿2026-10-03T16:24:19.3258040Z Evaluate and set job outputs
classify	Complete job	2026-10-03T16:24:19.3268569Z Set output 'go'
classify	Complete job	2026-10-03T16:24:19.3270205Z Set output 'java'
classify	Complete job	2026-10-03T16:24:19.3270844Z Set output 'web'
classify	Complete job	2026-10-03T16:24:19.3271121Z Set output 'desktop'
classify	Complete job	2026-10-03T16:24:19.3271418Z Set output 'mobile'
classify	Complete job	2026-10-03T16:24:19.3271705Z Set output 'shared'
classify	Complete job	2026-10-03T16:24:19.3272198Z Set output 'old_client'
classify	Complete job	2026-10-03T16:24:19.3272493Z Set output 'plugin'
classify	Complete job	2026-10-03T16:24:19.3272774Z Set output 'migration'
classify	Complete job	2026-10-03T16:24:19.3273067Z Set output 'compatibility'
classify	Complete job	2026-10-03T16:24:19.3273360Z Set output 'deploy'
classify	Complete job	2026-10-03T16:24:19.3273637Z Set output 'architecture'
classify	Complete job	2026-10-03T16:24:19.3273925Z Set output 'source_go'
classify	Complete job	2026-10-03T16:24:19.3274546Z Set output 'source_java'
classify	Complete job	2026-10-03T16:24:19.3275329Z Cleaning up orphan processes
classify	Complete job	2026-10-03T16:24:19.3553250Z ##[warning]Node.js 20 is deprecated. The following actions target Node.js 20 but are being forced to run on Node.js 24: actions/checkout@v4. For more information see: https://github.blog/changelog/2025-09-19-deprecation-of-node-20-on-github-actions-runners/
