desktop	Set up job	﻿2026-10-03T16:24:24.0128447Z Current runner version: '2.337.0'
desktop	Set up job	2026-10-03T16:24:24.0159165Z ##[group]Runner Image Provisioner
desktop	Set up job	2026-10-03T16:24:24.0160253Z Hosted Compute Agent
desktop	Set up job	2026-10-03T16:24:24.0160925Z Version: 20260901.588
desktop	Set up job	2026-10-03T16:24:24.0161691Z Commit: f88ec8081b781fac6c440065ac7ff9e710ce3d0b
desktop	Set up job	2026-10-03T16:24:24.0162467Z Build Date: 2026-09-01T19:56:44Z
desktop	Set up job	2026-10-03T16:24:24.0163486Z Worker ID: {976b6e1a-b92c-45e2-8f85-c953dece9d49}
desktop	Set up job	2026-10-03T16:24:24.0164317Z Azure Region: eastus
desktop	Set up job	2026-10-03T16:24:24.0164935Z ##[endgroup]
desktop	Set up job	2026-10-03T16:24:24.0166461Z ##[group]Operating System
desktop	Set up job	2026-10-03T16:24:24.0167509Z Ubuntu
desktop	Set up job	2026-10-03T16:24:24.0168082Z 24.04.5
desktop	Set up job	2026-10-03T16:24:24.0168726Z LTS
desktop	Set up job	2026-10-03T16:24:24.0169255Z ##[endgroup]
desktop	Set up job	2026-10-03T16:24:24.0169966Z ##[group]Runner Image
desktop	Set up job	2026-10-03T16:24:24.0170642Z Image: ubuntu-24.04
desktop	Set up job	2026-10-03T16:24:24.0171253Z Version: 20260927.320.1
desktop	Set up job	2026-10-03T16:24:24.0172364Z Included Software: https://github.com/actions/runner-images/blob/ubuntu24/20260927.320/images/ubuntu/Ubuntu2404-Readme.md
desktop	Set up job	2026-10-03T16:24:24.0174243Z Image Release: https://github.com/actions/runner-images/releases/tag/ubuntu24%2F20260927.320
desktop	Set up job	2026-10-03T16:24:24.0175262Z ##[endgroup]
desktop	Set up job	2026-10-03T16:24:24.0176644Z ##[group]GITHUB_TOKEN Permissions
desktop	Set up job	2026-10-03T16:24:24.0179101Z Contents: read
desktop	Set up job	2026-10-03T16:24:24.0179853Z Metadata: read
desktop	Set up job	2026-10-03T16:24:24.0180470Z ##[endgroup]
desktop	Set up job	2026-10-03T16:24:24.0182645Z Secret source: Actions
desktop	Set up job	2026-10-03T16:24:24.0183715Z Cache mode: write
desktop	Set up job	2026-10-03T16:24:24.0184722Z Prepare workflow directory
desktop	Set up job	2026-10-03T16:24:24.0526557Z Prepare all required actions
desktop	Set up job	2026-10-03T16:24:24.0579751Z Getting action download info
desktop	Set up job	2026-10-03T16:24:24.2910432Z Download action repository 'actions/checkout@v4' (SHA:11d5960a326750d5838078e36cf38b85af677262)
desktop	Set up job	2026-10-03T16:24:24.3805321Z Download action repository 'actions/setup-node@v4' (SHA:49933ea5288caeca8642d1e84afbd3f7d6820020)
desktop	Set up job	2026-10-03T16:24:24.6324733Z Complete job name: desktop
desktop	Run actions/checkout@v4	﻿2026-10-03T16:24:24.7113173Z ##[group]Run actions/checkout@v4
desktop	Run actions/checkout@v4	2026-10-03T16:24:24.7114047Z with:
desktop	Run actions/checkout@v4	2026-10-03T16:24:24.7114583Z   ref: 2351a2931f10dc423cf215fbad3a4e1f0b142495
desktop	Run actions/checkout@v4	2026-10-03T16:24:24.7115217Z   repository: nilesthump/IM-platform
desktop	Run actions/checkout@v4	2026-10-03T16:24:24.7119356Z   token: ***
desktop	Run actions/checkout@v4	2026-10-03T16:24:24.7119809Z   ssh-strict: true
desktop	Run actions/checkout@v4	2026-10-03T16:24:24.7120265Z   ssh-user: git
desktop	Run actions/checkout@v4	2026-10-03T16:24:24.7120728Z   persist-credentials: true
desktop	Run actions/checkout@v4	2026-10-03T16:24:24.7121238Z   clean: true
desktop	Run actions/checkout@v4	2026-10-03T16:24:24.7121696Z   sparse-checkout-cone-mode: true
desktop	Run actions/checkout@v4	2026-10-03T16:24:24.7122220Z   fetch-depth: 1
desktop	Run actions/checkout@v4	2026-10-03T16:24:24.7122659Z   fetch-tags: false
desktop	Run actions/checkout@v4	2026-10-03T16:24:24.7123119Z   show-progress: true
desktop	Run actions/checkout@v4	2026-10-03T16:24:24.7123588Z   lfs: false
desktop	Run actions/checkout@v4	2026-10-03T16:24:24.7124019Z   submodules: false
desktop	Run actions/checkout@v4	2026-10-03T16:24:24.7124488Z   set-safe-directory: true
desktop	Run actions/checkout@v4	2026-10-03T16:24:24.7125007Z   allow-unsafe-pr-checkout: false
desktop	Run actions/checkout@v4	2026-10-03T16:24:24.7125815Z ##[endgroup]
desktop	Run actions/checkout@v4	2026-10-03T16:24:24.8168936Z Syncing repository: nilesthump/IM-platform
desktop	Run actions/checkout@v4	2026-10-03T16:24:24.8171498Z ##[group]Getting Git version info
desktop	Run actions/checkout@v4	2026-10-03T16:24:24.8172766Z Working directory is '/home/runner/work/IM-platform/IM-platform'
desktop	Run actions/checkout@v4	2026-10-03T16:24:24.8174427Z [command]/usr/bin/git version
desktop	Run actions/checkout@v4	2026-10-03T16:24:24.8847092Z git version 2.55.0
desktop	Run actions/checkout@v4	2026-10-03T16:24:24.8869114Z ##[endgroup]
desktop	Run actions/checkout@v4	2026-10-03T16:24:24.8887120Z Temporarily overriding HOME='/home/runner/work/_temp/1a1e3749-91f9-4536-87db-97c6fd559750' before making global git config changes
desktop	Run actions/checkout@v4	2026-10-03T16:24:24.8889363Z Adding repository directory to the temporary git global config as a safe directory
desktop	Run actions/checkout@v4	2026-10-03T16:24:24.8894403Z [command]/usr/bin/git config --global --add safe.directory /home/runner/work/IM-platform/IM-platform
desktop	Run actions/checkout@v4	2026-10-03T16:24:24.8950051Z Deleting the contents of '/home/runner/work/IM-platform/IM-platform'
desktop	Run actions/checkout@v4	2026-10-03T16:24:24.8955221Z ##[group]Initializing the repository
desktop	Run actions/checkout@v4	2026-10-03T16:24:24.8959276Z [command]/usr/bin/git init /home/runner/work/IM-platform/IM-platform
desktop	Run actions/checkout@v4	2026-10-03T16:24:24.9050873Z hint: Using 'master' as the name for the initial branch. This default branch name
desktop	Run actions/checkout@v4	2026-10-03T16:24:24.9052406Z hint: will change to "main" in Git 3.0. To configure the initial branch name
desktop	Run actions/checkout@v4	2026-10-03T16:24:24.9055987Z hint: to use in all of your new repositories, which will suppress this warning,
desktop	Run actions/checkout@v4	2026-10-03T16:24:24.9057141Z hint: call:
desktop	Run actions/checkout@v4	2026-10-03T16:24:24.9057551Z hint:
desktop	Run actions/checkout@v4	2026-10-03T16:24:24.9058069Z hint: 	git config --global init.defaultBranch <name>
desktop	Run actions/checkout@v4	2026-10-03T16:24:24.9058708Z hint:
desktop	Run actions/checkout@v4	2026-10-03T16:24:24.9059314Z hint: Names commonly chosen instead of 'master' are 'main', 'trunk' and
desktop	Run actions/checkout@v4	2026-10-03T16:24:24.9060424Z hint: 'development'. The just-created branch can be renamed via this command:
desktop	Run actions/checkout@v4	2026-10-03T16:24:24.9061426Z hint:
desktop	Run actions/checkout@v4	2026-10-03T16:24:24.9061839Z hint: 	git branch -m <name>
desktop	Run actions/checkout@v4	2026-10-03T16:24:24.9062320Z hint:
desktop	Run actions/checkout@v4	2026-10-03T16:24:24.9062932Z hint: Disable this message with "git config set advice.defaultBranchName false"
desktop	Run actions/checkout@v4	2026-10-03T16:24:24.9064104Z Initialized empty Git repository in /home/runner/work/IM-platform/IM-platform/.git/
desktop	Run actions/checkout@v4	2026-10-03T16:24:24.9066374Z [command]/usr/bin/git remote add origin https://github.com/nilesthump/IM-platform
desktop	Run actions/checkout@v4	2026-10-03T16:24:24.9114211Z ##[endgroup]
desktop	Run actions/checkout@v4	2026-10-03T16:24:24.9115203Z ##[group]Disabling automatic garbage collection
desktop	Run actions/checkout@v4	2026-10-03T16:24:24.9118136Z [command]/usr/bin/git config --local gc.auto 0
desktop	Run actions/checkout@v4	2026-10-03T16:24:24.9152604Z ##[endgroup]
desktop	Run actions/checkout@v4	2026-10-03T16:24:24.9153361Z ##[group]Setting up auth
desktop	Run actions/checkout@v4	2026-10-03T16:24:24.9158920Z [command]/usr/bin/git config --local --name-only --get-regexp core\.sshCommand
desktop	Run actions/checkout@v4	2026-10-03T16:24:24.9193611Z [command]/usr/bin/git submodule foreach --recursive sh -c "git config --local --name-only --get-regexp 'core\.sshCommand' && git config --local --unset-all 'core.sshCommand' || :"
desktop	Run actions/checkout@v4	2026-10-03T16:24:24.9506181Z [command]/usr/bin/git config --local --name-only --get-regexp http\.https\:\/\/github\.com\/\.extraheader
desktop	Run actions/checkout@v4	2026-10-03T16:24:24.9544121Z [command]/usr/bin/git submodule foreach --recursive sh -c "git config --local --name-only --get-regexp 'http\.https\:\/\/github\.com\/\.extraheader' && git config --local --unset-all 'http.https://github.com/.extraheader' || :"
desktop	Run actions/checkout@v4	2026-10-03T16:24:24.9783019Z [command]/usr/bin/git config --local --name-only --get-regexp ^includeIf\.gitdir:
desktop	Run actions/checkout@v4	2026-10-03T16:24:24.9822655Z [command]/usr/bin/git submodule foreach --recursive git config --local --show-origin --name-only --get-regexp remote.origin.url
desktop	Run actions/checkout@v4	2026-10-03T16:24:25.0068255Z [command]/usr/bin/git config --local http.https://github.com/.extraheader AUTHORIZATION: basic ***
desktop	Run actions/checkout@v4	2026-10-03T16:24:25.0141503Z ##[endgroup]
desktop	Run actions/checkout@v4	2026-10-03T16:24:25.0142727Z ##[group]Fetching the repository
desktop	Run actions/checkout@v4	2026-10-03T16:24:25.0152502Z [command]/usr/bin/git -c protocol.version=2 fetch --no-tags --prune --no-recurse-submodules --depth=1 origin 2351a2931f10dc423cf215fbad3a4e1f0b142495
desktop	Run actions/checkout@v4	2026-10-03T16:24:26.9091257Z From https://github.com/nilesthump/IM-platform
desktop	Run actions/checkout@v4	2026-10-03T16:24:26.9093787Z  * branch            2351a2931f10dc423cf215fbad3a4e1f0b142495 -> FETCH_HEAD
desktop	Run actions/checkout@v4	2026-10-03T16:24:26.9099186Z ##[endgroup]
desktop	Run actions/checkout@v4	2026-10-03T16:24:26.9100701Z ##[group]Determining the checkout info
desktop	Run actions/checkout@v4	2026-10-03T16:24:26.9103832Z ##[endgroup]
desktop	Run actions/checkout@v4	2026-10-03T16:24:26.9106026Z [command]/usr/bin/git sparse-checkout disable
desktop	Run actions/checkout@v4	2026-10-03T16:24:26.9169719Z [command]/usr/bin/git config --local --unset-all extensions.worktreeConfig
desktop	Run actions/checkout@v4	2026-10-03T16:24:26.9209826Z ##[group]Checking out the ref
desktop	Run actions/checkout@v4	2026-10-03T16:24:26.9214924Z [command]/usr/bin/git checkout --progress --force 2351a2931f10dc423cf215fbad3a4e1f0b142495
desktop	Run actions/checkout@v4	2026-10-03T16:24:27.5041515Z Note: switching to '2351a2931f10dc423cf215fbad3a4e1f0b142495'.
desktop	Run actions/checkout@v4	2026-10-03T16:24:27.5042300Z 
desktop	Run actions/checkout@v4	2026-10-03T16:24:27.5042635Z You are in 'detached HEAD' state. You can look around, make experimental
desktop	Run actions/checkout@v4	2026-10-03T16:24:27.5043249Z changes and commit them, and you can discard any commits you make in this
desktop	Run actions/checkout@v4	2026-10-03T16:24:27.5043869Z state without impacting any branches by switching back to a branch.
desktop	Run actions/checkout@v4	2026-10-03T16:24:27.5044240Z 
desktop	Run actions/checkout@v4	2026-10-03T16:24:27.5044549Z If you want to create a new branch to retain commits you create, you may
desktop	Run actions/checkout@v4	2026-10-03T16:24:27.5045110Z do so (now or later) by using -c with the switch command. Example:
desktop	Run actions/checkout@v4	2026-10-03T16:24:27.5045519Z 
desktop	Run actions/checkout@v4	2026-10-03T16:24:27.5045997Z   git switch -c <new-branch-name>
desktop	Run actions/checkout@v4	2026-10-03T16:24:27.5046249Z 
desktop	Run actions/checkout@v4	2026-10-03T16:24:27.5046404Z Or undo this operation with:
desktop	Run actions/checkout@v4	2026-10-03T16:24:27.5046618Z 
desktop	Run actions/checkout@v4	2026-10-03T16:24:27.5046923Z   git switch -
desktop	Run actions/checkout@v4	2026-10-03T16:24:27.5047138Z 
desktop	Run actions/checkout@v4	2026-10-03T16:24:27.5047516Z Turn off this advice by setting config variable advice.detachedHead to false
desktop	Run actions/checkout@v4	2026-10-03T16:24:27.5047915Z 
desktop	Run actions/checkout@v4	2026-10-03T16:24:27.5048213Z HEAD is now at 2351a29 Merge pull request #22 from nilesthump/task/LOOP1-SYNC-001
desktop	Run actions/checkout@v4	2026-10-03T16:24:27.5072893Z ##[endgroup]
desktop	Run actions/checkout@v4	2026-10-03T16:24:27.5127537Z [command]/usr/bin/git log -1 --format=%H
desktop	Run actions/checkout@v4	2026-10-03T16:24:27.5157211Z 2351a2931f10dc423cf215fbad3a4e1f0b142495
desktop	Run actions/setup-node@v4	﻿2026-10-03T16:24:27.5433081Z ##[group]Run actions/setup-node@v4
desktop	Run actions/setup-node@v4	2026-10-03T16:24:27.5433503Z with:
desktop	Run actions/setup-node@v4	2026-10-03T16:24:27.5433811Z   node-version: 22
desktop	Run actions/setup-node@v4	2026-10-03T16:24:27.5434130Z   always-auth: false
desktop	Run actions/setup-node@v4	2026-10-03T16:24:27.5434451Z   check-latest: false
desktop	Run actions/setup-node@v4	2026-10-03T16:24:27.5438118Z   token: ***
desktop	Run actions/setup-node@v4	2026-10-03T16:24:27.5438556Z ##[endgroup]
desktop	Run actions/setup-node@v4	2026-10-03T16:24:27.6872335Z Found in cache @ /opt/hostedtoolcache/node/22.23.3/x64
desktop	Run actions/setup-node@v4	2026-10-03T16:24:27.6875725Z (node:2092) [DEP0040] DeprecationWarning: The `punycode` module is deprecated. Please use a userland alternative instead.
desktop	Run actions/setup-node@v4	2026-10-03T16:24:27.6876562Z (Use `node --trace-deprecation ...` to show where the warning was created)
desktop	Run actions/setup-node@v4	2026-10-03T16:24:27.6878853Z ##[group]Environment details
desktop	Run actions/setup-node@v4	2026-10-03T16:24:28.0651881Z node: v22.23.3
desktop	Run actions/setup-node@v4	2026-10-03T16:24:28.0652527Z npm: 10.9.9
desktop	Run actions/setup-node@v4	2026-10-03T16:24:28.0652820Z yarn: 1.22.22
desktop	Run actions/setup-node@v4	2026-10-03T16:24:28.0653856Z ##[endgroup]
desktop	Native Tauri prerequisites and approved Rust compiler	﻿2026-10-03T16:24:28.0884215Z ##[group]Run sudo apt-get update -qq
desktop	Native Tauri prerequisites and approved Rust compiler	2026-10-03T16:24:28.0884645Z ^[[36;1msudo apt-get update -qq^[[0m
desktop	Native Tauri prerequisites and approved Rust compiler	2026-10-03T16:24:28.0885157Z ^[[36;1msudo apt-get install -y libwebkit2gtk-4.1-dev libappindicator3-dev librsvg2-dev patchelf^[[0m
desktop	Native Tauri prerequisites and approved Rust compiler	2026-10-03T16:24:28.0885707Z ^[[36;1mrustup toolchain install stable --profile minimal^[[0m
desktop	Native Tauri prerequisites and approved Rust compiler	2026-10-03T16:24:28.0886048Z ^[[36;1mrustup default stable^[[0m
desktop	Native Tauri prerequisites and approved Rust compiler	2026-10-03T16:24:28.1147950Z shell: /usr/bin/bash -e {0}
desktop	Native Tauri prerequisites and approved Rust compiler	2026-10-03T16:24:28.1148306Z ##[endgroup]
desktop	Native Tauri prerequisites and approved Rust compiler	2026-10-03T16:24:39.8235354Z Reading package lists...
desktop	Native Tauri prerequisites and approved Rust compiler	2026-10-03T16:24:40.0488870Z Building dependency tree...
desktop	Native Tauri prerequisites and approved Rust compiler	2026-10-03T16:24:40.0496475Z Reading state information...
desktop	Native Tauri prerequisites and approved Rust compiler	2026-10-03T16:24:40.2443474Z patchelf is already the newest version (0.18.0-1.1build1).
desktop	Native Tauri prerequisites and approved Rust compiler	2026-10-03T16:24:40.2444579Z The following additional packages will be installed:
desktop	Native Tauri prerequisites and approved Rust compiler	2026-10-03T16:24:40.2445417Z   bubblewrap build-essential bzip2-doc gir1.2-appindicator3-0.1 gir1.2-atk-1.0
desktop	Native Tauri prerequisites and approved Rust compiler	2026-10-03T16:24:40.2448125Z   gir1.2-atspi-2.0 gir1.2-dbusmenu-glib-0.4 gir1.2-freedesktop
desktop	Native Tauri prerequisites and approved Rust compiler	2026-10-03T16:24:40.2449167Z   gir1.2-freedesktop-dev gir1.2-gdkpixbuf-2.0 gir1.2-girepository-2.0-dev
desktop	Native Tauri prerequisites and approved Rust compiler	2026-10-03T16:24:40.2449934Z   gir1.2-glib-2.0-dev gir1.2-gtk-3.0 gir1.2-harfbuzz-0.0
desktop	Native Tauri prerequisites and approved Rust compiler	2026-10-03T16:24:40.2450637Z   gir1.2-javascriptcoregtk-4.1 gir1.2-pango-1.0 gir1.2-rsvg-2.0
desktop	Native Tauri prerequisites and approved Rust compiler	2026-10-03T16:24:40.2451485Z   gir1.2-soup-3.0 gir1.2-webkit2-4.1 glib-networking glib-networking-common
desktop	Native Tauri prerequisites and approved Rust compiler	2026-10-03T16:24:40.2452581Z   glib-networking-services gobject-introspection gobject-introspection-bin
desktop	Native Tauri prerequisites and approved Rust compiler	2026-10-03T16:24:40.2453492Z   gsettings-desktop-schemas gstreamer1.0-gl gstreamer1.0-plugins-base
desktop	Native Tauri prerequisites and approved Rust compiler	2026-10-03T16:24:40.2454320Z   gstreamer1.0-plugins-good gstreamer1.0-x libaa1 libappindicator3-1
desktop	Native Tauri prerequisites and approved Rust compiler	2026-10-03T16:24:40.2455180Z   libasyncns0 libatk-bridge2.0-dev libatk1.0-dev libatspi2.0-dev libavc1394-0
desktop	Native Tauri prerequisites and approved Rust compiler	2026-10-03T16:24:40.2456065Z   libblkid-dev libbrotli-dev libbz2-dev libcaca0 libcairo-script-interpreter2
desktop	Native Tauri prerequisites and approved Rust compiler	2026-10-03T16:24:40.2457198Z   libcairo2-dev libcdparanoia0 libdatrie-dev libdbus-1-dev libdbus-glib-1-2
desktop	Native Tauri prerequisites and approved Rust compiler	2026-10-03T16:24:40.2458002Z   libdbus-glib-1-dev libdbus-glib-1-dev-bin libdbusmenu-glib-dev
desktop	Native Tauri prerequisites and approved Rust compiler	2026-10-03T16:24:40.2458802Z   libdeflate-dev libdv4t64 libegl-dev libegl-mesa0 libegl1 libegl1-mesa-dev
desktop	Native Tauri prerequisites and approved Rust compiler	2026-10-03T16:24:40.2459654Z   libepoxy-dev libflac12t64 libfontconfig-dev libfreetype-dev libfribidi-dev
desktop	Native Tauri prerequisites and approved Rust compiler	2026-10-03T16:24:40.2460479Z   libgbm1 libgdk-pixbuf-2.0-dev libgdk-pixbuf2.0-bin libgirepository-1.0-dev
desktop	Native Tauri prerequisites and approved Rust compiler	2026-10-03T16:24:40.2461328Z   libgirepository-2.0-0 libgirepository1.0-dev libgl-dev libgl1-mesa-dri
desktop	Native Tauri prerequisites and approved Rust compiler	2026-10-03T16:24:40.2462909Z   libgles-dev libgles1 libgles2 libglib2.0-dev libglib2.0-dev-bin
desktop	Native Tauri prerequisites and approved Rust compiler	2026-10-03T16:24:40.2463818Z   libglvnd-core-dev libglvnd-dev libglx-dev libglx-mesa0 libgraphene-1.0-0
desktop	Native Tauri prerequisites and approved Rust compiler	2026-10-03T16:24:40.2464699Z   libgraphite2-dev libgstreamer-gl1.0-0 libgstreamer-plugins-base1.0-0
desktop	Native Tauri prerequisites and approved Rust compiler	2026-10-03T16:24:40.2465600Z   libgstreamer-plugins-good1.0-0 libgtk-3-dev libharfbuzz-cairo0
desktop	Native Tauri prerequisites and approved Rust compiler	2026-10-03T16:24:40.2466539Z   libharfbuzz-dev libharfbuzz-gobject0 libharfbuzz-icu0 libharfbuzz-subset0
desktop	Native Tauri prerequisites and approved Rust compiler	2026-10-03T16:24:40.2467535Z   libhyphen0 libice-dev libiec61883-0 libjavascriptcoregtk-4.1-0
desktop	Native Tauri prerequisites and approved Rust compiler	2026-10-03T16:24:40.2468287Z   libjavascriptcoregtk-4.1-dev libjbig-dev libjpeg-dev libjpeg-turbo8-dev
desktop	Native Tauri prerequisites and approved Rust compiler	2026-10-03T16:24:40.2468991Z   libjpeg8-dev liblerc-dev liblzma-dev libmanette-0.2-0 libmount-dev
desktop	Native Tauri prerequisites and approved Rust compiler	2026-10-03T16:24:40.2469599Z   libmp3lame0 libmpg123-0t64 libnghttp2-dev libopengl-dev libopengl0 libopus0
desktop	Native Tauri prerequisites and approved Rust compiler	2026-10-03T16:24:40.2470142Z   liborc-0.4-0t64 libpango1.0-dev libpangoxft-1.0-0 libpipewire-0.3-0t64
desktop	Native Tauri prerequisites and approved Rust compiler	2026-10-03T16:24:40.2470733Z   libpipewire-0.3-common libpixman-1-dev libpng-dev libpng-tools libproxy1v5
desktop	Native Tauri prerequisites and approved Rust compiler	2026-10-03T16:24:40.2471267Z   libpsl-dev libpthread-stubs0-dev libpulse0 libraw1394-11 librsvg2-2
desktop	Native Tauri prerequisites and approved Rust compiler	2026-10-03T16:24:40.2471876Z   librsvg2-common libsecret-1-0 libsecret-common libselinux1-dev libsepol-dev
desktop	Native Tauri prerequisites and approved Rust compiler	2026-10-03T16:24:40.2472542Z   libsharpyuv-dev libshout3 libsm-dev libsndfile1 libsoup-3.0-0
desktop	Native Tauri prerequisites and approved Rust compiler	2026-10-03T16:24:40.2473008Z   libsoup-3.0-common libsoup-3.0-dev libspa-0.2-modules libspeex1
desktop	Native Tauri prerequisites and approved Rust compiler	2026-10-03T16:24:40.2473521Z   libsysprof-capture-4-dev libtag1v5 libtag1v5-vanilla libthai-dev libtheora0
desktop	Native Tauri prerequisites and approved Rust compiler	2026-10-03T16:24:40.2474349Z   libtiff-dev libtiffxx6 libtwolame0 libv4l-0t64 libv4lconvert0t64
desktop	Native Tauri prerequisites and approved Rust compiler	2026-10-03T16:24:40.2474950Z   libvisual-0.4-0 libvorbisenc2 libvpx9 libwavpack1 libwayland-bin
desktop	Native Tauri prerequisites and approved Rust compiler	2026-10-03T16:24:40.2475435Z   libwayland-dev libwayland-server0 libwebkit2gtk-4.1-0 libwebp-dev
desktop	Native Tauri prerequisites and approved Rust compiler	2026-10-03T16:24:40.2475921Z   libwebpdecoder3 libwebrtc-audio-processing1 libx11-dev libxau-dev
desktop	Native Tauri prerequisites and approved Rust compiler	2026-10-03T16:24:40.2476422Z   libxcb-render0-dev libxcb-shm0-dev libxcb1-dev libxcomposite-dev
desktop	Native Tauri prerequisites and approved Rust compiler	2026-10-03T16:24:40.2477334Z   libxcursor-dev libxdamage-dev libxdmcp-dev libxext-dev libxfixes-dev
desktop	Native Tauri prerequisites and approved Rust compiler	2026-10-03T16:24:40.2478113Z   libxft-dev libxi-dev libxinerama-dev libxkbcommon-dev libxrandr-dev
desktop	Native Tauri prerequisites and approved Rust compiler	2026-10-03T16:24:40.2478957Z   libxrender-dev libxtst-dev libxv1 mesa-libgallium pango1.0-tools
desktop	Native Tauri prerequisites and approved Rust compiler	2026-10-03T16:24:40.2479764Z   python3-mako python3-markdown session-migration uuid-dev wayland-protocols
desktop	Native Tauri prerequisites and approved Rust compiler	2026-10-03T16:24:40.2480447Z   x11proto-dev xdg-dbus-proxy xdg-desktop-portal xdg-desktop-portal-gtk
desktop	Native Tauri prerequisites and approved Rust compiler	2026-10-03T16:24:40.2480884Z   xorg-sgml-doctools xtrans-dev
desktop	Native Tauri prerequisites and approved Rust compiler	2026-10-03T16:24:40.2481273Z Suggested packages:
desktop	Native Tauri prerequisites and approved Rust compiler	2026-10-03T16:24:40.2481916Z   gvfs indicator-application libcairo2-doc libdatrie-doc libdv-bin oss-compat
desktop	Native Tauri prerequisites and approved Rust compiler	2026-10-03T16:24:40.2482830Z   freetype2-doc libgirepository1.0-doc libglib2.0-doc libxml2-utils
desktop	Native Tauri prerequisites and approved Rust compiler	2026-10-03T16:24:40.2483546Z   libgraphite2-utils libvisual-0.4-plugins libgtk-3-doc libice-doc liblzma-doc
desktop	Native Tauri prerequisites and approved Rust compiler	2026-10-03T16:24:40.2484138Z   libnghttp2-doc opus-tools libpango1.0-doc pipewire pulseaudio libraw1394-doc
desktop	Native Tauri prerequisites and approved Rust compiler	2026-10-03T16:24:40.2484675Z   librsvg2-bin librsvg2-doc libsm-doc libsoup-3.0-doc speex libthai-doc
desktop	Native Tauri prerequisites and approved Rust compiler	2026-10-03T16:24:40.2485392Z   libwayland-doc gstreamer1.0-libav gstreamer1.0-plugins-bad gstreamer1.0-alsa
desktop	Native Tauri prerequisites and approved Rust compiler	2026-10-03T16:24:40.2486240Z   libx11-doc libxcb-doc libxext-doc graphicsmagick python-mako-doc
desktop	Native Tauri prerequisites and approved Rust compiler	2026-10-03T16:24:40.2487260Z   python3-beaker python-markdown-doc accountsservice evince
desktop	Native Tauri prerequisites and approved Rust compiler	2026-10-03T16:24:40.2487874Z   xdg-desktop-portal-gnome
desktop	Native Tauri prerequisites and approved Rust compiler	2026-10-03T16:24:40.3317335Z The following NEW packages will be installed:
desktop	Native Tauri prerequisites and approved Rust compiler	2026-10-03T16:24:40.3318552Z   bubblewrap build-essential bzip2-doc gir1.2-appindicator3-0.1 gir1.2-atk-1.0
desktop	Native Tauri prerequisites and approved Rust compiler	2026-10-03T16:24:40.3319523Z   gir1.2-atspi-2.0 gir1.2-dbusmenu-glib-0.4 gir1.2-freedesktop
desktop	Native Tauri prerequisites and approved Rust compiler	2026-10-03T16:24:40.3320418Z   gir1.2-freedesktop-dev gir1.2-gdkpixbuf-2.0 gir1.2-girepository-2.0-dev
desktop	Native Tauri prerequisites and approved Rust compiler	2026-10-03T16:24:40.3321254Z   gir1.2-glib-2.0-dev gir1.2-gtk-3.0 gir1.2-harfbuzz-0.0
desktop	Native Tauri prerequisites and approved Rust compiler	2026-10-03T16:24:40.3322556Z   gir1.2-javascriptcoregtk-4.1 gir1.2-pango-1.0 gir1.2-rsvg-2.0
desktop	Native Tauri prerequisites and approved Rust compiler	2026-10-03T16:24:40.3323425Z   gir1.2-soup-3.0 gir1.2-webkit2-4.1 glib-networking glib-networking-common
desktop	Native Tauri prerequisites and approved Rust compiler	2026-10-03T16:24:40.3324412Z   glib-networking-services gobject-introspection gobject-introspection-bin
desktop	Native Tauri prerequisites and approved Rust compiler	2026-10-03T16:24:40.3325389Z   gsettings-desktop-schemas gstreamer1.0-gl gstreamer1.0-plugins-base
desktop	Native Tauri prerequisites and approved Rust compiler	2026-10-03T16:24:40.3326349Z   gstreamer1.0-plugins-good gstreamer1.0-x libaa1 libappindicator3-1
desktop	Native Tauri prerequisites and approved Rust compiler	2026-10-03T16:24:40.3327384Z   libappindicator3-dev libasyncns0 libatk-bridge2.0-dev libatk1.0-dev
desktop	Native Tauri prerequisites and approved Rust compiler	2026-10-03T16:24:40.3328340Z   libatspi2.0-dev libavc1394-0 libblkid-dev libbrotli-dev libbz2-dev libcaca0
desktop	Native Tauri prerequisites and approved Rust compiler	2026-10-03T16:24:40.3329354Z   libcairo-script-interpreter2 libcairo2-dev libcdparanoia0 libdatrie-dev
desktop	Native Tauri prerequisites and approved Rust compiler	2026-10-03T16:24:40.3330348Z   libdbus-1-dev libdbus-glib-1-2 libdbus-glib-1-dev libdbus-glib-1-dev-bin
desktop	Native Tauri prerequisites and approved Rust compiler	2026-10-03T16:24:40.3331374Z   libdbusmenu-glib-dev libdeflate-dev libdv4t64 libegl-dev libegl-mesa0
desktop	Native Tauri prerequisites and approved Rust compiler	2026-10-03T16:24:40.3332291Z   libegl1 libegl1-mesa-dev libepoxy-dev libflac12t64 libfontconfig-dev
desktop	Native Tauri prerequisites and approved Rust compiler	2026-10-03T16:24:40.3333239Z   libfreetype-dev libfribidi-dev libgdk-pixbuf-2.0-dev libgdk-pixbuf2.0-bin
desktop	Native Tauri prerequisites and approved Rust compiler	2026-10-03T16:24:40.3334237Z   libgirepository-1.0-dev libgirepository-2.0-0 libgirepository1.0-dev
desktop	Native Tauri prerequisites and approved Rust compiler	2026-10-03T16:24:40.3335196Z   libgl-dev libgles-dev libgles1 libgles2 libglib2.0-dev libglib2.0-dev-bin
desktop	Native Tauri prerequisites and approved Rust compiler	2026-10-03T16:24:40.3336244Z   libglvnd-core-dev libglvnd-dev libglx-dev libgraphene-1.0-0 libgraphite2-dev
desktop	Native Tauri prerequisites and approved Rust compiler	2026-10-03T16:24:40.3337250Z   libgstreamer-gl1.0-0 libgstreamer-plugins-base1.0-0
desktop	Native Tauri prerequisites and approved Rust compiler	2026-10-03T16:24:40.3338304Z   libgstreamer-plugins-good1.0-0 libgtk-3-dev libharfbuzz-cairo0
desktop	Native Tauri prerequisites and approved Rust compiler	2026-10-03T16:24:40.3339163Z   libharfbuzz-dev libharfbuzz-gobject0 libharfbuzz-icu0 libharfbuzz-subset0
desktop	Native Tauri prerequisites and approved Rust compiler	2026-10-03T16:24:40.3340074Z   libhyphen0 libice-dev libiec61883-0 libjavascriptcoregtk-4.1-0
desktop	Native Tauri prerequisites and approved Rust compiler	2026-10-03T16:24:40.3340998Z   libjavascriptcoregtk-4.1-dev libjbig-dev libjpeg-dev libjpeg-turbo8-dev
desktop	Native Tauri prerequisites and approved Rust compiler	2026-10-03T16:24:40.3341926Z   libjpeg8-dev liblerc-dev liblzma-dev libmanette-0.2-0 libmount-dev
desktop	Native Tauri prerequisites and approved Rust compiler	2026-10-03T16:24:40.3342881Z   libmp3lame0 libmpg123-0t64 libnghttp2-dev libopengl-dev libopengl0 libopus0
desktop	Native Tauri prerequisites and approved Rust compiler	2026-10-03T16:24:40.3343861Z   liborc-0.4-0t64 libpango1.0-dev libpangoxft-1.0-0 libpipewire-0.3-0t64
desktop	Native Tauri prerequisites and approved Rust compiler	2026-10-03T16:24:40.3344868Z   libpipewire-0.3-common libpixman-1-dev libpng-dev libpng-tools libproxy1v5
desktop	Native Tauri prerequisites and approved Rust compiler	2026-10-03T16:24:40.3345821Z   libpsl-dev libpthread-stubs0-dev libpulse0 libraw1394-11 librsvg2-2
desktop	Native Tauri prerequisites and approved Rust compiler	2026-10-03T16:24:40.3347040Z   librsvg2-common librsvg2-dev libsecret-1-0 libsecret-common libselinux1-dev
desktop	Native Tauri prerequisites and approved Rust compiler	2026-10-03T16:24:40.3348079Z   libsepol-dev libsharpyuv-dev libshout3 libsm-dev libsndfile1 libsoup-3.0-0
desktop	Native Tauri prerequisites and approved Rust compiler	2026-10-03T16:24:40.3349055Z   libsoup-3.0-common libsoup-3.0-dev libspa-0.2-modules libspeex1
desktop	Native Tauri prerequisites and approved Rust compiler	2026-10-03T16:24:40.3349981Z   libsysprof-capture-4-dev libtag1v5 libtag1v5-vanilla libthai-dev libtheora0
desktop	Native Tauri prerequisites and approved Rust compiler	2026-10-03T16:24:40.3350892Z   libtiff-dev libtiffxx6 libtwolame0 libv4l-0t64 libv4lconvert0t64
desktop	Native Tauri prerequisites and approved Rust compiler	2026-10-03T16:24:40.3351717Z   libvisual-0.4-0 libvorbisenc2 libvpx9 libwavpack1 libwayland-bin
desktop	Native Tauri prerequisites and approved Rust compiler	2026-10-03T16:24:40.3352655Z   libwayland-dev libwayland-server0 libwebkit2gtk-4.1-0 libwebkit2gtk-4.1-dev
desktop	Native Tauri prerequisites and approved Rust compiler	2026-10-03T16:24:40.3353639Z   libwebp-dev libwebpdecoder3 libwebrtc-audio-processing1 libx11-dev
desktop	Native Tauri prerequisites and approved Rust compiler	2026-10-03T16:24:40.3354622Z   libxau-dev libxcb-render0-dev libxcb-shm0-dev libxcb1-dev libxcomposite-dev
desktop	Native Tauri prerequisites and approved Rust compiler	2026-10-03T16:24:40.3355513Z   libxcursor-dev libxdamage-dev libxdmcp-dev libxext-dev libxfixes-dev
desktop	Native Tauri prerequisites and approved Rust compiler	2026-10-03T16:24:40.3356390Z   libxft-dev libxi-dev libxinerama-dev libxkbcommon-dev libxrandr-dev
desktop	Native Tauri prerequisites and approved Rust compiler	2026-10-03T16:24:40.3357327Z   libxrender-dev libxtst-dev libxv1 pango1.0-tools python3-mako
desktop	Native Tauri prerequisites and approved Rust compiler	2026-10-03T16:24:40.3358148Z   python3-markdown session-migration uuid-dev wayland-protocols x11proto-dev
desktop	Native Tauri prerequisites and approved Rust compiler	2026-10-03T16:24:40.3359095Z   xdg-dbus-proxy xdg-desktop-portal xdg-desktop-portal-gtk xorg-sgml-doctools
desktop	Native Tauri prerequisites and approved Rust compiler	2026-10-03T16:24:40.3359774Z   xtrans-dev
desktop	Native Tauri prerequisites and approved Rust compiler	2026-10-03T16:24:40.3360254Z The following packages will be upgraded:
desktop	Native Tauri prerequisites and approved Rust compiler	2026-10-03T16:24:40.3360899Z   libgbm1 libgl1-mesa-dri libglx-mesa0 mesa-libgallium
desktop	Native Tauri prerequisites and approved Rust compiler	2026-10-03T16:24:40.3599659Z 4 upgraded, 187 newly installed, 0 to remove and 21 not upgraded.
desktop	Native Tauri prerequisites and approved Rust compiler	2026-10-03T16:24:40.3600512Z Need to get 72.9 MB of archives.
desktop	Native Tauri prerequisites and approved Rust compiler	2026-10-03T16:24:40.3601225Z After this operation, 268 MB of additional disk space will be used.
desktop	Native Tauri prerequisites and approved Rust compiler	2026-10-03T16:24:40.3602052Z Get:1 file:/etc/apt/apt-mirrors.txt Mirrorlist [144 B]
desktop	Native Tauri prerequisites and approved Rust compiler	2026-10-03T16:24:40.3952249Z Get:2 http://azure.archive.ubuntu.com/ubuntu noble-updates/main amd64 bubblewrap amd64 0.9.0-1ubuntu0.3 [50.4 kB]
desktop	Native Tauri prerequisites and approved Rust compiler	2026-10-03T16:24:40.4123073Z Get:3 http://azure.archive.ubuntu.com/ubuntu noble/main amd64 build-essential amd64 12.10ubuntu1 [4928 B]
desktop	Native Tauri prerequisites and approved Rust compiler	2026-10-03T16:24:40.4268725Z Get:4 http://azure.archive.ubuntu.com/ubuntu noble-updates/main amd64 bzip2-doc all 1.0.8-5.1ubuntu0.1 [499 kB]
desktop	Native Tauri prerequisites and approved Rust compiler	2026-10-03T16:24:40.4456974Z Get:5 http://azure.archive.ubuntu.com/ubuntu noble/main amd64 gir1.2-atk-1.0 amd64 2.52.0-1build1 [23.1 kB]
desktop	Native Tauri prerequisites and approved Rust compiler	2026-10-03T16:24:40.4601908Z Get:6 http://azure.archive.ubuntu.com/ubuntu noble/main amd64 gir1.2-freedesktop amd64 1.80.1-1 [49.7 kB]
desktop	Native Tauri prerequisites and approved Rust compiler	2026-10-03T16:24:40.4748837Z Get:7 http://azure.archive.ubuntu.com/ubuntu noble-updates/main amd64 gir1.2-gdkpixbuf-2.0 amd64 2.42.10+dfsg-3ubuntu3.3 [9482 B]
desktop	Native Tauri prerequisites and approved Rust compiler	2026-10-03T16:24:40.4892822Z Get:8 http://azure.archive.ubuntu.com/ubuntu noble/main amd64 libharfbuzz-gobject0 amd64 8.3.0-2build2 [34.3 kB]
desktop	Native Tauri prerequisites and approved Rust compiler	2026-10-03T16:24:40.5038880Z Get:9 http://azure.archive.ubuntu.com/ubuntu noble/main amd64 gir1.2-harfbuzz-0.0 amd64 8.3.0-2build2 [44.5 kB]
desktop	Native Tauri prerequisites and approved Rust compiler	2026-10-03T16:24:40.5189158Z Get:10 http://azure.archive.ubuntu.com/ubuntu noble/main amd64 libpangoxft-1.0-0 amd64 1.52.1+ds-1build1 [20.3 kB]
desktop	Native Tauri prerequisites and approved Rust compiler	2026-10-03T16:24:40.5334232Z Get:11 http://azure.archive.ubuntu.com/ubuntu noble/main amd64 gir1.2-pango-1.0 amd64 1.52.1+ds-1build1 [34.8 kB]
desktop	Native Tauri prerequisites and approved Rust compiler	2026-10-03T16:24:40.5480977Z Get:12 http://azure.archive.ubuntu.com/ubuntu noble-updates/main amd64 gir1.2-gtk-3.0 amd64 3.24.41-4ubuntu1.3 [245 kB]
desktop	Native Tauri prerequisites and approved Rust compiler	2026-10-03T16:24:40.5638576Z Get:13 http://azure.archive.ubuntu.com/ubuntu noble/universe amd64 libappindicator3-1 amd64 12.10.1+20.10.20200706.1-0ubuntu5 [23.3 kB]
desktop	Native Tauri prerequisites and approved Rust compiler	2026-10-03T16:24:40.5783830Z Get:14 http://azure.archive.ubuntu.com/ubuntu noble/universe amd64 gir1.2-appindicator3-0.1 amd64 12.10.1+20.10.20200706.1-0ubuntu5 [3520 B]
desktop	Native Tauri prerequisites and approved Rust compiler	2026-10-03T16:24:40.5927367Z Get:15 http://azure.archive.ubuntu.com/ubuntu noble/main amd64 gir1.2-atspi-2.0 amd64 2.52.0-1build1 [19.8 kB]
desktop	Native Tauri prerequisites and approved Rust compiler	2026-10-03T16:24:40.6072502Z Get:16 http://azure.archive.ubuntu.com/ubuntu noble/main amd64 gir1.2-dbusmenu-glib-0.4 amd64 18.10.20180917~bzr492+repack1-3.1ubuntu5 [7088 B]
desktop	Native Tauri prerequisites and approved Rust compiler	2026-10-03T16:24:40.6218796Z Get:17 http://azure.archive.ubuntu.com/ubuntu noble-updates/main amd64 gir1.2-glib-2.0-dev amd64 2.80.0-6ubuntu3.9 [848 kB]
desktop	Native Tauri prerequisites and approved Rust compiler	2026-10-03T16:24:40.6423043Z Get:18 http://azure.archive.ubuntu.com/ubuntu noble/main amd64 gir1.2-freedesktop-dev amd64 1.80.1-1 [28.8 kB]
desktop	Native Tauri prerequisites and approved Rust compiler	2026-10-03T16:24:40.6994843Z Get:19 http://azure.archive.ubuntu.com/ubuntu noble/main amd64 gir1.2-girepository-2.0-dev amd64 1.80.1-1 [41.5 kB]
desktop	Native Tauri prerequisites and approved Rust compiler	2026-10-03T16:24:40.7142972Z Get:20 http://azure.archive.ubuntu.com/ubuntu noble-updates/main amd64 libjavascriptcoregtk-4.1-0 amd64 2.52.6-0ubuntu0.24.04.1 [8156 kB]
desktop	Native Tauri prerequisites and approved Rust compiler	2026-10-03T16:24:40.7819359Z Get:21 http://azure.archive.ubuntu.com/ubuntu noble-updates/main amd64 gir1.2-javascriptcoregtk-4.1 amd64 2.52.6-0ubuntu0.24.04.1 [38.6 kB]
desktop	Native Tauri prerequisites and approved Rust compiler	2026-10-03T16:24:40.7967854Z Get:22 http://azure.archive.ubuntu.com/ubuntu noble/main amd64 librsvg2-2 amd64 2.58.0+dfsg-1build1 [2135 kB]
desktop	Native Tauri prerequisites and approved Rust compiler	2026-10-03T16:24:40.8255929Z Get:23 http://azure.archive.ubuntu.com/ubuntu noble/main amd64 gir1.2-rsvg-2.0 amd64 2.58.0+dfsg-1build1 [11.1 kB]
desktop	Native Tauri prerequisites and approved Rust compiler	2026-10-03T16:24:40.8399451Z Get:24 http://azure.archive.ubuntu.com/ubuntu noble/main amd64 libproxy1v5 amd64 0.5.4-4build1 [26.5 kB]
desktop	Native Tauri prerequisites and approved Rust compiler	2026-10-03T16:24:40.8547984Z Get:25 http://azure.archive.ubuntu.com/ubuntu noble/main amd64 glib-networking-common all 2.80.0-1build1 [6702 B]
desktop	Native Tauri prerequisites and approved Rust compiler	2026-10-03T16:24:40.8692619Z Get:26 http://azure.archive.ubuntu.com/ubuntu noble/main amd64 glib-networking-services amd64 2.80.0-1build1 [12.8 kB]
desktop	Native Tauri prerequisites and approved Rust compiler	2026-10-03T16:24:40.8837224Z Get:27 http://azure.archive.ubuntu.com/ubuntu noble/main amd64 session-migration amd64 0.3.9build1 [9034 B]
desktop	Native Tauri prerequisites and approved Rust compiler	2026-10-03T16:24:40.8982380Z Get:28 http://azure.archive.ubuntu.com/ubuntu noble-updates/main amd64 gsettings-desktop-schemas all 46.1-0ubuntu1 [35.6 kB]
desktop	Native Tauri prerequisites and approved Rust compiler	2026-10-03T16:24:40.9129321Z Get:29 http://azure.archive.ubuntu.com/ubuntu noble/main amd64 glib-networking amd64 2.80.0-1build1 [64.1 kB]
desktop	Native Tauri prerequisites and approved Rust compiler	2026-10-03T16:24:40.9275614Z Get:30 http://azure.archive.ubuntu.com/ubuntu noble-updates/main amd64 libsoup-3.0-common all 3.4.4-5ubuntu0.8 [11.7 kB]
desktop	Native Tauri prerequisites and approved Rust compiler	2026-10-03T16:24:40.9422034Z Get:31 http://azure.archive.ubuntu.com/ubuntu noble-updates/main amd64 libsoup-3.0-0 amd64 3.4.4-5ubuntu0.8 [290 kB]
desktop	Native Tauri prerequisites and approved Rust compiler	2026-10-03T16:24:40.9586576Z Get:32 http://azure.archive.ubuntu.com/ubuntu noble-updates/main amd64 gir1.2-soup-3.0 amd64 3.4.4-5ubuntu0.8 [22.5 kB]
desktop	Native Tauri prerequisites and approved Rust compiler	2026-10-03T16:24:40.9730984Z Get:33 http://azure.archive.ubuntu.com/ubuntu noble/main amd64 libcdparanoia0 amd64 3.10.2+debian-14build3 [48.5 kB]
desktop	Native Tauri prerequisites and approved Rust compiler	2026-10-03T16:24:40.9879501Z Get:34 http://azure.archive.ubuntu.com/ubuntu noble-updates/main amd64 liborc-0.4-0t64 amd64 1:0.4.38-1ubuntu0.1 [207 kB]
desktop	Native Tauri prerequisites and approved Rust compiler	2026-10-03T16:24:41.0042060Z Get:35 http://azure.archive.ubuntu.com/ubuntu noble-updates/main amd64 libgstreamer-plugins-base1.0-0 amd64 1.24.2-1ubuntu0.5 [862 kB]
desktop	Native Tauri prerequisites and approved Rust compiler	2026-10-03T16:24:41.0247136Z Get:36 http://azure.archive.ubuntu.com/ubuntu noble/main amd64 libopus0 amd64 1.4-1build1 [208 kB]
desktop	Native Tauri prerequisites and approved Rust compiler	2026-10-03T16:24:41.0836411Z Get:37 http://azure.archive.ubuntu.com/ubuntu noble/main amd64 libtheora0 amd64 1.1.1+dfsg.1-16.1build3 [211 kB]
desktop	Native Tauri prerequisites and approved Rust compiler	2026-10-03T16:24:41.0993833Z Get:38 http://azure.archive.ubuntu.com/ubuntu noble/main amd64 libvisual-0.4-0 amd64 0.4.2-2build1 [115 kB]
desktop	Native Tauri prerequisites and approved Rust compiler	2026-10-03T16:24:41.1146563Z Get:39 http://azure.archive.ubuntu.com/ubuntu noble/main amd64 libvorbisenc2 amd64 1.3.7-1build3 [80.8 kB]
desktop	Native Tauri prerequisites and approved Rust compiler	2026-10-03T16:24:41.1295730Z Get:40 http://azure.archive.ubuntu.com/ubuntu noble-updates/main amd64 gstreamer1.0-plugins-base amd64 1.24.2-1ubuntu0.5 [721 kB]
desktop	Native Tauri prerequisites and approved Rust compiler	2026-10-03T16:24:41.1492810Z Get:41 http://azure.archive.ubuntu.com/ubuntu noble/main amd64 libaa1 amd64 1.4p5-51.1 [49.9 kB]
desktop	Native Tauri prerequisites and approved Rust compiler	2026-10-03T16:24:41.1639588Z Get:42 http://azure.archive.ubuntu.com/ubuntu noble/main amd64 libraw1394-11 amd64 2.1.2-2build3 [26.2 kB]
desktop	Native Tauri prerequisites and approved Rust compiler	2026-10-03T16:24:41.1785593Z Get:43 http://azure.archive.ubuntu.com/ubuntu noble/main amd64 libavc1394-0 amd64 0.5.4-5build3 [15.4 kB]
desktop	Native Tauri prerequisites and approved Rust compiler	2026-10-03T16:24:41.1932416Z Get:44 http://azure.archive.ubuntu.com/ubuntu noble-updates/main amd64 libcaca0 amd64 0.99.beta20-4ubuntu0.2 [209 kB]
desktop	Native Tauri prerequisites and approved Rust compiler	2026-10-03T16:24:41.2093572Z Get:45 http://azure.archive.ubuntu.com/ubuntu noble/main amd64 libdv4t64 amd64 1.0.0-17.1build1 [63.2 kB]
desktop	Native Tauri prerequisites and approved Rust compiler	2026-10-03T16:24:41.2244036Z Get:46 http://azure.archive.ubuntu.com/ubuntu noble/main amd64 libflac12t64 amd64 1.4.3+ds-2.1ubuntu2 [197 kB]
desktop	Native Tauri prerequisites and approved Rust compiler	2026-10-03T16:24:41.2405543Z Get:47 http://azure.archive.ubuntu.com/ubuntu noble-updates/main amd64 libgstreamer-plugins-good1.0-0 amd64 1.24.2-1ubuntu1.8 [34.3 kB]
desktop	Native Tauri prerequisites and approved Rust compiler	2026-10-03T16:24:41.2553861Z Get:48 http://azure.archive.ubuntu.com/ubuntu noble/main amd64 libiec61883-0 amd64 1.2.0-6build1 [24.5 kB]
desktop	Native Tauri prerequisites and approved Rust compiler	2026-10-03T16:24:41.2700922Z Get:49 http://azure.archive.ubuntu.com/ubuntu noble/main amd64 libmp3lame0 amd64 3.100-6build1 [142 kB]
desktop	Native Tauri prerequisites and approved Rust compiler	2026-10-03T16:24:41.2859275Z Get:50 http://azure.archive.ubuntu.com/ubuntu noble-updates/main amd64 libmpg123-0t64 amd64 1.32.5-1ubuntu1.1 [169 kB]
desktop	Native Tauri prerequisites and approved Rust compiler	2026-10-03T16:24:41.3016516Z Get:51 http://azure.archive.ubuntu.com/ubuntu noble/main amd64 libasyncns0 amd64 0.8-6build4 [11.3 kB]
desktop	Native Tauri prerequisites and approved Rust compiler	2026-10-03T16:24:41.3164530Z Get:52 http://azure.archive.ubuntu.com/ubuntu noble-updates/main amd64 libsndfile1 amd64 1.2.2-1ubuntu5.24.04.1 [209 kB]
desktop	Native Tauri prerequisites and approved Rust compiler	2026-10-03T16:24:41.3323952Z Get:53 http://azure.archive.ubuntu.com/ubuntu noble-updates/main amd64 libpulse0 amd64 1:16.1+dfsg1-2ubuntu10.1 [292 kB]
desktop	Native Tauri prerequisites and approved Rust compiler	2026-10-03T16:24:41.3490863Z Get:54 http://azure.archive.ubuntu.com/ubuntu noble-updates/main amd64 libspeex1 amd64 1.2.1-2ubuntu2.24.04.1 [59.6 kB]
desktop	Native Tauri prerequisites and approved Rust compiler	2026-10-03T16:24:41.3639845Z Get:55 http://azure.archive.ubuntu.com/ubuntu noble/main amd64 libshout3 amd64 2.4.6-1build2 [50.3 kB]
desktop	Native Tauri prerequisites and approved Rust compiler	2026-10-03T16:24:41.4237460Z Get:56 http://azure.archive.ubuntu.com/ubuntu noble/main amd64 libtag1v5-vanilla amd64 1.13.1-1build1 [326 kB]
desktop	Native Tauri prerequisites and approved Rust compiler	2026-10-03T16:24:41.4403704Z Get:57 http://azure.archive.ubuntu.com/ubuntu noble/main amd64 libtag1v5 amd64 1.13.1-1build1 [11.7 kB]
desktop	Native Tauri prerequisites and approved Rust compiler	2026-10-03T16:24:41.4549035Z Get:58 http://azure.archive.ubuntu.com/ubuntu noble/main amd64 libtwolame0 amd64 0.4.0-2build3 [52.3 kB]
desktop	Native Tauri prerequisites and approved Rust compiler	2026-10-03T16:24:41.4697738Z Get:59 http://azure.archive.ubuntu.com/ubuntu noble/main amd64 libv4lconvert0t64 amd64 1.26.1-4build3 [87.6 kB]
desktop	Native Tauri prerequisites and approved Rust compiler	2026-10-03T16:24:41.4848431Z Get:60 http://azure.archive.ubuntu.com/ubuntu noble/main amd64 libv4l-0t64 amd64 1.26.1-4build3 [46.9 kB]
desktop	Native Tauri prerequisites and approved Rust compiler	2026-10-03T16:24:41.4998349Z Get:61 http://azure.archive.ubuntu.com/ubuntu noble-updates/main amd64 libvpx9 amd64 1.14.0-1ubuntu2.3 [1143 kB]
desktop	Native Tauri prerequisites and approved Rust compiler	2026-10-03T16:24:41.5228785Z Get:62 http://azure.archive.ubuntu.com/ubuntu noble/main amd64 libwavpack1 amd64 5.6.0-1build1 [84.6 kB]
desktop	Native Tauri prerequisites and approved Rust compiler	2026-10-03T16:24:41.5380300Z Get:63 http://azure.archive.ubuntu.com/ubuntu noble-updates/main amd64 gstreamer1.0-plugins-good amd64 1.24.2-1ubuntu1.8 [2236 kB]
desktop	Native Tauri prerequisites and approved Rust compiler	2026-10-03T16:24:41.5658294Z Get:64 http://azure.archive.ubuntu.com/ubuntu noble/main amd64 libgles2 amd64 1.7.0-1build1 [17.1 kB]
desktop	Native Tauri prerequisites and approved Rust compiler	2026-10-03T16:24:41.5801908Z Get:65 http://azure.archive.ubuntu.com/ubuntu noble-updates/main amd64 xdg-dbus-proxy amd64 0.1.5-1ubuntu0.2 [26.4 kB]
desktop	Native Tauri prerequisites and approved Rust compiler	2026-10-03T16:24:41.5945321Z Get:66 http://azure.archive.ubuntu.com/ubuntu noble-updates/main amd64 libgl1-mesa-dri amd64 25.2.8-0ubuntu0.24.04.4 [38.0 kB]
desktop	Native Tauri prerequisites and approved Rust compiler	2026-10-03T16:24:41.6093348Z Get:67 http://azure.archive.ubuntu.com/ubuntu noble-updates/main amd64 libglx-mesa0 amd64 25.2.8-0ubuntu0.24.04.4 [110 kB]
desktop	Native Tauri prerequisites and approved Rust compiler	2026-10-03T16:24:41.6244982Z Get:68 http://azure.archive.ubuntu.com/ubuntu noble-updates/main amd64 libgbm1 amd64 25.2.8-0ubuntu0.24.04.4 [34.2 kB]
desktop	Native Tauri prerequisites and approved Rust compiler	2026-10-03T16:24:41.6393657Z Get:69 http://azure.archive.ubuntu.com/ubuntu noble-updates/main amd64 mesa-libgallium amd64 25.2.8-0ubuntu0.24.04.4 [10.8 MB]
desktop	Native Tauri prerequisites and approved Rust compiler	2026-10-03T16:24:41.7208042Z Get:70 http://azure.archive.ubuntu.com/ubuntu noble-updates/main amd64 libegl-mesa0 amd64 25.2.8-0ubuntu0.24.04.4 [117 kB]
desktop	Native Tauri prerequisites and approved Rust compiler	2026-10-03T16:24:41.7358101Z Get:71 http://azure.archive.ubuntu.com/ubuntu noble/main amd64 libegl1 amd64 1.7.0-1build1 [28.7 kB]
desktop	Native Tauri prerequisites and approved Rust compiler	2026-10-03T16:24:41.7505269Z Get:72 http://azure.archive.ubuntu.com/ubuntu noble-updates/main amd64 libgstreamer-gl1.0-0 amd64 1.24.2-1ubuntu0.5 [214 kB]
desktop	Native Tauri prerequisites and approved Rust compiler	2026-10-03T16:24:41.7659983Z Get:73 http://azure.archive.ubuntu.com/ubuntu noble/main amd64 libharfbuzz-icu0 amd64 8.3.0-2build2 [13.3 kB]
desktop	Native Tauri prerequisites and approved Rust compiler	2026-10-03T16:24:41.7803702Z Get:74 http://azure.archive.ubuntu.com/ubuntu noble/main amd64 libhyphen0 amd64 2.8.8-7build3 [26.5 kB]
desktop	Native Tauri prerequisites and approved Rust compiler	2026-10-03T16:24:41.8395284Z Get:75 http://azure.archive.ubuntu.com/ubuntu noble/main amd64 libmanette-0.2-0 amd64 0.2.7-1build2 [30.6 kB]
desktop	Native Tauri prerequisites and approved Rust compiler	2026-10-03T16:24:41.8548513Z Get:76 http://azure.archive.ubuntu.com/ubuntu noble/main amd64 libsecret-common all 0.21.4-1build3 [4962 B]
desktop	Native Tauri prerequisites and approved Rust compiler	2026-10-03T16:24:41.8696280Z Get:77 http://azure.archive.ubuntu.com/ubuntu noble/main amd64 libsecret-1-0 amd64 0.21.4-1build3 [116 kB]
desktop	Native Tauri prerequisites and approved Rust compiler	2026-10-03T16:24:41.8848295Z Get:78 http://azure.archive.ubuntu.com/ubuntu noble/main amd64 libwayland-server0 amd64 1.22.0-2.1build1 [33.9 kB]
desktop	Native Tauri prerequisites and approved Rust compiler	2026-10-03T16:24:41.8995159Z Get:79 http://azure.archive.ubuntu.com/ubuntu noble-updates/main amd64 libwebkit2gtk-4.1-0 amd64 2.52.6-0ubuntu0.24.04.1 [25.5 MB]
desktop	Native Tauri prerequisites and approved Rust compiler	2026-10-03T16:24:42.1851160Z Get:80 http://azure.archive.ubuntu.com/ubuntu noble-updates/main amd64 gir1.2-webkit2-4.1 amd64 2.52.6-0ubuntu0.24.04.1 [105 kB]
desktop	Native Tauri prerequisites and approved Rust compiler	2026-10-03T16:24:42.2008258Z Get:81 http://azure.archive.ubuntu.com/ubuntu noble-updates/main amd64 python3-mako all 1.3.2-1ubuntu0.1 [63.4 kB]
desktop	Native Tauri prerequisites and approved Rust compiler	2026-10-03T16:24:42.2156898Z Get:82 http://azure.archive.ubuntu.com/ubuntu noble/main amd64 python3-markdown all 3.5.2-1 [72.0 kB]
desktop	Native Tauri prerequisites and approved Rust compiler	2026-10-03T16:24:42.2307211Z Get:83 http://azure.archive.ubuntu.com/ubuntu noble/main amd64 gobject-introspection-bin amd64 1.80.1-1 [254 kB]
desktop	Native Tauri prerequisites and approved Rust compiler	2026-10-03T16:24:42.2468393Z Get:84 http://azure.archive.ubuntu.com/ubuntu noble-updates/main amd64 libglib2.0-dev-bin amd64 2.80.0-6ubuntu3.9 [138 kB]
desktop	Native Tauri prerequisites and approved Rust compiler	2026-10-03T16:24:42.2623862Z Get:85 http://azure.archive.ubuntu.com/ubuntu noble-updates/main amd64 uuid-dev amd64 2.39.3-9ubuntu6.6 [33.5 kB]
desktop	Native Tauri prerequisites and approved Rust compiler	2026-10-03T16:24:42.2789460Z Get:86 http://azure.archive.ubuntu.com/ubuntu noble-updates/main amd64 libblkid-dev amd64 2.39.3-9ubuntu6.6 [205 kB]
desktop	Native Tauri prerequisites and approved Rust compiler	2026-10-03T16:24:42.2947276Z Get:87 http://azure.archive.ubuntu.com/ubuntu noble/main amd64 libsepol-dev amd64 3.5-2build1 [384 kB]
desktop	Native Tauri prerequisites and approved Rust compiler	2026-10-03T16:24:42.3116625Z Get:88 http://azure.archive.ubuntu.com/ubuntu noble-updates/main amd64 libselinux1-dev amd64 3.5-2ubuntu2.1 [164 kB]
desktop	Native Tauri prerequisites and approved Rust compiler	2026-10-03T16:24:42.3272868Z Get:89 http://azure.archive.ubuntu.com/ubuntu noble-updates/main amd64 libmount-dev amd64 2.39.3-9ubuntu6.6 [14.9 kB]
desktop	Native Tauri prerequisites and approved Rust compiler	2026-10-03T16:24:42.3421144Z Get:90 http://azure.archive.ubuntu.com/ubuntu noble-updates/main amd64 libgirepository-2.0-0 amd64 2.80.0-6ubuntu3.9 [73.5 kB]
desktop	Native Tauri prerequisites and approved Rust compiler	2026-10-03T16:24:42.3573070Z Get:91 http://azure.archive.ubuntu.com/ubuntu noble-updates/main amd64 libglib2.0-dev amd64 2.80.0-6ubuntu3.9 [1860 kB]
desktop	Native Tauri prerequisites and approved Rust compiler	2026-10-03T16:24:42.3831388Z Get:92 http://azure.archive.ubuntu.com/ubuntu noble/main amd64 gobject-introspection amd64 1.80.1-1 [105 kB]
desktop	Native Tauri prerequisites and approved Rust compiler	2026-10-03T16:24:42.4394879Z Get:93 http://azure.archive.ubuntu.com/ubuntu noble/main amd64 libgraphene-1.0-0 amd64 1.10.8-3build2 [46.2 kB]
desktop	Native Tauri prerequisites and approved Rust compiler	2026-10-03T16:24:42.4545756Z Get:94 http://azure.archive.ubuntu.com/ubuntu noble-updates/main amd64 gstreamer1.0-gl amd64 1.24.2-1ubuntu0.5 [116 kB]
desktop	Native Tauri prerequisites and approved Rust compiler	2026-10-03T16:24:42.4698294Z Get:95 http://azure.archive.ubuntu.com/ubuntu noble/main amd64 libxv1 amd64 2:1.0.11-1.1build1 [10.7 kB]
desktop	Native Tauri prerequisites and approved Rust compiler	2026-10-03T16:24:42.4844109Z Get:96 http://azure.archive.ubuntu.com/ubuntu noble-updates/main amd64 gstreamer1.0-x amd64 1.24.2-1ubuntu0.5 [85.1 kB]
desktop	Native Tauri prerequisites and approved Rust compiler	2026-10-03T16:24:42.5040475Z Get:97 http://azure.archive.ubuntu.com/ubuntu noble/main amd64 libdbusmenu-glib-dev amd64 18.10.20180917~bzr492+repack1-3.1ubuntu5 [70.6 kB]
desktop	Native Tauri prerequisites and approved Rust compiler	2026-10-03T16:24:42.5189348Z Get:98 http://azure.archive.ubuntu.com/ubuntu noble-updates/main amd64 libdbus-1-dev amd64 1.14.10-4ubuntu4.1 [190 kB]
desktop	Native Tauri prerequisites and approved Rust compiler	2026-10-03T16:24:42.5349298Z Get:99 http://azure.archive.ubuntu.com/ubuntu noble/main amd64 libdbus-glib-1-2 amd64 0.112-3build2 [64.2 kB]
desktop	Native Tauri prerequisites and approved Rust compiler	2026-10-03T16:24:42.5499431Z Get:100 http://azure.archive.ubuntu.com/ubuntu noble/universe amd64 libdbus-glib-1-dev-bin amd64 0.112-3build2 [43.5 kB]
desktop	Native Tauri prerequisites and approved Rust compiler	2026-10-03T16:24:42.5647790Z Get:101 http://azure.archive.ubuntu.com/ubuntu noble/universe amd64 libdbus-glib-1-dev amd64 0.112-3build2 [81.2 kB]
desktop	Native Tauri prerequisites and approved Rust compiler	2026-10-03T16:24:42.5799616Z Get:102 http://azure.archive.ubuntu.com/ubuntu noble/main amd64 libatk1.0-dev amd64 2.52.0-1build1 [100 kB]
desktop	Native Tauri prerequisites and approved Rust compiler	2026-10-03T16:24:42.5973960Z Get:103 http://azure.archive.ubuntu.com/ubuntu noble/main amd64 xorg-sgml-doctools all 1:1.11-1.1 [10.9 kB]
desktop	Native Tauri prerequisites and approved Rust compiler	2026-10-03T16:24:42.6123072Z Get:104 http://azure.archive.ubuntu.com/ubuntu noble/main amd64 x11proto-dev all 2023.2-1 [602 kB]
desktop	Native Tauri prerequisites and approved Rust compiler	2026-10-03T16:24:42.6346462Z Get:105 http://azure.archive.ubuntu.com/ubuntu noble/main amd64 libxau-dev amd64 1:1.0.9-1build6 [9570 B]
desktop	Native Tauri prerequisites and approved Rust compiler	2026-10-03T16:24:42.6500432Z Get:106 http://azure.archive.ubuntu.com/ubuntu noble/main amd64 libxdmcp-dev amd64 1:1.1.3-0ubuntu6 [26.5 kB]
desktop	Native Tauri prerequisites and approved Rust compiler	2026-10-03T16:24:42.6649128Z Get:107 http://azure.archive.ubuntu.com/ubuntu noble/main amd64 xtrans-dev all 1.4.0-1 [68.9 kB]
desktop	Native Tauri prerequisites and approved Rust compiler	2026-10-03T16:24:42.6805052Z Get:108 http://azure.archive.ubuntu.com/ubuntu noble/main amd64 libpthread-stubs0-dev amd64 0.4-1build3 [4746 B]
desktop	Native Tauri prerequisites and approved Rust compiler	2026-10-03T16:24:42.6951937Z Get:109 http://azure.archive.ubuntu.com/ubuntu noble/main amd64 libxcb1-dev amd64 1.15-1ubuntu2 [85.8 kB]
desktop	Native Tauri prerequisites and approved Rust compiler	2026-10-03T16:24:42.7109877Z Get:110 http://azure.archive.ubuntu.com/ubuntu noble/main amd64 libx11-dev amd64 2:1.8.7-1build1 [732 kB]
desktop	Native Tauri prerequisites and approved Rust compiler	2026-10-03T16:24:42.7406872Z Get:111 http://azure.archive.ubuntu.com/ubuntu noble/main amd64 libxext-dev amd64 2:1.3.4-1build2 [83.5 kB]
desktop	Native Tauri prerequisites and approved Rust compiler	2026-10-03T16:24:42.7559897Z Get:112 http://azure.archive.ubuntu.com/ubuntu noble/main amd64 libxfixes-dev amd64 1:6.0.0-2build1 [12.1 kB]
desktop	Native Tauri prerequisites and approved Rust compiler	2026-10-03T16:24:42.7709210Z Get:113 http://azure.archive.ubuntu.com/ubuntu noble/main amd64 libxi-dev amd64 2:1.8.1-1build1 [194 kB]
desktop	Native Tauri prerequisites and approved Rust compiler	2026-10-03T16:24:42.7868481Z Get:114 http://azure.archive.ubuntu.com/ubuntu noble/main amd64 libxtst-dev amd64 2:1.2.3-1.1build1 [15.9 kB]
desktop	Native Tauri prerequisites and approved Rust compiler	2026-10-03T16:24:42.8025646Z Get:115 http://azure.archive.ubuntu.com/ubuntu noble/main amd64 libatspi2.0-dev amd64 2.52.0-1build1 [76.2 kB]
desktop	Native Tauri prerequisites and approved Rust compiler	2026-10-03T16:24:42.8177510Z Get:116 http://azure.archive.ubuntu.com/ubuntu noble/main amd64 libatk-bridge2.0-dev amd64 2.52.0-1build1 [4284 B]
desktop	Native Tauri prerequisites and approved Rust compiler	2026-10-03T16:24:42.8324084Z Get:117 http://azure.archive.ubuntu.com/ubuntu noble/main amd64 libcairo-script-interpreter2 amd64 1.18.0-3build1 [60.3 kB]
desktop	Native Tauri prerequisites and approved Rust compiler	2026-10-03T16:24:42.8474417Z Get:118 http://azure.archive.ubuntu.com/ubuntu noble/main amd64 libbrotli-dev amd64 1.1.0-2build2 [353 kB]
desktop	Native Tauri prerequisites and approved Rust compiler	2026-10-03T16:24:42.8646518Z Get:119 http://azure.archive.ubuntu.com/ubuntu noble-updates/main amd64 libbz2-dev amd64 1.0.8-5.1ubuntu0.1 [33.6 kB]
desktop	Native Tauri prerequisites and approved Rust compiler	2026-10-03T16:24:42.8796029Z Get:120 http://azure.archive.ubuntu.com/ubuntu noble-updates/main amd64 libpng-dev amd64 1.6.43-5ubuntu0.6 [265 kB]
desktop	Native Tauri prerequisites and approved Rust compiler	2026-10-03T16:24:42.9378219Z Get:121 http://azure.archive.ubuntu.com/ubuntu noble-updates/main amd64 libfreetype-dev amd64 2.13.2+dfsg-1ubuntu0.1 [575 kB]
desktop	Native Tauri prerequisites and approved Rust compiler	2026-10-03T16:24:42.9560282Z Get:122 http://azure.archive.ubuntu.com/ubuntu noble/main amd64 libfontconfig-dev amd64 2.15.0-1.1ubuntu2 [161 kB]
desktop	Native Tauri prerequisites and approved Rust compiler	2026-10-03T16:24:42.9716840Z Get:123 http://azure.archive.ubuntu.com/ubuntu noble/main amd64 libpixman-1-dev amd64 0.42.2-1build1 [296 kB]
desktop	Native Tauri prerequisites and approved Rust compiler	2026-10-03T16:24:42.9884215Z Get:124 http://azure.archive.ubuntu.com/ubuntu noble/main amd64 libice-dev amd64 2:1.0.10-1build3 [51.0 kB]
desktop	Native Tauri prerequisites and approved Rust compiler	2026-10-03T16:24:43.0034262Z Get:125 http://azure.archive.ubuntu.com/ubuntu noble/main amd64 libsm-dev amd64 2:1.2.3-1build3 [17.8 kB]
desktop	Native Tauri prerequisites and approved Rust compiler	2026-10-03T16:24:43.0181958Z Get:126 http://azure.archive.ubuntu.com/ubuntu noble/main amd64 libxcb-render0-dev amd64 1.15-1ubuntu2 [19.6 kB]
desktop	Native Tauri prerequisites and approved Rust compiler	2026-10-03T16:24:43.0331593Z Get:127 http://azure.archive.ubuntu.com/ubuntu noble/main amd64 libxcb-shm0-dev amd64 1.15-1ubuntu2 [8246 B]
desktop	Native Tauri prerequisites and approved Rust compiler	2026-10-03T16:24:43.0479386Z Get:128 http://azure.archive.ubuntu.com/ubuntu noble/main amd64 libxrender-dev amd64 1:0.9.10-1.1build1 [26.3 kB]
desktop	Native Tauri prerequisites and approved Rust compiler	2026-10-03T16:24:43.0629031Z Get:129 http://azure.archive.ubuntu.com/ubuntu noble/main amd64 libcairo2-dev amd64 1.18.0-3build1 [41.1 kB]
desktop	Native Tauri prerequisites and approved Rust compiler	2026-10-03T16:24:43.0778779Z Get:130 http://azure.archive.ubuntu.com/ubuntu noble/main amd64 libglx-dev amd64 1.7.0-1build1 [14.2 kB]
desktop	Native Tauri prerequisites and approved Rust compiler	2026-10-03T16:24:43.0928571Z Get:131 http://azure.archive.ubuntu.com/ubuntu noble/main amd64 libgl-dev amd64 1.7.0-1build1 [102 kB]
desktop	Native Tauri prerequisites and approved Rust compiler	2026-10-03T16:24:43.1081172Z Get:132 http://azure.archive.ubuntu.com/ubuntu noble/main amd64 libegl-dev amd64 1.7.0-1build1 [18.2 kB]
desktop	Native Tauri prerequisites and approved Rust compiler	2026-10-03T16:24:43.1229259Z Get:133 http://azure.archive.ubuntu.com/ubuntu noble/main amd64 libglvnd-core-dev amd64 1.7.0-1build1 [13.6 kB]
desktop	Native Tauri prerequisites and approved Rust compiler	2026-10-03T16:24:43.1418518Z Get:134 http://azure.archive.ubuntu.com/ubuntu noble/main amd64 libgles1 amd64 1.7.0-1build1 [11.6 kB]
desktop	Native Tauri prerequisites and approved Rust compiler	2026-10-03T16:24:43.1567631Z Get:135 http://azure.archive.ubuntu.com/ubuntu noble/main amd64 libgles-dev amd64 1.7.0-1build1 [50.5 kB]
desktop	Native Tauri prerequisites and approved Rust compiler	2026-10-03T16:24:43.1715650Z Get:136 http://azure.archive.ubuntu.com/ubuntu noble/main amd64 libopengl0 amd64 1.7.0-1build1 [32.8 kB]
desktop	Native Tauri prerequisites and approved Rust compiler	2026-10-03T16:24:43.1864504Z Get:137 http://azure.archive.ubuntu.com/ubuntu noble/main amd64 libopengl-dev amd64 1.7.0-1build1 [3454 B]
desktop	Native Tauri prerequisites and approved Rust compiler	2026-10-03T16:24:43.2010550Z Get:138 http://azure.archive.ubuntu.com/ubuntu noble/main amd64 libglvnd-dev amd64 1.7.0-1build1 [3198 B]
desktop	Native Tauri prerequisites and approved Rust compiler	2026-10-03T16:24:43.2157172Z Get:139 http://azure.archive.ubuntu.com/ubuntu noble-updates/main amd64 libegl1-mesa-dev amd64 25.2.8-0ubuntu0.24.04.4 [26.8 kB]
desktop	Native Tauri prerequisites and approved Rust compiler	2026-10-03T16:24:43.2738140Z Get:140 http://azure.archive.ubuntu.com/ubuntu noble/main amd64 libepoxy-dev amd64 1.5.10-1build1 [132 kB]
desktop	Native Tauri prerequisites and approved Rust compiler	2026-10-03T16:24:43.2893860Z Get:141 http://azure.archive.ubuntu.com/ubuntu noble/main amd64 libfribidi-dev amd64 1.0.13-3build1 [64.8 kB]
desktop	Native Tauri prerequisites and approved Rust compiler	2026-10-03T16:24:43.3045479Z Get:142 http://azure.archive.ubuntu.com/ubuntu noble-updates/main amd64 libgdk-pixbuf2.0-bin amd64 2.42.10+dfsg-3ubuntu3.3 [13.9 kB]
desktop	Native Tauri prerequisites and approved Rust compiler	2026-10-03T16:24:43.3193194Z Get:143 http://azure.archive.ubuntu.com/ubuntu noble/main amd64 libjpeg-turbo8-dev amd64 2.1.5-2ubuntu2 [295 kB]
desktop	Native Tauri prerequisites and approved Rust compiler	2026-10-03T16:24:43.3359290Z Get:144 http://azure.archive.ubuntu.com/ubuntu noble/main amd64 libjpeg8-dev amd64 8c-2ubuntu11 [1484 B]
desktop	Native Tauri prerequisites and approved Rust compiler	2026-10-03T16:24:43.3505437Z Get:145 http://azure.archive.ubuntu.com/ubuntu noble/main amd64 libjpeg-dev amd64 8c-2ubuntu11 [1482 B]
desktop	Native Tauri prerequisites and approved Rust compiler	2026-10-03T16:24:43.3653125Z Get:146 http://azure.archive.ubuntu.com/ubuntu noble/main amd64 libjbig-dev amd64 2.1-6.1ubuntu2 [27.9 kB]
desktop	Native Tauri prerequisites and approved Rust compiler	2026-10-03T16:24:43.3803188Z Get:147 http://azure.archive.ubuntu.com/ubuntu noble-updates/main amd64 liblzma-dev amd64 5.6.1+really5.4.5-1ubuntu0.3 [176 kB]
desktop	Native Tauri prerequisites and approved Rust compiler	2026-10-03T16:24:43.3966667Z Get:148 http://azure.archive.ubuntu.com/ubuntu noble/main amd64 libwebpdecoder3 amd64 1.3.2-0.4build3 [114 kB]
desktop	Native Tauri prerequisites and approved Rust compiler	2026-10-03T16:24:43.4121173Z Get:149 http://azure.archive.ubuntu.com/ubuntu noble/main amd64 libsharpyuv-dev amd64 1.3.2-0.4build3 [16.0 kB]
desktop	Native Tauri prerequisites and approved Rust compiler	2026-10-03T16:24:43.4270555Z Get:150 http://azure.archive.ubuntu.com/ubuntu noble/main amd64 libwebp-dev amd64 1.3.2-0.4build3 [367 kB]
desktop	Native Tauri prerequisites and approved Rust compiler	2026-10-03T16:24:43.4440010Z Get:151 http://azure.archive.ubuntu.com/ubuntu noble-updates/main amd64 libtiffxx6 amd64 4.5.1+git230720-4ubuntu2.5 [5642 B]
desktop	Native Tauri prerequisites and approved Rust compiler	2026-10-03T16:24:43.4586137Z Get:152 http://azure.archive.ubuntu.com/ubuntu noble-updates/main amd64 libdeflate-dev amd64 1.19-1build1.1 [50.9 kB]
desktop	Native Tauri prerequisites and approved Rust compiler	2026-10-03T16:24:43.4737567Z Get:153 http://azure.archive.ubuntu.com/ubuntu noble/main amd64 liblerc-dev amd64 4.0.0+ds-4ubuntu2 [182 kB]
desktop	Native Tauri prerequisites and approved Rust compiler	2026-10-03T16:24:43.4900807Z Get:154 http://azure.archive.ubuntu.com/ubuntu noble-updates/main amd64 libtiff-dev amd64 4.5.1+git230720-4ubuntu2.5 [338 kB]
desktop	Native Tauri prerequisites and approved Rust compiler	2026-10-03T16:24:43.5067631Z Get:155 http://azure.archive.ubuntu.com/ubuntu noble-updates/main amd64 libgdk-pixbuf-2.0-dev amd64 2.42.10+dfsg-3ubuntu3.3 [47.9 kB]
desktop	Native Tauri prerequisites and approved Rust compiler	2026-10-03T16:24:43.5218793Z Get:156 http://azure.archive.ubuntu.com/ubuntu noble/main amd64 libharfbuzz-subset0 amd64 8.3.0-2build2 [448 kB]
desktop	Native Tauri prerequisites and approved Rust compiler	2026-10-03T16:24:43.5394556Z Get:157 http://azure.archive.ubuntu.com/ubuntu noble/main amd64 libharfbuzz-cairo0 amd64 8.3.0-2build2 [26.2 kB]
desktop	Native Tauri prerequisites and approved Rust compiler	2026-10-03T16:24:43.5543253Z Get:158 http://azure.archive.ubuntu.com/ubuntu noble-updates/main amd64 libgraphite2-dev amd64 1.3.14-2ubuntu0.24.04.1 [14.7 kB]
desktop	Native Tauri prerequisites and approved Rust compiler	2026-10-03T16:24:43.6137499Z Get:159 http://azure.archive.ubuntu.com/ubuntu noble/main amd64 libharfbuzz-dev amd64 8.3.0-2build2 [142 kB]
desktop	Native Tauri prerequisites and approved Rust compiler	2026-10-03T16:24:43.6292240Z Get:160 http://azure.archive.ubuntu.com/ubuntu noble/main amd64 libdatrie-dev amd64 0.2.13-3build1 [19.4 kB]
desktop	Native Tauri prerequisites and approved Rust compiler	2026-10-03T16:24:43.6441062Z Get:161 http://azure.archive.ubuntu.com/ubuntu noble/main amd64 libthai-dev amd64 0.1.29-2build1 [26.6 kB]
desktop	Native Tauri prerequisites and approved Rust compiler	2026-10-03T16:24:43.6593654Z Get:162 http://azure.archive.ubuntu.com/ubuntu noble/main amd64 libxft-dev amd64 2.3.6-1build1 [64.3 kB]
desktop	Native Tauri prerequisites and approved Rust compiler	2026-10-03T16:24:43.6759880Z Get:163 http://azure.archive.ubuntu.com/ubuntu noble/main amd64 pango1.0-tools amd64 1.52.1+ds-1build1 [36.7 kB]
desktop	Native Tauri prerequisites and approved Rust compiler	2026-10-03T16:24:43.6910475Z Get:164 http://azure.archive.ubuntu.com/ubuntu noble/main amd64 libpango1.0-dev amd64 1.52.1+ds-1build1 [147 kB]
desktop	Native Tauri prerequisites and approved Rust compiler	2026-10-03T16:24:43.7067341Z Get:165 http://azure.archive.ubuntu.com/ubuntu noble/main amd64 libwayland-bin amd64 1.22.0-2.1build1 [20.6 kB]
desktop	Native Tauri prerequisites and approved Rust compiler	2026-10-03T16:24:43.7215431Z Get:166 http://azure.archive.ubuntu.com/ubuntu noble/main amd64 libwayland-dev amd64 1.22.0-2.1build1 [71.3 kB]
desktop	Native Tauri prerequisites and approved Rust compiler	2026-10-03T16:24:43.7367586Z Get:167 http://azure.archive.ubuntu.com/ubuntu noble/main amd64 libxcomposite-dev amd64 1:0.4.5-1build3 [9374 B]
desktop	Native Tauri prerequisites and approved Rust compiler	2026-10-03T16:24:43.7515198Z Get:168 http://azure.archive.ubuntu.com/ubuntu noble/main amd64 libxcursor-dev amd64 1:1.2.1-1build1 [31.8 kB]
desktop	Native Tauri prerequisites and approved Rust compiler	2026-10-03T16:24:43.7663051Z Get:169 http://azure.archive.ubuntu.com/ubuntu noble/main amd64 libxdamage-dev amd64 1:1.1.6-1build1 [5270 B]
desktop	Native Tauri prerequisites and approved Rust compiler	2026-10-03T16:24:43.7809151Z Get:170 http://azure.archive.ubuntu.com/ubuntu noble/main amd64 libxinerama-dev amd64 2:1.1.4-3build1 [7988 B]
desktop	Native Tauri prerequisites and approved Rust compiler	2026-10-03T16:24:43.7956386Z Get:171 http://azure.archive.ubuntu.com/ubuntu noble/main amd64 libxkbcommon-dev amd64 1.6.0-1build1 [56.3 kB]
desktop	Native Tauri prerequisites and approved Rust compiler	2026-10-03T16:24:43.8109150Z Get:172 http://azure.archive.ubuntu.com/ubuntu noble/main amd64 libxrandr-dev amd64 2:1.5.2-2build1 [26.4 kB]
desktop	Native Tauri prerequisites and approved Rust compiler	2026-10-03T16:24:43.8257444Z Get:173 http://azure.archive.ubuntu.com/ubuntu noble-updates/main amd64 wayland-protocols all 1.45-1~ubuntu0.24.04.2 [114 kB]
desktop	Native Tauri prerequisites and approved Rust compiler	2026-10-03T16:24:43.8411587Z Get:174 http://azure.archive.ubuntu.com/ubuntu noble-updates/main amd64 libgtk-3-dev amd64 3.24.41-4ubuntu1.3 [1096 kB]
desktop	Native Tauri prerequisites and approved Rust compiler	2026-10-03T16:24:43.8640630Z Get:175 http://azure.archive.ubuntu.com/ubuntu noble/universe amd64 libappindicator3-dev amd64 12.10.1+20.10.20200706.1-0ubuntu5 [12.1 kB]
desktop	Native Tauri prerequisites and approved Rust compiler	2026-10-03T16:24:43.8788464Z Get:176 http://azure.archive.ubuntu.com/ubuntu noble/main amd64 libgirepository-1.0-dev amd64 1.80.1-1 [28.5 kB]
desktop	Native Tauri prerequisites and approved Rust compiler	2026-10-03T16:24:43.9375775Z Get:177 http://azure.archive.ubuntu.com/ubuntu noble/main amd64 libgirepository1.0-dev amd64 1.80.1-1 [17.0 kB]
desktop	Native Tauri prerequisites and approved Rust compiler	2026-10-03T16:24:43.9522847Z Get:178 http://azure.archive.ubuntu.com/ubuntu noble-updates/universe amd64 libjavascriptcoregtk-4.1-dev amd64 2.52.6-0ubuntu0.24.04.1 [69.8 kB]
desktop	Native Tauri prerequisites and approved Rust compiler	2026-10-03T16:24:43.9674363Z Get:179 http://azure.archive.ubuntu.com/ubuntu noble-updates/main amd64 libnghttp2-dev amd64 1.59.0-1ubuntu0.4 [117 kB]
desktop	Native Tauri prerequisites and approved Rust compiler	2026-10-03T16:24:43.9827997Z Get:180 http://azure.archive.ubuntu.com/ubuntu noble/main amd64 libwebrtc-audio-processing1 amd64 0.3.1-0ubuntu6 [290 kB]
desktop	Native Tauri prerequisites and approved Rust compiler	2026-10-03T16:24:43.9992358Z Get:181 http://azure.archive.ubuntu.com/ubuntu noble-updates/main amd64 libspa-0.2-modules amd64 1.0.5-1ubuntu3.3 [628 kB]
desktop	Native Tauri prerequisites and approved Rust compiler	2026-10-03T16:24:44.0182107Z Get:182 http://azure.archive.ubuntu.com/ubuntu noble-updates/main amd64 libpipewire-0.3-0t64 amd64 1.0.5-1ubuntu3.3 [252 kB]
desktop	Native Tauri prerequisites and approved Rust compiler	2026-10-03T16:24:44.0343868Z Get:183 http://azure.archive.ubuntu.com/ubuntu noble-updates/main amd64 libpipewire-0.3-common all 1.0.5-1ubuntu3.3 [19.5 kB]
desktop	Native Tauri prerequisites and approved Rust compiler	2026-10-03T16:24:44.0490822Z Get:184 http://azure.archive.ubuntu.com/ubuntu noble-updates/main amd64 libpng-tools amd64 1.6.43-5ubuntu0.6 [28.5 kB]
desktop	Native Tauri prerequisites and approved Rust compiler	2026-10-03T16:24:44.0640596Z Get:185 http://azure.archive.ubuntu.com/ubuntu noble/main amd64 libpsl-dev amd64 0.21.2-1.1build1 [76.4 kB]
desktop	Native Tauri prerequisites and approved Rust compiler	2026-10-03T16:24:44.2492027Z Get:186 http://azure.archive.ubuntu.com/ubuntu noble/main amd64 librsvg2-common amd64 2.58.0+dfsg-1build1 [11.8 kB]
desktop	Native Tauri prerequisites and approved Rust compiler	2026-10-03T16:24:44.4115150Z Get:187 http://azure.archive.ubuntu.com/ubuntu noble/universe amd64 librsvg2-dev amd64 2.58.0+dfsg-1build1 [38.0 kB]
desktop	Native Tauri prerequisites and approved Rust compiler	2026-10-03T16:24:44.4298607Z Get:188 http://azure.archive.ubuntu.com/ubuntu noble/universe amd64 libsysprof-capture-4-dev amd64 46.0-1build1 [51.0 kB]
desktop	Native Tauri prerequisites and approved Rust compiler	2026-10-03T16:24:44.4439883Z Get:189 http://azure.archive.ubuntu.com/ubuntu noble-updates/universe amd64 libsoup-3.0-dev amd64 3.4.4-5ubuntu0.8 [105 kB]
desktop	Native Tauri prerequisites and approved Rust compiler	2026-10-03T16:24:44.4787888Z Get:190 http://azure.archive.ubuntu.com/ubuntu noble-updates/universe amd64 libwebkit2gtk-4.1-dev amd64 2.52.6-0ubuntu0.24.04.1 [290 kB]
desktop	Native Tauri prerequisites and approved Rust compiler	2026-10-03T16:24:44.4993511Z Get:191 http://azure.archive.ubuntu.com/ubuntu noble-updates/main amd64 xdg-desktop-portal amd64 1.18.4-1ubuntu2.24.04.3 [307 kB]
desktop	Native Tauri prerequisites and approved Rust compiler	2026-10-03T16:24:44.5187095Z Get:192 http://azure.archive.ubuntu.com/ubuntu noble/main amd64 xdg-desktop-portal-gtk amd64 1.15.1-1build2 [80.3 kB]
desktop	Native Tauri prerequisites and approved Rust compiler	2026-10-03T16:24:45.0629689Z Fetched 72.9 MB in 4s (17.4 MB/s)
desktop	Native Tauri prerequisites and approved Rust compiler	2026-10-03T16:24:45.1545862Z Selecting previously unselected package bubblewrap.
desktop	Native Tauri prerequisites and approved Rust compiler	2026-10-03T16:24:45.1780193Z (Reading database ... 
desktop	Native Tauri prerequisites and approved Rust compiler	2026-10-03T16:24:45.1780701Z (Reading database ... 5%
desktop	Native Tauri prerequisites and approved Rust compiler	2026-10-03T16:24:45.1781089Z (Reading database ... 10%
desktop	Native Tauri prerequisites and approved Rust compiler	2026-10-03T16:24:45.1781485Z (Reading database ... 15%
desktop	Native Tauri prerequisites and approved Rust compiler	2026-10-03T16:24:45.1781914Z (Reading database ... 20%
desktop	Native Tauri prerequisites and approved Rust compiler	2026-10-03T16:24:45.1782296Z (Reading database ... 25%
desktop	Native Tauri prerequisites and approved Rust compiler	2026-10-03T16:24:45.1782573Z (Reading database ... 30%
desktop	Native Tauri prerequisites and approved Rust compiler	2026-10-03T16:24:45.1782816Z (Reading database ... 35%
desktop	Native Tauri prerequisites and approved Rust compiler	2026-10-03T16:24:45.1783060Z (Reading database ... 40%
desktop	Native Tauri prerequisites and approved Rust compiler	2026-10-03T16:24:45.1783305Z (Reading database ... 45%
desktop	Native Tauri prerequisites and approved Rust compiler	2026-10-03T16:24:45.1783568Z (Reading database ... 50%
desktop	Native Tauri prerequisites and approved Rust compiler	2026-10-03T16:24:45.1817455Z (Reading database ... 55%
desktop	Native Tauri prerequisites and approved Rust compiler	2026-10-03T16:24:45.2625172Z (Reading database ... 60%
desktop	Native Tauri prerequisites and approved Rust compiler	2026-10-03T16:24:45.4519121Z (Reading database ... 65%
desktop	Native Tauri prerequisites and approved Rust compiler	2026-10-03T16:24:45.6637567Z (Reading database ... 70%
desktop	Native Tauri prerequisites and approved Rust compiler	2026-10-03T16:24:45.8578868Z (Reading database ... 75%
desktop	Native Tauri prerequisites and approved Rust compiler	2026-10-03T16:24:46.0728223Z (Reading database ... 80%
desktop	Native Tauri prerequisites and approved Rust compiler	2026-10-03T16:24:46.2505555Z (Reading database ... 85%
desktop	Native Tauri prerequisites and approved Rust compiler	2026-10-03T16:24:46.3756856Z (Reading database ... 90%
desktop	Native Tauri prerequisites and approved Rust compiler	2026-10-03T16:24:46.5618005Z (Reading database ... 95%
desktop	Native Tauri prerequisites and approved Rust compiler	2026-10-03T16:24:46.5618511Z (Reading database ... 100%
desktop	Native Tauri prerequisites and approved Rust compiler	2026-10-03T16:24:46.5619190Z (Reading database ... 202296 files and directories currently installed.)
desktop	Native Tauri prerequisites and approved Rust compiler	2026-10-03T16:24:46.5666937Z Preparing to unpack .../000-bubblewrap_0.9.0-1ubuntu0.3_amd64.deb ...
desktop	Native Tauri prerequisites and approved Rust compiler	2026-10-03T16:24:46.5745598Z Unpacking bubblewrap (0.9.0-1ubuntu0.3) ...
desktop	Native Tauri prerequisites and approved Rust compiler	2026-10-03T16:24:46.6013158Z Selecting previously unselected package build-essential.
desktop	Native Tauri prerequisites and approved Rust compiler	2026-10-03T16:24:46.6148224Z Preparing to unpack .../001-build-essential_12.10ubuntu1_amd64.deb ...
desktop	Native Tauri prerequisites and approved Rust compiler	2026-10-03T16:24:46.6155968Z Unpacking build-essential (12.10ubuntu1) ...
desktop	Native Tauri prerequisites and approved Rust compiler	2026-10-03T16:24:46.6358508Z Selecting previously unselected package bzip2-doc.
desktop	Native Tauri prerequisites and approved Rust compiler	2026-10-03T16:24:46.6490034Z Preparing to unpack .../002-bzip2-doc_1.0.8-5.1ubuntu0.1_all.deb ...
desktop	Native Tauri prerequisites and approved Rust compiler	2026-10-03T16:24:46.6498555Z Unpacking bzip2-doc (1.0.8-5.1ubuntu0.1) ...
desktop	Native Tauri prerequisites and approved Rust compiler	2026-10-03T16:24:46.7473853Z Selecting previously unselected package gir1.2-atk-1.0:amd64.
desktop	Native Tauri prerequisites and approved Rust compiler	2026-10-03T16:24:46.7607710Z Preparing to unpack .../003-gir1.2-atk-1.0_2.52.0-1build1_amd64.deb ...
desktop	Native Tauri prerequisites and approved Rust compiler	2026-10-03T16:24:46.7615229Z Unpacking gir1.2-atk-1.0:amd64 (2.52.0-1build1) ...
desktop	Native Tauri prerequisites and approved Rust compiler	2026-10-03T16:24:46.7817225Z Selecting previously unselected package gir1.2-freedesktop:amd64.
desktop	Native Tauri prerequisites and approved Rust compiler	2026-10-03T16:24:46.7949387Z Preparing to unpack .../004-gir1.2-freedesktop_1.80.1-1_amd64.deb ...
desktop	Native Tauri prerequisites and approved Rust compiler	2026-10-03T16:24:46.7957583Z Unpacking gir1.2-freedesktop:amd64 (1.80.1-1) ...
desktop	Native Tauri prerequisites and approved Rust compiler	2026-10-03T16:24:46.8179028Z Selecting previously unselected package gir1.2-gdkpixbuf-2.0:amd64.
desktop	Native Tauri prerequisites and approved Rust compiler	2026-10-03T16:24:46.8314119Z Preparing to unpack .../005-gir1.2-gdkpixbuf-2.0_2.42.10+dfsg-3ubuntu3.3_amd64.deb ...
desktop	Native Tauri prerequisites and approved Rust compiler	2026-10-03T16:24:46.8321566Z Unpacking gir1.2-gdkpixbuf-2.0:amd64 (2.42.10+dfsg-3ubuntu3.3) ...
desktop	Native Tauri prerequisites and approved Rust compiler	2026-10-03T16:24:46.8538196Z Selecting previously unselected package libharfbuzz-gobject0:amd64.
desktop	Native Tauri prerequisites and approved Rust compiler	2026-10-03T16:24:46.8674683Z Preparing to unpack .../006-libharfbuzz-gobject0_8.3.0-2build2_amd64.deb ...
desktop	Native Tauri prerequisites and approved Rust compiler	2026-10-03T16:24:46.8693331Z Unpacking libharfbuzz-gobject0:amd64 (8.3.0-2build2) ...
desktop	Native Tauri prerequisites and approved Rust compiler	2026-10-03T16:24:46.9532757Z Selecting previously unselected package gir1.2-harfbuzz-0.0:amd64.
desktop	Native Tauri prerequisites and approved Rust compiler	2026-10-03T16:24:46.9671303Z Preparing to unpack .../007-gir1.2-harfbuzz-0.0_8.3.0-2build2_amd64.deb ...
desktop	Native Tauri prerequisites and approved Rust compiler	2026-10-03T16:24:46.9679557Z Unpacking gir1.2-harfbuzz-0.0:amd64 (8.3.0-2build2) ...
desktop	Native Tauri prerequisites and approved Rust compiler	2026-10-03T16:24:46.9896048Z Selecting previously unselected package libpangoxft-1.0-0:amd64.
desktop	Native Tauri prerequisites and approved Rust compiler	2026-10-03T16:24:47.0030067Z Preparing to unpack .../008-libpangoxft-1.0-0_1.52.1+ds-1build1_amd64.deb ...
desktop	Native Tauri prerequisites and approved Rust compiler	2026-10-03T16:24:47.0037732Z Unpacking libpangoxft-1.0-0:amd64 (1.52.1+ds-1build1) ...
desktop	Native Tauri prerequisites and approved Rust compiler	2026-10-03T16:24:47.0239726Z Selecting previously unselected package gir1.2-pango-1.0:amd64.
desktop	Native Tauri prerequisites and approved Rust compiler	2026-10-03T16:24:47.0373176Z Preparing to unpack .../009-gir1.2-pango-1.0_1.52.1+ds-1build1_amd64.deb ...
desktop	Native Tauri prerequisites and approved Rust compiler	2026-10-03T16:24:47.0380644Z Unpacking gir1.2-pango-1.0:amd64 (1.52.1+ds-1build1) ...
desktop	Native Tauri prerequisites and approved Rust compiler	2026-10-03T16:24:47.0585860Z Selecting previously unselected package gir1.2-gtk-3.0:amd64.
desktop	Native Tauri prerequisites and approved Rust compiler	2026-10-03T16:24:47.0720383Z Preparing to unpack .../010-gir1.2-gtk-3.0_3.24.41-4ubuntu1.3_amd64.deb ...
desktop	Native Tauri prerequisites and approved Rust compiler	2026-10-03T16:24:47.0727551Z Unpacking gir1.2-gtk-3.0:amd64 (3.24.41-4ubuntu1.3) ...
desktop	Native Tauri prerequisites and approved Rust compiler	2026-10-03T16:24:47.0994951Z Selecting previously unselected package libappindicator3-1.
desktop	Native Tauri prerequisites and approved Rust compiler	2026-10-03T16:24:47.1130006Z Preparing to unpack .../011-libappindicator3-1_12.10.1+20.10.20200706.1-0ubuntu5_amd64.deb ...
desktop	Native Tauri prerequisites and approved Rust compiler	2026-10-03T16:24:47.1137389Z Unpacking libappindicator3-1 (12.10.1+20.10.20200706.1-0ubuntu5) ...
desktop	Native Tauri prerequisites and approved Rust compiler	2026-10-03T16:24:47.1349511Z Selecting previously unselected package gir1.2-appindicator3-0.1.
desktop	Native Tauri prerequisites and approved Rust compiler	2026-10-03T16:24:47.1480465Z Preparing to unpack .../012-gir1.2-appindicator3-0.1_12.10.1+20.10.20200706.1-0ubuntu5_amd64.deb ...
desktop	Native Tauri prerequisites and approved Rust compiler	2026-10-03T16:24:47.1488734Z Unpacking gir1.2-appindicator3-0.1 (12.10.1+20.10.20200706.1-0ubuntu5) ...
desktop	Native Tauri prerequisites and approved Rust compiler	2026-10-03T16:24:47.1847200Z Selecting previously unselected package gir1.2-atspi-2.0:amd64.
desktop	Native Tauri prerequisites and approved Rust compiler	2026-10-03T16:24:47.1973973Z Preparing to unpack .../013-gir1.2-atspi-2.0_2.52.0-1build1_amd64.deb ...
desktop	Native Tauri prerequisites and approved Rust compiler	2026-10-03T16:24:47.1980218Z Unpacking gir1.2-atspi-2.0:amd64 (2.52.0-1build1) ...
desktop	Native Tauri prerequisites and approved Rust compiler	2026-10-03T16:24:47.2231483Z Selecting previously unselected package gir1.2-dbusmenu-glib-0.4:amd64.
desktop	Native Tauri prerequisites and approved Rust compiler	2026-10-03T16:24:47.2359541Z Preparing to unpack .../014-gir1.2-dbusmenu-glib-0.4_18.10.20180917~bzr492+repack1-3.1ubuntu5_amd64.deb ...
desktop	Native Tauri prerequisites and approved Rust compiler	2026-10-03T16:24:47.2365662Z Unpacking gir1.2-dbusmenu-glib-0.4:amd64 (18.10.20180917~bzr492+repack1-3.1ubuntu5) ...
desktop	Native Tauri prerequisites and approved Rust compiler	2026-10-03T16:24:47.2547810Z Selecting previously unselected package gir1.2-glib-2.0-dev:amd64.
desktop	Native Tauri prerequisites and approved Rust compiler	2026-10-03T16:24:47.2680562Z Preparing to unpack .../015-gir1.2-glib-2.0-dev_2.80.0-6ubuntu3.9_amd64.deb ...
desktop	Native Tauri prerequisites and approved Rust compiler	2026-10-03T16:24:47.2686509Z Unpacking gir1.2-glib-2.0-dev:amd64 (2.80.0-6ubuntu3.9) ...
desktop	Native Tauri prerequisites and approved Rust compiler	2026-10-03T16:24:47.3503475Z Selecting previously unselected package gir1.2-freedesktop-dev:amd64.
desktop	Native Tauri prerequisites and approved Rust compiler	2026-10-03T16:24:47.3637030Z Preparing to unpack .../016-gir1.2-freedesktop-dev_1.80.1-1_amd64.deb ...
desktop	Native Tauri prerequisites and approved Rust compiler	2026-10-03T16:24:47.3642382Z Unpacking gir1.2-freedesktop-dev:amd64 (1.80.1-1) ...
desktop	Native Tauri prerequisites and approved Rust compiler	2026-10-03T16:24:47.4027936Z Selecting previously unselected package gir1.2-girepository-2.0-dev:amd64.
desktop	Native Tauri prerequisites and approved Rust compiler	2026-10-03T16:24:47.4158664Z Preparing to unpack .../017-gir1.2-girepository-2.0-dev_1.80.1-1_amd64.deb ...
desktop	Native Tauri prerequisites and approved Rust compiler	2026-10-03T16:24:47.4165122Z Unpacking gir1.2-girepository-2.0-dev:amd64 (1.80.1-1) ...
desktop	Native Tauri prerequisites and approved Rust compiler	2026-10-03T16:24:47.4373617Z Selecting previously unselected package libjavascriptcoregtk-4.1-0:amd64.
desktop	Native Tauri prerequisites and approved Rust compiler	2026-10-03T16:24:47.4503041Z Preparing to unpack .../018-libjavascriptcoregtk-4.1-0_2.52.6-0ubuntu0.24.04.1_amd64.deb ...
desktop	Native Tauri prerequisites and approved Rust compiler	2026-10-03T16:24:47.4510344Z Unpacking libjavascriptcoregtk-4.1-0:amd64 (2.52.6-0ubuntu0.24.04.1) ...
desktop	Native Tauri prerequisites and approved Rust compiler	2026-10-03T16:24:47.7513887Z Selecting previously unselected package gir1.2-javascriptcoregtk-4.1:amd64.
desktop	Native Tauri prerequisites and approved Rust compiler	2026-10-03T16:24:47.7647176Z Preparing to unpack .../019-gir1.2-javascriptcoregtk-4.1_2.52.6-0ubuntu0.24.04.1_amd64.deb ...
desktop	Native Tauri prerequisites and approved Rust compiler	2026-10-03T16:24:47.7654061Z Unpacking gir1.2-javascriptcoregtk-4.1:amd64 (2.52.6-0ubuntu0.24.04.1) ...
desktop	Native Tauri prerequisites and approved Rust compiler	2026-10-03T16:24:47.7857662Z Selecting previously unselected package librsvg2-2:amd64.
desktop	Native Tauri prerequisites and approved Rust compiler	2026-10-03T16:24:47.7984007Z Preparing to unpack .../020-librsvg2-2_2.58.0+dfsg-1build1_amd64.deb ...
desktop	Native Tauri prerequisites and approved Rust compiler	2026-10-03T16:24:47.7991455Z Unpacking librsvg2-2:amd64 (2.58.0+dfsg-1build1) ...
desktop	Native Tauri prerequisites and approved Rust compiler	2026-10-03T16:24:47.8727473Z Selecting previously unselected package gir1.2-rsvg-2.0:amd64.
desktop	Native Tauri prerequisites and approved Rust compiler	2026-10-03T16:24:47.8861232Z Preparing to unpack .../021-gir1.2-rsvg-2.0_2.58.0+dfsg-1build1_amd64.deb ...
desktop	Native Tauri prerequisites and approved Rust compiler	2026-10-03T16:24:47.8868471Z Unpacking gir1.2-rsvg-2.0:amd64 (2.58.0+dfsg-1build1) ...
desktop	Native Tauri prerequisites and approved Rust compiler	2026-10-03T16:24:47.9073353Z Selecting previously unselected package libproxy1v5:amd64.
desktop	Native Tauri prerequisites and approved Rust compiler	2026-10-03T16:24:47.9203000Z Preparing to unpack .../022-libproxy1v5_0.5.4-4build1_amd64.deb ...
desktop	Native Tauri prerequisites and approved Rust compiler	2026-10-03T16:24:47.9210357Z Unpacking libproxy1v5:amd64 (0.5.4-4build1) ...
desktop	Native Tauri prerequisites and approved Rust compiler	2026-10-03T16:24:47.9567445Z Selecting previously unselected package glib-networking-common.
desktop	Native Tauri prerequisites and approved Rust compiler	2026-10-03T16:24:47.9697941Z Preparing to unpack .../023-glib-networking-common_2.80.0-1build1_all.deb ...
desktop	Native Tauri prerequisites and approved Rust compiler	2026-10-03T16:24:47.9704750Z Unpacking glib-networking-common (2.80.0-1build1) ...
desktop	Native Tauri prerequisites and approved Rust compiler	2026-10-03T16:24:47.9885572Z Selecting previously unselected package glib-networking-services.
desktop	Native Tauri prerequisites and approved Rust compiler	2026-10-03T16:24:48.0012568Z Preparing to unpack .../024-glib-networking-services_2.80.0-1build1_amd64.deb ...
desktop	Native Tauri prerequisites and approved Rust compiler	2026-10-03T16:24:48.0018896Z Unpacking glib-networking-services (2.80.0-1build1) ...
desktop	Native Tauri prerequisites and approved Rust compiler	2026-10-03T16:24:48.0220837Z Selecting previously unselected package session-migration.
desktop	Native Tauri prerequisites and approved Rust compiler	2026-10-03T16:24:48.0389703Z Preparing to unpack .../025-session-migration_0.3.9build1_amd64.deb ...
desktop	Native Tauri prerequisites and approved Rust compiler	2026-10-03T16:24:48.0795111Z Unpacking session-migration (0.3.9build1) ...
desktop	Native Tauri prerequisites and approved Rust compiler	2026-10-03T16:24:48.1005160Z Selecting previously unselected package gsettings-desktop-schemas.
desktop	Native Tauri prerequisites and approved Rust compiler	2026-10-03T16:24:48.1138226Z Preparing to unpack .../026-gsettings-desktop-schemas_46.1-0ubuntu1_all.deb ...
desktop	Native Tauri prerequisites and approved Rust compiler	2026-10-03T16:24:48.1144807Z Unpacking gsettings-desktop-schemas (46.1-0ubuntu1) ...
desktop	Native Tauri prerequisites and approved Rust compiler	2026-10-03T16:24:48.1395303Z Selecting previously unselected package glib-networking:amd64.
desktop	Native Tauri prerequisites and approved Rust compiler	2026-10-03T16:24:48.1522589Z Preparing to unpack .../027-glib-networking_2.80.0-1build1_amd64.deb ...
desktop	Native Tauri prerequisites and approved Rust compiler	2026-10-03T16:24:48.1528437Z Unpacking glib-networking:amd64 (2.80.0-1build1) ...
desktop	Native Tauri prerequisites and approved Rust compiler	2026-10-03T16:24:48.1919636Z Selecting previously unselected package libsoup-3.0-common.
desktop	Native Tauri prerequisites and approved Rust compiler	2026-10-03T16:24:48.2050640Z Preparing to unpack .../028-libsoup-3.0-common_3.4.4-5ubuntu0.8_all.deb ...
desktop	Native Tauri prerequisites and approved Rust compiler	2026-10-03T16:24:48.2057219Z Unpacking libsoup-3.0-common (3.4.4-5ubuntu0.8) ...
desktop	Native Tauri prerequisites and approved Rust compiler	2026-10-03T16:24:48.2370015Z Selecting previously unselected package libsoup-3.0-0:amd64.
desktop	Native Tauri prerequisites and approved Rust compiler	2026-10-03T16:24:48.2500213Z Preparing to unpack .../029-libsoup-3.0-0_3.4.4-5ubuntu0.8_amd64.deb ...
desktop	Native Tauri prerequisites and approved Rust compiler	2026-10-03T16:24:48.2507306Z Unpacking libsoup-3.0-0:amd64 (3.4.4-5ubuntu0.8) ...
desktop	Native Tauri prerequisites and approved Rust compiler	2026-10-03T16:24:48.2732243Z Selecting previously unselected package gir1.2-soup-3.0:amd64.
desktop	Native Tauri prerequisites and approved Rust compiler	2026-10-03T16:24:48.2867484Z Preparing to unpack .../030-gir1.2-soup-3.0_3.4.4-5ubuntu0.8_amd64.deb ...
desktop	Native Tauri prerequisites and approved Rust compiler	2026-10-03T16:24:48.2873809Z Unpacking gir1.2-soup-3.0:amd64 (3.4.4-5ubuntu0.8) ...
desktop	Native Tauri prerequisites and approved Rust compiler	2026-10-03T16:24:48.3073511Z Selecting previously unselected package libcdparanoia0:amd64.
desktop	Native Tauri prerequisites and approved Rust compiler	2026-10-03T16:24:48.3204015Z Preparing to unpack .../031-libcdparanoia0_3.10.2+debian-14build3_amd64.deb ...
desktop	Native Tauri prerequisites and approved Rust compiler	2026-10-03T16:24:48.3210561Z Unpacking libcdparanoia0:amd64 (3.10.2+debian-14build3) ...
desktop	Native Tauri prerequisites and approved Rust compiler	2026-10-03T16:24:48.3419862Z Selecting previously unselected package liborc-0.4-0t64:amd64.
desktop	Native Tauri prerequisites and approved Rust compiler	2026-10-03T16:24:48.3549757Z Preparing to unpack .../032-liborc-0.4-0t64_1%3a0.4.38-1ubuntu0.1_amd64.deb ...
desktop	Native Tauri prerequisites and approved Rust compiler	2026-10-03T16:24:48.3556940Z Unpacking liborc-0.4-0t64:amd64 (1:0.4.38-1ubuntu0.1) ...
desktop	Native Tauri prerequisites and approved Rust compiler	2026-10-03T16:24:48.3809739Z Selecting previously unselected package libgstreamer-plugins-base1.0-0:amd64.
desktop	Native Tauri prerequisites and approved Rust compiler	2026-10-03T16:24:48.3938608Z Preparing to unpack .../033-libgstreamer-plugins-base1.0-0_1.24.2-1ubuntu0.5_amd64.deb ...
desktop	Native Tauri prerequisites and approved Rust compiler	2026-10-03T16:24:48.4042451Z Unpacking libgstreamer-plugins-base1.0-0:amd64 (1.24.2-1ubuntu0.5) ...
desktop	Native Tauri prerequisites and approved Rust compiler	2026-10-03T16:24:48.4396153Z Selecting previously unselected package libopus0:amd64.
desktop	Native Tauri prerequisites and approved Rust compiler	2026-10-03T16:24:48.4527399Z Preparing to unpack .../034-libopus0_1.4-1build1_amd64.deb ...
desktop	Native Tauri prerequisites and approved Rust compiler	2026-10-03T16:24:48.4533366Z Unpacking libopus0:amd64 (1.4-1build1) ...
desktop	Native Tauri prerequisites and approved Rust compiler	2026-10-03T16:24:48.5040212Z Selecting previously unselected package libtheora0:amd64.
desktop	Native Tauri prerequisites and approved Rust compiler	2026-10-03T16:24:48.5170044Z Preparing to unpack .../035-libtheora0_1.1.1+dfsg.1-16.1build3_amd64.deb ...
desktop	Native Tauri prerequisites and approved Rust compiler	2026-10-03T16:24:48.5176593Z Unpacking libtheora0:amd64 (1.1.1+dfsg.1-16.1build3) ...
desktop	Native Tauri prerequisites and approved Rust compiler	2026-10-03T16:24:48.5408340Z Selecting previously unselected package libvisual-0.4-0:amd64.
desktop	Native Tauri prerequisites and approved Rust compiler	2026-10-03T16:24:48.5542771Z Preparing to unpack .../036-libvisual-0.4-0_0.4.2-2build1_amd64.deb ...
desktop	Native Tauri prerequisites and approved Rust compiler	2026-10-03T16:24:48.5549563Z Unpacking libvisual-0.4-0:amd64 (0.4.2-2build1) ...
desktop	Native Tauri prerequisites and approved Rust compiler	2026-10-03T16:24:48.6433725Z Selecting previously unselected package libvorbisenc2:amd64.
desktop	Native Tauri prerequisites and approved Rust compiler	2026-10-03T16:24:48.6566438Z Preparing to unpack .../037-libvorbisenc2_1.3.7-1build3_amd64.deb ...
desktop	Native Tauri prerequisites and approved Rust compiler	2026-10-03T16:24:48.6574822Z Unpacking libvorbisenc2:amd64 (1.3.7-1build3) ...
desktop	Native Tauri prerequisites and approved Rust compiler	2026-10-03T16:24:48.7321754Z Selecting previously unselected package gstreamer1.0-plugins-base:amd64.
desktop	Native Tauri prerequisites and approved Rust compiler	2026-10-03T16:24:48.7451162Z Preparing to unpack .../038-gstreamer1.0-plugins-base_1.24.2-1ubuntu0.5_amd64.deb ...
desktop	Native Tauri prerequisites and approved Rust compiler	2026-10-03T16:24:48.7458315Z Unpacking gstreamer1.0-plugins-base:amd64 (1.24.2-1ubuntu0.5) ...
desktop	Native Tauri prerequisites and approved Rust compiler	2026-10-03T16:24:48.7809237Z Selecting previously unselected package libaa1:amd64.
desktop	Native Tauri prerequisites and approved Rust compiler	2026-10-03T16:24:48.7944079Z Preparing to unpack .../039-libaa1_1.4p5-51.1_amd64.deb ...
desktop	Native Tauri prerequisites and approved Rust compiler	2026-10-03T16:24:48.8264294Z Unpacking libaa1:amd64 (1.4p5-51.1) ...
desktop	Native Tauri prerequisites and approved Rust compiler	2026-10-03T16:24:48.8617081Z Selecting previously unselected package libraw1394-11:amd64.
desktop	Native Tauri prerequisites and approved Rust compiler	2026-10-03T16:24:48.8748542Z Preparing to unpack .../040-libraw1394-11_2.1.2-2build3_amd64.deb ...
desktop	Native Tauri prerequisites and approved Rust compiler	2026-10-03T16:24:48.8755334Z Unpacking libraw1394-11:amd64 (2.1.2-2build3) ...
desktop	Native Tauri prerequisites and approved Rust compiler	2026-10-03T16:24:48.8951886Z Selecting previously unselected package libavc1394-0:amd64.
desktop	Native Tauri prerequisites and approved Rust compiler	2026-10-03T16:24:48.9080520Z Preparing to unpack .../041-libavc1394-0_0.5.4-5build3_amd64.deb ...
desktop	Native Tauri prerequisites and approved Rust compiler	2026-10-03T16:24:48.9087328Z Unpacking libavc1394-0:amd64 (0.5.4-5build3) ...
desktop	Native Tauri prerequisites and approved Rust compiler	2026-10-03T16:24:48.9278364Z Selecting previously unselected package libcaca0:amd64.
desktop	Native Tauri prerequisites and approved Rust compiler	2026-10-03T16:24:48.9404077Z Preparing to unpack .../042-libcaca0_0.99.beta20-4ubuntu0.2_amd64.deb ...
desktop	Native Tauri prerequisites and approved Rust compiler	2026-10-03T16:24:48.9410114Z Unpacking libcaca0:amd64 (0.99.beta20-4ubuntu0.2) ...
desktop	Native Tauri prerequisites and approved Rust compiler	2026-10-03T16:24:48.9671722Z Selecting previously unselected package libdv4t64:amd64.
desktop	Native Tauri prerequisites and approved Rust compiler	2026-10-03T16:24:48.9800679Z Preparing to unpack .../043-libdv4t64_1.0.0-17.1build1_amd64.deb ...
desktop	Native Tauri prerequisites and approved Rust compiler	2026-10-03T16:24:48.9932446Z Unpacking libdv4t64:amd64 (1.0.0-17.1build1) ...
desktop	Native Tauri prerequisites and approved Rust compiler	2026-10-03T16:24:49.0883628Z Selecting previously unselected package libflac12t64:amd64.
desktop	Native Tauri prerequisites and approved Rust compiler	2026-10-03T16:24:49.1017138Z Preparing to unpack .../044-libflac12t64_1.4.3+ds-2.1ubuntu2_amd64.deb ...
desktop	Native Tauri prerequisites and approved Rust compiler	2026-10-03T16:24:49.1295910Z Unpacking libflac12t64:amd64 (1.4.3+ds-2.1ubuntu2) ...
desktop	Native Tauri prerequisites and approved Rust compiler	2026-10-03T16:24:49.1875402Z Selecting previously unselected package libgstreamer-plugins-good1.0-0:amd64.
desktop	Native Tauri prerequisites and approved Rust compiler	2026-10-03T16:24:49.2007323Z Preparing to unpack .../045-libgstreamer-plugins-good1.0-0_1.24.2-1ubuntu1.8_amd64.deb ...
desktop	Native Tauri prerequisites and approved Rust compiler	2026-10-03T16:24:49.2015487Z Unpacking libgstreamer-plugins-good1.0-0:amd64 (1.24.2-1ubuntu1.8) ...
desktop	Native Tauri prerequisites and approved Rust compiler	2026-10-03T16:24:49.2230522Z Selecting previously unselected package libiec61883-0:amd64.
desktop	Native Tauri prerequisites and approved Rust compiler	2026-10-03T16:24:49.2359701Z Preparing to unpack .../046-libiec61883-0_1.2.0-6build1_amd64.deb ...
desktop	Native Tauri prerequisites and approved Rust compiler	2026-10-03T16:24:49.2367064Z Unpacking libiec61883-0:amd64 (1.2.0-6build1) ...
desktop	Native Tauri prerequisites and approved Rust compiler	2026-10-03T16:24:49.2660349Z Selecting previously unselected package libmp3lame0:amd64.
desktop	Native Tauri prerequisites and approved Rust compiler	2026-10-03T16:24:49.2793845Z Preparing to unpack .../047-libmp3lame0_3.100-6build1_amd64.deb ...
desktop	Native Tauri prerequisites and approved Rust compiler	2026-10-03T16:24:49.2801029Z Unpacking libmp3lame0:amd64 (3.100-6build1) ...
desktop	Native Tauri prerequisites and approved Rust compiler	2026-10-03T16:24:49.3170160Z Selecting previously unselected package libmpg123-0t64:amd64.
desktop	Native Tauri prerequisites and approved Rust compiler	2026-10-03T16:24:49.3308143Z Preparing to unpack .../048-libmpg123-0t64_1.32.5-1ubuntu1.1_amd64.deb ...
desktop	Native Tauri prerequisites and approved Rust compiler	2026-10-03T16:24:49.3315740Z Unpacking libmpg123-0t64:amd64 (1.32.5-1ubuntu1.1) ...
desktop	Native Tauri prerequisites and approved Rust compiler	2026-10-03T16:24:49.3536198Z Selecting previously unselected package libasyncns0:amd64.
desktop	Native Tauri prerequisites and approved Rust compiler	2026-10-03T16:24:49.3670429Z Preparing to unpack .../049-libasyncns0_0.8-6build4_amd64.deb ...
desktop	Native Tauri prerequisites and approved Rust compiler	2026-10-03T16:24:49.3679128Z Unpacking libasyncns0:amd64 (0.8-6build4) ...
desktop	Native Tauri prerequisites and approved Rust compiler	2026-10-03T16:24:49.3886427Z Selecting previously unselected package libsndfile1:amd64.
desktop	Native Tauri prerequisites and approved Rust compiler	2026-10-03T16:24:49.4018127Z Preparing to unpack .../050-libsndfile1_1.2.2-1ubuntu5.24.04.1_amd64.deb ...
desktop	Native Tauri prerequisites and approved Rust compiler	2026-10-03T16:24:49.4025326Z Unpacking libsndfile1:amd64 (1.2.2-1ubuntu5.24.04.1) ...
desktop	Native Tauri prerequisites and approved Rust compiler	2026-10-03T16:24:49.4741638Z Selecting previously unselected package libpulse0:amd64.
desktop	Native Tauri prerequisites and approved Rust compiler	2026-10-03T16:24:49.4873532Z Preparing to unpack .../051-libpulse0_1%3a16.1+dfsg1-2ubuntu10.1_amd64.deb ...
desktop	Native Tauri prerequisites and approved Rust compiler	2026-10-03T16:24:49.4942510Z Unpacking libpulse0:amd64 (1:16.1+dfsg1-2ubuntu10.1) ...
desktop	Native Tauri prerequisites and approved Rust compiler	2026-10-03T16:24:49.5368809Z Selecting previously unselected package libspeex1:amd64.
desktop	Native Tauri prerequisites and approved Rust compiler	2026-10-03T16:24:49.5501114Z Preparing to unpack .../052-libspeex1_1.2.1-2ubuntu2.24.04.1_amd64.deb ...
desktop	Native Tauri prerequisites and approved Rust compiler	2026-10-03T16:24:49.5508985Z Unpacking libspeex1:amd64 (1.2.1-2ubuntu2.24.04.1) ...
desktop	Native Tauri prerequisites and approved Rust compiler	2026-10-03T16:24:49.5715587Z Selecting previously unselected package libshout3:amd64.
desktop	Native Tauri prerequisites and approved Rust compiler	2026-10-03T16:24:49.5845964Z Preparing to unpack .../053-libshout3_2.4.6-1build2_amd64.deb ...
desktop	Native Tauri prerequisites and approved Rust compiler	2026-10-03T16:24:49.5852941Z Unpacking libshout3:amd64 (2.4.6-1build2) ...
desktop	Native Tauri prerequisites and approved Rust compiler	2026-10-03T16:24:49.7238284Z Selecting previously unselected package libtag1v5-vanilla:amd64.
desktop	Native Tauri prerequisites and approved Rust compiler	2026-10-03T16:24:49.7372797Z Preparing to unpack .../054-libtag1v5-vanilla_1.13.1-1build1_amd64.deb ...
desktop	Native Tauri prerequisites and approved Rust compiler	2026-10-03T16:24:49.7482979Z Unpacking libtag1v5-vanilla:amd64 (1.13.1-1build1) ...
desktop	Native Tauri prerequisites and approved Rust compiler	2026-10-03T16:24:49.7748380Z Selecting previously unselected package libtag1v5:amd64.
desktop	Native Tauri prerequisites and approved Rust compiler	2026-10-03T16:24:49.7879821Z Preparing to unpack .../055-libtag1v5_1.13.1-1build1_amd64.deb ...
desktop	Native Tauri prerequisites and approved Rust compiler	2026-10-03T16:24:49.7886246Z Unpacking libtag1v5:amd64 (1.13.1-1build1) ...
desktop	Native Tauri prerequisites and approved Rust compiler	2026-10-03T16:24:49.8129094Z Selecting previously unselected package libtwolame0:amd64.
desktop	Native Tauri prerequisites and approved Rust compiler	2026-10-03T16:24:49.8257474Z Preparing to unpack .../056-libtwolame0_0.4.0-2build3_amd64.deb ...
desktop	Native Tauri prerequisites and approved Rust compiler	2026-10-03T16:24:49.8264545Z Unpacking libtwolame0:amd64 (0.4.0-2build3) ...
desktop	Native Tauri prerequisites and approved Rust compiler	2026-10-03T16:24:49.8467240Z Selecting previously unselected package libv4lconvert0t64:amd64.
desktop	Native Tauri prerequisites and approved Rust compiler	2026-10-03T16:24:49.8596998Z Preparing to unpack .../057-libv4lconvert0t64_1.26.1-4build3_amd64.deb ...
desktop	Native Tauri prerequisites and approved Rust compiler	2026-10-03T16:24:49.8603893Z Unpacking libv4lconvert0t64:amd64 (1.26.1-4build3) ...
desktop	Native Tauri prerequisites and approved Rust compiler	2026-10-03T16:24:49.8813027Z Selecting previously unselected package libv4l-0t64:amd64.
desktop	Native Tauri prerequisites and approved Rust compiler	2026-10-03T16:24:49.8941245Z Preparing to unpack .../058-libv4l-0t64_1.26.1-4build3_amd64.deb ...
desktop	Native Tauri prerequisites and approved Rust compiler	2026-10-03T16:24:49.8949099Z Unpacking libv4l-0t64:amd64 (1.26.1-4build3) ...
desktop	Native Tauri prerequisites and approved Rust compiler	2026-10-03T16:24:49.9886008Z Selecting previously unselected package libvpx9:amd64.
desktop	Native Tauri prerequisites and approved Rust compiler	2026-10-03T16:24:50.0020405Z Preparing to unpack .../059-libvpx9_1.14.0-1ubuntu2.3_amd64.deb ...
desktop	Native Tauri prerequisites and approved Rust compiler	2026-10-03T16:24:50.0028474Z Unpacking libvpx9:amd64 (1.14.0-1ubuntu2.3) ...
desktop	Native Tauri prerequisites and approved Rust compiler	2026-10-03T16:24:50.0663659Z Selecting previously unselected package libwavpack1:amd64.
desktop	Native Tauri prerequisites and approved Rust compiler	2026-10-03T16:24:50.0799151Z Preparing to unpack .../060-libwavpack1_5.6.0-1build1_amd64.deb ...
desktop	Native Tauri prerequisites and approved Rust compiler	2026-10-03T16:24:50.0806655Z Unpacking libwavpack1:amd64 (5.6.0-1build1) ...
desktop	Native Tauri prerequisites and approved Rust compiler	2026-10-03T16:24:50.1163412Z Selecting previously unselected package gstreamer1.0-plugins-good:amd64.
desktop	Native Tauri prerequisites and approved Rust compiler	2026-10-03T16:24:50.1293588Z Preparing to unpack .../061-gstreamer1.0-plugins-good_1.24.2-1ubuntu1.8_amd64.deb ...
desktop	Native Tauri prerequisites and approved Rust compiler	2026-10-03T16:24:50.1964902Z Unpacking gstreamer1.0-plugins-good:amd64 (1.24.2-1ubuntu1.8) ...
desktop	Native Tauri prerequisites and approved Rust compiler	2026-10-03T16:24:50.2659487Z Selecting previously unselected package libgles2:amd64.
desktop	Native Tauri prerequisites and approved Rust compiler	2026-10-03T16:24:50.2796153Z Preparing to unpack .../062-libgles2_1.7.0-1build1_amd64.deb ...
desktop	Native Tauri prerequisites and approved Rust compiler	2026-10-03T16:24:50.2803509Z Unpacking libgles2:amd64 (1.7.0-1build1) ...
desktop	Native Tauri prerequisites and approved Rust compiler	2026-10-03T16:24:50.3004793Z Selecting previously unselected package xdg-dbus-proxy.
desktop	Native Tauri prerequisites and approved Rust compiler	2026-10-03T16:24:50.3139121Z Preparing to unpack .../063-xdg-dbus-proxy_0.1.5-1ubuntu0.2_amd64.deb ...
desktop	Native Tauri prerequisites and approved Rust compiler	2026-10-03T16:24:50.3145785Z Unpacking xdg-dbus-proxy (0.1.5-1ubuntu0.2) ...
desktop	Native Tauri prerequisites and approved Rust compiler	2026-10-03T16:24:50.3488504Z Preparing to unpack .../064-libgl1-mesa-dri_25.2.8-0ubuntu0.24.04.4_amd64.deb ...
desktop	Native Tauri prerequisites and approved Rust compiler	2026-10-03T16:24:50.3650621Z Unpacking libgl1-mesa-dri:amd64 (25.2.8-0ubuntu0.24.04.4) over (25.2.8-0ubuntu0.24.04.2) ...
desktop	Native Tauri prerequisites and approved Rust compiler	2026-10-03T16:24:50.4492255Z Preparing to unpack .../065-libglx-mesa0_25.2.8-0ubuntu0.24.04.4_amd64.deb ...
desktop	Native Tauri prerequisites and approved Rust compiler	2026-10-03T16:24:50.4515320Z Unpacking libglx-mesa0:amd64 (25.2.8-0ubuntu0.24.04.4) over (25.2.8-0ubuntu0.24.04.2) ...
desktop	Native Tauri prerequisites and approved Rust compiler	2026-10-03T16:24:50.4891198Z Preparing to unpack .../066-libgbm1_25.2.8-0ubuntu0.24.04.4_amd64.deb ...
desktop	Native Tauri prerequisites and approved Rust compiler	2026-10-03T16:24:50.4910956Z Unpacking libgbm1:amd64 (25.2.8-0ubuntu0.24.04.4) over (25.2.8-0ubuntu0.24.04.2) ...
desktop	Native Tauri prerequisites and approved Rust compiler	2026-10-03T16:24:50.5283927Z Preparing to unpack .../067-mesa-libgallium_25.2.8-0ubuntu0.24.04.4_amd64.deb ...
desktop	Native Tauri prerequisites and approved Rust compiler	2026-10-03T16:24:50.5305690Z Unpacking mesa-libgallium:amd64 (25.2.8-0ubuntu0.24.04.4) over (25.2.8-0ubuntu0.24.04.2) ...
desktop	Native Tauri prerequisites and approved Rust compiler	2026-10-03T16:24:50.9253266Z Selecting previously unselected package libegl-mesa0:amd64.
desktop	Native Tauri prerequisites and approved Rust compiler	2026-10-03T16:24:50.9394839Z Preparing to unpack .../068-libegl-mesa0_25.2.8-0ubuntu0.24.04.4_amd64.deb ...
desktop	Native Tauri prerequisites and approved Rust compiler	2026-10-03T16:24:50.9401955Z Unpacking libegl-mesa0:amd64 (25.2.8-0ubuntu0.24.04.4) ...
desktop	Native Tauri prerequisites and approved Rust compiler	2026-10-03T16:24:50.9636269Z Selecting previously unselected package libegl1:amd64.
desktop	Native Tauri prerequisites and approved Rust compiler	2026-10-03T16:24:50.9775902Z Preparing to unpack .../069-libegl1_1.7.0-1build1_amd64.deb ...
desktop	Native Tauri prerequisites and approved Rust compiler	2026-10-03T16:24:50.9945928Z Unpacking libegl1:amd64 (1.7.0-1build1) ...
desktop	Native Tauri prerequisites and approved Rust compiler	2026-10-03T16:24:51.0161240Z Selecting previously unselected package libgstreamer-gl1.0-0:amd64.
desktop	Native Tauri prerequisites and approved Rust compiler	2026-10-03T16:24:51.0294345Z Preparing to unpack .../070-libgstreamer-gl1.0-0_1.24.2-1ubuntu0.5_amd64.deb ...
desktop	Native Tauri prerequisites and approved Rust compiler	2026-10-03T16:24:51.0305369Z Unpacking libgstreamer-gl1.0-0:amd64 (1.24.2-1ubuntu0.5) ...
desktop	Native Tauri prerequisites and approved Rust compiler	2026-10-03T16:24:51.0611968Z Selecting previously unselected package libharfbuzz-icu0:amd64.
desktop	Native Tauri prerequisites and approved Rust compiler	2026-10-03T16:24:51.0749126Z Preparing to unpack .../071-libharfbuzz-icu0_8.3.0-2build2_amd64.deb ...
desktop	Native Tauri prerequisites and approved Rust compiler	2026-10-03T16:24:51.0757447Z Unpacking libharfbuzz-icu0:amd64 (8.3.0-2build2) ...
desktop	Native Tauri prerequisites and approved Rust compiler	2026-10-03T16:24:51.1558656Z Selecting previously unselected package libhyphen0:amd64.
desktop	Native Tauri prerequisites and approved Rust compiler	2026-10-03T16:24:51.1693881Z Preparing to unpack .../072-libhyphen0_2.8.8-7build3_amd64.deb ...
desktop	Native Tauri prerequisites and approved Rust compiler	2026-10-03T16:24:51.1701444Z Unpacking libhyphen0:amd64 (2.8.8-7build3) ...
desktop	Native Tauri prerequisites and approved Rust compiler	2026-10-03T16:24:51.1914823Z Selecting previously unselected package libmanette-0.2-0:amd64.
desktop	Native Tauri prerequisites and approved Rust compiler	2026-10-03T16:24:51.2048763Z Preparing to unpack .../073-libmanette-0.2-0_0.2.7-1build2_amd64.deb ...
desktop	Native Tauri prerequisites and approved Rust compiler	2026-10-03T16:24:51.2090204Z Unpacking libmanette-0.2-0:amd64 (0.2.7-1build2) ...
desktop	Native Tauri prerequisites and approved Rust compiler	2026-10-03T16:24:51.2292651Z Selecting previously unselected package libsecret-common.
desktop	Native Tauri prerequisites and approved Rust compiler	2026-10-03T16:24:51.2422437Z Preparing to unpack .../074-libsecret-common_0.21.4-1build3_all.deb ...
desktop	Native Tauri prerequisites and approved Rust compiler	2026-10-03T16:24:51.2870286Z Unpacking libsecret-common (0.21.4-1build3) ...
desktop	Native Tauri prerequisites and approved Rust compiler	2026-10-03T16:24:51.3080991Z Selecting previously unselected package libsecret-1-0:amd64.
desktop	Native Tauri prerequisites and approved Rust compiler	2026-10-03T16:24:51.3222015Z Preparing to unpack .../075-libsecret-1-0_0.21.4-1build3_amd64.deb ...
desktop	Native Tauri prerequisites and approved Rust compiler	2026-10-03T16:24:51.3229309Z Unpacking libsecret-1-0:amd64 (0.21.4-1build3) ...
desktop	Native Tauri prerequisites and approved Rust compiler	2026-10-03T16:24:51.3463461Z Selecting previously unselected package libwayland-server0:amd64.
desktop	Native Tauri prerequisites and approved Rust compiler	2026-10-03T16:24:51.3601343Z Preparing to unpack .../076-libwayland-server0_1.22.0-2.1build1_amd64.deb ...
desktop	Native Tauri prerequisites and approved Rust compiler	2026-10-03T16:24:51.3608386Z Unpacking libwayland-server0:amd64 (1.22.0-2.1build1) ...
desktop	Native Tauri prerequisites and approved Rust compiler	2026-10-03T16:24:51.3816856Z Selecting previously unselected package libwebkit2gtk-4.1-0:amd64.
desktop	Native Tauri prerequisites and approved Rust compiler	2026-10-03T16:24:51.3947811Z Preparing to unpack .../077-libwebkit2gtk-4.1-0_2.52.6-0ubuntu0.24.04.1_amd64.deb ...
desktop	Native Tauri prerequisites and approved Rust compiler	2026-10-03T16:24:51.3954009Z Unpacking libwebkit2gtk-4.1-0:amd64 (2.52.6-0ubuntu0.24.04.1) ...
desktop	Native Tauri prerequisites and approved Rust compiler	2026-10-03T16:24:52.2513637Z Selecting previously unselected package gir1.2-webkit2-4.1:amd64.
desktop	Native Tauri prerequisites and approved Rust compiler	2026-10-03T16:24:52.2651161Z Preparing to unpack .../078-gir1.2-webkit2-4.1_2.52.6-0ubuntu0.24.04.1_amd64.deb ...
desktop	Native Tauri prerequisites and approved Rust compiler	2026-10-03T16:24:52.2658144Z Unpacking gir1.2-webkit2-4.1:amd64 (2.52.6-0ubuntu0.24.04.1) ...
desktop	Native Tauri prerequisites and approved Rust compiler	2026-10-03T16:24:52.3122712Z Selecting previously unselected package python3-mako.
desktop	Native Tauri prerequisites and approved Rust compiler	2026-10-03T16:24:52.3261829Z Preparing to unpack .../079-python3-mako_1.3.2-1ubuntu0.1_all.deb ...
desktop	Native Tauri prerequisites and approved Rust compiler	2026-10-03T16:24:52.3268526Z Unpacking python3-mako (1.3.2-1ubuntu0.1) ...
desktop	Native Tauri prerequisites and approved Rust compiler	2026-10-03T16:24:52.3558451Z Selecting previously unselected package python3-markdown.
desktop	Native Tauri prerequisites and approved Rust compiler	2026-10-03T16:24:52.3695151Z Preparing to unpack .../080-python3-markdown_3.5.2-1_all.deb ...
desktop	Native Tauri prerequisites and approved Rust compiler	2026-10-03T16:24:52.3703437Z Unpacking python3-markdown (3.5.2-1) ...
desktop	Native Tauri prerequisites and approved Rust compiler	2026-10-03T16:24:52.4213742Z Selecting previously unselected package gobject-introspection-bin.
desktop	Native Tauri prerequisites and approved Rust compiler	2026-10-03T16:24:52.4354017Z Preparing to unpack .../081-gobject-introspection-bin_1.80.1-1_amd64.deb ...
desktop	Native Tauri prerequisites and approved Rust compiler	2026-10-03T16:24:52.4361404Z Unpacking gobject-introspection-bin (1.80.1-1) ...
desktop	Native Tauri prerequisites and approved Rust compiler	2026-10-03T16:24:52.5408117Z Selecting previously unselected package libglib2.0-dev-bin.
desktop	Native Tauri prerequisites and approved Rust compiler	2026-10-03T16:24:52.5547115Z Preparing to unpack .../082-libglib2.0-dev-bin_2.80.0-6ubuntu3.9_amd64.deb ...
desktop	Native Tauri prerequisites and approved Rust compiler	2026-10-03T16:24:52.5553939Z Unpacking libglib2.0-dev-bin (2.80.0-6ubuntu3.9) ...
desktop	Native Tauri prerequisites and approved Rust compiler	2026-10-03T16:24:52.5838173Z Selecting previously unselected package uuid-dev:amd64.
desktop	Native Tauri prerequisites and approved Rust compiler	2026-10-03T16:24:52.5971084Z Preparing to unpack .../083-uuid-dev_2.39.3-9ubuntu6.6_amd64.deb ...
desktop	Native Tauri prerequisites and approved Rust compiler	2026-10-03T16:24:52.5978226Z Unpacking uuid-dev:amd64 (2.39.3-9ubuntu6.6) ...
desktop	Native Tauri prerequisites and approved Rust compiler	2026-10-03T16:24:52.6543310Z Selecting previously unselected package libblkid-dev:amd64.
desktop	Native Tauri prerequisites and approved Rust compiler	2026-10-03T16:24:52.6678897Z Preparing to unpack .../084-libblkid-dev_2.39.3-9ubuntu6.6_amd64.deb ...
desktop	Native Tauri prerequisites and approved Rust compiler	2026-10-03T16:24:52.6686953Z Unpacking libblkid-dev:amd64 (2.39.3-9ubuntu6.6) ...
desktop	Native Tauri prerequisites and approved Rust compiler	2026-10-03T16:24:52.6971385Z Selecting previously unselected package libsepol-dev:amd64.
desktop	Native Tauri prerequisites and approved Rust compiler	2026-10-03T16:24:52.7106482Z Preparing to unpack .../085-libsepol-dev_3.5-2build1_amd64.deb ...
desktop	Native Tauri prerequisites and approved Rust compiler	2026-10-03T16:24:52.7113498Z Unpacking libsepol-dev:amd64 (3.5-2build1) ...
desktop	Native Tauri prerequisites and approved Rust compiler	2026-10-03T16:24:52.7458735Z Selecting previously unselected package libselinux1-dev:amd64.
desktop	Native Tauri prerequisites and approved Rust compiler	2026-10-03T16:24:52.7593684Z Preparing to unpack .../086-libselinux1-dev_3.5-2ubuntu2.1_amd64.deb ...
desktop	Native Tauri prerequisites and approved Rust compiler	2026-10-03T16:24:52.7601124Z Unpacking libselinux1-dev:amd64 (3.5-2ubuntu2.1) ...
desktop	Native Tauri prerequisites and approved Rust compiler	2026-10-03T16:24:52.8031612Z Selecting previously unselected package libmount-dev:amd64.
desktop	Native Tauri prerequisites and approved Rust compiler	2026-10-03T16:24:52.8169593Z Preparing to unpack .../087-libmount-dev_2.39.3-9ubuntu6.6_amd64.deb ...
desktop	Native Tauri prerequisites and approved Rust compiler	2026-10-03T16:24:52.8178399Z Unpacking libmount-dev:amd64 (2.39.3-9ubuntu6.6) ...
desktop	Native Tauri prerequisites and approved Rust compiler	2026-10-03T16:24:52.8580450Z Selecting previously unselected package libgirepository-2.0-0:amd64.
desktop	Native Tauri prerequisites and approved Rust compiler	2026-10-03T16:24:52.8718582Z Preparing to unpack .../088-libgirepository-2.0-0_2.80.0-6ubuntu3.9_amd64.deb ...
desktop	Native Tauri prerequisites and approved Rust compiler	2026-10-03T16:24:52.8725884Z Unpacking libgirepository-2.0-0:amd64 (2.80.0-6ubuntu3.9) ...
desktop	Native Tauri prerequisites and approved Rust compiler	2026-10-03T16:24:52.8930281Z Selecting previously unselected package libglib2.0-dev:amd64.
desktop	Native Tauri prerequisites and approved Rust compiler	2026-10-03T16:24:52.9063175Z Preparing to unpack .../089-libglib2.0-dev_2.80.0-6ubuntu3.9_amd64.deb ...
desktop	Native Tauri prerequisites and approved Rust compiler	2026-10-03T16:24:52.9069996Z Unpacking libglib2.0-dev:amd64 (2.80.0-6ubuntu3.9) ...
desktop	Native Tauri prerequisites and approved Rust compiler	2026-10-03T16:24:53.0460275Z Selecting previously unselected package gobject-introspection:amd64.
desktop	Native Tauri prerequisites and approved Rust compiler	2026-10-03T16:24:53.0600004Z Preparing to unpack .../090-gobject-introspection_1.80.1-1_amd64.deb ...
desktop	Native Tauri prerequisites and approved Rust compiler	2026-10-03T16:24:53.0807047Z Unpacking gobject-introspection:amd64 (1.80.1-1) ...
desktop	Native Tauri prerequisites and approved Rust compiler	2026-10-03T16:24:53.1063519Z Selecting previously unselected package libgraphene-1.0-0:amd64.
desktop	Native Tauri prerequisites and approved Rust compiler	2026-10-03T16:24:53.1201238Z Preparing to unpack .../091-libgraphene-1.0-0_1.10.8-3build2_amd64.deb ...
desktop	Native Tauri prerequisites and approved Rust compiler	2026-10-03T16:24:53.1208167Z Unpacking libgraphene-1.0-0:amd64 (1.10.8-3build2) ...
desktop	Native Tauri prerequisites and approved Rust compiler	2026-10-03T16:24:53.1425340Z Selecting previously unselected package gstreamer1.0-gl:amd64.
desktop	Native Tauri prerequisites and approved Rust compiler	2026-10-03T16:24:53.1558621Z Preparing to unpack .../092-gstreamer1.0-gl_1.24.2-1ubuntu0.5_amd64.deb ...
desktop	Native Tauri prerequisites and approved Rust compiler	2026-10-03T16:24:53.1566031Z Unpacking gstreamer1.0-gl:amd64 (1.24.2-1ubuntu0.5) ...
desktop	Native Tauri prerequisites and approved Rust compiler	2026-10-03T16:24:53.1792788Z Selecting previously unselected package libxv1:amd64.
desktop	Native Tauri prerequisites and approved Rust compiler	2026-10-03T16:24:53.1926435Z Preparing to unpack .../093-libxv1_2%3a1.0.11-1.1build1_amd64.deb ...
desktop	Native Tauri prerequisites and approved Rust compiler	2026-10-03T16:24:53.1965665Z Unpacking libxv1:amd64 (2:1.0.11-1.1build1) ...
desktop	Native Tauri prerequisites and approved Rust compiler	2026-10-03T16:24:53.2163320Z Selecting previously unselected package gstreamer1.0-x:amd64.
desktop	Native Tauri prerequisites and approved Rust compiler	2026-10-03T16:24:53.2296568Z Preparing to unpack .../094-gstreamer1.0-x_1.24.2-1ubuntu0.5_amd64.deb ...
desktop	Native Tauri prerequisites and approved Rust compiler	2026-10-03T16:24:53.2306073Z Unpacking gstreamer1.0-x:amd64 (1.24.2-1ubuntu0.5) ...
desktop	Native Tauri prerequisites and approved Rust compiler	2026-10-03T16:24:53.2526097Z Selecting previously unselected package libdbusmenu-glib-dev:amd64.
desktop	Native Tauri prerequisites and approved Rust compiler	2026-10-03T16:24:53.2669866Z Preparing to unpack .../095-libdbusmenu-glib-dev_18.10.20180917~bzr492+repack1-3.1ubuntu5_amd64.deb ...
desktop	Native Tauri prerequisites and approved Rust compiler	2026-10-03T16:24:53.2832130Z Unpacking libdbusmenu-glib-dev:amd64 (18.10.20180917~bzr492+repack1-3.1ubuntu5) ...
desktop	Native Tauri prerequisites and approved Rust compiler	2026-10-03T16:24:53.3106477Z Selecting previously unselected package libdbus-1-dev:amd64.
desktop	Native Tauri prerequisites and approved Rust compiler	2026-10-03T16:24:53.3243831Z Preparing to unpack .../096-libdbus-1-dev_1.14.10-4ubuntu4.1_amd64.deb ...
desktop	Native Tauri prerequisites and approved Rust compiler	2026-10-03T16:24:53.3250324Z Unpacking libdbus-1-dev:amd64 (1.14.10-4ubuntu4.1) ...
desktop	Native Tauri prerequisites and approved Rust compiler	2026-10-03T16:24:53.3634711Z Selecting previously unselected package libdbus-glib-1-2:amd64.
desktop	Native Tauri prerequisites and approved Rust compiler	2026-10-03T16:24:53.3767471Z Preparing to unpack .../097-libdbus-glib-1-2_0.112-3build2_amd64.deb ...
desktop	Native Tauri prerequisites and approved Rust compiler	2026-10-03T16:24:53.3774812Z Unpacking libdbus-glib-1-2:amd64 (0.112-3build2) ...
desktop	Native Tauri prerequisites and approved Rust compiler	2026-10-03T16:24:53.3989733Z Selecting previously unselected package libdbus-glib-1-dev-bin.
desktop	Native Tauri prerequisites and approved Rust compiler	2026-10-03T16:24:53.4127964Z Preparing to unpack .../098-libdbus-glib-1-dev-bin_0.112-3build2_amd64.deb ...
desktop	Native Tauri prerequisites and approved Rust compiler	2026-10-03T16:24:53.4134078Z Unpacking libdbus-glib-1-dev-bin (0.112-3build2) ...
desktop	Native Tauri prerequisites and approved Rust compiler	2026-10-03T16:24:53.4357856Z Selecting previously unselected package libdbus-glib-1-dev:amd64.
desktop	Native Tauri prerequisites and approved Rust compiler	2026-10-03T16:24:53.4494119Z Preparing to unpack .../099-libdbus-glib-1-dev_0.112-3build2_amd64.deb ...
desktop	Native Tauri prerequisites and approved Rust compiler	2026-10-03T16:24:53.4501054Z Unpacking libdbus-glib-1-dev:amd64 (0.112-3build2) ...
desktop	Native Tauri prerequisites and approved Rust compiler	2026-10-03T16:24:53.4742664Z Selecting previously unselected package libatk1.0-dev:amd64.
desktop	Native Tauri prerequisites and approved Rust compiler	2026-10-03T16:24:53.4880357Z Preparing to unpack .../100-libatk1.0-dev_2.52.0-1build1_amd64.deb ...
desktop	Native Tauri prerequisites and approved Rust compiler	2026-10-03T16:24:53.5003842Z Unpacking libatk1.0-dev:amd64 (2.52.0-1build1) ...
desktop	Native Tauri prerequisites and approved Rust compiler	2026-10-03T16:24:53.5315680Z Selecting previously unselected package xorg-sgml-doctools.
desktop	Native Tauri prerequisites and approved Rust compiler	2026-10-03T16:24:53.5451653Z Preparing to unpack .../101-xorg-sgml-doctools_1%3a1.11-1.1_all.deb ...
desktop	Native Tauri prerequisites and approved Rust compiler	2026-10-03T16:24:53.5458807Z Unpacking xorg-sgml-doctools (1:1.11-1.1) ...
desktop	Native Tauri prerequisites and approved Rust compiler	2026-10-03T16:24:53.5705091Z Selecting previously unselected package x11proto-dev.
desktop	Native Tauri prerequisites and approved Rust compiler	2026-10-03T16:24:53.5839627Z Preparing to unpack .../102-x11proto-dev_2023.2-1_all.deb ...
desktop	Native Tauri prerequisites and approved Rust compiler	2026-10-03T16:24:53.5846616Z Unpacking x11proto-dev (2023.2-1) ...
desktop	Native Tauri prerequisites and approved Rust compiler	2026-10-03T16:24:53.6328871Z Selecting previously unselected package libxau-dev:amd64.
desktop	Native Tauri prerequisites and approved Rust compiler	2026-10-03T16:24:53.6467145Z Preparing to unpack .../103-libxau-dev_1%3a1.0.9-1build6_amd64.deb ...
desktop	Native Tauri prerequisites and approved Rust compiler	2026-10-03T16:24:53.6474858Z Unpacking libxau-dev:amd64 (1:1.0.9-1build6) ...
desktop	Native Tauri prerequisites and approved Rust compiler	2026-10-03T16:24:53.6687767Z Selecting previously unselected package libxdmcp-dev:amd64.
desktop	Native Tauri prerequisites and approved Rust compiler	2026-10-03T16:24:53.6817139Z Preparing to unpack .../104-libxdmcp-dev_1%3a1.1.3-0ubuntu6_amd64.deb ...
desktop	Native Tauri prerequisites and approved Rust compiler	2026-10-03T16:24:53.6823658Z Unpacking libxdmcp-dev:amd64 (1:1.1.3-0ubuntu6) ...
desktop	Native Tauri prerequisites and approved Rust compiler	2026-10-03T16:24:53.7025087Z Selecting previously unselected package xtrans-dev.
desktop	Native Tauri prerequisites and approved Rust compiler	2026-10-03T16:24:53.7156903Z Preparing to unpack .../105-xtrans-dev_1.4.0-1_all.deb ...
desktop	Native Tauri prerequisites and approved Rust compiler	2026-10-03T16:24:53.7242483Z Unpacking xtrans-dev (1.4.0-1) ...
desktop	Native Tauri prerequisites and approved Rust compiler	2026-10-03T16:24:53.7485471Z Selecting previously unselected package libpthread-stubs0-dev:amd64.
desktop	Native Tauri prerequisites and approved Rust compiler	2026-10-03T16:24:53.7620135Z Preparing to unpack .../106-libpthread-stubs0-dev_0.4-1build3_amd64.deb ...
desktop	Native Tauri prerequisites and approved Rust compiler	2026-10-03T16:24:53.7627185Z Unpacking libpthread-stubs0-dev:amd64 (0.4-1build3) ...
desktop	Native Tauri prerequisites and approved Rust compiler	2026-10-03T16:24:53.7834768Z Selecting previously unselected package libxcb1-dev:amd64.
desktop	Native Tauri prerequisites and approved Rust compiler	2026-10-03T16:24:53.7969446Z Preparing to unpack .../107-libxcb1-dev_1.15-1ubuntu2_amd64.deb ...
desktop	Native Tauri prerequisites and approved Rust compiler	2026-10-03T16:24:53.7976224Z Unpacking libxcb1-dev:amd64 (1.15-1ubuntu2) ...
desktop	Native Tauri prerequisites and approved Rust compiler	2026-10-03T16:24:53.8212109Z Selecting previously unselected package libx11-dev:amd64.
desktop	Native Tauri prerequisites and approved Rust compiler	2026-10-03T16:24:53.8342035Z Preparing to unpack .../108-libx11-dev_2%3a1.8.7-1build1_amd64.deb ...
desktop	Native Tauri prerequisites and approved Rust compiler	2026-10-03T16:24:53.8348927Z Unpacking libx11-dev:amd64 (2:1.8.7-1build1) ...
desktop	Native Tauri prerequisites and approved Rust compiler	2026-10-03T16:24:53.8757277Z Selecting previously unselected package libxext-dev:amd64.
desktop	Native Tauri prerequisites and approved Rust compiler	2026-10-03T16:24:53.8889166Z Preparing to unpack .../109-libxext-dev_2%3a1.3.4-1build2_amd64.deb ...
desktop	Native Tauri prerequisites and approved Rust compiler	2026-10-03T16:24:53.8894566Z Unpacking libxext-dev:amd64 (2:1.3.4-1build2) ...
desktop	Native Tauri prerequisites and approved Rust compiler	2026-10-03T16:24:53.9181662Z Selecting previously unselected package libxfixes-dev:amd64.
desktop	Native Tauri prerequisites and approved Rust compiler	2026-10-03T16:24:53.9311407Z Preparing to unpack .../110-libxfixes-dev_1%3a6.0.0-2build1_amd64.deb ...
desktop	Native Tauri prerequisites and approved Rust compiler	2026-10-03T16:24:53.9481871Z Unpacking libxfixes-dev:amd64 (1:6.0.0-2build1) ...
desktop	Native Tauri prerequisites and approved Rust compiler	2026-10-03T16:24:53.9679180Z Selecting previously unselected package libxi-dev:amd64.
desktop	Native Tauri prerequisites and approved Rust compiler	2026-10-03T16:24:53.9812380Z Preparing to unpack .../111-libxi-dev_2%3a1.8.1-1build1_amd64.deb ...
desktop	Native Tauri prerequisites and approved Rust compiler	2026-10-03T16:24:53.9821153Z Unpacking libxi-dev:amd64 (2:1.8.1-1build1) ...
desktop	Native Tauri prerequisites and approved Rust compiler	2026-10-03T16:24:54.0124513Z Selecting previously unselected package libxtst-dev:amd64.
desktop	Native Tauri prerequisites and approved Rust compiler	2026-10-03T16:24:54.0262803Z Preparing to unpack .../112-libxtst-dev_2%3a1.2.3-1.1build1_amd64.deb ...
desktop	Native Tauri prerequisites and approved Rust compiler	2026-10-03T16:24:54.0270429Z Unpacking libxtst-dev:amd64 (2:1.2.3-1.1build1) ...
desktop	Native Tauri prerequisites and approved Rust compiler	2026-10-03T16:24:54.0493441Z Selecting previously unselected package libatspi2.0-dev:amd64.
desktop	Native Tauri prerequisites and approved Rust compiler	2026-10-03T16:24:54.0633761Z Preparing to unpack .../113-libatspi2.0-dev_2.52.0-1build1_amd64.deb ...
desktop	Native Tauri prerequisites and approved Rust compiler	2026-10-03T16:24:54.0640331Z Unpacking libatspi2.0-dev:amd64 (2.52.0-1build1) ...
desktop	Native Tauri prerequisites and approved Rust compiler	2026-10-03T16:24:54.0913418Z Selecting previously unselected package libatk-bridge2.0-dev:amd64.
desktop	Native Tauri prerequisites and approved Rust compiler	2026-10-03T16:24:54.1050563Z Preparing to unpack .../114-libatk-bridge2.0-dev_2.52.0-1build1_amd64.deb ...
desktop	Native Tauri prerequisites and approved Rust compiler	2026-10-03T16:24:54.1057113Z Unpacking libatk-bridge2.0-dev:amd64 (2.52.0-1build1) ...
desktop	Native Tauri prerequisites and approved Rust compiler	2026-10-03T16:24:54.1281330Z Selecting previously unselected package libcairo-script-interpreter2:amd64.
desktop	Native Tauri prerequisites and approved Rust compiler	2026-10-03T16:24:54.1434037Z Preparing to unpack .../115-libcairo-script-interpreter2_1.18.0-3build1_amd64.deb ...
desktop	Native Tauri prerequisites and approved Rust compiler	2026-10-03T16:24:54.1630885Z Unpacking libcairo-script-interpreter2:amd64 (1.18.0-3build1) ...
desktop	Native Tauri prerequisites and approved Rust compiler	2026-10-03T16:24:54.1847821Z Selecting previously unselected package libbrotli-dev:amd64.
desktop	Native Tauri prerequisites and approved Rust compiler	2026-10-03T16:24:54.1988342Z Preparing to unpack .../116-libbrotli-dev_1.1.0-2build2_amd64.deb ...
desktop	Native Tauri prerequisites and approved Rust compiler	2026-10-03T16:24:54.1994197Z Unpacking libbrotli-dev:amd64 (1.1.0-2build2) ...
desktop	Native Tauri prerequisites and approved Rust compiler	2026-10-03T16:24:54.2277841Z Selecting previously unselected package libbz2-dev:amd64.
desktop	Native Tauri prerequisites and approved Rust compiler	2026-10-03T16:24:54.2417251Z Preparing to unpack .../117-libbz2-dev_1.0.8-5.1ubuntu0.1_amd64.deb ...
desktop	Native Tauri prerequisites and approved Rust compiler	2026-10-03T16:24:54.2422958Z Unpacking libbz2-dev:amd64 (1.0.8-5.1ubuntu0.1) ...
desktop	Native Tauri prerequisites and approved Rust compiler	2026-10-03T16:24:54.2698096Z Selecting previously unselected package libpng-dev:amd64.
desktop	Native Tauri prerequisites and approved Rust compiler	2026-10-03T16:24:54.2835392Z Preparing to unpack .../118-libpng-dev_1.6.43-5ubuntu0.6_amd64.deb ...
desktop	Native Tauri prerequisites and approved Rust compiler	2026-10-03T16:24:54.2841970Z Unpacking libpng-dev:amd64 (1.6.43-5ubuntu0.6) ...
desktop	Native Tauri prerequisites and approved Rust compiler	2026-10-03T16:24:54.3115174Z Selecting previously unselected package libfreetype-dev:amd64.
desktop	Native Tauri prerequisites and approved Rust compiler	2026-10-03T16:24:54.3253831Z Preparing to unpack .../119-libfreetype-dev_2.13.2+dfsg-1ubuntu0.1_amd64.deb ...
desktop	Native Tauri prerequisites and approved Rust compiler	2026-10-03T16:24:54.3262247Z Unpacking libfreetype-dev:amd64 (2.13.2+dfsg-1ubuntu0.1) ...
desktop	Native Tauri prerequisites and approved Rust compiler	2026-10-03T16:24:54.3808601Z Selecting previously unselected package libfontconfig-dev:amd64.
desktop	Native Tauri prerequisites and approved Rust compiler	2026-10-03T16:24:54.3981025Z Preparing to unpack .../120-libfontconfig-dev_2.15.0-1.1ubuntu2_amd64.deb ...
desktop	Native Tauri prerequisites and approved Rust compiler	2026-10-03T16:24:54.3989431Z Unpacking libfontconfig-dev:amd64 (2.15.0-1.1ubuntu2) ...
desktop	Native Tauri prerequisites and approved Rust compiler	2026-10-03T16:24:54.4233848Z Selecting previously unselected package libpixman-1-dev:amd64.
desktop	Native Tauri prerequisites and approved Rust compiler	2026-10-03T16:24:54.4372362Z Preparing to unpack .../121-libpixman-1-dev_0.42.2-1build1_amd64.deb ...
desktop	Native Tauri prerequisites and approved Rust compiler	2026-10-03T16:24:54.4379293Z Unpacking libpixman-1-dev:amd64 (0.42.2-1build1) ...
desktop	Native Tauri prerequisites and approved Rust compiler	2026-10-03T16:24:54.4645559Z Selecting previously unselected package libice-dev:amd64.
desktop	Native Tauri prerequisites and approved Rust compiler	2026-10-03T16:24:54.4782361Z Preparing to unpack .../122-libice-dev_2%3a1.0.10-1build3_amd64.deb ...
desktop	Native Tauri prerequisites and approved Rust compiler	2026-10-03T16:24:54.4789054Z Unpacking libice-dev:amd64 (2:1.0.10-1build3) ...
desktop	Native Tauri prerequisites and approved Rust compiler	2026-10-03T16:24:54.5008445Z Selecting previously unselected package libsm-dev:amd64.
desktop	Native Tauri prerequisites and approved Rust compiler	2026-10-03T16:24:54.5142662Z Preparing to unpack .../123-libsm-dev_2%3a1.2.3-1build3_amd64.deb ...
desktop	Native Tauri prerequisites and approved Rust compiler	2026-10-03T16:24:54.5149794Z Unpacking libsm-dev:amd64 (2:1.2.3-1build3) ...
desktop	Native Tauri prerequisites and approved Rust compiler	2026-10-03T16:24:54.5354551Z Selecting previously unselected package libxcb-render0-dev:amd64.
desktop	Native Tauri prerequisites and approved Rust compiler	2026-10-03T16:24:54.5486133Z Preparing to unpack .../124-libxcb-render0-dev_1.15-1ubuntu2_amd64.deb ...
desktop	Native Tauri prerequisites and approved Rust compiler	2026-10-03T16:24:54.5497354Z Unpacking libxcb-render0-dev:amd64 (1.15-1ubuntu2) ...
desktop	Native Tauri prerequisites and approved Rust compiler	2026-10-03T16:24:54.5707861Z Selecting previously unselected package libxcb-shm0-dev:amd64.
desktop	Native Tauri prerequisites and approved Rust compiler	2026-10-03T16:24:54.5838349Z Preparing to unpack .../125-libxcb-shm0-dev_1.15-1ubuntu2_amd64.deb ...
desktop	Native Tauri prerequisites and approved Rust compiler	2026-10-03T16:24:54.5844905Z Unpacking libxcb-shm0-dev:amd64 (1.15-1ubuntu2) ...
desktop	Native Tauri prerequisites and approved Rust compiler	2026-10-03T16:24:54.6199830Z Selecting previously unselected package libxrender-dev:amd64.
desktop	Native Tauri prerequisites and approved Rust compiler	2026-10-03T16:24:54.6335972Z Preparing to unpack .../126-libxrender-dev_1%3a0.9.10-1.1build1_amd64.deb ...
desktop	Native Tauri prerequisites and approved Rust compiler	2026-10-03T16:24:54.6342904Z Unpacking libxrender-dev:amd64 (1:0.9.10-1.1build1) ...
desktop	Native Tauri prerequisites and approved Rust compiler	2026-10-03T16:24:54.6547747Z Selecting previously unselected package libcairo2-dev:amd64.
desktop	Native Tauri prerequisites and approved Rust compiler	2026-10-03T16:24:54.6682372Z Preparing to unpack .../127-libcairo2-dev_1.18.0-3build1_amd64.deb ...
desktop	Native Tauri prerequisites and approved Rust compiler	2026-10-03T16:24:54.6689600Z Unpacking libcairo2-dev:amd64 (1.18.0-3build1) ...
desktop	Native Tauri prerequisites and approved Rust compiler	2026-10-03T16:24:54.6934589Z Selecting previously unselected package libglx-dev:amd64.
desktop	Native Tauri prerequisites and approved Rust compiler	2026-10-03T16:24:54.7070021Z Preparing to unpack .../128-libglx-dev_1.7.0-1build1_amd64.deb ...
desktop	Native Tauri prerequisites and approved Rust compiler	2026-10-03T16:24:54.7077016Z Unpacking libglx-dev:amd64 (1.7.0-1build1) ...
desktop	Native Tauri prerequisites and approved Rust compiler	2026-10-03T16:24:54.7278765Z Selecting previously unselected package libgl-dev:amd64.
desktop	Native Tauri prerequisites and approved Rust compiler	2026-10-03T16:24:54.7411174Z Preparing to unpack .../129-libgl-dev_1.7.0-1build1_amd64.deb ...
desktop	Native Tauri prerequisites and approved Rust compiler	2026-10-03T16:24:54.7422271Z Unpacking libgl-dev:amd64 (1.7.0-1build1) ...
desktop	Native Tauri prerequisites and approved Rust compiler	2026-10-03T16:24:54.7674086Z Selecting previously unselected package libegl-dev:amd64.
desktop	Native Tauri prerequisites and approved Rust compiler	2026-10-03T16:24:54.7807358Z Preparing to unpack .../130-libegl-dev_1.7.0-1build1_amd64.deb ...
desktop	Native Tauri prerequisites and approved Rust compiler	2026-10-03T16:24:54.7814336Z Unpacking libegl-dev:amd64 (1.7.0-1build1) ...
desktop	Native Tauri prerequisites and approved Rust compiler	2026-10-03T16:24:54.8026623Z Selecting previously unselected package libglvnd-core-dev:amd64.
desktop	Native Tauri prerequisites and approved Rust compiler	2026-10-03T16:24:54.8160362Z Preparing to unpack .../131-libglvnd-core-dev_1.7.0-1build1_amd64.deb ...
desktop	Native Tauri prerequisites and approved Rust compiler	2026-10-03T16:24:54.8281900Z Unpacking libglvnd-core-dev:amd64 (1.7.0-1build1) ...
desktop	Native Tauri prerequisites and approved Rust compiler	2026-10-03T16:24:54.8494440Z Selecting previously unselected package libgles1:amd64.
desktop	Native Tauri prerequisites and approved Rust compiler	2026-10-03T16:24:54.8626927Z Preparing to unpack .../132-libgles1_1.7.0-1build1_amd64.deb ...
desktop	Native Tauri prerequisites and approved Rust compiler	2026-10-03T16:24:54.8639322Z Unpacking libgles1:amd64 (1.7.0-1build1) ...
desktop	Native Tauri prerequisites and approved Rust compiler	2026-10-03T16:24:54.8847344Z Selecting previously unselected package libgles-dev:amd64.
desktop	Native Tauri prerequisites and approved Rust compiler	2026-10-03T16:24:54.8979646Z Preparing to unpack .../133-libgles-dev_1.7.0-1build1_amd64.deb ...
desktop	Native Tauri prerequisites and approved Rust compiler	2026-10-03T16:24:54.8985680Z Unpacking libgles-dev:amd64 (1.7.0-1build1) ...
desktop	Native Tauri prerequisites and approved Rust compiler	2026-10-03T16:24:54.9236300Z Selecting previously unselected package libopengl0:amd64.
desktop	Native Tauri prerequisites and approved Rust compiler	2026-10-03T16:24:54.9371609Z Preparing to unpack .../134-libopengl0_1.7.0-1build1_amd64.deb ...
desktop	Native Tauri prerequisites and approved Rust compiler	2026-10-03T16:24:54.9377982Z Unpacking libopengl0:amd64 (1.7.0-1build1) ...
desktop	Native Tauri prerequisites and approved Rust compiler	2026-10-03T16:24:54.9588057Z Selecting previously unselected package libopengl-dev:amd64.
desktop	Native Tauri prerequisites and approved Rust compiler	2026-10-03T16:24:54.9725286Z Preparing to unpack .../135-libopengl-dev_1.7.0-1build1_amd64.deb ...
desktop	Native Tauri prerequisites and approved Rust compiler	2026-10-03T16:24:54.9736618Z Unpacking libopengl-dev:amd64 (1.7.0-1build1) ...
desktop	Native Tauri prerequisites and approved Rust compiler	2026-10-03T16:24:54.9945408Z Selecting previously unselected package libglvnd-dev:amd64.
desktop	Native Tauri prerequisites and approved Rust compiler	2026-10-03T16:24:55.0085296Z Preparing to unpack .../136-libglvnd-dev_1.7.0-1build1_amd64.deb ...
desktop	Native Tauri prerequisites and approved Rust compiler	2026-10-03T16:24:55.0095555Z Unpacking libglvnd-dev:amd64 (1.7.0-1build1) ...
desktop	Native Tauri prerequisites and approved Rust compiler	2026-10-03T16:24:55.0310184Z Selecting previously unselected package libegl1-mesa-dev:amd64.
desktop	Native Tauri prerequisites and approved Rust compiler	2026-10-03T16:24:55.0452608Z Preparing to unpack .../137-libegl1-mesa-dev_25.2.8-0ubuntu0.24.04.4_amd64.deb ...
desktop	Native Tauri prerequisites and approved Rust compiler	2026-10-03T16:24:55.0507333Z Unpacking libegl1-mesa-dev:amd64 (25.2.8-0ubuntu0.24.04.4) ...
desktop	Native Tauri prerequisites and approved Rust compiler	2026-10-03T16:24:55.0784208Z Selecting previously unselected package libepoxy-dev:amd64.
desktop	Native Tauri prerequisites and approved Rust compiler	2026-10-03T16:24:55.0928596Z Preparing to unpack .../138-libepoxy-dev_1.5.10-1build1_amd64.deb ...
desktop	Native Tauri prerequisites and approved Rust compiler	2026-10-03T16:24:55.0963183Z Unpacking libepoxy-dev:amd64 (1.5.10-1build1) ...
desktop	Native Tauri prerequisites and approved Rust compiler	2026-10-03T16:24:55.1435219Z Selecting previously unselected package libfribidi-dev:amd64.
desktop	Native Tauri prerequisites and approved Rust compiler	2026-10-03T16:24:55.1580138Z Preparing to unpack .../139-libfribidi-dev_1.0.13-3build1_amd64.deb ...
desktop	Native Tauri prerequisites and approved Rust compiler	2026-10-03T16:24:55.1591655Z Unpacking libfribidi-dev:amd64 (1.0.13-3build1) ...
desktop	Native Tauri prerequisites and approved Rust compiler	2026-10-03T16:24:55.1900017Z Selecting previously unselected package libgdk-pixbuf2.0-bin.
desktop	Native Tauri prerequisites and approved Rust compiler	2026-10-03T16:24:55.2037975Z Preparing to unpack .../140-libgdk-pixbuf2.0-bin_2.42.10+dfsg-3ubuntu3.3_amd64.deb ...
desktop	Native Tauri prerequisites and approved Rust compiler	2026-10-03T16:24:55.2044787Z Unpacking libgdk-pixbuf2.0-bin (2.42.10+dfsg-3ubuntu3.3) ...
desktop	Native Tauri prerequisites and approved Rust compiler	2026-10-03T16:24:55.2263880Z Selecting previously unselected package libjpeg-turbo8-dev:amd64.
desktop	Native Tauri prerequisites and approved Rust compiler	2026-10-03T16:24:55.2404381Z Preparing to unpack .../141-libjpeg-turbo8-dev_2.1.5-2ubuntu2_amd64.deb ...
desktop	Native Tauri prerequisites and approved Rust compiler	2026-10-03T16:24:55.2414194Z Unpacking libjpeg-turbo8-dev:amd64 (2.1.5-2ubuntu2) ...
desktop	Native Tauri prerequisites and approved Rust compiler	2026-10-03T16:24:55.2893781Z Selecting previously unselected package libjpeg8-dev:amd64.
desktop	Native Tauri prerequisites and approved Rust compiler	2026-10-03T16:24:55.3034753Z Preparing to unpack .../142-libjpeg8-dev_8c-2ubuntu11_amd64.deb ...
desktop	Native Tauri prerequisites and approved Rust compiler	2026-10-03T16:24:55.3041435Z Unpacking libjpeg8-dev:amd64 (8c-2ubuntu11) ...
desktop	Native Tauri prerequisites and approved Rust compiler	2026-10-03T16:24:55.3249305Z Selecting previously unselected package libjpeg-dev:amd64.
desktop	Native Tauri prerequisites and approved Rust compiler	2026-10-03T16:24:55.3392419Z Preparing to unpack .../143-libjpeg-dev_8c-2ubuntu11_amd64.deb ...
desktop	Native Tauri prerequisites and approved Rust compiler	2026-10-03T16:24:55.3399521Z Unpacking libjpeg-dev:amd64 (8c-2ubuntu11) ...
desktop	Native Tauri prerequisites and approved Rust compiler	2026-10-03T16:24:55.3612471Z Selecting previously unselected package libjbig-dev:amd64.
desktop	Native Tauri prerequisites and approved Rust compiler	2026-10-03T16:24:55.3755459Z Preparing to unpack .../144-libjbig-dev_2.1-6.1ubuntu2_amd64.deb ...
desktop	Native Tauri prerequisites and approved Rust compiler	2026-10-03T16:24:55.3762540Z Unpacking libjbig-dev:amd64 (2.1-6.1ubuntu2) ...
desktop	Native Tauri prerequisites and approved Rust compiler	2026-10-03T16:24:55.3987888Z Selecting previously unselected package liblzma-dev:amd64.
desktop	Native Tauri prerequisites and approved Rust compiler	2026-10-03T16:24:55.4131156Z Preparing to unpack .../145-liblzma-dev_5.6.1+really5.4.5-1ubuntu0.3_amd64.deb ...
desktop	Native Tauri prerequisites and approved Rust compiler	2026-10-03T16:24:55.4139083Z Unpacking liblzma-dev:amd64 (5.6.1+really5.4.5-1ubuntu0.3) ...
desktop	Native Tauri prerequisites and approved Rust compiler	2026-10-03T16:24:55.4431768Z Selecting previously unselected package libwebpdecoder3:amd64.
desktop	Native Tauri prerequisites and approved Rust compiler	2026-10-03T16:24:55.4575689Z Preparing to unpack .../146-libwebpdecoder3_1.3.2-0.4build3_amd64.deb ...
desktop	Native Tauri prerequisites and approved Rust compiler	2026-10-03T16:24:55.4583480Z Unpacking libwebpdecoder3:amd64 (1.3.2-0.4build3) ...
desktop	Native Tauri prerequisites and approved Rust compiler	2026-10-03T16:24:55.4930866Z Selecting previously unselected package libsharpyuv-dev:amd64.
desktop	Native Tauri prerequisites and approved Rust compiler	2026-10-03T16:24:55.5075513Z Preparing to unpack .../147-libsharpyuv-dev_1.3.2-0.4build3_amd64.deb ...
desktop	Native Tauri prerequisites and approved Rust compiler	2026-10-03T16:24:55.5083474Z Unpacking libsharpyuv-dev:amd64 (1.3.2-0.4build3) ...
desktop	Native Tauri prerequisites and approved Rust compiler	2026-10-03T16:24:55.5313293Z Selecting previously unselected package libwebp-dev:amd64.
desktop	Native Tauri prerequisites and approved Rust compiler	2026-10-03T16:24:55.5456289Z Preparing to unpack .../148-libwebp-dev_1.3.2-0.4build3_amd64.deb ...
desktop	Native Tauri prerequisites and approved Rust compiler	2026-10-03T16:24:55.5481631Z Unpacking libwebp-dev:amd64 (1.3.2-0.4build3) ...
desktop	Native Tauri prerequisites and approved Rust compiler	2026-10-03T16:24:55.5862578Z Selecting previously unselected package libtiffxx6:amd64.
desktop	Native Tauri prerequisites and approved Rust compiler	2026-10-03T16:24:55.6001230Z Preparing to unpack .../149-libtiffxx6_4.5.1+git230720-4ubuntu2.5_amd64.deb ...
desktop	Native Tauri prerequisites and approved Rust compiler	2026-10-03T16:24:55.6008768Z Unpacking libtiffxx6:amd64 (4.5.1+git230720-4ubuntu2.5) ...
desktop	Native Tauri prerequisites and approved Rust compiler	2026-10-03T16:24:55.6215943Z Selecting previously unselected package libdeflate-dev:amd64.
desktop	Native Tauri prerequisites and approved Rust compiler	2026-10-03T16:24:55.6356506Z Preparing to unpack .../150-libdeflate-dev_1.19-1build1.1_amd64.deb ...
desktop	Native Tauri prerequisites and approved Rust compiler	2026-10-03T16:24:55.6367641Z Unpacking libdeflate-dev:amd64 (1.19-1build1.1) ...
desktop	Native Tauri prerequisites and approved Rust compiler	2026-10-03T16:24:55.6598028Z Selecting previously unselected package liblerc-dev:amd64.
desktop	Native Tauri prerequisites and approved Rust compiler	2026-10-03T16:24:55.6738251Z Preparing to unpack .../151-liblerc-dev_4.0.0+ds-4ubuntu2_amd64.deb ...
desktop	Native Tauri prerequisites and approved Rust compiler	2026-10-03T16:24:55.6745102Z Unpacking liblerc-dev:amd64 (4.0.0+ds-4ubuntu2) ...
desktop	Native Tauri prerequisites and approved Rust compiler	2026-10-03T16:24:55.7333925Z Selecting previously unselected package libtiff-dev:amd64.
desktop	Native Tauri prerequisites and approved Rust compiler	2026-10-03T16:24:55.7474147Z Preparing to unpack .../152-libtiff-dev_4.5.1+git230720-4ubuntu2.5_amd64.deb ...
desktop	Native Tauri prerequisites and approved Rust compiler	2026-10-03T16:24:55.7481241Z Unpacking libtiff-dev:amd64 (4.5.1+git230720-4ubuntu2.5) ...
desktop	Native Tauri prerequisites and approved Rust compiler	2026-10-03T16:24:55.7824229Z Selecting previously unselected package libgdk-pixbuf-2.0-dev:amd64.
desktop	Native Tauri prerequisites and approved Rust compiler	2026-10-03T16:24:55.7962023Z Preparing to unpack .../153-libgdk-pixbuf-2.0-dev_2.42.10+dfsg-3ubuntu3.3_amd64.deb ...
desktop	Native Tauri prerequisites and approved Rust compiler	2026-10-03T16:24:55.7970104Z Unpacking libgdk-pixbuf-2.0-dev:amd64 (2.42.10+dfsg-3ubuntu3.3) ...
desktop	Native Tauri prerequisites and approved Rust compiler	2026-10-03T16:24:55.8246300Z Selecting previously unselected package libharfbuzz-subset0:amd64.
desktop	Native Tauri prerequisites and approved Rust compiler	2026-10-03T16:24:55.8386630Z Preparing to unpack .../154-libharfbuzz-subset0_8.3.0-2build2_amd64.deb ...
desktop	Native Tauri prerequisites and approved Rust compiler	2026-10-03T16:24:55.8394457Z Unpacking libharfbuzz-subset0:amd64 (8.3.0-2build2) ...
desktop	Native Tauri prerequisites and approved Rust compiler	2026-10-03T16:24:55.8719944Z Selecting previously unselected package libharfbuzz-cairo0:amd64.
desktop	Native Tauri prerequisites and approved Rust compiler	2026-10-03T16:24:55.8856867Z Preparing to unpack .../155-libharfbuzz-cairo0_8.3.0-2build2_amd64.deb ...
desktop	Native Tauri prerequisites and approved Rust compiler	2026-10-03T16:24:55.8864823Z Unpacking libharfbuzz-cairo0:amd64 (8.3.0-2build2) ...
desktop	Native Tauri prerequisites and approved Rust compiler	2026-10-03T16:24:55.9088618Z Selecting previously unselected package libgraphite2-dev:amd64.
desktop	Native Tauri prerequisites and approved Rust compiler	2026-10-03T16:24:55.9228645Z Preparing to unpack .../156-libgraphite2-dev_1.3.14-2ubuntu0.24.04.1_amd64.deb ...
desktop	Native Tauri prerequisites and approved Rust compiler	2026-10-03T16:24:55.9402880Z Unpacking libgraphite2-dev:amd64 (1.3.14-2ubuntu0.24.04.1) ...
desktop	Native Tauri prerequisites and approved Rust compiler	2026-10-03T16:24:55.9807739Z Selecting previously unselected package libharfbuzz-dev:amd64.
desktop	Native Tauri prerequisites and approved Rust compiler	2026-10-03T16:24:55.9948390Z Preparing to unpack .../157-libharfbuzz-dev_8.3.0-2build2_amd64.deb ...
desktop	Native Tauri prerequisites and approved Rust compiler	2026-10-03T16:24:55.9956472Z Unpacking libharfbuzz-dev:amd64 (8.3.0-2build2) ...
desktop	Native Tauri prerequisites and approved Rust compiler	2026-10-03T16:24:56.0338652Z Selecting previously unselected package libdatrie-dev:amd64.
desktop	Native Tauri prerequisites and approved Rust compiler	2026-10-03T16:24:56.0483454Z Preparing to unpack .../158-libdatrie-dev_0.2.13-3build1_amd64.deb ...
desktop	Native Tauri prerequisites and approved Rust compiler	2026-10-03T16:24:56.0494611Z Unpacking libdatrie-dev:amd64 (0.2.13-3build1) ...
desktop	Native Tauri prerequisites and approved Rust compiler	2026-10-03T16:24:56.0724271Z Selecting previously unselected package libthai-dev:amd64.
desktop	Native Tauri prerequisites and approved Rust compiler	2026-10-03T16:24:56.0863781Z Preparing to unpack .../159-libthai-dev_0.1.29-2build1_amd64.deb ...
desktop	Native Tauri prerequisites and approved Rust compiler	2026-10-03T16:24:56.0871853Z Unpacking libthai-dev:amd64 (0.1.29-2build1) ...
desktop	Native Tauri prerequisites and approved Rust compiler	2026-10-03T16:24:56.3825758Z Selecting previously unselected package libxft-dev:amd64.
desktop	Native Tauri prerequisites and approved Rust compiler	2026-10-03T16:24:56.3964328Z Preparing to unpack .../160-libxft-dev_2.3.6-1build1_amd64.deb ...
desktop	Native Tauri prerequisites and approved Rust compiler	2026-10-03T16:24:56.3972043Z Unpacking libxft-dev:amd64 (2.3.6-1build1) ...
desktop	Native Tauri prerequisites and approved Rust compiler	2026-10-03T16:24:56.4268621Z Selecting previously unselected package pango1.0-tools.
desktop	Native Tauri prerequisites and approved Rust compiler	2026-10-03T16:24:56.4408284Z Preparing to unpack .../161-pango1.0-tools_1.52.1+ds-1build1_amd64.deb ...
desktop	Native Tauri prerequisites and approved Rust compiler	2026-10-03T16:24:56.4415911Z Unpacking pango1.0-tools (1.52.1+ds-1build1) ...
desktop	Native Tauri prerequisites and approved Rust compiler	2026-10-03T16:24:56.4634683Z Selecting previously unselected package libpango1.0-dev:amd64.
desktop	Native Tauri prerequisites and approved Rust compiler	2026-10-03T16:24:56.4774540Z Preparing to unpack .../162-libpango1.0-dev_1.52.1+ds-1build1_amd64.deb ...
desktop	Native Tauri prerequisites and approved Rust compiler	2026-10-03T16:24:56.4784429Z Unpacking libpango1.0-dev:amd64 (1.52.1+ds-1build1) ...
desktop	Native Tauri prerequisites and approved Rust compiler	2026-10-03T16:24:56.5141958Z Selecting previously unselected package libwayland-bin.
desktop	Native Tauri prerequisites and approved Rust compiler	2026-10-03T16:24:56.5282896Z Preparing to unpack .../163-libwayland-bin_1.22.0-2.1build1_amd64.deb ...
desktop	Native Tauri prerequisites and approved Rust compiler	2026-10-03T16:24:56.5292558Z Unpacking libwayland-bin (1.22.0-2.1build1) ...
desktop	Native Tauri prerequisites and approved Rust compiler	2026-10-03T16:24:56.5504222Z Selecting previously unselected package libwayland-dev:amd64.
desktop	Native Tauri prerequisites and approved Rust compiler	2026-10-03T16:24:56.5641949Z Preparing to unpack .../164-libwayland-dev_1.22.0-2.1build1_amd64.deb ...
desktop	Native Tauri prerequisites and approved Rust compiler	2026-10-03T16:24:56.5648756Z Unpacking libwayland-dev:amd64 (1.22.0-2.1build1) ...
desktop	Native Tauri prerequisites and approved Rust compiler	2026-10-03T16:24:56.6107654Z Selecting previously unselected package libxcomposite-dev:amd64.
desktop	Native Tauri prerequisites and approved Rust compiler	2026-10-03T16:24:56.6247210Z Preparing to unpack .../165-libxcomposite-dev_1%3a0.4.5-1build3_amd64.deb ...
desktop	Native Tauri prerequisites and approved Rust compiler	2026-10-03T16:24:56.6257074Z Unpacking libxcomposite-dev:amd64 (1:0.4.5-1build3) ...
desktop	Native Tauri prerequisites and approved Rust compiler	2026-10-03T16:24:56.6483716Z Selecting previously unselected package libxcursor-dev:amd64.
desktop	Native Tauri prerequisites and approved Rust compiler	2026-10-03T16:24:56.6625007Z Preparing to unpack .../166-libxcursor-dev_1%3a1.2.1-1build1_amd64.deb ...
desktop	Native Tauri prerequisites and approved Rust compiler	2026-10-03T16:24:56.6631241Z Unpacking libxcursor-dev:amd64 (1:1.2.1-1build1) ...
desktop	Native Tauri prerequisites and approved Rust compiler	2026-10-03T16:24:56.6909212Z Selecting previously unselected package libxdamage-dev:amd64.
desktop	Native Tauri prerequisites and approved Rust compiler	2026-10-03T16:24:56.7048609Z Preparing to unpack .../167-libxdamage-dev_1%3a1.1.6-1build1_amd64.deb ...
desktop	Native Tauri prerequisites and approved Rust compiler	2026-10-03T16:24:56.7056296Z Unpacking libxdamage-dev:amd64 (1:1.1.6-1build1) ...
desktop	Native Tauri prerequisites and approved Rust compiler	2026-10-03T16:24:56.7288565Z Selecting previously unselected package libxinerama-dev:amd64.
desktop	Native Tauri prerequisites and approved Rust compiler	2026-10-03T16:24:56.7424504Z Preparing to unpack .../168-libxinerama-dev_2%3a1.1.4-3build1_amd64.deb ...
desktop	Native Tauri prerequisites and approved Rust compiler	2026-10-03T16:24:56.7432878Z Unpacking libxinerama-dev:amd64 (2:1.1.4-3build1) ...
desktop	Native Tauri prerequisites and approved Rust compiler	2026-10-03T16:24:56.7647105Z Selecting previously unselected package libxkbcommon-dev:amd64.
desktop	Native Tauri prerequisites and approved Rust compiler	2026-10-03T16:24:56.7785375Z Preparing to unpack .../169-libxkbcommon-dev_1.6.0-1build1_amd64.deb ...
desktop	Native Tauri prerequisites and approved Rust compiler	2026-10-03T16:24:56.7791999Z Unpacking libxkbcommon-dev:amd64 (1.6.0-1build1) ...
desktop	Native Tauri prerequisites and approved Rust compiler	2026-10-03T16:24:56.8235637Z Selecting previously unselected package libxrandr-dev:amd64.
desktop	Native Tauri prerequisites and approved Rust compiler	2026-10-03T16:24:56.8373512Z Preparing to unpack .../170-libxrandr-dev_2%3a1.5.2-2build1_amd64.deb ...
desktop	Native Tauri prerequisites and approved Rust compiler	2026-10-03T16:24:56.8380755Z Unpacking libxrandr-dev:amd64 (2:1.5.2-2build1) ...
desktop	Native Tauri prerequisites and approved Rust compiler	2026-10-03T16:24:56.8613474Z Selecting previously unselected package wayland-protocols.
desktop	Native Tauri prerequisites and approved Rust compiler	2026-10-03T16:24:56.8756376Z Preparing to unpack .../171-wayland-protocols_1.45-1~ubuntu0.24.04.2_all.deb ...
desktop	Native Tauri prerequisites and approved Rust compiler	2026-10-03T16:24:56.8764297Z Unpacking wayland-protocols (1.45-1~ubuntu0.24.04.2) ...
desktop	Native Tauri prerequisites and approved Rust compiler	2026-10-03T16:24:56.9143936Z Selecting previously unselected package libgtk-3-dev:amd64.
desktop	Native Tauri prerequisites and approved Rust compiler	2026-10-03T16:24:56.9287828Z Preparing to unpack .../172-libgtk-3-dev_3.24.41-4ubuntu1.3_amd64.deb ...
desktop	Native Tauri prerequisites and approved Rust compiler	2026-10-03T16:24:56.9294213Z Unpacking libgtk-3-dev:amd64 (3.24.41-4ubuntu1.3) ...
desktop	Native Tauri prerequisites and approved Rust compiler	2026-10-03T16:24:57.0950643Z Selecting previously unselected package libappindicator3-dev.
desktop	Native Tauri prerequisites and approved Rust compiler	2026-10-03T16:24:57.1091206Z Preparing to unpack .../173-libappindicator3-dev_12.10.1+20.10.20200706.1-0ubuntu5_amd64.deb ...
desktop	Native Tauri prerequisites and approved Rust compiler	2026-10-03T16:24:57.1099147Z Unpacking libappindicator3-dev (12.10.1+20.10.20200706.1-0ubuntu5) ...
desktop	Native Tauri prerequisites and approved Rust compiler	2026-10-03T16:24:57.1321028Z Selecting previously unselected package libgirepository-1.0-dev:amd64.
desktop	Native Tauri prerequisites and approved Rust compiler	2026-10-03T16:24:57.1460717Z Preparing to unpack .../174-libgirepository-1.0-dev_1.80.1-1_amd64.deb ...
desktop	Native Tauri prerequisites and approved Rust compiler	2026-10-03T16:24:57.1467759Z Unpacking libgirepository-1.0-dev:amd64 (1.80.1-1) ...
desktop	Native Tauri prerequisites and approved Rust compiler	2026-10-03T16:24:57.1710116Z Selecting previously unselected package libgirepository1.0-dev.
desktop	Native Tauri prerequisites and approved Rust compiler	2026-10-03T16:24:57.1849249Z Preparing to unpack .../175-libgirepository1.0-dev_1.80.1-1_amd64.deb ...
desktop	Native Tauri prerequisites and approved Rust compiler	2026-10-03T16:24:57.1863973Z Unpacking libgirepository1.0-dev (1.80.1-1) ...
desktop	Native Tauri prerequisites and approved Rust compiler	2026-10-03T16:24:57.2073817Z Selecting previously unselected package libjavascriptcoregtk-4.1-dev:amd64.
desktop	Native Tauri prerequisites and approved Rust compiler	2026-10-03T16:24:57.2213900Z Preparing to unpack .../176-libjavascriptcoregtk-4.1-dev_2.52.6-0ubuntu0.24.04.1_amd64.deb ...
desktop	Native Tauri prerequisites and approved Rust compiler	2026-10-03T16:24:57.2220357Z Unpacking libjavascriptcoregtk-4.1-dev:amd64 (2.52.6-0ubuntu0.24.04.1) ...
desktop	Native Tauri prerequisites and approved Rust compiler	2026-10-03T16:24:57.2483454Z Selecting previously unselected package libnghttp2-dev:amd64.
desktop	Native Tauri prerequisites and approved Rust compiler	2026-10-03T16:24:57.2622248Z Preparing to unpack .../177-libnghttp2-dev_1.59.0-1ubuntu0.4_amd64.deb ...
desktop	Native Tauri prerequisites and approved Rust compiler	2026-10-03T16:24:57.2629432Z Unpacking libnghttp2-dev:amd64 (1.59.0-1ubuntu0.4) ...
desktop	Native Tauri prerequisites and approved Rust compiler	2026-10-03T16:24:57.3021754Z Selecting previously unselected package libwebrtc-audio-processing1:amd64.
desktop	Native Tauri prerequisites and approved Rust compiler	2026-10-03T16:24:57.3165039Z Preparing to unpack .../178-libwebrtc-audio-processing1_0.3.1-0ubuntu6_amd64.deb ...
desktop	Native Tauri prerequisites and approved Rust compiler	2026-10-03T16:24:57.3173361Z Unpacking libwebrtc-audio-processing1:amd64 (0.3.1-0ubuntu6) ...
desktop	Native Tauri prerequisites and approved Rust compiler	2026-10-03T16:24:57.3434698Z Selecting previously unselected package libspa-0.2-modules:amd64.
desktop	Native Tauri prerequisites and approved Rust compiler	2026-10-03T16:24:57.3575015Z Preparing to unpack .../179-libspa-0.2-modules_1.0.5-1ubuntu3.3_amd64.deb ...
desktop	Native Tauri prerequisites and approved Rust compiler	2026-10-03T16:24:57.3583388Z Unpacking libspa-0.2-modules:amd64 (1.0.5-1ubuntu3.3) ...
desktop	Native Tauri prerequisites and approved Rust compiler	2026-10-03T16:24:57.4027540Z Selecting previously unselected package libpipewire-0.3-0t64:amd64.
desktop	Native Tauri prerequisites and approved Rust compiler	2026-10-03T16:24:57.4167864Z Preparing to unpack .../180-libpipewire-0.3-0t64_1.0.5-1ubuntu3.3_amd64.deb ...
desktop	Native Tauri prerequisites and approved Rust compiler	2026-10-03T16:24:57.4176339Z Unpacking libpipewire-0.3-0t64:amd64 (1.0.5-1ubuntu3.3) ...
desktop	Native Tauri prerequisites and approved Rust compiler	2026-10-03T16:24:57.4444088Z Selecting previously unselected package libpipewire-0.3-common.
desktop	Native Tauri prerequisites and approved Rust compiler	2026-10-03T16:24:57.4585572Z Preparing to unpack .../181-libpipewire-0.3-common_1.0.5-1ubuntu3.3_all.deb ...
desktop	Native Tauri prerequisites and approved Rust compiler	2026-10-03T16:24:57.4594763Z Unpacking libpipewire-0.3-common (1.0.5-1ubuntu3.3) ...
desktop	Native Tauri prerequisites and approved Rust compiler	2026-10-03T16:24:57.4798129Z Selecting previously unselected package libpng-tools.
desktop	Native Tauri prerequisites and approved Rust compiler	2026-10-03T16:24:57.4938741Z Preparing to unpack .../182-libpng-tools_1.6.43-5ubuntu0.6_amd64.deb ...
desktop	Native Tauri prerequisites and approved Rust compiler	2026-10-03T16:24:57.4945883Z Unpacking libpng-tools (1.6.43-5ubuntu0.6) ...
desktop	Native Tauri prerequisites and approved Rust compiler	2026-10-03T16:24:57.5405397Z Selecting previously unselected package libpsl-dev:amd64.
desktop	Native Tauri prerequisites and approved Rust compiler	2026-10-03T16:24:57.5546238Z Preparing to unpack .../183-libpsl-dev_0.21.2-1.1build1_amd64.deb ...
desktop	Native Tauri prerequisites and approved Rust compiler	2026-10-03T16:24:57.5552713Z Unpacking libpsl-dev:amd64 (0.21.2-1.1build1) ...
desktop	Native Tauri prerequisites and approved Rust compiler	2026-10-03T16:24:57.5799766Z Selecting previously unselected package librsvg2-common:amd64.
desktop	Native Tauri prerequisites and approved Rust compiler	2026-10-03T16:24:57.5939366Z Preparing to unpack .../184-librsvg2-common_2.58.0+dfsg-1build1_amd64.deb ...
desktop	Native Tauri prerequisites and approved Rust compiler	2026-10-03T16:24:57.5945551Z Unpacking librsvg2-common:amd64 (2.58.0+dfsg-1build1) ...
desktop	Native Tauri prerequisites and approved Rust compiler	2026-10-03T16:24:57.6173381Z Selecting previously unselected package librsvg2-dev:amd64.
desktop	Native Tauri prerequisites and approved Rust compiler	2026-10-03T16:24:57.6316951Z Preparing to unpack .../185-librsvg2-dev_2.58.0+dfsg-1build1_amd64.deb ...
desktop	Native Tauri prerequisites and approved Rust compiler	2026-10-03T16:24:57.6323718Z Unpacking librsvg2-dev:amd64 (2.58.0+dfsg-1build1) ...
desktop	Native Tauri prerequisites and approved Rust compiler	2026-10-03T16:24:57.6559173Z Selecting previously unselected package libsysprof-capture-4-dev:amd64.
desktop	Native Tauri prerequisites and approved Rust compiler	2026-10-03T16:24:57.6699236Z Preparing to unpack .../186-libsysprof-capture-4-dev_46.0-1build1_amd64.deb ...
desktop	Native Tauri prerequisites and approved Rust compiler	2026-10-03T16:24:57.6705342Z Unpacking libsysprof-capture-4-dev:amd64 (46.0-1build1) ...
desktop	Native Tauri prerequisites and approved Rust compiler	2026-10-03T16:24:57.7488510Z Selecting previously unselected package libsoup-3.0-dev:amd64.
desktop	Native Tauri prerequisites and approved Rust compiler	2026-10-03T16:24:57.7631715Z Preparing to unpack .../187-libsoup-3.0-dev_3.4.4-5ubuntu0.8_amd64.deb ...
desktop	Native Tauri prerequisites and approved Rust compiler	2026-10-03T16:24:57.8568715Z Unpacking libsoup-3.0-dev:amd64 (3.4.4-5ubuntu0.8) ...
desktop	Native Tauri prerequisites and approved Rust compiler	2026-10-03T16:24:57.8888637Z Selecting previously unselected package libwebkit2gtk-4.1-dev.
desktop	Native Tauri prerequisites and approved Rust compiler	2026-10-03T16:24:57.9025963Z Preparing to unpack .../188-libwebkit2gtk-4.1-dev_2.52.6-0ubuntu0.24.04.1_amd64.deb ...
desktop	Native Tauri prerequisites and approved Rust compiler	2026-10-03T16:24:57.9033487Z Unpacking libwebkit2gtk-4.1-dev (2.52.6-0ubuntu0.24.04.1) ...
desktop	Native Tauri prerequisites and approved Rust compiler	2026-10-03T16:24:57.9880161Z Selecting previously unselected package xdg-desktop-portal.
desktop	Native Tauri prerequisites and approved Rust compiler	2026-10-03T16:24:58.0021319Z Preparing to unpack .../189-xdg-desktop-portal_1.18.4-1ubuntu2.24.04.3_amd64.deb ...
desktop	Native Tauri prerequisites and approved Rust compiler	2026-10-03T16:24:58.0027109Z Unpacking xdg-desktop-portal (1.18.4-1ubuntu2.24.04.3) ...
desktop	Native Tauri prerequisites and approved Rust compiler	2026-10-03T16:24:58.0350437Z Selecting previously unselected package xdg-desktop-portal-gtk.
desktop	Native Tauri prerequisites and approved Rust compiler	2026-10-03T16:24:58.0490634Z Preparing to unpack .../190-xdg-desktop-portal-gtk_1.15.1-1build2_amd64.deb ...
desktop	Native Tauri prerequisites and approved Rust compiler	2026-10-03T16:24:58.0497748Z Unpacking xdg-desktop-portal-gtk (1.15.1-1build2) ...
desktop	Native Tauri prerequisites and approved Rust compiler	2026-10-03T16:24:58.1207067Z Setting up libpipewire-0.3-common (1.0.5-1ubuntu3.3) ...
desktop	Native Tauri prerequisites and approved Rust compiler	2026-10-03T16:24:58.1233488Z Setting up bubblewrap (0.9.0-1ubuntu0.3) ...
desktop	Native Tauri prerequisites and approved Rust compiler	2026-10-03T16:24:58.1278601Z Setting up libcairo-script-interpreter2:amd64 (1.18.0-3build1) ...
desktop	Native Tauri prerequisites and approved Rust compiler	2026-10-03T16:24:58.1298163Z Setting up libglib2.0-dev-bin (2.80.0-6ubuntu3.9) ...
desktop	Native Tauri prerequisites and approved Rust compiler	2026-10-03T16:24:58.2901449Z Setting up libcdparanoia0:amd64 (3.10.2+debian-14build3) ...
desktop	Native Tauri prerequisites and approved Rust compiler	2026-10-03T16:24:58.2916967Z Setting up bzip2-doc (1.0.8-5.1ubuntu0.1) ...
desktop	Native Tauri prerequisites and approved Rust compiler	2026-10-03T16:24:58.2938593Z Setting up libwayland-server0:amd64 (1.22.0-2.1build1) ...
desktop	Native Tauri prerequisites and approved Rust compiler	2026-10-03T16:24:58.2955981Z Setting up libnghttp2-dev:amd64 (1.59.0-1ubuntu0.4) ...
desktop	Native Tauri prerequisites and approved Rust compiler	2026-10-03T16:24:58.2976533Z Setting up mesa-libgallium:amd64 (25.2.8-0ubuntu0.24.04.4) ...
desktop	Native Tauri prerequisites and approved Rust compiler	2026-10-03T16:24:58.2994390Z Setting up session-migration (0.3.9build1) ...
desktop	Native Tauri prerequisites and approved Rust compiler	2026-10-03T16:24:58.4099052Z Created symlink /etc/systemd/user/graphical-session-pre.target.wants/session-migration.service → /usr/lib/systemd/user/session-migration.service.
desktop	Native Tauri prerequisites and approved Rust compiler	2026-10-03T16:24:58.4099849Z 
desktop	Native Tauri prerequisites and approved Rust compiler	2026-10-03T16:24:58.4134999Z Setting up libjpeg-turbo8-dev:amd64 (2.1.5-2ubuntu2) ...
desktop	Native Tauri prerequisites and approved Rust compiler	2026-10-03T16:24:58.4152227Z Setting up libraw1394-11:amd64 (2.1.2-2build3) ...
desktop	Native Tauri prerequisites and approved Rust compiler	2026-10-03T16:24:58.4171377Z Setting up libproxy1v5:amd64 (0.5.4-4build1) ...
desktop	Native Tauri prerequisites and approved Rust compiler	2026-10-03T16:24:58.4188658Z Setting up gir1.2-freedesktop:amd64 (1.80.1-1) ...
desktop	Native Tauri prerequisites and approved Rust compiler	2026-10-03T16:24:58.4206077Z Setting up libtag1v5-vanilla:amd64 (1.13.1-1build1) ...
desktop	Native Tauri prerequisites and approved Rust compiler	2026-10-03T16:24:58.4227925Z Setting up libharfbuzz-icu0:amd64 (8.3.0-2build2) ...
desktop	Native Tauri prerequisites and approved Rust compiler	2026-10-03T16:24:58.4244304Z Setting up libpixman-1-dev:amd64 (0.42.2-1build1) ...
desktop	Native Tauri prerequisites and approved Rust compiler	2026-10-03T16:24:58.4262733Z Setting up libspeex1:amd64 (1.2.1-2ubuntu2.24.04.1) ...
desktop	Native Tauri prerequisites and approved Rust compiler	2026-10-03T16:24:58.4280119Z Setting up libcaca0:amd64 (0.99.beta20-4ubuntu0.2) ...
desktop	Native Tauri prerequisites and approved Rust compiler	2026-10-03T16:24:58.4297203Z Setting up libv4lconvert0t64:amd64 (1.26.1-4build3) ...
desktop	Native Tauri prerequisites and approved Rust compiler	2026-10-03T16:24:58.4315081Z Setting up libpangoxft-1.0-0:amd64 (1.52.1+ds-1build1) ...
desktop	Native Tauri prerequisites and approved Rust compiler	2026-10-03T16:24:58.4334412Z Setting up gir1.2-dbusmenu-glib-0.4:amd64 (18.10.20180917~bzr492+repack1-3.1ubuntu5) ...
desktop	Native Tauri prerequisites and approved Rust compiler	2026-10-03T16:24:58.4353664Z Setting up libglvnd-core-dev:amd64 (1.7.0-1build1) ...
desktop	Native Tauri prerequisites and approved Rust compiler	2026-10-03T16:24:58.4370963Z Setting up libtwolame0:amd64 (0.4.0-2build3) ...
desktop	Native Tauri prerequisites and approved Rust compiler	2026-10-03T16:24:58.4388373Z Setting up gir1.2-gdkpixbuf-2.0:amd64 (2.42.10+dfsg-3ubuntu3.3) ...
desktop	Native Tauri prerequisites and approved Rust compiler	2026-10-03T16:24:58.4406516Z Setting up libhyphen0:amd64 (2.8.8-7build3) ...
desktop	Native Tauri prerequisites and approved Rust compiler	2026-10-03T16:24:58.4422637Z Setting up libgbm1:amd64 (25.2.8-0ubuntu0.24.04.4) ...
desktop	Native Tauri prerequisites and approved Rust compiler	2026-10-03T16:24:58.4438751Z Setting up libpng-tools (1.6.43-5ubuntu0.6) ...
desktop	Native Tauri prerequisites and approved Rust compiler	2026-10-03T16:24:58.4460812Z Setting up libgirepository-2.0-0:amd64 (2.80.0-6ubuntu3.9) ...
desktop	Native Tauri prerequisites and approved Rust compiler	2026-10-03T16:24:58.4481017Z Setting up libvisual-0.4-0:amd64 (0.4.2-2build1) ...
desktop	Native Tauri prerequisites and approved Rust compiler	2026-10-03T16:24:58.4499029Z Setting up gir1.2-atk-1.0:amd64 (2.52.0-1build1) ...
desktop	Native Tauri prerequisites and approved Rust compiler	2026-10-03T16:24:58.4520281Z Setting up libfribidi-dev:amd64 (1.0.13-3build1) ...
desktop	Native Tauri prerequisites and approved Rust compiler	2026-10-03T16:24:58.4536263Z Setting up libmanette-0.2-0:amd64 (0.2.7-1build2) ...
desktop	Native Tauri prerequisites and approved Rust compiler	2026-10-03T16:24:58.4554644Z Setting up libxkbcommon-dev:amd64 (1.6.0-1build1) ...
desktop	Native Tauri prerequisites and approved Rust compiler	2026-10-03T16:24:58.4891908Z Setting up libgl1-mesa-dri:amd64 (25.2.8-0ubuntu0.24.04.4) ...
desktop	Native Tauri prerequisites and approved Rust compiler	2026-10-03T16:24:58.4969915Z Setting up libpng-dev:amd64 (1.6.43-5ubuntu0.6) ...
desktop	Native Tauri prerequisites and approved Rust compiler	2026-10-03T16:24:58.4991377Z Setting up pango1.0-tools (1.52.1+ds-1build1) ...
desktop	Native Tauri prerequisites and approved Rust compiler	2026-10-03T16:24:58.5008495Z Setting up libjbig-dev:amd64 (2.1-6.1ubuntu2) ...
desktop	Native Tauri prerequisites and approved Rust compiler	2026-10-03T16:24:58.5026492Z Setting up libwebrtc-audio-processing1:amd64 (0.3.1-0ubuntu6) ...
desktop	Native Tauri prerequisites and approved Rust compiler	2026-10-03T16:24:58.5043120Z Setting up libwebpdecoder3:amd64 (1.3.2-0.4build3) ...
desktop	Native Tauri prerequisites and approved Rust compiler	2026-10-03T16:24:58.5063433Z Setting up libharfbuzz-gobject0:amd64 (8.3.0-2build2) ...
desktop	Native Tauri prerequisites and approved Rust compiler	2026-10-03T16:24:58.5079775Z Setting up gir1.2-atspi-2.0:amd64 (2.52.0-1build1) ...
desktop	Native Tauri prerequisites and approved Rust compiler	2026-10-03T16:24:58.5105377Z Setting up libsoup-3.0-common (3.4.4-5ubuntu0.8) ...
desktop	Native Tauri prerequisites and approved Rust compiler	2026-10-03T16:24:58.5126157Z Setting up libmpg123-0t64:amd64 (1.32.5-1ubuntu1.1) ...
desktop	Native Tauri prerequisites and approved Rust compiler	2026-10-03T16:24:58.5147568Z Setting up gir1.2-harfbuzz-0.0:amd64 (8.3.0-2build2) ...
desktop	Native Tauri prerequisites and approved Rust compiler	2026-10-03T16:24:58.5164340Z Setting up libpthread-stubs0-dev:amd64 (0.4-1build3) ...
desktop	Native Tauri prerequisites and approved Rust compiler	2026-10-03T16:24:58.5185303Z Setting up libopengl0:amd64 (1.7.0-1build1) ...
desktop	Native Tauri prerequisites and approved Rust compiler	2026-10-03T16:24:58.5203578Z Setting up libappindicator3-1 (12.10.1+20.10.20200706.1-0ubuntu5) ...
desktop	Native Tauri prerequisites and approved Rust compiler	2026-10-03T16:24:58.5222506Z Setting up libpsl-dev:amd64 (0.21.2-1.1build1) ...
desktop	Native Tauri prerequisites and approved Rust compiler	2026-10-03T16:24:58.5239436Z Setting up liborc-0.4-0t64:amd64 (1:0.4.38-1ubuntu0.1) ...
desktop	Native Tauri prerequisites and approved Rust compiler	2026-10-03T16:24:58.5256991Z Setting up librsvg2-2:amd64 (2.58.0+dfsg-1build1) ...
desktop	Native Tauri prerequisites and approved Rust compiler	2026-10-03T16:24:58.5277220Z Setting up libsysprof-capture-4-dev:amd64 (46.0-1build1) ...
desktop	Native Tauri prerequisites and approved Rust compiler	2026-10-03T16:24:58.5295664Z Setting up xtrans-dev (1.4.0-1) ...
desktop	Native Tauri prerequisites and approved Rust compiler	2026-10-03T16:24:58.5315724Z Setting up libwayland-bin (1.22.0-2.1build1) ...
desktop	Native Tauri prerequisites and approved Rust compiler	2026-10-03T16:24:58.5333910Z Setting up libgraphite2-dev:amd64 (1.3.14-2ubuntu0.24.04.1) ...
desktop	Native Tauri prerequisites and approved Rust compiler	2026-10-03T16:24:58.5355744Z Setting up gir1.2-pango-1.0:amd64 (1.52.1+ds-1build1) ...
desktop	Native Tauri prerequisites and approved Rust compiler	2026-10-03T16:24:58.5376529Z Setting up libegl-mesa0:amd64 (25.2.8-0ubuntu0.24.04.4) ...
desktop	Native Tauri prerequisites and approved Rust compiler	2026-10-03T16:24:58.5394480Z Setting up libjavascriptcoregtk-4.1-0:amd64 (2.52.6-0ubuntu0.24.04.1) ...
desktop	Native Tauri prerequisites and approved Rust compiler	2026-10-03T16:24:58.5417257Z Setting up libgles2:amd64 (1.7.0-1build1) ...
desktop	Native Tauri prerequisites and approved Rust compiler	2026-10-03T16:24:58.5436286Z Setting up libharfbuzz-cairo0:amd64 (8.3.0-2build2) ...
desktop	Native Tauri prerequisites and approved Rust compiler	2026-10-03T16:24:58.5456027Z Setting up libdbus-1-dev:amd64 (1.14.10-4ubuntu4.1) ...
desktop	Native Tauri prerequisites and approved Rust compiler	2026-10-03T16:24:58.6938951Z Setting up libspa-0.2-modules:amd64 (1.0.5-1ubuntu3.3) ...
desktop	Native Tauri prerequisites and approved Rust compiler	2026-10-03T16:24:58.6957182Z Setting up libdbus-glib-1-2:amd64 (0.112-3build2) ...
desktop	Native Tauri prerequisites and approved Rust compiler	2026-10-03T16:24:58.6977168Z Setting up uuid-dev:amd64 (2.39.3-9ubuntu6.6) ...
desktop	Native Tauri prerequisites and approved Rust compiler	2026-10-03T16:24:58.6994506Z Setting up libgles1:amd64 (1.7.0-1build1) ...
desktop	Native Tauri prerequisites and approved Rust compiler	2026-10-03T16:24:58.7015197Z Setting up libopus0:amd64 (1.4-1build1) ...
desktop	Native Tauri prerequisites and approved Rust compiler	2026-10-03T16:24:58.7033289Z Setting up libxv1:amd64 (2:1.0.11-1.1build1) ...
desktop	Native Tauri prerequisites and approved Rust compiler	2026-10-03T16:24:58.7051395Z Setting up python3-markdown (3.5.2-1) ...
desktop	Native Tauri prerequisites and approved Rust compiler	2026-10-03T16:24:58.8600906Z Setting up libdv4t64:amd64 (1.0.0-17.1build1) ...
desktop	Native Tauri prerequisites and approved Rust compiler	2026-10-03T16:24:58.8621510Z Setting up libsepol-dev:amd64 (3.5-2build1) ...
desktop	Native Tauri prerequisites and approved Rust compiler	2026-10-03T16:24:58.8639060Z Setting up liblerc-dev:amd64 (4.0.0+ds-4ubuntu2) ...
desktop	Native Tauri prerequisites and approved Rust compiler	2026-10-03T16:24:58.8658299Z Setting up librsvg2-common:amd64 (2.58.0+dfsg-1build1) ...
desktop	Native Tauri prerequisites and approved Rust compiler	2026-10-03T16:24:58.8744089Z Setting up libdbusmenu-glib-dev:amd64 (18.10.20180917~bzr492+repack1-3.1ubuntu5) ...
desktop	Native Tauri prerequisites and approved Rust compiler	2026-10-03T16:24:58.8761930Z Setting up libv4l-0t64:amd64 (1.26.1-4build3) ...
desktop	Native Tauri prerequisites and approved Rust compiler	2026-10-03T16:24:58.8780429Z Setting up liblzma-dev:amd64 (5.6.1+really5.4.5-1ubuntu0.3) ...
desktop	Native Tauri prerequisites and approved Rust compiler	2026-10-03T16:24:58.8797433Z Setting up xdg-dbus-proxy (0.1.5-1ubuntu0.2) ...
desktop	Native Tauri prerequisites and approved Rust compiler	2026-10-03T16:24:58.8815911Z Setting up libvpx9:amd64 (1.14.0-1ubuntu2.3) ...
desktop	Native Tauri prerequisites and approved Rust compiler	2026-10-03T16:24:58.8833390Z Setting up wayland-protocols (1.45-1~ubuntu0.24.04.2) ...
desktop	Native Tauri prerequisites and approved Rust compiler	2026-10-03T16:24:58.8850896Z Setting up libtag1v5:amd64 (1.13.1-1build1) ...
desktop	Native Tauri prerequisites and approved Rust compiler	2026-10-03T16:24:58.8869744Z Setting up libdatrie-dev:amd64 (0.2.13-3build1) ...
desktop	Native Tauri prerequisites and approved Rust compiler	2026-10-03T16:24:58.8887731Z Setting up gir1.2-glib-2.0-dev:amd64 (2.80.0-6ubuntu3.9) ...
desktop	Native Tauri prerequisites and approved Rust compiler	2026-10-03T16:24:58.8906268Z Setting up libasyncns0:amd64 (0.8-6build4) ...
desktop	Native Tauri prerequisites and approved Rust compiler	2026-10-03T16:24:58.8924199Z Setting up libgdk-pixbuf2.0-bin (2.42.10+dfsg-3ubuntu3.3) ...
desktop	Native Tauri prerequisites and approved Rust compiler	2026-10-03T16:24:58.8941676Z Setting up libwavpack1:amd64 (5.6.0-1build1) ...
desktop	Native Tauri prerequisites and approved Rust compiler	2026-10-03T16:24:58.9518155Z Setting up libtheora0:amd64 (1.1.1+dfsg.1-16.1build3) ...
desktop	Native Tauri prerequisites and approved Rust compiler	2026-10-03T16:24:58.9540094Z Setting up libegl1:amd64 (1.7.0-1build1) ...
desktop	Native Tauri prerequisites and approved Rust compiler	2026-10-03T16:24:58.9561184Z Setting up libharfbuzz-subset0:amd64 (8.3.0-2build2) ...
desktop	Native Tauri prerequisites and approved Rust compiler	2026-10-03T16:24:58.9577700Z Setting up build-essential (12.10ubuntu1) ...
desktop	Native Tauri prerequisites and approved Rust compiler	2026-10-03T16:24:58.9593495Z Setting up xorg-sgml-doctools (1:1.11-1.1) ...
desktop	Native Tauri prerequisites and approved Rust compiler	2026-10-03T16:24:58.9614074Z Setting up libflac12t64:amd64 (1.4.3+ds-2.1ubuntu2) ...
desktop	Native Tauri prerequisites and approved Rust compiler	2026-10-03T16:24:58.9632144Z Setting up libopengl-dev:amd64 (1.7.0-1build1) ...
desktop	Native Tauri prerequisites and approved Rust compiler	2026-10-03T16:24:58.9648961Z Setting up glib-networking-common (2.80.0-1build1) ...
desktop	Native Tauri prerequisites and approved Rust compiler	2026-10-03T16:24:58.9671281Z Setting up libjpeg8-dev:amd64 (8c-2ubuntu11) ...
desktop	Native Tauri prerequisites and approved Rust compiler	2026-10-03T16:24:58.9688610Z Setting up gir1.2-rsvg-2.0:amd64 (2.58.0+dfsg-1build1) ...
desktop	Native Tauri prerequisites and approved Rust compiler	2026-10-03T16:24:58.9707092Z Setting up libsharpyuv-dev:amd64 (1.3.2-0.4build3) ...
desktop	Native Tauri prerequisites and approved Rust compiler	2026-10-03T16:24:58.9728129Z Setting up libtiffxx6:amd64 (4.5.1+git230720-4ubuntu2.5) ...
desktop	Native Tauri prerequisites and approved Rust compiler	2026-10-03T16:24:58.9745210Z Setting up libdeflate-dev:amd64 (1.19-1build1.1) ...
desktop	Native Tauri prerequisites and approved Rust compiler	2026-10-03T16:24:58.9767480Z Setting up libpipewire-0.3-0t64:amd64 (1.0.5-1ubuntu3.3) ...
desktop	Native Tauri prerequisites and approved Rust compiler	2026-10-03T16:24:58.9785086Z Setting up libbrotli-dev:amd64 (1.1.0-2build2) ...
desktop	Native Tauri prerequisites and approved Rust compiler	2026-10-03T16:24:58.9804279Z Setting up libsecret-common (0.21.4-1build3) ...
desktop	Native Tauri prerequisites and approved Rust compiler	2026-10-03T16:24:58.9821495Z Setting up libmp3lame0:amd64 (3.100-6build1) ...
desktop	Native Tauri prerequisites and approved Rust compiler	2026-10-03T16:24:58.9840361Z Setting up libgraphene-1.0-0:amd64 (1.10.8-3build2) ...
desktop	Native Tauri prerequisites and approved Rust compiler	2026-10-03T16:24:58.9856467Z Setting up python3-mako (1.3.2-1ubuntu0.1) ...
desktop	Native Tauri prerequisites and approved Rust compiler	2026-10-03T16:24:59.1366437Z Setting up libvorbisenc2:amd64 (1.3.7-1build3) ...
desktop	Native Tauri prerequisites and approved Rust compiler	2026-10-03T16:24:59.1382637Z Setting up libaa1:amd64 (1.4p5-51.1) ...
desktop	Native Tauri prerequisites and approved Rust compiler	2026-10-03T16:24:59.1401380Z Setting up libiec61883-0:amd64 (1.2.0-6build1) ...
desktop	Native Tauri prerequisites and approved Rust compiler	2026-10-03T16:24:59.1419282Z Setting up libbz2-dev:amd64 (1.0.8-5.1ubuntu0.1) ...
desktop	Native Tauri prerequisites and approved Rust compiler	2026-10-03T16:24:59.1439506Z Setting up libavc1394-0:amd64 (0.5.4-5build3) ...
desktop	Native Tauri prerequisites and approved Rust compiler	2026-10-03T16:24:59.1460457Z Setting up gsettings-desktop-schemas (46.1-0ubuntu1) ...
desktop	Native Tauri prerequisites and approved Rust compiler	2026-10-03T16:24:59.1482872Z Setting up glib-networking-services (2.80.0-1build1) ...
desktop	Native Tauri prerequisites and approved Rust compiler	2026-10-03T16:24:59.1504454Z Setting up libblkid-dev:amd64 (2.39.3-9ubuntu6.6) ...
desktop	Native Tauri prerequisites and approved Rust compiler	2026-10-03T16:24:59.1522010Z Setting up libglx-mesa0:amd64 (25.2.8-0ubuntu0.24.04.4) ...
desktop	Native Tauri prerequisites and approved Rust compiler	2026-10-03T16:24:59.1550615Z Setting up xdg-desktop-portal (1.18.4-1ubuntu2.24.04.3) ...
desktop	Native Tauri prerequisites and approved Rust compiler	2026-10-03T16:24:59.2556456Z Created symlink /etc/systemd/user/graphical-session-pre.target.wants/xdg-desktop-portal-rewrite-launchers.service → /usr/lib/systemd/user/xdg-desktop-portal-rewrite-launchers.service.
desktop	Native Tauri prerequisites and approved Rust compiler	2026-10-03T16:24:59.2557516Z 
desktop	Native Tauri prerequisites and approved Rust compiler	2026-10-03T16:24:59.2583927Z Setting up libselinux1-dev:amd64 (3.5-2ubuntu2.1) ...
desktop	Native Tauri prerequisites and approved Rust compiler	2026-10-03T16:24:59.2601073Z Setting up gobject-introspection-bin (1.80.1-1) ...
desktop	Native Tauri prerequisites and approved Rust compiler	2026-10-03T16:24:59.4448577Z Setting up libdbus-glib-1-dev-bin (0.112-3build2) ...
desktop	Native Tauri prerequisites and approved Rust compiler	2026-10-03T16:24:59.4468276Z Setting up gir1.2-gtk-3.0:amd64 (3.24.41-4ubuntu1.3) ...
desktop	Native Tauri prerequisites and approved Rust compiler	2026-10-03T16:24:59.4484265Z Setting up libjpeg-dev:amd64 (8c-2ubuntu11) ...
desktop	Native Tauri prerequisites and approved Rust compiler	2026-10-03T16:24:59.4502357Z Setting up libgstreamer-plugins-base1.0-0:amd64 (1.24.2-1ubuntu0.5) ...
desktop	Native Tauri prerequisites and approved Rust compiler	2026-10-03T16:24:59.4522845Z Setting up gir1.2-girepository-2.0-dev:amd64 (1.80.1-1) ...
desktop	Native Tauri prerequisites and approved Rust compiler	2026-10-03T16:24:59.4545727Z Setting up libwayland-dev:amd64 (1.22.0-2.1build1) ...
desktop	Native Tauri prerequisites and approved Rust compiler	2026-10-03T16:24:59.4562620Z Setting up gir1.2-javascriptcoregtk-4.1:amd64 (2.52.6-0ubuntu0.24.04.1) ...
desktop	Native Tauri prerequisites and approved Rust compiler	2026-10-03T16:24:59.4581659Z Setting up libfreetype-dev:amd64 (2.13.2+dfsg-1ubuntu0.1) ...
desktop	Native Tauri prerequisites and approved Rust compiler	2026-10-03T16:24:59.4601211Z Setting up libsecret-1-0:amd64 (0.21.4-1build3) ...
desktop	Native Tauri prerequisites and approved Rust compiler	2026-10-03T16:24:59.4619225Z Setting up libgstreamer-plugins-good1.0-0:amd64 (1.24.2-1ubuntu1.8) ...
desktop	Native Tauri prerequisites and approved Rust compiler	2026-10-03T16:24:59.4638385Z Setting up libwebp-dev:amd64 (1.3.2-0.4build3) ...
desktop	Native Tauri prerequisites and approved Rust compiler	2026-10-03T16:24:59.4655464Z Setting up libgstreamer-gl1.0-0:amd64 (1.24.2-1ubuntu0.5) ...
desktop	Native Tauri prerequisites and approved Rust compiler	2026-10-03T16:24:59.4674128Z Setting up gstreamer1.0-plugins-base:amd64 (1.24.2-1ubuntu0.5) ...
desktop	Native Tauri prerequisites and approved Rust compiler	2026-10-03T16:24:59.4691871Z Setting up gir1.2-appindicator3-0.1 (12.10.1+20.10.20200706.1-0ubuntu5) ...
desktop	Native Tauri prerequisites and approved Rust compiler	2026-10-03T16:24:59.4712924Z Setting up libtiff-dev:amd64 (4.5.1+git230720-4ubuntu2.5) ...
desktop	Native Tauri prerequisites and approved Rust compiler	2026-10-03T16:24:59.4730273Z Setting up gir1.2-freedesktop-dev:amd64 (1.80.1-1) ...
desktop	Native Tauri prerequisites and approved Rust compiler	2026-10-03T16:24:59.4747096Z Setting up libshout3:amd64 (2.4.6-1build2) ...
desktop	Native Tauri prerequisites and approved Rust compiler	2026-10-03T16:24:59.4765017Z Setting up libthai-dev:amd64 (0.1.29-2build1) ...
desktop	Native Tauri prerequisites and approved Rust compiler	2026-10-03T16:24:59.4784869Z Setting up libsndfile1:amd64 (1.2.2-1ubuntu5.24.04.1) ...
desktop	Native Tauri prerequisites and approved Rust compiler	2026-10-03T16:24:59.4802809Z Setting up libmount-dev:amd64 (2.39.3-9ubuntu6.6) ...
desktop	Native Tauri prerequisites and approved Rust compiler	2026-10-03T16:24:59.4822045Z Setting up gstreamer1.0-gl:amd64 (1.24.2-1ubuntu0.5) ...
desktop	Native Tauri prerequisites and approved Rust compiler	2026-10-03T16:24:59.4840784Z Setting up gstreamer1.0-x:amd64 (1.24.2-1ubuntu0.5) ...
desktop	Native Tauri prerequisites and approved Rust compiler	2026-10-03T16:24:59.4861401Z Setting up libpulse0:amd64 (1:16.1+dfsg1-2ubuntu10.1) ...
desktop	Native Tauri prerequisites and approved Rust compiler	2026-10-03T16:24:59.4935186Z Setting up libfontconfig-dev:amd64 (2.15.0-1.1ubuntu2) ...
desktop	Native Tauri prerequisites and approved Rust compiler	2026-10-03T16:24:59.4952322Z Setting up libglib2.0-dev:amd64 (2.80.0-6ubuntu3.9) ...
desktop	Native Tauri prerequisites and approved Rust compiler	2026-10-03T16:24:59.5771163Z Processing triggers for libgdk-pixbuf-2.0-0:amd64 (2.42.10+dfsg-3ubuntu3.3) ...
desktop	Native Tauri prerequisites and approved Rust compiler	2026-10-03T16:24:59.7101500Z Processing triggers for sgml-base (1.31) ...
desktop	Native Tauri prerequisites and approved Rust compiler	2026-10-03T16:24:59.7422141Z Processing triggers for install-info (7.1-3build2) ...
desktop	Native Tauri prerequisites and approved Rust compiler	2026-10-03T16:24:59.9301413Z Setting up x11proto-dev (2023.2-1) ...
desktop	Native Tauri prerequisites and approved Rust compiler	2026-10-03T16:24:59.9548887Z Setting up libxau-dev:amd64 (1:1.0.9-1build6) ...
desktop	Native Tauri prerequisites and approved Rust compiler	2026-10-03T16:24:59.9585138Z Setting up libice-dev:amd64 (2:1.0.10-1build3) ...
desktop	Native Tauri prerequisites and approved Rust compiler	2026-10-03T16:24:59.9612119Z Setting up libsm-dev:amd64 (2:1.2.3-1build3) ...
desktop	Native Tauri prerequisites and approved Rust compiler	2026-10-03T16:24:59.9671225Z Processing triggers for libc-bin (2.39-0ubuntu8.9) ...
desktop	Native Tauri prerequisites and approved Rust compiler	2026-10-03T16:25:00.4637082Z Processing triggers for man-db (2.12.0-4build2) ...
desktop	Native Tauri prerequisites and approved Rust compiler	2026-10-03T16:25:00.4659176Z Not building database; man-db/auto-update is not 'true'.
desktop	Native Tauri prerequisites and approved Rust compiler	2026-10-03T16:25:00.4671762Z Setting up libxdmcp-dev:amd64 (1:1.1.3-0ubuntu6) ...
desktop	Native Tauri prerequisites and approved Rust compiler	2026-10-03T16:25:00.4695125Z Processing triggers for libglib2.0-0t64:amd64 (2.80.0-6ubuntu3.9) ...
desktop	Native Tauri prerequisites and approved Rust compiler	2026-10-03T16:25:00.4997321Z Setting up glib-networking:amd64 (2.80.0-1build1) ...
desktop	Native Tauri prerequisites and approved Rust compiler	2026-10-03T16:25:00.5040038Z Setting up libjavascriptcoregtk-4.1-dev:amd64 (2.52.6-0ubuntu0.24.04.1) ...
desktop	Native Tauri prerequisites and approved Rust compiler	2026-10-03T16:25:00.5061071Z Setting up libatk1.0-dev:amd64 (2.52.0-1build1) ...
desktop	Native Tauri prerequisites and approved Rust compiler	2026-10-03T16:25:00.5095233Z Setting up libgdk-pixbuf-2.0-dev:amd64 (2.42.10+dfsg-3ubuntu3.3) ...
desktop	Native Tauri prerequisites and approved Rust compiler	2026-10-03T16:25:00.5124763Z Setting up xdg-desktop-portal-gtk (1.15.1-1build2) ...
desktop	Native Tauri prerequisites and approved Rust compiler	2026-10-03T16:25:00.5189167Z Setting up libharfbuzz-dev:amd64 (8.3.0-2build2) ...
desktop	Native Tauri prerequisites and approved Rust compiler	2026-10-03T16:25:00.5209531Z Setting up libxcb1-dev:amd64 (1.15-1ubuntu2) ...
desktop	Native Tauri prerequisites and approved Rust compiler	2026-10-03T16:25:00.5253246Z Setting up libdbus-glib-1-dev:amd64 (0.112-3build2) ...
desktop	Native Tauri prerequisites and approved Rust compiler	2026-10-03T16:25:00.7144177Z Setting up libsoup-3.0-0:amd64 (3.4.4-5ubuntu0.8) ...
desktop	Native Tauri prerequisites and approved Rust compiler	2026-10-03T16:25:00.7173575Z Setting up libx11-dev:amd64 (2:1.8.7-1build1) ...
desktop	Native Tauri prerequisites and approved Rust compiler	2026-10-03T16:25:00.7200229Z Setting up gobject-introspection:amd64 (1.80.1-1) ...
desktop	Native Tauri prerequisites and approved Rust compiler	2026-10-03T16:25:00.7263962Z Setting up libxfixes-dev:amd64 (1:6.0.0-2build1) ...
desktop	Native Tauri prerequisites and approved Rust compiler	2026-10-03T16:25:00.7282726Z Setting up libxcb-shm0-dev:amd64 (1.15-1ubuntu2) ...
desktop	Native Tauri prerequisites and approved Rust compiler	2026-10-03T16:25:00.7357104Z Setting up libgirepository-1.0-dev:amd64 (1.80.1-1) ...
desktop	Native Tauri prerequisites and approved Rust compiler	2026-10-03T16:25:00.7377777Z Setting up libxcb-render0-dev:amd64 (1.15-1ubuntu2) ...
desktop	Native Tauri prerequisites and approved Rust compiler	2026-10-03T16:25:00.7397877Z Setting up libxext-dev:amd64 (2:1.3.4-1build2) ...
desktop	Native Tauri prerequisites and approved Rust compiler	2026-10-03T16:25:00.7423350Z Setting up gir1.2-soup-3.0:amd64 (3.4.4-5ubuntu0.8) ...
desktop	Native Tauri prerequisites and approved Rust compiler	2026-10-03T16:25:00.9714711Z Setting up libglx-dev:amd64 (1.7.0-1build1) ...
desktop	Native Tauri prerequisites and approved Rust compiler	2026-10-03T16:25:00.9801399Z Setting up libxi-dev:amd64 (2:1.8.1-1build1) ...
desktop	Native Tauri prerequisites and approved Rust compiler	2026-10-03T16:25:00.9819334Z Setting up libxrender-dev:amd64 (1:0.9.10-1.1build1) ...
desktop	Native Tauri prerequisites and approved Rust compiler	2026-10-03T16:25:00.9839773Z Setting up libgl-dev:amd64 (1.7.0-1build1) ...
desktop	Native Tauri prerequisites and approved Rust compiler	2026-10-03T16:25:00.9859466Z Setting up libxft-dev:amd64 (2.3.6-1build1) ...
desktop	Native Tauri prerequisites and approved Rust compiler	2026-10-03T16:25:00.9879690Z Setting up libxtst-dev:amd64 (2:1.2.3-1.1build1) ...
desktop	Native Tauri prerequisites and approved Rust compiler	2026-10-03T16:25:00.9905246Z Setting up libxdamage-dev:amd64 (1:1.1.6-1build1) ...
desktop	Native Tauri prerequisites and approved Rust compiler	2026-10-03T16:25:01.1941550Z Setting up libatspi2.0-dev:amd64 (2.52.0-1build1) ...
desktop	Native Tauri prerequisites and approved Rust compiler	2026-10-03T16:25:01.2029656Z Setting up libegl-dev:amd64 (1.7.0-1build1) ...
desktop	Native Tauri prerequisites and approved Rust compiler	2026-10-03T16:25:01.2048555Z Setting up libxcomposite-dev:amd64 (1:0.4.5-1build3) ...
desktop	Native Tauri prerequisites and approved Rust compiler	2026-10-03T16:25:01.2067075Z Setting up libxcursor-dev:amd64 (1:1.2.1-1build1) ...
desktop	Native Tauri prerequisites and approved Rust compiler	2026-10-03T16:25:01.2095426Z Setting up gstreamer1.0-plugins-good:amd64 (1.24.2-1ubuntu1.8) ...
desktop	Native Tauri prerequisites and approved Rust compiler	2026-10-03T16:25:01.2133929Z Setting up libepoxy-dev:amd64 (1.5.10-1build1) ...
desktop	Native Tauri prerequisites and approved Rust compiler	2026-10-03T16:25:01.2162229Z Setting up libatk-bridge2.0-dev:amd64 (2.52.0-1build1) ...
desktop	Native Tauri prerequisites and approved Rust compiler	2026-10-03T16:25:01.2181469Z Setting up libxrandr-dev:amd64 (2:1.5.2-2build1) ...
desktop	Native Tauri prerequisites and approved Rust compiler	2026-10-03T16:25:01.2204523Z Setting up libsoup-3.0-dev:amd64 (3.4.4-5ubuntu0.8) ...
desktop	Native Tauri prerequisites and approved Rust compiler	2026-10-03T16:25:01.2230775Z Setting up libgirepository1.0-dev (1.80.1-1) ...
desktop	Native Tauri prerequisites and approved Rust compiler	2026-10-03T16:25:01.2286499Z Setting up libxinerama-dev:amd64 (2:1.1.4-3build1) ...
desktop	Native Tauri prerequisites and approved Rust compiler	2026-10-03T16:25:01.4435185Z Setting up libcairo2-dev:amd64 (1.18.0-3build1) ...
desktop	Native Tauri prerequisites and approved Rust compiler	2026-10-03T16:25:01.4459236Z Setting up libgles-dev:amd64 (1.7.0-1build1) ...
desktop	Native Tauri prerequisites and approved Rust compiler	2026-10-03T16:25:01.4514157Z Setting up libwebkit2gtk-4.1-0:amd64 (2.52.6-0ubuntu0.24.04.1) ...
desktop	Native Tauri prerequisites and approved Rust compiler	2026-10-03T16:25:01.4548880Z Setting up gir1.2-webkit2-4.1:amd64 (2.52.6-0ubuntu0.24.04.1) ...
desktop	Native Tauri prerequisites and approved Rust compiler	2026-10-03T16:25:01.4585296Z Setting up libglvnd-dev:amd64 (1.7.0-1build1) ...
desktop	Native Tauri prerequisites and approved Rust compiler	2026-10-03T16:25:01.4615106Z Setting up libpango1.0-dev:amd64 (1.52.1+ds-1build1) ...
desktop	Native Tauri prerequisites and approved Rust compiler	2026-10-03T16:25:01.4667577Z Setting up librsvg2-dev:amd64 (2.58.0+dfsg-1build1) ...
desktop	Native Tauri prerequisites and approved Rust compiler	2026-10-03T16:25:01.4690515Z Setting up libegl1-mesa-dev:amd64 (25.2.8-0ubuntu0.24.04.4) ...
desktop	Native Tauri prerequisites and approved Rust compiler	2026-10-03T16:25:01.4722163Z Setting up libgtk-3-dev:amd64 (3.24.41-4ubuntu1.3) ...
desktop	Native Tauri prerequisites and approved Rust compiler	2026-10-03T16:25:01.4754852Z Setting up libappindicator3-dev (12.10.1+20.10.20200706.1-0ubuntu5) ...
desktop	Native Tauri prerequisites and approved Rust compiler	2026-10-03T16:25:01.6802814Z Setting up libwebkit2gtk-4.1-dev (2.52.6-0ubuntu0.24.04.1) ...
desktop	Native Tauri prerequisites and approved Rust compiler	2026-10-03T16:25:01.6836100Z Processing triggers for libc-bin (2.39-0ubuntu8.9) ...
desktop	Native Tauri prerequisites and approved Rust compiler	2026-10-03T16:25:02.3324090Z 
desktop	Native Tauri prerequisites and approved Rust compiler	2026-10-03T16:25:02.3324799Z Running kernel seems to be up-to-date.
desktop	Native Tauri prerequisites and approved Rust compiler	2026-10-03T16:25:02.3325188Z 
desktop	Native Tauri prerequisites and approved Rust compiler	2026-10-03T16:25:02.3325375Z No services need to be restarted.
desktop	Native Tauri prerequisites and approved Rust compiler	2026-10-03T16:25:02.3325555Z 
desktop	Native Tauri prerequisites and approved Rust compiler	2026-10-03T16:25:02.3325756Z No containers need to be restarted.
desktop	Native Tauri prerequisites and approved Rust compiler	2026-10-03T16:25:02.3326044Z 
desktop	Native Tauri prerequisites and approved Rust compiler	2026-10-03T16:25:02.3326293Z No user sessions are running outdated binaries.
desktop	Native Tauri prerequisites and approved Rust compiler	2026-10-03T16:25:02.3326608Z 
desktop	Native Tauri prerequisites and approved Rust compiler	2026-10-03T16:25:02.3327198Z No VM guests are running outdated hypervisor (qemu) binaries on this host.
desktop	Native Tauri prerequisites and approved Rust compiler	2026-10-03T16:25:03.8277081Z info: syncing channel updates for stable-x86_64-unknown-linux-gnu
desktop	Native Tauri prerequisites and approved Rust compiler	2026-10-03T16:25:04.0455222Z info: latest update on 2026-10-01 for version 1.99.0 (b940084d7 2026-09-28)
desktop	Native Tauri prerequisites and approved Rust compiler	2026-10-03T16:25:04.0590639Z info: removing previous version of component rustfmt
desktop	Native Tauri prerequisites and approved Rust compiler	2026-10-03T16:25:04.0700846Z info: removing previous version of component clippy
desktop	Native Tauri prerequisites and approved Rust compiler	2026-10-03T16:25:04.0701670Z info: removing previous version of component cargo
desktop	Native Tauri prerequisites and approved Rust compiler	2026-10-03T16:25:04.0842729Z info: removing previous version of component rust-std
desktop	Native Tauri prerequisites and approved Rust compiler	2026-10-03T16:25:04.0920902Z info: removing previous version of component rustc
desktop	Native Tauri prerequisites and approved Rust compiler	2026-10-03T16:25:04.0998052Z info: downloading 5 components
desktop	Native Tauri prerequisites and approved Rust compiler	2026-10-03T16:25:13.0127580Z 
desktop	Native Tauri prerequisites and approved Rust compiler	2026-10-03T16:25:13.0201331Z   stable-x86_64-unknown-linux-gnu updated - rustc 1.99.0 (b940084d7 2026-09-28) (from rustc 1.98.1 (48a229cea 2026-09-01))
desktop	Native Tauri prerequisites and approved Rust compiler	2026-10-03T16:25:13.0201840Z 
desktop	Native Tauri prerequisites and approved Rust compiler	2026-10-03T16:25:13.0320615Z info: using existing install for stable-x86_64-unknown-linux-gnu
desktop	Native Tauri prerequisites and approved Rust compiler	2026-10-03T16:25:13.0325472Z info: default toolchain set to stable-x86_64-unknown-linux-gnu
desktop	Native Tauri prerequisites and approved Rust compiler	2026-10-03T16:25:13.0325745Z 
desktop	Native Tauri prerequisites and approved Rust compiler	2026-10-03T16:25:13.0394196Z   stable-x86_64-unknown-linux-gnu unchanged - rustc 1.99.0 (b940084d7 2026-09-28)
desktop	Native Tauri prerequisites and approved Rust compiler	2026-10-03T16:25:13.0394567Z 
desktop	Actual TypeScript Repository on SQLx SQLite	﻿2026-10-03T16:25:13.0475460Z ##[group]Run python3 -B tools/verify_client_sqlite.py --scope desktop
desktop	Actual TypeScript Repository on SQLx SQLite	2026-10-03T16:25:13.0476062Z ^[[36;1mpython3 -B tools/verify_client_sqlite.py --scope desktop^[[0m
desktop	Actual TypeScript Repository on SQLx SQLite	2026-10-03T16:25:13.0476562Z ^[[36;1mpython3 -B tools/verify_client_send.py --scope desktop^[[0m
desktop	Actual TypeScript Repository on SQLx SQLite	2026-10-03T16:25:13.0477340Z ^[[36;1mpython3 -B tools/verify_client_sync.py --scope desktop^[[0m
desktop	Actual TypeScript Repository on SQLx SQLite	2026-10-03T16:25:13.0477941Z ^[[36;1mpython3 -B tests/clients/sync/go_smoke.py --probe "$CARGO_TARGET_DIR/debug/storage_probe"^[[0m
desktop	Actual TypeScript Repository on SQLx SQLite	2026-10-03T16:25:13.0551728Z shell: /usr/bin/bash -e {0}
desktop	Actual TypeScript Repository on SQLx SQLite	2026-10-03T16:25:13.0552012Z env:
desktop	Actual TypeScript Repository on SQLx SQLite	2026-10-03T16:25:13.0552315Z   CARGO_TARGET_DIR: /home/runner/work/_temp/client-sqlite-target
desktop	Actual TypeScript Repository on SQLx SQLite	2026-10-03T16:25:13.0552707Z ##[endgroup]
desktop	Actual TypeScript Repository on SQLx SQLite	2026-10-03T16:25:13.0974905Z + npm --prefix clients/shared/protocol-sdk ci --ignore-scripts --no-audit --no-fund
desktop	Actual TypeScript Repository on SQLx SQLite	2026-10-03T16:25:14.8831667Z 
desktop	Actual TypeScript Repository on SQLx SQLite	2026-10-03T16:25:14.8832239Z added 1 package in 2s
desktop	Actual TypeScript Repository on SQLx SQLite	2026-10-03T16:25:14.9231349Z + npm --prefix clients/shared/protocol-sdk run build
desktop	Actual TypeScript Repository on SQLx SQLite	2026-10-03T16:25:15.0142187Z 
desktop	Actual TypeScript Repository on SQLx SQLite	2026-10-03T16:25:15.0142862Z > @im/protocol-sdk@0.1.0 build
desktop	Actual TypeScript Repository on SQLx SQLite	2026-10-03T16:25:15.0143291Z > tsc -p tsconfig.json
desktop	Actual TypeScript Repository on SQLx SQLite	2026-10-03T16:25:15.0143463Z 
desktop	Actual TypeScript Repository on SQLx SQLite	2026-10-03T16:25:16.5405051Z + npm --prefix clients/desktop ci --ignore-scripts --no-audit --no-fund
desktop	Actual TypeScript Repository on SQLx SQLite	2026-10-03T16:25:17.3064685Z 
desktop	Actual TypeScript Repository on SQLx SQLite	2026-10-03T16:25:17.3065505Z added 2 packages in 716ms
desktop	Actual TypeScript Repository on SQLx SQLite	2026-10-03T16:25:17.3170174Z + npm --prefix clients/desktop run build
desktop	Actual TypeScript Repository on SQLx SQLite	2026-10-03T16:25:17.4047553Z 
desktop	Actual TypeScript Repository on SQLx SQLite	2026-10-03T16:25:17.4048381Z > im-desktop@0.1.0 build
desktop	Actual TypeScript Repository on SQLx SQLite	2026-10-03T16:25:17.4048818Z > tsc -p tsconfig.json
desktop	Actual TypeScript Repository on SQLx SQLite	2026-10-03T16:25:17.4048987Z 
desktop	Actual TypeScript Repository on SQLx SQLite	2026-10-03T16:25:18.9577704Z + cargo test --locked
desktop	Actual TypeScript Repository on SQLx SQLite	2026-10-03T16:25:18.9955084Z     Updating crates.io index
desktop	Actual TypeScript Repository on SQLx SQLite	2026-10-03T16:25:19.5441944Z  Downloading crates ...
desktop	Actual TypeScript Repository on SQLx SQLite	2026-10-03T16:25:19.5956117Z   Downloaded ico v0.5.0
desktop	Actual TypeScript Repository on SQLx SQLite	2026-10-03T16:25:19.5991447Z   Downloaded phf_codegen v0.13.1
desktop	Actual TypeScript Repository on SQLx SQLite	2026-10-03T16:25:19.6001833Z   Downloaded new_debug_unreachable v1.0.6
desktop	Actual TypeScript Repository on SQLx SQLite	2026-10-03T16:25:19.6013028Z   Downloaded schemars v0.8.22
desktop	Actual TypeScript Repository on SQLx SQLite	2026-10-03T16:25:19.6180568Z   Downloaded icu_properties v2.3.0
desktop	Actual TypeScript Repository on SQLx SQLite	2026-10-03T16:25:19.6217266Z   Downloaded base64 v0.22.1
desktop	Actual TypeScript Repository on SQLx SQLite	2026-10-03T16:25:19.6261714Z   Downloaded indexmap v2.14.2
desktop	Actual TypeScript Repository on SQLx SQLite	2026-10-03T16:25:19.6313442Z   Downloaded atoi v2.0.0
desktop	Actual TypeScript Repository on SQLx SQLite	2026-10-03T16:25:19.6327432Z   Downloaded hashbrown v0.17.1
desktop	Actual TypeScript Repository on SQLx SQLite	2026-10-03T16:25:19.6383713Z   Downloaded memchr v2.8.3
desktop	Actual TypeScript Repository on SQLx SQLite	2026-10-03T16:25:19.6445904Z   Downloaded schemars v1.2.2
desktop	Actual TypeScript Repository on SQLx SQLite	2026-10-03T16:25:19.6645155Z   Downloaded autocfg v1.5.1
desktop	Actual TypeScript Repository on SQLx SQLite	2026-10-03T16:25:19.6666171Z   Downloaded icu_normalizer v2.3.0
desktop	Actual TypeScript Repository on SQLx SQLite	2026-10-03T16:25:19.6781197Z   Downloaded libdbus-sys v0.2.7
desktop	Actual TypeScript Repository on SQLx SQLite	2026-10-03T16:25:19.7165394Z   Downloaded proc-macro2 v1.0.107
desktop	Actual TypeScript Repository on SQLx SQLite	2026-10-03T16:25:19.7197318Z   Downloaded javascriptcore-rs v1.1.2
desktop	Actual TypeScript Repository on SQLx SQLite	2026-10-03T16:25:19.7225213Z   Downloaded icu_normalizer_data v2.3.0
desktop	Actual TypeScript Repository on SQLx SQLite	2026-10-03T16:25:19.7247379Z   Downloaded gobject-sys v0.18.0
desktop	Actual TypeScript Repository on SQLx SQLite	2026-10-03T16:25:19.7261901Z   Downloaded html5ever v0.39.0
desktop	Actual TypeScript Repository on SQLx SQLite	2026-10-03T16:25:19.7302289Z   Downloaded phf_macros v0.13.1
desktop	Actual TypeScript Repository on SQLx SQLite	2026-10-03T16:25:19.7312747Z   Downloaded keyboard-types v0.8.3
desktop	Actual TypeScript Repository on SQLx SQLite	2026-10-03T16:25:19.7347531Z   Downloaded base64 v0.23.1
desktop	Actual TypeScript Repository on SQLx SQLite	2026-10-03T16:25:19.7392376Z   Downloaded quote v1.0.47
desktop	Actual TypeScript Repository on SQLx SQLite	2026-10-03T16:25:19.7426069Z   Downloaded ref-cast v1.0.27
desktop	Actual TypeScript Repository on SQLx SQLite	2026-10-03T16:25:19.7457362Z   Downloaded crc32fast v1.5.2
desktop	Actual TypeScript Repository on SQLx SQLite	2026-10-03T16:25:19.7480810Z   Downloaded dpi v0.1.2
desktop	Actual TypeScript Repository on SQLx SQLite	2026-10-03T16:25:19.7491367Z   Downloaded gtk3-macros v0.18.2
desktop	Actual TypeScript Repository on SQLx SQLite	2026-10-03T16:25:19.7501322Z   Downloaded log v0.4.34
desktop	Actual TypeScript Repository on SQLx SQLite	2026-10-03T16:25:19.7536063Z   Downloaded gdk-pixbuf-sys v0.18.0
desktop	Actual TypeScript Repository on SQLx SQLite	2026-10-03T16:25:19.7549794Z   Downloaded pkg-config v0.3.34
desktop	Actual TypeScript Repository on SQLx SQLite	2026-10-03T16:25:19.7564572Z   Downloaded raw-window-handle v0.6.2
desktop	Actual TypeScript Repository on SQLx SQLite	2026-10-03T16:25:19.7583914Z   Downloaded allocator-api2 v0.2.21
desktop	Actual TypeScript Repository on SQLx SQLite	2026-10-03T16:25:19.7612666Z   Downloaded glib-sys v0.18.1
desktop	Actual TypeScript Repository on SQLx SQLite	2026-10-03T16:25:19.7635701Z   Downloaded idna v1.1.0
desktop	Actual TypeScript Repository on SQLx SQLite	2026-10-03T16:25:19.7674941Z   Downloaded muda v0.20.0
desktop	Actual TypeScript Repository on SQLx SQLite	2026-10-03T16:25:19.7735016Z   Downloaded regex-syntax v0.8.11
desktop	Actual TypeScript Repository on SQLx SQLite	2026-10-03T16:25:19.7809506Z   Downloaded anyhow v1.0.104
desktop	Actual TypeScript Repository on SQLx SQLite	2026-10-03T16:25:19.7850160Z   Downloaded block-buffer v0.10.4
desktop	Actual TypeScript Repository on SQLx SQLite	2026-10-03T16:25:19.7861602Z   Downloaded darling v0.24.1
desktop	Actual TypeScript Repository on SQLx SQLite	2026-10-03T16:25:19.7933642Z   Downloaded zmij v1.0.23
desktop	Actual TypeScript Repository on SQLx SQLite	2026-10-03T16:25:19.7951298Z   Downloaded defmt-parser v1.0.0
desktop	Actual TypeScript Repository on SQLx SQLite	2026-10-03T16:25:19.7960486Z   Downloaded futures-intrusive v0.5.0
desktop	Actual TypeScript Repository on SQLx SQLite	2026-10-03T16:25:19.8004964Z   Downloaded field-offset v0.3.6
desktop	Actual TypeScript Repository on SQLx SQLite	2026-10-03T16:25:19.8016318Z   Downloaded ident_case v1.0.1
desktop	Actual TypeScript Repository on SQLx SQLite	2026-10-03T16:25:19.8025241Z   Downloaded cookie v0.18.2
desktop	Actual TypeScript Repository on SQLx SQLite	2026-10-03T16:25:19.8049858Z   Downloaded crossbeam-utils v0.8.23
desktop	Actual TypeScript Repository on SQLx SQLite	2026-10-03T16:25:19.8078368Z   Downloaded rustc-hash v2.1.3
desktop	Actual TypeScript Repository on SQLx SQLite	2026-10-03T16:25:19.8090336Z   Downloaded wry v0.57.0
desktop	Actual TypeScript Repository on SQLx SQLite	2026-10-03T16:25:19.8186035Z   Downloaded quick-xml v0.42.0
desktop	Actual TypeScript Repository on SQLx SQLite	2026-10-03T16:25:19.8253335Z   Downloaded dotenvy v0.15.7
desktop	Actual TypeScript Repository on SQLx SQLite	2026-10-03T16:25:19.8286299Z   Downloaded futures-io v0.3.34
desktop	Actual TypeScript Repository on SQLx SQLite	2026-10-03T16:25:19.8295368Z   Downloaded icu_properties_data v2.3.0
desktop	Actual TypeScript Repository on SQLx SQLite	2026-10-03T16:25:19.8416609Z   Downloaded semver v1.0.28
desktop	Actual TypeScript Repository on SQLx SQLite	2026-10-03T16:25:19.8442027Z   Downloaded ref-cast-impl v1.0.27
desktop	Actual TypeScript Repository on SQLx SQLite	2026-10-03T16:25:19.8449552Z   Downloaded pango v0.18.3
desktop	Actual TypeScript Repository on SQLx SQLite	2026-10-03T16:25:19.8496228Z   Downloaded precomputed-hash v0.1.1
desktop	Actual TypeScript Repository on SQLx SQLite	2026-10-03T16:25:19.8502194Z   Downloaded markup5ever v0.39.0
desktop	Actual TypeScript Repository on SQLx SQLite	2026-10-03T16:25:19.8514399Z   Downloaded indexmap v1.9.3
desktop	Actual TypeScript Repository on SQLx SQLite	2026-10-03T16:25:19.8547362Z   Downloaded phf_shared v0.13.1
desktop	Actual TypeScript Repository on SQLx SQLite	2026-10-03T16:25:19.8555990Z   Downloaded tinystr v0.8.4
desktop	Actual TypeScript Repository on SQLx SQLite	2026-10-03T16:25:19.8576355Z   Downloaded cairo-sys-rs v0.18.2
desktop	Actual TypeScript Repository on SQLx SQLite	2026-10-03T16:25:19.8586618Z   Downloaded crypto-common v0.1.7
desktop	Actual TypeScript Repository on SQLx SQLite	2026-10-03T16:25:19.8596339Z   Downloaded dlopen2_derive v0.4.3
desktop	Actual TypeScript Repository on SQLx SQLite	2026-10-03T16:25:19.8605146Z   Downloaded syn v2.0.119
desktop	Actual TypeScript Repository on SQLx SQLite	2026-10-03T16:25:19.8713774Z   Downloaded memoffset v0.9.1
desktop	Actual TypeScript Repository on SQLx SQLite	2026-10-03T16:25:19.8727135Z   Downloaded heck v0.5.0
desktop	Actual TypeScript Repository on SQLx SQLite	2026-10-03T16:25:19.8739369Z   Downloaded generic-array v0.14.7
desktop	Actual TypeScript Repository on SQLx SQLite	2026-10-03T16:25:19.8752996Z   Downloaded parking v2.2.1
desktop	Actual TypeScript Repository on SQLx SQLite	2026-10-03T16:25:19.8763407Z   Downloaded bit-set v0.8.0
desktop	Actual TypeScript Repository on SQLx SQLite	2026-10-03T16:25:19.8775807Z   Downloaded cargo-platform v0.1.9
desktop	Actual TypeScript Repository on SQLx SQLite	2026-10-03T16:25:19.8789515Z   Downloaded cssparser-macros v0.7.1
desktop	Actual TypeScript Repository on SQLx SQLite	2026-10-03T16:25:19.8796459Z   Downloaded erased-serde v0.4.10
desktop	Actual TypeScript Repository on SQLx SQLite	2026-10-03T16:25:19.8821670Z   Downloaded flate2 v1.1.10
desktop	Actual TypeScript Repository on SQLx SQLite	2026-10-03T16:25:19.8880981Z   Downloaded futures-executor v0.3.34
desktop	Actual TypeScript Repository on SQLx SQLite	2026-10-03T16:25:19.8898013Z   Downloaded iana-time-zone v0.1.65
desktop	Actual TypeScript Repository on SQLx SQLite	2026-10-03T16:25:19.8949440Z   Downloaded json-patch v4.2.0
desktop	Actual TypeScript Repository on SQLx SQLite	2026-10-03T16:25:19.8967730Z   Downloaded phf_generator v0.13.1
desktop	Actual TypeScript Repository on SQLx SQLite	2026-10-03T16:25:19.8986174Z   Downloaded yoke-derive v0.8.4
desktop	Actual TypeScript Repository on SQLx SQLite	2026-10-03T16:25:19.9002317Z   Downloaded num-traits v0.2.19
desktop	Actual TypeScript Repository on SQLx SQLite	2026-10-03T16:25:19.9033426Z   Downloaded serde v1.0.229
desktop	Actual TypeScript Repository on SQLx SQLite	2026-10-03T16:25:19.9088005Z   Downloaded uuid v1.26.1
desktop	Actual TypeScript Repository on SQLx SQLite	2026-10-03T16:25:19.9118543Z   Downloaded zerofrom v0.1.8
desktop	Actual TypeScript Repository on SQLx SQLite	2026-10-03T16:25:19.9128535Z   Downloaded cfg-if v1.0.5
desktop	Actual TypeScript Repository on SQLx SQLite	2026-10-03T16:25:19.9144906Z   Downloaded futures-macro v0.3.34
desktop	Actual TypeScript Repository on SQLx SQLite	2026-10-03T16:25:19.9156303Z   Downloaded proc-macro-crate v1.3.1
desktop	Actual TypeScript Repository on SQLx SQLite	2026-10-03T16:25:19.9167710Z   Downloaded libloading v0.7.4
desktop	Actual TypeScript Repository on SQLx SQLite	2026-10-03T16:25:19.9189914Z   Downloaded alloc-no-stdlib v3.0.0
desktop	Actual TypeScript Repository on SQLx SQLite	2026-10-03T16:25:19.9206905Z   Downloaded cpufeatures v0.2.17
desktop	Actual TypeScript Repository on SQLx SQLite	2026-10-03T16:25:19.9220452Z   Downloaded dirs v7.0.0
desktop	Actual TypeScript Repository on SQLx SQLite	2026-10-03T16:25:19.9232896Z   Downloaded dirs-sys v0.5.0
desktop	Actual TypeScript Repository on SQLx SQLite	2026-10-03T16:25:19.9244083Z   Downloaded dtoa-short v0.3.5
desktop	Actual TypeScript Repository on SQLx SQLite	2026-10-03T16:25:19.9251668Z   Downloaded hashbrown v0.12.3
desktop	Actual TypeScript Repository on SQLx SQLite	2026-10-03T16:25:19.9292217Z   Downloaded jiff v0.2.37
desktop	Actual TypeScript Repository on SQLx SQLite	2026-10-03T16:25:19.9449716Z   Downloaded option-ext v0.2.0
desktop	Actual TypeScript Repository on SQLx SQLite	2026-10-03T16:25:19.9459122Z   Downloaded vcpkg v0.2.15
desktop	Actual TypeScript Repository on SQLx SQLite	2026-10-03T16:25:20.0018775Z   Downloaded plist v1.10.1
desktop	Actual TypeScript Repository on SQLx SQLite	2026-10-03T16:25:20.0058699Z   Downloaded libappindicator v0.9.0
desktop	Actual TypeScript Repository on SQLx SQLite	2026-10-03T16:25:20.0082671Z   Downloaded cargo_metadata v0.19.2
desktop	Actual TypeScript Repository on SQLx SQLite	2026-10-03T16:25:20.0100392Z   Downloaded defmt-macros v1.1.1
desktop	Actual TypeScript Repository on SQLx SQLite	2026-10-03T16:25:20.0136421Z   Downloaded digest v0.10.7
desktop	Actual TypeScript Repository on SQLx SQLite	2026-10-03T16:25:20.0154420Z   Downloaded equivalent v1.0.2
desktop	Actual TypeScript Repository on SQLx SQLite	2026-10-03T16:25:20.0166927Z   Downloaded form_urlencoded v1.2.2
desktop	Actual TypeScript Repository on SQLx SQLite	2026-10-03T16:25:20.0174437Z   Downloaded libappindicator-sys v0.9.0
desktop	Actual TypeScript Repository on SQLx SQLite	2026-10-03T16:25:20.0181250Z   Downloaded hashlink v0.10.0
desktop	Actual TypeScript Repository on SQLx SQLite	2026-10-03T16:25:20.0198105Z   Downloaded jsonptr v0.7.1
desktop	Actual TypeScript Repository on SQLx SQLite	2026-10-03T16:25:20.0225216Z   Downloaded same-file v1.0.6
desktop	Actual TypeScript Repository on SQLx SQLite	2026-10-03T16:25:20.0238785Z   Downloaded png v0.18.1
desktop	Actual TypeScript Repository on SQLx SQLite	2026-10-03T16:25:20.0279965Z   Downloaded alloc-stdlib v0.3.0
desktop	Actual TypeScript Repository on SQLx SQLite	2026-10-03T16:25:20.0291998Z   Downloaded dyn-clone v1.0.20
desktop	Actual TypeScript Repository on SQLx SQLite	2026-10-03T16:25:20.0308784Z   Downloaded futures-core v0.3.34
desktop	Actual TypeScript Repository on SQLx SQLite	2026-10-03T16:25:20.0321971Z   Downloaded miniz_oxide v0.9.1
desktop	Actual TypeScript Repository on SQLx SQLite	2026-10-03T16:25:20.0346917Z   Downloaded gtk v0.18.2
desktop	Actual TypeScript Repository on SQLx SQLite	2026-10-03T16:25:20.0599999Z   Downloaded num-conv v0.2.2
desktop	Actual TypeScript Repository on SQLx SQLite	2026-10-03T16:25:20.0608778Z   Downloaded dunce v1.0.5
desktop	Actual TypeScript Repository on SQLx SQLite	2026-10-03T16:25:20.0617513Z   Downloaded fnv v1.0.7
desktop	Actual TypeScript Repository on SQLx SQLite	2026-10-03T16:25:20.0626263Z   Downloaded futures-sink v0.3.34
desktop	Actual TypeScript Repository on SQLx SQLite	2026-10-03T16:25:20.0634511Z   Downloaded byteorder v1.5.0
desktop	Actual TypeScript Repository on SQLx SQLite	2026-10-03T16:25:20.0650326Z   Downloaded crc-catalog v2.5.0
desktop	Actual TypeScript Repository on SQLx SQLite	2026-10-03T16:25:20.0664919Z   Downloaded displaydoc v0.2.7
desktop	Actual TypeScript Repository on SQLx SQLite	2026-10-03T16:25:20.0684951Z   Downloaded schemars_derive v0.8.22
desktop	Actual TypeScript Repository on SQLx SQLite	2026-10-03T16:25:20.0700456Z   Downloaded heck v0.4.1
desktop	Actual TypeScript Repository on SQLx SQLite	2026-10-03T16:25:20.0713079Z   Downloaded parking_lot v0.12.5
desktop	Actual TypeScript Repository on SQLx SQLite	2026-10-03T16:25:20.0737984Z   Downloaded socket2 v0.6.5
desktop	Actual TypeScript Repository on SQLx SQLite	2026-10-03T16:25:20.0757201Z   Downloaded bit-vec v0.8.0
desktop	Actual TypeScript Repository on SQLx SQLite	2026-10-03T16:25:20.0772897Z   Downloaded deranged v0.5.8
desktop	Actual TypeScript Repository on SQLx SQLite	2026-10-03T16:25:20.0787417Z   Downloaded adler2 v2.0.1
desktop	Actual TypeScript Repository on SQLx SQLite	2026-10-03T16:25:20.0800087Z   Downloaded typeid v1.0.3
desktop	Actual TypeScript Repository on SQLx SQLite	2026-10-03T16:25:20.0812278Z   Downloaded atk-sys v0.18.2
desktop	Actual TypeScript Repository on SQLx SQLite	2026-10-03T16:25:20.0826035Z   Downloaded dtoa v1.0.11
desktop	Actual TypeScript Repository on SQLx SQLite	2026-10-03T16:25:20.0841811Z   Downloaded find-msvc-tools v0.1.14
desktop	Actual TypeScript Repository on SQLx SQLite	2026-10-03T16:25:20.0859105Z   Downloaded shlex v2.0.1
desktop	Actual TypeScript Repository on SQLx SQLite	2026-10-03T16:25:20.0872156Z   Downloaded glob v0.3.4
desktop	Actual TypeScript Repository on SQLx SQLite	2026-10-03T16:25:20.0887009Z   Downloaded jiff-core v0.1.1
desktop	Actual TypeScript Repository on SQLx SQLite	2026-10-03T16:25:20.0922443Z   Downloaded bs58 v0.5.1
desktop	Actual TypeScript Repository on SQLx SQLite	2026-10-03T16:25:20.0944115Z   Downloaded embed-resource v3.0.11
desktop	Actual TypeScript Repository on SQLx SQLite	2026-10-03T16:25:20.0961836Z   Downloaded fdeflate v0.3.7
desktop	Actual TypeScript Repository on SQLx SQLite	2026-10-03T16:25:20.0978053Z   Downloaded fastrand v2.5.0
desktop	Actual TypeScript Repository on SQLx SQLite	2026-10-03T16:25:20.0991417Z   Downloaded atk v0.18.2
desktop	Actual TypeScript Repository on SQLx SQLite	2026-10-03T16:25:20.1025782Z   Downloaded camino v1.2.6
desktop	Actual TypeScript Repository on SQLx SQLite	2026-10-03T16:25:20.1042213Z   Downloaded crossbeam-queue v0.3.14
desktop	Actual TypeScript Repository on SQLx SQLite	2026-10-03T16:25:20.1055115Z   Downloaded cssparser v0.37.0
desktop	Actual TypeScript Repository on SQLx SQLite	2026-10-03T16:25:20.1079058Z   Downloaded dlopen2 v0.8.2
desktop	Actual TypeScript Repository on SQLx SQLite	2026-10-03T16:25:20.1111618Z   Downloaded foldhash v0.2.0
desktop	Actual TypeScript Repository on SQLx SQLite	2026-10-03T16:25:20.1124749Z   Downloaded futures-channel v0.3.34
desktop	Actual TypeScript Repository on SQLx SQLite	2026-10-03T16:25:20.1144245Z   Downloaded zerovec-derive v0.11.6
desktop	Actual TypeScript Repository on SQLx SQLite	2026-10-03T16:25:20.1161867Z   Downloaded bitflags v1.3.2
desktop	Actual TypeScript Repository on SQLx SQLite	2026-10-03T16:25:20.1195134Z   Downloaded cfg-expr v0.15.8
desktop	Actual TypeScript Repository on SQLx SQLite	2026-10-03T16:25:20.1224320Z   Downloaded defmt v1.1.1
desktop	Actual TypeScript Repository on SQLx SQLite	2026-10-03T16:25:20.1271743Z   Downloaded cairo-rs v0.18.5
desktop	Actual TypeScript Repository on SQLx SQLite	2026-10-03T16:25:20.1303432Z   Downloaded flume v0.11.1
desktop	Actual TypeScript Repository on SQLx SQLite	2026-10-03T16:25:20.1337244Z   Downloaded gdk-pixbuf v0.18.5
desktop	Actual TypeScript Repository on SQLx SQLite	2026-10-03T16:25:20.1359595Z   Downloaded powerfmt v0.2.0
desktop	Actual TypeScript Repository on SQLx SQLite	2026-10-03T16:25:20.1370515Z   Downloaded bytes v1.12.1
desktop	Actual TypeScript Repository on SQLx SQLite	2026-10-03T16:25:20.1405515Z   Downloaded derive_more v2.1.1
desktop	Actual TypeScript Repository on SQLx SQLite	2026-10-03T16:25:20.1532686Z   Downloaded idna_adapter v1.2.2
desktop	Actual TypeScript Repository on SQLx SQLite	2026-10-03T16:25:20.1541662Z   Downloaded smallvec v1.16.2
desktop	Actual TypeScript Repository on SQLx SQLite	2026-10-03T16:25:20.1554723Z   Downloaded tinyvec v1.13.3
desktop	Actual TypeScript Repository on SQLx SQLite	2026-10-03T16:25:20.1588496Z   Downloaded toml v0.8.2
desktop	Actual TypeScript Repository on SQLx SQLite	2026-10-03T16:25:20.1619493Z   Downloaded crossbeam-channel v0.5.17
desktop	Actual TypeScript Repository on SQLx SQLite	2026-10-03T16:25:20.1658812Z   Downloaded ctor v1.0.13
desktop	Actual TypeScript Repository on SQLx SQLite	2026-10-03T16:25:20.1683188Z   Downloaded dom_query v0.28.0
desktop	Actual TypeScript Repository on SQLx SQLite	2026-10-03T16:25:20.1730993Z   Downloaded gdk v0.18.2
desktop	Actual TypeScript Repository on SQLx SQLite	2026-10-03T16:25:20.1789412Z   Downloaded gdk-sys v0.18.2
desktop	Actual TypeScript Repository on SQLx SQLite	2026-10-03T16:25:20.1809196Z   Downloaded libc v0.2.189
desktop	Actual TypeScript Repository on SQLx SQLite	2026-10-03T16:25:20.2224936Z   Downloaded png v0.17.16
desktop	Actual TypeScript Repository on SQLx SQLite	2026-10-03T16:25:20.2263002Z   Downloaded cc v1.5.1
desktop	Actual TypeScript Repository on SQLx SQLite	2026-10-03T16:25:20.2297091Z   Downloaded cfb v0.14.0
desktop	Actual TypeScript Repository on SQLx SQLite	2026-10-03T16:25:20.2338723Z   Downloaded dbus v0.9.12
desktop	Actual TypeScript Repository on SQLx SQLite	2026-10-03T16:25:20.2381262Z   Downloaded derive_more-impl v2.1.1
desktop	Actual TypeScript Repository on SQLx SQLite	2026-10-03T16:25:20.2434850Z   Downloaded zerovec v0.11.8
desktop	Actual TypeScript Repository on SQLx SQLite	2026-10-03T16:25:20.2495849Z   Downloaded synstructure v0.14.0
desktop	Actual TypeScript Repository on SQLx SQLite	2026-10-03T16:25:20.2506353Z   Downloaded servo_arc v0.4.3
desktop	Actual TypeScript Repository on SQLx SQLite	2026-10-03T16:25:20.2514648Z   Downloaded lock_api v0.4.14
desktop	Actual TypeScript Repository on SQLx SQLite	2026-10-03T16:25:20.2527762Z   Downloaded aho-corasick v1.1.5
desktop	Actual TypeScript Repository on SQLx SQLite	2026-10-03T16:25:20.2584182Z   Downloaded event-listener v5.4.2
desktop	Actual TypeScript Repository on SQLx SQLite	2026-10-03T16:25:20.2602635Z   Downloaded futures-util v0.3.34
desktop	Actual TypeScript Repository on SQLx SQLite	2026-10-03T16:25:20.2740387Z   Downloaded regex v1.13.1
desktop	Actual TypeScript Repository on SQLx SQLite	2026-10-03T16:25:20.2793936Z   Downloaded either v1.18.0
desktop	Actual TypeScript Repository on SQLx SQLite	2026-10-03T16:25:20.2808915Z   Downloaded foldhash v0.1.5
desktop	Actual TypeScript Repository on SQLx SQLite	2026-10-03T16:25:20.2821132Z   Downloaded winnow v1.0.4
desktop	Actual TypeScript Repository on SQLx SQLite	2026-10-03T16:25:20.2919946Z   Downloaded zerotrie v0.2.5
desktop	Actual TypeScript Repository on SQLx SQLite	2026-10-03T16:25:20.2960849Z   Downloaded chrono v0.4.45
desktop	Actual TypeScript Repository on SQLx SQLite	2026-10-03T16:25:20.3028533Z   Downloaded darling_macro v0.24.1
desktop	Actual TypeScript Repository on SQLx SQLite	2026-10-03T16:25:20.3035273Z   Downloaded gio-sys v0.18.1
desktop	Actual TypeScript Repository on SQLx SQLite	2026-10-03T16:25:20.3061049Z   Downloaded http v1.5.0
desktop	Actual TypeScript Repository on SQLx SQLite	2026-10-03T16:25:20.3097624Z   Downloaded sqlx v0.8.6
desktop	Actual TypeScript Repository on SQLx SQLite	2026-10-03T16:25:20.3240640Z   Downloaded tauri-runtime-wry v2.12.1
desktop	Actual TypeScript Repository on SQLx SQLite	2026-10-03T16:25:20.3267496Z   Downloaded futures-task v0.3.34
desktop	Actual TypeScript Repository on SQLx SQLite	2026-10-03T16:25:20.3279939Z   Downloaded tokio-stream v0.1.19
desktop	Actual TypeScript Repository on SQLx SQLite	2026-10-03T16:25:20.3333487Z   Downloaded sha2 v0.10.9
desktop	Actual TypeScript Repository on SQLx SQLite	2026-10-03T16:25:20.3358992Z   Downloaded toml_datetime v1.1.1+spec-1.1.0
desktop	Actual TypeScript Repository on SQLx SQLite	2026-10-03T16:25:20.3371619Z   Downloaded crc v3.4.0
desktop	Actual TypeScript Repository on SQLx SQLite	2026-10-03T16:25:20.3389040Z   Downloaded zlib-rs v0.6.8
desktop	Actual TypeScript Repository on SQLx SQLite	2026-10-03T16:25:20.3443740Z   Downloaded bitflags v2.13.2
desktop	Actual TypeScript Repository on SQLx SQLite	2026-10-03T16:25:20.3489506Z   Downloaded serde-untagged v0.1.9
desktop	Actual TypeScript Repository on SQLx SQLite	2026-10-03T16:25:20.3507229Z   Downloaded typenum v1.20.1
desktop	Actual TypeScript Repository on SQLx SQLite	2026-10-03T16:25:20.3543972Z   Downloaded brotli v9.0.0
desktop	Actual TypeScript Repository on SQLx SQLite	2026-10-03T16:25:20.3700031Z   Downloaded proc-macro-error v1.0.4
desktop	Actual TypeScript Repository on SQLx SQLite	2026-10-03T16:25:20.3735644Z   Downloaded cargo_toml v1.0.1
desktop	Actual TypeScript Repository on SQLx SQLite	2026-10-03T16:25:20.3750214Z   Downloaded tendril v0.5.1
desktop	Actual TypeScript Repository on SQLx SQLite	2026-10-03T16:25:20.3770142Z   Downloaded sqlx-macros v0.8.6
desktop	Actual TypeScript Repository on SQLx SQLite	2026-10-03T16:25:20.3778466Z   Downloaded thiserror-impl v1.0.69
desktop	Actual TypeScript Repository on SQLx SQLite	2026-10-03T16:25:20.3793012Z   Downloaded webkit2gtk v2.0.2
desktop	Actual TypeScript Repository on SQLx SQLite	2026-10-03T16:25:20.3859258Z   Downloaded darling_core v0.24.1
desktop	Actual TypeScript Repository on SQLx SQLite	2026-10-03T16:25:20.3923458Z   Downloaded brotli-decompressor v6.0.1
desktop	Actual TypeScript Repository on SQLx SQLite	2026-10-03T16:25:20.3993904Z   Downloaded serde_repr v0.1.21
desktop	Actual TypeScript Repository on SQLx SQLite	2026-10-03T16:25:20.4014792Z   Downloaded zerofrom-derive v0.1.8
desktop	Actual TypeScript Repository on SQLx SQLite	2026-10-03T16:25:20.4025333Z   Downloaded tauri-macros v2.7.1
desktop	Actual TypeScript Repository on SQLx SQLite	2026-10-03T16:25:20.4042519Z   Downloaded glib v0.18.5
desktop	Actual TypeScript Repository on SQLx SQLite	2026-10-03T16:25:20.4152402Z   Downloaded system-deps v6.2.2
desktop	Actual TypeScript Repository on SQLx SQLite	2026-10-03T16:25:20.4174100Z   Downloaded string_cache_codegen v0.6.1
desktop	Actual TypeScript Repository on SQLx SQLite	2026-10-03T16:25:20.4181374Z   Downloaded time-core v0.1.9
desktop	Actual TypeScript Repository on SQLx SQLite	2026-10-03T16:25:20.4193407Z   Downloaded scopeguard v1.2.0
desktop	Actual TypeScript Repository on SQLx SQLite	2026-10-03T16:25:20.4206382Z   Downloaded serde_derive_internals v0.29.1
desktop	Actual TypeScript Repository on SQLx SQLite	2026-10-03T16:25:20.4222192Z   Downloaded yoke v0.8.3
desktop	Actual TypeScript Repository on SQLx SQLite	2026-10-03T16:25:20.4241066Z   Downloaded getrandom v0.3.4
desktop	Actual TypeScript Repository on SQLx SQLite	2026-10-03T16:25:20.4277704Z   Downloaded spin v0.9.9
desktop	Actual TypeScript Repository on SQLx SQLite	2026-10-03T16:25:20.4302326Z   Downloaded sqlx-macros-core v0.8.6
desktop	Actual TypeScript Repository on SQLx SQLite	2026-10-03T16:25:20.4325477Z   Downloaded tray-icon v0.25.1
desktop	Actual TypeScript Repository on SQLx SQLite	2026-10-03T16:25:20.4355703Z   Downloaded gdkx11 v0.18.2
desktop	Actual TypeScript Repository on SQLx SQLite	2026-10-03T16:25:20.4376876Z   Downloaded serde_urlencoded v0.7.1
desktop	Actual TypeScript Repository on SQLx SQLite	2026-10-03T16:25:20.4393937Z   Downloaded thiserror-impl v2.0.21
desktop	Actual TypeScript Repository on SQLx SQLite	2026-10-03T16:25:20.4408965Z   Downloaded tokio v1.53.1
desktop	Actual TypeScript Repository on SQLx SQLite	2026-10-03T16:25:20.4869022Z   Downloaded toml_parser v1.1.3+spec-1.1.0
desktop	Actual TypeScript Repository on SQLx SQLite	2026-10-03T16:25:20.4891557Z   Downloaded gdkx11-sys v0.18.2
desktop	Actual TypeScript Repository on SQLx SQLite	2026-10-03T16:25:20.4901635Z   Downloaded sqlx-sqlite v0.8.6
desktop	Actual TypeScript Repository on SQLx SQLite	2026-10-03T16:25:20.4947240Z   Downloaded walkdir v2.5.0
desktop	Actual TypeScript Repository on SQLx SQLite	2026-10-03T16:25:20.4966421Z   Downloaded x11-dl v2.21.0
desktop	Actual TypeScript Repository on SQLx SQLite	2026-10-03T16:25:20.4998670Z   Downloaded tauri-runtime v2.12.1
desktop	Actual TypeScript Repository on SQLx SQLite	2026-10-03T16:25:20.5016021Z   Downloaded toml_edit v0.19.15
desktop	Actual TypeScript Repository on SQLx SQLite	2026-10-03T16:25:20.5221666Z   Downloaded webkit2gtk-sys v2.0.2
desktop	Actual TypeScript Repository on SQLx SQLite	2026-10-03T16:25:20.5235486Z   Downloaded x11 v2.21.0
desktop	Actual TypeScript Repository on SQLx SQLite	2026-10-03T16:25:20.5267202Z   Downloaded syn v3.0.6
desktop	Actual TypeScript Repository on SQLx SQLite	2026-10-03T16:25:20.5373182Z   Downloaded toml_edit v0.20.2
desktop	Actual TypeScript Repository on SQLx SQLite	2026-10-03T16:25:20.5577961Z   Downloaded urlpattern v0.6.0
desktop	Actual TypeScript Repository on SQLx SQLite	2026-10-03T16:25:20.5600991Z   Downloaded unicode-ident v1.0.26
desktop	Actual TypeScript Repository on SQLx SQLite	2026-10-03T16:25:20.5628632Z   Downloaded serialize-to-javascript-impl v0.1.2
desktop	Actual TypeScript Repository on SQLx SQLite	2026-10-03T16:25:20.5636045Z   Downloaded serde_with_macros v3.24.0
desktop	Actual TypeScript Repository on SQLx SQLite	2026-10-03T16:25:20.5655221Z   Downloaded soup3-sys v0.5.0
desktop	Actual TypeScript Repository on SQLx SQLite	2026-10-03T16:25:20.5669270Z   Downloaded serde_derive v1.0.229
desktop	Actual TypeScript Repository on SQLx SQLite	2026-10-03T16:25:20.5699705Z   Downloaded tauri-winres v0.3.6
desktop	Actual TypeScript Repository on SQLx SQLite	2026-10-03T16:25:20.5716203Z   Downloaded serde_core v1.0.229
desktop	Actual TypeScript Repository on SQLx SQLite	2026-10-03T16:25:20.5743446Z   Downloaded time-macros v0.2.32
desktop	Actual TypeScript Repository on SQLx SQLite	2026-10-03T16:25:20.5768440Z   Downloaded syn v1.0.109
desktop	Actual TypeScript Repository on SQLx SQLite	2026-10-03T16:25:20.5863127Z   Downloaded tauri-build v2.7.1
desktop	Actual TypeScript Repository on SQLx SQLite	2026-10-03T16:25:20.5880807Z   Downloaded gio v0.18.4
desktop	Actual TypeScript Repository on SQLx SQLite	2026-10-03T16:25:20.6047173Z   Downloaded web_atoms v0.2.6
desktop	Actual TypeScript Repository on SQLx SQLite	2026-10-03T16:25:20.6058327Z   Downloaded getrandom v0.4.3
desktop	Actual TypeScript Repository on SQLx SQLite	2026-10-03T16:25:20.6096167Z   Downloaded toml_datetime v0.6.3
desktop	Actual TypeScript Repository on SQLx SQLite	2026-10-03T16:25:20.6106087Z   Downloaded simd-adler32 v0.3.10
desktop	Actual TypeScript Repository on SQLx SQLite	2026-10-03T16:25:20.6125330Z   Downloaded selectors v0.38.0
desktop	Actual TypeScript Repository on SQLx SQLite	2026-10-03T16:25:20.6148782Z   Downloaded tauri-codegen v2.7.1
desktop	Actual TypeScript Repository on SQLx SQLite	2026-10-03T16:25:20.6164669Z   Downloaded toml v1.1.6+spec-1.1.0
desktop	Actual TypeScript Repository on SQLx SQLite	2026-10-03T16:25:20.6206186Z   Downloaded string_cache v0.9.0
desktop	Actual TypeScript Repository on SQLx SQLite	2026-10-03T16:25:20.6222226Z   Downloaded soup3 v0.5.0
desktop	Actual TypeScript Repository on SQLx SQLite	2026-10-03T16:25:20.6263918Z   Downloaded tracing v0.1.44
desktop	Actual TypeScript Repository on SQLx SQLite	2026-10-03T16:25:20.6422928Z   Downloaded siphasher v1.0.4
desktop	Actual TypeScript Repository on SQLx SQLite	2026-10-03T16:25:20.6438282Z   Downloaded version_check v0.9.5
desktop	Actual TypeScript Repository on SQLx SQLite	2026-10-03T16:25:20.6450634Z   Downloaded serde_spanned v1.1.1
desktop	Actual TypeScript Repository on SQLx SQLite	2026-10-03T16:25:20.6461906Z   Downloaded schemars v0.9.0
desktop	Actual TypeScript Repository on SQLx SQLite	2026-10-03T16:25:20.6610233Z   Downloaded sqlx-core v0.8.6
desktop	Actual TypeScript Repository on SQLx SQLite	2026-10-03T16:25:20.6690971Z   Downloaded tauri-utils v2.10.1
desktop	Actual TypeScript Repository on SQLx SQLite	2026-10-03T16:25:20.6734424Z   Downloaded utf8_iter v1.0.4
desktop	Actual TypeScript Repository on SQLx SQLite	2026-10-03T16:25:20.6745372Z   Downloaded litemap v0.8.3
desktop	Actual TypeScript Repository on SQLx SQLite	2026-10-03T16:25:20.6768822Z   Downloaded glib-macros v0.18.5
desktop	Actual TypeScript Repository on SQLx SQLite	2026-10-03T16:25:20.6795126Z   Downloaded gtk-sys v0.18.2
desktop	Actual TypeScript Repository on SQLx SQLite	2026-10-03T16:25:20.6830330Z   Downloaded strsim v0.11.1
desktop	Actual TypeScript Repository on SQLx SQLite	2026-10-03T16:25:20.6843632Z   Downloaded rustc_version v0.4.1
desktop	Actual TypeScript Repository on SQLx SQLite	2026-10-03T16:25:20.6856664Z   Downloaded serialize-to-javascript v0.1.2
desktop	Actual TypeScript Repository on SQLx SQLite	2026-10-03T16:25:20.6867321Z   Downloaded thiserror v2.0.21
desktop	Actual TypeScript Repository on SQLx SQLite	2026-10-03T16:25:20.6935460Z   Downloaded icu_locale_core v2.3.0
desktop	Actual TypeScript Repository on SQLx SQLite	2026-10-03T16:25:20.7008245Z   Downloaded phf v0.13.1
desktop	Actual TypeScript Repository on SQLx SQLite	2026-10-03T16:25:20.7021158Z   Downloaded pin-project-lite v0.2.17
desktop	Actual TypeScript Repository on SQLx SQLite	2026-10-03T16:25:20.7080894Z   Downloaded mio v1.2.3
desktop	Actual TypeScript Repository on SQLx SQLite	2026-10-03T16:25:20.7142877Z   Downloaded version-compare v0.2.1
desktop	Actual TypeScript Repository on SQLx SQLite	2026-10-03T16:25:20.7156269Z   Downloaded serde_with v3.24.0
desktop	Actual TypeScript Repository on SQLx SQLite	2026-10-03T16:25:20.7290658Z   Downloaded hex v0.4.3
desktop	Actual TypeScript Repository on SQLx SQLite	2026-10-03T16:25:20.7305998Z   Downloaded once_cell v1.21.4
desktop	Actual TypeScript Repository on SQLx SQLite	2026-10-03T16:25:20.7331032Z   Downloaded stable_deref_trait v1.2.1
desktop	Actual TypeScript Repository on SQLx SQLite	2026-10-03T16:25:20.7339668Z   Downloaded potential_utf v0.1.6
desktop	Actual TypeScript Repository on SQLx SQLite	2026-10-03T16:25:20.7350028Z   Downloaded gdkwayland-sys v0.18.2
desktop	Actual TypeScript Repository on SQLx SQLite	2026-10-03T16:25:20.7356504Z   Downloaded hashbrown v0.15.5
desktop	Actual TypeScript Repository on SQLx SQLite	2026-10-03T16:25:20.7405751Z   Downloaded mime v0.3.17
desktop	Actual TypeScript Repository on SQLx SQLite	2026-10-03T16:25:20.7419018Z   Downloaded ryu v1.0.23
desktop	Actual TypeScript Repository on SQLx SQLite	2026-10-03T16:25:20.7449867Z   Downloaded icu_collections v2.3.0
desktop	Actual TypeScript Repository on SQLx SQLite	2026-10-03T16:25:20.7510481Z   Downloaded url v2.5.8
desktop	Actual TypeScript Repository on SQLx SQLite	2026-10-03T16:25:20.7535712Z   Downloaded winnow v0.5.40
desktop	Actual TypeScript Repository on SQLx SQLite	2026-10-03T16:25:20.7618401Z   Downloaded target-lexicon v0.12.16
desktop	Actual TypeScript Repository on SQLx SQLite	2026-10-03T16:25:20.7638666Z   Downloaded itoa v1.0.18
desktop	Actual TypeScript Repository on SQLx SQLite	2026-10-03T16:25:20.7652551Z   Downloaded infer v0.22.0
desktop	Actual TypeScript Repository on SQLx SQLite	2026-10-03T16:25:20.7673473Z   Downloaded regex-automata v0.4.18
desktop	Actual TypeScript Repository on SQLx SQLite	2026-10-03T16:25:20.7811549Z   Downloaded javascriptcore-rs-sys v1.1.1
desktop	Actual TypeScript Repository on SQLx SQLite	2026-10-03T16:25:20.7823564Z   Downloaded thiserror v1.0.69
desktop	Actual TypeScript Repository on SQLx SQLite	2026-10-03T16:25:20.7880191Z   Downloaded tracing-core v0.1.36
desktop	Actual TypeScript Repository on SQLx SQLite	2026-10-03T16:25:20.7906865Z   Downloaded toml_writer v1.1.2+spec-1.1.0
desktop	Actual TypeScript Repository on SQLx SQLite	2026-10-03T16:25:20.7920787Z   Downloaded serde_spanned v0.6.9
desktop	Actual TypeScript Repository on SQLx SQLite	2026-10-03T16:25:20.7931974Z   Downloaded slab v0.4.12
desktop	Actual TypeScript Repository on SQLx SQLite	2026-10-03T16:25:20.7944912Z   Downloaded tracing-attributes v0.1.31
desktop	Actual TypeScript Repository on SQLx SQLite	2026-10-03T16:25:20.7970708Z   Downloaded parking_lot_core v0.9.12
desktop	Actual TypeScript Repository on SQLx SQLite	2026-10-03T16:25:20.7992061Z   Downloaded pango-sys v0.18.0
desktop	Actual TypeScript Repository on SQLx SQLite	2026-10-03T16:25:20.8006109Z   Downloaded serde_json v1.0.151
desktop	Actual TypeScript Repository on SQLx SQLite	2026-10-03T16:25:20.8078487Z   Downloaded tauri v2.12.1
desktop	Actual TypeScript Repository on SQLx SQLite	2026-10-03T16:25:20.8228842Z   Downloaded proc-macro-crate v2.0.2
desktop	Actual TypeScript Repository on SQLx SQLite	2026-10-03T16:25:20.8242725Z   Downloaded proc-macro-error-attr v1.0.4
desktop	Actual TypeScript Repository on SQLx SQLite	2026-10-03T16:25:20.8252496Z   Downloaded time v0.3.55
desktop	Actual TypeScript Repository on SQLx SQLite	2026-10-03T16:25:20.8401892Z   Downloaded miniz_oxide v0.8.9
desktop	Actual TypeScript Repository on SQLx SQLite	2026-10-03T16:25:20.8426517Z   Downloaded icu_provider v2.3.1
desktop	Actual TypeScript Repository on SQLx SQLite	2026-10-03T16:25:20.8452994Z   Downloaded writeable v0.6.4
desktop	Actual TypeScript Repository on SQLx SQLite	2026-10-03T16:25:20.8473779Z   Downloaded percent-encoding v2.3.2
desktop	Actual TypeScript Repository on SQLx SQLite	2026-10-03T16:25:20.8482633Z   Downloaded web-time v1.1.0
desktop	Actual TypeScript Repository on SQLx SQLite	2026-10-03T16:25:20.8499568Z   Downloaded tao v0.37.1
desktop	Actual TypeScript Repository on SQLx SQLite	2026-10-03T16:25:20.8610385Z   Downloaded libsqlite3-sys v0.30.1
desktop	Actual TypeScript Repository on SQLx SQLite	2026-10-03T16:25:21.0738690Z    Compiling proc-macro2 v1.0.107
desktop	Actual TypeScript Repository on SQLx SQLite	2026-10-03T16:25:21.0741207Z    Compiling unicode-ident v1.0.26
desktop	Actual TypeScript Repository on SQLx SQLite	2026-10-03T16:25:21.0741719Z    Compiling quote v1.0.47
desktop	Actual TypeScript Repository on SQLx SQLite	2026-10-03T16:25:21.0742480Z    Compiling serde_core v1.0.229
desktop	Actual TypeScript Repository on SQLx SQLite	2026-10-03T16:25:21.1708103Z    Compiling serde v1.0.229
desktop	Actual TypeScript Repository on SQLx SQLite	2026-10-03T16:25:21.3308805Z    Compiling equivalent v1.0.2
desktop	Actual TypeScript Repository on SQLx SQLite	2026-10-03T16:25:21.3448638Z    Compiling smallvec v1.16.2
desktop	Actual TypeScript Repository on SQLx SQLite	2026-10-03T16:25:21.3618007Z    Compiling hashbrown v0.17.1
desktop	Actual TypeScript Repository on SQLx SQLite	2026-10-03T16:25:21.5048572Z    Compiling pkg-config v0.3.34
desktop	Actual TypeScript Repository on SQLx SQLite	2026-10-03T16:25:22.0187898Z    Compiling indexmap v2.14.2
desktop	Actual TypeScript Repository on SQLx SQLite	2026-10-03T16:25:22.0437996Z    Compiling libc v0.2.189
desktop	Actual TypeScript Repository on SQLx SQLite	2026-10-03T16:25:22.5762809Z    Compiling syn v3.0.6
desktop	Actual TypeScript Repository on SQLx SQLite	2026-10-03T16:25:22.7277412Z    Compiling winnow v0.5.40
desktop	Actual TypeScript Repository on SQLx SQLite	2026-10-03T16:25:23.4408250Z    Compiling heck v0.5.0
desktop	Actual TypeScript Repository on SQLx SQLite	2026-10-03T16:25:23.5548476Z    Compiling target-lexicon v0.12.16
desktop	Actual TypeScript Repository on SQLx SQLite	2026-10-03T16:25:23.6158493Z    Compiling version-compare v0.2.1
desktop	Actual TypeScript Repository on SQLx SQLite	2026-10-03T16:25:23.7668243Z    Compiling syn v2.0.119
desktop	Actual TypeScript Repository on SQLx SQLite	2026-10-03T16:25:24.1298126Z    Compiling cfg-expr v0.15.8
desktop	Actual TypeScript Repository on SQLx SQLite	2026-10-03T16:25:24.2698537Z    Compiling memchr v2.8.3
desktop	Actual TypeScript Repository on SQLx SQLite	2026-10-03T16:25:24.9578443Z    Compiling version_check v0.9.5
desktop	Actual TypeScript Repository on SQLx SQLite	2026-10-03T16:25:25.1538210Z    Compiling cfg-if v1.0.5
desktop	Actual TypeScript Repository on SQLx SQLite	2026-10-03T16:25:25.1895871Z    Compiling writeable v0.6.4
desktop	Actual TypeScript Repository on SQLx SQLite	2026-10-03T16:25:25.3707792Z    Compiling litemap v0.8.3
desktop	Actual TypeScript Repository on SQLx SQLite	2026-10-03T16:25:25.5047962Z    Compiling siphasher v1.0.4
desktop	Actual TypeScript Repository on SQLx SQLite	2026-10-03T16:25:25.6387945Z    Compiling utf8_iter v1.0.4
desktop	Actual TypeScript Repository on SQLx SQLite	2026-10-03T16:25:25.7182033Z    Compiling autocfg v1.5.1
desktop	Actual TypeScript Repository on SQLx SQLite	2026-10-03T16:25:25.9998509Z    Compiling synstructure v0.14.0
desktop	Actual TypeScript Repository on SQLx SQLite	2026-10-03T16:25:26.6086441Z    Compiling phf_shared v0.13.1
desktop	Actual TypeScript Repository on SQLx SQLite	2026-10-03T16:25:26.7965859Z    Compiling icu_properties_data v2.3.0
desktop	Actual TypeScript Repository on SQLx SQLite	2026-10-03T16:25:26.8918123Z    Compiling itoa v1.0.18
desktop	Actual TypeScript Repository on SQLx SQLite	2026-10-03T16:25:27.0178751Z    Compiling icu_normalizer_data v2.3.0
desktop	Actual TypeScript Repository on SQLx SQLite	2026-10-03T16:25:27.0424493Z    Compiling fastrand v2.5.0
desktop	Actual TypeScript Repository on SQLx SQLite	2026-10-03T16:25:27.1498305Z    Compiling phf_generator v0.13.1
desktop	Actual TypeScript Repository on SQLx SQLite	2026-10-03T16:25:27.2638572Z    Compiling futures-core v0.3.34
desktop	Actual TypeScript Repository on SQLx SQLite	2026-10-03T16:25:27.2808079Z    Compiling pin-project-lite v0.2.17
desktop	Actual TypeScript Repository on SQLx SQLite	2026-10-03T16:25:27.3248219Z    Compiling stable_deref_trait v1.2.1
desktop	Actual TypeScript Repository on SQLx SQLite	2026-10-03T16:25:27.3396236Z    Compiling once_cell v1.21.4
desktop	Actual TypeScript Repository on SQLx SQLite	2026-10-03T16:25:27.3708481Z    Compiling futures-sink v0.3.34
desktop	Actual TypeScript Repository on SQLx SQLite	2026-10-03T16:25:27.4198535Z    Compiling scopeguard v1.2.0
desktop	Actual TypeScript Repository on SQLx SQLite	2026-10-03T16:25:27.4658279Z    Compiling parking_lot_core v0.9.12
desktop	Actual TypeScript Repository on SQLx SQLite	2026-10-03T16:25:27.4938263Z    Compiling lock_api v0.4.14
desktop	Actual TypeScript Repository on SQLx SQLite	2026-10-03T16:25:27.5808493Z    Compiling serde_derive v1.0.229
desktop	Actual TypeScript Repository on SQLx SQLite	2026-10-03T16:25:27.5827973Z    Compiling zerofrom-derive v0.1.8
desktop	Actual TypeScript Repository on SQLx SQLite	2026-10-03T16:25:27.6764553Z    Compiling yoke-derive v0.8.4
desktop	Actual TypeScript Repository on SQLx SQLite	2026-10-03T16:25:28.5498418Z    Compiling zerovec-derive v0.11.6
desktop	Actual TypeScript Repository on SQLx SQLite	2026-10-03T16:25:28.6368955Z    Compiling zerofrom v0.1.8
desktop	Actual TypeScript Repository on SQLx SQLite	2026-10-03T16:25:28.6770634Z    Compiling displaydoc v0.2.7
desktop	Actual TypeScript Repository on SQLx SQLite	2026-10-03T16:25:28.7288258Z    Compiling semver v1.0.28
desktop	Actual TypeScript Repository on SQLx SQLite	2026-10-03T16:25:28.9548162Z    Compiling yoke v0.8.3
desktop	Actual TypeScript Repository on SQLx SQLite	2026-10-03T16:25:29.0778569Z    Compiling futures-macro v0.3.34
desktop	Actual TypeScript Repository on SQLx SQLite	2026-10-03T16:25:29.2179220Z    Compiling proc-macro-error-attr v1.0.4
desktop	Actual TypeScript Repository on SQLx SQLite	2026-10-03T16:25:29.3178292Z    Compiling zmij v1.0.23
desktop	Actual TypeScript Repository on SQLx SQLite	2026-10-03T16:25:29.4843312Z    Compiling futures-io v0.3.34
desktop	Actual TypeScript Repository on SQLx SQLite	2026-10-03T16:25:29.4849477Z    Compiling syn v1.0.109
desktop	Actual TypeScript Repository on SQLx SQLite	2026-10-03T16:25:29.5788660Z    Compiling futures-task v0.3.34
desktop	Actual TypeScript Repository on SQLx SQLite	2026-10-03T16:25:29.6418935Z    Compiling slab v0.4.12
desktop	Actual TypeScript Repository on SQLx SQLite	2026-10-03T16:25:29.7082985Z    Compiling proc-macro-error v1.0.4
desktop	Actual TypeScript Repository on SQLx SQLite	2026-10-03T16:25:29.7518574Z    Compiling futures-util v0.3.34
desktop	Actual TypeScript Repository on SQLx SQLite	2026-10-03T16:25:29.8408415Z    Compiling thiserror v2.0.21
desktop	Actual TypeScript Repository on SQLx SQLite	2026-10-03T16:25:30.3908727Z    Compiling zerovec v0.11.8
desktop	Actual TypeScript Repository on SQLx SQLite	2026-10-03T16:25:30.7129009Z    Compiling thiserror-impl v2.0.21
desktop	Actual TypeScript Repository on SQLx SQLite	2026-10-03T16:25:30.9396374Z    Compiling log v0.4.34
desktop	Actual TypeScript Repository on SQLx SQLite	2026-10-03T16:25:30.9684161Z    Compiling toml_datetime v0.6.3
desktop	Actual TypeScript Repository on SQLx SQLite	2026-10-03T16:25:31.0558231Z    Compiling serde_spanned v0.6.9
desktop	Actual TypeScript Repository on SQLx SQLite	2026-10-03T16:25:31.1330137Z    Compiling toml_edit v0.20.2
desktop	Actual TypeScript Repository on SQLx SQLite	2026-10-03T16:25:31.8318277Z    Compiling phf_macros v0.13.1
desktop	Actual TypeScript Repository on SQLx SQLite	2026-10-03T16:25:31.8529156Z    Compiling futures-channel v0.3.34
desktop	Actual TypeScript Repository on SQLx SQLite	2026-10-03T16:25:32.0268652Z    Compiling thiserror v1.0.69
desktop	Actual TypeScript Repository on SQLx SQLite	2026-10-03T16:25:32.3878307Z    Compiling futures-executor v0.3.34
desktop	Actual TypeScript Repository on SQLx SQLite	2026-10-03T16:25:32.5308260Z    Compiling thiserror-impl v1.0.69
desktop	Actual TypeScript Repository on SQLx SQLite	2026-10-03T16:25:32.5788680Z    Compiling bitflags v2.13.2
desktop	Actual TypeScript Repository on SQLx SQLite	2026-10-03T16:25:32.7398273Z    Compiling heck v0.4.1
desktop	Actual TypeScript Repository on SQLx SQLite	2026-10-03T16:25:32.7532440Z    Compiling bytes v1.12.1
desktop	Actual TypeScript Repository on SQLx SQLite	2026-10-03T16:25:32.9022203Z    Compiling toml v0.8.2
desktop	Actual TypeScript Repository on SQLx SQLite	2026-10-03T16:25:33.2898949Z    Compiling system-deps v6.2.2
desktop	Actual TypeScript Repository on SQLx SQLite	2026-10-03T16:25:33.3838260Z    Compiling proc-macro-crate v2.0.2
desktop	Actual TypeScript Repository on SQLx SQLite	2026-10-03T16:25:33.5228654Z    Compiling time-core v0.1.9
desktop	Actual TypeScript Repository on SQLx SQLite	2026-10-03T16:25:33.6738369Z    Compiling num-conv v0.2.2
desktop	Actual TypeScript Repository on SQLx SQLite	2026-10-03T16:25:33.7749102Z    Compiling glib-macros v0.18.5
desktop	Actual TypeScript Repository on SQLx SQLite	2026-10-03T16:25:33.7840093Z    Compiling tinystr v0.8.4
desktop	Actual TypeScript Repository on SQLx SQLite	2026-10-03T16:25:33.8048557Z    Compiling rustc_version v0.4.1
desktop	Actual TypeScript Repository on SQLx SQLite	2026-10-03T16:25:33.9258217Z    Compiling phf_codegen v0.13.1
desktop	Actual TypeScript Repository on SQLx SQLite	2026-10-03T16:25:33.9367794Z    Compiling glib-sys v0.18.1
desktop	Actual TypeScript Repository on SQLx SQLite	2026-10-03T16:25:33.9968468Z    Compiling gobject-sys v0.18.0
desktop	Actual TypeScript Repository on SQLx SQLite	2026-10-03T16:25:34.0088774Z    Compiling gio-sys v0.18.1
desktop	Actual TypeScript Repository on SQLx SQLite	2026-10-03T16:25:34.1612160Z    Compiling gdk-sys v0.18.2
desktop	Actual TypeScript Repository on SQLx SQLite	2026-10-03T16:25:34.1666369Z    Compiling cairo-sys-rs v0.18.2
desktop	Actual TypeScript Repository on SQLx SQLite	2026-10-03T16:25:34.3158202Z    Compiling gdk-pixbuf-sys v0.18.0
desktop	Actual TypeScript Repository on SQLx SQLite	2026-10-03T16:25:34.3556891Z    Compiling pango-sys v0.18.0
desktop	Actual TypeScript Repository on SQLx SQLite	2026-10-03T16:25:34.5108339Z    Compiling strsim v0.11.1
desktop	Actual TypeScript Repository on SQLx SQLite	2026-10-03T16:25:34.5428289Z    Compiling ident_case v1.0.1
desktop	Actual TypeScript Repository on SQLx SQLite	2026-10-03T16:25:34.5958113Z    Compiling winnow v1.0.4
desktop	Actual TypeScript Repository on SQLx SQLite	2026-10-03T16:25:34.7587918Z    Compiling deranged v0.5.8
desktop	Actual TypeScript Repository on SQLx SQLite	2026-10-03T16:25:34.9158611Z    Compiling powerfmt v0.2.0
desktop	Actual TypeScript Repository on SQLx SQLite	2026-10-03T16:25:35.0508180Z    Compiling typeid v1.0.3
desktop	Actual TypeScript Repository on SQLx SQLite	2026-10-03T16:25:35.2228086Z    Compiling toml_parser v1.1.3+spec-1.1.0
desktop	Actual TypeScript Repository on SQLx SQLite	2026-10-03T16:25:35.8647557Z    Compiling darling_core v0.24.1
desktop	Actual TypeScript Repository on SQLx SQLite	2026-10-03T16:25:35.9818294Z    Compiling atk-sys v0.18.2
desktop	Actual TypeScript Repository on SQLx SQLite	2026-10-03T16:25:36.1248779Z    Compiling icu_locale_core v2.3.0
desktop	Actual TypeScript Repository on SQLx SQLite	2026-10-03T16:25:36.2508490Z    Compiling potential_utf v0.1.6
desktop	Actual TypeScript Repository on SQLx SQLite	2026-10-03T16:25:36.3478492Z    Compiling zerotrie v0.2.5
desktop	Actual TypeScript Repository on SQLx SQLite	2026-10-03T16:25:36.5948024Z    Compiling toml_writer v1.1.2+spec-1.1.0
desktop	Actual TypeScript Repository on SQLx SQLite	2026-10-03T16:25:36.5977887Z    Compiling glib v0.18.5
desktop	Actual TypeScript Repository on SQLx SQLite	2026-10-03T16:25:36.7298195Z    Compiling erased-serde v0.4.10
desktop	Actual TypeScript Repository on SQLx SQLite	2026-10-03T16:25:36.9028549Z    Compiling icu_collections v2.3.0
desktop	Actual TypeScript Repository on SQLx SQLite	2026-10-03T16:25:37.3578340Z    Compiling icu_provider v2.3.1
desktop	Actual TypeScript Repository on SQLx SQLite	2026-10-03T16:25:37.8199031Z    Compiling aho-corasick v1.1.5
desktop	Actual TypeScript Repository on SQLx SQLite	2026-10-03T16:25:37.8918176Z    Compiling new_debug_unreachable v1.0.6
desktop	Actual TypeScript Repository on SQLx SQLite	2026-10-03T16:25:37.9301861Z    Compiling regex-syntax v0.8.11
desktop	Actual TypeScript Repository on SQLx SQLite	2026-10-03T16:25:38.9539629Z    Compiling darling_macro v0.24.1
desktop	Actual TypeScript Repository on SQLx SQLite	2026-10-03T16:25:39.2058313Z    Compiling fnv v1.0.7
desktop	Actual TypeScript Repository on SQLx SQLite	2026-10-03T16:25:39.2707899Z    Compiling web-time v1.1.0
desktop	Actual TypeScript Repository on SQLx SQLite	2026-10-03T16:25:39.3243853Z    Compiling darling v0.24.1
desktop	Actual TypeScript Repository on SQLx SQLite	2026-10-03T16:25:40.2788679Z    Compiling regex-automata v0.4.18
desktop	Actual TypeScript Repository on SQLx SQLite	2026-10-03T16:25:40.6998821Z    Compiling phf v0.13.1
desktop	Actual TypeScript Repository on SQLx SQLite	2026-10-03T16:25:41.2108407Z    Compiling string_cache_codegen v0.6.1
desktop	Actual TypeScript Repository on SQLx SQLite	2026-10-03T16:25:41.2628323Z    Compiling generic-array v0.14.7
desktop	Actual TypeScript Repository on SQLx SQLite	2026-10-03T16:25:41.3587966Z    Compiling gio v0.18.4
desktop	Actual TypeScript Repository on SQLx SQLite	2026-10-03T16:25:41.4538058Z    Compiling precomputed-hash v0.1.1
desktop	Actual TypeScript Repository on SQLx SQLite	2026-10-03T16:25:41.4950007Z    Compiling getrandom v0.4.3
desktop	Actual TypeScript Repository on SQLx SQLite	2026-10-03T16:25:41.5628209Z    Compiling serde_json v1.0.151
desktop	Actual TypeScript Repository on SQLx SQLite	2026-10-03T16:25:41.6238519Z    Compiling alloc-no-stdlib v3.0.0
desktop	Actual TypeScript Repository on SQLx SQLite	2026-10-03T16:25:41.6866510Z    Compiling alloc-stdlib v0.3.0
desktop	Actual TypeScript Repository on SQLx SQLite	2026-10-03T16:25:41.7108119Z    Compiling web_atoms v0.2.6
desktop	Actual TypeScript Repository on SQLx SQLite	2026-10-03T16:25:41.7828097Z    Compiling parking_lot v0.12.5
desktop	Actual TypeScript Repository on SQLx SQLite	2026-10-03T16:25:42.3308302Z    Compiling serde_with_macros v3.24.0
desktop	Actual TypeScript Repository on SQLx SQLite	2026-10-03T16:25:42.5998766Z    Compiling regex v1.13.1
desktop	Actual TypeScript Repository on SQLx SQLite	2026-10-03T16:25:43.1572149Z    Compiling icu_properties v2.3.0
desktop	Actual TypeScript Repository on SQLx SQLite	2026-10-03T16:25:43.3368526Z    Compiling icu_normalizer v2.3.0
desktop	Actual TypeScript Repository on SQLx SQLite	2026-10-03T16:25:43.9058326Z    Compiling gtk-sys v0.18.2
desktop	Actual TypeScript Repository on SQLx SQLite	2026-10-03T16:25:44.0468223Z    Compiling quick-xml v0.42.0
desktop	Actual TypeScript Repository on SQLx SQLite	2026-10-03T16:25:44.4898856Z    Compiling find-msvc-tools v0.1.14
desktop	Actual TypeScript Repository on SQLx SQLite	2026-10-03T16:25:44.5888640Z    Compiling base64 v0.23.1
desktop	Actual TypeScript Repository on SQLx SQLite	2026-10-03T16:25:44.6559068Z    Compiling shlex v2.0.1
desktop	Actual TypeScript Repository on SQLx SQLite	2026-10-03T16:25:44.7698614Z    Compiling typenum v1.20.1
desktop	Actual TypeScript Repository on SQLx SQLite	2026-10-03T16:25:44.9688143Z    Compiling anyhow v1.0.104
desktop	Actual TypeScript Repository on SQLx SQLite	2026-10-03T16:25:45.1579014Z    Compiling cc v1.5.1
desktop	Actual TypeScript Repository on SQLx SQLite	2026-10-03T16:25:45.1761495Z    Compiling idna_adapter v1.2.2
desktop	Actual TypeScript Repository on SQLx SQLite	2026-10-03T16:25:46.0668026Z    Compiling string_cache v0.9.0
desktop	Actual TypeScript Repository on SQLx SQLite	2026-10-03T16:25:46.1275109Z    Compiling brotli-decompressor v6.0.1
desktop	Actual TypeScript Repository on SQLx SQLite	2026-10-03T16:25:46.5158172Z    Compiling http v1.5.0
desktop	Actual TypeScript Repository on SQLx SQLite	2026-10-03T16:25:47.2669294Z    Compiling toml_datetime v1.1.1+spec-1.1.0
desktop	Actual TypeScript Repository on SQLx SQLite	2026-10-03T16:25:47.3578442Z    Compiling serde_spanned v1.1.1
desktop	Actual TypeScript Repository on SQLx SQLite	2026-10-03T16:25:47.4287994Z    Compiling dtoa v1.0.11
desktop	Actual TypeScript Repository on SQLx SQLite	2026-10-03T16:25:47.5133436Z    Compiling percent-encoding v2.3.2
desktop	Actual TypeScript Repository on SQLx SQLite	2026-10-03T16:25:47.5207931Z    Compiling same-file v1.0.6
desktop	Actual TypeScript Repository on SQLx SQLite	2026-10-03T16:25:47.6115964Z    Compiling dunce v1.0.5
desktop	Actual TypeScript Repository on SQLx SQLite	2026-10-03T16:25:47.6474546Z    Compiling walkdir v2.5.0
desktop	Actual TypeScript Repository on SQLx SQLite	2026-10-03T16:25:47.6589236Z    Compiling form_urlencoded v1.2.2
desktop	Actual TypeScript Repository on SQLx SQLite	2026-10-03T16:25:47.6806640Z    Compiling dtoa-short v0.3.5
desktop	Actual TypeScript Repository on SQLx SQLite	2026-10-03T16:25:47.7489212Z    Compiling toml v1.1.6+spec-1.1.0
desktop	Actual TypeScript Repository on SQLx SQLite	2026-10-03T16:25:47.7615696Z    Compiling brotli v9.0.0
desktop	Actual TypeScript Repository on SQLx SQLite	2026-10-03T16:25:47.9158297Z    Compiling uuid v1.26.1
desktop	Actual TypeScript Repository on SQLx SQLite	2026-10-03T16:25:48.9689070Z    Compiling idna v1.1.0
desktop	Actual TypeScript Repository on SQLx SQLite	2026-10-03T16:25:50.3687886Z    Compiling tendril v0.5.1
desktop	Actual TypeScript Repository on SQLx SQLite	2026-10-03T16:25:50.5871436Z    Compiling selectors v0.38.0
desktop	Actual TypeScript Repository on SQLx SQLite	2026-10-03T16:25:50.8488499Z    Compiling derive_more-impl v2.1.1
desktop	Actual TypeScript Repository on SQLx SQLite	2026-10-03T16:25:50.9758339Z    Compiling cssparser-macros v0.7.1
desktop	Actual TypeScript Repository on SQLx SQLite	2026-10-03T16:25:51.1798412Z    Compiling indexmap v1.9.3
desktop	Actual TypeScript Repository on SQLx SQLite	2026-10-03T16:25:51.2408186Z    Compiling glob v0.3.4
desktop	Actual TypeScript Repository on SQLx SQLite	2026-10-03T16:25:51.2888321Z    Compiling ctor v1.0.13
desktop	Actual TypeScript Repository on SQLx SQLite	2026-10-03T16:25:51.3818446Z    Compiling camino v1.2.6
desktop	Actual TypeScript Repository on SQLx SQLite	2026-10-03T16:25:51.6372481Z    Compiling derive_more v2.1.1
desktop	Actual TypeScript Repository on SQLx SQLite	2026-10-03T16:25:51.6989257Z    Compiling cssparser v0.37.0
desktop	Actual TypeScript Repository on SQLx SQLite	2026-10-03T16:25:51.7530272Z    Compiling markup5ever v0.39.0
desktop	Actual TypeScript Repository on SQLx SQLite	2026-10-03T16:25:51.7868478Z    Compiling url v2.5.8
desktop	Actual TypeScript Repository on SQLx SQLite	2026-10-03T16:25:52.4429330Z    Compiling servo_arc v0.4.3
desktop	Actual TypeScript Repository on SQLx SQLite	2026-10-03T16:25:52.4608627Z    Compiling serde_derive_internals v0.29.1
desktop	Actual TypeScript Repository on SQLx SQLite	2026-10-03T16:25:52.5568643Z    Compiling memoffset v0.9.1
desktop	Actual TypeScript Repository on SQLx SQLite	2026-10-03T16:25:52.6624666Z    Compiling rustc-hash v2.1.3
desktop	Actual TypeScript Repository on SQLx SQLite	2026-10-03T16:25:52.7260392Z    Compiling crossbeam-utils v0.8.23
desktop	Actual TypeScript Repository on SQLx SQLite	2026-10-03T16:25:52.7513222Z    Compiling bitflags v1.3.2
desktop	Actual TypeScript Repository on SQLx SQLite	2026-10-03T16:25:52.7947574Z    Compiling bit-vec v0.8.0
desktop	Actual TypeScript Repository on SQLx SQLite	2026-10-03T16:25:52.8939127Z    Compiling hashbrown v0.12.3
desktop	Actual TypeScript Repository on SQLx SQLite	2026-10-03T16:25:52.9718250Z    Compiling schemars v0.8.22
desktop	Actual TypeScript Repository on SQLx SQLite	2026-10-03T16:25:53.0939995Z    Compiling bit-set v0.8.0
desktop	Actual TypeScript Repository on SQLx SQLite	2026-10-03T16:25:53.2939014Z    Compiling schemars_derive v0.8.22
desktop	Actual TypeScript Repository on SQLx SQLite	2026-10-03T16:25:53.8098462Z    Compiling html5ever v0.39.0
desktop	Actual TypeScript Repository on SQLx SQLite	2026-10-03T16:25:54.6448527Z    Compiling cfb v0.14.0
desktop	Actual TypeScript Repository on SQLx SQLite	2026-10-03T16:25:54.6928472Z    Compiling jsonptr v0.7.1
desktop	Actual TypeScript Repository on SQLx SQLite	2026-10-03T16:25:55.0638312Z    Compiling block-buffer v0.10.4
desktop	Actual TypeScript Repository on SQLx SQLite	2026-10-03T16:25:55.1368226Z    Compiling cairo-rs v0.18.5
desktop	Actual TypeScript Repository on SQLx SQLite	2026-10-03T16:25:55.4392580Z    Compiling time v0.3.55
desktop	Actual TypeScript Repository on SQLx SQLite	2026-10-03T16:25:55.7738040Z    Compiling field-offset v0.3.6
desktop	Actual TypeScript Repository on SQLx SQLite	2026-10-03T16:25:55.8928432Z    Compiling toml_edit v0.19.15
desktop	Actual TypeScript Repository on SQLx SQLite	2026-10-03T16:25:56.2558302Z    Compiling cargo-platform v0.1.9
desktop	Actual TypeScript Repository on SQLx SQLite	2026-10-03T16:25:56.4087943Z    Compiling simd-adler32 v0.3.10
desktop	Actual TypeScript Repository on SQLx SQLite	2026-10-03T16:25:56.5334247Z    Compiling foldhash v0.2.0
desktop	Actual TypeScript Repository on SQLx SQLite	2026-10-03T16:25:56.6418953Z    Compiling option-ext v0.2.0
desktop	Actual TypeScript Repository on SQLx SQLite	2026-10-03T16:25:56.6828175Z    Compiling dyn-clone v1.0.20
desktop	Actual TypeScript Repository on SQLx SQLite	2026-10-03T16:25:57.7669130Z    Compiling gdk-pixbuf v0.18.5
desktop	Actual TypeScript Repository on SQLx SQLite	2026-10-03T16:25:58.0728314Z    Compiling pango v0.18.3
desktop	Actual TypeScript Repository on SQLx SQLite	2026-10-03T16:25:58.2108155Z    Compiling plist v1.10.1
desktop	Actual TypeScript Repository on SQLx SQLite	2026-10-03T16:25:58.5739215Z    Compiling proc-macro-crate v1.3.1
desktop	Actual TypeScript Repository on SQLx SQLite	2026-10-03T16:25:58.8411486Z    Compiling dirs-sys v0.5.0
desktop	Actual TypeScript Repository on SQLx SQLite	2026-10-03T16:25:59.0978187Z    Compiling dom_query v0.28.0
desktop	Actual TypeScript Repository on SQLx SQLite	2026-10-03T16:25:59.1929333Z    Compiling cargo_metadata v0.19.2
desktop	Actual TypeScript Repository on SQLx SQLite	2026-10-03T16:26:00.4978399Z    Compiling gdk v0.18.2
desktop	Actual TypeScript Repository on SQLx SQLite	2026-10-03T16:26:00.6238712Z    Compiling serde-untagged v0.1.9
desktop	Actual TypeScript Repository on SQLx SQLite	2026-10-03T16:26:00.6501690Z    Compiling infer v0.22.0
desktop	Actual TypeScript Repository on SQLx SQLite	2026-10-03T16:26:00.8258836Z    Compiling json-patch v4.2.0
desktop	Actual TypeScript Repository on SQLx SQLite	2026-10-03T16:26:01.5248409Z    Compiling urlpattern v0.6.0
desktop	Actual TypeScript Repository on SQLx SQLite	2026-10-03T16:26:02.0518180Z    Compiling serde_with v3.24.0
desktop	Actual TypeScript Repository on SQLx SQLite	2026-10-03T16:26:02.4529248Z    Compiling javascriptcore-rs-sys v1.1.1
desktop	Actual TypeScript Repository on SQLx SQLite	2026-10-03T16:26:02.5994760Z    Compiling soup3-sys v0.5.0
desktop	Actual TypeScript Repository on SQLx SQLite	2026-10-03T16:26:02.7638472Z    Compiling gtk v0.18.2
desktop	Actual TypeScript Repository on SQLx SQLite	2026-10-03T16:26:02.8798922Z    Compiling crc32fast v1.5.2
desktop	Actual TypeScript Repository on SQLx SQLite	2026-10-03T16:26:03.0268833Z    Compiling adler2 v2.0.1
desktop	Actual TypeScript Repository on SQLx SQLite	2026-10-03T16:26:03.3408922Z    Compiling dirs v7.0.0
desktop	Actual TypeScript Repository on SQLx SQLite	2026-10-03T16:26:03.4058158Z    Compiling gtk3-macros v0.18.2
desktop	Actual TypeScript Repository on SQLx SQLite	2026-10-03T16:26:03.7538898Z    Compiling atk v0.18.2
desktop	Actual TypeScript Repository on SQLx SQLite	2026-10-03T16:26:03.8998304Z    Compiling tauri-utils v2.10.1
desktop	Actual TypeScript Repository on SQLx SQLite	2026-10-03T16:26:04.7278530Z    Compiling webkit2gtk-sys v2.0.2
desktop	Actual TypeScript Repository on SQLx SQLite	2026-10-03T16:26:04.7398596Z    Compiling time-macros v0.2.32
desktop	Actual TypeScript Repository on SQLx SQLite	2026-10-03T16:26:05.0898514Z    Compiling x11 v2.21.0
desktop	Actual TypeScript Repository on SQLx SQLite	2026-10-03T16:26:05.2134251Z    Compiling cpufeatures v0.2.17
desktop	Actual TypeScript Repository on SQLx SQLite	2026-10-03T16:26:07.9438236Z    Compiling miniz_oxide v0.9.1
desktop	Actual TypeScript Repository on SQLx SQLite	2026-10-03T16:26:08.2808455Z    Compiling embed-resource v3.0.11
desktop	Actual TypeScript Repository on SQLx SQLite	2026-10-03T16:26:08.4718371Z    Compiling gdkx11-sys v0.18.2
desktop	Actual TypeScript Repository on SQLx SQLite	2026-10-03T16:26:08.5003822Z    Compiling tauri-winres v0.3.6
desktop	Actual TypeScript Repository on SQLx SQLite	2026-10-03T16:26:08.6703100Z    Compiling flate2 v1.1.10
desktop	Actual TypeScript Repository on SQLx SQLite	2026-10-03T16:26:09.0139255Z    Compiling miniz_oxide v0.8.9
desktop	Actual TypeScript Repository on SQLx SQLite	2026-10-03T16:26:09.5398074Z    Compiling fdeflate v0.3.7
desktop	Actual TypeScript Repository on SQLx SQLite	2026-10-03T16:26:09.6953349Z    Compiling cargo_toml v1.0.1
desktop	Actual TypeScript Repository on SQLx SQLite	2026-10-03T16:26:09.8728351Z    Compiling dpi v0.1.2
desktop	Actual TypeScript Repository on SQLx SQLite	2026-10-03T16:26:10.5598215Z    Compiling cookie v0.18.2
desktop	Actual TypeScript Repository on SQLx SQLite	2026-10-03T16:26:10.6618666Z    Compiling mio v1.2.3
desktop	Actual TypeScript Repository on SQLx SQLite	2026-10-03T16:26:11.1428520Z    Compiling socket2 v0.6.5
desktop	Actual TypeScript Repository on SQLx SQLite	2026-10-03T16:26:11.6198209Z    Compiling libdbus-sys v0.2.7
desktop	Actual TypeScript Repository on SQLx SQLite	2026-10-03T16:26:11.7348481Z    Compiling x11-dl v2.21.0
desktop	Actual TypeScript Repository on SQLx SQLite	2026-10-03T16:26:11.9668448Z    Compiling tauri-build v2.7.1
desktop	Actual TypeScript Repository on SQLx SQLite	2026-10-03T16:26:12.4568108Z    Compiling tokio v1.53.1
desktop	Actual TypeScript Repository on SQLx SQLite	2026-10-03T16:26:14.9849054Z    Compiling soup3 v0.5.0
desktop	Actual TypeScript Repository on SQLx SQLite	2026-10-03T16:26:17.9259071Z    Compiling javascriptcore-rs v1.1.2
desktop	Actual TypeScript Repository on SQLx SQLite	2026-10-03T16:26:18.4601338Z    Compiling crypto-common v0.1.7
desktop	Actual TypeScript Repository on SQLx SQLite	2026-10-03T16:26:19.0578991Z    Compiling num-traits v0.2.19
desktop	Actual TypeScript Repository on SQLx SQLite	2026-10-03T16:26:19.1097864Z    Compiling allocator-api2 v0.2.21
desktop	Actual TypeScript Repository on SQLx SQLite	2026-10-03T16:26:19.1569081Z    Compiling raw-window-handle v0.6.2
desktop	Actual TypeScript Repository on SQLx SQLite	2026-10-03T16:26:19.3038030Z    Compiling vcpkg v0.2.15
desktop	Actual TypeScript Repository on SQLx SQLite	2026-10-03T16:26:19.3293383Z    Compiling foldhash v0.1.5
desktop	Actual TypeScript Repository on SQLx SQLite	2026-10-03T16:26:19.4468234Z    Compiling hashbrown v0.15.5
desktop	Actual TypeScript Repository on SQLx SQLite	2026-10-03T16:26:19.8588040Z    Compiling libsqlite3-sys v0.30.1
desktop	Actual TypeScript Repository on SQLx SQLite	2026-10-03T16:26:20.0538298Z    Compiling digest v0.10.7
desktop	Actual TypeScript Repository on SQLx SQLite	2026-10-03T16:26:21.2718481Z    Compiling png v0.17.16
desktop	Actual TypeScript Repository on SQLx SQLite	2026-10-03T16:26:22.2138577Z    Compiling crossbeam-channel v0.5.17
desktop	Actual TypeScript Repository on SQLx SQLite	2026-10-03T16:26:23.4058773Z    Compiling dlopen2_derive v0.4.3
desktop	Actual TypeScript Repository on SQLx SQLite	2026-10-03T16:26:23.8178885Z    Compiling tracing-attributes v0.1.31
desktop	Actual TypeScript Repository on SQLx SQLite	2026-10-03T16:26:24.3578101Z    Compiling tracing-core v0.1.36
desktop	Actual TypeScript Repository on SQLx SQLite	2026-10-03T16:26:24.5430085Z    Compiling crc-catalog v2.5.0
desktop	Actual TypeScript Repository on SQLx SQLite	2026-10-03T16:26:24.5991839Z    Compiling byteorder v1.5.0
desktop	Actual TypeScript Repository on SQLx SQLite	2026-10-03T16:26:24.7758113Z    Compiling wry v0.57.0
desktop	Actual TypeScript Repository on SQLx SQLite	2026-10-03T16:26:24.8773173Z    Compiling parking v2.2.1
desktop	Actual TypeScript Repository on SQLx SQLite	2026-10-03T16:26:24.9739100Z    Compiling tauri-runtime v2.12.1
desktop	Actual TypeScript Repository on SQLx SQLite	2026-10-03T16:26:24.9978283Z    Compiling event-listener v5.4.2
desktop	Actual TypeScript Repository on SQLx SQLite	2026-10-03T16:26:25.2008032Z    Compiling tracing v0.1.44
desktop	Actual TypeScript Repository on SQLx SQLite	2026-10-03T16:26:25.2117962Z    Compiling ico v0.5.0
desktop	Actual TypeScript Repository on SQLx SQLite	2026-10-03T16:26:25.4078501Z    Compiling crc v3.4.0
desktop	Actual TypeScript Repository on SQLx SQLite	2026-10-03T16:26:25.5527981Z    Compiling dlopen2 v0.8.2
desktop	Actual TypeScript Repository on SQLx SQLite	2026-10-03T16:26:25.6812002Z    Compiling dbus v0.9.12
desktop	Actual TypeScript Repository on SQLx SQLite	2026-10-03T16:26:25.7007975Z    Compiling sha2 v0.10.9
desktop	Actual TypeScript Repository on SQLx SQLite	2026-10-03T16:26:30.2768104Z    Compiling webkit2gtk v2.0.2
desktop	Actual TypeScript Repository on SQLx SQLite	2026-10-03T16:26:32.7958367Z    Compiling hashlink v0.10.0
desktop	Actual TypeScript Repository on SQLx SQLite	2026-10-03T16:26:33.7419146Z    Compiling tauri v2.12.1
desktop	Actual TypeScript Repository on SQLx SQLite	2026-10-03T16:26:34.7174084Z    Compiling tokio-stream v0.1.19
desktop	Actual TypeScript Repository on SQLx SQLite	2026-10-03T16:26:35.0828258Z    Compiling gdkx11 v0.18.2
desktop	Actual TypeScript Repository on SQLx SQLite	2026-10-03T16:26:35.9435228Z    Compiling png v0.18.1
desktop	Actual TypeScript Repository on SQLx SQLite	2026-10-03T16:26:36.2062279Z    Compiling futures-intrusive v0.5.0
desktop	Actual TypeScript Repository on SQLx SQLite	2026-10-03T16:26:36.3918727Z    Compiling crossbeam-queue v0.3.14
desktop	Actual TypeScript Repository on SQLx SQLite	2026-10-03T16:26:36.4982336Z    Compiling gdkwayland-sys v0.18.2
desktop	Actual TypeScript Repository on SQLx SQLite	2026-10-03T16:26:36.5706441Z    Compiling either v1.18.0
desktop	Actual TypeScript Repository on SQLx SQLite	2026-10-03T16:26:36.5959074Z    Compiling spin v0.9.9
desktop	Actual TypeScript Repository on SQLx SQLite	2026-10-03T16:26:36.7438221Z    Compiling getrandom v0.3.4
desktop	Actual TypeScript Repository on SQLx SQLite	2026-10-03T16:26:36.7728380Z    Compiling base64 v0.22.1
desktop	Actual TypeScript Repository on SQLx SQLite	2026-10-03T16:26:36.7838838Z    Compiling tauri-runtime-wry v2.12.1
desktop	Actual TypeScript Repository on SQLx SQLite	2026-10-03T16:26:36.9048402Z    Compiling muda v0.20.0
desktop	Actual TypeScript Repository on SQLx SQLite	2026-10-03T16:26:36.9198732Z    Compiling ryu v1.0.23
desktop	Actual TypeScript Repository on SQLx SQLite	2026-10-03T16:26:37.0186293Z    Compiling serde_urlencoded v0.7.1
desktop	Actual TypeScript Repository on SQLx SQLite	2026-10-03T16:26:37.0384130Z    Compiling tauri-codegen v2.7.1
desktop	Actual TypeScript Repository on SQLx SQLite	2026-10-03T16:26:37.1008046Z    Compiling flume v0.11.1
desktop	Actual TypeScript Repository on SQLx SQLite	2026-10-03T16:26:37.2088391Z    Compiling tao v0.37.1
desktop	Actual TypeScript Repository on SQLx SQLite	2026-10-03T16:26:37.2948503Z    Compiling sqlx-core v0.8.6
desktop	Actual TypeScript Repository on SQLx SQLite	2026-10-03T16:26:39.0567901Z    Compiling atoi v2.0.0
desktop	Actual TypeScript Repository on SQLx SQLite	2026-10-03T16:26:39.1228698Z    Compiling keyboard-types v0.8.3
desktop	Actual TypeScript Repository on SQLx SQLite	2026-10-03T16:26:39.4438239Z    Compiling serialize-to-javascript-impl v0.1.2
desktop	Actual TypeScript Repository on SQLx SQLite	2026-10-03T16:26:39.4750015Z    Compiling sqlx-sqlite v0.8.6
desktop	Actual TypeScript Repository on SQLx SQLite	2026-10-03T16:26:39.6738236Z    Compiling serialize-to-javascript v0.1.2
desktop	Actual TypeScript Repository on SQLx SQLite	2026-10-03T16:26:40.1228139Z    Compiling tauri-macros v2.7.1
desktop	Actual TypeScript Repository on SQLx SQLite	2026-10-03T16:26:40.7588900Z    Compiling im-client-storage v0.1.0 (/home/runner/work/IM-platform/IM-platform/clients/desktop/src-tauri)
desktop	Actual TypeScript Repository on SQLx SQLite	2026-10-03T16:26:41.3774116Z    Compiling serde_repr v0.1.21
desktop	Actual TypeScript Repository on SQLx SQLite	2026-10-03T16:26:41.3870507Z    Compiling mime v0.3.17
desktop	Actual TypeScript Repository on SQLx SQLite	2026-10-03T16:26:41.6513307Z    Compiling sqlx v0.8.6
desktop	Actual TypeScript Repository on SQLx SQLite	2026-10-03T16:26:51.7073825Z     Finished `test` profile [unoptimized + debuginfo] target(s) in 1m 32s
desktop	Actual TypeScript Repository on SQLx SQLite	2026-10-03T16:26:51.8377240Z      Running unittests src/lib.rs (/home/runner/work/_temp/client-sqlite-target/debug/deps/im_client_storage-a1318bf491449f74)
desktop	Actual TypeScript Repository on SQLx SQLite	2026-10-03T16:26:51.8419637Z 
desktop	Actual TypeScript Repository on SQLx SQLite	2026-10-03T16:26:51.8419910Z running 0 tests
desktop	Actual TypeScript Repository on SQLx SQLite	2026-10-03T16:26:51.8420142Z 
desktop	Actual TypeScript Repository on SQLx SQLite	2026-10-03T16:26:51.8420584Z test result: ok. 0 passed; 0 failed; 0 ignored; 0 measured; 0 filtered out; finished in 0.00s
desktop	Actual TypeScript Repository on SQLx SQLite	2026-10-03T16:26:51.8420942Z 
desktop	Actual TypeScript Repository on SQLx SQLite	2026-10-03T16:26:51.8427775Z      Running unittests src/main.rs (/home/runner/work/_temp/client-sqlite-target/debug/deps/im_client_storage-d54d05094b4c99bc)
desktop	Actual TypeScript Repository on SQLx SQLite	2026-10-03T16:26:51.8444558Z 
desktop	Actual TypeScript Repository on SQLx SQLite	2026-10-03T16:26:51.8444819Z running 0 tests
desktop	Actual TypeScript Repository on SQLx SQLite	2026-10-03T16:26:51.8445051Z 
desktop	Actual TypeScript Repository on SQLx SQLite	2026-10-03T16:26:51.8445617Z test result: ok. 0 passed; 0 failed; 0 ignored; 0 measured; 0 filtered out; finished in 0.00s
desktop	Actual TypeScript Repository on SQLx SQLite	2026-10-03T16:26:51.8446095Z 
desktop	Actual TypeScript Repository on SQLx SQLite	2026-10-03T16:26:51.8447756Z      Running unittests src/bin/storage_probe.rs (/home/runner/work/_temp/client-sqlite-target/debug/deps/storage_probe-f8856a3e36650bdd)
desktop	Actual TypeScript Repository on SQLx SQLite	2026-10-03T16:26:51.8458316Z 
desktop	Actual TypeScript Repository on SQLx SQLite	2026-10-03T16:26:51.8458472Z running 0 tests
desktop	Actual TypeScript Repository on SQLx SQLite	2026-10-03T16:26:51.8458676Z 
desktop	Actual TypeScript Repository on SQLx SQLite	2026-10-03T16:26:51.8459502Z test result: ok. 0 passed; 0 failed; 0 ignored; 0 measured; 0 filtered out; finished in 0.00s
desktop	Actual TypeScript Repository on SQLx SQLite	2026-10-03T16:26:51.8460051Z 
desktop	Actual TypeScript Repository on SQLx SQLite	2026-10-03T16:26:51.8461313Z      Running tests/storage.rs (/home/runner/work/_temp/client-sqlite-target/debug/deps/storage-bdeb318f2ddd680e)
desktop	Actual TypeScript Repository on SQLx SQLite	2026-10-03T16:26:51.8474904Z 
desktop	Actual TypeScript Repository on SQLx SQLite	2026-10-03T16:26:51.8475052Z running 1 test
desktop	Actual TypeScript Repository on SQLx SQLite	2026-10-03T16:26:51.9211339Z test real_atomic_adapter_rolls_back_and_queries_are_read_only ... ok
desktop	Actual TypeScript Repository on SQLx SQLite	2026-10-03T16:26:51.9212120Z 
desktop	Actual TypeScript Repository on SQLx SQLite	2026-10-03T16:26:51.9213084Z test result: ok. 1 passed; 0 failed; 0 ignored; 0 measured; 0 filtered out; finished in 0.07s
desktop	Actual TypeScript Repository on SQLx SQLite	2026-10-03T16:26:51.9213737Z 
desktop	Actual TypeScript Repository on SQLx SQLite	2026-10-03T16:26:51.9215980Z    Doc-tests im_client_storage
desktop	Actual TypeScript Repository on SQLx SQLite	2026-10-03T16:26:52.0342757Z 
desktop	Actual TypeScript Repository on SQLx SQLite	2026-10-03T16:26:52.0343441Z running 0 tests
desktop	Actual TypeScript Repository on SQLx SQLite	2026-10-03T16:26:52.0343738Z 
desktop	Actual TypeScript Repository on SQLx SQLite	2026-10-03T16:26:52.0344268Z test result: ok. 0 passed; 0 failed; 0 ignored; 0 measured; 0 filtered out; finished in 0.00s
desktop	Actual TypeScript Repository on SQLx SQLite	2026-10-03T16:26:52.0344637Z 
desktop	Actual TypeScript Repository on SQLx SQLite	2026-10-03T16:26:52.0631419Z + cargo build --locked --bin storage_probe
desktop	Actual TypeScript Repository on SQLx SQLite	2026-10-03T16:26:52.2554520Z    Compiling im-client-storage v0.1.0 (/home/runner/work/IM-platform/IM-platform/clients/desktop/src-tauri)
desktop	Actual TypeScript Repository on SQLx SQLite	2026-10-03T16:26:57.0968786Z     Finished `dev` profile [unoptimized + debuginfo] target(s) in 5.02s
desktop	Actual TypeScript Repository on SQLx SQLite	2026-10-03T16:26:57.1292933Z + node tests/clients/sqlite/desktop.mjs /home/runner/work/_temp/client-sqlite-target/debug/storage_probe
desktop	Actual TypeScript Repository on SQLx SQLite	2026-10-03T16:27:02.2372363Z {"result":"PASS","engine":"actual SQLx SQLite","canonicalCases":13,"assertions":141,"root":"/tmp/im-desktop-storage-SDRPYO"}
desktop	Actual TypeScript Repository on SQLx SQLite	2026-10-03T16:27:02.2820101Z + npm --prefix clients/shared/protocol-sdk ci --ignore-scripts --no-audit --no-fund
desktop	Actual TypeScript Repository on SQLx SQLite	2026-10-03T16:27:02.7409040Z 
desktop	Actual TypeScript Repository on SQLx SQLite	2026-10-03T16:27:02.7409913Z added 1 package in 409ms
desktop	Actual TypeScript Repository on SQLx SQLite	2026-10-03T16:27:02.7545229Z + npm --prefix clients/shared/protocol-sdk run build
desktop	Actual TypeScript Repository on SQLx SQLite	2026-10-03T16:27:02.8493587Z 
desktop	Actual TypeScript Repository on SQLx SQLite	2026-10-03T16:27:02.8494585Z > @im/protocol-sdk@0.1.0 build
desktop	Actual TypeScript Repository on SQLx SQLite	2026-10-03T16:27:02.8495199Z > tsc -p tsconfig.json
desktop	Actual TypeScript Repository on SQLx SQLite	2026-10-03T16:27:02.8495436Z 
desktop	Actual TypeScript Repository on SQLx SQLite	2026-10-03T16:27:04.2783683Z + node tests/clients/send/shared.mjs
desktop	Actual TypeScript Repository on SQLx SQLite	2026-10-03T16:27:04.3122612Z PASS: strict schema fields, duplicate keys, exact integer lexemes, invalid frames, escaped content
desktop	Actual TypeScript Repository on SQLx SQLite	2026-10-03T16:27:04.3175515Z + npm --prefix clients/desktop ci --ignore-scripts --no-audit --no-fund
desktop	Actual TypeScript Repository on SQLx SQLite	2026-10-03T16:27:04.7849470Z 
desktop	Actual TypeScript Repository on SQLx SQLite	2026-10-03T16:27:04.7850100Z added 2 packages in 419ms
desktop	Actual TypeScript Repository on SQLx SQLite	2026-10-03T16:27:04.7981751Z + npm --prefix clients/desktop run build
desktop	Actual TypeScript Repository on SQLx SQLite	2026-10-03T16:27:04.8885292Z 
desktop	Actual TypeScript Repository on SQLx SQLite	2026-10-03T16:27:04.8886008Z > im-desktop@0.1.0 build
desktop	Actual TypeScript Repository on SQLx SQLite	2026-10-03T16:27:04.8886529Z > tsc -p tsconfig.json
desktop	Actual TypeScript Repository on SQLx SQLite	2026-10-03T16:27:04.8887072Z 
desktop	Actual TypeScript Repository on SQLx SQLite	2026-10-03T16:27:06.4143394Z + cargo build --locked --bin storage_probe
desktop	Actual TypeScript Repository on SQLx SQLite	2026-10-03T16:27:06.6027869Z    Compiling im-client-storage v0.1.0 (/home/runner/work/IM-platform/IM-platform/clients/desktop/src-tauri)
desktop	Actual TypeScript Repository on SQLx SQLite	2026-10-03T16:27:11.3118310Z     Finished `dev` profile [unoptimized + debuginfo] target(s) in 4.88s
desktop	Actual TypeScript Repository on SQLx SQLite	2026-10-03T16:27:11.5564600Z + node tests/clients/send/desktop.mjs /home/runner/work/_temp/client-sqlite-target/debug/storage_probe wss://localhost:53067
desktop	Actual TypeScript Repository on SQLx SQLite	2026-10-03T16:27:16.0968415Z PASS: actual SQLx + builtin WSS TLS send, persisted SENDING, timeout/offline/reject, same-ID restart retry, late ACK/realtime/Sync terminal merge, strict invalid/session checks, transactional rollback, stale socket and account isolation
desktop	Actual TypeScript Repository on SQLx SQLite	2026-10-03T16:27:16.1048790Z PASS: controlled TLS fixture actual client behavior; this is distinct from Go durable-ACK E2E
desktop	Actual TypeScript Repository on SQLx SQLite	2026-10-03T16:27:16.1491360Z + npm --prefix clients/shared/protocol-sdk ci --ignore-scripts --no-audit --no-fund
desktop	Actual TypeScript Repository on SQLx SQLite	2026-10-03T16:27:16.6006562Z 
desktop	Actual TypeScript Repository on SQLx SQLite	2026-10-03T16:27:16.6007426Z added 1 package in 399ms
desktop	Actual TypeScript Repository on SQLx SQLite	2026-10-03T16:27:16.6120936Z + npm --prefix clients/shared/protocol-sdk run build
desktop	Actual TypeScript Repository on SQLx SQLite	2026-10-03T16:27:16.7071220Z 
desktop	Actual TypeScript Repository on SQLx SQLite	2026-10-03T16:27:16.7071980Z > @im/protocol-sdk@0.1.0 build
desktop	Actual TypeScript Repository on SQLx SQLite	2026-10-03T16:27:16.7072388Z > tsc -p tsconfig.json
desktop	Actual TypeScript Repository on SQLx SQLite	2026-10-03T16:27:16.7072554Z 
desktop	Actual TypeScript Repository on SQLx SQLite	2026-10-03T16:27:18.1481423Z + node tests/clients/sync/shared.mjs
desktop	Actual TypeScript Repository on SQLx SQLite	2026-10-03T16:27:18.3471280Z PASS: exact Sync correlation/shapes/gap/progress/kinds/numbers, 100x4096 escaped/literal Unicode bounded transport, strict nonstring Sync/WSS enums and WSS bound regression
desktop	Actual TypeScript Repository on SQLx SQLite	2026-10-03T16:27:18.3637302Z + npm --prefix clients/desktop ci --ignore-scripts --no-audit --no-fund
desktop	Actual TypeScript Repository on SQLx SQLite	2026-10-03T16:27:18.8247032Z 
desktop	Actual TypeScript Repository on SQLx SQLite	2026-10-03T16:27:18.8247964Z added 2 packages in 404ms
desktop	Actual TypeScript Repository on SQLx SQLite	2026-10-03T16:27:18.8382482Z + npm --prefix clients/desktop run build
desktop	Actual TypeScript Repository on SQLx SQLite	2026-10-03T16:27:18.9319796Z 
desktop	Actual TypeScript Repository on SQLx SQLite	2026-10-03T16:27:18.9320277Z > im-desktop@0.1.0 build
desktop	Actual TypeScript Repository on SQLx SQLite	2026-10-03T16:27:18.9320660Z > tsc -p tsconfig.json
desktop	Actual TypeScript Repository on SQLx SQLite	2026-10-03T16:27:18.9320833Z 
desktop	Actual TypeScript Repository on SQLx SQLite	2026-10-03T16:27:20.4424660Z + cargo build --locked --bin storage_probe
desktop	Actual TypeScript Repository on SQLx SQLite	2026-10-03T16:27:20.6360510Z    Compiling im-client-storage v0.1.0 (/home/runner/work/IM-platform/IM-platform/clients/desktop/src-tauri)
desktop	Actual TypeScript Repository on SQLx SQLite	2026-10-03T16:27:25.3682349Z     Finished `dev` profile [unoptimized + debuginfo] target(s) in 4.91s
desktop	Actual TypeScript Repository on SQLx SQLite	2026-10-03T16:27:25.9195101Z + node tests/clients/sync/desktop.mjs /home/runner/work/_temp/client-sqlite-target/debug/storage_probe https://localhost:54551
desktop	Actual TypeScript Repository on SQLx SQLite	2026-10-03T16:27:27.4615681Z PASS: actual Desktop SQLx+HTTPS+WSS 205->208 complete pagination, all Conversation gaps/realtime duplicates, FAILED->SENT/local-first/restart/reconnect/403, atomic rollback, in-flight retirement/401/mismatched session and untrusted CA
desktop	Actual TypeScript Repository on SQLx SQLite	2026-10-03T16:27:47.0646667Z PASS: actual native HTTPS/WSS controlled fixture; Go/PostgreSQL runtime acceptance is separately identified
desktop	Actual TypeScript Repository on SQLx SQLite	2026-10-03T16:27:47.5887530Z 
desktop	Actual TypeScript Repository on SQLx SQLite	2026-10-03T16:27:47.5888231Z added 1 package in 398ms
desktop	Actual TypeScript Repository on SQLx SQLite	2026-10-03T16:27:47.6959114Z 
desktop	Actual TypeScript Repository on SQLx SQLite	2026-10-03T16:27:47.6960008Z > @im/protocol-sdk@0.1.0 build
desktop	Actual TypeScript Repository on SQLx SQLite	2026-10-03T16:27:47.6960936Z > tsc -p tsconfig.json
desktop	Actual TypeScript Repository on SQLx SQLite	2026-10-03T16:27:47.6961178Z 
desktop	Actual TypeScript Repository on SQLx SQLite	2026-10-03T16:27:49.5820543Z 
desktop	Actual TypeScript Repository on SQLx SQLite	2026-10-03T16:27:49.5821439Z added 2 packages in 413ms
desktop	Actual TypeScript Repository on SQLx SQLite	2026-10-03T16:27:49.6880208Z 
desktop	Actual TypeScript Repository on SQLx SQLite	2026-10-03T16:27:49.6880874Z > im-desktop@0.1.0 build
desktop	Actual TypeScript Repository on SQLx SQLite	2026-10-03T16:27:49.6881249Z > tsc -p tsconfig.json
desktop	Actual TypeScript Repository on SQLx SQLite	2026-10-03T16:27:49.6881412Z 
desktop	Actual TypeScript Repository on SQLx SQLite	2026-10-03T16:27:51.2565163Z Starting bounded owned actual Go/PostgreSQL/TLS client Sync fixture
desktop	Actual TypeScript Repository on SQLx SQLite	2026-10-03T16:28:33.3256541Z PASS: actual Desktop SQLx orchestration -> trusted TLS/Gateway/Core/PG;208metadata205durableMessages,continuous pages/terminal/restart/new206th/read-only
desktop	Actual TypeScript Repository on SQLx SQLite	2026-10-03T16:28:34.1625034Z PASS: inspected only task-owned Compose containers/volumes cleanup
desktop	Post Run actions/setup-node@v4	﻿2026-10-03T16:28:34.1862739Z Post job cleanup.
desktop	Post Run actions/setup-node@v4	2026-10-03T16:28:34.3113805Z (node:19510) [DEP0040] DeprecationWarning: The `punycode` module is deprecated. Please use a userland alternative instead.
desktop	Post Run actions/setup-node@v4	2026-10-03T16:28:34.3114760Z (Use `node --trace-deprecation ...` to show where the warning was created)
desktop	Post Run actions/checkout@v4	﻿2026-10-03T16:28:34.3357465Z Post job cleanup.
desktop	Post Run actions/checkout@v4	2026-10-03T16:28:34.4291543Z [command]/usr/bin/git version
desktop	Post Run actions/checkout@v4	2026-10-03T16:28:34.4337454Z git version 2.55.0
desktop	Post Run actions/checkout@v4	2026-10-03T16:28:34.4377253Z Temporarily overriding HOME='/home/runner/work/_temp/9182d67f-aafe-4e9f-bc80-fa07d4679f7e' before making global git config changes
desktop	Post Run actions/checkout@v4	2026-10-03T16:28:34.4378543Z Adding repository directory to the temporary git global config as a safe directory
desktop	Post Run actions/checkout@v4	2026-10-03T16:28:34.4383035Z [command]/usr/bin/git config --global --add safe.directory /home/runner/work/IM-platform/IM-platform
desktop	Post Run actions/checkout@v4	2026-10-03T16:28:34.4422154Z [command]/usr/bin/git config --local --name-only --get-regexp core\.sshCommand
desktop	Post Run actions/checkout@v4	2026-10-03T16:28:34.4458390Z [command]/usr/bin/git submodule foreach --recursive sh -c "git config --local --name-only --get-regexp 'core\.sshCommand' && git config --local --unset-all 'core.sshCommand' || :"
desktop	Post Run actions/checkout@v4	2026-10-03T16:28:34.4751341Z [command]/usr/bin/git config --local --name-only --get-regexp http\.https\:\/\/github\.com\/\.extraheader
desktop	Post Run actions/checkout@v4	2026-10-03T16:28:34.4780909Z http.https://github.com/.extraheader
desktop	Post Run actions/checkout@v4	2026-10-03T16:28:34.4792827Z [command]/usr/bin/git config --local --unset-all http.https://github.com/.extraheader
desktop	Post Run actions/checkout@v4	2026-10-03T16:28:34.4836509Z [command]/usr/bin/git submodule foreach --recursive sh -c "git config --local --name-only --get-regexp 'http\.https\:\/\/github\.com\/\.extraheader' && git config --local --unset-all 'http.https://github.com/.extraheader' || :"
desktop	Post Run actions/checkout@v4	2026-10-03T16:28:34.5162170Z [command]/usr/bin/git config --local --name-only --get-regexp ^includeIf\.gitdir:
desktop	Post Run actions/checkout@v4	2026-10-03T16:28:34.5203080Z [command]/usr/bin/git submodule foreach --recursive git config --local --show-origin --name-only --get-regexp remote.origin.url
desktop	Complete job	﻿2026-10-03T16:28:34.5666151Z Cleaning up orphan processes
desktop	Complete job	2026-10-03T16:28:34.6034810Z ##[warning]Node.js 20 is deprecated. The following actions target Node.js 20 but are being forced to run on Node.js 24: actions/checkout@v4, actions/setup-node@v4. For more information see: https://github.blog/changelog/2025-09-19-deprecation-of-node-20-on-github-actions-runners/
