classify	Set up job	﻿2026-10-07T13:58:05.4970552Z Current runner version: '2.337.0'
classify	Set up job	2026-10-07T13:58:05.5000151Z ##[group]Runner Image Provisioner
classify	Set up job	2026-10-07T13:58:05.5001357Z Hosted Compute Agent
classify	Set up job	2026-10-07T13:58:05.5001982Z Version: 20260901.588
classify	Set up job	2026-10-07T13:58:05.5002659Z Commit: f88ec8081b781fac6c440065ac7ff9e710ce3d0b
classify	Set up job	2026-10-07T13:58:05.5003530Z Build Date: 2026-09-01T19:56:44Z
classify	Set up job	2026-10-07T13:58:05.5004257Z Worker ID: {1fce7ee6-9aa1-4b13-9dba-9452b173ee3a}
classify	Set up job	2026-10-07T13:58:05.5005035Z Azure Region: northcentralus
classify	Set up job	2026-10-07T13:58:05.5005685Z ##[endgroup]
classify	Set up job	2026-10-07T13:58:05.5007122Z ##[group]Operating System
classify	Set up job	2026-10-07T13:58:05.5007834Z Ubuntu
classify	Set up job	2026-10-07T13:58:05.5008415Z 24.04.5
classify	Set up job	2026-10-07T13:58:05.5009026Z LTS
classify	Set up job	2026-10-07T13:58:05.5009577Z ##[endgroup]
classify	Set up job	2026-10-07T13:58:05.5010186Z ##[group]Runner Image
classify	Set up job	2026-10-07T13:58:05.5010864Z Image: ubuntu-24.04
classify	Set up job	2026-10-07T13:58:05.5011604Z Version: 20260927.320.1
classify	Set up job	2026-10-07T13:58:05.5012684Z Included Software: https://github.com/actions/runner-images/blob/ubuntu24/20260927.320/images/ubuntu/Ubuntu2404-Readme.md
classify	Set up job	2026-10-07T13:58:05.5014536Z Image Release: https://github.com/actions/runner-images/releases/tag/ubuntu24%2F20260927.320
classify	Set up job	2026-10-07T13:58:05.5015579Z ##[endgroup]
classify	Set up job	2026-10-07T13:58:05.5016748Z ##[group]GITHUB_TOKEN Permissions
classify	Set up job	2026-10-07T13:58:05.5019177Z Contents: read
classify	Set up job	2026-10-07T13:58:05.5019863Z Metadata: read
classify	Set up job	2026-10-07T13:58:05.5020450Z ##[endgroup]
classify	Set up job	2026-10-07T13:58:05.5023039Z Secret source: Actions
classify	Set up job	2026-10-07T13:58:05.5024047Z Cache mode: write
classify	Set up job	2026-10-07T13:58:05.5025261Z Prepare workflow directory
classify	Set up job	2026-10-07T13:58:05.5373939Z Prepare all required actions
classify	Set up job	2026-10-07T13:58:05.5422334Z Getting action download info
classify	Set up job	2026-10-07T13:58:05.7970259Z Download action repository 'actions/checkout@v4' (SHA:11d5960a326750d5838078e36cf38b85af677262)
classify	Set up job	2026-10-07T13:58:06.5483334Z Complete job name: classify
classify	Run actions/checkout@v4	﻿2026-10-07T13:58:06.6649879Z ##[group]Run actions/checkout@v4
classify	Run actions/checkout@v4	2026-10-07T13:58:06.6651629Z with:
classify	Run actions/checkout@v4	2026-10-07T13:58:06.6652552Z   fetch-depth: 0
classify	Run actions/checkout@v4	2026-10-07T13:58:06.6653650Z   ref: 6db3a60ece381ce5120b754beec4fb9edd4d9c2f
classify	Run actions/checkout@v4	2026-10-07T13:58:06.6655078Z   repository: nilesthump/IM-platform
classify	Run actions/checkout@v4	2026-10-07T13:58:06.6664922Z   token: ***
classify	Run actions/checkout@v4	2026-10-07T13:58:06.6665924Z   ssh-strict: true
classify	Run actions/checkout@v4	2026-10-07T13:58:06.6666904Z   ssh-user: git
classify	Run actions/checkout@v4	2026-10-07T13:58:06.6667890Z   persist-credentials: true
classify	Run actions/checkout@v4	2026-10-07T13:58:06.6668973Z   clean: true
classify	Run actions/checkout@v4	2026-10-07T13:58:06.6669964Z   sparse-checkout-cone-mode: true
classify	Run actions/checkout@v4	2026-10-07T13:58:06.6671264Z   fetch-tags: false
classify	Run actions/checkout@v4	2026-10-07T13:58:06.6672251Z   show-progress: true
classify	Run actions/checkout@v4	2026-10-07T13:58:06.6673249Z   lfs: false
classify	Run actions/checkout@v4	2026-10-07T13:58:06.6674190Z   submodules: false
classify	Run actions/checkout@v4	2026-10-07T13:58:06.6675193Z   set-safe-directory: true
classify	Run actions/checkout@v4	2026-10-07T13:58:06.6676306Z   allow-unsafe-pr-checkout: false
classify	Run actions/checkout@v4	2026-10-07T13:58:06.6677837Z ##[endgroup]
classify	Run actions/checkout@v4	2026-10-07T13:58:06.7781934Z Syncing repository: nilesthump/IM-platform
classify	Run actions/checkout@v4	2026-10-07T13:58:06.7784965Z ##[group]Getting Git version info
classify	Run actions/checkout@v4	2026-10-07T13:58:06.7786702Z Working directory is '/home/runner/work/IM-platform/IM-platform'
classify	Run actions/checkout@v4	2026-10-07T13:58:06.7788927Z [command]/usr/bin/git version
classify	Run actions/checkout@v4	2026-10-07T13:58:06.8065997Z git version 2.55.0
classify	Run actions/checkout@v4	2026-10-07T13:58:06.8094094Z ##[endgroup]
classify	Run actions/checkout@v4	2026-10-07T13:58:06.8118374Z Temporarily overriding HOME='/home/runner/work/_temp/5f496899-0bdd-4844-b0c1-b66f511d8029' before making global git config changes
classify	Run actions/checkout@v4	2026-10-07T13:58:06.8121796Z Adding repository directory to the temporary git global config as a safe directory
classify	Run actions/checkout@v4	2026-10-07T13:58:06.8134346Z [command]/usr/bin/git config --global --add safe.directory /home/runner/work/IM-platform/IM-platform
classify	Run actions/checkout@v4	2026-10-07T13:58:07.1034000Z Deleting the contents of '/home/runner/work/IM-platform/IM-platform'
classify	Run actions/checkout@v4	2026-10-07T13:58:07.1039615Z ##[group]Initializing the repository
classify	Run actions/checkout@v4	2026-10-07T13:58:07.1045064Z [command]/usr/bin/git init /home/runner/work/IM-platform/IM-platform
classify	Run actions/checkout@v4	2026-10-07T13:58:07.1127877Z hint: Using 'master' as the name for the initial branch. This default branch name
classify	Run actions/checkout@v4	2026-10-07T13:58:07.1130752Z hint: will change to "main" in Git 3.0. To configure the initial branch name
classify	Run actions/checkout@v4	2026-10-07T13:58:07.1133926Z hint: to use in all of your new repositories, which will suppress this warning,
classify	Run actions/checkout@v4	2026-10-07T13:58:07.1136969Z hint: call:
classify	Run actions/checkout@v4	2026-10-07T13:58:07.1138254Z hint:
classify	Run actions/checkout@v4	2026-10-07T13:58:07.1139781Z hint: 	git config --global init.defaultBranch <name>
classify	Run actions/checkout@v4	2026-10-07T13:58:07.1141880Z hint:
classify	Run actions/checkout@v4	2026-10-07T13:58:07.1143691Z hint: Names commonly chosen instead of 'master' are 'main', 'trunk' and
classify	Run actions/checkout@v4	2026-10-07T13:58:07.1146575Z hint: 'development'. The just-created branch can be renamed via this command:
classify	Run actions/checkout@v4	2026-10-07T13:58:07.1148877Z hint:
classify	Run actions/checkout@v4	2026-10-07T13:58:07.1150109Z hint: 	git branch -m <name>
classify	Run actions/checkout@v4	2026-10-07T13:58:07.1151980Z hint:
classify	Run actions/checkout@v4	2026-10-07T13:58:07.1154153Z hint: Disable this message with "git config set advice.defaultBranchName false"
classify	Run actions/checkout@v4	2026-10-07T13:58:07.1156772Z Initialized empty Git repository in /home/runner/work/IM-platform/IM-platform/.git/
classify	Run actions/checkout@v4	2026-10-07T13:58:07.1160407Z [command]/usr/bin/git remote add origin https://github.com/nilesthump/IM-platform
classify	Run actions/checkout@v4	2026-10-07T13:58:07.1201450Z ##[endgroup]
classify	Run actions/checkout@v4	2026-10-07T13:58:07.1203733Z ##[group]Disabling automatic garbage collection
classify	Run actions/checkout@v4	2026-10-07T13:58:07.1205928Z [command]/usr/bin/git config --local gc.auto 0
classify	Run actions/checkout@v4	2026-10-07T13:58:07.1245396Z ##[endgroup]
classify	Run actions/checkout@v4	2026-10-07T13:58:07.1248150Z ##[group]Setting up auth
classify	Run actions/checkout@v4	2026-10-07T13:58:07.1251614Z [command]/usr/bin/git config --local --name-only --get-regexp core\.sshCommand
classify	Run actions/checkout@v4	2026-10-07T13:58:07.1290618Z [command]/usr/bin/git submodule foreach --recursive sh -c "git config --local --name-only --get-regexp 'core\.sshCommand' && git config --local --unset-all 'core.sshCommand' || :"
classify	Run actions/checkout@v4	2026-10-07T13:58:07.1614382Z [command]/usr/bin/git config --local --name-only --get-regexp http\.https\:\/\/github\.com\/\.extraheader
classify	Run actions/checkout@v4	2026-10-07T13:58:07.1652957Z [command]/usr/bin/git submodule foreach --recursive sh -c "git config --local --name-only --get-regexp 'http\.https\:\/\/github\.com\/\.extraheader' && git config --local --unset-all 'http.https://github.com/.extraheader' || :"
classify	Run actions/checkout@v4	2026-10-07T13:58:07.1899761Z [command]/usr/bin/git config --local --name-only --get-regexp ^includeIf\.gitdir:
classify	Run actions/checkout@v4	2026-10-07T13:58:07.1942734Z [command]/usr/bin/git submodule foreach --recursive git config --local --show-origin --name-only --get-regexp remote.origin.url
classify	Run actions/checkout@v4	2026-10-07T13:58:07.2188727Z [command]/usr/bin/git config --local http.https://github.com/.extraheader AUTHORIZATION: basic ***
classify	Run actions/checkout@v4	2026-10-07T13:58:07.2233847Z ##[endgroup]
classify	Run actions/checkout@v4	2026-10-07T13:58:07.2235498Z ##[group]Fetching the repository
classify	Run actions/checkout@v4	2026-10-07T13:58:07.2244264Z [command]/usr/bin/git -c protocol.version=2 fetch --prune --no-recurse-submodules origin +refs/heads/*:refs/remotes/origin/* +refs/tags/*:refs/tags/*
classify	Run actions/checkout@v4	2026-10-07T13:58:09.9496979Z From https://github.com/nilesthump/IM-platform
classify	Run actions/checkout@v4	2026-10-07T13:58:09.9499061Z  * [new branch]      docs/workspace-constraints-20261003 -> origin/docs/workspace-constraints-20261003
classify	Run actions/checkout@v4	2026-10-07T13:58:09.9500163Z  * [new branch]      fix/LOOP1-CI-001-s0-placeholder -> origin/fix/LOOP1-CI-001-s0-placeholder
classify	Run actions/checkout@v4	2026-10-07T13:58:09.9501291Z  * [new branch]      main                   -> origin/main
classify	Run actions/checkout@v4	2026-10-07T13:58:09.9502073Z  * [new branch]      recovery/s1-handoff-20261001 -> origin/recovery/s1-handoff-20261001
classify	Run actions/checkout@v4	2026-10-07T13:58:09.9503146Z  * [new branch]      recovery/s2-open-record-20261001 -> origin/recovery/s2-open-record-20261001
classify	Run actions/checkout@v4	2026-10-07T13:58:09.9504055Z  * [new branch]      rollback/pr7-20261001  -> origin/rollback/pr7-20261001
classify	Run actions/checkout@v4	2026-10-07T13:58:09.9504988Z  * [new branch]      task/LOOP1-ARCH-REMEDIATION -> origin/task/LOOP1-ARCH-REMEDIATION
classify	Run actions/checkout@v4	2026-10-07T13:58:09.9505932Z  * [new branch]      task/LOOP1-CI-001      -> origin/task/LOOP1-CI-001
classify	Run actions/checkout@v4	2026-10-07T13:58:09.9507025Z  * [new branch]      task/LOOP1-CLIENT-ARCH-CLARIFICATION-001 -> origin/task/LOOP1-CLIENT-ARCH-CLARIFICATION-001
classify	Run actions/checkout@v4	2026-10-07T13:58:09.9508280Z  * [new branch]      task/LOOP1-CLIENT-GUI-001-resume -> origin/task/LOOP1-CLIENT-GUI-001-resume
classify	Run actions/checkout@v4	2026-10-07T13:58:09.9509433Z  * [new branch]      task/LOOP1-CLIENT-MVP-PLAN-20261003 -> origin/task/LOOP1-CLIENT-MVP-PLAN-20261003
classify	Run actions/checkout@v4	2026-10-07T13:58:09.9510548Z  * [new branch]      task/LOOP1-CLIENT-SEND-001 -> origin/task/LOOP1-CLIENT-SEND-001
classify	Run actions/checkout@v4	2026-10-07T13:58:09.9512411Z  * [new branch]      task/LOOP1-CLIENT-SQLITE-001 -> origin/task/LOOP1-CLIENT-SQLITE-001
classify	Run actions/checkout@v4	2026-10-07T13:58:09.9513706Z  * [new branch]      task/LOOP1-CLIENT-SQLITE-001-ts-kotlin -> origin/task/LOOP1-CLIENT-SQLITE-001-ts-kotlin
classify	Run actions/checkout@v4	2026-10-07T13:58:09.9515149Z  * [new branch]      task/LOOP1-CLIENT-UI-ARCH-001 -> origin/task/LOOP1-CLIENT-UI-ARCH-001
classify	Run actions/checkout@v4	2026-10-07T13:58:09.9516075Z  * [new branch]      task/LOOP1-E2E-001     -> origin/task/LOOP1-E2E-001
classify	Run actions/checkout@v4	2026-10-07T13:58:09.9516825Z  * [new branch]      task/LOOP1-GO-AUTH-001 -> origin/task/LOOP1-GO-AUTH-001
classify	Run actions/checkout@v4	2026-10-07T13:58:09.9517571Z  * [new branch]      task/LOOP1-GO-MSG-001  -> origin/task/LOOP1-GO-MSG-001
classify	Run actions/checkout@v4	2026-10-07T13:58:09.9518441Z  * [new branch]      task/LOOP1-GO-SOCIAL-001-v1.1 -> origin/task/LOOP1-GO-SOCIAL-001-v1.1
classify	Run actions/checkout@v4	2026-10-07T13:58:09.9519345Z  * [new branch]      task/LOOP1-SYNC-001    -> origin/task/LOOP1-SYNC-001
classify	Run actions/checkout@v4	2026-10-07T13:58:09.9521851Z [command]/usr/bin/git rev-parse --verify --quiet 6db3a60ece381ce5120b754beec4fb9edd4d9c2f^{object}
classify	Run actions/checkout@v4	2026-10-07T13:58:09.9548628Z 6db3a60ece381ce5120b754beec4fb9edd4d9c2f
classify	Run actions/checkout@v4	2026-10-07T13:58:09.9554215Z ##[endgroup]
classify	Run actions/checkout@v4	2026-10-07T13:58:09.9555097Z ##[group]Determining the checkout info
classify	Run actions/checkout@v4	2026-10-07T13:58:09.9556022Z ##[endgroup]
classify	Run actions/checkout@v4	2026-10-07T13:58:09.9561767Z [command]/usr/bin/git sparse-checkout disable
classify	Run actions/checkout@v4	2026-10-07T13:58:09.9620570Z [command]/usr/bin/git config --local --unset-all extensions.worktreeConfig
classify	Run actions/checkout@v4	2026-10-07T13:58:09.9653527Z ##[group]Checking out the ref
classify	Run actions/checkout@v4	2026-10-07T13:58:09.9657293Z [command]/usr/bin/git checkout --progress --force 6db3a60ece381ce5120b754beec4fb9edd4d9c2f
classify	Run actions/checkout@v4	2026-10-07T13:58:10.7280426Z Note: switching to '6db3a60ece381ce5120b754beec4fb9edd4d9c2f'.
classify	Run actions/checkout@v4	2026-10-07T13:58:10.7281450Z 
classify	Run actions/checkout@v4	2026-10-07T13:58:10.7281773Z You are in 'detached HEAD' state. You can look around, make experimental
classify	Run actions/checkout@v4	2026-10-07T13:58:10.7282426Z changes and commit them, and you can discard any commits you make in this
classify	Run actions/checkout@v4	2026-10-07T13:58:10.7283469Z state without impacting any branches by switching back to a branch.
classify	Run actions/checkout@v4	2026-10-07T13:58:10.7283892Z 
classify	Run actions/checkout@v4	2026-10-07T13:58:10.7284166Z If you want to create a new branch to retain commits you create, you may
classify	Run actions/checkout@v4	2026-10-07T13:58:10.7284834Z do so (now or later) by using -c with the switch command. Example:
classify	Run actions/checkout@v4	2026-10-07T13:58:10.7285207Z 
classify	Run actions/checkout@v4	2026-10-07T13:58:10.7285362Z   git switch -c <new-branch-name>
classify	Run actions/checkout@v4	2026-10-07T13:58:10.7285631Z 
classify	Run actions/checkout@v4	2026-10-07T13:58:10.7285794Z Or undo this operation with:
classify	Run actions/checkout@v4	2026-10-07T13:58:10.7286048Z 
classify	Run actions/checkout@v4	2026-10-07T13:58:10.7286190Z   git switch -
classify	Run actions/checkout@v4	2026-10-07T13:58:10.7286374Z 
classify	Run actions/checkout@v4	2026-10-07T13:58:10.7286709Z Turn off this advice by setting config variable advice.detachedHead to false
classify	Run actions/checkout@v4	2026-10-07T13:58:10.7287173Z 
classify	Run actions/checkout@v4	2026-10-07T13:58:10.7287533Z HEAD is now at 6db3a60 Preserve independent Android auth approval and checkpoint
classify	Run actions/checkout@v4	2026-10-07T13:58:10.7320876Z ##[endgroup]
classify	Run actions/checkout@v4	2026-10-07T13:58:10.7371658Z [command]/usr/bin/git log -1 --format=%H
classify	Run actions/checkout@v4	2026-10-07T13:58:10.7404493Z 6db3a60ece381ce5120b754beec4fb9edd4d9c2f
classify	Diagnose checkout status	﻿2026-10-07T13:58:10.7625365Z ##[group]Run $status = @(git -c core.excludesFile=.git/info/exclude status --porcelain=v1 --untracked-files=all 2>&1)
classify	Diagnose checkout status	2026-10-07T13:58:10.7626281Z ^[[36;1m$status = @(git -c core.excludesFile=.git/info/exclude status --porcelain=v1 --untracked-files=all 2>&1)^[[0m
classify	Diagnose checkout status	2026-10-07T13:58:10.7626857Z ^[[36;1mif ($LASTEXITCODE -ne 0) { exit $LASTEXITCODE }^[[0m
classify	Diagnose checkout status	2026-10-07T13:58:10.7627246Z ^[[36;1mWrite-Host "checkout_status_entries=$($status.Count)"^[[0m
classify	Diagnose checkout status	2026-10-07T13:58:10.7627688Z ^[[36;1mforeach ($entry in $status) { Write-Host "checkout_status=$entry" }^[[0m
classify	Diagnose checkout status	2026-10-07T13:58:10.7659431Z shell: /usr/bin/pwsh -command ". '{0}'"
classify	Diagnose checkout status	2026-10-07T13:58:10.7659746Z ##[endgroup]
classify	Diagnose checkout status	2026-10-07T13:58:17.5922666Z checkout_status_entries=0
classify	Verify clean repository recovery	﻿2026-10-07T13:58:17.8997839Z ##[group]Run ./tools/verify-loop1-ctrl-002.ps1 -Mode Acceptance
classify	Verify clean repository recovery	2026-10-07T13:58:17.8998345Z ^[[36;1m./tools/verify-loop1-ctrl-002.ps1 -Mode Acceptance^[[0m
classify	Verify clean repository recovery	2026-10-07T13:58:17.9104261Z shell: /usr/bin/pwsh -command ". '{0}'"
classify	Verify clean repository recovery	2026-10-07T13:58:17.9104604Z ##[endgroup]
classify	Verify clean repository recovery	2026-10-07T13:58:35.6310114Z PASS: generic repository recovery verified task=LOOP1-CLIENT-GUI-001 state=review mode=Acceptance queues=5 task_specs=31.
classify	Verify clean repository recovery	2026-10-07T13:58:35.6319899Z GIT: branch=HEAD status_entries=0 diff_lines=0 recent_commits=5.
classify	Test path matrix	﻿2026-10-07T13:58:35.6875018Z ##[group]Run python3 -m unittest discover -s tests/ci -v
classify	Test path matrix	2026-10-07T13:58:35.6875462Z ^[[36;1mpython3 -m unittest discover -s tests/ci -v^[[0m
classify	Test path matrix	2026-10-07T13:58:35.6943222Z shell: /usr/bin/bash -e {0}
classify	Test path matrix	2026-10-07T13:58:35.6943485Z env:
classify	Test path matrix	2026-10-07T13:58:35.6943708Z   PYTHONDONTWRITEBYTECODE: 1
classify	Test path matrix	2026-10-07T13:58:35.6943965Z ##[endgroup]
classify	Test path matrix	2026-10-07T13:58:35.8887402Z test_actual_storage_runner_and_deleted_fixture_select_actual_clients (test_classify.ClientStoragePaths.test_actual_storage_runner_and_deleted_fixture_select_actual_clients) ... ok
classify	Test path matrix	2026-10-07T13:58:35.8889342Z test_ci_changes_run_all_jobs (test_classify.PathMatrixTests.test_ci_changes_run_all_jobs) ... ok
classify	Test path matrix	2026-10-07T13:58:35.8890786Z test_client_changes_always_select_architecture (test_classify.PathMatrixTests.test_client_changes_always_select_architecture) ... ok
classify	Test path matrix	2026-10-07T13:58:35.9172225Z test_deleted_e2e_path_still_selects_live_checks (test_classify.PathMatrixTests.test_deleted_e2e_path_still_selects_live_checks) ... ok
classify	Test path matrix	2026-10-07T13:58:35.9428913Z test_deleted_send_fixture_still_runs_actual_checks (test_classify.PathMatrixTests.test_deleted_send_fixture_still_runs_actual_checks) ... ok
classify	Test path matrix	2026-10-07T13:58:35.9430498Z test_deploy_changes_run_deploy_validation (test_classify.PathMatrixTests.test_deploy_changes_run_deploy_validation) ... ok
classify	Test path matrix	2026-10-07T13:58:35.9432081Z test_e2e_paths_select_go_deploy_and_boundaries (test_classify.PathMatrixTests.test_e2e_paths_select_go_deploy_and_boundaries) ... ok
classify	Test path matrix	2026-10-07T13:58:36.0224611Z test_git_diff_includes_both_sides_of_shared_renames (test_classify.PathMatrixTests.test_git_diff_includes_both_sides_of_shared_renames) ... ok
classify	Test path matrix	2026-10-07T13:58:36.0484654Z test_git_diff_includes_deleted_shared_file (test_classify.PathMatrixTests.test_git_diff_includes_deleted_shared_file) ... ok
classify	Test path matrix	2026-10-07T13:58:36.0493428Z test_github_outputs_are_lowercase_booleans (test_classify.PathMatrixTests.test_github_outputs_are_lowercase_booleans) ... ok
classify	Test path matrix	2026-10-07T13:58:36.0496693Z test_governance_changes_cannot_skip_architecture (test_classify.PathMatrixTests.test_governance_changes_cannot_skip_architecture) ... ok
classify	Test path matrix	2026-10-07T13:58:36.0773387Z test_governance_deleted_and_renamed_paths_still_trigger (test_classify.PathMatrixTests.test_governance_deleted_and_renamed_paths_still_trigger) ... ok
classify	Test path matrix	2026-10-07T13:58:36.0774979Z test_profile_and_client_changes_are_local (test_classify.PathMatrixTests.test_profile_and_client_changes_are_local) ... ok
classify	Test path matrix	2026-10-07T13:58:36.0777933Z test_rejects_paths_outside_repo (test_classify.PathMatrixTests.test_rejects_paths_outside_repo) ... ok
classify	Test path matrix	2026-10-07T13:58:36.0779315Z test_send_verification_paths_select_actual_runtimes (test_classify.PathMatrixTests.test_send_verification_paths_select_actual_runtimes) ... ok
classify	Test path matrix	2026-10-07T13:58:36.0780842Z test_shared_changes_fan_out_to_full_compatibility (test_classify.PathMatrixTests.test_shared_changes_fan_out_to_full_compatibility) ... ok
classify	Test path matrix	2026-10-07T13:58:36.0782292Z test_union_and_deleted_paths (test_classify.PathMatrixTests.test_union_and_deleted_paths) ... ok
classify	Test path matrix	2026-10-07T13:58:36.0783562Z test_unrelated_files_do_not_schedule_product_jobs (test_classify.PathMatrixTests.test_unrelated_files_do_not_schedule_product_jobs) ... ok
classify	Test path matrix	2026-10-07T13:58:36.0785136Z test_architecture_jobs_missing_invalid_skipped_failed_cancelled (test_gate.GateTests.test_architecture_jobs_missing_invalid_skipped_failed_cancelled) ... ok
classify	Test path matrix	2026-10-07T13:58:36.0786471Z test_classifier_failure_fails_gate (test_gate.GateTests.test_classifier_failure_fails_gate) ... ok
classify	Test path matrix	2026-10-07T13:58:36.0787430Z test_selected_job_must_succeed (test_gate.GateTests.test_selected_job_must_succeed) ... ok
classify	Test path matrix	2026-10-07T13:58:36.0788501Z test_shared_subchecks_require_compatibility (test_gate.GateTests.test_shared_subchecks_require_compatibility) ... ok
classify	Test path matrix	2026-10-07T13:58:36.0790002Z test_recursive_live_go_verification_and_role_smoke_present (test_go_regression.GoRegressionTests.test_recursive_live_go_verification_and_role_smoke_present) ... ok
classify	Test path matrix	2026-10-07T13:58:36.0791669Z test_role_smoke_change_and_deletion_select_actual_jobs (test_go_regression.GoRegressionTests.test_role_smoke_change_and_deletion_select_actual_jobs) ... ok
classify	Test path matrix	2026-10-07T13:58:36.0944488Z test_websocket_upgrade_eof_terminates (test_go_regression.GoRegressionTests.test_websocket_upgrade_eof_terminates) ... ok
classify	Test path matrix	2026-10-07T13:58:36.0946680Z test_all_affected_workflow_jobs_use_boundary_checker (test_s0_boundary.S0BoundaryTests.test_all_affected_workflow_jobs_use_boundary_checker) ... ok
classify	Test path matrix	2026-10-07T13:58:36.0955833Z test_allowed_entry_name_is_only_allowed_at_profile_root (test_s0_boundary.S0BoundaryTests.test_allowed_entry_name_is_only_allowed_at_profile_root) ... ok
classify	Test path matrix	2026-10-07T13:58:36.0962598Z test_allowed_name_and_profile_root_symlink_checks_without_os_link_privilege (test_s0_boundary.S0BoundaryTests.test_allowed_name_and_profile_root_symlink_checks_without_os_link_privilege) ... ok
classify	Test path matrix	2026-10-07T13:58:36.1031549Z test_committed_skeleton_contains_no_unexpected_source (test_s0_boundary.S0BoundaryTests.test_committed_skeleton_contains_no_unexpected_source) ... ok
classify	Test path matrix	2026-10-07T13:58:36.1098327Z test_empty_markers_are_ignored_but_new_source_is_rejected (test_s0_boundary.S0BoundaryTests.test_empty_markers_are_ignored_but_new_source_is_rejected) ... ok
classify	Test path matrix	2026-10-07T13:58:36.1121219Z test_symlinks_cannot_hide_behind_allowed_names_or_profile_root (test_s0_boundary.S0BoundaryTests.test_symlinks_cannot_hide_behind_allowed_names_or_profile_root) ... ok
classify	Test path matrix	2026-10-07T13:58:36.1123987Z test_rejects_runner_context_at_deploy_job_env (test_workflow_context.WorkflowContextTests.test_rejects_runner_context_at_deploy_job_env) ... ok
classify	Test path matrix	2026-10-07T13:58:36.1126313Z test_runner_context_is_absent_from_job_env (test_workflow_context.WorkflowContextTests.test_runner_context_is_absent_from_job_env) ... ok
classify	Test path matrix	2026-10-07T13:58:36.1126874Z 
classify	Test path matrix	2026-10-07T13:58:36.1127099Z ----------------------------------------------------------------------
classify	Test path matrix	2026-10-07T13:58:36.1127635Z Ran 33 tests in 0.224s
classify	Test path matrix	2026-10-07T13:58:36.1127783Z 
classify	Test path matrix	2026-10-07T13:58:36.1127872Z OK
classify	Test path matrix	2026-10-07T13:58:36.1128062Z {
classify	Test path matrix	2026-10-07T13:58:36.1128245Z   "paths": [
classify	Test path matrix	2026-10-07T13:58:36.1128470Z     "contracts/errors/x.json"
classify	Test path matrix	2026-10-07T13:58:36.1128705Z   ],
classify	Test path matrix	2026-10-07T13:58:36.1128911Z   "jobs": {
classify	Test path matrix	2026-10-07T13:58:36.1129101Z     "go": true,
classify	Test path matrix	2026-10-07T13:58:36.1129295Z     "java": true,
classify	Test path matrix	2026-10-07T13:58:36.1129493Z     "web": true,
classify	Test path matrix	2026-10-07T13:58:36.1129693Z     "desktop": true,
classify	Test path matrix	2026-10-07T13:58:36.1129906Z     "mobile": true,
classify	Test path matrix	2026-10-07T13:58:36.1130110Z     "shared": true,
classify	Test path matrix	2026-10-07T13:58:36.1130312Z     "old_client": true,
classify	Test path matrix	2026-10-07T13:58:36.1130532Z     "plugin": true,
classify	Test path matrix	2026-10-07T13:58:36.1130731Z     "migration": true,
classify	Test path matrix	2026-10-07T13:58:36.1131143Z     "compatibility": true,
classify	Test path matrix	2026-10-07T13:58:36.1131428Z     "deploy": false,
classify	Test path matrix	2026-10-07T13:58:36.1131645Z     "architecture": true,
classify	Test path matrix	2026-10-07T13:58:36.1131869Z     "source_go": true,
classify	Test path matrix	2026-10-07T13:58:36.1132078Z     "source_java": true
classify	Test path matrix	2026-10-07T13:58:36.1132296Z   }
classify	Test path matrix	2026-10-07T13:58:36.1132471Z }
classify	Classify full diff, including deletions	﻿2026-10-07T13:58:36.1317674Z ##[group]Run base="$BASE_SHA"
classify	Classify full diff, including deletions	2026-10-07T13:58:36.1318004Z ^[[36;1mbase="$BASE_SHA"^[[0m
classify	Classify full diff, including deletions	2026-10-07T13:58:36.1318281Z ^[[36;1mif [[ -z "$base" || "$base" =~ ^0+$ ]]; then^[[0m
classify	Classify full diff, including deletions	2026-10-07T13:58:36.1318631Z ^[[36;1m  base=$(git hash-object -t tree /dev/null)^[[0m
classify	Classify full diff, including deletions	2026-10-07T13:58:36.1318920Z ^[[36;1mfi^[[0m
classify	Classify full diff, including deletions	2026-10-07T13:58:36.1319305Z ^[[36;1mpython3 ci/classify.py --base "$base" --head "$HEAD_SHA" --github-output "$GITHUB_OUTPUT"^[[0m
classify	Classify full diff, including deletions	2026-10-07T13:58:36.1387476Z shell: /usr/bin/bash --noprofile --norc -e -o pipefail {0}
classify	Classify full diff, including deletions	2026-10-07T13:58:36.1387840Z env:
classify	Classify full diff, including deletions	2026-10-07T13:58:36.1388110Z   BASE_SHA: ffd6b63ac9396e577f0bb5c3d3ac02ee4915d597
classify	Classify full diff, including deletions	2026-10-07T13:58:36.1388463Z   HEAD_SHA: 6db3a60ece381ce5120b754beec4fb9edd4d9c2f
classify	Classify full diff, including deletions	2026-10-07T13:58:36.1388770Z   PYTHONDONTWRITEBYTECODE: 1
classify	Classify full diff, including deletions	2026-10-07T13:58:36.1389016Z ##[endgroup]
classify	Classify full diff, including deletions	2026-10-07T13:58:36.1853346Z {
classify	Classify full diff, including deletions	2026-10-07T13:58:36.1853757Z   "paths": [
classify	Classify full diff, including deletions	2026-10-07T13:58:36.1854100Z     ".github/workflows/ci.yml",
classify	Classify full diff, including deletions	2026-10-07T13:58:36.1854801Z     "AGENTS.md",
classify	Classify full diff, including deletions	2026-10-07T13:58:36.1855171Z     "clients/desktop/package-lock.json",
classify	Classify full diff, including deletions	2026-10-07T13:58:36.1855744Z     "clients/desktop/package.json",
classify	Classify full diff, including deletions	2026-10-07T13:58:36.1856143Z     "clients/desktop/src-tauri/Cargo.lock",
classify	Classify full diff, including deletions	2026-10-07T13:58:36.1856596Z     "clients/desktop/src-tauri/Cargo.toml",
classify	Classify full diff, including deletions	2026-10-07T13:58:36.1857220Z     "clients/desktop/src-tauri/icons/icon.ico",
classify	Classify full diff, including deletions	2026-10-07T13:58:36.1857718Z     "clients/desktop/src-tauri/icons/icon.png",
classify	Classify full diff, including deletions	2026-10-07T13:58:36.1858251Z     "clients/desktop/src-tauri/src/desktop_capabilities.rs",
classify	Classify full diff, including deletions	2026-10-07T13:58:36.1858750Z     "clients/desktop/src-tauri/src/lib.rs",
classify	Classify full diff, including deletions	2026-10-07T13:58:36.1859246Z     "clients/desktop/src-tauri/tauri.conf.json",
classify	Classify full diff, including deletions	2026-10-07T13:58:36.1859770Z     "clients/desktop/src/application/ui/auth.ts",
classify	Classify full diff, including deletions	2026-10-07T13:58:36.1860298Z     "clients/desktop/src/application/ui/native.ts",
classify	Classify full diff, including deletions	2026-10-07T13:58:36.1860839Z     "clients/desktop/src/application/ui/workspace.ts",
classify	Classify full diff, including deletions	2026-10-07T13:58:36.1861525Z     "clients/desktop/src/ui/build.config.mjs",
classify	Classify full diff, including deletions	2026-10-07T13:58:36.1862004Z     "clients/desktop/src/ui/composer.ts",
classify	Classify full diff, including deletions	2026-10-07T13:58:36.1862461Z     "clients/desktop/src/ui/index.html",
classify	Classify full diff, including deletions	2026-10-07T13:58:36.1862886Z     "clients/desktop/src/ui/logo.png",
classify	Classify full diff, including deletions	2026-10-07T13:58:36.1863300Z     "clients/desktop/src/ui/main.tsx",
classify	Classify full diff, including deletions	2026-10-07T13:58:36.1863746Z     "clients/desktop/src/ui/react-dom.config.mjs",
classify	Classify full diff, including deletions	2026-10-07T13:58:36.1864257Z     "clients/desktop/src/ui/react.config.mjs",
classify	Classify full diff, including deletions	2026-10-07T13:58:36.1864697Z     "clients/desktop/src/ui/style.css",
classify	Classify full diff, including deletions	2026-10-07T13:58:36.1865119Z     "clients/desktop/tsconfig.json",
classify	Classify full diff, including deletions	2026-10-07T13:58:36.1865541Z     "clients/mobile/app/build.gradle.kts",
classify	Classify full diff, including deletions	2026-10-07T13:58:36.1866339Z     "clients/mobile/app/src/androidTest/kotlin/im/platform/client/ui/GuiAuthenticatedInstrumentation.kt",
classify	Classify full diff, including deletions	2026-10-07T13:58:36.1867338Z     "clients/mobile/app/src/androidTest/kotlin/im/platform/client/ui/GuiInstrumentation.kt",
classify	Classify full diff, including deletions	2026-10-07T13:58:36.1868002Z     "clients/mobile/app/src/androidTest/kotlin/im/platform/client/ui/GuiTrustRollbackInstrumentation.kt",
classify	Classify full diff, including deletions	2026-10-07T13:58:36.1868685Z     "clients/mobile/app/src/main/AndroidManifest.xml",
classify	Classify full diff, including deletions	2026-10-07T13:58:36.1869108Z     "clients/mobile/app/src/main/kotlin/im/platform/client/MainActivity.kt",
classify	Classify full diff, including deletions	2026-10-07T13:58:36.1869578Z     "clients/mobile/app/src/main/kotlin/im/platform/client/ui/Auth.kt",
classify	Classify full diff, including deletions	2026-10-07T13:58:36.1870047Z     "clients/mobile/app/src/main/kotlin/im/platform/client/ui/Preferences.kt",
classify	Classify full diff, including deletions	2026-10-07T13:58:36.1870526Z     "clients/mobile/app/src/main/kotlin/im/platform/client/ui/Workspace.kt",
classify	Classify full diff, including deletions	2026-10-07T13:58:36.1871226Z     "clients/mobile/app/src/main/kotlin/im/platform/client/ui/WorkspaceViewModel.kt",
classify	Classify full diff, including deletions	2026-10-07T13:58:36.1871745Z     "clients/mobile/app/src/main/res/drawable/project_logo.png",
classify	Classify full diff, including deletions	2026-10-07T13:58:36.1872111Z     "spec/architecture/README.md",
classify	Classify full diff, including deletions	2026-10-07T13:58:36.1872386Z     "spec/architecture/baseline.md",
classify	Classify full diff, including deletions	2026-10-07T13:58:36.1872760Z     "spec/architecture/decisions/ADR-0009-client-native-capabilities.md",
classify	Classify full diff, including deletions	2026-10-07T13:58:36.1873171Z     "spec/architecture/frozen-architecture.md",
classify	Classify full diff, including deletions	2026-10-07T13:58:36.1873611Z     "spec/progress/checkpoints/2026-10-04-loop1-client-gui-001-local-product.md",
classify	Classify full diff, including deletions	2026-10-07T13:58:36.1874426Z     "spec/progress/checkpoints/2026-10-04-loop1-client-gui-001-mount-approved.md",
classify	Classify full diff, including deletions	2026-10-07T13:58:36.1874939Z     "spec/progress/checkpoints/2026-10-04-loop1-client-gui-001-readiness.md",
classify	Classify full diff, including deletions	2026-10-07T13:58:36.1875435Z     "spec/progress/checkpoints/2026-10-04-loop1-client-gui-001-second-resume.md",
classify	Classify full diff, including deletions	2026-10-07T13:58:36.1875937Z     "spec/progress/checkpoints/2026-10-04-loop1-client-gui-resume-blocked.md",
classify	Classify full diff, including deletions	2026-10-07T13:58:36.1876437Z     "spec/progress/checkpoints/2026-10-04-loop1-client-native-arch-001-freeze.md",
classify	Classify full diff, including deletions	2026-10-07T13:58:36.1876979Z     "spec/progress/checkpoints/2026-10-04-loop1-client-native-arch-001-unified-batch.md",
classify	Classify full diff, including deletions	2026-10-07T13:58:36.1877557Z     "spec/progress/checkpoints/2026-10-07-loop1-client-gui-001-android-acceptance.md",
classify	Classify full diff, including deletions	2026-10-07T13:58:36.1878107Z     "spec/progress/checkpoints/2026-10-07-loop1-client-gui-001-android-auth-reviewed.md",
classify	Classify full diff, including deletions	2026-10-07T13:58:36.1878778Z     "spec/progress/checkpoints/2026-10-07-loop1-client-gui-001-desktop-polish.md",
classify	Classify full diff, including deletions	2026-10-07T13:58:36.1879311Z     "spec/progress/checkpoints/2026-10-07-loop1-client-gui-001-desktop-render.md",
classify	Classify full diff, including deletions	2026-10-07T13:58:36.1879835Z     "spec/progress/checkpoints/2026-10-07-loop1-client-gui-001-mobile-back.md",
classify	Classify full diff, including deletions	2026-10-07T13:58:36.1880367Z     "spec/progress/checkpoints/2026-10-07-loop1-client-gui-001-mobile-header.md",
classify	Classify full diff, including deletions	2026-10-07T13:58:36.1880898Z     "spec/progress/checkpoints/2026-10-07-loop1-client-gui-001-reviewed-repair.md",
classify	Classify full diff, including deletions	2026-10-07T13:58:36.1881615Z     "spec/progress/checkpoints/2026-10-07-loop1-client-gui-001-ui-update.md",
classify	Classify full diff, including deletions	2026-10-07T13:58:36.1882115Z     "spec/progress/checkpoints/2026-10-07-loop1-client-gui-001-window-rows.md",
classify	Classify full diff, including deletions	2026-10-07T13:58:36.1882512Z     "spec/progress/current.md",
classify	Classify full diff, including deletions	2026-10-07T13:58:36.1882852Z     "spec/progress/evidence/LOOP1-CLIENT-GUI-001/agent-release.md",
classify	Classify full diff, including deletions	2026-10-07T13:58:36.1883427Z     "spec/progress/evidence/LOOP1-CLIENT-GUI-001/android-acceptance-20261007/anonymous/cold-login-14.png",
classify	Classify full diff, including deletions	2026-10-07T13:58:36.1884120Z     "spec/progress/evidence/LOOP1-CLIENT-GUI-001/android-acceptance-20261007/anonymous/cold-login-16.png",
classify	Classify full diff, including deletions	2026-10-07T13:58:36.1884788Z     "spec/progress/evidence/LOOP1-CLIENT-GUI-001/android-acceptance-20261007/anonymous/cold-login-22.png",
classify	Classify full diff, including deletions	2026-10-07T13:58:36.1885472Z     "spec/progress/evidence/LOOP1-CLIENT-GUI-001/android-acceptance-20261007/anonymous/cold-register-14.png",
classify	Classify full diff, including deletions	2026-10-07T13:58:36.1886209Z     "spec/progress/evidence/LOOP1-CLIENT-GUI-001/android-acceptance-20261007/anonymous/cold-register-16.png",
classify	Classify full diff, including deletions	2026-10-07T13:58:36.1886891Z     "spec/progress/evidence/LOOP1-CLIENT-GUI-001/android-acceptance-20261007/anonymous/cold-register-22.png",
classify	Classify full diff, including deletions	2026-10-07T13:58:36.1887568Z     "spec/progress/evidence/LOOP1-CLIENT-GUI-001/android-acceptance-20261007/anonymous/warm-login-14.png",
classify	Classify full diff, including deletions	2026-10-07T13:58:36.1888228Z     "spec/progress/evidence/LOOP1-CLIENT-GUI-001/android-acceptance-20261007/anonymous/warm-login-16.png",
classify	Classify full diff, including deletions	2026-10-07T13:58:36.1888889Z     "spec/progress/evidence/LOOP1-CLIENT-GUI-001/android-acceptance-20261007/anonymous/warm-login-22.png",
classify	Classify full diff, including deletions	2026-10-07T13:58:36.1889556Z     "spec/progress/evidence/LOOP1-CLIENT-GUI-001/android-acceptance-20261007/anonymous/warm-register-14.png",
classify	Classify full diff, including deletions	2026-10-07T13:58:36.1890272Z     "spec/progress/evidence/LOOP1-CLIENT-GUI-001/android-acceptance-20261007/anonymous/warm-register-16.png",
classify	Classify full diff, including deletions	2026-10-07T13:58:36.1891281Z     "spec/progress/evidence/LOOP1-CLIENT-GUI-001/android-acceptance-20261007/anonymous/warm-register-22.png",
classify	Classify full diff, including deletions	2026-10-07T13:58:36.1891954Z     "spec/progress/evidence/LOOP1-CLIENT-GUI-001/android-acceptance-20261007/authenticated.txt",
classify	Classify full diff, including deletions	2026-10-07T13:58:36.1892637Z     "spec/progress/evidence/LOOP1-CLIENT-GUI-001/android-acceptance-20261007/authenticated/anonymous-login.png",
classify	Classify full diff, including deletions	2026-10-07T13:58:36.1893372Z     "spec/progress/evidence/LOOP1-CLIENT-GUI-001/android-acceptance-20261007/authenticated/back-to-chat-list.png",
classify	Classify full diff, including deletions	2026-10-07T13:58:36.1894101Z     "spec/progress/evidence/LOOP1-CLIENT-GUI-001/android-acceptance-20261007/authenticated/cold-chat-list.png",
classify	Classify full diff, including deletions	2026-10-07T13:58:36.1894995Z     "spec/progress/evidence/LOOP1-CLIENT-GUI-001/android-acceptance-20261007/authenticated/cold-conversation.png",
classify	Classify full diff, including deletions	2026-10-07T13:58:36.1895705Z     "spec/progress/evidence/LOOP1-CLIENT-GUI-001/android-acceptance-20261007/authenticated/cold-friends.png",
classify	Classify full diff, including deletions	2026-10-07T13:58:36.1896377Z     "spec/progress/evidence/LOOP1-CLIENT-GUI-001/android-acceptance-20261007/authenticated/logout-22.png",
classify	Classify full diff, including deletions	2026-10-07T13:58:36.1897096Z     "spec/progress/evidence/LOOP1-CLIENT-GUI-001/android-acceptance-20261007/authenticated/registration-success.png",
classify	Classify full diff, including deletions	2026-10-07T13:58:36.1897822Z     "spec/progress/evidence/LOOP1-CLIENT-GUI-001/android-acceptance-20261007/authenticated/registration.png",
classify	Classify full diff, including deletions	2026-10-07T13:58:36.1898485Z     "spec/progress/evidence/LOOP1-CLIENT-GUI-001/android-acceptance-20261007/authenticated/sent.png",
classify	Classify full diff, including deletions	2026-10-07T13:58:36.1899194Z     "spec/progress/evidence/LOOP1-CLIENT-GUI-001/android-acceptance-20261007/authenticated/warm-chat-list-22.png",
classify	Classify full diff, including deletions	2026-10-07T13:58:36.1900074Z     "spec/progress/evidence/LOOP1-CLIENT-GUI-001/android-acceptance-20261007/authenticated/warm-conversation-22.png",
classify	Classify full diff, including deletions	2026-10-07T13:58:36.1900849Z     "spec/progress/evidence/LOOP1-CLIENT-GUI-001/android-acceptance-20261007/authenticated/warm-friends.png",
classify	Classify full diff, including deletions	2026-10-07T13:58:36.1901822Z     "spec/progress/evidence/LOOP1-CLIENT-GUI-001/android-acceptance-20261007/authenticated/warm-settings-22.png",
classify	Classify full diff, including deletions	2026-10-07T13:58:36.1902517Z     "spec/progress/evidence/LOOP1-CLIENT-GUI-001/android-acceptance-20261007/final-state.json",
classify	Classify full diff, including deletions	2026-10-07T13:58:36.1903103Z     "spec/progress/evidence/LOOP1-CLIENT-GUI-001/android-acceptance-20261007/index.md",
classify	Classify full diff, including deletions	2026-10-07T13:58:36.1903677Z     "spec/progress/evidence/LOOP1-CLIENT-GUI-001/android-acceptance-20261007/manifest.json",
classify	Classify full diff, including deletions	2026-10-07T13:58:36.1904281Z     "spec/progress/evidence/LOOP1-CLIENT-GUI-001/android-acceptance-20261007/rollback-tls.txt",
classify	Classify full diff, including deletions	2026-10-07T13:58:36.1904869Z     "spec/progress/evidence/LOOP1-CLIENT-GUI-001/android-acceptance-20261007/rollback.json",
classify	Classify full diff, including deletions	2026-10-07T13:58:36.1905471Z     "spec/progress/evidence/LOOP1-CLIENT-GUI-001/android-acceptance-20261007/verification.md",
classify	Classify full diff, including deletions	2026-10-07T13:58:36.1906174Z     "spec/progress/evidence/LOOP1-CLIENT-GUI-001/android-acceptance-20261007/windows-human-approval.md",
classify	Classify full diff, including deletions	2026-10-07T13:58:36.1906897Z     "spec/progress/evidence/LOOP1-CLIENT-GUI-001/android-matrix-completion-20261007/a1/androidruntime.txt",
classify	Classify full diff, including deletions	2026-10-07T13:58:36.1907676Z     "spec/progress/evidence/LOOP1-CLIENT-GUI-001/android-matrix-completion-20261007/a1/capture-test-source-reconstructed.kt",
classify	Classify full diff, including deletions	2026-10-07T13:58:36.1908430Z     "spec/progress/evidence/LOOP1-CLIENT-GUI-001/android-matrix-completion-20261007/a1/controls.json",
classify	Classify full diff, including deletions	2026-10-07T13:58:36.1909321Z     "spec/progress/evidence/LOOP1-CLIENT-GUI-001/android-matrix-completion-20261007/a1/instrumentation.txt",
classify	Classify full diff, including deletions	2026-10-07T13:58:36.1910348Z     "spec/progress/evidence/LOOP1-CLIENT-GUI-001/android-matrix-completion-20261007/a1/run.json",
classify	Classify full diff, including deletions	2026-10-07T13:58:36.1911615Z     "spec/progress/evidence/LOOP1-CLIENT-GUI-001/android-matrix-completion-20261007/a1/screens/auth-error.json",
classify	Classify full diff, including deletions	2026-10-07T13:58:36.1912881Z     "spec/progress/evidence/LOOP1-CLIENT-GUI-001/android-matrix-completion-20261007/a1/screens/auth-error.png",
classify	Classify full diff, including deletions	2026-10-07T13:58:36.1913888Z     "spec/progress/evidence/LOOP1-CLIENT-GUI-001/android-matrix-completion-20261007/a1/screens/auth-ready",
classify	Classify full diff, including deletions	2026-10-07T13:58:36.1914608Z     "spec/progress/evidence/LOOP1-CLIENT-GUI-001/android-matrix-completion-20261007/a1/screens/failure.json",
classify	Classify full diff, including deletions	2026-10-07T13:58:36.1915311Z     "spec/progress/evidence/LOOP1-CLIENT-GUI-001/android-matrix-completion-20261007/a1/screens/failure.png",
classify	Classify full diff, including deletions	2026-10-07T13:58:36.1915992Z     "spec/progress/evidence/LOOP1-CLIENT-GUI-001/android-matrix-completion-20261007/a2/androidruntime.txt",
classify	Classify full diff, including deletions	2026-10-07T13:58:36.1916667Z     "spec/progress/evidence/LOOP1-CLIENT-GUI-001/android-matrix-completion-20261007/a2/auth-lock.txt",
classify	Classify full diff, including deletions	2026-10-07T13:58:36.1917424Z     "spec/progress/evidence/LOOP1-CLIENT-GUI-001/android-matrix-completion-20261007/a2/capture-test-source-reconstructed.kt",
classify	Classify full diff, including deletions	2026-10-07T13:58:36.1918374Z     "spec/progress/evidence/LOOP1-CLIENT-GUI-001/android-matrix-completion-20261007/a2/controls.json",
classify	Classify full diff, including deletions	2026-10-07T13:58:36.1919059Z     "spec/progress/evidence/LOOP1-CLIENT-GUI-001/android-matrix-completion-20261007/a2/instrumentation.txt",
classify	Classify full diff, including deletions	2026-10-07T13:58:36.1919720Z     "spec/progress/evidence/LOOP1-CLIENT-GUI-001/android-matrix-completion-20261007/a2/run.json",
classify	Classify full diff, including deletions	2026-10-07T13:58:36.1920448Z     "spec/progress/evidence/LOOP1-CLIENT-GUI-001/android-matrix-completion-20261007/a2/screens/auth-continue",
classify	Classify full diff, including deletions	2026-10-07T13:58:36.1921448Z     "spec/progress/evidence/LOOP1-CLIENT-GUI-001/android-matrix-completion-20261007/a2/screens/auth-error.json",
classify	Classify full diff, including deletions	2026-10-07T13:58:36.1922182Z     "spec/progress/evidence/LOOP1-CLIENT-GUI-001/android-matrix-completion-20261007/a2/screens/auth-error.png",
classify	Classify full diff, including deletions	2026-10-07T13:58:36.1922902Z     "spec/progress/evidence/LOOP1-CLIENT-GUI-001/android-matrix-completion-20261007/a2/screens/auth-loading.json",
classify	Classify full diff, including deletions	2026-10-07T13:58:36.1923772Z     "spec/progress/evidence/LOOP1-CLIENT-GUI-001/android-matrix-completion-20261007/a2/screens/auth-loading.png",
classify	Classify full diff, including deletions	2026-10-07T13:58:36.1924486Z     "spec/progress/evidence/LOOP1-CLIENT-GUI-001/android-matrix-completion-20261007/a2/screens/auth-ready",
classify	Classify full diff, including deletions	2026-10-07T13:58:36.1925217Z     "spec/progress/evidence/LOOP1-CLIENT-GUI-001/android-matrix-completion-20261007/a2/screens/empty-chat-list.json",
classify	Classify full diff, including deletions	2026-10-07T13:58:36.1925980Z     "spec/progress/evidence/LOOP1-CLIENT-GUI-001/android-matrix-completion-20261007/a2/screens/empty-chat-list.png",
classify	Classify full diff, including deletions	2026-10-07T13:58:36.1926725Z     "spec/progress/evidence/LOOP1-CLIENT-GUI-001/android-matrix-completion-20261007/a2/screens/empty-friends.json",
classify	Classify full diff, including deletions	2026-10-07T13:58:36.1927459Z     "spec/progress/evidence/LOOP1-CLIENT-GUI-001/android-matrix-completion-20261007/a2/screens/empty-friends.png",
classify	Classify full diff, including deletions	2026-10-07T13:58:36.1928174Z     "spec/progress/evidence/LOOP1-CLIENT-GUI-001/android-matrix-completion-20261007/a2/screens/failure.json",
classify	Classify full diff, including deletions	2026-10-07T13:58:36.1928864Z     "spec/progress/evidence/LOOP1-CLIENT-GUI-001/android-matrix-completion-20261007/a2/screens/failure.png",
classify	Classify full diff, including deletions	2026-10-07T13:58:36.1929601Z     "spec/progress/evidence/LOOP1-CLIENT-GUI-001/android-matrix-completion-20261007/a2/screens/friend-not-found.json",
classify	Classify full diff, including deletions	2026-10-07T13:58:36.1930370Z     "spec/progress/evidence/LOOP1-CLIENT-GUI-001/android-matrix-completion-20261007/a2/screens/friend-not-found.png",
classify	Classify full diff, including deletions	2026-10-07T13:58:36.1931337Z     "spec/progress/evidence/LOOP1-CLIENT-GUI-001/android-matrix-completion-20261007/a2/screens/friends-search-loading.json",
classify	Classify full diff, including deletions	2026-10-07T13:58:36.1932163Z     "spec/progress/evidence/LOOP1-CLIENT-GUI-001/android-matrix-completion-20261007/a2/screens/friends-search-loading.png",
classify	Classify full diff, including deletions	2026-10-07T13:58:36.1932984Z     "spec/progress/evidence/LOOP1-CLIENT-GUI-001/android-matrix-completion-20261007/a2/screens/friends-search-success.json",
classify	Classify full diff, including deletions	2026-10-07T13:58:36.1933777Z     "spec/progress/evidence/LOOP1-CLIENT-GUI-001/android-matrix-completion-20261007/a2/screens/friends-search-success.png",
classify	Classify full diff, including deletions	2026-10-07T13:58:36.1934541Z     "spec/progress/evidence/LOOP1-CLIENT-GUI-001/android-matrix-completion-20261007/a2/screens/search-continue",
classify	Classify full diff, including deletions	2026-10-07T13:58:36.1935250Z     "spec/progress/evidence/LOOP1-CLIENT-GUI-001/android-matrix-completion-20261007/a2/screens/search-ready",
classify	Classify full diff, including deletions	2026-10-07T13:58:36.1935940Z     "spec/progress/evidence/LOOP1-CLIENT-GUI-001/android-matrix-completion-20261007/a2/search-lock.txt",
classify	Classify full diff, including deletions	2026-10-07T13:58:36.1936615Z     "spec/progress/evidence/LOOP1-CLIENT-GUI-001/android-matrix-completion-20261007/a3/androidruntime.txt",
classify	Classify full diff, including deletions	2026-10-07T13:58:36.1937283Z     "spec/progress/evidence/LOOP1-CLIENT-GUI-001/android-matrix-completion-20261007/a3/auth-lock.txt",
classify	Classify full diff, including deletions	2026-10-07T13:58:36.1937925Z     "spec/progress/evidence/LOOP1-CLIENT-GUI-001/android-matrix-completion-20261007/a3/controls.json",
classify	Classify full diff, including deletions	2026-10-07T13:58:36.1938585Z     "spec/progress/evidence/LOOP1-CLIENT-GUI-001/android-matrix-completion-20261007/a3/instrumentation.txt",
classify	Classify full diff, including deletions	2026-10-07T13:58:36.1939234Z     "spec/progress/evidence/LOOP1-CLIENT-GUI-001/android-matrix-completion-20261007/a3/run.json",
classify	Classify full diff, including deletions	2026-10-07T13:58:36.1940045Z     "spec/progress/evidence/LOOP1-CLIENT-GUI-001/android-matrix-completion-20261007/a3/screens/auth-continue",
classify	Classify full diff, including deletions	2026-10-07T13:58:36.1940761Z     "spec/progress/evidence/LOOP1-CLIENT-GUI-001/android-matrix-completion-20261007/a3/screens/auth-error.json",
classify	Classify full diff, including deletions	2026-10-07T13:58:36.1941675Z     "spec/progress/evidence/LOOP1-CLIENT-GUI-001/android-matrix-completion-20261007/a3/screens/auth-error.png",
classify	Classify full diff, including deletions	2026-10-07T13:58:36.1942411Z     "spec/progress/evidence/LOOP1-CLIENT-GUI-001/android-matrix-completion-20261007/a3/screens/auth-loading.json",
classify	Classify full diff, including deletions	2026-10-07T13:58:36.1943151Z     "spec/progress/evidence/LOOP1-CLIENT-GUI-001/android-matrix-completion-20261007/a3/screens/auth-loading.png",
classify	Classify full diff, including deletions	2026-10-07T13:58:36.1943857Z     "spec/progress/evidence/LOOP1-CLIENT-GUI-001/android-matrix-completion-20261007/a3/screens/auth-ready",
classify	Classify full diff, including deletions	2026-10-07T13:58:36.1944590Z     "spec/progress/evidence/LOOP1-CLIENT-GUI-001/android-matrix-completion-20261007/a3/screens/cold-ai-22-bottom.json",
classify	Classify full diff, including deletions	2026-10-07T13:58:36.1945512Z     "spec/progress/evidence/LOOP1-CLIENT-GUI-001/android-matrix-completion-20261007/a3/screens/cold-ai-22-bottom.png",
classify	Classify full diff, including deletions	2026-10-07T13:58:36.1946276Z     "spec/progress/evidence/LOOP1-CLIENT-GUI-001/android-matrix-completion-20261007/a3/screens/cold-ai-22-top.json",
classify	Classify full diff, including deletions	2026-10-07T13:58:36.1947018Z     "spec/progress/evidence/LOOP1-CLIENT-GUI-001/android-matrix-completion-20261007/a3/screens/cold-ai-22-top.png",
classify	Classify full diff, including deletions	2026-10-07T13:58:36.1947804Z     "spec/progress/evidence/LOOP1-CLIENT-GUI-001/android-matrix-completion-20261007/a3/screens/cold-friends-22-bottom.json",
classify	Classify full diff, including deletions	2026-10-07T13:58:36.1948618Z     "spec/progress/evidence/LOOP1-CLIENT-GUI-001/android-matrix-completion-20261007/a3/screens/cold-friends-22-bottom.png",
classify	Classify full diff, including deletions	2026-10-07T13:58:36.1949420Z     "spec/progress/evidence/LOOP1-CLIENT-GUI-001/android-matrix-completion-20261007/a3/screens/cold-friends-22-search.json",
classify	Classify full diff, including deletions	2026-10-07T13:58:36.1950215Z     "spec/progress/evidence/LOOP1-CLIENT-GUI-001/android-matrix-completion-20261007/a3/screens/cold-friends-22-search.png",
classify	Classify full diff, including deletions	2026-10-07T13:58:36.1951174Z     "spec/progress/evidence/LOOP1-CLIENT-GUI-001/android-matrix-completion-20261007/a3/screens/cold-plugin-22-bottom.json",
classify	Classify full diff, including deletions	2026-10-07T13:58:36.1951973Z     "spec/progress/evidence/LOOP1-CLIENT-GUI-001/android-matrix-completion-20261007/a3/screens/cold-plugin-22-bottom.png",
classify	Classify full diff, including deletions	2026-10-07T13:58:36.1952762Z     "spec/progress/evidence/LOOP1-CLIENT-GUI-001/android-matrix-completion-20261007/a3/screens/cold-plugin-22-top.json",
classify	Classify full diff, including deletions	2026-10-07T13:58:36.1953541Z     "spec/progress/evidence/LOOP1-CLIENT-GUI-001/android-matrix-completion-20261007/a3/screens/cold-plugin-22-top.png",
classify	Classify full diff, including deletions	2026-10-07T13:58:36.1954301Z     "spec/progress/evidence/LOOP1-CLIENT-GUI-001/android-matrix-completion-20261007/a3/screens/cold-profile-22.json",
classify	Classify full diff, including deletions	2026-10-07T13:58:36.1955043Z     "spec/progress/evidence/LOOP1-CLIENT-GUI-001/android-matrix-completion-20261007/a3/screens/cold-profile-22.png",
classify	Classify full diff, including deletions	2026-10-07T13:58:36.1955817Z     "spec/progress/evidence/LOOP1-CLIENT-GUI-001/android-matrix-completion-20261007/a3/screens/cold-session-22-bottom.json",
classify	Classify full diff, including deletions	2026-10-07T13:58:36.1956630Z     "spec/progress/evidence/LOOP1-CLIENT-GUI-001/android-matrix-completion-20261007/a3/screens/cold-session-22-bottom.png",
classify	Classify full diff, including deletions	2026-10-07T13:58:36.1957427Z     "spec/progress/evidence/LOOP1-CLIENT-GUI-001/android-matrix-completion-20261007/a3/screens/cold-settings-22-top.json",
classify	Classify full diff, including deletions	2026-10-07T13:58:36.1958229Z     "spec/progress/evidence/LOOP1-CLIENT-GUI-001/android-matrix-completion-20261007/a3/screens/cold-settings-22-top.png",
classify	Classify full diff, including deletions	2026-10-07T13:58:36.1959229Z     "spec/progress/evidence/LOOP1-CLIENT-GUI-001/android-matrix-completion-20261007/a3/screens/empty-chat-list.json",
classify	Classify full diff, including deletions	2026-10-07T13:58:36.1959991Z     "spec/progress/evidence/LOOP1-CLIENT-GUI-001/android-matrix-completion-20261007/a3/screens/empty-chat-list.png",
classify	Classify full diff, including deletions	2026-10-07T13:58:36.1960754Z     "spec/progress/evidence/LOOP1-CLIENT-GUI-001/android-matrix-completion-20261007/a3/screens/empty-conversation.json",
classify	Classify full diff, including deletions	2026-10-07T13:58:36.1961756Z     "spec/progress/evidence/LOOP1-CLIENT-GUI-001/android-matrix-completion-20261007/a3/screens/empty-conversation.png",
classify	Classify full diff, including deletions	2026-10-07T13:58:36.1962709Z     "spec/progress/evidence/LOOP1-CLIENT-GUI-001/android-matrix-completion-20261007/a3/screens/empty-friends.json",
classify	Classify full diff, including deletions	2026-10-07T13:58:36.1963463Z     "spec/progress/evidence/LOOP1-CLIENT-GUI-001/android-matrix-completion-20261007/a3/screens/empty-friends.png",
classify	Classify full diff, including deletions	2026-10-07T13:58:36.1964192Z     "spec/progress/evidence/LOOP1-CLIENT-GUI-001/android-matrix-completion-20261007/a3/screens/error-continue",
classify	Classify full diff, including deletions	2026-10-07T13:58:36.1964895Z     "spec/progress/evidence/LOOP1-CLIENT-GUI-001/android-matrix-completion-20261007/a3/screens/error-ready",
classify	Classify full diff, including deletions	2026-10-07T13:58:36.1965623Z     "spec/progress/evidence/LOOP1-CLIENT-GUI-001/android-matrix-completion-20261007/a3/screens/friend-not-found.json",
classify	Classify full diff, including deletions	2026-10-07T13:58:36.1966370Z     "spec/progress/evidence/LOOP1-CLIENT-GUI-001/android-matrix-completion-20261007/a3/screens/friend-not-found.png",
classify	Classify full diff, including deletions	2026-10-07T13:58:36.1967305Z     "spec/progress/evidence/LOOP1-CLIENT-GUI-001/android-matrix-completion-20261007/a3/screens/friends-search-loading.json",
classify	Classify full diff, including deletions	2026-10-07T13:58:36.1968122Z     "spec/progress/evidence/LOOP1-CLIENT-GUI-001/android-matrix-completion-20261007/a3/screens/friends-search-loading.png",
classify	Classify full diff, including deletions	2026-10-07T13:58:36.1968927Z     "spec/progress/evidence/LOOP1-CLIENT-GUI-001/android-matrix-completion-20261007/a3/screens/friends-search-success.json",
classify	Classify full diff, including deletions	2026-10-07T13:58:36.1969713Z     "spec/progress/evidence/LOOP1-CLIENT-GUI-001/android-matrix-completion-20261007/a3/screens/friends-search-success.png",
classify	Classify full diff, including deletions	2026-10-07T13:58:36.1970516Z     "spec/progress/evidence/LOOP1-CLIENT-GUI-001/android-matrix-completion-20261007/a3/screens/friends-transport-error.json",
classify	Classify full diff, including deletions	2026-10-07T13:58:36.1971484Z     "spec/progress/evidence/LOOP1-CLIENT-GUI-001/android-matrix-completion-20261007/a3/screens/friends-transport-error.png",
classify	Classify full diff, including deletions	2026-10-07T13:58:36.1972295Z     "spec/progress/evidence/LOOP1-CLIENT-GUI-001/android-matrix-completion-20261007/a3/screens/registration-22-bottom.json",
classify	Classify full diff, including deletions	2026-10-07T13:58:36.1973116Z     "spec/progress/evidence/LOOP1-CLIENT-GUI-001/android-matrix-completion-20261007/a3/screens/registration-22-bottom.png",
classify	Classify full diff, including deletions	2026-10-07T13:58:36.1973958Z     "spec/progress/evidence/LOOP1-CLIENT-GUI-001/android-matrix-completion-20261007/a3/screens/registration-mismatch-22.json",
classify	Classify full diff, including deletions	2026-10-07T13:58:36.1974780Z     "spec/progress/evidence/LOOP1-CLIENT-GUI-001/android-matrix-completion-20261007/a3/screens/registration-mismatch-22.png",
classify	Classify full diff, including deletions	2026-10-07T13:58:36.1975552Z     "spec/progress/evidence/LOOP1-CLIENT-GUI-001/android-matrix-completion-20261007/a3/screens/restore-continue",
classify	Classify full diff, including deletions	2026-10-07T13:58:36.1976272Z     "spec/progress/evidence/LOOP1-CLIENT-GUI-001/android-matrix-completion-20261007/a3/screens/restore-ready",
classify	Classify full diff, including deletions	2026-10-07T13:58:36.1976986Z     "spec/progress/evidence/LOOP1-CLIENT-GUI-001/android-matrix-completion-20261007/a3/screens/search-continue",
classify	Classify full diff, including deletions	2026-10-07T13:58:36.1977693Z     "spec/progress/evidence/LOOP1-CLIENT-GUI-001/android-matrix-completion-20261007/a3/screens/search-ready",
classify	Classify full diff, including deletions	2026-10-07T13:58:36.1978384Z     "spec/progress/evidence/LOOP1-CLIENT-GUI-001/android-matrix-completion-20261007/a3/screens/sync-continue",
classify	Classify full diff, including deletions	2026-10-07T13:58:36.1979084Z     "spec/progress/evidence/LOOP1-CLIENT-GUI-001/android-matrix-completion-20261007/a3/screens/sync-ready",
classify	Classify full diff, including deletions	2026-10-07T13:58:36.1979817Z     "spec/progress/evidence/LOOP1-CLIENT-GUI-001/android-matrix-completion-20261007/a3/screens/sync-reconnecting.json",
classify	Classify full diff, including deletions	2026-10-07T13:58:36.1980597Z     "spec/progress/evidence/LOOP1-CLIENT-GUI-001/android-matrix-completion-20261007/a3/screens/sync-reconnecting.png",
classify	Classify full diff, including deletions	2026-10-07T13:58:36.1981501Z     "spec/progress/evidence/LOOP1-CLIENT-GUI-001/android-matrix-completion-20261007/a3/screens/warm-ai-22-bottom.json",
classify	Classify full diff, including deletions	2026-10-07T13:58:36.1982259Z     "spec/progress/evidence/LOOP1-CLIENT-GUI-001/android-matrix-completion-20261007/a3/screens/warm-ai-22-bottom.png",
classify	Classify full diff, including deletions	2026-10-07T13:58:36.1983002Z     "spec/progress/evidence/LOOP1-CLIENT-GUI-001/android-matrix-completion-20261007/a3/screens/warm-ai-22-top.json",
classify	Classify full diff, including deletions	2026-10-07T13:58:36.1983748Z     "spec/progress/evidence/LOOP1-CLIENT-GUI-001/android-matrix-completion-20261007/a3/screens/warm-ai-22-top.png",
classify	Classify full diff, including deletions	2026-10-07T13:58:36.1984624Z     "spec/progress/evidence/LOOP1-CLIENT-GUI-001/android-matrix-completion-20261007/a3/screens/warm-ai.json",
classify	Classify full diff, including deletions	2026-10-07T13:58:36.1985324Z     "spec/progress/evidence/LOOP1-CLIENT-GUI-001/android-matrix-completion-20261007/a3/screens/warm-ai.png",
classify	Classify full diff, including deletions	2026-10-07T13:58:36.1986079Z     "spec/progress/evidence/LOOP1-CLIENT-GUI-001/android-matrix-completion-20261007/a3/screens/warm-friends-22-bottom.json",
classify	Classify full diff, including deletions	2026-10-07T13:58:36.1986892Z     "spec/progress/evidence/LOOP1-CLIENT-GUI-001/android-matrix-completion-20261007/a3/screens/warm-friends-22-bottom.png",
classify	Classify full diff, including deletions	2026-10-07T13:58:36.1987693Z     "spec/progress/evidence/LOOP1-CLIENT-GUI-001/android-matrix-completion-20261007/a3/screens/warm-friends-22-search.json",
classify	Classify full diff, including deletions	2026-10-07T13:58:36.1988477Z     "spec/progress/evidence/LOOP1-CLIENT-GUI-001/android-matrix-completion-20261007/a3/screens/warm-friends-22-search.png",
classify	Classify full diff, including deletions	2026-10-07T13:58:36.1989414Z     "spec/progress/evidence/LOOP1-CLIENT-GUI-001/android-matrix-completion-20261007/a3/screens/warm-plugin-22-bottom.json",
classify	Classify full diff, including deletions	2026-10-07T13:58:36.1990260Z     "spec/progress/evidence/LOOP1-CLIENT-GUI-001/android-matrix-completion-20261007/a3/screens/warm-plugin-22-bottom.png",
classify	Classify full diff, including deletions	2026-10-07T13:58:36.1991205Z     "spec/progress/evidence/LOOP1-CLIENT-GUI-001/android-matrix-completion-20261007/a3/screens/warm-plugin-22-top.json",
classify	Classify full diff, including deletions	2026-10-07T13:58:36.1991984Z     "spec/progress/evidence/LOOP1-CLIENT-GUI-001/android-matrix-completion-20261007/a3/screens/warm-plugin-22-top.png",
classify	Classify full diff, including deletions	2026-10-07T13:58:36.1992780Z     "spec/progress/evidence/LOOP1-CLIENT-GUI-001/android-matrix-completion-20261007/a3/screens/warm-plugin.json",
classify	Classify full diff, including deletions	2026-10-07T13:58:36.1993520Z     "spec/progress/evidence/LOOP1-CLIENT-GUI-001/android-matrix-completion-20261007/a3/screens/warm-plugin.png",
classify	Classify full diff, including deletions	2026-10-07T13:58:36.1994273Z     "spec/progress/evidence/LOOP1-CLIENT-GUI-001/android-matrix-completion-20261007/a3/screens/warm-profile-22.json",
classify	Classify full diff, including deletions	2026-10-07T13:58:36.1995031Z     "spec/progress/evidence/LOOP1-CLIENT-GUI-001/android-matrix-completion-20261007/a3/screens/warm-profile-22.png",
classify	Classify full diff, including deletions	2026-10-07T13:58:36.1995816Z     "spec/progress/evidence/LOOP1-CLIENT-GUI-001/android-matrix-completion-20261007/a3/screens/warm-session-22-bottom.json",
classify	Classify full diff, including deletions	2026-10-07T13:58:36.1996620Z     "spec/progress/evidence/LOOP1-CLIENT-GUI-001/android-matrix-completion-20261007/a3/screens/warm-session-22-bottom.png",
classify	Classify full diff, including deletions	2026-10-07T13:58:36.1997414Z     "spec/progress/evidence/LOOP1-CLIENT-GUI-001/android-matrix-completion-20261007/a3/screens/warm-settings-22-top.json",
classify	Classify full diff, including deletions	2026-10-07T13:58:36.1998199Z     "spec/progress/evidence/LOOP1-CLIENT-GUI-001/android-matrix-completion-20261007/a3/screens/warm-settings-22-top.png",
classify	Classify full diff, including deletions	2026-10-07T13:58:36.1998933Z     "spec/progress/evidence/LOOP1-CLIENT-GUI-001/android-matrix-completion-20261007/a3/search-lock.txt",
classify	Classify full diff, including deletions	2026-10-07T13:58:36.1999596Z     "spec/progress/evidence/LOOP1-CLIENT-GUI-001/android-matrix-completion-20261007/a3/sync-lock.txt",
classify	Classify full diff, including deletions	2026-10-07T13:58:36.2000248Z     "spec/progress/evidence/LOOP1-CLIENT-GUI-001/android-matrix-completion-20261007/apk-hashes.json",
classify	Classify full diff, including deletions	2026-10-07T13:58:36.2000886Z     "spec/progress/evidence/LOOP1-CLIENT-GUI-001/android-matrix-completion-20261007/cleanup.json",
classify	Classify full diff, including deletions	2026-10-07T13:58:36.2001743Z     "spec/progress/evidence/LOOP1-CLIENT-GUI-001/android-matrix-completion-20261007/commands.json",
classify	Classify full diff, including deletions	2026-10-07T13:58:36.2002381Z     "spec/progress/evidence/LOOP1-CLIENT-GUI-001/android-matrix-completion-20261007/fix-report.md",
classify	Classify full diff, including deletions	2026-10-07T13:58:36.2003037Z     "spec/progress/evidence/LOOP1-CLIENT-GUI-001/android-matrix-completion-20261007/fixture.stderr.txt",
classify	Classify full diff, including deletions	2026-10-07T13:58:36.2003704Z     "spec/progress/evidence/LOOP1-CLIENT-GUI-001/android-matrix-completion-20261007/fixture.stdout.txt",
classify	Classify full diff, including deletions	2026-10-07T13:58:36.2004349Z     "spec/progress/evidence/LOOP1-CLIENT-GUI-001/android-matrix-completion-20261007/manifest.json",
classify	Classify full diff, including deletions	2026-10-07T13:58:36.2005060Z     "spec/progress/evidence/LOOP1-CLIENT-GUI-001/android-matrix-completion-20261007/private-fixture-harness.py.txt",
classify	Classify full diff, including deletions	2026-10-07T13:58:36.2006038Z     "spec/progress/evidence/LOOP1-CLIENT-GUI-001/android-matrix-completion-20261007/private-next-account.py.txt",
classify	Classify full diff, including deletions	2026-10-07T13:58:36.2006793Z     "spec/progress/evidence/LOOP1-CLIENT-GUI-001/android-matrix-completion-20261007/private-phase-harness.py.txt",
classify	Classify full diff, including deletions	2026-10-07T13:58:36.2007480Z     "spec/progress/evidence/LOOP1-CLIENT-GUI-001/android-matrix-completion-20261007/public.json",
classify	Classify full diff, including deletions	2026-10-07T13:58:36.2008160Z     "spec/progress/evidence/LOOP1-CLIENT-GUI-001/android-matrix-completion-20261007/recorder-validation.json",
classify	Classify full diff, including deletions	2026-10-07T13:58:36.2009042Z     "spec/progress/evidence/LOOP1-CLIENT-GUI-001/android-matrix-completion-20261007/recorder/prompts/P-GUI-ANDROID-MATRIX-FIX-20261007/metadata.json",
classify	Classify full diff, including deletions	2026-10-07T13:58:36.2010026Z     "spec/progress/evidence/LOOP1-CLIENT-GUI-001/android-matrix-completion-20261007/recorder/prompts/P-GUI-ANDROID-MATRIX-FIX-20261007/prompt.txt",
classify	Classify full diff, including deletions	2026-10-07T13:58:36.2011300Z     "spec/progress/evidence/LOOP1-CLIENT-GUI-001/android-matrix-completion-20261007/recorder/runs/R-GUI-ANDROID-MATRIX-FIX-20261007/blobs/C-040cb1be-6390-4d60-8488-af3121cc9c8f.stderr.txt",
classify	Classify full diff, including deletions	2026-10-07T13:58:36.2012673Z     "spec/progress/evidence/LOOP1-CLIENT-GUI-001/android-matrix-completion-20261007/recorder/runs/R-GUI-ANDROID-MATRIX-FIX-20261007/blobs/C-040cb1be-6390-4d60-8488-af3121cc9c8f.stdout.txt",
classify	Classify full diff, including deletions	2026-10-07T13:58:36.2013888Z     "spec/progress/evidence/LOOP1-CLIENT-GUI-001/android-matrix-completion-20261007/recorder/runs/R-GUI-ANDROID-MATRIX-FIX-20261007/blobs/C-0a3a09a4-23f7-4f2f-a57b-a87e693e46df.stderr.txt",
classify	Classify full diff, including deletions	2026-10-07T13:58:36.2015100Z     "spec/progress/evidence/LOOP1-CLIENT-GUI-001/android-matrix-completion-20261007/recorder/runs/R-GUI-ANDROID-MATRIX-FIX-20261007/blobs/C-0a3a09a4-23f7-4f2f-a57b-a87e693e46df.stdout.txt",
classify	Classify full diff, including deletions	2026-10-07T13:58:36.2016296Z     "spec/progress/evidence/LOOP1-CLIENT-GUI-001/android-matrix-completion-20261007/recorder/runs/R-GUI-ANDROID-MATRIX-FIX-20261007/blobs/C-0f92e725-07eb-458d-bf3e-9920079a3173.stderr.txt",
classify	Classify full diff, including deletions	2026-10-07T13:58:36.2017496Z     "spec/progress/evidence/LOOP1-CLIENT-GUI-001/android-matrix-completion-20261007/recorder/runs/R-GUI-ANDROID-MATRIX-FIX-20261007/blobs/C-0f92e725-07eb-458d-bf3e-9920079a3173.stdout.txt",
classify	Classify full diff, including deletions	2026-10-07T13:58:36.2018688Z     "spec/progress/evidence/LOOP1-CLIENT-GUI-001/android-matrix-completion-20261007/recorder/runs/R-GUI-ANDROID-MATRIX-FIX-20261007/blobs/C-12d5e520-2b4e-4833-a8b5-4880a0687556.stderr.txt",
classify	Classify full diff, including deletions	2026-10-07T13:58:36.2019882Z     "spec/progress/evidence/LOOP1-CLIENT-GUI-001/android-matrix-completion-20261007/recorder/runs/R-GUI-ANDROID-MATRIX-FIX-20261007/blobs/C-12d5e520-2b4e-4833-a8b5-4880a0687556.stdout.txt",
classify	Classify full diff, including deletions	2026-10-07T13:58:36.2021241Z     "spec/progress/evidence/LOOP1-CLIENT-GUI-001/android-matrix-completion-20261007/recorder/runs/R-GUI-ANDROID-MATRIX-FIX-20261007/blobs/C-1a1d58dc-5544-4a9d-8e72-8f2908719c67.stderr.txt",
classify	Classify full diff, including deletions	2026-10-07T13:58:36.2022455Z     "spec/progress/evidence/LOOP1-CLIENT-GUI-001/android-matrix-completion-20261007/recorder/runs/R-GUI-ANDROID-MATRIX-FIX-20261007/blobs/C-1a1d58dc-5544-4a9d-8e72-8f2908719c67.stdout.txt",
classify	Classify full diff, including deletions	2026-10-07T13:58:36.2023663Z     "spec/progress/evidence/LOOP1-CLIENT-GUI-001/android-matrix-completion-20261007/recorder/runs/R-GUI-ANDROID-MATRIX-FIX-20261007/blobs/C-268d3988-79f2-4695-a57a-c1ba800a63d6.stderr.txt",
classify	Classify full diff, including deletions	2026-10-07T13:58:36.2024850Z     "spec/progress/evidence/LOOP1-CLIENT-GUI-001/android-matrix-completion-20261007/recorder/runs/R-GUI-ANDROID-MATRIX-FIX-20261007/blobs/C-268d3988-79f2-4695-a57a-c1ba800a63d6.stdout.txt",
classify	Classify full diff, including deletions	2026-10-07T13:58:36.2026038Z     "spec/progress/evidence/LOOP1-CLIENT-GUI-001/android-matrix-completion-20261007/recorder/runs/R-GUI-ANDROID-MATRIX-FIX-20261007/blobs/C-290ba9e4-5479-4c76-b949-16314ab57956.stderr.txt",
classify	Classify full diff, including deletions	2026-10-07T13:58:36.2027234Z     "spec/progress/evidence/LOOP1-CLIENT-GUI-001/android-matrix-completion-20261007/recorder/runs/R-GUI-ANDROID-MATRIX-FIX-20261007/blobs/C-290ba9e4-5479-4c76-b949-16314ab57956.stdout.txt",
classify	Classify full diff, including deletions	2026-10-07T13:58:36.2028422Z     "spec/progress/evidence/LOOP1-CLIENT-GUI-001/android-matrix-completion-20261007/recorder/runs/R-GUI-ANDROID-MATRIX-FIX-20261007/blobs/C-38b0c741-a388-4067-8ff6-53ccd1e784d7.stderr.txt",
classify	Classify full diff, including deletions	2026-10-07T13:58:36.2029777Z     "spec/progress/evidence/LOOP1-CLIENT-GUI-001/android-matrix-completion-20261007/recorder/runs/R-GUI-ANDROID-MATRIX-FIX-20261007/blobs/C-38b0c741-a388-4067-8ff6-53ccd1e784d7.stdout.txt",
classify	Classify full diff, including deletions	2026-10-07T13:58:36.2031124Z     "spec/progress/evidence/LOOP1-CLIENT-GUI-001/android-matrix-completion-20261007/recorder/runs/R-GUI-ANDROID-MATRIX-FIX-20261007/blobs/C-3a03cf49-562e-45fb-bdc3-59a584151d95.stderr.txt",
classify	Classify full diff, including deletions	2026-10-07T13:58:36.2032357Z     "spec/progress/evidence/LOOP1-CLIENT-GUI-001/android-matrix-completion-20261007/recorder/runs/R-GUI-ANDROID-MATRIX-FIX-20261007/blobs/C-3a03cf49-562e-45fb-bdc3-59a584151d95.stdout.txt",
classify	Classify full diff, including deletions	2026-10-07T13:58:36.2033573Z     "spec/progress/evidence/LOOP1-CLIENT-GUI-001/android-matrix-completion-20261007/recorder/runs/R-GUI-ANDROID-MATRIX-FIX-20261007/blobs/C-3fc58792-f07e-4155-a386-b9194dd95b2c.stderr.txt",
classify	Classify full diff, including deletions	2026-10-07T13:58:36.2034954Z     "spec/progress/evidence/LOOP1-CLIENT-GUI-001/android-matrix-completion-20261007/recorder/runs/R-GUI-ANDROID-MATRIX-FIX-20261007/blobs/C-3fc58792-f07e-4155-a386-b9194dd95b2c.stdout.txt",
classify	Classify full diff, including deletions	2026-10-07T13:58:36.2036209Z     "spec/progress/evidence/LOOP1-CLIENT-GUI-001/android-matrix-completion-20261007/recorder/runs/R-GUI-ANDROID-MATRIX-FIX-20261007/blobs/C-41f0acd6-e06c-4381-b6b4-eaf10f762164.stderr.txt",
classify	Classify full diff, including deletions	2026-10-07T13:58:36.2037421Z     "spec/progress/evidence/LOOP1-CLIENT-GUI-001/android-matrix-completion-20261007/recorder/runs/R-GUI-ANDROID-MATRIX-FIX-20261007/blobs/C-41f0acd6-e06c-4381-b6b4-eaf10f762164.stdout.txt",
classify	Classify full diff, including deletions	2026-10-07T13:58:36.2038620Z     "spec/progress/evidence/LOOP1-CLIENT-GUI-001/android-matrix-completion-20261007/recorder/runs/R-GUI-ANDROID-MATRIX-FIX-20261007/blobs/C-43b9bdb0-ad04-4bb9-9546-f10b37914ab5.stderr.txt",
classify	Classify full diff, including deletions	2026-10-07T13:58:36.2039826Z     "spec/progress/evidence/LOOP1-CLIENT-GUI-001/android-matrix-completion-20261007/recorder/runs/R-GUI-ANDROID-MATRIX-FIX-20261007/blobs/C-43b9bdb0-ad04-4bb9-9546-f10b37914ab5.stdout.txt",
classify	Classify full diff, including deletions	2026-10-07T13:58:36.2041218Z     "spec/progress/evidence/LOOP1-CLIENT-GUI-001/android-matrix-completion-20261007/recorder/runs/R-GUI-ANDROID-MATRIX-FIX-20261007/blobs/C-48257b20-43d5-4bc8-9f16-c7cb3ca3dc0d.stderr.txt",
classify	Classify full diff, including deletions	2026-10-07T13:58:36.2042440Z     "spec/progress/evidence/LOOP1-CLIENT-GUI-001/android-matrix-completion-20261007/recorder/runs/R-GUI-ANDROID-MATRIX-FIX-20261007/blobs/C-48257b20-43d5-4bc8-9f16-c7cb3ca3dc0d.stdout.txt",
classify	Classify full diff, including deletions	2026-10-07T13:58:36.2043641Z     "spec/progress/evidence/LOOP1-CLIENT-GUI-001/android-matrix-completion-20261007/recorder/runs/R-GUI-ANDROID-MATRIX-FIX-20261007/blobs/C-4fe0e134-f2ad-47c6-9324-cc792e74dabc.stderr.txt",
classify	Classify full diff, including deletions	2026-10-07T13:58:36.2044848Z     "spec/progress/evidence/LOOP1-CLIENT-GUI-001/android-matrix-completion-20261007/recorder/runs/R-GUI-ANDROID-MATRIX-FIX-20261007/blobs/C-4fe0e134-f2ad-47c6-9324-cc792e74dabc.stdout.txt",
classify	Classify full diff, including deletions	2026-10-07T13:58:36.2046042Z     "spec/progress/evidence/LOOP1-CLIENT-GUI-001/android-matrix-completion-20261007/recorder/runs/R-GUI-ANDROID-MATRIX-FIX-20261007/blobs/C-595361d5-39d6-430b-be46-5d28512e6f38.stderr.txt",
classify	Classify full diff, including deletions	2026-10-07T13:58:36.2047236Z     "spec/progress/evidence/LOOP1-CLIENT-GUI-001/android-matrix-completion-20261007/recorder/runs/R-GUI-ANDROID-MATRIX-FIX-20261007/blobs/C-595361d5-39d6-430b-be46-5d28512e6f38.stdout.txt",
classify	Classify full diff, including deletions	2026-10-07T13:58:36.2048429Z     "spec/progress/evidence/LOOP1-CLIENT-GUI-001/android-matrix-completion-20261007/recorder/runs/R-GUI-ANDROID-MATRIX-FIX-20261007/blobs/C-7e81ffee-f048-410b-9c3f-acabb533440b.stderr.txt",
classify	Classify full diff, including deletions	2026-10-07T13:58:36.2049636Z     "spec/progress/evidence/LOOP1-CLIENT-GUI-001/android-matrix-completion-20261007/recorder/runs/R-GUI-ANDROID-MATRIX-FIX-20261007/blobs/C-7e81ffee-f048-410b-9c3f-acabb533440b.stdout.txt",
classify	Classify full diff, including deletions	2026-10-07T13:58:36.2050850Z     "spec/progress/evidence/LOOP1-CLIENT-GUI-001/android-matrix-completion-20261007/recorder/runs/R-GUI-ANDROID-MATRIX-FIX-20261007/blobs/C-852243cd-0864-4c2b-a774-4c739d1d28e6.stderr.txt",
classify	Classify full diff, including deletions	2026-10-07T13:58:36.2052251Z     "spec/progress/evidence/LOOP1-CLIENT-GUI-001/android-matrix-completion-20261007/recorder/runs/R-GUI-ANDROID-MATRIX-FIX-20261007/blobs/C-852243cd-0864-4c2b-a774-4c739d1d28e6.stdout.txt",
classify	Classify full diff, including deletions	2026-10-07T13:58:36.2053703Z     "spec/progress/evidence/LOOP1-CLIENT-GUI-001/android-matrix-completion-20261007/recorder/runs/R-GUI-ANDROID-MATRIX-FIX-20261007/blobs/C-85a0a2a7-f380-46a1-a182-df327add1e77.stderr.txt",
classify	Classify full diff, including deletions	2026-10-07T13:58:36.2054923Z     "spec/progress/evidence/LOOP1-CLIENT-GUI-001/android-matrix-completion-20261007/recorder/runs/R-GUI-ANDROID-MATRIX-FIX-20261007/blobs/C-85a0a2a7-f380-46a1-a182-df327add1e77.stdout.txt",
classify	Classify full diff, including deletions	2026-10-07T13:58:36.2056154Z     "spec/progress/evidence/LOOP1-CLIENT-GUI-001/android-matrix-completion-20261007/recorder/runs/R-GUI-ANDROID-MATRIX-FIX-20261007/blobs/C-87fea6bc-ef05-4bcc-b0a9-b577a5a6547d.stderr.txt",
classify	Classify full diff, including deletions	2026-10-07T13:58:36.2057391Z     "spec/progress/evidence/LOOP1-CLIENT-GUI-001/android-matrix-completion-20261007/recorder/runs/R-GUI-ANDROID-MATRIX-FIX-20261007/blobs/C-87fea6bc-ef05-4bcc-b0a9-b577a5a6547d.stdout.txt",
classify	Classify full diff, including deletions	2026-10-07T13:58:36.2058729Z     "spec/progress/evidence/LOOP1-CLIENT-GUI-001/android-matrix-completion-20261007/recorder/runs/R-GUI-ANDROID-MATRIX-FIX-20261007/blobs/C-8a4e7873-cdd4-4695-b919-6146994167f3.stderr.txt",
classify	Classify full diff, including deletions	2026-10-07T13:58:36.2059921Z     "spec/progress/evidence/LOOP1-CLIENT-GUI-001/android-matrix-completion-20261007/recorder/runs/R-GUI-ANDROID-MATRIX-FIX-20261007/blobs/C-8a4e7873-cdd4-4695-b919-6146994167f3.stdout.txt",
classify	Classify full diff, including deletions	2026-10-07T13:58:36.2061277Z     "spec/progress/evidence/LOOP1-CLIENT-GUI-001/android-matrix-completion-20261007/recorder/runs/R-GUI-ANDROID-MATRIX-FIX-20261007/blobs/C-8fa5e116-62dd-4dbf-bc9e-4d6f9c733124.stderr.txt",
classify	Classify full diff, including deletions	2026-10-07T13:58:36.2062495Z     "spec/progress/evidence/LOOP1-CLIENT-GUI-001/android-matrix-completion-20261007/recorder/runs/R-GUI-ANDROID-MATRIX-FIX-20261007/blobs/C-8fa5e116-62dd-4dbf-bc9e-4d6f9c733124.stdout.txt",
classify	Classify full diff, including deletions	2026-10-07T13:58:36.2063701Z     "spec/progress/evidence/LOOP1-CLIENT-GUI-001/android-matrix-completion-20261007/recorder/runs/R-GUI-ANDROID-MATRIX-FIX-20261007/blobs/C-908b3239-4a91-4771-b6ac-f8c97b51b8fe.stderr.txt",
classify	Classify full diff, including deletions	2026-10-07T13:58:36.2064920Z     "spec/progress/evidence/LOOP1-CLIENT-GUI-001/android-matrix-completion-20261007/recorder/runs/R-GUI-ANDROID-MATRIX-FIX-20261007/blobs/C-908b3239-4a91-4771-b6ac-f8c97b51b8fe.stdout.txt",
classify	Classify full diff, including deletions	2026-10-07T13:58:36.2066113Z     "spec/progress/evidence/LOOP1-CLIENT-GUI-001/android-matrix-completion-20261007/recorder/runs/R-GUI-ANDROID-MATRIX-FIX-20261007/blobs/C-972786a7-7301-4f3b-b0d8-dff4324f8166.stderr.txt",
classify	Classify full diff, including deletions	2026-10-07T13:58:36.2067303Z     "spec/progress/evidence/LOOP1-CLIENT-GUI-001/android-matrix-completion-20261007/recorder/runs/R-GUI-ANDROID-MATRIX-FIX-20261007/blobs/C-972786a7-7301-4f3b-b0d8-dff4324f8166.stdout.txt",
classify	Classify full diff, including deletions	2026-10-07T13:58:36.2068493Z     "spec/progress/evidence/LOOP1-CLIENT-GUI-001/android-matrix-completion-20261007/recorder/runs/R-GUI-ANDROID-MATRIX-FIX-20261007/blobs/C-9a1411d1-0d90-402b-8e48-801593aa8f20.stderr.txt",
classify	Classify full diff, including deletions	2026-10-07T13:58:36.2069692Z     "spec/progress/evidence/LOOP1-CLIENT-GUI-001/android-matrix-completion-20261007/recorder/runs/R-GUI-ANDROID-MATRIX-FIX-20261007/blobs/C-9a1411d1-0d90-402b-8e48-801593aa8f20.stdout.txt",
classify	Classify full diff, including deletions	2026-10-07T13:58:36.2070889Z     "spec/progress/evidence/LOOP1-CLIENT-GUI-001/android-matrix-completion-20261007/recorder/runs/R-GUI-ANDROID-MATRIX-FIX-20261007/blobs/C-9ff7aa5d-4f4f-473d-ac85-8b20ccd5062e.stderr.txt",
classify	Classify full diff, including deletions	2026-10-07T13:58:36.2072274Z     "spec/progress/evidence/LOOP1-CLIENT-GUI-001/android-matrix-completion-20261007/recorder/runs/R-GUI-ANDROID-MATRIX-FIX-20261007/blobs/C-9ff7aa5d-4f4f-473d-ac85-8b20ccd5062e.stdout.txt",
classify	Classify full diff, including deletions	2026-10-07T13:58:36.2073491Z     "spec/progress/evidence/LOOP1-CLIENT-GUI-001/android-matrix-completion-20261007/recorder/runs/R-GUI-ANDROID-MATRIX-FIX-20261007/blobs/C-a2aae090-badc-494c-a00e-0e082ac634a5.stderr.txt",
classify	Classify full diff, including deletions	2026-10-07T13:58:36.2074700Z     "spec/progress/evidence/LOOP1-CLIENT-GUI-001/android-matrix-completion-20261007/recorder/runs/R-GUI-ANDROID-MATRIX-FIX-20261007/blobs/C-a2aae090-badc-494c-a00e-0e082ac634a5.stdout.txt",
classify	Classify full diff, including deletions	2026-10-07T13:58:36.2076058Z     "spec/progress/evidence/LOOP1-CLIENT-GUI-001/android-matrix-completion-20261007/recorder/runs/R-GUI-ANDROID-MATRIX-FIX-20261007/blobs/C-ab32c667-eec1-4f28-bbb6-1995258066c7.stderr.txt",
classify	Classify full diff, including deletions	2026-10-07T13:58:36.2077257Z     "spec/progress/evidence/LOOP1-CLIENT-GUI-001/android-matrix-completion-20261007/recorder/runs/R-GUI-ANDROID-MATRIX-FIX-20261007/blobs/C-ab32c667-eec1-4f28-bbb6-1995258066c7.stdout.txt",
classify	Classify full diff, including deletions	2026-10-07T13:58:36.2078456Z     "spec/progress/evidence/LOOP1-CLIENT-GUI-001/android-matrix-completion-20261007/recorder/runs/R-GUI-ANDROID-MATRIX-FIX-20261007/blobs/C-b4ba1ca2-716f-4c7b-8ee9-2dbfd257065f.stderr.txt",
classify	Classify full diff, including deletions	2026-10-07T13:58:36.2079654Z     "spec/progress/evidence/LOOP1-CLIENT-GUI-001/android-matrix-completion-20261007/recorder/runs/R-GUI-ANDROID-MATRIX-FIX-20261007/blobs/C-b4ba1ca2-716f-4c7b-8ee9-2dbfd257065f.stdout.txt",
classify	Classify full diff, including deletions	2026-10-07T13:58:36.2080856Z     "spec/progress/evidence/LOOP1-CLIENT-GUI-001/android-matrix-completion-20261007/recorder/runs/R-GUI-ANDROID-MATRIX-FIX-20261007/blobs/C-b6b5b5d3-1e53-4b54-b3c1-3d1284820adb.stderr.txt",
classify	Classify full diff, including deletions	2026-10-07T13:58:36.2082421Z     "spec/progress/evidence/LOOP1-CLIENT-GUI-001/android-matrix-completion-20261007/recorder/runs/R-GUI-ANDROID-MATRIX-FIX-20261007/blobs/C-b6b5b5d3-1e53-4b54-b3c1-3d1284820adb.stdout.txt",
classify	Classify full diff, including deletions	2026-10-07T13:58:36.2083644Z     "spec/progress/evidence/LOOP1-CLIENT-GUI-001/android-matrix-completion-20261007/recorder/runs/R-GUI-ANDROID-MATRIX-FIX-20261007/blobs/C-baf2d586-1d4c-4d55-8b0c-77eb746aa9b4.stderr.txt",
classify	Classify full diff, including deletions	2026-10-07T13:58:36.2084845Z     "spec/progress/evidence/LOOP1-CLIENT-GUI-001/android-matrix-completion-20261007/recorder/runs/R-GUI-ANDROID-MATRIX-FIX-20261007/blobs/C-baf2d586-1d4c-4d55-8b0c-77eb746aa9b4.stdout.txt",
classify	Classify full diff, including deletions	2026-10-07T13:58:36.2086050Z     "spec/progress/evidence/LOOP1-CLIENT-GUI-001/android-matrix-completion-20261007/recorder/runs/R-GUI-ANDROID-MATRIX-FIX-20261007/blobs/C-bd59f85e-66ad-43dd-9613-c2daa674ad98.stderr.txt",
classify	Classify full diff, including deletions	2026-10-07T13:58:36.2087263Z     "spec/progress/evidence/LOOP1-CLIENT-GUI-001/android-matrix-completion-20261007/recorder/runs/R-GUI-ANDROID-MATRIX-FIX-20261007/blobs/C-bd59f85e-66ad-43dd-9613-c2daa674ad98.stdout.txt",
classify	Classify full diff, including deletions	2026-10-07T13:58:36.2088472Z     "spec/progress/evidence/LOOP1-CLIENT-GUI-001/android-matrix-completion-20261007/recorder/runs/R-GUI-ANDROID-MATRIX-FIX-20261007/blobs/C-c28cbb10-15a9-49a4-ba9c-a2b2269cf426.stderr.txt",
classify	Classify full diff, including deletions	2026-10-07T13:58:36.2089710Z     "spec/progress/evidence/LOOP1-CLIENT-GUI-001/android-matrix-completion-20261007/recorder/runs/R-GUI-ANDROID-MATRIX-FIX-20261007/blobs/C-c28cbb10-15a9-49a4-ba9c-a2b2269cf426.stdout.txt",
classify	Classify full diff, including deletions	2026-10-07T13:58:36.2091128Z     "spec/progress/evidence/LOOP1-CLIENT-GUI-001/android-matrix-completion-20261007/recorder/runs/R-GUI-ANDROID-MATRIX-FIX-20261007/blobs/C-cb2744f9-5b0b-4e4b-bf65-7515ef56f66c.stderr.txt",
classify	Classify full diff, including deletions	2026-10-07T13:58:36.2092352Z     "spec/progress/evidence/LOOP1-CLIENT-GUI-001/android-matrix-completion-20261007/recorder/runs/R-GUI-ANDROID-MATRIX-FIX-20261007/blobs/C-cb2744f9-5b0b-4e4b-bf65-7515ef56f66c.stdout.txt",
classify	Classify full diff, including deletions	2026-10-07T13:58:36.2093571Z     "spec/progress/evidence/LOOP1-CLIENT-GUI-001/android-matrix-completion-20261007/recorder/runs/R-GUI-ANDROID-MATRIX-FIX-20261007/blobs/C-cf26f58e-5976-4ad4-9e43-a9730ccc5dd4.stderr.txt",
classify	Classify full diff, including deletions	2026-10-07T13:58:36.2094768Z     "spec/progress/evidence/LOOP1-CLIENT-GUI-001/android-matrix-completion-20261007/recorder/runs/R-GUI-ANDROID-MATRIX-FIX-20261007/blobs/C-cf26f58e-5976-4ad4-9e43-a9730ccc5dd4.stdout.txt",
classify	Classify full diff, including deletions	2026-10-07T13:58:36.2095967Z     "spec/progress/evidence/LOOP1-CLIENT-GUI-001/android-matrix-completion-20261007/recorder/runs/R-GUI-ANDROID-MATRIX-FIX-20261007/blobs/C-cfdc8106-e235-428b-9aaf-6d32a2c8c656.stderr.txt",
classify	Classify full diff, including deletions	2026-10-07T13:58:36.2097165Z     "spec/progress/evidence/LOOP1-CLIENT-GUI-001/android-matrix-completion-20261007/recorder/runs/R-GUI-ANDROID-MATRIX-FIX-20261007/blobs/C-cfdc8106-e235-428b-9aaf-6d32a2c8c656.stdout.txt",
classify	Classify full diff, including deletions	2026-10-07T13:58:36.2098361Z     "spec/progress/evidence/LOOP1-CLIENT-GUI-001/android-matrix-completion-20261007/recorder/runs/R-GUI-ANDROID-MATRIX-FIX-20261007/blobs/C-e50e3208-578c-40ba-a986-0ffcef1ed2c5.stderr.txt",
classify	Classify full diff, including deletions	2026-10-07T13:58:36.2099753Z     "spec/progress/evidence/LOOP1-CLIENT-GUI-001/android-matrix-completion-20261007/recorder/runs/R-GUI-ANDROID-MATRIX-FIX-20261007/blobs/C-e50e3208-578c-40ba-a986-0ffcef1ed2c5.stdout.txt",
classify	Classify full diff, including deletions	2026-10-07T13:58:36.2101119Z     "spec/progress/evidence/LOOP1-CLIENT-GUI-001/android-matrix-completion-20261007/recorder/runs/R-GUI-ANDROID-MATRIX-FIX-20261007/blobs/C-e9e57fca-cf25-4674-a24d-a03246513953.stderr.txt",
classify	Classify full diff, including deletions	2026-10-07T13:58:36.2102371Z     "spec/progress/evidence/LOOP1-CLIENT-GUI-001/android-matrix-completion-20261007/recorder/runs/R-GUI-ANDROID-MATRIX-FIX-20261007/blobs/C-e9e57fca-cf25-4674-a24d-a03246513953.stdout.txt",
classify	Classify full diff, including deletions	2026-10-07T13:58:36.2103583Z     "spec/progress/evidence/LOOP1-CLIENT-GUI-001/android-matrix-completion-20261007/recorder/runs/R-GUI-ANDROID-MATRIX-FIX-20261007/blobs/C-eb75480e-8419-470d-9cfb-e87d61156675.stderr.txt",
classify	Classify full diff, including deletions	2026-10-07T13:58:36.2104915Z     "spec/progress/evidence/LOOP1-CLIENT-GUI-001/android-matrix-completion-20261007/recorder/runs/R-GUI-ANDROID-MATRIX-FIX-20261007/blobs/C-eb75480e-8419-470d-9cfb-e87d61156675.stdout.txt",
classify	Classify full diff, including deletions	2026-10-07T13:58:36.2106125Z     "spec/progress/evidence/LOOP1-CLIENT-GUI-001/android-matrix-completion-20261007/recorder/runs/R-GUI-ANDROID-MATRIX-FIX-20261007/blobs/C-f049c263-783b-415c-9906-8e1299c94cd4.stderr.txt",
classify	Classify full diff, including deletions	2026-10-07T13:58:36.2107314Z     "spec/progress/evidence/LOOP1-CLIENT-GUI-001/android-matrix-completion-20261007/recorder/runs/R-GUI-ANDROID-MATRIX-FIX-20261007/blobs/C-f049c263-783b-415c-9906-8e1299c94cd4.stdout.txt",
classify	Classify full diff, including deletions	2026-10-07T13:58:36.2108505Z     "spec/progress/evidence/LOOP1-CLIENT-GUI-001/android-matrix-completion-20261007/recorder/runs/R-GUI-ANDROID-MATRIX-FIX-20261007/blobs/C-fd8abe00-e60b-4573-90e0-f70e696ff9fc.stderr.txt",
classify	Classify full diff, including deletions	2026-10-07T13:58:36.2109706Z     "spec/progress/evidence/LOOP1-CLIENT-GUI-001/android-matrix-completion-20261007/recorder/runs/R-GUI-ANDROID-MATRIX-FIX-20261007/blobs/C-fd8abe00-e60b-4573-90e0-f70e696ff9fc.stdout.txt",
classify	Classify full diff, including deletions	2026-10-07T13:58:36.2110919Z     "spec/progress/evidence/LOOP1-CLIENT-GUI-001/android-matrix-completion-20261007/recorder/runs/R-GUI-ANDROID-MATRIX-FIX-20261007/blobs/C-feca4f62-7070-4d6b-9bb2-5e3eb8f78f73.stderr.txt",
classify	Classify full diff, including deletions	2026-10-07T13:58:36.2112325Z     "spec/progress/evidence/LOOP1-CLIENT-GUI-001/android-matrix-completion-20261007/recorder/runs/R-GUI-ANDROID-MATRIX-FIX-20261007/blobs/C-feca4f62-7070-4d6b-9bb2-5e3eb8f78f73.stdout.txt",
classify	Classify full diff, including deletions	2026-10-07T13:58:36.2113410Z     "spec/progress/evidence/LOOP1-CLIENT-GUI-001/android-matrix-completion-20261007/recorder/runs/R-GUI-ANDROID-MATRIX-FIX-20261007/diff.patch",
classify	Classify full diff, including deletions	2026-10-07T13:58:36.2114382Z     "spec/progress/evidence/LOOP1-CLIENT-GUI-001/android-matrix-completion-20261007/recorder/runs/R-GUI-ANDROID-MATRIX-FIX-20261007/events.jsonl",
classify	Classify full diff, including deletions	2026-10-07T13:58:36.2115353Z     "spec/progress/evidence/LOOP1-CLIENT-GUI-001/android-matrix-completion-20261007/recorder/runs/R-GUI-ANDROID-MATRIX-FIX-20261007/final_state.json",
classify	Classify full diff, including deletions	2026-10-07T13:58:36.2116346Z     "spec/progress/evidence/LOOP1-CLIENT-GUI-001/android-matrix-completion-20261007/recorder/runs/R-GUI-ANDROID-MATRIX-FIX-20261007/initial_state.json",
classify	Classify full diff, including deletions	2026-10-07T13:58:36.2117331Z     "spec/progress/evidence/LOOP1-CLIENT-GUI-001/android-matrix-completion-20261007/recorder/runs/R-GUI-ANDROID-MATRIX-FIX-20261007/metadata.json",
classify	Classify full diff, including deletions	2026-10-07T13:58:36.2118281Z     "spec/progress/evidence/LOOP1-CLIENT-GUI-001/android-matrix-completion-20261007/recorder/runs/R-GUI-ANDROID-MATRIX-FIX-20261007/summary.json",
classify	Classify full diff, including deletions	2026-10-07T13:58:36.2119108Z     "spec/progress/evidence/LOOP1-CLIENT-GUI-001/android-matrix-completion-20261007/rollback-apk-hash.json",
classify	Classify full diff, including deletions	2026-10-07T13:58:36.2119799Z     "spec/progress/evidence/LOOP1-CLIENT-GUI-001/android-matrix-completion-20261007/rollback-tls.txt",
classify	Classify full diff, including deletions	2026-10-07T13:58:36.2120450Z     "spec/progress/evidence/LOOP1-CLIENT-GUI-001/android-matrix-completion-20261007/rollback.json",
classify	Classify full diff, including deletions	2026-10-07T13:58:36.2121317Z     "spec/progress/evidence/LOOP1-CLIENT-GUI-001/android-matrix-completion-20261007/test-source-at-capture.kt",
classify	Classify full diff, including deletions	2026-10-07T13:58:36.2122175Z     "spec/progress/evidence/LOOP1-CLIENT-GUI-001/android-matrix-completion-20261007/tls-identity.json",
classify	Classify full diff, including deletions	2026-10-07T13:58:36.2122889Z     "spec/progress/evidence/LOOP1-CLIENT-GUI-001/android-review-resume-20261007/completion-review/bindings.json",
classify	Classify full diff, including deletions	2026-10-07T13:58:36.2123622Z     "spec/progress/evidence/LOOP1-CLIENT-GUI-001/android-review-resume-20261007/completion-review/commands.json",
classify	Classify full diff, including deletions	2026-10-07T13:58:36.2124332Z     "spec/progress/evidence/LOOP1-CLIENT-GUI-001/android-review-resume-20261007/completion-review/coverage.json",
classify	Classify full diff, including deletions	2026-10-07T13:58:36.2125090Z     "spec/progress/evidence/LOOP1-CLIENT-GUI-001/android-review-resume-20261007/completion-review/recorder-validation.json",
classify	Classify full diff, including deletions	2026-10-07T13:58:36.2125849Z     "spec/progress/evidence/LOOP1-CLIENT-GUI-001/android-review-resume-20261007/completion-review/report.md",
classify	Classify full diff, including deletions	2026-10-07T13:58:36.2126518Z     "spec/progress/evidence/LOOP1-CLIENT-GUI-001/android-review-resume-20261007/continuation.md",
classify	Classify full diff, including deletions	2026-10-07T13:58:36.2127351Z     "spec/progress/evidence/LOOP1-CLIENT-GUI-001/android-review-resume-20261007/final-review/acceptance-result.json",
classify	Classify full diff, including deletions	2026-10-07T13:58:36.2128087Z     "spec/progress/evidence/LOOP1-CLIENT-GUI-001/android-review-resume-20261007/final-review/bindings.json",
classify	Classify full diff, including deletions	2026-10-07T13:58:36.2128773Z     "spec/progress/evidence/LOOP1-CLIENT-GUI-001/android-review-resume-20261007/final-review/commands.json",
classify	Classify full diff, including deletions	2026-10-07T13:58:36.2129443Z     "spec/progress/evidence/LOOP1-CLIENT-GUI-001/android-review-resume-20261007/final-review/coverage.json",
classify	Classify full diff, including deletions	2026-10-07T13:58:36.2130126Z     "spec/progress/evidence/LOOP1-CLIENT-GUI-001/android-review-resume-20261007/final-review/provenance.json",
classify	Classify full diff, including deletions	2026-10-07T13:58:36.2130821Z     "spec/progress/evidence/LOOP1-CLIENT-GUI-001/android-review-resume-20261007/final-review/readiness.json",
classify	Classify full diff, including deletions	2026-10-07T13:58:36.2131737Z     "spec/progress/evidence/LOOP1-CLIENT-GUI-001/android-review-resume-20261007/final-review/recorder-validation.json",
classify	Classify full diff, including deletions	2026-10-07T13:58:36.2132499Z     "spec/progress/evidence/LOOP1-CLIENT-GUI-001/android-review-resume-20261007/final-review/report-hashes.json",
classify	Classify full diff, including deletions	2026-10-07T13:58:36.2133196Z     "spec/progress/evidence/LOOP1-CLIENT-GUI-001/android-review-resume-20261007/final-review/report.md",
classify	Classify full diff, including deletions	2026-10-07T13:58:36.2133855Z     "spec/progress/evidence/LOOP1-CLIENT-GUI-001/android-review-resume-20261007/human-timing-and-ca.md",
classify	Classify full diff, including deletions	2026-10-07T13:58:36.2134541Z     "spec/progress/evidence/LOOP1-CLIENT-GUI-001/android-review-resume-20261007/initial-architect-commands.json",
classify	Classify full diff, including deletions	2026-10-07T13:58:36.2135267Z     "spec/progress/evidence/LOOP1-CLIENT-GUI-001/android-review-resume-20261007/initial-architect-coverage.json",
classify	Classify full diff, including deletions	2026-10-07T13:58:36.2136040Z     "spec/progress/evidence/LOOP1-CLIENT-GUI-001/android-review-resume-20261007/initial-architect-recorder-validation.json",
classify	Classify full diff, including deletions	2026-10-07T13:58:36.2136814Z     "spec/progress/evidence/LOOP1-CLIENT-GUI-001/android-review-resume-20261007/initial-architect-report.md",
classify	Classify full diff, including deletions	2026-10-07T13:58:36.2137532Z     "spec/progress/evidence/LOOP1-CLIENT-GUI-001/android-review-resume-20261007/initial-candidate-readiness.json",
classify	Classify full diff, including deletions	2026-10-07T13:58:36.2138320Z     "spec/progress/evidence/LOOP1-CLIENT-GUI-001/android-review-resume-20261007/initial-coordinator-command-snapshot.json",
classify	Classify full diff, including deletions	2026-10-07T13:58:36.2139094Z     "spec/progress/evidence/LOOP1-CLIENT-GUI-001/android-review-resume-20261007/initial-hosted-head-query.json",
classify	Classify full diff, including deletions	2026-10-07T13:58:36.2139819Z     "spec/progress/evidence/LOOP1-CLIENT-GUI-001/android-review-resume-20261007/latest-candidate-readiness.json",
classify	Classify full diff, including deletions	2026-10-07T13:58:36.2140543Z     "spec/progress/evidence/LOOP1-CLIENT-GUI-001/android-review-resume-20261007/latest-hosted-head-query.json",
classify	Classify full diff, including deletions	2026-10-07T13:58:36.2141412Z     "spec/progress/evidence/LOOP1-CLIENT-GUI-001/android-review-resume-20261007/preserved-report-hashes.json",
classify	Classify full diff, including deletions	2026-10-07T13:58:36.2142038Z     "spec/progress/evidence/LOOP1-CLIENT-GUI-001/auth-error-fix-20261007/a1/Auth.kt",
classify	Classify full diff, including deletions	2026-10-07T13:58:36.2142672Z     "spec/progress/evidence/LOOP1-CLIENT-GUI-001/auth-error-fix-20261007/a1/GuiAuthenticatedInstrumentation.kt",
classify	Classify full diff, including deletions	2026-10-07T13:58:36.2143324Z     "spec/progress/evidence/LOOP1-CLIENT-GUI-001/auth-error-fix-20261007/a1/Workspace.kt",
classify	Classify full diff, including deletions	2026-10-07T13:58:36.2144080Z     "spec/progress/evidence/LOOP1-CLIENT-GUI-001/auth-error-fix-20261007/a1/WorkspaceViewModel.kt",
classify	Classify full diff, including deletions	2026-10-07T13:58:36.2144661Z     "spec/progress/evidence/LOOP1-CLIENT-GUI-001/auth-error-fix-20261007/a2/Auth.kt",
classify	Classify full diff, including deletions	2026-10-07T13:58:36.2145273Z     "spec/progress/evidence/LOOP1-CLIENT-GUI-001/auth-error-fix-20261007/a2/GuiAuthenticatedInstrumentation.kt",
classify	Classify full diff, including deletions	2026-10-07T13:58:36.2145899Z     "spec/progress/evidence/LOOP1-CLIENT-GUI-001/auth-error-fix-20261007/a2/Workspace.kt",
classify	Classify full diff, including deletions	2026-10-07T13:58:36.2146493Z     "spec/progress/evidence/LOOP1-CLIENT-GUI-001/auth-error-fix-20261007/a2/WorkspaceViewModel.kt",
classify	Classify full diff, including deletions	2026-10-07T13:58:36.2147101Z     "spec/progress/evidence/LOOP1-CLIENT-GUI-001/auth-error-fix-20261007/a2/androidruntime.txt",
classify	Classify full diff, including deletions	2026-10-07T13:58:36.2147691Z     "spec/progress/evidence/LOOP1-CLIENT-GUI-001/auth-error-fix-20261007/a2/controls.json",
classify	Classify full diff, including deletions	2026-10-07T13:58:36.2148417Z     "spec/progress/evidence/LOOP1-CLIENT-GUI-001/auth-error-fix-20261007/a2/instrumentation.txt",
classify	Classify full diff, including deletions	2026-10-07T13:58:36.2148997Z     "spec/progress/evidence/LOOP1-CLIENT-GUI-001/auth-error-fix-20261007/a2/run.json",
classify	Classify full diff, including deletions	2026-10-07T13:58:36.2149626Z     "spec/progress/evidence/LOOP1-CLIENT-GUI-001/auth-error-fix-20261007/a2/screens/cold-auth-invalid-14.json",
classify	Classify full diff, including deletions	2026-10-07T13:58:36.2150328Z     "spec/progress/evidence/LOOP1-CLIENT-GUI-001/auth-error-fix-20261007/a2/screens/cold-auth-invalid-14.png",
classify	Classify full diff, including deletions	2026-10-07T13:58:36.2151174Z     "spec/progress/evidence/LOOP1-CLIENT-GUI-001/auth-error-fix-20261007/a2/screens/cold-auth-invalid-22.json",
classify	Classify full diff, including deletions	2026-10-07T13:58:36.2151890Z     "spec/progress/evidence/LOOP1-CLIENT-GUI-001/auth-error-fix-20261007/a2/screens/cold-auth-invalid-22.png",
classify	Classify full diff, including deletions	2026-10-07T13:58:36.2152561Z     "spec/progress/evidence/LOOP1-CLIENT-GUI-001/auth-error-fix-20261007/a2/screens/expiry-continue",
classify	Classify full diff, including deletions	2026-10-07T13:58:36.2153190Z     "spec/progress/evidence/LOOP1-CLIENT-GUI-001/auth-error-fix-20261007/a2/screens/expiry-ready",
classify	Classify full diff, including deletions	2026-10-07T13:58:36.2153811Z     "spec/progress/evidence/LOOP1-CLIENT-GUI-001/auth-error-fix-20261007/a2/screens/failure.json",
classify	Classify full diff, including deletions	2026-10-07T13:58:36.2154410Z     "spec/progress/evidence/LOOP1-CLIENT-GUI-001/auth-error-fix-20261007/a2/screens/failure.png",
classify	Classify full diff, including deletions	2026-10-07T13:58:36.2155081Z     "spec/progress/evidence/LOOP1-CLIENT-GUI-001/auth-error-fix-20261007/a2/screens/real-session-before-expiry.json",
classify	Classify full diff, including deletions	2026-10-07T13:58:36.2155830Z     "spec/progress/evidence/LOOP1-CLIENT-GUI-001/auth-error-fix-20261007/a2/screens/real-session-before-expiry.png",
classify	Classify full diff, including deletions	2026-10-07T13:58:36.2156544Z     "spec/progress/evidence/LOOP1-CLIENT-GUI-001/auth-error-fix-20261007/a2/screens/warm-auth-invalid-22.json",
classify	Classify full diff, including deletions	2026-10-07T13:58:36.2157232Z     "spec/progress/evidence/LOOP1-CLIENT-GUI-001/auth-error-fix-20261007/a2/screens/warm-auth-invalid-22.png",
classify	Classify full diff, including deletions	2026-10-07T13:58:36.2157832Z     "spec/progress/evidence/LOOP1-CLIENT-GUI-001/auth-error-fix-20261007/a3/Auth.kt",
classify	Classify full diff, including deletions	2026-10-07T13:58:36.2158454Z     "spec/progress/evidence/LOOP1-CLIENT-GUI-001/auth-error-fix-20261007/a3/GuiAuthenticatedInstrumentation.kt",
classify	Classify full diff, including deletions	2026-10-07T13:58:36.2159097Z     "spec/progress/evidence/LOOP1-CLIENT-GUI-001/auth-error-fix-20261007/a3/Workspace.kt",
classify	Classify full diff, including deletions	2026-10-07T13:58:36.2159694Z     "spec/progress/evidence/LOOP1-CLIENT-GUI-001/auth-error-fix-20261007/a3/WorkspaceViewModel.kt",
classify	Classify full diff, including deletions	2026-10-07T13:58:36.2160301Z     "spec/progress/evidence/LOOP1-CLIENT-GUI-001/auth-error-fix-20261007/a3/androidruntime.txt",
classify	Classify full diff, including deletions	2026-10-07T13:58:36.2182336Z     "spec/progress/evidence/LOOP1-CLIENT-GUI-001/auth-error-fix-20261007/a3/controls.json",
classify	Classify full diff, including deletions	2026-10-07T13:58:36.2183378Z     "spec/progress/evidence/LOOP1-CLIENT-GUI-001/auth-error-fix-20261007/a3/instrumentation.txt",
classify	Classify full diff, including deletions	2026-10-07T13:58:36.2184013Z     "spec/progress/evidence/LOOP1-CLIENT-GUI-001/auth-error-fix-20261007/a3/run.json",
classify	Classify full diff, including deletions	2026-10-07T13:58:36.2184661Z     "spec/progress/evidence/LOOP1-CLIENT-GUI-001/auth-error-fix-20261007/a3/screens/cold-auth-invalid-14.json",
classify	Classify full diff, including deletions	2026-10-07T13:58:36.2185388Z     "spec/progress/evidence/LOOP1-CLIENT-GUI-001/auth-error-fix-20261007/a3/screens/cold-auth-invalid-14.png",
classify	Classify full diff, including deletions	2026-10-07T13:58:36.2186305Z     "spec/progress/evidence/LOOP1-CLIENT-GUI-001/auth-error-fix-20261007/a3/screens/cold-auth-invalid-22.json",
classify	Classify full diff, including deletions	2026-10-07T13:58:36.2186991Z     "spec/progress/evidence/LOOP1-CLIENT-GUI-001/auth-error-fix-20261007/a3/screens/cold-auth-invalid-22.png",
classify	Classify full diff, including deletions	2026-10-07T13:58:36.2187653Z     "spec/progress/evidence/LOOP1-CLIENT-GUI-001/auth-error-fix-20261007/a3/screens/expiry-continue",
classify	Classify full diff, including deletions	2026-10-07T13:58:36.2188282Z     "spec/progress/evidence/LOOP1-CLIENT-GUI-001/auth-error-fix-20261007/a3/screens/expiry-ready",
classify	Classify full diff, including deletions	2026-10-07T13:58:36.2188998Z     "spec/progress/evidence/LOOP1-CLIENT-GUI-001/auth-error-fix-20261007/a3/screens/real-session-before-expiry.json",
classify	Classify full diff, including deletions	2026-10-07T13:58:36.2189750Z     "spec/progress/evidence/LOOP1-CLIENT-GUI-001/auth-error-fix-20261007/a3/screens/real-session-before-expiry.png",
classify	Classify full diff, including deletions	2026-10-07T13:58:36.2190555Z     "spec/progress/evidence/LOOP1-CLIENT-GUI-001/auth-error-fix-20261007/a3/screens/real-session-expired-cleared.json",
classify	Classify full diff, including deletions	2026-10-07T13:58:36.2191712Z     "spec/progress/evidence/LOOP1-CLIENT-GUI-001/auth-error-fix-20261007/a3/screens/real-session-expired-cleared.png",
classify	Classify full diff, including deletions	2026-10-07T13:58:36.2192461Z     "spec/progress/evidence/LOOP1-CLIENT-GUI-001/auth-error-fix-20261007/a3/screens/warm-auth-invalid-22.json",
classify	Classify full diff, including deletions	2026-10-07T13:58:36.2193176Z     "spec/progress/evidence/LOOP1-CLIENT-GUI-001/auth-error-fix-20261007/a3/screens/warm-auth-invalid-22.png",
classify	Classify full diff, including deletions	2026-10-07T13:58:36.2193823Z     "spec/progress/evidence/LOOP1-CLIENT-GUI-001/auth-error-fix-20261007/android-state.json",
classify	Classify full diff, including deletions	2026-10-07T13:58:36.2194406Z     "spec/progress/evidence/LOOP1-CLIENT-GUI-001/auth-error-fix-20261007/apk-hashes.json",
classify	Classify full diff, including deletions	2026-10-07T13:58:36.2194963Z     "spec/progress/evidence/LOOP1-CLIENT-GUI-001/auth-error-fix-20261007/cleanup.json",
classify	Classify full diff, including deletions	2026-10-07T13:58:36.2195513Z     "spec/progress/evidence/LOOP1-CLIENT-GUI-001/auth-error-fix-20261007/commands.json",
classify	Classify full diff, including deletions	2026-10-07T13:58:36.2196135Z     "spec/progress/evidence/LOOP1-CLIENT-GUI-001/auth-error-fix-20261007/control-method-correction.md",
classify	Classify full diff, including deletions	2026-10-07T13:58:36.2196832Z     "spec/progress/evidence/LOOP1-CLIENT-GUI-001/auth-error-fix-20261007/expiry-observation.png",
classify	Classify full diff, including deletions	2026-10-07T13:58:36.2197415Z     "spec/progress/evidence/LOOP1-CLIENT-GUI-001/auth-error-fix-20261007/fix-report.md",
classify	Classify full diff, including deletions	2026-10-07T13:58:36.2197974Z     "spec/progress/evidence/LOOP1-CLIENT-GUI-001/auth-error-fix-20261007/fixture.stderr.txt",
classify	Classify full diff, including deletions	2026-10-07T13:58:36.2198542Z     "spec/progress/evidence/LOOP1-CLIENT-GUI-001/auth-error-fix-20261007/fixture.stdout.txt",
classify	Classify full diff, including deletions	2026-10-07T13:58:36.2199103Z     "spec/progress/evidence/LOOP1-CLIENT-GUI-001/auth-error-fix-20261007/harness/build.py",
classify	Classify full diff, including deletions	2026-10-07T13:58:36.2199669Z     "spec/progress/evidence/LOOP1-CLIENT-GUI-001/auth-error-fix-20261007/harness/cleanup.py",
classify	Classify full diff, including deletions	2026-10-07T13:58:36.2200222Z     "spec/progress/evidence/LOOP1-CLIENT-GUI-001/auth-error-fix-20261007/harness/edit.py",
classify	Classify full diff, including deletions	2026-10-07T13:58:36.2200839Z     "spec/progress/evidence/LOOP1-CLIENT-GUI-001/auth-error-fix-20261007/harness/fix-expiry-control.py",
classify	Classify full diff, including deletions	2026-10-07T13:58:36.2201663Z     "spec/progress/evidence/LOOP1-CLIENT-GUI-001/auth-error-fix-20261007/harness/fixture.py",
classify	Classify full diff, including deletions	2026-10-07T13:58:36.2202251Z     "spec/progress/evidence/LOOP1-CLIENT-GUI-001/auth-error-fix-20261007/harness/lifecycle.py",
classify	Classify full diff, including deletions	2026-10-07T13:58:36.2202866Z     "spec/progress/evidence/LOOP1-CLIENT-GUI-001/auth-error-fix-20261007/harness/phase-v1.py",
classify	Classify full diff, including deletions	2026-10-07T13:58:36.2203474Z     "spec/progress/evidence/LOOP1-CLIENT-GUI-001/auth-error-fix-20261007/harness/phase.py",
classify	Classify full diff, including deletions	2026-10-07T13:58:36.2204055Z     "spec/progress/evidence/LOOP1-CLIENT-GUI-001/auth-error-fix-20261007/harness/prepare.py",
classify	Classify full diff, including deletions	2026-10-07T13:58:36.2204680Z     "spec/progress/evidence/LOOP1-CLIENT-GUI-001/auth-error-fix-20261007/harness/rollback-check.py",
classify	Classify full diff, including deletions	2026-10-07T13:58:36.2205325Z     "spec/progress/evidence/LOOP1-CLIENT-GUI-001/auth-error-fix-20261007/harness/rollback-tls.py",
classify	Classify full diff, including deletions	2026-10-07T13:58:36.2205918Z     "spec/progress/evidence/LOOP1-CLIENT-GUI-001/auth-error-fix-20261007/harness/setup.py",
classify	Classify full diff, including deletions	2026-10-07T13:58:36.2206477Z     "spec/progress/evidence/LOOP1-CLIENT-GUI-001/auth-error-fix-20261007/manifest.json",
classify	Classify full diff, including deletions	2026-10-07T13:58:36.2207220Z     "spec/progress/evidence/LOOP1-CLIENT-GUI-001/auth-error-fix-20261007/post-seal-provenance.md",
classify	Classify full diff, including deletions	2026-10-07T13:58:36.2207794Z     "spec/progress/evidence/LOOP1-CLIENT-GUI-001/auth-error-fix-20261007/public.json",
classify	Classify full diff, including deletions	2026-10-07T13:58:36.2208530Z     "spec/progress/evidence/LOOP1-CLIENT-GUI-001/auth-error-fix-20261007/recorded-outputs/C-16cda310-0e04-410f-b727-eb53c7aede64.stderr.txt",
classify	Classify full diff, including deletions	2026-10-07T13:58:36.2209429Z     "spec/progress/evidence/LOOP1-CLIENT-GUI-001/auth-error-fix-20261007/recorded-outputs/C-16cda310-0e04-410f-b727-eb53c7aede64.stdout.txt",
classify	Classify full diff, including deletions	2026-10-07T13:58:36.2210314Z     "spec/progress/evidence/LOOP1-CLIENT-GUI-001/auth-error-fix-20261007/recorded-outputs/C-186128fd-a021-49df-9883-169e772a2336.stderr.txt",
classify	Classify full diff, including deletions	2026-10-07T13:58:36.2211344Z     "spec/progress/evidence/LOOP1-CLIENT-GUI-001/auth-error-fix-20261007/recorded-outputs/C-186128fd-a021-49df-9883-169e772a2336.stdout.txt",
classify	Classify full diff, including deletions	2026-10-07T13:58:36.2212352Z     "spec/progress/evidence/LOOP1-CLIENT-GUI-001/auth-error-fix-20261007/recorded-outputs/C-1878c827-aef4-436d-914b-1a40a46227d8.stderr.txt",
classify	Classify full diff, including deletions	2026-10-07T13:58:36.2213214Z     "spec/progress/evidence/LOOP1-CLIENT-GUI-001/auth-error-fix-20261007/recorded-outputs/C-1878c827-aef4-436d-914b-1a40a46227d8.stdout.txt",
classify	Classify full diff, including deletions	2026-10-07T13:58:36.2214078Z     "spec/progress/evidence/LOOP1-CLIENT-GUI-001/auth-error-fix-20261007/recorded-outputs/C-1f3b0820-83f5-4c65-93c6-f3c27b981c79.stderr.txt",
classify	Classify full diff, including deletions	2026-10-07T13:58:36.2214937Z     "spec/progress/evidence/LOOP1-CLIENT-GUI-001/auth-error-fix-20261007/recorded-outputs/C-1f3b0820-83f5-4c65-93c6-f3c27b981c79.stdout.txt",
classify	Classify full diff, including deletions	2026-10-07T13:58:36.2215803Z     "spec/progress/evidence/LOOP1-CLIENT-GUI-001/auth-error-fix-20261007/recorded-outputs/C-205cf19a-7e69-469b-b0a7-c8bbb338764a.stderr.txt",
classify	Classify full diff, including deletions	2026-10-07T13:58:36.2216685Z     "spec/progress/evidence/LOOP1-CLIENT-GUI-001/auth-error-fix-20261007/recorded-outputs/C-205cf19a-7e69-469b-b0a7-c8bbb338764a.stdout.txt",
classify	Classify full diff, including deletions	2026-10-07T13:58:36.2217591Z     "spec/progress/evidence/LOOP1-CLIENT-GUI-001/auth-error-fix-20261007/recorded-outputs/C-2aad8b4c-bab0-4c19-a264-ceede5e0d83f.stderr.txt",
classify	Classify full diff, including deletions	2026-10-07T13:58:36.2218476Z     "spec/progress/evidence/LOOP1-CLIENT-GUI-001/auth-error-fix-20261007/recorded-outputs/C-2aad8b4c-bab0-4c19-a264-ceede5e0d83f.stdout.txt",
classify	Classify full diff, including deletions	2026-10-07T13:58:36.2219356Z     "spec/progress/evidence/LOOP1-CLIENT-GUI-001/auth-error-fix-20261007/recorded-outputs/C-2ab9b06f-b2f2-4c84-a9a2-9a8cd5400356.stderr.txt",
classify	Classify full diff, including deletions	2026-10-07T13:58:36.2220225Z     "spec/progress/evidence/LOOP1-CLIENT-GUI-001/auth-error-fix-20261007/recorded-outputs/C-2ab9b06f-b2f2-4c84-a9a2-9a8cd5400356.stdout.txt",
classify	Classify full diff, including deletions	2026-10-07T13:58:36.2221251Z     "spec/progress/evidence/LOOP1-CLIENT-GUI-001/auth-error-fix-20261007/recorded-outputs/C-334d63c4-e743-40fa-8315-1ad17f7e7195.stderr.txt",
classify	Classify full diff, including deletions	2026-10-07T13:58:36.2222128Z     "spec/progress/evidence/LOOP1-CLIENT-GUI-001/auth-error-fix-20261007/recorded-outputs/C-334d63c4-e743-40fa-8315-1ad17f7e7195.stdout.txt",
classify	Classify full diff, including deletions	2026-10-07T13:58:36.2223014Z     "spec/progress/evidence/LOOP1-CLIENT-GUI-001/auth-error-fix-20261007/recorded-outputs/C-4b3d6e2d-2f2e-455f-b4e2-ca1a013afedd.stderr.txt",
classify	Classify full diff, including deletions	2026-10-07T13:58:36.2223889Z     "spec/progress/evidence/LOOP1-CLIENT-GUI-001/auth-error-fix-20261007/recorded-outputs/C-4b3d6e2d-2f2e-455f-b4e2-ca1a013afedd.stdout.txt",
classify	Classify full diff, including deletions	2026-10-07T13:58:36.2224757Z     "spec/progress/evidence/LOOP1-CLIENT-GUI-001/auth-error-fix-20261007/recorded-outputs/C-6133b448-43bd-41e8-9646-df397858fd2e.stderr.txt",
classify	Classify full diff, including deletions	2026-10-07T13:58:36.2225623Z     "spec/progress/evidence/LOOP1-CLIENT-GUI-001/auth-error-fix-20261007/recorded-outputs/C-6133b448-43bd-41e8-9646-df397858fd2e.stdout.txt",
classify	Classify full diff, including deletions	2026-10-07T13:58:36.2226495Z     "spec/progress/evidence/LOOP1-CLIENT-GUI-001/auth-error-fix-20261007/recorded-outputs/C-63edbce5-2af3-4b1b-b3cf-0a81ce78e7a9.stderr.txt",
classify	Classify full diff, including deletions	2026-10-07T13:58:36.2227371Z     "spec/progress/evidence/LOOP1-CLIENT-GUI-001/auth-error-fix-20261007/recorded-outputs/C-63edbce5-2af3-4b1b-b3cf-0a81ce78e7a9.stdout.txt",
classify	Classify full diff, including deletions	2026-10-07T13:58:36.2228399Z     "spec/progress/evidence/LOOP1-CLIENT-GUI-001/auth-error-fix-20261007/recorded-outputs/C-67e6152a-098f-4580-986a-67a9ca05d33b.stderr.txt",
classify	Classify full diff, including deletions	2026-10-07T13:58:36.2229259Z     "spec/progress/evidence/LOOP1-CLIENT-GUI-001/auth-error-fix-20261007/recorded-outputs/C-67e6152a-098f-4580-986a-67a9ca05d33b.stdout.txt",
classify	Classify full diff, including deletions	2026-10-07T13:58:36.2230130Z     "spec/progress/evidence/LOOP1-CLIENT-GUI-001/auth-error-fix-20261007/recorded-outputs/C-6a69d2a8-cd09-4cf4-90c3-bd690c692e95.stderr.txt",
classify	Classify full diff, including deletions	2026-10-07T13:58:36.2231155Z     "spec/progress/evidence/LOOP1-CLIENT-GUI-001/auth-error-fix-20261007/recorded-outputs/C-6a69d2a8-cd09-4cf4-90c3-bd690c692e95.stdout.txt",
classify	Classify full diff, including deletions	2026-10-07T13:58:36.2232039Z     "spec/progress/evidence/LOOP1-CLIENT-GUI-001/auth-error-fix-20261007/recorded-outputs/C-71d1a78f-5fea-4719-ab85-07236b5944b3.stderr.txt",
classify	Classify full diff, including deletions	2026-10-07T13:58:36.2232907Z     "spec/progress/evidence/LOOP1-CLIENT-GUI-001/auth-error-fix-20261007/recorded-outputs/C-71d1a78f-5fea-4719-ab85-07236b5944b3.stdout.txt",
classify	Classify full diff, including deletions	2026-10-07T13:58:36.2233950Z     "spec/progress/evidence/LOOP1-CLIENT-GUI-001/auth-error-fix-20261007/recorded-outputs/C-73348ebd-4662-4688-aaf6-ff5fba86adfd.stderr.txt",
classify	Classify full diff, including deletions	2026-10-07T13:58:36.2234819Z     "spec/progress/evidence/LOOP1-CLIENT-GUI-001/auth-error-fix-20261007/recorded-outputs/C-73348ebd-4662-4688-aaf6-ff5fba86adfd.stdout.txt",
classify	Classify full diff, including deletions	2026-10-07T13:58:36.2235681Z     "spec/progress/evidence/LOOP1-CLIENT-GUI-001/auth-error-fix-20261007/recorded-outputs/C-738d5b82-072a-4fe3-b892-2d26ae25a76e.stderr.txt",
classify	Classify full diff, including deletions	2026-10-07T13:58:36.2236555Z     "spec/progress/evidence/LOOP1-CLIENT-GUI-001/auth-error-fix-20261007/recorded-outputs/C-738d5b82-072a-4fe3-b892-2d26ae25a76e.stdout.txt",
classify	Classify full diff, including deletions	2026-10-07T13:58:36.2237416Z     "spec/progress/evidence/LOOP1-CLIENT-GUI-001/auth-error-fix-20261007/recorded-outputs/C-7608e403-e665-46e3-8357-0686b73c1451.stderr.txt",
classify	Classify full diff, including deletions	2026-10-07T13:58:36.2238269Z     "spec/progress/evidence/LOOP1-CLIENT-GUI-001/auth-error-fix-20261007/recorded-outputs/C-7608e403-e665-46e3-8357-0686b73c1451.stdout.txt",
classify	Classify full diff, including deletions	2026-10-07T13:58:36.2239133Z     "spec/progress/evidence/LOOP1-CLIENT-GUI-001/auth-error-fix-20261007/recorded-outputs/C-7751b079-cb75-4396-a3bf-70577cf08bcd.stderr.txt",
classify	Classify full diff, including deletions	2026-10-07T13:58:36.2239992Z     "spec/progress/evidence/LOOP1-CLIENT-GUI-001/auth-error-fix-20261007/recorded-outputs/C-7751b079-cb75-4396-a3bf-70577cf08bcd.stdout.txt",
classify	Classify full diff, including deletions	2026-10-07T13:58:36.2240860Z     "spec/progress/evidence/LOOP1-CLIENT-GUI-001/auth-error-fix-20261007/recorded-outputs/C-8113d95e-696f-49aa-be0e-be7e3389a5e6.stderr.txt",
classify	Classify full diff, including deletions	2026-10-07T13:58:36.2241961Z     "spec/progress/evidence/LOOP1-CLIENT-GUI-001/auth-error-fix-20261007/recorded-outputs/C-8113d95e-696f-49aa-be0e-be7e3389a5e6.stdout.txt",
classify	Classify full diff, including deletions	2026-10-07T13:58:36.2242857Z     "spec/progress/evidence/LOOP1-CLIENT-GUI-001/auth-error-fix-20261007/recorded-outputs/C-85e96d02-2e20-40f0-94c2-13e60a48009d.stderr.txt",
classify	Classify full diff, including deletions	2026-10-07T13:58:36.2243730Z     "spec/progress/evidence/LOOP1-CLIENT-GUI-001/auth-error-fix-20261007/recorded-outputs/C-85e96d02-2e20-40f0-94c2-13e60a48009d.stdout.txt",
classify	Classify full diff, including deletions	2026-10-07T13:58:36.2244608Z     "spec/progress/evidence/LOOP1-CLIENT-GUI-001/auth-error-fix-20261007/recorded-outputs/C-8d1511e0-1bab-46d4-ab3b-29738d15a811.stderr.txt",
classify	Classify full diff, including deletions	2026-10-07T13:58:36.2245479Z     "spec/progress/evidence/LOOP1-CLIENT-GUI-001/auth-error-fix-20261007/recorded-outputs/C-8d1511e0-1bab-46d4-ab3b-29738d15a811.stdout.txt",
classify	Classify full diff, including deletions	2026-10-07T13:58:36.2246341Z     "spec/progress/evidence/LOOP1-CLIENT-GUI-001/auth-error-fix-20261007/recorded-outputs/C-91c9d418-f8a9-4662-ae73-044aaf3da24b.stderr.txt",
classify	Classify full diff, including deletions	2026-10-07T13:58:36.2247214Z     "spec/progress/evidence/LOOP1-CLIENT-GUI-001/auth-error-fix-20261007/recorded-outputs/C-91c9d418-f8a9-4662-ae73-044aaf3da24b.stdout.txt",
classify	Classify full diff, including deletions	2026-10-07T13:58:36.2248088Z     "spec/progress/evidence/LOOP1-CLIENT-GUI-001/auth-error-fix-20261007/recorded-outputs/C-966ce666-6ade-451f-a98e-ce94e42b6af5.stderr.txt",
classify	Classify full diff, including deletions	2026-10-07T13:58:36.2248957Z     "spec/progress/evidence/LOOP1-CLIENT-GUI-001/auth-error-fix-20261007/recorded-outputs/C-966ce666-6ade-451f-a98e-ce94e42b6af5.stdout.txt",
classify	Classify full diff, including deletions	2026-10-07T13:58:36.2249980Z     "spec/progress/evidence/LOOP1-CLIENT-GUI-001/auth-error-fix-20261007/recorded-outputs/C-a39751e7-0d21-4205-b18e-84934cfadece.stderr.txt",
classify	Classify full diff, including deletions	2026-10-07T13:58:36.2250850Z     "spec/progress/evidence/LOOP1-CLIENT-GUI-001/auth-error-fix-20261007/recorded-outputs/C-a39751e7-0d21-4205-b18e-84934cfadece.stdout.txt",
classify	Classify full diff, including deletions	2026-10-07T13:58:36.2251925Z     "spec/progress/evidence/LOOP1-CLIENT-GUI-001/auth-error-fix-20261007/recorded-outputs/C-a3dfa2ae-1cc7-488c-97af-7c069652d6ca.stderr.txt",
classify	Classify full diff, including deletions	2026-10-07T13:58:36.2252807Z     "spec/progress/evidence/LOOP1-CLIENT-GUI-001/auth-error-fix-20261007/recorded-outputs/C-a3dfa2ae-1cc7-488c-97af-7c069652d6ca.stdout.txt",
classify	Classify full diff, including deletions	2026-10-07T13:58:36.2253688Z     "spec/progress/evidence/LOOP1-CLIENT-GUI-001/auth-error-fix-20261007/recorded-outputs/C-a79bc26a-f085-4d0d-b737-0c0e4dad28ef.stderr.txt",
classify	Classify full diff, including deletions	2026-10-07T13:58:36.2254557Z     "spec/progress/evidence/LOOP1-CLIENT-GUI-001/auth-error-fix-20261007/recorded-outputs/C-a79bc26a-f085-4d0d-b737-0c0e4dad28ef.stdout.txt",
classify	Classify full diff, including deletions	2026-10-07T13:58:36.2255569Z     "spec/progress/evidence/LOOP1-CLIENT-GUI-001/auth-error-fix-20261007/recorded-outputs/C-b550d2ed-44d0-4018-bd37-a8a3b4c15dad.stderr.txt",
classify	Classify full diff, including deletions	2026-10-07T13:58:36.2256443Z     "spec/progress/evidence/LOOP1-CLIENT-GUI-001/auth-error-fix-20261007/recorded-outputs/C-b550d2ed-44d0-4018-bd37-a8a3b4c15dad.stdout.txt",
classify	Classify full diff, including deletions	2026-10-07T13:58:36.2257322Z     "spec/progress/evidence/LOOP1-CLIENT-GUI-001/auth-error-fix-20261007/recorded-outputs/C-bb1dcd90-5e34-4f99-ba4d-f1b4fd4dbb38.stderr.txt",
classify	Classify full diff, including deletions	2026-10-07T13:58:36.2258194Z     "spec/progress/evidence/LOOP1-CLIENT-GUI-001/auth-error-fix-20261007/recorded-outputs/C-bb1dcd90-5e34-4f99-ba4d-f1b4fd4dbb38.stdout.txt",
classify	Classify full diff, including deletions	2026-10-07T13:58:36.2259059Z     "spec/progress/evidence/LOOP1-CLIENT-GUI-001/auth-error-fix-20261007/recorded-outputs/C-bb6e0895-7557-47ab-8bc7-4c352a215a91.stderr.txt",
classify	Classify full diff, including deletions	2026-10-07T13:58:36.2259916Z     "spec/progress/evidence/LOOP1-CLIENT-GUI-001/auth-error-fix-20261007/recorded-outputs/C-bb6e0895-7557-47ab-8bc7-4c352a215a91.stdout.txt",
classify	Classify full diff, including deletions	2026-10-07T13:58:36.2260785Z     "spec/progress/evidence/LOOP1-CLIENT-GUI-001/auth-error-fix-20261007/recorded-outputs/C-bd3f1054-3823-430d-90f7-306609741c01.stderr.txt",
classify	Classify full diff, including deletions	2026-10-07T13:58:36.2261800Z     "spec/progress/evidence/LOOP1-CLIENT-GUI-001/auth-error-fix-20261007/recorded-outputs/C-bd3f1054-3823-430d-90f7-306609741c01.stdout.txt",
classify	Classify full diff, including deletions	2026-10-07T13:58:36.2262679Z     "spec/progress/evidence/LOOP1-CLIENT-GUI-001/auth-error-fix-20261007/recorded-outputs/C-bdde7897-130c-423f-ac6d-35f7a9e2cf67.stderr.txt",
classify	Classify full diff, including deletions	2026-10-07T13:58:36.2263552Z     "spec/progress/evidence/LOOP1-CLIENT-GUI-001/auth-error-fix-20261007/recorded-outputs/C-bdde7897-130c-423f-ac6d-35f7a9e2cf67.stdout.txt",
classify	Classify full diff, including deletions	2026-10-07T13:58:36.2264422Z     "spec/progress/evidence/LOOP1-CLIENT-GUI-001/auth-error-fix-20261007/recorded-outputs/C-c5f9a2dc-dfda-4923-afb7-99343f5b4d63.stderr.txt",
classify	Classify full diff, including deletions	2026-10-07T13:58:36.2265289Z     "spec/progress/evidence/LOOP1-CLIENT-GUI-001/auth-error-fix-20261007/recorded-outputs/C-c5f9a2dc-dfda-4923-afb7-99343f5b4d63.stdout.txt",
classify	Classify full diff, including deletions	2026-10-07T13:58:36.2266167Z     "spec/progress/evidence/LOOP1-CLIENT-GUI-001/auth-error-fix-20261007/recorded-outputs/C-c79b22a5-14b0-4f2c-b1aa-45f7e9e692e0.stderr.txt",
classify	Classify full diff, including deletions	2026-10-07T13:58:36.2267036Z     "spec/progress/evidence/LOOP1-CLIENT-GUI-001/auth-error-fix-20261007/recorded-outputs/C-c79b22a5-14b0-4f2c-b1aa-45f7e9e692e0.stdout.txt",
classify	Classify full diff, including deletions	2026-10-07T13:58:36.2267915Z     "spec/progress/evidence/LOOP1-CLIENT-GUI-001/auth-error-fix-20261007/recorded-outputs/C-e09e91ac-9fe8-4ebc-8130-b9b83ef816a3.stderr.txt",
classify	Classify full diff, including deletions	2026-10-07T13:58:36.2268787Z     "spec/progress/evidence/LOOP1-CLIENT-GUI-001/auth-error-fix-20261007/recorded-outputs/C-e09e91ac-9fe8-4ebc-8130-b9b83ef816a3.stdout.txt",
classify	Classify full diff, including deletions	2026-10-07T13:58:36.2269654Z     "spec/progress/evidence/LOOP1-CLIENT-GUI-001/auth-error-fix-20261007/recorded-outputs/C-e1f78876-c1b8-41c4-8275-44839af03a5c.stderr.txt",
classify	Classify full diff, including deletions	2026-10-07T13:58:36.2270514Z     "spec/progress/evidence/LOOP1-CLIENT-GUI-001/auth-error-fix-20261007/recorded-outputs/C-e1f78876-c1b8-41c4-8275-44839af03a5c.stdout.txt",
classify	Classify full diff, including deletions	2026-10-07T13:58:36.2271719Z     "spec/progress/evidence/LOOP1-CLIENT-GUI-001/auth-error-fix-20261007/recorded-outputs/C-e8da4864-1bd8-4828-9d96-da17c1ef12b3.stderr.txt",
classify	Classify full diff, including deletions	2026-10-07T13:58:36.2272630Z     "spec/progress/evidence/LOOP1-CLIENT-GUI-001/auth-error-fix-20261007/recorded-outputs/C-e8da4864-1bd8-4828-9d96-da17c1ef12b3.stdout.txt",
classify	Classify full diff, including deletions	2026-10-07T13:58:36.2273500Z     "spec/progress/evidence/LOOP1-CLIENT-GUI-001/auth-error-fix-20261007/recorded-outputs/C-f26737bf-5024-48a7-b696-6ded81b9e002.stderr.txt",
classify	Classify full diff, including deletions	2026-10-07T13:58:36.2274360Z     "spec/progress/evidence/LOOP1-CLIENT-GUI-001/auth-error-fix-20261007/recorded-outputs/C-f26737bf-5024-48a7-b696-6ded81b9e002.stdout.txt",
classify	Classify full diff, including deletions	2026-10-07T13:58:36.2275231Z     "spec/progress/evidence/LOOP1-CLIENT-GUI-001/auth-error-fix-20261007/recorded-outputs/C-fa8eee8d-1ccd-46bd-8850-7f7bfc5758f8.stderr.txt",
classify	Classify full diff, including deletions	2026-10-07T13:58:36.2276104Z     "spec/progress/evidence/LOOP1-CLIENT-GUI-001/auth-error-fix-20261007/recorded-outputs/C-fa8eee8d-1ccd-46bd-8850-7f7bfc5758f8.stdout.txt",
classify	Classify full diff, including deletions	2026-10-07T13:58:36.2277132Z     "spec/progress/evidence/LOOP1-CLIENT-GUI-001/auth-error-fix-20261007/recorded-outputs/C-feedaaed-f072-46ba-9463-445f33f0db1a.stderr.txt",
classify	Classify full diff, including deletions	2026-10-07T13:58:36.2278019Z     "spec/progress/evidence/LOOP1-CLIENT-GUI-001/auth-error-fix-20261007/recorded-outputs/C-feedaaed-f072-46ba-9463-445f33f0db1a.stdout.txt",
classify	Classify full diff, including deletions	2026-10-07T13:58:36.2278768Z     "spec/progress/evidence/LOOP1-CLIENT-GUI-001/auth-error-fix-20261007/recorder-limitations.md",
classify	Classify full diff, including deletions	2026-10-07T13:58:36.2279394Z     "spec/progress/evidence/LOOP1-CLIENT-GUI-001/auth-error-fix-20261007/recorder-validation.json",
classify	Classify full diff, including deletions	2026-10-07T13:58:36.2280010Z     "spec/progress/evidence/LOOP1-CLIENT-GUI-001/auth-error-fix-20261007/recorder/events.jsonl",
classify	Classify full diff, including deletions	2026-10-07T13:58:36.2280621Z     "spec/progress/evidence/LOOP1-CLIENT-GUI-001/auth-error-fix-20261007/recorder/final_state.json",
classify	Classify full diff, including deletions	2026-10-07T13:58:36.2281446Z     "spec/progress/evidence/LOOP1-CLIENT-GUI-001/auth-error-fix-20261007/recorder/initial_state.json",
classify	Classify full diff, including deletions	2026-10-07T13:58:36.2282074Z     "spec/progress/evidence/LOOP1-CLIENT-GUI-001/auth-error-fix-20261007/recorder/metadata.json",
classify	Classify full diff, including deletions	2026-10-07T13:58:36.2282682Z     "spec/progress/evidence/LOOP1-CLIENT-GUI-001/auth-error-fix-20261007/recorder/summary.json",
classify	Classify full diff, including deletions	2026-10-07T13:58:36.2283239Z     "spec/progress/evidence/LOOP1-CLIENT-GUI-001/auth-error-fix-20261007/reuse.json",
classify	Classify full diff, including deletions	2026-10-07T13:58:36.2283808Z     "spec/progress/evidence/LOOP1-CLIENT-GUI-001/auth-error-fix-20261007/rollback-apk-hash.json",
classify	Classify full diff, including deletions	2026-10-07T13:58:36.2284393Z     "spec/progress/evidence/LOOP1-CLIENT-GUI-001/auth-error-fix-20261007/rollback-tls.txt",
classify	Classify full diff, including deletions	2026-10-07T13:58:36.2284960Z     "spec/progress/evidence/LOOP1-CLIENT-GUI-001/auth-error-fix-20261007/rollback.json",
classify	Classify full diff, including deletions	2026-10-07T13:58:36.2285532Z     "spec/progress/evidence/LOOP1-CLIENT-GUI-001/auth-error-fix-20261007/source-diff.patch",
classify	Classify full diff, including deletions	2026-10-07T13:58:36.2286109Z     "spec/progress/evidence/LOOP1-CLIENT-GUI-001/auth-error-fix-20261007/tls-identity.json",
classify	Classify full diff, including deletions	2026-10-07T13:58:36.2286672Z     "spec/progress/evidence/LOOP1-CLIENT-GUI-001/desktop-polish-20261007/composer.png",
classify	Classify full diff, including deletions	2026-10-07T13:58:36.2287235Z     "spec/progress/evidence/LOOP1-CLIENT-GUI-001/desktop-polish-20261007/final-state.json",
classify	Classify full diff, including deletions	2026-10-07T13:58:36.2287778Z     "spec/progress/evidence/LOOP1-CLIENT-GUI-001/desktop-polish-20261007/hover.png",
classify	Classify full diff, including deletions	2026-10-07T13:58:36.2288379Z     "spec/progress/evidence/LOOP1-CLIENT-GUI-001/desktop-polish-20261007/package-and-references.json",
classify	Classify full diff, including deletions	2026-10-07T13:58:36.2288979Z     "spec/progress/evidence/LOOP1-CLIENT-GUI-001/desktop-polish-20261007/presence.png",
classify	Classify full diff, including deletions	2026-10-07T13:58:36.2289544Z     "spec/progress/evidence/LOOP1-CLIENT-GUI-001/desktop-polish-20261007/settings-scroll.png",
classify	Classify full diff, including deletions	2026-10-07T13:58:36.2290118Z     "spec/progress/evidence/LOOP1-CLIENT-GUI-001/desktop-polish-20261007/verification.md",
classify	Classify full diff, including deletions	2026-10-07T13:58:36.2290714Z     "spec/progress/evidence/LOOP1-CLIENT-GUI-001/desktop-render-20261007/final-state.json",
classify	Classify full diff, including deletions	2026-10-07T13:58:36.2291433Z     "spec/progress/evidence/LOOP1-CLIENT-GUI-001/desktop-render-20261007/manifest.json",
classify	Classify full diff, including deletions	2026-10-07T13:58:36.2292155Z     "spec/progress/evidence/LOOP1-CLIENT-GUI-001/desktop-render-20261007/package.json",
classify	Classify full diff, including deletions	2026-10-07T13:58:36.2292765Z     "spec/progress/evidence/LOOP1-CLIENT-GUI-001/desktop-render-20261007/renderer-before-fix-blank.png",
classify	Classify full diff, including deletions	2026-10-07T13:58:36.2293403Z     "spec/progress/evidence/LOOP1-CLIENT-GUI-001/desktop-render-20261007/renderer-composer.png",
classify	Classify full diff, including deletions	2026-10-07T13:58:36.2293991Z     "spec/progress/evidence/LOOP1-CLIENT-GUI-001/desktop-render-20261007/renderer-hover.png",
classify	Classify full diff, including deletions	2026-10-07T13:58:36.2294606Z     "spec/progress/evidence/LOOP1-CLIENT-GUI-001/desktop-render-20261007/renderer-settings20.png",
classify	Classify full diff, including deletions	2026-10-07T13:58:36.2295177Z     "spec/progress/evidence/LOOP1-CLIENT-GUI-001/desktop-render-20261007/results.json",
classify	Classify full diff, including deletions	2026-10-07T13:58:36.2295738Z     "spec/progress/evidence/LOOP1-CLIENT-GUI-001/desktop-render-20261007/verification.md",
classify	Classify full diff, including deletions	2026-10-07T13:58:36.2296376Z     "spec/progress/evidence/LOOP1-CLIENT-GUI-001/final-review-20261007/coordinator-recorder-validation.json",
classify	Classify full diff, including deletions	2026-10-07T13:58:36.2297161Z     "spec/progress/evidence/LOOP1-CLIENT-GUI-001/final-review-20261007/review-37f613e-fail.md",
classify	Classify full diff, including deletions	2026-10-07T13:58:36.2297766Z     "spec/progress/evidence/LOOP1-CLIENT-GUI-001/final-review-20261007/review-cf47666-blocked.md",
classify	Classify full diff, including deletions	2026-10-07T13:58:36.2298330Z     "spec/progress/evidence/LOOP1-CLIENT-GUI-001/fixture-trust-proposal.md",
classify	Classify full diff, including deletions	2026-10-07T13:58:36.2298923Z     "spec/progress/evidence/LOOP1-CLIENT-GUI-001/host-minimal-20261007/recorded-repair-commands.json",
classify	Classify full diff, including deletions	2026-10-07T13:58:36.2299546Z     "spec/progress/evidence/LOOP1-CLIENT-GUI-001/host-minimal-20261007/repair-attempt.md",
classify	Classify full diff, including deletions	2026-10-07T13:58:36.2300121Z     "spec/progress/evidence/LOOP1-CLIENT-GUI-001/host-minimal-20261007/runtime-before.json",
classify	Classify full diff, including deletions	2026-10-07T13:58:36.2300720Z     "spec/progress/evidence/LOOP1-CLIENT-GUI-001/host-minimal-20261007/sandbox-target-errors.txt",
classify	Classify full diff, including deletions	2026-10-07T13:58:36.2301513Z     "spec/progress/evidence/LOOP1-CLIENT-GUI-001/host-minimal-20261007/stopped-native-worker.json",
classify	Classify full diff, including deletions	2026-10-07T13:58:36.2302134Z     "spec/progress/evidence/LOOP1-CLIENT-GUI-001/host-minimal-20261007/stopped-workers.json",
classify	Classify full diff, including deletions	2026-10-07T13:58:36.2302726Z     "spec/progress/evidence/LOOP1-CLIENT-GUI-001/local-command-index-20261004-followup.json",
classify	Classify full diff, including deletions	2026-10-07T13:58:36.2303294Z     "spec/progress/evidence/LOOP1-CLIENT-GUI-001/local-command-index-20261004.json",
classify	Classify full diff, including deletions	2026-10-07T13:58:36.2303824Z     "spec/progress/evidence/LOOP1-CLIENT-GUI-001/lock-cause-20261007/diagnosis.md",
classify	Classify full diff, including deletions	2026-10-07T13:58:36.2304352Z     "spec/progress/evidence/LOOP1-CLIENT-GUI-001/lock-cause-20261007/handle-probe.json",
classify	Classify full diff, including deletions	2026-10-07T13:58:36.2304909Z     "spec/progress/evidence/LOOP1-CLIENT-GUI-001/lock-cause-20261007/helper-process.json",
classify	Classify full diff, including deletions	2026-10-07T13:58:36.2305494Z     "spec/progress/evidence/LOOP1-CLIENT-GUI-001/lock-cause-20261007/maximum-allowed-probe.json",
classify	Classify full diff, including deletions	2026-10-07T13:58:36.2306052Z     "spec/progress/evidence/LOOP1-CLIENT-GUI-001/lock-cause-20261007/retry-1951.md",
classify	Classify full diff, including deletions	2026-10-07T13:58:36.2306578Z     "spec/progress/evidence/LOOP1-CLIENT-GUI-001/mobile-back-20261007/authenticated.txt",
classify	Classify full diff, including deletions	2026-10-07T13:58:36.2307146Z     "spec/progress/evidence/LOOP1-CLIENT-GUI-001/mobile-back-20261007/human-reference.png",
classify	Classify full diff, including deletions	2026-10-07T13:58:36.2307691Z     "spec/progress/evidence/LOOP1-CLIENT-GUI-001/mobile-back-20261007/index.md",
classify	Classify full diff, including deletions	2026-10-07T13:58:36.2308209Z     "spec/progress/evidence/LOOP1-CLIENT-GUI-001/mobile-back-20261007/manifest.json",
classify	Classify full diff, including deletions	2026-10-07T13:58:36.2308749Z     "spec/progress/evidence/LOOP1-CLIENT-GUI-001/mobile-back-20261007/rollback-tls.txt",
classify	Classify full diff, including deletions	2026-10-07T13:58:36.2309281Z     "spec/progress/evidence/LOOP1-CLIENT-GUI-001/mobile-back-20261007/rollback.json",
classify	Classify full diff, including deletions	2026-10-07T13:58:36.2309873Z     "spec/progress/evidence/LOOP1-CLIENT-GUI-001/mobile-back-20261007/screenshots/anonymous-login.png",
classify	Classify full diff, including deletions	2026-10-07T13:58:36.2310544Z     "spec/progress/evidence/LOOP1-CLIENT-GUI-001/mobile-back-20261007/screenshots/back-to-chat-list.png",
classify	Classify full diff, including deletions	2026-10-07T13:58:36.2311331Z     "spec/progress/evidence/LOOP1-CLIENT-GUI-001/mobile-back-20261007/screenshots/cold-ai.png",
classify	Classify full diff, including deletions	2026-10-07T13:58:36.2311976Z     "spec/progress/evidence/LOOP1-CLIENT-GUI-001/mobile-back-20261007/screenshots/cold-chat-list.png",
classify	Classify full diff, including deletions	2026-10-07T13:58:36.2312790Z     "spec/progress/evidence/LOOP1-CLIENT-GUI-001/mobile-back-20261007/screenshots/cold-conversation.png",
classify	Classify full diff, including deletions	2026-10-07T13:58:36.2313437Z     "spec/progress/evidence/LOOP1-CLIENT-GUI-001/mobile-back-20261007/screenshots/cold-friends.png",
classify	Classify full diff, including deletions	2026-10-07T13:58:36.2314058Z     "spec/progress/evidence/LOOP1-CLIENT-GUI-001/mobile-back-20261007/screenshots/cold-plugin.png",
classify	Classify full diff, including deletions	2026-10-07T13:58:36.2314707Z     "spec/progress/evidence/LOOP1-CLIENT-GUI-001/mobile-back-20261007/screenshots/cold-settings-theme.png",
classify	Classify full diff, including deletions	2026-10-07T13:58:36.2315345Z     "spec/progress/evidence/LOOP1-CLIENT-GUI-001/mobile-back-20261007/screenshots/logout-22.png",
classify	Classify full diff, including deletions	2026-10-07T13:58:36.2315992Z     "spec/progress/evidence/LOOP1-CLIENT-GUI-001/mobile-back-20261007/screenshots/registration-success.png",
classify	Classify full diff, including deletions	2026-10-07T13:58:36.2316651Z     "spec/progress/evidence/LOOP1-CLIENT-GUI-001/mobile-back-20261007/screenshots/registration.png",
classify	Classify full diff, including deletions	2026-10-07T13:58:36.2317371Z     "spec/progress/evidence/LOOP1-CLIENT-GUI-001/mobile-back-20261007/screenshots/sent.png",
classify	Classify full diff, including deletions	2026-10-07T13:58:36.2317993Z     "spec/progress/evidence/LOOP1-CLIENT-GUI-001/mobile-back-20261007/screenshots/warm-chat-list-22.png",
classify	Classify full diff, including deletions	2026-10-07T13:58:36.2318660Z     "spec/progress/evidence/LOOP1-CLIENT-GUI-001/mobile-back-20261007/screenshots/warm-conversation-22.png",
classify	Classify full diff, including deletions	2026-10-07T13:58:36.2319298Z     "spec/progress/evidence/LOOP1-CLIENT-GUI-001/mobile-back-20261007/screenshots/warm-friends.png",
classify	Classify full diff, including deletions	2026-10-07T13:58:36.2319930Z     "spec/progress/evidence/LOOP1-CLIENT-GUI-001/mobile-back-20261007/screenshots/warm-settings-22.png",
classify	Classify full diff, including deletions	2026-10-07T13:58:36.2320526Z     "spec/progress/evidence/LOOP1-CLIENT-GUI-001/mobile-back-20261007/verification.md",
classify	Classify full diff, including deletions	2026-10-07T13:58:36.2321282Z     "spec/progress/evidence/LOOP1-CLIENT-GUI-001/mobile-header-20261007/anonymous.txt",
classify	Classify full diff, including deletions	2026-10-07T13:58:36.2321870Z     "spec/progress/evidence/LOOP1-CLIENT-GUI-001/mobile-header-20261007/anonymous/cold-login-14.png",
classify	Classify full diff, including deletions	2026-10-07T13:58:36.2322497Z     "spec/progress/evidence/LOOP1-CLIENT-GUI-001/mobile-header-20261007/anonymous/cold-login-16.png",
classify	Classify full diff, including deletions	2026-10-07T13:58:36.2323114Z     "spec/progress/evidence/LOOP1-CLIENT-GUI-001/mobile-header-20261007/anonymous/cold-login-22.png",
classify	Classify full diff, including deletions	2026-10-07T13:58:36.2323743Z     "spec/progress/evidence/LOOP1-CLIENT-GUI-001/mobile-header-20261007/anonymous/cold-register-14.png",
classify	Classify full diff, including deletions	2026-10-07T13:58:36.2324390Z     "spec/progress/evidence/LOOP1-CLIENT-GUI-001/mobile-header-20261007/anonymous/cold-register-16.png",
classify	Classify full diff, including deletions	2026-10-07T13:58:36.2325024Z     "spec/progress/evidence/LOOP1-CLIENT-GUI-001/mobile-header-20261007/anonymous/cold-register-22.png",
classify	Classify full diff, including deletions	2026-10-07T13:58:36.2325654Z     "spec/progress/evidence/LOOP1-CLIENT-GUI-001/mobile-header-20261007/anonymous/warm-login-14.png",
classify	Classify full diff, including deletions	2026-10-07T13:58:36.2326267Z     "spec/progress/evidence/LOOP1-CLIENT-GUI-001/mobile-header-20261007/anonymous/warm-login-16.png",
classify	Classify full diff, including deletions	2026-10-07T13:58:36.2326879Z     "spec/progress/evidence/LOOP1-CLIENT-GUI-001/mobile-header-20261007/anonymous/warm-login-22.png",
classify	Classify full diff, including deletions	2026-10-07T13:58:36.2327503Z     "spec/progress/evidence/LOOP1-CLIENT-GUI-001/mobile-header-20261007/anonymous/warm-register-14.png",
classify	Classify full diff, including deletions	2026-10-07T13:58:36.2328130Z     "spec/progress/evidence/LOOP1-CLIENT-GUI-001/mobile-header-20261007/anonymous/warm-register-16.png",
classify	Classify full diff, including deletions	2026-10-07T13:58:36.2328759Z     "spec/progress/evidence/LOOP1-CLIENT-GUI-001/mobile-header-20261007/anonymous/warm-register-22.png",
classify	Classify full diff, including deletions	2026-10-07T13:58:36.2329354Z     "spec/progress/evidence/LOOP1-CLIENT-GUI-001/mobile-header-20261007/authenticated.txt",
classify	Classify full diff, including deletions	2026-10-07T13:58:36.2329991Z     "spec/progress/evidence/LOOP1-CLIENT-GUI-001/mobile-header-20261007/authenticated/anonymous-login.png",
classify	Classify full diff, including deletions	2026-10-07T13:58:36.2330680Z     "spec/progress/evidence/LOOP1-CLIENT-GUI-001/mobile-header-20261007/authenticated/back-to-chat-list.png",
classify	Classify full diff, including deletions	2026-10-07T13:58:36.2331496Z     "spec/progress/evidence/LOOP1-CLIENT-GUI-001/mobile-header-20261007/authenticated/cold-ai.png",
classify	Classify full diff, including deletions	2026-10-07T13:58:36.2332152Z     "spec/progress/evidence/LOOP1-CLIENT-GUI-001/mobile-header-20261007/authenticated/cold-chat-list.png",
classify	Classify full diff, including deletions	2026-10-07T13:58:36.2332995Z     "spec/progress/evidence/LOOP1-CLIENT-GUI-001/mobile-header-20261007/authenticated/cold-conversation.png",
classify	Classify full diff, including deletions	2026-10-07T13:58:36.2333654Z     "spec/progress/evidence/LOOP1-CLIENT-GUI-001/mobile-header-20261007/authenticated/cold-friends.png",
classify	Classify full diff, including deletions	2026-10-07T13:58:36.2334305Z     "spec/progress/evidence/LOOP1-CLIENT-GUI-001/mobile-header-20261007/authenticated/cold-plugin.png",
classify	Classify full diff, including deletions	2026-10-07T13:58:36.2335007Z     "spec/progress/evidence/LOOP1-CLIENT-GUI-001/mobile-header-20261007/authenticated/cold-settings-theme.png",
classify	Classify full diff, including deletions	2026-10-07T13:58:36.2335684Z     "spec/progress/evidence/LOOP1-CLIENT-GUI-001/mobile-header-20261007/authenticated/logout-22.png",
classify	Classify full diff, including deletions	2026-10-07T13:58:36.2336365Z     "spec/progress/evidence/LOOP1-CLIENT-GUI-001/mobile-header-20261007/authenticated/registration-success.png",
classify	Classify full diff, including deletions	2026-10-07T13:58:36.2337057Z     "spec/progress/evidence/LOOP1-CLIENT-GUI-001/mobile-header-20261007/authenticated/registration.png",
classify	Classify full diff, including deletions	2026-10-07T13:58:36.2337822Z     "spec/progress/evidence/LOOP1-CLIENT-GUI-001/mobile-header-20261007/authenticated/sent.png",
classify	Classify full diff, including deletions	2026-10-07T13:58:36.2338477Z     "spec/progress/evidence/LOOP1-CLIENT-GUI-001/mobile-header-20261007/authenticated/warm-chat-list-22.png",
classify	Classify full diff, including deletions	2026-10-07T13:58:36.2339173Z     "spec/progress/evidence/LOOP1-CLIENT-GUI-001/mobile-header-20261007/authenticated/warm-conversation-22.png",
classify	Classify full diff, including deletions	2026-10-07T13:58:36.2339855Z     "spec/progress/evidence/LOOP1-CLIENT-GUI-001/mobile-header-20261007/authenticated/warm-friends.png",
classify	Classify full diff, including deletions	2026-10-07T13:58:36.2340519Z     "spec/progress/evidence/LOOP1-CLIENT-GUI-001/mobile-header-20261007/authenticated/warm-settings-22.png",
classify	Classify full diff, including deletions	2026-10-07T13:58:36.2341293Z     "spec/progress/evidence/LOOP1-CLIENT-GUI-001/mobile-header-20261007/final-state.json",
classify	Classify full diff, including deletions	2026-10-07T13:58:36.2341883Z     "spec/progress/evidence/LOOP1-CLIENT-GUI-001/mobile-header-20261007/human-reference.png",
classify	Classify full diff, including deletions	2026-10-07T13:58:36.2342437Z     "spec/progress/evidence/LOOP1-CLIENT-GUI-001/mobile-header-20261007/index.md",
classify	Classify full diff, including deletions	2026-10-07T13:58:36.2342972Z     "spec/progress/evidence/LOOP1-CLIENT-GUI-001/mobile-header-20261007/manifest.json",
classify	Classify full diff, including deletions	2026-10-07T13:58:36.2343534Z     "spec/progress/evidence/LOOP1-CLIENT-GUI-001/mobile-header-20261007/rollback-tls.txt",
classify	Classify full diff, including deletions	2026-10-07T13:58:36.2344098Z     "spec/progress/evidence/LOOP1-CLIENT-GUI-001/mobile-header-20261007/rollback.json",
classify	Classify full diff, including deletions	2026-10-07T13:58:36.2344644Z     "spec/progress/evidence/LOOP1-CLIENT-GUI-001/mobile-header-20261007/verification.md",
classify	Classify full diff, including deletions	2026-10-07T13:58:36.2345283Z     "spec/progress/evidence/LOOP1-CLIENT-GUI-001/mount-approved-20261004/android/1791093287704/cold-login.png",
classify	Classify full diff, including deletions	2026-10-07T13:58:36.2345974Z     "spec/progress/evidence/LOOP1-CLIENT-GUI-001/mount-approved-20261004/android/1791093287704/failure.png",
classify	Classify full diff, including deletions	2026-10-07T13:58:36.2346684Z     "spec/progress/evidence/LOOP1-CLIENT-GUI-001/mount-approved-20261004/android/gui-auth/1791093287704/cold-login.png",
classify	Classify full diff, including deletions	2026-10-07T13:58:36.2347433Z     "spec/progress/evidence/LOOP1-CLIENT-GUI-001/mount-approved-20261004/android/gui-auth/1791093287704/failure.png",
classify	Classify full diff, including deletions	2026-10-07T13:58:36.2348232Z     "spec/progress/evidence/LOOP1-CLIENT-GUI-001/mount-approved-20261004/android/gui-auth/1791093526872/1791094079041/cold-login.png",
classify	Classify full diff, including deletions	2026-10-07T13:58:36.2349069Z     "spec/progress/evidence/LOOP1-CLIENT-GUI-001/mount-approved-20261004/android/gui-auth/1791093526872/1791094079041/failure.png",
classify	Classify full diff, including deletions	2026-10-07T13:58:36.2349848Z     "spec/progress/evidence/LOOP1-CLIENT-GUI-001/mount-approved-20261004/android/gui-auth/1791093526872/cold-login.png",
classify	Classify full diff, including deletions	2026-10-07T13:58:36.2350581Z     "spec/progress/evidence/LOOP1-CLIENT-GUI-001/mount-approved-20261004/android/gui-auth/1791093526872/failure.png",
classify	Classify full diff, including deletions	2026-10-07T13:58:36.2351518Z     "spec/progress/evidence/LOOP1-CLIENT-GUI-001/mount-approved-20261004/android/gui-auth/1791093638826/1791093769156/cold-login.png",
classify	Classify full diff, including deletions	2026-10-07T13:58:36.2352331Z     "spec/progress/evidence/LOOP1-CLIENT-GUI-001/mount-approved-20261004/android/gui-auth/1791093638826/1791093769156/failure.png",
classify	Classify full diff, including deletions	2026-10-07T13:58:36.2353106Z     "spec/progress/evidence/LOOP1-CLIENT-GUI-001/mount-approved-20261004/android/gui-auth/1791093638826/cold-login.png",
classify	Classify full diff, including deletions	2026-10-07T13:58:36.2354012Z     "spec/progress/evidence/LOOP1-CLIENT-GUI-001/mount-approved-20261004/android/gui-auth/1791093638826/failure.png",
classify	Classify full diff, including deletions	2026-10-07T13:58:36.2354748Z     "spec/progress/evidence/LOOP1-CLIENT-GUI-001/mount-approved-20261004/android/gui-auth/1791093870821/cold-login.png",
classify	Classify full diff, including deletions	2026-10-07T13:58:36.2355472Z     "spec/progress/evidence/LOOP1-CLIENT-GUI-001/mount-approved-20261004/android/gui-auth/1791093870821/failure.png",
classify	Classify full diff, including deletions	2026-10-07T13:58:36.2356247Z     "spec/progress/evidence/LOOP1-CLIENT-GUI-001/mount-approved-20261004/android/gui-auth/1791094212992/1791093963327/cold-login.png",
classify	Classify full diff, including deletions	2026-10-07T13:58:36.2357066Z     "spec/progress/evidence/LOOP1-CLIENT-GUI-001/mount-approved-20261004/android/gui-auth/1791094212992/1791093963327/failure.png",
classify	Classify full diff, including deletions	2026-10-07T13:58:36.2357837Z     "spec/progress/evidence/LOOP1-CLIENT-GUI-001/mount-approved-20261004/android/gui-auth/1791094212992/cold-login.png",
classify	Classify full diff, including deletions	2026-10-07T13:58:36.2358734Z     "spec/progress/evidence/LOOP1-CLIENT-GUI-001/mount-approved-20261004/android/gui-auth/1791094212992/failure.png",
classify	Classify full diff, including deletions	2026-10-07T13:58:36.2359498Z     "spec/progress/evidence/LOOP1-CLIENT-GUI-001/mount-approved-20261004/android/gui-auth/1791094423339/cold-chat-history.png",
classify	Classify full diff, including deletions	2026-10-07T13:58:36.2360287Z     "spec/progress/evidence/LOOP1-CLIENT-GUI-001/mount-approved-20261004/android/gui-auth/1791094423339/cold-friends.png",
classify	Classify full diff, including deletions	2026-10-07T13:58:36.2361226Z     "spec/progress/evidence/LOOP1-CLIENT-GUI-001/mount-approved-20261004/android/gui-auth/1791094423339/cold-login.png",
classify	Classify full diff, including deletions	2026-10-07T13:58:36.2361952Z     "spec/progress/evidence/LOOP1-CLIENT-GUI-001/mount-approved-20261004/android/gui-auth/1791094423339/failure.png",
classify	Classify full diff, including deletions	2026-10-07T13:58:36.2362721Z     "spec/progress/evidence/LOOP1-CLIENT-GUI-001/mount-approved-20261004/android/gui-auth/1791094423339/friend-search-result.png",
classify	Classify full diff, including deletions	2026-10-07T13:58:36.2363530Z     "spec/progress/evidence/LOOP1-CLIENT-GUI-001/mount-approved-20261004/android/gui-auth/1791094648040/cold-chat-history.png",
classify	Classify full diff, including deletions	2026-10-07T13:58:36.2364319Z     "spec/progress/evidence/LOOP1-CLIENT-GUI-001/mount-approved-20261004/android/gui-auth/1791094648040/cold-friends.png",
classify	Classify full diff, including deletions	2026-10-07T13:58:36.2365058Z     "spec/progress/evidence/LOOP1-CLIENT-GUI-001/mount-approved-20261004/android/gui-auth/1791094648040/cold-login.png",
classify	Classify full diff, including deletions	2026-10-07T13:58:36.2365779Z     "spec/progress/evidence/LOOP1-CLIENT-GUI-001/mount-approved-20261004/android/gui-auth/1791094648040/failure.png",
classify	Classify full diff, including deletions	2026-10-07T13:58:36.2366534Z     "spec/progress/evidence/LOOP1-CLIENT-GUI-001/mount-approved-20261004/android/gui-auth/1791094648040/friend-search-result.png",
classify	Classify full diff, including deletions	2026-10-07T13:58:36.2367319Z     "spec/progress/evidence/LOOP1-CLIENT-GUI-001/mount-approved-20261004/android/gui-auth/1791094894883/cold-chat-history.png",
classify	Classify full diff, including deletions	2026-10-07T13:58:36.2368078Z     "spec/progress/evidence/LOOP1-CLIENT-GUI-001/mount-approved-20261004/android/gui-auth/1791094894883/cold-friends.png",
classify	Classify full diff, including deletions	2026-10-07T13:58:36.2368820Z     "spec/progress/evidence/LOOP1-CLIENT-GUI-001/mount-approved-20261004/android/gui-auth/1791094894883/cold-login.png",
classify	Classify full diff, including deletions	2026-10-07T13:58:36.2369541Z     "spec/progress/evidence/LOOP1-CLIENT-GUI-001/mount-approved-20261004/android/gui-auth/1791094894883/failure.png",
classify	Classify full diff, including deletions	2026-10-07T13:58:36.2370292Z     "spec/progress/evidence/LOOP1-CLIENT-GUI-001/mount-approved-20261004/android/gui-auth/1791094894883/friend-search-result.png",
classify	Classify full diff, including deletions	2026-10-07T13:58:36.2371239Z     "spec/progress/evidence/LOOP1-CLIENT-GUI-001/mount-approved-20261004/android/gui-auth/1791095080959/cold-chat-history.png",
classify	Classify full diff, including deletions	2026-10-07T13:58:36.2372007Z     "spec/progress/evidence/LOOP1-CLIENT-GUI-001/mount-approved-20261004/android/gui-auth/1791095080959/cold-friends.png",
classify	Classify full diff, including deletions	2026-10-07T13:58:36.2372742Z     "spec/progress/evidence/LOOP1-CLIENT-GUI-001/mount-approved-20261004/android/gui-auth/1791095080959/cold-login.png",
classify	Classify full diff, including deletions	2026-10-07T13:58:36.2373466Z     "spec/progress/evidence/LOOP1-CLIENT-GUI-001/mount-approved-20261004/android/gui-auth/1791095080959/failure.png",
classify	Classify full diff, including deletions	2026-10-07T13:58:36.2374249Z     "spec/progress/evidence/LOOP1-CLIENT-GUI-001/mount-approved-20261004/android/gui-auth/1791095080959/friend-search-result.png",
classify	Classify full diff, including deletions	2026-10-07T13:58:36.2375217Z     "spec/progress/evidence/LOOP1-CLIENT-GUI-001/mount-approved-20261004/android/gui-auth/1791095417634/diagnose-after-send.png",
classify	Classify full diff, including deletions	2026-10-07T13:58:36.2376023Z     "spec/progress/evidence/LOOP1-CLIENT-GUI-001/mount-approved-20261004/android/gui-auth/1791095417634/diagnose-before-send.png",
classify	Classify full diff, including deletions	2026-10-07T13:58:36.2376792Z     "spec/progress/evidence/LOOP1-CLIENT-GUI-001/mount-approved-20261004/android/gui-auth/1791095417634/failure.png",
classify	Classify full diff, including deletions	2026-10-07T13:58:36.2377553Z     "spec/progress/evidence/LOOP1-CLIENT-GUI-001/mount-approved-20261004/android/gui-auth/1791095669997/diagnose-after-send.png",
classify	Classify full diff, including deletions	2026-10-07T13:58:36.2378365Z     "spec/progress/evidence/LOOP1-CLIENT-GUI-001/mount-approved-20261004/android/gui-auth/1791095669997/diagnose-before-send.png",
classify	Classify full diff, including deletions	2026-10-07T13:58:36.2379120Z     "spec/progress/evidence/LOOP1-CLIENT-GUI-001/mount-approved-20261004/android/gui-auth/1791095669997/failure.png",
classify	Classify full diff, including deletions	2026-10-07T13:58:36.2380234Z     "spec/progress/evidence/LOOP1-CLIENT-GUI-001/mount-approved-20261004/android/gui-auth/1791095805100/diagnose-after-send.png",
classify	Classify full diff, including deletions	2026-10-07T13:58:36.2381195Z     "spec/progress/evidence/LOOP1-CLIENT-GUI-001/mount-approved-20261004/android/gui-auth/1791095805100/diagnose-before-send.png",
classify	Classify full diff, including deletions	2026-10-07T13:58:36.2381953Z     "spec/progress/evidence/LOOP1-CLIENT-GUI-001/mount-approved-20261004/android/gui-auth/1791095805100/failure.png",
classify	Classify full diff, including deletions	2026-10-07T13:58:36.2382712Z     "spec/progress/evidence/LOOP1-CLIENT-GUI-001/mount-approved-20261004/android/gui-auth/1791095965168/diagnose-after-send.png",
classify	Classify full diff, including deletions	2026-10-07T13:58:36.2383518Z     "spec/progress/evidence/LOOP1-CLIENT-GUI-001/mount-approved-20261004/android/gui-auth/1791095965168/diagnose-before-send.png",
classify	Classify full diff, including deletions	2026-10-07T13:58:36.2384315Z     "spec/progress/evidence/LOOP1-CLIENT-GUI-001/mount-approved-20261004/android/gui-auth/1791095965168/diagnose-sent.png",
classify	Classify full diff, including deletions	2026-10-07T13:58:36.2385134Z     "spec/progress/evidence/LOOP1-CLIENT-GUI-001/mount-approved-20261004/android/gui-auth/1791096247557/cold-chat-history.png",
classify	Classify full diff, including deletions	2026-10-07T13:58:36.2385924Z     "spec/progress/evidence/LOOP1-CLIENT-GUI-001/mount-approved-20261004/android/gui-auth/1791096247557/cold-friends.png",
classify	Classify full diff, including deletions	2026-10-07T13:58:36.2386681Z     "spec/progress/evidence/LOOP1-CLIENT-GUI-001/mount-approved-20261004/android/gui-auth/1791096247557/cold-login.png",
classify	Classify full diff, including deletions	2026-10-07T13:58:36.2387411Z     "spec/progress/evidence/LOOP1-CLIENT-GUI-001/mount-approved-20261004/android/gui-auth/1791096247557/failure.png",
classify	Classify full diff, including deletions	2026-10-07T13:58:36.2388176Z     "spec/progress/evidence/LOOP1-CLIENT-GUI-001/mount-approved-20261004/android/gui-auth/1791096247557/friend-search-result.png",
classify	Classify full diff, including deletions	2026-10-07T13:58:36.2388977Z     "spec/progress/evidence/LOOP1-CLIENT-GUI-001/mount-approved-20261004/android/gui-auth/1791096394394/cold-chat-history.png",
classify	Classify full diff, including deletions	2026-10-07T13:58:36.2389748Z     "spec/progress/evidence/LOOP1-CLIENT-GUI-001/mount-approved-20261004/android/gui-auth/1791096394394/cold-friends.png",
classify	Classify full diff, including deletions	2026-10-07T13:58:36.2390541Z     "spec/progress/evidence/LOOP1-CLIENT-GUI-001/mount-approved-20261004/android/gui-auth/1791096394394/cold-login.png",
classify	Classify full diff, including deletions	2026-10-07T13:58:36.2391421Z     "spec/progress/evidence/LOOP1-CLIENT-GUI-001/mount-approved-20261004/android/gui-auth/1791096394394/failure.png",
classify	Classify full diff, including deletions	2026-10-07T13:58:36.2392181Z     "spec/progress/evidence/LOOP1-CLIENT-GUI-001/mount-approved-20261004/android/gui-auth/1791096394394/friend-search-result.png",
classify	Classify full diff, including deletions	2026-10-07T13:58:36.2392971Z     "spec/progress/evidence/LOOP1-CLIENT-GUI-001/mount-approved-20261004/android/gui-auth/1791096557156/cold-chat-history.png",
classify	Classify full diff, including deletions	2026-10-07T13:58:36.2393740Z     "spec/progress/evidence/LOOP1-CLIENT-GUI-001/mount-approved-20261004/android/gui-auth/1791096557156/cold-friends.png",
classify	Classify full diff, including deletions	2026-10-07T13:58:36.2394478Z     "spec/progress/evidence/LOOP1-CLIENT-GUI-001/mount-approved-20261004/android/gui-auth/1791096557156/cold-login.png",
classify	Classify full diff, including deletions	2026-10-07T13:58:36.2395198Z     "spec/progress/evidence/LOOP1-CLIENT-GUI-001/mount-approved-20261004/android/gui-auth/1791096557156/failed.png",
classify	Classify full diff, including deletions	2026-10-07T13:58:36.2396082Z     "spec/progress/evidence/LOOP1-CLIENT-GUI-001/mount-approved-20261004/android/gui-auth/1791096557156/failure.png",
classify	Classify full diff, including deletions	2026-10-07T13:58:36.2396845Z     "spec/progress/evidence/LOOP1-CLIENT-GUI-001/mount-approved-20261004/android/gui-auth/1791096557156/friend-search-result.png",
classify	Classify full diff, including deletions	2026-10-07T13:58:36.2397646Z     "spec/progress/evidence/LOOP1-CLIENT-GUI-001/mount-approved-20261004/android/gui-auth/1791096557156/offline-history.png",
classify	Classify full diff, including deletions	2026-10-07T13:58:36.2398402Z     "spec/progress/evidence/LOOP1-CLIENT-GUI-001/mount-approved-20261004/android/gui-auth/1791096557156/sent.png",
classify	Classify full diff, including deletions	2026-10-07T13:58:36.2399215Z     "spec/progress/evidence/LOOP1-CLIENT-GUI-001/mount-approved-20261004/android/gui-auth/1791096910043/failure.png",
classify	Classify full diff, including deletions	2026-10-07T13:58:36.2399969Z     "spec/progress/evidence/LOOP1-CLIENT-GUI-001/mount-approved-20261004/android/gui-auth/1791096910043/restart-resume.png",
classify	Classify full diff, including deletions	2026-10-07T13:58:36.2400882Z     "spec/progress/evidence/LOOP1-CLIENT-GUI-001/mount-approved-20261004/android/gui-auth/1791097164351/existing-failed.png",
classify	Classify full diff, including deletions	2026-10-07T13:58:36.2401916Z     "spec/progress/evidence/LOOP1-CLIENT-GUI-001/mount-approved-20261004/android/gui-auth/1791097164351/failure.png",
classify	Classify full diff, including deletions	2026-10-07T13:58:36.2402698Z     "spec/progress/evidence/LOOP1-CLIENT-GUI-001/mount-approved-20261004/android/gui-auth/1791097164351/profile-refreshed.png",
classify	Classify full diff, including deletions	2026-10-07T13:58:36.2403494Z     "spec/progress/evidence/LOOP1-CLIENT-GUI-001/mount-approved-20261004/android/gui-auth/1791097164351/restart-resume.png",
classify	Classify full diff, including deletions	2026-10-07T13:58:36.2404265Z     "spec/progress/evidence/LOOP1-CLIENT-GUI-001/mount-approved-20261004/android/gui-auth/1791097164351/retry-sent.png",
classify	Classify full diff, including deletions	2026-10-07T13:58:36.2404997Z     "spec/progress/evidence/LOOP1-CLIENT-GUI-001/mount-approved-20261004/android/gui-auth/1791097884658/failure.png",
classify	Classify full diff, including deletions	2026-10-07T13:58:36.2405742Z     "spec/progress/evidence/LOOP1-CLIENT-GUI-001/mount-approved-20261004/android/gui-auth/1791097884658/restart-resume.png",
classify	Classify full diff, including deletions	2026-10-07T13:58:36.2406563Z     "spec/progress/evidence/LOOP1-CLIENT-GUI-001/mount-approved-20261004/android/gui-auth/1791097884658/warm-settings-14-compact.png",
classify	Classify full diff, including deletions	2026-10-07T13:58:36.2407410Z     "spec/progress/evidence/LOOP1-CLIENT-GUI-001/mount-approved-20261004/android/gui-auth/1791097884658/warm-settings-22-comfort.png",
classify	Classify full diff, including deletions	2026-10-07T13:58:36.2408218Z     "spec/progress/evidence/LOOP1-CLIENT-GUI-001/mount-approved-20261004/android/gui-auth/1791098217242/expiry-prepared.png",
classify	Classify full diff, including deletions	2026-10-07T13:58:36.2408977Z     "spec/progress/evidence/LOOP1-CLIENT-GUI-001/mount-approved-20261004/android/gui-auth/1791098217242/logout.png",
classify	Classify full diff, including deletions	2026-10-07T13:58:36.2409714Z     "spec/progress/evidence/LOOP1-CLIENT-GUI-001/mount-approved-20261004/android/gui-auth/1791098217242/restart-resume.png",
classify	Classify full diff, including deletions	2026-10-07T13:58:36.2410531Z     "spec/progress/evidence/LOOP1-CLIENT-GUI-001/mount-approved-20261004/android/gui-auth/1791098217242/second-account-isolated.png",
classify	Classify full diff, including deletions	2026-10-07T13:58:36.2411530Z     "spec/progress/evidence/LOOP1-CLIENT-GUI-001/mount-approved-20261004/android/gui-auth/1791098217242/second-account-logout.png",
classify	Classify full diff, including deletions	2026-10-07T13:58:36.2412377Z     "spec/progress/evidence/LOOP1-CLIENT-GUI-001/mount-approved-20261004/android/gui-auth/1791098341470/diagnose-after-send.png",
classify	Classify full diff, including deletions	2026-10-07T13:58:36.2413201Z     "spec/progress/evidence/LOOP1-CLIENT-GUI-001/mount-approved-20261004/android/gui-auth/1791098341470/diagnose-before-send.png",
classify	Classify full diff, including deletions	2026-10-07T13:58:36.2414008Z     "spec/progress/evidence/LOOP1-CLIENT-GUI-001/mount-approved-20261004/android/gui-auth/1791098341470/diagnose-sent.png",
classify	Classify full diff, including deletions	2026-10-07T13:58:36.2414803Z     "spec/progress/evidence/LOOP1-CLIENT-GUI-001/mount-approved-20261004/android/gui-auth/1791098510192/cold-chat-22-comfort.png",
classify	Classify full diff, including deletions	2026-10-07T13:58:36.2415639Z     "spec/progress/evidence/LOOP1-CLIENT-GUI-001/mount-approved-20261004/android/gui-auth/1791098510192/cold-settings-16-standard.png",
classify	Classify full diff, including deletions	2026-10-07T13:58:36.2416439Z     "spec/progress/evidence/LOOP1-CLIENT-GUI-001/mount-approved-20261004/android/gui-auth/1791098510192/failure.png",
classify	Classify full diff, including deletions	2026-10-07T13:58:36.2417205Z     "spec/progress/evidence/LOOP1-CLIENT-GUI-001/mount-approved-20261004/android/gui-auth/1791098510192/restart-resume.png",
classify	Classify full diff, including deletions	2026-10-07T13:58:36.2418146Z     "spec/progress/evidence/LOOP1-CLIENT-GUI-001/mount-approved-20261004/android/gui-auth/1791098510192/warm-chat-22-comfort.png",
classify	Classify full diff, including deletions	2026-10-07T13:58:36.2418983Z     "spec/progress/evidence/LOOP1-CLIENT-GUI-001/mount-approved-20261004/android/gui-auth/1791098510192/warm-settings-14-compact.png",
classify	Classify full diff, including deletions	2026-10-07T13:58:36.2419821Z     "spec/progress/evidence/LOOP1-CLIENT-GUI-001/mount-approved-20261004/android/gui-auth/1791098510192/warm-settings-22-comfort.png",
classify	Classify full diff, including deletions	2026-10-07T13:58:36.2420625Z     "spec/progress/evidence/LOOP1-CLIENT-GUI-001/mount-approved-20261004/android/gui-auth/1791098576733/existing-failed.png",
classify	Classify full diff, including deletions	2026-10-07T13:58:36.2421499Z     "spec/progress/evidence/LOOP1-CLIENT-GUI-001/mount-approved-20261004/android/gui-auth/1791098576733/failure.png",
classify	Classify full diff, including deletions	2026-10-07T13:58:36.2422272Z     "spec/progress/evidence/LOOP1-CLIENT-GUI-001/mount-approved-20261004/android/gui-auth/1791098576733/profile-refreshed.png",
classify	Classify full diff, including deletions	2026-10-07T13:58:36.2423200Z     "spec/progress/evidence/LOOP1-CLIENT-GUI-001/mount-approved-20261004/android/gui-auth/1791098576733/restart-resume.png",
classify	Classify full diff, including deletions	2026-10-07T13:58:36.2423978Z     "spec/progress/evidence/LOOP1-CLIENT-GUI-001/mount-approved-20261004/android/gui-auth/1791098576733/retry-sent.png",
classify	Classify full diff, including deletions	2026-10-07T13:58:36.2424764Z     "spec/progress/evidence/LOOP1-CLIENT-GUI-001/mount-approved-20261004/android/gui-auth/1791098725344/cold-chat-22-comfort.png",
classify	Classify full diff, including deletions	2026-10-07T13:58:36.2425608Z     "spec/progress/evidence/LOOP1-CLIENT-GUI-001/mount-approved-20261004/android/gui-auth/1791098725344/cold-settings-16-standard.png",
classify	Classify full diff, including deletions	2026-10-07T13:58:36.2426425Z     "spec/progress/evidence/LOOP1-CLIENT-GUI-001/mount-approved-20261004/android/gui-auth/1791098725344/restart-resume.png",
classify	Classify full diff, including deletions	2026-10-07T13:58:36.2427210Z     "spec/progress/evidence/LOOP1-CLIENT-GUI-001/mount-approved-20261004/android/gui-auth/1791098725344/warm-chat-22-comfort.png",
classify	Classify full diff, including deletions	2026-10-07T13:58:36.2428042Z     "spec/progress/evidence/LOOP1-CLIENT-GUI-001/mount-approved-20261004/android/gui-auth/1791098725344/warm-settings-14-compact.png",
classify	Classify full diff, including deletions	2026-10-07T13:58:36.2428884Z     "spec/progress/evidence/LOOP1-CLIENT-GUI-001/mount-approved-20261004/android/gui-auth/1791098725344/warm-settings-16-standard.png",
classify	Classify full diff, including deletions	2026-10-07T13:58:36.2429729Z     "spec/progress/evidence/LOOP1-CLIENT-GUI-001/mount-approved-20261004/android/gui-auth/1791098725344/warm-settings-22-comfort.png",
classify	Classify full diff, including deletions	2026-10-07T13:58:36.2430503Z     "spec/progress/evidence/LOOP1-CLIENT-GUI-001/mount-approved-20261004/android/gui-auth/1791098801698/failure.png",
classify	Classify full diff, including deletions	2026-10-07T13:58:36.2431669Z     "spec/progress/evidence/LOOP1-CLIENT-GUI-001/mount-approved-20261004/android/gui-auth/1791098801698/profile-refreshed.png",
classify	Classify full diff, including deletions	2026-10-07T13:58:36.2432627Z     "spec/progress/evidence/LOOP1-CLIENT-GUI-001/mount-approved-20261004/android/gui-auth/1791098801698/restart-resume.png",
classify	Classify full diff, including deletions	2026-10-07T13:58:36.2433392Z     "spec/progress/evidence/LOOP1-CLIENT-GUI-001/mount-approved-20261004/android/gui-auth/1791098801698/retry-sent.png",
classify	Classify full diff, including deletions	2026-10-07T13:58:36.2434153Z     "spec/progress/evidence/LOOP1-CLIENT-GUI-001/mount-approved-20261004/android/gui-auth/1791098885322/logout-continue",
classify	Classify full diff, including deletions	2026-10-07T13:58:36.2434906Z     "spec/progress/evidence/LOOP1-CLIENT-GUI-001/mount-approved-20261004/android/gui-auth/1791098885322/logout-ready",
classify	Classify full diff, including deletions	2026-10-07T13:58:36.2435692Z     "spec/progress/evidence/LOOP1-CLIENT-GUI-001/mount-approved-20261004/android/gui-auth/1791098885322/offline-logout-cleared.png",
classify	Classify full diff, including deletions	2026-10-07T13:58:36.2436498Z     "spec/progress/evidence/LOOP1-CLIENT-GUI-001/mount-approved-20261004/android/gui-auth/1791098885322/restart-resume.png",
classify	Classify full diff, including deletions	2026-10-07T13:58:36.2437245Z     "spec/progress/evidence/LOOP1-CLIENT-GUI-001/mount-approved-20261004/android/gui-auth/1791098933299/failure.png",
classify	Classify full diff, including deletions	2026-10-07T13:58:36.2437986Z     "spec/progress/evidence/LOOP1-CLIENT-GUI-001/mount-approved-20261004/android/gui-auth/1791098933299/restart-resume.png",
classify	Classify full diff, including deletions	2026-10-07T13:58:36.2438744Z     "spec/progress/evidence/LOOP1-CLIENT-GUI-001/mount-approved-20261004/android/gui-auth/1791098933299/send-continue",
classify	Classify full diff, including deletions	2026-10-07T13:58:36.2439674Z     "spec/progress/evidence/LOOP1-CLIENT-GUI-001/mount-approved-20261004/android/gui-auth/1791098933299/send-ready",
classify	Classify full diff, including deletions	2026-10-07T13:58:36.2440445Z     "spec/progress/evidence/LOOP1-CLIENT-GUI-001/mount-approved-20261004/android/gui-auth/1791099266312/controlled-send-sent.png",
classify	Classify full diff, including deletions	2026-10-07T13:58:36.2441809Z     "spec/progress/evidence/LOOP1-CLIENT-GUI-001/mount-approved-20261004/android/gui-auth/1791099266312/restart-resume.png",
classify	Classify full diff, including deletions	2026-10-07T13:58:36.2442946Z     "spec/progress/evidence/LOOP1-CLIENT-GUI-001/mount-approved-20261004/android/gui-auth/1791099266312/send-continue",
classify	Classify full diff, including deletions	2026-10-07T13:58:36.2443710Z     "spec/progress/evidence/LOOP1-CLIENT-GUI-001/mount-approved-20261004/android/gui-auth/1791099266312/send-ready",
classify	Classify full diff, including deletions	2026-10-07T13:58:36.2444437Z     "spec/progress/evidence/LOOP1-CLIENT-GUI-001/mount-approved-20261004/android/gui-auth/1791099266312/sending.png",
classify	Classify full diff, including deletions	2026-10-07T13:58:36.2445361Z     "spec/progress/evidence/LOOP1-CLIENT-GUI-001/mount-approved-20261004/android/gui-auth/1791099338163/profile-refreshed.png",
classify	Classify full diff, including deletions	2026-10-07T13:58:36.2446165Z     "spec/progress/evidence/LOOP1-CLIENT-GUI-001/mount-approved-20261004/android/gui-auth/1791099338163/restart-resume.png",
classify	Classify full diff, including deletions	2026-10-07T13:58:36.2446988Z     "spec/progress/evidence/LOOP1-CLIENT-GUI-001/mount-approved-20261004/android/gui-auth/1791099409284/session-expired-cleared.png",
classify	Classify full diff, including deletions	2026-10-07T13:58:36.2447686Z     "spec/progress/evidence/LOOP1-CLIENT-GUI-001/mount-approved-20261004/handoff.md",
classify	Classify full diff, including deletions	2026-10-07T13:58:36.2448225Z     "spec/progress/evidence/LOOP1-CLIENT-GUI-001/mount-approved-20261004/manifest.json",
classify	Classify full diff, including deletions	2026-10-07T13:58:36.2448846Z     "spec/progress/evidence/LOOP1-CLIENT-GUI-001/preliminary/android-login-navigation-fixed-v2.json",
classify	Classify full diff, including deletions	2026-10-07T13:58:36.2449506Z     "spec/progress/evidence/LOOP1-CLIENT-GUI-001/preliminary/android-login-navigation-fixed-v2.png",
classify	Classify full diff, including deletions	2026-10-07T13:58:36.2450152Z     "spec/progress/evidence/LOOP1-CLIENT-GUI-001/preliminary/android-login-navigation-fixed.png",
classify	Classify full diff, including deletions	2026-10-07T13:58:36.2450777Z     "spec/progress/evidence/LOOP1-CLIENT-GUI-001/preliminary/android-login-uncommitted.png",
classify	Classify full diff, including deletions	2026-10-07T13:58:36.2451436Z     "spec/progress/evidence/LOOP1-CLIENT-GUI-001/readiness/authority-gap.md",
classify	Classify full diff, including deletions	2026-10-07T13:58:36.2451944Z     "spec/progress/evidence/LOOP1-CLIENT-GUI-001/readiness/human-decisions.md",
classify	Classify full diff, including deletions	2026-10-07T13:58:36.2452430Z     "spec/progress/evidence/LOOP1-CLIENT-GUI-001/resume-20261004/handoff.md",
classify	Classify full diff, including deletions	2026-10-07T13:58:36.2452913Z     "spec/progress/evidence/LOOP1-CLIENT-GUI-001/resume-20261004/manifest.json",
classify	Classify full diff, including deletions	2026-10-07T13:58:36.2453443Z     "spec/progress/evidence/LOOP1-CLIENT-GUI-001/resume-20261004/windows/ai-9032ad6.jpg",
classify	Classify full diff, including deletions	2026-10-07T13:58:36.2454003Z     "spec/progress/evidence/LOOP1-CLIENT-GUI-001/resume-20261004/windows/cold-9032ad6.jpg",
classify	Classify full diff, including deletions	2026-10-07T13:58:36.2454629Z     "spec/progress/evidence/LOOP1-CLIENT-GUI-001/resume-20261004/windows/cold-settings-22-comfort.jpg",
classify	Classify full diff, including deletions	2026-10-07T13:58:36.2455304Z     "spec/progress/evidence/LOOP1-CLIENT-GUI-001/resume-20261004/windows/login-guard-enabled-9032ad6.jpg",
classify	Classify full diff, including deletions	2026-10-07T13:58:36.2455918Z     "spec/progress/evidence/LOOP1-CLIENT-GUI-001/resume-20261004/windows/min-9032ad6.jpg",
classify	Classify full diff, including deletions	2026-10-07T13:58:36.2456492Z     "spec/progress/evidence/LOOP1-CLIENT-GUI-001/resume-20261004/windows/plugin-9032ad6.jpg",
classify	Classify full diff, including deletions	2026-10-07T13:58:36.2457060Z     "spec/progress/evidence/LOOP1-CLIENT-GUI-001/resume-20261004/windows/warm-9032ad6.jpg",
classify	Classify full diff, including deletions	2026-10-07T13:58:36.2457610Z     "spec/progress/evidence/LOOP1-CLIENT-GUI-001/review-fix-20261007/android-state.json",
classify	Classify full diff, including deletions	2026-10-07T13:58:36.2458154Z     "spec/progress/evidence/LOOP1-CLIENT-GUI-001/review-fix-20261007/apk-hashes.json",
classify	Classify full diff, including deletions	2026-10-07T13:58:36.2458818Z     "spec/progress/evidence/LOOP1-CLIENT-GUI-001/review-fix-20261007/appearance-1791366143259743400/androidruntime.txt",
classify	Classify full diff, including deletions	2026-10-07T13:58:36.2459573Z     "spec/progress/evidence/LOOP1-CLIENT-GUI-001/review-fix-20261007/appearance-1791366143259743400/instrumentation.txt",
classify	Classify full diff, including deletions	2026-10-07T13:58:36.2460296Z     "spec/progress/evidence/LOOP1-CLIENT-GUI-001/review-fix-20261007/appearance-1791366143259743400/run.json",
classify	Classify full diff, including deletions	2026-10-07T13:58:36.2461315Z     "spec/progress/evidence/LOOP1-CLIENT-GUI-001/review-fix-20261007/appearance-1791366143259743400/screens/cold-chat-22-comfort.png",
classify	Classify full diff, including deletions	2026-10-07T13:58:36.2462202Z     "spec/progress/evidence/LOOP1-CLIENT-GUI-001/review-fix-20261007/appearance-1791366143259743400/screens/cold-settings-16-standard.png",
classify	Classify full diff, including deletions	2026-10-07T13:58:36.2463057Z     "spec/progress/evidence/LOOP1-CLIENT-GUI-001/review-fix-20261007/appearance-1791366143259743400/screens/restart-resume.png",
classify	Classify full diff, including deletions	2026-10-07T13:58:36.2463892Z     "spec/progress/evidence/LOOP1-CLIENT-GUI-001/review-fix-20261007/appearance-1791366143259743400/screens/warm-chat-22-comfort.png",
classify	Classify full diff, including deletions	2026-10-07T13:58:36.2464754Z     "spec/progress/evidence/LOOP1-CLIENT-GUI-001/review-fix-20261007/appearance-1791366143259743400/screens/warm-settings-14-compact.png",
classify	Classify full diff, including deletions	2026-10-07T13:58:36.2465634Z     "spec/progress/evidence/LOOP1-CLIENT-GUI-001/review-fix-20261007/appearance-1791366143259743400/screens/warm-settings-16-standard.png",
classify	Classify full diff, including deletions	2026-10-07T13:58:36.2466641Z     "spec/progress/evidence/LOOP1-CLIENT-GUI-001/review-fix-20261007/appearance-1791366143259743400/screens/warm-settings-22-comfort.png",
classify	Classify full diff, including deletions	2026-10-07T13:58:36.2467345Z     "spec/progress/evidence/LOOP1-CLIENT-GUI-001/review-fix-20261007/cleanup.json",
classify	Classify full diff, including deletions	2026-10-07T13:58:36.2467954Z     "spec/progress/evidence/LOOP1-CLIENT-GUI-001/review-fix-20261007/controlled-lock-1791366623140214500.txt",
classify	Classify full diff, including deletions	2026-10-07T13:58:36.2468589Z     "spec/progress/evidence/LOOP1-CLIENT-GUI-001/review-fix-20261007/controlled-lock.txt",
classify	Classify full diff, including deletions	2026-10-07T13:58:36.2469250Z     "spec/progress/evidence/LOOP1-CLIENT-GUI-001/review-fix-20261007/expiry-1791366329644977500/androidruntime.txt",
classify	Classify full diff, including deletions	2026-10-07T13:58:36.2469977Z     "spec/progress/evidence/LOOP1-CLIENT-GUI-001/review-fix-20261007/expiry-1791366329644977500/instrumentation.txt",
classify	Classify full diff, including deletions	2026-10-07T13:58:36.2470660Z     "spec/progress/evidence/LOOP1-CLIENT-GUI-001/review-fix-20261007/expiry-1791366329644977500/run.json",
classify	Classify full diff, including deletions	2026-10-07T13:58:36.2471521Z     "spec/progress/evidence/LOOP1-CLIENT-GUI-001/review-fix-20261007/expiry-1791366329644977500/screens/session-expired-cleared.png",
classify	Classify full diff, including deletions	2026-10-07T13:58:36.2472219Z     "spec/progress/evidence/LOOP1-CLIENT-GUI-001/review-fix-20261007/fix-report.md",
classify	Classify full diff, including deletions	2026-10-07T13:58:36.2472734Z     "spec/progress/evidence/LOOP1-CLIENT-GUI-001/review-fix-20261007/index.md",
classify	Classify full diff, including deletions	2026-10-07T13:58:36.2473364Z     "spec/progress/evidence/LOOP1-CLIENT-GUI-001/review-fix-20261007/isolation-1791366284562828100/androidruntime.txt",
classify	Classify full diff, including deletions	2026-10-07T13:58:36.2474115Z     "spec/progress/evidence/LOOP1-CLIENT-GUI-001/review-fix-20261007/isolation-1791366284562828100/instrumentation.txt",
classify	Classify full diff, including deletions	2026-10-07T13:58:36.2474841Z     "spec/progress/evidence/LOOP1-CLIENT-GUI-001/review-fix-20261007/isolation-1791366284562828100/run.json",
classify	Classify full diff, including deletions	2026-10-07T13:58:36.2475587Z     "spec/progress/evidence/LOOP1-CLIENT-GUI-001/review-fix-20261007/isolation-1791366284562828100/screens/expiry-prepared.png",
classify	Classify full diff, including deletions	2026-10-07T13:58:36.2476360Z     "spec/progress/evidence/LOOP1-CLIENT-GUI-001/review-fix-20261007/isolation-1791366284562828100/screens/logout.png",
classify	Classify full diff, including deletions	2026-10-07T13:58:36.2477128Z     "spec/progress/evidence/LOOP1-CLIENT-GUI-001/review-fix-20261007/isolation-1791366284562828100/screens/restart-resume.png",
classify	Classify full diff, including deletions	2026-10-07T13:58:36.2477969Z     "spec/progress/evidence/LOOP1-CLIENT-GUI-001/review-fix-20261007/isolation-1791366284562828100/screens/second-account-isolated.png",
classify	Classify full diff, including deletions	2026-10-07T13:58:36.2478840Z     "spec/progress/evidence/LOOP1-CLIENT-GUI-001/review-fix-20261007/isolation-1791366284562828100/screens/second-account-logout.png",
classify	Classify full diff, including deletions	2026-10-07T13:58:36.2479522Z     "spec/progress/evidence/LOOP1-CLIENT-GUI-001/review-fix-20261007/manifest.json",
classify	Classify full diff, including deletions	2026-10-07T13:58:36.2480136Z     "spec/progress/evidence/LOOP1-CLIENT-GUI-001/review-fix-20261007/matrix-1791365254772353800/androidruntime.txt",
classify	Classify full diff, including deletions	2026-10-07T13:58:36.2480853Z     "spec/progress/evidence/LOOP1-CLIENT-GUI-001/review-fix-20261007/matrix-1791365254772353800/instrumentation.txt",
classify	Classify full diff, including deletions	2026-10-07T13:58:36.2481754Z     "spec/progress/evidence/LOOP1-CLIENT-GUI-001/review-fix-20261007/matrix-1791365254772353800/run.json",
classify	Classify full diff, including deletions	2026-10-07T13:58:36.2482578Z     "spec/progress/evidence/LOOP1-CLIENT-GUI-001/review-fix-20261007/matrix-1791365254772353800/screens/failure.png",
classify	Classify full diff, including deletions	2026-10-07T13:58:36.2483292Z     "spec/progress/evidence/LOOP1-CLIENT-GUI-001/review-fix-20261007/matrix-1791365319897212700/androidruntime.txt",
classify	Classify full diff, including deletions	2026-10-07T13:58:36.2483997Z     "spec/progress/evidence/LOOP1-CLIENT-GUI-001/review-fix-20261007/matrix-1791365319897212700/instrumentation.txt",
classify	Classify full diff, including deletions	2026-10-07T13:58:36.2484670Z     "spec/progress/evidence/LOOP1-CLIENT-GUI-001/review-fix-20261007/matrix-1791365319897212700/run.json",
classify	Classify full diff, including deletions	2026-10-07T13:58:36.2485380Z     "spec/progress/evidence/LOOP1-CLIENT-GUI-001/review-fix-20261007/matrix-1791365319897212700/screens/cold-chat-history.png",
classify	Classify full diff, including deletions	2026-10-07T13:58:36.2486150Z     "spec/progress/evidence/LOOP1-CLIENT-GUI-001/review-fix-20261007/matrix-1791365319897212700/screens/cold-friends.png",
classify	Classify full diff, including deletions	2026-10-07T13:58:36.2487042Z     "spec/progress/evidence/LOOP1-CLIENT-GUI-001/review-fix-20261007/matrix-1791365319897212700/screens/cold-login.png",
classify	Classify full diff, including deletions	2026-10-07T13:58:36.2488034Z     "spec/progress/evidence/LOOP1-CLIENT-GUI-001/review-fix-20261007/matrix-1791365319897212700/screens/failure.png",
classify	Classify full diff, including deletions	2026-10-07T13:58:36.2488974Z     "spec/progress/evidence/LOOP1-CLIENT-GUI-001/review-fix-20261007/matrix-1791365319897212700/screens/friend-search-result.png",
classify	Classify full diff, including deletions	2026-10-07T13:58:36.2489878Z     "spec/progress/evidence/LOOP1-CLIENT-GUI-001/review-fix-20261007/matrix-1791365429559507700/androidruntime.txt",
classify	Classify full diff, including deletions	2026-10-07T13:58:36.2490748Z     "spec/progress/evidence/LOOP1-CLIENT-GUI-001/review-fix-20261007/matrix-1791365429559507700/instrumentation.txt",
classify	Classify full diff, including deletions	2026-10-07T13:58:36.2491772Z     "spec/progress/evidence/LOOP1-CLIENT-GUI-001/review-fix-20261007/matrix-1791365429559507700/run.json",
classify	Classify full diff, including deletions	2026-10-07T13:58:36.2492785Z     "spec/progress/evidence/LOOP1-CLIENT-GUI-001/review-fix-20261007/matrix-1791365429559507700/screens/cold-chat-history.png",
classify	Classify full diff, including deletions	2026-10-07T13:58:36.2493814Z     "spec/progress/evidence/LOOP1-CLIENT-GUI-001/review-fix-20261007/matrix-1791365429559507700/screens/cold-friends.png",
classify	Classify full diff, including deletions	2026-10-07T13:58:36.2494873Z     "spec/progress/evidence/LOOP1-CLIENT-GUI-001/review-fix-20261007/matrix-1791365429559507700/screens/cold-login.png",
classify	Classify full diff, including deletions	2026-10-07T13:58:36.2495971Z     "spec/progress/evidence/LOOP1-CLIENT-GUI-001/review-fix-20261007/matrix-1791365429559507700/screens/failure.png",
classify	Classify full diff, including deletions	2026-10-07T13:58:36.2497068Z     "spec/progress/evidence/LOOP1-CLIENT-GUI-001/review-fix-20261007/matrix-1791365429559507700/screens/friend-search-result.png",
classify	Classify full diff, including deletions	2026-10-07T13:58:36.2497906Z     "spec/progress/evidence/LOOP1-CLIENT-GUI-001/review-fix-20261007/matrix-1791365584160587800/androidruntime.txt",
classify	Classify full diff, including deletions	2026-10-07T13:58:36.2498625Z     "spec/progress/evidence/LOOP1-CLIENT-GUI-001/review-fix-20261007/matrix-1791365584160587800/instrumentation.txt",
classify	Classify full diff, including deletions	2026-10-07T13:58:36.2499305Z     "spec/progress/evidence/LOOP1-CLIENT-GUI-001/review-fix-20261007/matrix-1791365584160587800/run.json",
classify	Classify full diff, including deletions	2026-10-07T13:58:36.2500038Z     "spec/progress/evidence/LOOP1-CLIENT-GUI-001/review-fix-20261007/matrix-1791365584160587800/screens/cold-chat-history.png",
classify	Classify full diff, including deletions	2026-10-07T13:58:36.2500818Z     "spec/progress/evidence/LOOP1-CLIENT-GUI-001/review-fix-20261007/matrix-1791365584160587800/screens/cold-friends.png",
classify	Classify full diff, including deletions	2026-10-07T13:58:36.2501803Z     "spec/progress/evidence/LOOP1-CLIENT-GUI-001/review-fix-20261007/matrix-1791365584160587800/screens/cold-login.png",
classify	Classify full diff, including deletions	2026-10-07T13:58:36.2502552Z     "spec/progress/evidence/LOOP1-CLIENT-GUI-001/review-fix-20261007/matrix-1791365584160587800/screens/failure.png",
classify	Classify full diff, including deletions	2026-10-07T13:58:36.2503328Z     "spec/progress/evidence/LOOP1-CLIENT-GUI-001/review-fix-20261007/matrix-1791365584160587800/screens/friend-search-result.png",
classify	Classify full diff, including deletions	2026-10-07T13:58:36.2504108Z     "spec/progress/evidence/LOOP1-CLIENT-GUI-001/review-fix-20261007/matrix-1791365776960438300/androidruntime.txt",
classify	Classify full diff, including deletions	2026-10-07T13:58:36.2504835Z     "spec/progress/evidence/LOOP1-CLIENT-GUI-001/review-fix-20261007/matrix-1791365776960438300/instrumentation.txt",
classify	Classify full diff, including deletions	2026-10-07T13:58:36.2505734Z     "spec/progress/evidence/LOOP1-CLIENT-GUI-001/review-fix-20261007/matrix-1791365776960438300/run.json",
classify	Classify full diff, including deletions	2026-10-07T13:58:36.2506463Z     "spec/progress/evidence/LOOP1-CLIENT-GUI-001/review-fix-20261007/matrix-1791365776960438300/screens/cold-chat-history.png",
classify	Classify full diff, including deletions	2026-10-07T13:58:36.2507246Z     "spec/progress/evidence/LOOP1-CLIENT-GUI-001/review-fix-20261007/matrix-1791365776960438300/screens/cold-friends.png",
classify	Classify full diff, including deletions	2026-10-07T13:58:36.2507997Z     "spec/progress/evidence/LOOP1-CLIENT-GUI-001/review-fix-20261007/matrix-1791365776960438300/screens/cold-login.png",
classify	Classify full diff, including deletions	2026-10-07T13:58:36.2508724Z     "spec/progress/evidence/LOOP1-CLIENT-GUI-001/review-fix-20261007/matrix-1791365776960438300/screens/failure.png",
classify	Classify full diff, including deletions	2026-10-07T13:58:36.2509501Z     "spec/progress/evidence/LOOP1-CLIENT-GUI-001/review-fix-20261007/matrix-1791365776960438300/screens/friend-search-result.png",
classify	Classify full diff, including deletions	2026-10-07T13:58:36.2510393Z     "spec/progress/evidence/LOOP1-CLIENT-GUI-001/review-fix-20261007/matrix-1791365776960438300/screens/sent.png",
classify	Classify full diff, including deletions	2026-10-07T13:58:36.2511365Z     "spec/progress/evidence/LOOP1-CLIENT-GUI-001/review-fix-20261007/matrix-1791365922012864600/androidruntime.txt",
classify	Classify full diff, including deletions	2026-10-07T13:58:36.2512076Z     "spec/progress/evidence/LOOP1-CLIENT-GUI-001/review-fix-20261007/matrix-1791365922012864600/instrumentation.txt",
classify	Classify full diff, including deletions	2026-10-07T13:58:36.2512757Z     "spec/progress/evidence/LOOP1-CLIENT-GUI-001/review-fix-20261007/matrix-1791365922012864600/run.json",
classify	Classify full diff, including deletions	2026-10-07T13:58:36.2513474Z     "spec/progress/evidence/LOOP1-CLIENT-GUI-001/review-fix-20261007/matrix-1791365922012864600/screens/cold-chat-history.png",
classify	Classify full diff, including deletions	2026-10-07T13:58:36.2514257Z     "spec/progress/evidence/LOOP1-CLIENT-GUI-001/review-fix-20261007/matrix-1791365922012864600/screens/cold-friends.png",
classify	Classify full diff, including deletions	2026-10-07T13:58:36.2515013Z     "spec/progress/evidence/LOOP1-CLIENT-GUI-001/review-fix-20261007/matrix-1791365922012864600/screens/cold-login.png",
classify	Classify full diff, including deletions	2026-10-07T13:58:36.2515750Z     "spec/progress/evidence/LOOP1-CLIENT-GUI-001/review-fix-20261007/matrix-1791365922012864600/screens/failed.png",
classify	Classify full diff, including deletions	2026-10-07T13:58:36.2516472Z     "spec/progress/evidence/LOOP1-CLIENT-GUI-001/review-fix-20261007/matrix-1791365922012864600/screens/failure.png",
classify	Classify full diff, including deletions	2026-10-07T13:58:36.2517241Z     "spec/progress/evidence/LOOP1-CLIENT-GUI-001/review-fix-20261007/matrix-1791365922012864600/screens/friend-search-result.png",
classify	Classify full diff, including deletions	2026-10-07T13:58:36.2518040Z     "spec/progress/evidence/LOOP1-CLIENT-GUI-001/review-fix-20261007/matrix-1791365922012864600/screens/offline-history.png",
classify	Classify full diff, including deletions	2026-10-07T13:58:36.2518829Z     "spec/progress/evidence/LOOP1-CLIENT-GUI-001/review-fix-20261007/matrix-1791365922012864600/screens/profile-refreshed.png",
classify	Classify full diff, including deletions	2026-10-07T13:58:36.2519596Z     "spec/progress/evidence/LOOP1-CLIENT-GUI-001/review-fix-20261007/matrix-1791365922012864600/screens/retry-sent.png",
classify	Classify full diff, including deletions	2026-10-07T13:58:36.2520318Z     "spec/progress/evidence/LOOP1-CLIENT-GUI-001/review-fix-20261007/matrix-1791365922012864600/screens/sent.png",
classify	Classify full diff, including deletions	2026-10-07T13:58:36.2521208Z     "spec/progress/evidence/LOOP1-CLIENT-GUI-001/review-fix-20261007/matrix-1791366060092756900/androidruntime.txt",
classify	Classify full diff, including deletions	2026-10-07T13:58:36.2521942Z     "spec/progress/evidence/LOOP1-CLIENT-GUI-001/review-fix-20261007/matrix-1791366060092756900/instrumentation.txt",
classify	Classify full diff, including deletions	2026-10-07T13:58:36.2522635Z     "spec/progress/evidence/LOOP1-CLIENT-GUI-001/review-fix-20261007/matrix-1791366060092756900/run.json",
classify	Classify full diff, including deletions	2026-10-07T13:58:36.2523354Z     "spec/progress/evidence/LOOP1-CLIENT-GUI-001/review-fix-20261007/matrix-1791366060092756900/screens/cold-chat-history.png",
classify	Classify full diff, including deletions	2026-10-07T13:58:36.2524120Z     "spec/progress/evidence/LOOP1-CLIENT-GUI-001/review-fix-20261007/matrix-1791366060092756900/screens/cold-friends.png",
classify	Classify full diff, including deletions	2026-10-07T13:58:36.2524861Z     "spec/progress/evidence/LOOP1-CLIENT-GUI-001/review-fix-20261007/matrix-1791366060092756900/screens/cold-login.png",
classify	Classify full diff, including deletions	2026-10-07T13:58:36.2525588Z     "spec/progress/evidence/LOOP1-CLIENT-GUI-001/review-fix-20261007/matrix-1791366060092756900/screens/failed.png",
classify	Classify full diff, including deletions	2026-10-07T13:58:36.2526351Z     "spec/progress/evidence/LOOP1-CLIENT-GUI-001/review-fix-20261007/matrix-1791366060092756900/screens/friend-search-result.png",
classify	Classify full diff, including deletions	2026-10-07T13:58:36.2527377Z     "spec/progress/evidence/LOOP1-CLIENT-GUI-001/review-fix-20261007/matrix-1791366060092756900/screens/offline-history.png",
classify	Classify full diff, including deletions	2026-10-07T13:58:36.2528152Z     "spec/progress/evidence/LOOP1-CLIENT-GUI-001/review-fix-20261007/matrix-1791366060092756900/screens/profile-refreshed.png",
classify	Classify full diff, including deletions	2026-10-07T13:58:36.2528907Z     "spec/progress/evidence/LOOP1-CLIENT-GUI-001/review-fix-20261007/matrix-1791366060092756900/screens/retry-sent.png",
classify	Classify full diff, including deletions	2026-10-07T13:58:36.2529614Z     "spec/progress/evidence/LOOP1-CLIENT-GUI-001/review-fix-20261007/matrix-1791366060092756900/screens/sent.png",
classify	Classify full diff, including deletions	2026-10-07T13:58:36.2530359Z     "spec/progress/evidence/LOOP1-CLIENT-GUI-001/review-fix-20261007/matrix-1791366060092756900/screens/warm-chat-history.png",
classify	Classify full diff, including deletions	2026-10-07T13:58:36.2531310Z     "spec/progress/evidence/LOOP1-CLIENT-GUI-001/review-fix-20261007/offline-logout-1791366680412450800/androidruntime.txt",
classify	Classify full diff, including deletions	2026-10-07T13:58:36.2532226Z     "spec/progress/evidence/LOOP1-CLIENT-GUI-001/review-fix-20261007/offline-logout-1791366680412450800/instrumentation.txt",
classify	Classify full diff, including deletions	2026-10-07T13:58:36.2532958Z     "spec/progress/evidence/LOOP1-CLIENT-GUI-001/review-fix-20261007/offline-logout-1791366680412450800/run.json",
classify	Classify full diff, including deletions	2026-10-07T13:58:36.2533719Z     "spec/progress/evidence/LOOP1-CLIENT-GUI-001/review-fix-20261007/offline-logout-1791366680412450800/screens/logout-continue",
classify	Classify full diff, including deletions	2026-10-07T13:58:36.2534516Z     "spec/progress/evidence/LOOP1-CLIENT-GUI-001/review-fix-20261007/offline-logout-1791366680412450800/screens/logout-ready",
classify	Classify full diff, including deletions	2026-10-07T13:58:36.2535369Z     "spec/progress/evidence/LOOP1-CLIENT-GUI-001/review-fix-20261007/offline-logout-1791366680412450800/screens/offline-logout-cleared.png",
classify	Classify full diff, including deletions	2026-10-07T13:58:36.2536250Z     "spec/progress/evidence/LOOP1-CLIENT-GUI-001/review-fix-20261007/offline-logout-1791366680412450800/screens/restart-resume.png",
classify	Classify full diff, including deletions	2026-10-07T13:58:36.2537080Z     "spec/progress/evidence/LOOP1-CLIENT-GUI-001/review-fix-20261007/offline-logout-fixture-control-1791366677031148800.json",
classify	Classify full diff, including deletions	2026-10-07T13:58:36.2537796Z     "spec/progress/evidence/LOOP1-CLIENT-GUI-001/review-fix-20261007/postgres-durable.json",
classify	Classify full diff, including deletions	2026-10-07T13:58:36.2538387Z     "spec/progress/evidence/LOOP1-CLIENT-GUI-001/review-fix-20261007/recorder-validation.json",
classify	Classify full diff, including deletions	2026-10-07T13:58:36.2539047Z     "spec/progress/evidence/LOOP1-CLIENT-GUI-001/review-fix-20261007/refresh-1791366174894757500/androidruntime.txt",
classify	Classify full diff, including deletions	2026-10-07T13:58:36.2539776Z     "spec/progress/evidence/LOOP1-CLIENT-GUI-001/review-fix-20261007/refresh-1791366174894757500/instrumentation.txt",
classify	Classify full diff, including deletions	2026-10-07T13:58:36.2540475Z     "spec/progress/evidence/LOOP1-CLIENT-GUI-001/review-fix-20261007/refresh-1791366174894757500/run.json",
classify	Classify full diff, including deletions	2026-10-07T13:58:36.2541432Z     "spec/progress/evidence/LOOP1-CLIENT-GUI-001/review-fix-20261007/refresh-1791366174894757500/screens/profile-refreshed.png",
classify	Classify full diff, including deletions	2026-10-07T13:58:36.2542242Z     "spec/progress/evidence/LOOP1-CLIENT-GUI-001/review-fix-20261007/refresh-1791366174894757500/screens/restart-resume.png",
classify	Classify full diff, including deletions	2026-10-07T13:58:36.2542995Z     "spec/progress/evidence/LOOP1-CLIENT-GUI-001/review-fix-20261007/retry-1791366165478422200/androidruntime.txt",
classify	Classify full diff, including deletions	2026-10-07T13:58:36.2543719Z     "spec/progress/evidence/LOOP1-CLIENT-GUI-001/review-fix-20261007/retry-1791366165478422200/instrumentation.txt",
classify	Classify full diff, including deletions	2026-10-07T13:58:36.2544405Z     "spec/progress/evidence/LOOP1-CLIENT-GUI-001/review-fix-20261007/retry-1791366165478422200/run.json",
classify	Classify full diff, including deletions	2026-10-07T13:58:36.2545131Z     "spec/progress/evidence/LOOP1-CLIENT-GUI-001/review-fix-20261007/retry-1791366165478422200/screens/existing-failed.png",
classify	Classify full diff, including deletions	2026-10-07T13:58:36.2545908Z     "spec/progress/evidence/LOOP1-CLIENT-GUI-001/review-fix-20261007/retry-1791366165478422200/screens/profile-refreshed.png",
classify	Classify full diff, including deletions	2026-10-07T13:58:36.2546680Z     "spec/progress/evidence/LOOP1-CLIENT-GUI-001/review-fix-20261007/retry-1791366165478422200/screens/restart-resume.png",
classify	Classify full diff, including deletions	2026-10-07T13:58:36.2547431Z     "spec/progress/evidence/LOOP1-CLIENT-GUI-001/review-fix-20261007/retry-1791366165478422200/screens/retry-sent.png",
classify	Classify full diff, including deletions	2026-10-07T13:58:36.2548336Z     "spec/progress/evidence/LOOP1-CLIENT-GUI-001/review-fix-20261007/retry-1791366165478422200/screens/warm-chat-history.png",
classify	Classify full diff, including deletions	2026-10-07T13:58:36.2549107Z     "spec/progress/evidence/LOOP1-CLIENT-GUI-001/review-fix-20261007/retry-existing-1791366224919508300/androidruntime.txt",
classify	Classify full diff, including deletions	2026-10-07T13:58:36.2549878Z     "spec/progress/evidence/LOOP1-CLIENT-GUI-001/review-fix-20261007/retry-existing-1791366224919508300/instrumentation.txt",
classify	Classify full diff, including deletions	2026-10-07T13:58:36.2550615Z     "spec/progress/evidence/LOOP1-CLIENT-GUI-001/review-fix-20261007/retry-existing-1791366224919508300/run.json",
classify	Classify full diff, including deletions	2026-10-07T13:58:36.2551549Z     "spec/progress/evidence/LOOP1-CLIENT-GUI-001/review-fix-20261007/retry-existing-1791366268100780200/androidruntime.txt",
classify	Classify full diff, including deletions	2026-10-07T13:58:36.2552317Z     "spec/progress/evidence/LOOP1-CLIENT-GUI-001/review-fix-20261007/retry-existing-1791366268100780200/instrumentation.txt",
classify	Classify full diff, including deletions	2026-10-07T13:58:36.2553203Z     "spec/progress/evidence/LOOP1-CLIENT-GUI-001/review-fix-20261007/retry-existing-1791366268100780200/run.json",
classify	Classify full diff, including deletions	2026-10-07T13:58:36.2553996Z     "spec/progress/evidence/LOOP1-CLIENT-GUI-001/review-fix-20261007/retry-existing-1791366268100780200/screens/profile-refreshed.png",
classify	Classify full diff, including deletions	2026-10-07T13:58:36.2554848Z     "spec/progress/evidence/LOOP1-CLIENT-GUI-001/review-fix-20261007/retry-existing-1791366268100780200/screens/restart-resume.png",
classify	Classify full diff, including deletions	2026-10-07T13:58:36.2555678Z     "spec/progress/evidence/LOOP1-CLIENT-GUI-001/review-fix-20261007/retry-existing-1791366268100780200/screens/retry-sent.png",
classify	Classify full diff, including deletions	2026-10-07T13:58:36.2556503Z     "spec/progress/evidence/LOOP1-CLIENT-GUI-001/review-fix-20261007/retry-existing-1791366268100780200/screens/warm-chat-history.png",
classify	Classify full diff, including deletions	2026-10-07T13:58:36.2557199Z     "spec/progress/evidence/LOOP1-CLIENT-GUI-001/review-fix-20261007/rollback-tls.txt",
classify	Classify full diff, including deletions	2026-10-07T13:58:36.2557734Z     "spec/progress/evidence/LOOP1-CLIENT-GUI-001/review-fix-20261007/rollback.json",
classify	Classify full diff, including deletions	2026-10-07T13:58:36.2558364Z     "spec/progress/evidence/LOOP1-CLIENT-GUI-001/review-fix-20261007/sending-1791366418563454700/androidruntime.txt",
classify	Classify full diff, including deletions	2026-10-07T13:58:36.2559099Z     "spec/progress/evidence/LOOP1-CLIENT-GUI-001/review-fix-20261007/sending-1791366418563454700/instrumentation.txt",
classify	Classify full diff, including deletions	2026-10-07T13:58:36.2559803Z     "spec/progress/evidence/LOOP1-CLIENT-GUI-001/review-fix-20261007/sending-1791366418563454700/run.json",
classify	Classify full diff, including deletions	2026-10-07T13:58:36.2560506Z     "spec/progress/evidence/LOOP1-CLIENT-GUI-001/review-fix-20261007/sending-1791366418563454700/screens/failure.png",
classify	Classify full diff, including deletions	2026-10-07T13:58:36.2561542Z     "spec/progress/evidence/LOOP1-CLIENT-GUI-001/review-fix-20261007/sending-1791366418563454700/screens/restart-resume.png",
classify	Classify full diff, including deletions	2026-10-07T13:58:36.2562319Z     "spec/progress/evidence/LOOP1-CLIENT-GUI-001/review-fix-20261007/sending-1791366418563454700/screens/send-continue",
classify	Classify full diff, including deletions	2026-10-07T13:58:36.2563052Z     "spec/progress/evidence/LOOP1-CLIENT-GUI-001/review-fix-20261007/sending-1791366418563454700/screens/send-ready",
classify	Classify full diff, including deletions	2026-10-07T13:58:36.2563776Z     "spec/progress/evidence/LOOP1-CLIENT-GUI-001/review-fix-20261007/sending-1791366418563454700/screens/sending.png",
classify	Classify full diff, including deletions	2026-10-07T13:58:36.2564494Z     "spec/progress/evidence/LOOP1-CLIENT-GUI-001/review-fix-20261007/sending-1791366629725902600/androidruntime.txt",
classify	Classify full diff, including deletions	2026-10-07T13:58:36.2565214Z     "spec/progress/evidence/LOOP1-CLIENT-GUI-001/review-fix-20261007/sending-1791366629725902600/instrumentation.txt",
classify	Classify full diff, including deletions	2026-10-07T13:58:36.2565892Z     "spec/progress/evidence/LOOP1-CLIENT-GUI-001/review-fix-20261007/sending-1791366629725902600/run.json",
classify	Classify full diff, including deletions	2026-10-07T13:58:36.2566636Z     "spec/progress/evidence/LOOP1-CLIENT-GUI-001/review-fix-20261007/sending-1791366629725902600/screens/controlled-send-sent.png",
classify	Classify full diff, including deletions	2026-10-07T13:58:36.2567440Z     "spec/progress/evidence/LOOP1-CLIENT-GUI-001/review-fix-20261007/sending-1791366629725902600/screens/restart-resume.png",
classify	Classify full diff, including deletions	2026-10-07T13:58:36.2568193Z     "spec/progress/evidence/LOOP1-CLIENT-GUI-001/review-fix-20261007/sending-1791366629725902600/screens/send-continue",
classify	Classify full diff, including deletions	2026-10-07T13:58:36.2569058Z     "spec/progress/evidence/LOOP1-CLIENT-GUI-001/review-fix-20261007/sending-1791366629725902600/screens/send-ready",
classify	Classify full diff, including deletions	2026-10-07T13:58:36.2569782Z     "spec/progress/evidence/LOOP1-CLIENT-GUI-001/review-fix-20261007/sending-1791366629725902600/screens/sending.png",
classify	Classify full diff, including deletions	2026-10-07T13:58:36.2570514Z     "spec/progress/evidence/LOOP1-CLIENT-GUI-001/review-fix-20261007/sending-fixture-control-1791366629595343600.json",
classify	Classify full diff, including deletions	2026-10-07T13:58:36.2571401Z     "spec/progress/evidence/LOOP1-CLIENT-GUI-001/review-fix-20261007/sending-fixture-control.json",
classify	Classify full diff, including deletions	2026-10-07T13:58:36.2572183Z     "spec/progress/evidence/LOOP1-CLIENT-GUI-001/runtime/7ed032e542a2d57b97cd1c5bfd2a29d21b6d1598/android-local/cold-ai-unavailable.png",
classify	Classify full diff, including deletions	2026-10-07T13:58:36.2573109Z     "spec/progress/evidence/LOOP1-CLIENT-GUI-001/runtime/7ed032e542a2d57b97cd1c5bfd2a29d21b6d1598/android-local/cold-plugin-unavailable.png",
classify	Classify full diff, including deletions	2026-10-07T13:58:36.2574050Z     "spec/progress/evidence/LOOP1-CLIENT-GUI-001/runtime/7ed032e542a2d57b97cd1c5bfd2a29d21b6d1598/android-local/cold-settings-16-standard.png",
classify	Classify full diff, including deletions	2026-10-07T13:58:36.2575088Z     "spec/progress/evidence/LOOP1-CLIENT-GUI-001/runtime/7ed032e542a2d57b97cd1c5bfd2a29d21b6d1598/android-local/manifest.json",
classify	Classify full diff, including deletions	2026-10-07T13:58:36.2575971Z     "spec/progress/evidence/LOOP1-CLIENT-GUI-001/runtime/7ed032e542a2d57b97cd1c5bfd2a29d21b6d1598/android-local/warm-login-22-comfort.png",
classify	Classify full diff, including deletions	2026-10-07T13:58:36.2576935Z     "spec/progress/evidence/LOOP1-CLIENT-GUI-001/runtime/7ed032e542a2d57b97cd1c5bfd2a29d21b6d1598/android-local/warm-login-ime-22-comfort.png",
classify	Classify full diff, including deletions	2026-10-07T13:58:36.2577900Z     "spec/progress/evidence/LOOP1-CLIENT-GUI-001/runtime/7ed032e542a2d57b97cd1c5bfd2a29d21b6d1598/android-local/warm-login-scrolled-22-comfort.png",
classify	Classify full diff, including deletions	2026-10-07T13:58:36.2578857Z     "spec/progress/evidence/LOOP1-CLIENT-GUI-001/runtime/7ed032e542a2d57b97cd1c5bfd2a29d21b6d1598/android-local/warm-settings-22-comfort.png",
classify	Classify full diff, including deletions	2026-10-07T13:58:36.2579783Z     "spec/progress/evidence/LOOP1-CLIENT-GUI-001/runtime/7f84da199ef5a2ee14dcf70a4a00e4cd811cb8d0/android-local/cold-ai-unavailable.png",
classify	Classify full diff, including deletions	2026-10-07T13:58:36.2580715Z     "spec/progress/evidence/LOOP1-CLIENT-GUI-001/runtime/7f84da199ef5a2ee14dcf70a4a00e4cd811cb8d0/android-local/cold-plugin-unavailable.png",
classify	Classify full diff, including deletions	2026-10-07T13:58:36.2581869Z     "spec/progress/evidence/LOOP1-CLIENT-GUI-001/runtime/7f84da199ef5a2ee14dcf70a4a00e4cd811cb8d0/android-local/cold-settings-14-compact.png",
classify	Classify full diff, including deletions	2026-10-07T13:58:36.2582809Z     "spec/progress/evidence/LOOP1-CLIENT-GUI-001/runtime/7f84da199ef5a2ee14dcf70a4a00e4cd811cb8d0/android-local/cold-settings-16-standard.png",
classify	Classify full diff, including deletions	2026-10-07T13:58:36.2583732Z     "spec/progress/evidence/LOOP1-CLIENT-GUI-001/runtime/7f84da199ef5a2ee14dcf70a4a00e4cd811cb8d0/android-local/cold-settings-22-comfort.png",
classify	Classify full diff, including deletions	2026-10-07T13:58:36.2584607Z     "spec/progress/evidence/LOOP1-CLIENT-GUI-001/runtime/7f84da199ef5a2ee14dcf70a4a00e4cd811cb8d0/android-local/manifest.json",
classify	Classify full diff, including deletions	2026-10-07T13:58:36.2585470Z     "spec/progress/evidence/LOOP1-CLIENT-GUI-001/runtime/7f84da199ef5a2ee14dcf70a4a00e4cd811cb8d0/android-local/warm-login-22-comfort.png",
classify	Classify full diff, including deletions	2026-10-07T13:58:36.2586412Z     "spec/progress/evidence/LOOP1-CLIENT-GUI-001/runtime/7f84da199ef5a2ee14dcf70a4a00e4cd811cb8d0/android-local/warm-login-ime-22-comfort.png",
classify	Classify full diff, including deletions	2026-10-07T13:58:36.2587375Z     "spec/progress/evidence/LOOP1-CLIENT-GUI-001/runtime/7f84da199ef5a2ee14dcf70a4a00e4cd811cb8d0/android-local/warm-login-scrolled-22-comfort.png",
classify	Classify full diff, including deletions	2026-10-07T13:58:36.2588333Z     "spec/progress/evidence/LOOP1-CLIENT-GUI-001/runtime/7f84da199ef5a2ee14dcf70a4a00e4cd811cb8d0/android-local/warm-settings-14-compact.png",
classify	Classify full diff, including deletions	2026-10-07T13:58:36.2589264Z     "spec/progress/evidence/LOOP1-CLIENT-GUI-001/runtime/7f84da199ef5a2ee14dcf70a4a00e4cd811cb8d0/android-local/warm-settings-16-standard.png",
classify	Classify full diff, including deletions	2026-10-07T13:58:36.2590184Z     "spec/progress/evidence/LOOP1-CLIENT-GUI-001/runtime/7f84da199ef5a2ee14dcf70a4a00e4cd811cb8d0/android-local/warm-settings-22-comfort.png",
classify	Classify full diff, including deletions	2026-10-07T13:58:36.2591171Z     "spec/progress/evidence/LOOP1-CLIENT-GUI-001/second-resume-20261004/handoff.md",
classify	Classify full diff, including deletions	2026-10-07T13:58:36.2591907Z     "spec/progress/evidence/LOOP1-CLIENT-GUI-001/second-resume-20261004/helper-safety-review.md",
classify	Classify full diff, including deletions	2026-10-07T13:58:36.2592492Z     "spec/progress/evidence/LOOP1-CLIENT-GUI-001/second-resume-20261004/manifest.json",
classify	Classify full diff, including deletions	2026-10-07T13:58:36.2593099Z     "spec/progress/evidence/LOOP1-CLIENT-GUI-001/second-resume-20261004/remaining-proof-decision.md",
classify	Classify full diff, including deletions	2026-10-07T13:58:36.2593727Z     "spec/progress/evidence/LOOP1-CLIENT-GUI-001/second-resume-20261004/windows/shortcut.jpg",
classify	Classify full diff, including deletions	2026-10-07T13:58:36.2594310Z     "spec/progress/evidence/LOOP1-CLIENT-GUI-001/short-resume-20261007/command-index.json",
classify	Classify full diff, including deletions	2026-10-07T13:58:36.2594887Z     "spec/progress/evidence/LOOP1-CLIENT-GUI-001/short-resume-20261007/independent-review.md",
classify	Classify full diff, including deletions	2026-10-07T13:58:36.2595434Z     "spec/progress/evidence/LOOP1-CLIENT-GUI-001/short-resume-20261007/recovery.md",
classify	Classify full diff, including deletions	2026-10-07T13:58:36.2596070Z     "spec/progress/evidence/LOOP1-CLIENT-GUI-001/ui-update-20261007/android-authenticated/anonymous-login.png",
classify	Classify full diff, including deletions	2026-10-07T13:58:36.2596908Z     "spec/progress/evidence/LOOP1-CLIENT-GUI-001/ui-update-20261007/android-authenticated/back-to-chat-list.png",
classify	Classify full diff, including deletions	2026-10-07T13:58:36.2597622Z     "spec/progress/evidence/LOOP1-CLIENT-GUI-001/ui-update-20261007/android-authenticated/cold-chat-list.png",
classify	Classify full diff, including deletions	2026-10-07T13:58:36.2598317Z     "spec/progress/evidence/LOOP1-CLIENT-GUI-001/ui-update-20261007/android-authenticated/cold-conversation.png",
classify	Classify full diff, including deletions	2026-10-07T13:58:36.2599014Z     "spec/progress/evidence/LOOP1-CLIENT-GUI-001/ui-update-20261007/android-authenticated/cold-friends.png",
classify	Classify full diff, including deletions	2026-10-07T13:58:36.2599686Z     "spec/progress/evidence/LOOP1-CLIENT-GUI-001/ui-update-20261007/android-authenticated/logout-22.png",
classify	Classify full diff, including deletions	2026-10-07T13:58:36.2600383Z     "spec/progress/evidence/LOOP1-CLIENT-GUI-001/ui-update-20261007/android-authenticated/registration-success.png",
classify	Classify full diff, including deletions	2026-10-07T13:58:36.2601211Z     "spec/progress/evidence/LOOP1-CLIENT-GUI-001/ui-update-20261007/android-authenticated/registration.png",
classify	Classify full diff, including deletions	2026-10-07T13:58:36.2601923Z     "spec/progress/evidence/LOOP1-CLIENT-GUI-001/ui-update-20261007/android-authenticated/sent.png",
classify	Classify full diff, including deletions	2026-10-07T13:58:36.2602604Z     "spec/progress/evidence/LOOP1-CLIENT-GUI-001/ui-update-20261007/android-authenticated/warm-chat-list-22.png",
classify	Classify full diff, including deletions	2026-10-07T13:58:36.2603322Z     "spec/progress/evidence/LOOP1-CLIENT-GUI-001/ui-update-20261007/android-authenticated/warm-conversation-22.png",
classify	Classify full diff, including deletions	2026-10-07T13:58:36.2604022Z     "spec/progress/evidence/LOOP1-CLIENT-GUI-001/ui-update-20261007/android-authenticated/warm-friends.png",
classify	Classify full diff, including deletions	2026-10-07T13:58:36.2604710Z     "spec/progress/evidence/LOOP1-CLIENT-GUI-001/ui-update-20261007/android-authenticated/warm-settings-22.png",
classify	Classify full diff, including deletions	2026-10-07T13:58:36.2605403Z     "spec/progress/evidence/LOOP1-CLIENT-GUI-001/ui-update-20261007/android-failed/1791349863554/failure.png",
classify	Classify full diff, including deletions	2026-10-07T13:58:36.2606099Z     "spec/progress/evidence/LOOP1-CLIENT-GUI-001/ui-update-20261007/android-failed/1791350160163/anonymous-login.png",
classify	Classify full diff, including deletions	2026-10-07T13:58:36.2606825Z     "spec/progress/evidence/LOOP1-CLIENT-GUI-001/ui-update-20261007/android-failed/1791350160163/cold-chat-list.png",
classify	Classify full diff, including deletions	2026-10-07T13:58:36.2607565Z     "spec/progress/evidence/LOOP1-CLIENT-GUI-001/ui-update-20261007/android-failed/1791350160163/cold-conversation.png",
classify	Classify full diff, including deletions	2026-10-07T13:58:36.2608295Z     "spec/progress/evidence/LOOP1-CLIENT-GUI-001/ui-update-20261007/android-failed/1791350160163/cold-friends.png",
classify	Classify full diff, including deletions	2026-10-07T13:58:36.2608980Z     "spec/progress/evidence/LOOP1-CLIENT-GUI-001/ui-update-20261007/android-failed/1791350160163/failure.png",
classify	Classify full diff, including deletions	2026-10-07T13:58:36.2609699Z     "spec/progress/evidence/LOOP1-CLIENT-GUI-001/ui-update-20261007/android-failed/1791350160163/registration-success.png",
classify	Classify full diff, including deletions	2026-10-07T13:58:36.2610446Z     "spec/progress/evidence/LOOP1-CLIENT-GUI-001/ui-update-20261007/android-failed/1791350160163/registration.png",
classify	Classify full diff, including deletions	2026-10-07T13:58:36.2611262Z     "spec/progress/evidence/LOOP1-CLIENT-GUI-001/ui-update-20261007/android-failed/1791350284840/anonymous-login.png",
classify	Classify full diff, including deletions	2026-10-07T13:58:36.2611986Z     "spec/progress/evidence/LOOP1-CLIENT-GUI-001/ui-update-20261007/android-failed/1791350284840/cold-chat-list.png",
classify	Classify full diff, including deletions	2026-10-07T13:58:36.2612860Z     "spec/progress/evidence/LOOP1-CLIENT-GUI-001/ui-update-20261007/android-failed/1791350284840/cold-conversation.png",
classify	Classify full diff, including deletions	2026-10-07T13:58:36.2613582Z     "spec/progress/evidence/LOOP1-CLIENT-GUI-001/ui-update-20261007/android-failed/1791350284840/cold-friends.png",
classify	Classify full diff, including deletions	2026-10-07T13:58:36.2614253Z     "spec/progress/evidence/LOOP1-CLIENT-GUI-001/ui-update-20261007/android-failed/1791350284840/failure.png",
classify	Classify full diff, including deletions	2026-10-07T13:58:36.2614974Z     "spec/progress/evidence/LOOP1-CLIENT-GUI-001/ui-update-20261007/android-failed/1791350284840/registration-success.png",
classify	Classify full diff, including deletions	2026-10-07T13:58:36.2615696Z     "spec/progress/evidence/LOOP1-CLIENT-GUI-001/ui-update-20261007/android-failed/1791350284840/registration.png",
classify	Classify full diff, including deletions	2026-10-07T13:58:36.2616376Z     "spec/progress/evidence/LOOP1-CLIENT-GUI-001/ui-update-20261007/android-failed/1791350284840/sent.png",
classify	Classify full diff, including deletions	2026-10-07T13:58:36.2617001Z     "spec/progress/evidence/LOOP1-CLIENT-GUI-001/ui-update-20261007/android-rollback.json",
classify	Classify full diff, including deletions	2026-10-07T13:58:36.2617674Z     "spec/progress/evidence/LOOP1-CLIENT-GUI-001/ui-update-20261007/artifacts.json",
classify	Classify full diff, including deletions	2026-10-07T13:58:36.2618222Z     "spec/progress/evidence/LOOP1-CLIENT-GUI-001/ui-update-20261007/capture-manifest.json",
classify	Classify full diff, including deletions	2026-10-07T13:58:36.2618763Z     "spec/progress/evidence/LOOP1-CLIENT-GUI-001/ui-update-20261007/final-state.json",
classify	Classify full diff, including deletions	2026-10-07T13:58:36.2619309Z     "spec/progress/evidence/LOOP1-CLIENT-GUI-001/ui-update-20261007/local-verification.md",
classify	Classify full diff, including deletions	2026-10-07T13:58:36.2619884Z     "spec/progress/evidence/LOOP1-CLIENT-GUI-001/ui-update-20261007/new-trust-approval.json",
classify	Classify full diff, including deletions	2026-10-07T13:58:36.2620487Z     "spec/progress/evidence/LOOP1-CLIENT-GUI-001/ui-update-20261007/preserved-screenshots.json",
classify	Classify full diff, including deletions	2026-10-07T13:58:36.2621195Z     "spec/progress/evidence/LOOP1-CLIENT-GUI-001/ui-update-20261007/windows-anonymous/login.jpg",
classify	Classify full diff, including deletions	2026-10-07T13:58:36.2621832Z     "spec/progress/evidence/LOOP1-CLIENT-GUI-001/ui-update-20261007/windows-anonymous/registration.jpg",
classify	Classify full diff, including deletions	2026-10-07T13:58:36.2622446Z     "spec/progress/evidence/LOOP1-CLIENT-GUI-001/ui-update-20261007/windows-rollback.json",
classify	Classify full diff, including deletions	2026-10-07T13:58:36.2622946Z     "spec/progress/evidence/LOOP1-CLIENT-GUI-001/verification.md",
classify	Classify full diff, including deletions	2026-10-07T13:58:36.2623522Z     "spec/progress/evidence/LOOP1-CLIENT-GUI-001/window-rows-20261007/android-authenticated/anonymous-login.png",
classify	Classify full diff, including deletions	2026-10-07T13:58:36.2624260Z     "spec/progress/evidence/LOOP1-CLIENT-GUI-001/window-rows-20261007/android-authenticated/back-to-chat-list.png",
classify	Classify full diff, including deletions	2026-10-07T13:58:36.2624989Z     "spec/progress/evidence/LOOP1-CLIENT-GUI-001/window-rows-20261007/android-authenticated/cold-chat-list.png",
classify	Classify full diff, including deletions	2026-10-07T13:58:36.2625705Z     "spec/progress/evidence/LOOP1-CLIENT-GUI-001/window-rows-20261007/android-authenticated/cold-conversation.png",
classify	Classify full diff, including deletions	2026-10-07T13:58:36.2626411Z     "spec/progress/evidence/LOOP1-CLIENT-GUI-001/window-rows-20261007/android-authenticated/cold-friends.png",
classify	Classify full diff, including deletions	2026-10-07T13:58:36.2627094Z     "spec/progress/evidence/LOOP1-CLIENT-GUI-001/window-rows-20261007/android-authenticated/logout-22.png",
classify	Classify full diff, including deletions	2026-10-07T13:58:36.2627824Z     "spec/progress/evidence/LOOP1-CLIENT-GUI-001/window-rows-20261007/android-authenticated/registration-success.png",
classify	Classify full diff, including deletions	2026-10-07T13:58:36.2628553Z     "spec/progress/evidence/LOOP1-CLIENT-GUI-001/window-rows-20261007/android-authenticated/registration.png",
classify	Classify full diff, including deletions	2026-10-07T13:58:36.2629215Z     "spec/progress/evidence/LOOP1-CLIENT-GUI-001/window-rows-20261007/android-authenticated/sent.png",
classify	Classify full diff, including deletions	2026-10-07T13:58:36.2629897Z     "spec/progress/evidence/LOOP1-CLIENT-GUI-001/window-rows-20261007/android-authenticated/warm-chat-list-22.png",
classify	Classify full diff, including deletions	2026-10-07T13:58:36.2630631Z     "spec/progress/evidence/LOOP1-CLIENT-GUI-001/window-rows-20261007/android-authenticated/warm-conversation-22.png",
classify	Classify full diff, including deletions	2026-10-07T13:58:36.2631447Z     "spec/progress/evidence/LOOP1-CLIENT-GUI-001/window-rows-20261007/android-authenticated/warm-friends.png",
classify	Classify full diff, including deletions	2026-10-07T13:58:36.2632154Z     "spec/progress/evidence/LOOP1-CLIENT-GUI-001/window-rows-20261007/android-authenticated/warm-settings-22.png",
classify	Classify full diff, including deletions	2026-10-07T13:58:36.2632962Z     "spec/progress/evidence/LOOP1-CLIENT-GUI-001/window-rows-20261007/android-rollback.json",
classify	Classify full diff, including deletions	2026-10-07T13:58:36.2633551Z     "spec/progress/evidence/LOOP1-CLIENT-GUI-001/window-rows-20261007/capture-manifest.json",
classify	Classify full diff, including deletions	2026-10-07T13:58:36.2634121Z     "spec/progress/evidence/LOOP1-CLIENT-GUI-001/window-rows-20261007/certificate-import.md",
classify	Classify full diff, including deletions	2026-10-07T13:58:36.2634341Z     "spec/progress/evidence/LOOP1-CLIENT-GUI-001/window-rows-20261007/diagnosis.md",
classify	Classify full diff, including deletions	2026-10-07T13:58:36.2634579Z     "spec/progress/evidence/LOOP1-CLIENT-GUI-001/window-rows-20261007/final-state.json",
classify	Classify full diff, including deletions	2026-10-07T13:58:36.2634816Z     "spec/progress/evidence/LOOP1-CLIENT-GUI-001/window-rows-20261007/implementation.json",
classify	Classify full diff, including deletions	2026-10-07T13:58:36.2635064Z     "spec/progress/evidence/LOOP1-CLIENT-GUI-001/window-rows-20261007/manual-inspection.md",
classify	Classify full diff, including deletions	2026-10-07T13:58:36.2635304Z     "spec/progress/evidence/LOOP1-CLIENT-GUI-001/window-rows-20261007/outside-sandbox.md",
classify	Classify full diff, including deletions	2026-10-07T13:58:36.2635692Z     "spec/progress/evidence/LOOP1-CLIENT-GUI-001/window-rows-20261007/reference-maximize.png",
classify	Classify full diff, including deletions	2026-10-07T13:58:36.2635952Z     "spec/progress/evidence/LOOP1-CLIENT-GUI-001/window-rows-20261007/reference-restore.png",
classify	Classify full diff, including deletions	2026-10-07T13:58:36.2636181Z     "spec/progress/evidence/LOOP1-CLIENT-GUI-001/window-rows-20261007/restart-check.md",
classify	Classify full diff, including deletions	2026-10-07T13:58:36.2636418Z     "spec/progress/evidence/LOOP1-CLIENT-GUI-001/window-rows-20261007/restart-error.log",
classify	Classify full diff, including deletions	2026-10-07T13:58:36.2636699Z     "spec/progress/evidence/LOOP1-CLIENT-GUI-001/window-rows-20261007/sandbox-failure-excerpt.log",
classify	Classify full diff, including deletions	2026-10-07T13:58:36.2636930Z     "spec/progress/evidence/LOOP1-CLIENT-GUI-001/window-rows-20261007/service-restart.md",
classify	Classify full diff, including deletions	2026-10-07T13:58:36.2637161Z     "spec/progress/evidence/LOOP1-CLIENT-GUI-001/window-rows-20261007/verification.md",
classify	Classify full diff, including deletions	2026-10-07T13:58:36.2637401Z     "spec/progress/evidence/LOOP1-CLIENT-GUI-001/window-rows-20261007/windows-package.json",
classify	Classify full diff, including deletions	2026-10-07T13:58:36.2637648Z     "spec/progress/evidence/LOOP1-CLIENT-GUI-001/window-rows-20261007/windows-rollback.json",
classify	Classify full diff, including deletions	2026-10-07T13:58:36.2637881Z     "spec/progress/evidence/LOOP1-CLIENT-GUI-001/window-rows-20261007/windows-tls.json",
classify	Classify full diff, including deletions	2026-10-07T13:58:36.2638111Z     "spec/progress/evidence/LOOP1-CLIENT-GUI-001/windows-continuation-package.json",
classify	Classify full diff, including deletions	2026-10-07T13:58:36.2638311Z     "spec/progress/evidence/LOOP1-CLIENT-GUI-001/windows-continuation.md",
classify	Classify full diff, including deletions	2026-10-07T13:58:36.2638566Z     "spec/progress/evidence/LOOP1-CLIENT-GUI-001/windows-tools-deferred-20261007/decision.md",
classify	Classify full diff, including deletions	2026-10-07T13:58:36.2638756Z     "spec/progress/evidence/LOOP1-CLIENT-NATIVE-ARCH-001/approval.md",
classify	Classify full diff, including deletions	2026-10-07T13:58:36.2638951Z     "spec/progress/evidence/LOOP1-CLIENT-NATIVE-ARCH-001/unified-batch.md",
classify	Classify full diff, including deletions	2026-10-07T13:58:36.2639143Z     "spec/progress/evidence/LOOP1-CLIENT-NATIVE-ARCH-001/verification.md",
classify	Classify full diff, including deletions	2026-10-07T13:58:36.2639269Z     "spec/tasks/backlog/LOOP1-CLIENT-GUI-001.md",
classify	Classify full diff, including deletions	2026-10-07T13:58:36.2639385Z     "spec/tasks/review/LOOP1-CLIENT-GUI-001.md",
classify	Classify full diff, including deletions	2026-10-07T13:58:36.2639535Z     "spec/tasks/review/LOOP1-CLIENT-NATIVE-ARCH-001.md",
classify	Classify full diff, including deletions	2026-10-07T13:58:36.2639635Z     "tests/clients/gui/android.py",
classify	Classify full diff, including deletions	2026-10-07T13:58:36.2639762Z     "tests/clients/gui/android_helper_trust.py",
classify	Classify full diff, including deletions	2026-10-07T13:58:36.2639867Z     "tests/clients/gui/android_mount_ro.c",
classify	Classify full diff, including deletions	2026-10-07T13:58:36.2639977Z     "tests/clients/gui/android_trust.py",
classify	Classify full diff, including deletions	2026-10-07T13:58:36.2640082Z     "tests/clients/gui/auth.mjs",
classify	Classify full diff, including deletions	2026-10-07T13:58:36.2640185Z     "tests/clients/gui/capture_android.py",
classify	Classify full diff, including deletions	2026-10-07T13:58:36.2640295Z     "tests/clients/gui/certificates.py",
classify	Classify full diff, including deletions	2026-10-07T13:58:36.2640393Z     "tests/clients/gui/check_sources.py",
classify	Classify full diff, including deletions	2026-10-07T13:58:36.2640498Z     "tests/clients/gui/composer.mjs",
classify	Classify full diff, including deletions	2026-10-07T13:58:36.2640595Z     "tests/clients/gui/desktop_render.mjs",
classify	Classify full diff, including deletions	2026-10-07T13:58:36.2640702Z     "tests/clients/gui/go_runtime.py",
classify	Classify full diff, including deletions	2026-10-07T13:58:36.2640805Z     "tests/clients/gui/hold_send.py",
classify	Classify full diff, including deletions	2026-10-07T13:58:36.2640902Z     "tests/clients/gui/native.py",
classify	Classify full diff, including deletions	2026-10-07T13:58:36.2641137Z     "tests/clients/gui/notification_history.ps1",
classify	Classify full diff, including deletions	2026-10-07T13:58:36.2641245Z     "tests/clients/gui/regressions.py",
classify	Classify full diff, including deletions	2026-10-07T13:58:36.2641485Z     "tests/clients/gui/windows_trust.ps1"
classify	Classify full diff, including deletions	2026-10-07T13:58:36.2641563Z   ],
classify	Classify full diff, including deletions	2026-10-07T13:58:36.2641654Z   "jobs": {
classify	Classify full diff, including deletions	2026-10-07T13:58:36.2641740Z     "go": true,
classify	Classify full diff, including deletions	2026-10-07T13:58:36.2641823Z     "java": true,
classify	Classify full diff, including deletions	2026-10-07T13:58:36.2641910Z     "web": true,
classify	Classify full diff, including deletions	2026-10-07T13:58:36.2641995Z     "desktop": true,
classify	Classify full diff, including deletions	2026-10-07T13:58:36.2642084Z     "mobile": true,
classify	Classify full diff, including deletions	2026-10-07T13:58:36.2642165Z     "shared": true,
classify	Classify full diff, including deletions	2026-10-07T13:58:36.2642257Z     "old_client": true,
classify	Classify full diff, including deletions	2026-10-07T13:58:36.2642337Z     "plugin": true,
classify	Classify full diff, including deletions	2026-10-07T13:58:36.2642428Z     "migration": true,
classify	Classify full diff, including deletions	2026-10-07T13:58:36.2642524Z     "compatibility": true,
classify	Classify full diff, including deletions	2026-10-07T13:58:36.2642615Z     "deploy": true,
classify	Classify full diff, including deletions	2026-10-07T13:58:36.2642711Z     "architecture": true,
classify	Classify full diff, including deletions	2026-10-07T13:58:36.2642795Z     "source_go": true,
classify	Classify full diff, including deletions	2026-10-07T13:58:36.2642890Z     "source_java": true
classify	Classify full diff, including deletions	2026-10-07T13:58:36.2642965Z   }
classify	Classify full diff, including deletions	2026-10-07T13:58:36.2643053Z }
classify	Post Run actions/checkout@v4	﻿2026-10-07T13:58:36.2792334Z Post job cleanup.
classify	Post Run actions/checkout@v4	2026-10-07T13:58:36.3688933Z [command]/usr/bin/git version
classify	Post Run actions/checkout@v4	2026-10-07T13:58:36.3735424Z git version 2.55.0
classify	Post Run actions/checkout@v4	2026-10-07T13:58:36.3774692Z Temporarily overriding HOME='/home/runner/work/_temp/7a4cb0a7-6d1f-435b-9738-df129acced78' before making global git config changes
classify	Post Run actions/checkout@v4	2026-10-07T13:58:36.3775943Z Adding repository directory to the temporary git global config as a safe directory
classify	Post Run actions/checkout@v4	2026-10-07T13:58:36.3779333Z [command]/usr/bin/git config --global --add safe.directory /home/runner/work/IM-platform/IM-platform
classify	Post Run actions/checkout@v4	2026-10-07T13:58:36.3822696Z [command]/usr/bin/git config --local --name-only --get-regexp core\.sshCommand
classify	Post Run actions/checkout@v4	2026-10-07T13:58:36.3860791Z [command]/usr/bin/git submodule foreach --recursive sh -c "git config --local --name-only --get-regexp 'core\.sshCommand' && git config --local --unset-all 'core.sshCommand' || :"
classify	Post Run actions/checkout@v4	2026-10-07T13:58:36.4136732Z [command]/usr/bin/git config --local --name-only --get-regexp http\.https\:\/\/github\.com\/\.extraheader
classify	Post Run actions/checkout@v4	2026-10-07T13:58:36.4163037Z http.https://github.com/.extraheader
classify	Post Run actions/checkout@v4	2026-10-07T13:58:36.4174562Z [command]/usr/bin/git config --local --unset-all http.https://github.com/.extraheader
classify	Post Run actions/checkout@v4	2026-10-07T13:58:36.4211274Z [command]/usr/bin/git submodule foreach --recursive sh -c "git config --local --name-only --get-regexp 'http\.https\:\/\/github\.com\/\.extraheader' && git config --local --unset-all 'http.https://github.com/.extraheader' || :"
classify	Post Run actions/checkout@v4	2026-10-07T13:58:36.4500420Z [command]/usr/bin/git config --local --name-only --get-regexp ^includeIf\.gitdir:
classify	Post Run actions/checkout@v4	2026-10-07T13:58:36.4543988Z [command]/usr/bin/git submodule foreach --recursive git config --local --show-origin --name-only --get-regexp remote.origin.url
classify	Complete job	﻿2026-10-07T13:58:36.4988364Z Evaluate and set job outputs
classify	Complete job	2026-10-07T13:58:36.4997453Z Set output 'go'
classify	Complete job	2026-10-07T13:58:36.4999061Z Set output 'java'
classify	Complete job	2026-10-07T13:58:36.4999761Z Set output 'web'
classify	Complete job	2026-10-07T13:58:36.5000065Z Set output 'desktop'
classify	Complete job	2026-10-07T13:58:36.5000393Z Set output 'mobile'
classify	Complete job	2026-10-07T13:58:36.5000702Z Set output 'shared'
classify	Complete job	2026-10-07T13:58:36.5001325Z Set output 'old_client'
classify	Complete job	2026-10-07T13:58:36.5001694Z Set output 'plugin'
classify	Complete job	2026-10-07T13:58:36.5002012Z Set output 'migration'
classify	Complete job	2026-10-07T13:58:36.5002336Z Set output 'compatibility'
classify	Complete job	2026-10-07T13:58:36.5002677Z Set output 'deploy'
classify	Complete job	2026-10-07T13:58:36.5003000Z Set output 'architecture'
classify	Complete job	2026-10-07T13:58:36.5003330Z Set output 'source_go'
classify	Complete job	2026-10-07T13:58:36.5003639Z Set output 'source_java'
classify	Complete job	2026-10-07T13:58:36.5004370Z Cleaning up orphan processes
classify	Complete job	2026-10-07T13:58:36.5306533Z ##[warning]Node.js 20 is deprecated. The following actions target Node.js 20 but are being forced to run on Node.js 24: actions/checkout@v4. For more information see: https://github.blog/changelog/2025-09-19-deprecation-of-node-20-on-github-actions-runners/
