mobile	Set up job	﻿2026-10-03T12:10:24.7801719Z Current runner version: '2.337.0'
mobile	Set up job	2026-10-03T12:10:24.7828064Z ##[group]Runner Image Provisioner
mobile	Set up job	2026-10-03T12:10:24.7829071Z Hosted Compute Agent
mobile	Set up job	2026-10-03T12:10:24.7829679Z Version: 20260901.588
mobile	Set up job	2026-10-03T12:10:24.7830447Z Commit: f88ec8081b781fac6c440065ac7ff9e710ce3d0b
mobile	Set up job	2026-10-03T12:10:24.7831206Z Build Date: 2026-09-01T19:56:44Z
mobile	Set up job	2026-10-03T12:10:24.7831906Z Worker ID: {bb88a9ee-bdd4-4339-bc2c-701db6fc0da5}
mobile	Set up job	2026-10-03T12:10:24.7832795Z Azure Region: eastus2
mobile	Set up job	2026-10-03T12:10:24.7833395Z ##[endgroup]
mobile	Set up job	2026-10-03T12:10:24.7835500Z ##[group]Operating System
mobile	Set up job	2026-10-03T12:10:24.7836305Z Ubuntu
mobile	Set up job	2026-10-03T12:10:24.7836860Z 24.04.5
mobile	Set up job	2026-10-03T12:10:24.7837901Z LTS
mobile	Set up job	2026-10-03T12:10:24.7838518Z ##[endgroup]
mobile	Set up job	2026-10-03T12:10:24.7839237Z ##[group]Runner Image
mobile	Set up job	2026-10-03T12:10:24.7839892Z Image: ubuntu-24.04
mobile	Set up job	2026-10-03T12:10:24.7840478Z Version: 20260927.320.1
mobile	Set up job	2026-10-03T12:10:24.7841668Z Included Software: https://github.com/actions/runner-images/blob/ubuntu24/20260927.320/images/ubuntu/Ubuntu2404-Readme.md
mobile	Set up job	2026-10-03T12:10:24.7843468Z Image Release: https://github.com/actions/runner-images/releases/tag/ubuntu24%2F20260927.320
mobile	Set up job	2026-10-03T12:10:24.7844696Z ##[endgroup]
mobile	Set up job	2026-10-03T12:10:24.7845825Z ##[group]GITHUB_TOKEN Permissions
mobile	Set up job	2026-10-03T12:10:24.7848326Z Contents: read
mobile	Set up job	2026-10-03T12:10:24.7848974Z Metadata: read
mobile	Set up job	2026-10-03T12:10:24.7849642Z ##[endgroup]
mobile	Set up job	2026-10-03T12:10:24.7851671Z Secret source: Actions
mobile	Set up job	2026-10-03T12:10:24.7852933Z Cache mode: write
mobile	Set up job	2026-10-03T12:10:24.7853888Z Prepare workflow directory
mobile	Set up job	2026-10-03T12:10:24.8185831Z Prepare all required actions
mobile	Set up job	2026-10-03T12:10:24.8234330Z Getting action download info
mobile	Set up job	2026-10-03T12:10:25.1097773Z Download action repository 'actions/checkout@v4' (SHA:11d5960a326750d5838078e36cf38b85af677262)
mobile	Set up job	2026-10-03T12:10:25.2145044Z Download action repository 'actions/setup-java@v4' (SHA:cf277c60eb25467037889841efdb72551f06f6c3)
mobile	Set up job	2026-10-03T12:10:25.5528733Z Download action repository 'android-actions/setup-android@v3' (SHA:9fc6c4e9069bf8d3d10b2204b1fb8f6ef7065407)
mobile	Set up job	2026-10-03T12:10:25.6792063Z Download action repository 'reactivecircus/android-emulator-runner@v2' (SHA:a421e43855164a8197daf9d8d40fe71c6996bb0d)
mobile	Set up job	2026-10-03T12:10:25.9546804Z Complete job name: mobile
mobile	Run actions/checkout@v4	﻿2026-10-03T12:10:26.0386080Z ##[group]Run actions/checkout@v4
mobile	Run actions/checkout@v4	2026-10-03T12:10:26.0387448Z with:
mobile	Run actions/checkout@v4	2026-10-03T12:10:26.0388098Z   ref: b8200783ea3eadc1ed4e4050238f051a7ab708b3
mobile	Run actions/checkout@v4	2026-10-03T12:10:26.0388966Z   repository: nilesthump/IM-platform
mobile	Run actions/checkout@v4	2026-10-03T12:10:26.0393261Z   token: ***
mobile	Run actions/checkout@v4	2026-10-03T12:10:26.0393839Z   ssh-strict: true
mobile	Run actions/checkout@v4	2026-10-03T12:10:26.0394684Z   ssh-user: git
mobile	Run actions/checkout@v4	2026-10-03T12:10:26.0395302Z   persist-credentials: true
mobile	Run actions/checkout@v4	2026-10-03T12:10:26.0395930Z   clean: true
mobile	Run actions/checkout@v4	2026-10-03T12:10:26.0396672Z   sparse-checkout-cone-mode: true
mobile	Run actions/checkout@v4	2026-10-03T12:10:26.0397397Z   fetch-depth: 1
mobile	Run actions/checkout@v4	2026-10-03T12:10:26.0398023Z   fetch-tags: false
mobile	Run actions/checkout@v4	2026-10-03T12:10:26.0398608Z   show-progress: true
mobile	Run actions/checkout@v4	2026-10-03T12:10:26.0399174Z   lfs: false
mobile	Run actions/checkout@v4	2026-10-03T12:10:26.0399851Z   submodules: false
mobile	Run actions/checkout@v4	2026-10-03T12:10:26.0400448Z   set-safe-directory: true
mobile	Run actions/checkout@v4	2026-10-03T12:10:26.0401169Z   allow-unsafe-pr-checkout: false
mobile	Run actions/checkout@v4	2026-10-03T12:10:26.0402191Z ##[endgroup]
mobile	Run actions/checkout@v4	2026-10-03T12:10:26.1421035Z Syncing repository: nilesthump/IM-platform
mobile	Run actions/checkout@v4	2026-10-03T12:10:26.1424196Z ##[group]Getting Git version info
mobile	Run actions/checkout@v4	2026-10-03T12:10:26.1426328Z Working directory is '/home/runner/work/IM-platform/IM-platform'
mobile	Run actions/checkout@v4	2026-10-03T12:10:26.1428544Z [command]/usr/bin/git version
mobile	Run actions/checkout@v4	2026-10-03T12:10:26.1510501Z git version 2.55.0
mobile	Run actions/checkout@v4	2026-10-03T12:10:26.1533916Z ##[endgroup]
mobile	Run actions/checkout@v4	2026-10-03T12:10:26.1550615Z Temporarily overriding HOME='/home/runner/work/_temp/7dc4666d-7638-4443-94c1-47b551820e21' before making global git config changes
mobile	Run actions/checkout@v4	2026-10-03T12:10:26.1553838Z Adding repository directory to the temporary git global config as a safe directory
mobile	Run actions/checkout@v4	2026-10-03T12:10:26.1556584Z [command]/usr/bin/git config --global --add safe.directory /home/runner/work/IM-platform/IM-platform
mobile	Run actions/checkout@v4	2026-10-03T12:10:26.1616212Z Deleting the contents of '/home/runner/work/IM-platform/IM-platform'
mobile	Run actions/checkout@v4	2026-10-03T12:10:26.1621187Z ##[group]Initializing the repository
mobile	Run actions/checkout@v4	2026-10-03T12:10:26.1625072Z [command]/usr/bin/git init /home/runner/work/IM-platform/IM-platform
mobile	Run actions/checkout@v4	2026-10-03T12:10:26.1781183Z hint: Using 'master' as the name for the initial branch. This default branch name
mobile	Run actions/checkout@v4	2026-10-03T12:10:26.1783466Z hint: will change to "main" in Git 3.0. To configure the initial branch name
mobile	Run actions/checkout@v4	2026-10-03T12:10:26.1786026Z hint: to use in all of your new repositories, which will suppress this warning,
mobile	Run actions/checkout@v4	2026-10-03T12:10:26.1787929Z hint: call:
mobile	Run actions/checkout@v4	2026-10-03T12:10:26.1788864Z hint:
mobile	Run actions/checkout@v4	2026-10-03T12:10:26.1789995Z hint: 	git config --global init.defaultBranch <name>
mobile	Run actions/checkout@v4	2026-10-03T12:10:26.1791285Z hint:
mobile	Run actions/checkout@v4	2026-10-03T12:10:26.1792645Z hint: Names commonly chosen instead of 'master' are 'main', 'trunk' and
mobile	Run actions/checkout@v4	2026-10-03T12:10:26.1794768Z hint: 'development'. The just-created branch can be renamed via this command:
mobile	Run actions/checkout@v4	2026-10-03T12:10:26.1796374Z hint:
mobile	Run actions/checkout@v4	2026-10-03T12:10:26.1797386Z hint: 	git branch -m <name>
mobile	Run actions/checkout@v4	2026-10-03T12:10:26.1798981Z hint:
mobile	Run actions/checkout@v4	2026-10-03T12:10:26.1801582Z hint: Disable this message with "git config set advice.defaultBranchName false"
mobile	Run actions/checkout@v4	2026-10-03T12:10:26.1806115Z Initialized empty Git repository in /home/runner/work/IM-platform/IM-platform/.git/
mobile	Run actions/checkout@v4	2026-10-03T12:10:26.1809207Z [command]/usr/bin/git remote add origin https://github.com/nilesthump/IM-platform
mobile	Run actions/checkout@v4	2026-10-03T12:10:26.1936355Z ##[endgroup]
mobile	Run actions/checkout@v4	2026-10-03T12:10:26.1937913Z ##[group]Disabling automatic garbage collection
mobile	Run actions/checkout@v4	2026-10-03T12:10:26.1939757Z [command]/usr/bin/git config --local gc.auto 0
mobile	Run actions/checkout@v4	2026-10-03T12:10:26.1943835Z ##[endgroup]
mobile	Run actions/checkout@v4	2026-10-03T12:10:26.1945508Z ##[group]Setting up auth
mobile	Run actions/checkout@v4	2026-10-03T12:10:26.1946356Z [command]/usr/bin/git config --local --name-only --get-regexp core\.sshCommand
mobile	Run actions/checkout@v4	2026-10-03T12:10:26.1982531Z [command]/usr/bin/git submodule foreach --recursive sh -c "git config --local --name-only --get-regexp 'core\.sshCommand' && git config --local --unset-all 'core.sshCommand' || :"
mobile	Run actions/checkout@v4	2026-10-03T12:10:26.2439098Z [command]/usr/bin/git config --local --name-only --get-regexp http\.https\:\/\/github\.com\/\.extraheader
mobile	Run actions/checkout@v4	2026-10-03T12:10:26.2476891Z [command]/usr/bin/git submodule foreach --recursive sh -c "git config --local --name-only --get-regexp 'http\.https\:\/\/github\.com\/\.extraheader' && git config --local --unset-all 'http.https://github.com/.extraheader' || :"
mobile	Run actions/checkout@v4	2026-10-03T12:10:26.2704128Z [command]/usr/bin/git config --local --name-only --get-regexp ^includeIf\.gitdir:
mobile	Run actions/checkout@v4	2026-10-03T12:10:26.2740211Z [command]/usr/bin/git submodule foreach --recursive git config --local --show-origin --name-only --get-regexp remote.origin.url
mobile	Run actions/checkout@v4	2026-10-03T12:10:26.2963484Z [command]/usr/bin/git config --local http.https://github.com/.extraheader AUTHORIZATION: basic ***
mobile	Run actions/checkout@v4	2026-10-03T12:10:26.3005048Z ##[endgroup]
mobile	Run actions/checkout@v4	2026-10-03T12:10:26.3005997Z ##[group]Fetching the repository
mobile	Run actions/checkout@v4	2026-10-03T12:10:26.3016123Z [command]/usr/bin/git -c protocol.version=2 fetch --no-tags --prune --no-recurse-submodules --depth=1 origin b8200783ea3eadc1ed4e4050238f051a7ab708b3
mobile	Run actions/checkout@v4	2026-10-03T12:10:27.8880736Z From https://github.com/nilesthump/IM-platform
mobile	Run actions/checkout@v4	2026-10-03T12:10:27.8886959Z  * branch            b8200783ea3eadc1ed4e4050238f051a7ab708b3 -> FETCH_HEAD
mobile	Run actions/checkout@v4	2026-10-03T12:10:27.8889322Z ##[endgroup]
mobile	Run actions/checkout@v4	2026-10-03T12:10:27.8890008Z ##[group]Determining the checkout info
mobile	Run actions/checkout@v4	2026-10-03T12:10:27.8892266Z ##[endgroup]
mobile	Run actions/checkout@v4	2026-10-03T12:10:27.8896325Z [command]/usr/bin/git sparse-checkout disable
mobile	Run actions/checkout@v4	2026-10-03T12:10:27.8956276Z [command]/usr/bin/git config --local --unset-all extensions.worktreeConfig
mobile	Run actions/checkout@v4	2026-10-03T12:10:27.8996528Z ##[group]Checking out the ref
mobile	Run actions/checkout@v4	2026-10-03T12:10:27.9001254Z [command]/usr/bin/git checkout --progress --force b8200783ea3eadc1ed4e4050238f051a7ab708b3
mobile	Run actions/checkout@v4	2026-10-03T12:10:28.4221158Z Note: switching to 'b8200783ea3eadc1ed4e4050238f051a7ab708b3'.
mobile	Run actions/checkout@v4	2026-10-03T12:10:28.4221857Z 
mobile	Run actions/checkout@v4	2026-10-03T12:10:28.4222170Z You are in 'detached HEAD' state. You can look around, make experimental
mobile	Run actions/checkout@v4	2026-10-03T12:10:28.4222863Z changes and commit them, and you can discard any commits you make in this
mobile	Run actions/checkout@v4	2026-10-03T12:10:28.4223540Z state without impacting any branches by switching back to a branch.
mobile	Run actions/checkout@v4	2026-10-03T12:10:28.4224818Z 
mobile	Run actions/checkout@v4	2026-10-03T12:10:28.4226661Z If you want to create a new branch to retain commits you create, you may
mobile	Run actions/checkout@v4	2026-10-03T12:10:28.4227326Z do so (now or later) by using -c with the switch command. Example:
mobile	Run actions/checkout@v4	2026-10-03T12:10:28.4227655Z 
mobile	Run actions/checkout@v4	2026-10-03T12:10:28.4227799Z   git switch -c <new-branch-name>
mobile	Run actions/checkout@v4	2026-10-03T12:10:28.4228009Z 
mobile	Run actions/checkout@v4	2026-10-03T12:10:28.4228159Z Or undo this operation with:
mobile	Run actions/checkout@v4	2026-10-03T12:10:28.4228367Z 
mobile	Run actions/checkout@v4	2026-10-03T12:10:28.4228484Z   git switch -
mobile	Run actions/checkout@v4	2026-10-03T12:10:28.4228667Z 
mobile	Run actions/checkout@v4	2026-10-03T12:10:28.4229382Z Turn off this advice by setting config variable advice.detachedHead to false
mobile	Run actions/checkout@v4	2026-10-03T12:10:28.4230073Z 
mobile	Run actions/checkout@v4	2026-10-03T12:10:28.4230734Z HEAD is now at b820078 Archive immutable recovery failure and clean local repair evidence
mobile	Run actions/checkout@v4	2026-10-03T12:10:28.4256888Z ##[endgroup]
mobile	Run actions/checkout@v4	2026-10-03T12:10:28.4305263Z [command]/usr/bin/git log -1 --format=%H
mobile	Run actions/checkout@v4	2026-10-03T12:10:28.4333138Z b8200783ea3eadc1ed4e4050238f051a7ab708b3
mobile	Run actions/setup-java@v4	﻿2026-10-03T12:10:28.4621347Z ##[group]Run actions/setup-java@v4
mobile	Run actions/setup-java@v4	2026-10-03T12:10:28.4621754Z with:
mobile	Run actions/setup-java@v4	2026-10-03T12:10:28.4622018Z   distribution: temurin
mobile	Run actions/setup-java@v4	2026-10-03T12:10:28.4622297Z   java-version: 17
mobile	Run actions/setup-java@v4	2026-10-03T12:10:28.4622550Z   java-package: jdk
mobile	Run actions/setup-java@v4	2026-10-03T12:10:28.4622809Z   check-latest: false
mobile	Run actions/setup-java@v4	2026-10-03T12:10:28.4623068Z   server-id: github
mobile	Run actions/setup-java@v4	2026-10-03T12:10:28.4623347Z   server-username: GITHUB_ACTOR
mobile	Run actions/setup-java@v4	2026-10-03T12:10:28.4623649Z   server-password: GITHUB_TOKEN
mobile	Run actions/setup-java@v4	2026-10-03T12:10:28.4623950Z   overwrite-settings: true
mobile	Run actions/setup-java@v4	2026-10-03T12:10:28.4624227Z   job-status: success
mobile	Run actions/setup-java@v4	2026-10-03T12:10:28.4627036Z   token: ***
mobile	Run actions/setup-java@v4	2026-10-03T12:10:28.4627310Z ##[endgroup]
mobile	Run actions/setup-java@v4	2026-10-03T12:10:28.6298077Z ##[warning]setup-java v4 is deprecated and will no longer receive updates. Please migrate to actions/setup-java@v5.
mobile	Run actions/setup-java@v4	2026-10-03T12:10:28.6306903Z ##[group]Installed distributions
mobile	Run actions/setup-java@v4	2026-10-03T12:10:28.6333805Z Resolved Java 17.0.20+1 from tool-cache
mobile	Run actions/setup-java@v4	2026-10-03T12:10:28.6334652Z Setting Java 17.0.20+1 as the default
mobile	Run actions/setup-java@v4	2026-10-03T12:10:28.6345352Z (node:2330) [DEP0040] DeprecationWarning: The `punycode` module is deprecated. Please use a userland alternative instead.
mobile	Run actions/setup-java@v4	2026-10-03T12:10:28.6346270Z (Use `node --trace-deprecation ...` to show where the warning was created)
mobile	Run actions/setup-java@v4	2026-10-03T12:10:28.6348772Z Creating toolchains.xml for JDK version 17 from temurin
mobile	Run actions/setup-java@v4	2026-10-03T12:10:28.6424696Z Writing to /home/runner/.m2/toolchains.xml
mobile	Run actions/setup-java@v4	2026-10-03T12:10:28.6425419Z 
mobile	Run actions/setup-java@v4	2026-10-03T12:10:28.6425592Z Java configuration:
mobile	Run actions/setup-java@v4	2026-10-03T12:10:28.6425916Z   Distribution: temurin
mobile	Run actions/setup-java@v4	2026-10-03T12:10:28.6426246Z   Version: 17.0.20+1
mobile	Run actions/setup-java@v4	2026-10-03T12:10:28.6426736Z   Path: /opt/hostedtoolcache/Java_Temurin-Hotspot_jdk/17.0.20-1/x64
mobile	Run actions/setup-java@v4	2026-10-03T12:10:28.6427130Z 
mobile	Run actions/setup-java@v4	2026-10-03T12:10:28.6427437Z ##[endgroup]
mobile	Run actions/setup-java@v4	2026-10-03T12:10:28.6442929Z Creating settings.xml with server-id: github
mobile	Run actions/setup-java@v4	2026-10-03T12:10:28.6471930Z Writing to /home/runner/.m2/settings.xml
mobile	Run android-actions/setup-android@v3	﻿2026-10-03T12:10:28.6666294Z ##[group]Run android-actions/setup-android@v3
mobile	Run android-actions/setup-android@v3	2026-10-03T12:10:28.6666643Z with:
mobile	Run android-actions/setup-android@v3	2026-10-03T12:10:28.6666848Z   packages: platform-tools
mobile	Run android-actions/setup-android@v3	2026-10-03T12:10:28.6667105Z   cmdline-tools-version: 12266719
mobile	Run android-actions/setup-android@v3	2026-10-03T12:10:28.6667394Z   accept-android-sdk-licenses: true
mobile	Run android-actions/setup-android@v3	2026-10-03T12:10:28.6667688Z   log-accepted-android-sdk-licenses: true
mobile	Run android-actions/setup-android@v3	2026-10-03T12:10:28.6667960Z env:
mobile	Run android-actions/setup-android@v3	2026-10-03T12:10:28.6668261Z   JAVA_HOME: /opt/hostedtoolcache/Java_Temurin-Hotspot_jdk/17.0.20-1/x64
mobile	Run android-actions/setup-android@v3	2026-10-03T12:10:28.6668768Z   JAVA_HOME_17_X64: /opt/hostedtoolcache/Java_Temurin-Hotspot_jdk/17.0.20-1/x64
mobile	Run android-actions/setup-android@v3	2026-10-03T12:10:28.6669159Z ##[endgroup]
mobile	Run android-actions/setup-android@v3	2026-10-03T12:10:28.7462321Z Found preinstalled sdkmanager in /usr/local/lib/android/sdk/cmdline-tools/latest with following source.properties:
mobile	Run android-actions/setup-android@v3	2026-10-03T12:10:28.7463452Z Pkg.Revision=12.0
mobile	Run android-actions/setup-android@v3	2026-10-03T12:10:28.7463925Z Pkg.Path=cmdline-tools;12.0
mobile	Run android-actions/setup-android@v3	2026-10-03T12:10:28.7464643Z Pkg.Desc=Android SDK Command-line Tools
mobile	Run android-actions/setup-android@v3	2026-10-03T12:10:28.7465012Z 
mobile	Run android-actions/setup-android@v3	2026-10-03T12:10:28.7465217Z Wrong version in preinstalled sdkmanager
mobile	Run android-actions/setup-android@v3	2026-10-03T12:10:28.7466371Z Downloading commandline tools from https://dl.google.com/android/repository/commandlinetools-linux-12266719_latest.zip
mobile	Run android-actions/setup-android@v3	2026-10-03T12:10:29.4906861Z [command]/usr/bin/unzip -o -q /home/runner/work/_temp/d8b76062-5909-472d-b813-47b35061e016
mobile	Run android-actions/setup-android@v3	2026-10-03T12:10:30.2589540Z Accepting Android SDK licenses
mobile	Run android-actions/setup-android@v3	2026-10-03T12:10:30.2595840Z [command]/usr/local/lib/android/sdk/cmdline-tools/16.0/bin/sdkmanager --licenses
mobile	Run android-actions/setup-android@v3	2026-10-03T12:10:31.7515493Z Loading local repository...                                                     
mobile	Run android-actions/setup-android@v3	2026-10-03T12:10:31.7516788Z [=========                              ] 25% Loading local repository...       
mobile	Run android-actions/setup-android@v3	2026-10-03T12:10:32.2337602Z [=========                              ] 25% Fetch remote repository...        
mobile	Run android-actions/setup-android@v3	2026-10-03T12:10:32.6682529Z [==========                             ] 26% Fetch remote repository...        
mobile	Run android-actions/setup-android@v3	2026-10-03T12:10:32.6735255Z [============                           ] 31% Fetch remote repository...        
mobile	Run android-actions/setup-android@v3	2026-10-03T12:10:32.6928368Z [============                           ] 32% Fetch remote repository...        
mobile	Run android-actions/setup-android@v3	2026-10-03T12:10:32.6945697Z [=============                          ] 33% Fetch remote repository...        
mobile	Run android-actions/setup-android@v3	2026-10-03T12:10:32.7535651Z [=============                          ] 35% Fetch remote repository...        
mobile	Run android-actions/setup-android@v3	2026-10-03T12:10:32.7555972Z [==============                         ] 36% Fetch remote repository...        
mobile	Run android-actions/setup-android@v3	2026-10-03T12:10:32.7773479Z [==============                         ] 37% Fetch remote repository...        
mobile	Run android-actions/setup-android@v3	2026-10-03T12:10:32.7785262Z [===============                        ] 38% Fetch remote repository...        
mobile	Run android-actions/setup-android@v3	2026-10-03T12:10:32.8144225Z [===============                        ] 39% Fetch remote repository...        
mobile	Run android-actions/setup-android@v3	2026-10-03T12:10:32.8175319Z [================                       ] 40% Fetch remote repository...        
mobile	Run android-actions/setup-android@v3	2026-10-03T12:10:32.8311315Z [================                       ] 41% Fetch remote repository...        
mobile	Run android-actions/setup-android@v3	2026-10-03T12:10:32.8312057Z [================                       ] 42% Fetch remote repository...        
mobile	Run android-actions/setup-android@v3	2026-10-03T12:10:32.8435228Z [=================                      ] 44% Fetch remote repository...        
mobile	Run android-actions/setup-android@v3	2026-10-03T12:10:32.8465234Z [=================                      ] 45% Fetch remote repository...        
mobile	Run android-actions/setup-android@v3	2026-10-03T12:10:32.8649859Z [==================                     ] 46% Fetch remote repository...        
mobile	Run android-actions/setup-android@v3	2026-10-03T12:10:32.8651376Z [==================                     ] 47% Fetch remote repository...        
mobile	Run android-actions/setup-android@v3	2026-10-03T12:10:32.8908063Z [===================                    ] 48% Fetch remote repository...        
mobile	Run android-actions/setup-android@v3	2026-10-03T12:10:32.8909291Z [===================                    ] 49% Fetch remote repository...        
mobile	Run android-actions/setup-android@v3	2026-10-03T12:10:32.9089809Z [====================                   ] 50% Fetch remote repository...        
mobile	Run android-actions/setup-android@v3	2026-10-03T12:10:32.9104307Z [====================                   ] 51% Fetch remote repository...        
mobile	Run android-actions/setup-android@v3	2026-10-03T12:10:32.9305783Z [====================                   ] 53% Fetch remote repository...        
mobile	Run android-actions/setup-android@v3	2026-10-03T12:10:32.9307669Z [=====================                  ] 54% Fetch remote repository...        
mobile	Run android-actions/setup-android@v3	2026-10-03T12:10:32.9480350Z [=====================                  ] 55% Fetch remote repository...        
mobile	Run android-actions/setup-android@v3	2026-10-03T12:10:32.9506393Z [======================                 ] 56% Fetch remote repository...        
mobile	Run android-actions/setup-android@v3	2026-10-03T12:10:32.9692018Z [======================                 ] 57% Fetch remote repository...        
mobile	Run android-actions/setup-android@v3	2026-10-03T12:10:32.9693101Z [=======================                ] 58% Fetch remote repository...        
mobile	Run android-actions/setup-android@v3	2026-10-03T12:10:32.9924100Z [=======================                ] 59% Fetch remote repository...        
mobile	Run android-actions/setup-android@v3	2026-10-03T12:10:32.9927163Z [========================               ] 60% Fetch remote repository...        
mobile	Run android-actions/setup-android@v3	2026-10-03T12:10:33.0404951Z [========================               ] 61% Fetch remote repository...        
mobile	Run android-actions/setup-android@v3	2026-10-03T12:10:33.0445057Z [=========================              ] 63% Fetch remote repository...        
mobile	Run android-actions/setup-android@v3	2026-10-03T12:10:33.0613331Z [=========================              ] 64% Fetch remote repository...        
mobile	Run android-actions/setup-android@v3	2026-10-03T12:10:33.0614955Z [=========================              ] 65% Fetch remote repository...        
mobile	Run android-actions/setup-android@v3	2026-10-03T12:10:33.1043826Z [==========================             ] 66% Fetch remote repository...        
mobile	Run android-actions/setup-android@v3	2026-10-03T12:10:33.1044854Z [==========================             ] 67% Fetch remote repository...        
mobile	Run android-actions/setup-android@v3	2026-10-03T12:10:33.2050862Z [===========================            ] 68% Fetch remote repository...        
mobile	Run android-actions/setup-android@v3	2026-10-03T12:10:33.2065586Z [===========================            ] 69% Fetch remote repository...        
mobile	Run android-actions/setup-android@v3	2026-10-03T12:10:33.2308123Z [============================           ] 70% Fetch remote repository...        
mobile	Run android-actions/setup-android@v3	2026-10-03T12:10:33.2309576Z [============================           ] 72% Fetch remote repository...        
mobile	Run android-actions/setup-android@v3	2026-10-03T12:10:33.2977574Z [=============================          ] 73% Fetch remote repository...        
mobile	Run android-actions/setup-android@v3	2026-10-03T12:10:33.2978808Z [=============================          ] 74% Fetch remote repository...        
mobile	Run android-actions/setup-android@v3	2026-10-03T12:10:33.3095336Z [=============================          ] 75% Fetch remote repository...        
mobile	Run android-actions/setup-android@v3	2026-10-03T12:10:33.3217693Z [=============================          ] 75% Computing updates...              
mobile	Run android-actions/setup-android@v3	2026-10-03T12:10:33.3218423Z [=======================================] 100% Computing updates...             
mobile	Run android-actions/setup-android@v3	2026-10-03T12:10:33.7020474Z 6 of 7 SDK package licenses not accepted.
mobile	Run android-actions/setup-android@v3	2026-10-03T12:10:33.7028099Z Review licenses that have not been accepted (y/N)? 
mobile	Run android-actions/setup-android@v3	2026-10-03T12:10:33.7029114Z 1/6: License android-googletv-license:
mobile	Run android-actions/setup-android@v3	2026-10-03T12:10:33.7029904Z ---------------------------------------
mobile	Run android-actions/setup-android@v3	2026-10-03T12:10:33.7030790Z Terms and Conditions
mobile	Run android-actions/setup-android@v3	2026-10-03T12:10:33.7031251Z 
mobile	Run android-actions/setup-android@v3	2026-10-03T12:10:33.7031854Z This is the Google TV Add-on for the Android Software Development Kit License Agreement.
mobile	Run android-actions/setup-android@v3	2026-10-03T12:10:33.7032746Z 
mobile	Run android-actions/setup-android@v3	2026-10-03T12:10:33.7033935Z 1. Introduction
mobile	Run android-actions/setup-android@v3	2026-10-03T12:10:33.7034652Z 
mobile	Run android-actions/setup-android@v3	2026-10-03T12:10:33.7037694Z 1.1 The Google TV Add-on for the Android Software Development Kit (referred to in this License Agreement as the "Google TV Add-on" and specifically including the Android system files, packaged APIs, and Google APIs add-ons) is licensed to you subject to the terms of this License Agreement. This License Agreement forms a legally binding contract between you and Google in relation to your use of the Google TV Add-on.
mobile	Run android-actions/setup-android@v3	2026-10-03T12:10:33.7040814Z 
mobile	Run android-actions/setup-android@v3	2026-10-03T12:10:33.7041930Z 1.2 "Google" means Google Inc., a Delaware corporation with principal place of business at 1600 Amphitheatre Parkway, Mountain View, CA 94043, United States.
mobile	Run android-actions/setup-android@v3	2026-10-03T12:10:33.7043876Z 
mobile	Run android-actions/setup-android@v3	2026-10-03T12:10:33.7044282Z 2. Accepting this License Agreement
mobile	Run android-actions/setup-android@v3	2026-10-03T12:10:33.7045179Z 
mobile	Run android-actions/setup-android@v3	2026-10-03T12:10:33.7046493Z 2.1 In order to use the Google TV Add-on, you must first agree to this License Agreement. You may not use the Google TV Add-on if you do not accept this License Agreement.
mobile	Run android-actions/setup-android@v3	2026-10-03T12:10:33.7047805Z 
mobile	Run android-actions/setup-android@v3	2026-10-03T12:10:33.7048166Z 2.2 You can accept this License Agreement by:
mobile	Run android-actions/setup-android@v3	2026-10-03T12:10:33.7049035Z 
mobile	Run android-actions/setup-android@v3	2026-10-03T12:10:33.7049729Z (A) clicking to accept or agree to this License Agreement, where this option is made available to you; or
mobile	Run android-actions/setup-android@v3	2026-10-03T12:10:33.7050645Z 
mobile	Run android-actions/setup-android@v3	2026-10-03T12:10:33.7051797Z (B) by actually using the Google TV Add-on. In this case, you agree that use of the Google TV Add-on constitutes acceptance of the License Agreement from that point onwards.
mobile	Run android-actions/setup-android@v3	2026-10-03T12:10:33.7053105Z 
mobile	Run android-actions/setup-android@v3	2026-10-03T12:10:33.7055168Z 2.3 You may not use the Google TV Add-on and may not accept the Licensing Agreement if you are a person barred from receiving the Google TV Add-on under the laws of the United States or other countries including the country in which you are resident or from which you use the Google TV Add-on.
mobile	Run android-actions/setup-android@v3	2026-10-03T12:10:33.7057266Z 
mobile	Run android-actions/setup-android@v3	2026-10-03T12:10:33.7059707Z 2.4 If you are agreeing to be bound by this License Agreement on behalf of your employer or other entity, you represent and warrant that you have full legal authority to bind your employer or such entity to this License Agreement. If you do not have the requisite authority, you may not accept the Licensing Agreement or use the Google TV Add-on on behalf of your employer or other entity.
mobile	Run android-actions/setup-android@v3	2026-10-03T12:10:33.7062670Z 
mobile	Run android-actions/setup-android@v3	2026-10-03T12:10:33.7063024Z 3. Google TV Add-on License from Google
mobile	Run android-actions/setup-android@v3	2026-10-03T12:10:33.7063553Z 
mobile	Run android-actions/setup-android@v3	2026-10-03T12:10:33.7067730Z 3.1 Subject to the terms of this License Agreement, Google grants you a limited, worldwide, royalty-free, non- assignable and non-exclusive license to use the Google TV Add-on solely to develop applications to run on the Google TV platform.
mobile	Run android-actions/setup-android@v3	2026-10-03T12:10:33.7089552Z 
mobile	Run android-actions/setup-android@v3	2026-10-03T12:10:33.7109725Z 3.2 You agree that Google or third parties own all legal right, title and interest in and to the Google TV Add-on, including any Intellectual Property Rights that subsist in the Google TV Add-on. "Intellectual Property Rights" means any and all rights under patent law, copyright law, trade secret law, trademark law, and any and all other proprietary rights. Google reserves all rights not expressly granted to you.
mobile	Run android-actions/setup-android@v3	2026-10-03T12:10:33.7112745Z 
mobile	Run android-actions/setup-android@v3	2026-10-03T12:10:33.7125532Z 3.3 Except to the extent required by applicable third party licenses, you may not copy (except for backup purposes), modify, adapt, redistribute, decompile, reverse engineer, disassemble, or create derivative works of the Google TV Add-on or any part of the Google TV Add-on. Except to the extent required by applicable third party licenses, you may not load any part of the Google TV Add-on onto a mobile handset, television, or any other hardware device except a personal computer, combine any part of the Google TV Add-on with other software, or distribute any software or device incorporating a part of the Google TV Add-on.
mobile	Run android-actions/setup-android@v3	2026-10-03T12:10:33.7130118Z 
mobile	Run android-actions/setup-android@v3	2026-10-03T12:10:33.7131596Z 3.4 Use, reproduction and distribution of components of the Google TV Add-on licensed under an open source software license are governed solely by the terms of that open source software license and not this License Agreement.
mobile	Run android-actions/setup-android@v3	2026-10-03T12:10:33.7133273Z 
mobile	Run android-actions/setup-android@v3	2026-10-03T12:10:33.7136565Z 3.5 You agree that the form and nature of the Google TV Add-on that Google provides may change without prior notice to you and that future versions of the Google TV Add-on may be incompatible with applications developed on previous versions of the Google TV Add-on. You agree that Google may stop (permanently or temporarily) providing the Google TV Add-on (or any features within the Google TV Add-on) to you or to users generally at Google's sole discretion, without prior notice to you.
mobile	Run android-actions/setup-android@v3	2026-10-03T12:10:33.7139900Z 
mobile	Run android-actions/setup-android@v3	2026-10-03T12:10:33.7141977Z 3.6 Nothing in this License Agreement gives you a right to use any of Google's or it’s licensors’ trade names, trademarks, service marks, logos, domain names, or other distinctive brand features.
mobile	Run android-actions/setup-android@v3	2026-10-03T12:10:33.7143573Z 
mobile	Run android-actions/setup-android@v3	2026-10-03T12:10:33.7145059Z 3.7 You agree that you will not remove, obscure, or alter any proprietary rights notices (including copyright and trademark notices) that may be affixed to or contained within the Google TV Add-on.
mobile	Run android-actions/setup-android@v3	2026-10-03T12:10:33.7147911Z 
mobile	Run android-actions/setup-android@v3	2026-10-03T12:10:33.7148288Z 4. Use of the Google TV Add-on by You
mobile	Run android-actions/setup-android@v3	2026-10-03T12:10:33.7148786Z 
mobile	Run android-actions/setup-android@v3	2026-10-03T12:10:33.7150569Z 4.1 Google agrees that it obtains no right, title or interest from you (or your licensors) under this License Agreement in or to any software applications that you develop using the Google TV Add-on, including any intellectual property rights that subsist in those applications.
mobile	Run android-actions/setup-android@v3	2026-10-03T12:10:33.7152666Z 
mobile	Run android-actions/setup-android@v3	2026-10-03T12:10:33.7155187Z 4.2 You agree to use the Google TV Add-on and write applications only for purposes that are permitted by (a) this License Agreement and (b) any applicable law, regulation or generally accepted practices or guidelines in the relevant jurisdictions (including any laws regarding the export of data or software to and from the United States or other relevant countries).
mobile	Run android-actions/setup-android@v3	2026-10-03T12:10:33.7157772Z 
mobile	Run android-actions/setup-android@v3	2026-10-03T12:10:33.7162844Z 4.3 You agree that if you use the Google TV Add-on to develop applications for general public users, you will protect the privacy and legal rights of those users. If the users provide you with user names, passwords, or other login information or personal information, your must make the users aware that the information will be available to your application, and you must provide legally adequate privacy notice and protection for those users. If your application stores personal or sensitive information provided by users, it must do so securely. If the user provides your application with Google Account information, your application may only use that information to access the user's Google Account when, and for the limited purposes for which, the user has given you explicit permission to do so.
mobile	Run android-actions/setup-android@v3	2026-10-03T12:10:33.7168548Z 
mobile	Run android-actions/setup-android@v3	2026-10-03T12:10:33.7171175Z 4.4 You agree that you will not engage in any activity with the Google TV Add-on, including the development or distribution of an application, that interferes with, disrupts, damages, or accesses in an unauthorized manner the servers, networks, or other properties or services of any third party including, but not limited to, Google, Multichannel Video Program Distributors or any mobile communications carrier.
mobile	Run android-actions/setup-android@v3	2026-10-03T12:10:33.7174051Z 
mobile	Run android-actions/setup-android@v3	2026-10-03T12:10:33.7176573Z 4.5 You agree that you are solely responsible for (and that Google has no responsibility to you or to any third party for) any data, content, or resources that you create, transmit or display through the Google TV platform and/or applications for the Google TV platform, and for the consequences of your actions (including any loss or damage which Google may suffer) by doing so.
mobile	Run android-actions/setup-android@v3	2026-10-03T12:10:33.7179188Z 
mobile	Run android-actions/setup-android@v3	2026-10-03T12:10:33.7181756Z 4.6 You agree that you are solely responsible for (and that Google has no responsibility to you or to any third party for) any breach of your obligations under this License Agreement, any applicable third party contract or Terms of Service, or any applicable law or regulation, and for the consequences (including any loss or damage which Google or any third party may suffer) of any such breach.
mobile	Run android-actions/setup-android@v3	2026-10-03T12:10:33.7184681Z 
mobile	Run android-actions/setup-android@v3	2026-10-03T12:10:33.7185001Z 5. Your Developer Credentials
mobile	Run android-actions/setup-android@v3	2026-10-03T12:10:33.7185477Z 
mobile	Run android-actions/setup-android@v3	2026-10-03T12:10:33.7187286Z 5.1 You agree that you are responsible for maintaining the confidentiality of any developer credentials that may be issued to you by Google or which you may choose yourself and that you will be solely responsible for all applications that are developed under your developer credentials.
mobile	Run android-actions/setup-android@v3	2026-10-03T12:10:33.7189312Z 
mobile	Run android-actions/setup-android@v3	2026-10-03T12:10:33.7189622Z 6. Privacy and Information
mobile	Run android-actions/setup-android@v3	2026-10-03T12:10:33.7190049Z 
mobile	Run android-actions/setup-android@v3	2026-10-03T12:10:33.7193337Z 6.1 In order to continually innovate and improve the Google TV Add-on, Google may collect certain usage statistics from the software including but not limited to a unique identifier, associated IP address, version number of the software, and information on which tools and/or services in the Google TV Add-on are being used and how they are being used. Before any of this information is collected, the Google TV Add-on will notify you and seek your consent. If you withhold consent, the information will not be collected.
mobile	Run android-actions/setup-android@v3	2026-10-03T12:10:33.7197181Z 
mobile	Run android-actions/setup-android@v3	2026-10-03T12:10:33.7198128Z 6.2 The data collected is examined in the aggregate to improve the Google TV Add-on and is maintained in accordance with Google's Privacy Policy.
mobile	Run android-actions/setup-android@v3	2026-10-03T12:10:33.7199269Z 
mobile	Run android-actions/setup-android@v3	2026-10-03T12:10:33.7199677Z 7. Third Party Applications for the Google TV Platform
mobile	Run android-actions/setup-android@v3	2026-10-03T12:10:33.7200249Z 
mobile	Run android-actions/setup-android@v3	2026-10-03T12:10:33.7204120Z 7.1 If you use the Google TV Add-on to run applications developed by a third party or that access data, content or resources provided by a third party, you agree that Google is not responsible for those applications, data, content, or resources. You understand that all data, content or resources which you may access through such third party applications are the sole responsibility of the person from which they originated and that Google is not liable for any loss or damage that you may experience as a result of the use or access of any of those third party applications, data, content, or resources.
mobile	Run android-actions/setup-android@v3	2026-10-03T12:10:33.7208225Z 
mobile	Run android-actions/setup-android@v3	2026-10-03T12:10:33.7211228Z 7.2 You should be aware the data, content, and resources presented to you through such a third party application may be protected by intellectual property rights which are owned by the providers (or by other persons or companies on their behalf). You may not modify, rent, lease, loan, sell, distribute or create derivative works based on these data, content, or resources (either in whole or in part) unless you have been specifically given permission to do so by the relevant owners.
mobile	Run android-actions/setup-android@v3	2026-10-03T12:10:33.7214911Z 
mobile	Run android-actions/setup-android@v3	2026-10-03T12:10:33.7216641Z 7.3 You acknowledge that your use of such third party applications, data, content, or resources may be subject to separate terms between you and the relevant third party. In that case, this License Agreement does not affect your legal relationship with these third parties.
mobile	Run android-actions/setup-android@v3	2026-10-03T12:10:33.7218610Z 
mobile	Run android-actions/setup-android@v3	2026-10-03T12:10:33.7218924Z 8. Using Google TV APIs
mobile	Run android-actions/setup-android@v3	2026-10-03T12:10:33.7219323Z 
mobile	Run android-actions/setup-android@v3	2026-10-03T12:10:33.7224528Z 8.1 If you use any Google TV API to retrieve data from Google, you acknowledge that the data (“Google TV API Content”) may be protected by intellectual property rights which are owned by Google or those parties that provide the data (or by other persons or companies on their behalf). Your use of any such API may be subject to additional Terms of Service. You may not modify, rent, lease, loan, sell, distribute or create derivative works based on this data (either in whole or in part) unless allowed by the relevant Terms of Service. Some portions of the Google TV API Content are licensed to Google by third parties, including but not limited to Tribune Media Services
mobile	Run android-actions/setup-android@v3	2026-10-03T12:10:33.7229014Z 
mobile	Run android-actions/setup-android@v3	2026-10-03T12:10:33.7230580Z 8.2 If you use any API to retrieve a user's data from Google, you acknowledge and agree that you shall retrieve data only with the user's explicit consent and only when, and for the limited purposes for which, the user has given you permission to do so.
mobile	Run android-actions/setup-android@v3	2026-10-03T12:10:33.7232319Z 
mobile	Run android-actions/setup-android@v3	2026-10-03T12:10:33.7232961Z 8.3 Except as explicitly permitted in Section 3 (Google TV Add-on License from Google), you must:
mobile	Run android-actions/setup-android@v3	2026-10-03T12:10:33.7233811Z 
mobile	Run android-actions/setup-android@v3	2026-10-03T12:10:33.7235135Z (a) not modify nor format the Google TV API Content except to the extent reasonably and technically necessary to optimize the display such Google TV API Content in your application;
mobile	Run android-actions/setup-android@v3	2026-10-03T12:10:33.7236483Z 
mobile	Run android-actions/setup-android@v3	2026-10-03T12:10:33.7237731Z (b) not edit the Google TV API Content in a manner that renders the Google TV API Content inaccurate of alters its inherent meaning (provided that displaying excerpts will not violate the foregoing); or
mobile	Run android-actions/setup-android@v3	2026-10-03T12:10:33.7239179Z 
mobile	Run android-actions/setup-android@v3	2026-10-03T12:10:33.7239811Z (c) not create any commercial audience measurement tool or service using the Google TV API Content
mobile	Run android-actions/setup-android@v3	2026-10-03T12:10:33.7240630Z 
mobile	Run android-actions/setup-android@v3	2026-10-03T12:10:33.7240935Z 9. Terminating this License Agreement
mobile	Run android-actions/setup-android@v3	2026-10-03T12:10:33.7241395Z 
mobile	Run android-actions/setup-android@v3	2026-10-03T12:10:33.7242305Z 9.1 This License Agreement will continue to apply until terminated by either you or Google as set out below.
mobile	Run android-actions/setup-android@v3	2026-10-03T12:10:33.7243211Z 
mobile	Run android-actions/setup-android@v3	2026-10-03T12:10:33.7244131Z 9.2 If you want to terminate this License Agreement, you may do so by ceasing your use of the Google TV Add-on and any relevant developer credentials.
mobile	Run android-actions/setup-android@v3	2026-10-03T12:10:33.7245498Z 
mobile	Run android-actions/setup-android@v3	2026-10-03T12:10:33.7245970Z 9.3 Google may at any time, terminate this License Agreement with you if:
mobile	Run android-actions/setup-android@v3	2026-10-03T12:10:33.7246621Z 
mobile	Run android-actions/setup-android@v3	2026-10-03T12:10:33.7247041Z (A) you have breached any provision of this License Agreement; or
mobile	Run android-actions/setup-android@v3	2026-10-03T12:10:33.7247656Z 
mobile	Run android-actions/setup-android@v3	2026-10-03T12:10:33.7247968Z (B) Google is required to do so by law; or
mobile	Run android-actions/setup-android@v3	2026-10-03T12:10:33.7248446Z 
mobile	Run android-actions/setup-android@v3	2026-10-03T12:10:33.7249745Z (C) the partner with whom Google offered certain parts of Google TV Add-on (such as APIs) to you has terminated its relationship with Google or ceased to offer certain parts of the Google TV Add-on to you; or
mobile	Run android-actions/setup-android@v3	2026-10-03T12:10:33.7251254Z 
mobile	Run android-actions/setup-android@v3	2026-10-03T12:10:33.7253395Z (D) Google decides to no longer providing the Google TV Add-on or certain parts of the Google TV Add-on to users in the country in which you are resident or from which you use the service, or the provision of the Google TV Add-on or certain Google TV Add-on services to you by Google is, in Google's sole discretion, no longer commercially viable.
mobile	Run android-actions/setup-android@v3	2026-10-03T12:10:33.7256165Z 
mobile	Run android-actions/setup-android@v3	2026-10-03T12:10:33.7259086Z 9.4 When this License Agreement comes to an end, all of the legal rights, obligations and liabilities that you and Google have benefited from, been subject to (or which have accrued over time whilst this License Agreement has been in force) or which are expressed to continue indefinitely, shall be unaffected by this cessation, and the provisions of paragraph 14.7 shall continue to apply to such rights, obligations and liabilities indefinitely.
mobile	Run android-actions/setup-android@v3	2026-10-03T12:10:33.7262119Z 
mobile	Run android-actions/setup-android@v3	2026-10-03T12:10:33.7262355Z 10. DISCLAIMER OF WARRANTIES
mobile	Run android-actions/setup-android@v3	2026-10-03T12:10:33.7262640Z 
mobile	Run android-actions/setup-android@v3	2026-10-03T12:10:33.7263362Z 10.1 YOU EXPRESSLY UNDERSTAND AND AGREE THAT YOUR USE OF THE GOOGLE TV ADD-ON IS AT YOUR SOLE RISK AND THAT THE GOOGLE TV ADD-ON IS PROVIDED "AS IS" AND "AS AVAILABLE" WITHOUT WARRANTY OF ANY KIND FROM GOOGLE.
mobile	Run android-actions/setup-android@v3	2026-10-03T12:10:33.7264202Z 
mobile	Run android-actions/setup-android@v3	2026-10-03T12:10:33.7265968Z 10.2 YOUR USE OF THE GOOGLE TV ADD-ON AND ANY MATERIAL DOWNLOADED OR OTHERWISE OBTAINED THROUGH THE USE OF THE GOOGLE TV ADD-ON IS AT YOUR OWN DISCRETION AND RISK AND YOU ARE SOLELY RESPONSIBLE FOR ANY DAMAGE TO YOUR COMPUTER SYSTEM OR OTHER DEVICE OR LOSS OF DATA THAT RESULTS FROM SUCH USE.
mobile	Run android-actions/setup-android@v3	2026-10-03T12:10:33.7267197Z 
mobile	Run android-actions/setup-android@v3	2026-10-03T12:10:33.7268844Z 10.3 GOOGLE FURTHER EXPRESSLY DISCLAIMS ALL WARRANTIES AND CONDITIONS OF ANY KIND, WHETHER EXPRESS OR IMPLIED, INCLUDING, BUT NOT LIMITED TO THE IMPLIED WARRANTIES AND CONDITIONS OF MERCHANTABILITY, FITNESS FOR A PARTICULAR PURPOSE AND NON-INFRINGEMENT.
mobile	Run android-actions/setup-android@v3	2026-10-03T12:10:33.7270583Z 
mobile	Run android-actions/setup-android@v3	2026-10-03T12:10:33.7270742Z 11. LIMITATION OF LIABILITY
mobile	Run android-actions/setup-android@v3	2026-10-03T12:10:33.7271007Z 
mobile	Run android-actions/setup-android@v3	2026-10-03T12:10:33.7272506Z 11.1 YOU EXPRESSLY UNDERSTAND AND AGREE THAT GOOGLE, ITS SUBSIDIARIES AND AFFILIATES, AND ITS LICENSORS SHALL NOT BE LIABLE TO YOU UNDER ANY THEORY OF LIABILITY FOR ANY DIRECT, INDIRECT, INCIDENTAL, SPECIAL CONSEQUENTIAL OR EXEMPLARY DAMAGES THAT MAY BE INCURRED BY YOU, INCLUDING ANY LOSS OF DATA, WHETHER OR NOT GOOGLE OR ITS REPRESENTATIVES HAVE BEEN ADVISED OF OR SHOULD HAVE BEEN AWARE OF THE POSSIBILITY OF ANY SUCH LOSSES ARISING.
mobile	Run android-actions/setup-android@v3	2026-10-03T12:10:33.7274015Z 
mobile	Run android-actions/setup-android@v3	2026-10-03T12:10:33.7274101Z 12. Indemnification
mobile	Run android-actions/setup-android@v3	2026-10-03T12:10:33.7274223Z 
mobile	Run android-actions/setup-android@v3	2026-10-03T12:10:33.7276933Z 12.1 To the maximum extent permitted by law, you agree to defend, indemnify and hold harmless Google, its affiliates and their respective directors, officers, employees and agents from and against any and all claims, actions, suits or proceedings, as well as any and all losses, liabilities, damages, costs and expenses (including reasonable attorneys fees) arising out of or accruing from (a) your use of the Google TV Add-on, (b) any application you develop on the Google TV Add-on that infringes any copyright, trademark, trade secret, trade dress, patent or other intellectual property right of any person or defames any person or violates their rights of publicity or privacy, and (c) any non-compliance by you with this License Agreement.
mobile	Run android-actions/setup-android@v3	2026-10-03T12:10:33.7279661Z 
mobile	Run android-actions/setup-android@v3	2026-10-03T12:10:33.7279763Z 13. Changes to the License Agreement
mobile	Run android-actions/setup-android@v3	2026-10-03T12:10:33.7279959Z 
mobile	Run android-actions/setup-android@v3	2026-10-03T12:10:33.7280267Z 13.1 Google may make changes to the License Agreement as it distributes new versions of the Google TV Add-on.
mobile	Run android-actions/setup-android@v3	2026-10-03T12:10:33.7280745Z 
mobile	Run android-actions/setup-android@v3	2026-10-03T12:10:33.7280827Z 14. General Legal Terms
mobile	Run android-actions/setup-android@v3	2026-10-03T12:10:33.7280967Z 
mobile	Run android-actions/setup-android@v3	2026-10-03T12:10:33.7282007Z 14.1 This License Agreement constitute the whole legal agreement between you and Google and govern your use of the Google TV Add-on (excluding any services which Google may provide to you under a separate written agreement), and completely replace any prior agreements between you and Google in relation to the Google TV Add-on.
mobile	Run android-actions/setup-android@v3	2026-10-03T12:10:33.7283155Z 
mobile	Run android-actions/setup-android@v3	2026-10-03T12:10:33.7284237Z 14.2 You agree that if Google does not exercise or enforce any legal right or remedy which is contained in this License Agreement (or which Google has the benefit of under any applicable law), this will not be taken to be a formal waiver of Google's rights and that those rights or remedies will still be available to Google.
mobile	Run android-actions/setup-android@v3	2026-10-03T12:10:33.7285600Z 
mobile	Run android-actions/setup-android@v3	2026-10-03T12:10:33.7286702Z 14.3 If any court of law, having the jurisdiction to decide on this matter, rules that any provision of this License Agreement is invalid, then that provision will be removed from this License Agreement without affecting the rest of this License Agreement. The remaining provisions of this License Agreement will continue to be valid and enforceable.
mobile	Run android-actions/setup-android@v3	2026-10-03T12:10:33.7287893Z 
mobile	Run android-actions/setup-android@v3	2026-10-03T12:10:33.7289795Z 14.4 You acknowledge and agree that Google’s API data licensors and each member of the group of companies of which Google is the parent shall be third party beneficiaries to this License Agreement and that such other companies shall be entitled to directly enforce, and rely upon, any provision of this License Agreement that confers a benefit on (or rights in favor of) them. Other than this, no other person or company shall be third party beneficiaries to this License Agreement.
mobile	Run android-actions/setup-android@v3	2026-10-03T12:10:33.7291440Z 
mobile	Run android-actions/setup-android@v3	2026-10-03T12:10:33.7292372Z 14.5 EXPORT RESTRICTIONS. THE GOOGLE TV ADD-ON IS SUBJECT TO UNITED STATES EXPORT LAWS AND REGULATIONS. YOU MUST COMPLY WITH ALL DOMESTIC AND INTERNATIONAL EXPORT LAWS AND REGULATIONS THAT APPLY TO THE GOOGLE TV ADD-ON. THESE LAWS INCLUDE RESTRICTIONS ON DESTINATIONS, END USERS AND END USE.
mobile	Run android-actions/setup-android@v3	2026-10-03T12:10:33.7293395Z 
mobile	Run android-actions/setup-android@v3	2026-10-03T12:10:33.7294614Z 14.6 The rights granted in this License Agreement may not be assigned or transferred by either you or Google without the prior written approval of the other party. Neither you nor Google shall be permitted to delegate their responsibilities or obligations under this License Agreement without the prior written approval of the other party.
mobile	Run android-actions/setup-android@v3	2026-10-03T12:10:33.7295803Z 
mobile	Run android-actions/setup-android@v3	2026-10-03T12:10:33.7297619Z 14.7 This License Agreement, and your relationship with Google under this License Agreement, shall be governed by the laws of the State of California without regard to its conflict of laws provisions. You and Google agree to submit to the exclusive jurisdiction of the courts located within the county of Santa Clara, California to resolve any legal matter arising from this License Agreement. Notwithstanding this, you agree that Google shall still be allowed to apply for injunctive remedies (or an equivalent type of urgent legal relief) in any jurisdiction.
mobile	Run android-actions/setup-android@v3	2026-10-03T12:10:33.7299520Z 
mobile	Run android-actions/setup-android@v3	2026-10-03T12:10:33.7299525Z 
mobile	Run android-actions/setup-android@v3	2026-10-03T12:10:33.7299603Z August 15, 2011
mobile	Run android-actions/setup-android@v3	2026-10-03T12:10:33.7299814Z ---------------------------------------
mobile	Run android-actions/setup-android@v3	2026-10-03T12:10:33.7300094Z Accept? (y/N): 
mobile	Run android-actions/setup-android@v3	2026-10-03T12:10:33.7300317Z 2/6: License android-googlexr-license:
mobile	Run android-actions/setup-android@v3	2026-10-03T12:10:33.7300588Z ---------------------------------------
mobile	Run android-actions/setup-android@v3	2026-10-03T12:10:33.7301550Z To get started with the Android XR Emulator System Image SDK, you must agree to the following terms and conditions. As described below, please note that this is a preview, emulated version of the Android XR OS, subject to change, that you use at your own risk.
mobile	Run android-actions/setup-android@v3	2026-10-03T12:10:33.7302593Z 
mobile	Run android-actions/setup-android@v3	2026-10-03T12:10:33.7302759Z This is the Android XR Emulator System Image SDK License Agreement
mobile	Run android-actions/setup-android@v3	2026-10-03T12:10:33.7303027Z 
mobile	Run android-actions/setup-android@v3	2026-10-03T12:10:33.7303105Z 1. Introduction
mobile	Run android-actions/setup-android@v3	2026-10-03T12:10:33.7303222Z 
mobile	Run android-actions/setup-android@v3	2026-10-03T12:10:33.7304787Z 1.1 The Android Android XR Emulator System Image SDK (referred to in the License Agreement as the "SDK" and specifically including the Android system files,, packaged APIs, library files (if and when they are made available), and Google applications and APIs add-ons) is licensed to you subject to the terms of the License Agreement. The License Agreement forms a legally binding contract between you and Google in relation to your use of the SDK.
mobile	Run android-actions/setup-android@v3	2026-10-03T12:10:33.7306301Z 
mobile	Run android-actions/setup-android@v3	2026-10-03T12:10:33.7306987Z 1.2 "Android" means the Android software stack for devices, as made available under the Android Open Source Project, which is located at the following URL: https://source.android.com/, as updated from time to time.
mobile	Run android-actions/setup-android@v3	2026-10-03T12:10:33.7307888Z 
mobile	Run android-actions/setup-android@v3	2026-10-03T12:10:33.7308541Z 1.3 "Google" means Google LLC, organized under the laws of the State of Delaware, USA, and operating under the laws of the USA with principal place of business at 1600 Amphitheatre Parkway, Mountain View, CA 94043, USA.
mobile	Run android-actions/setup-android@v3	2026-10-03T12:10:33.7309297Z 
mobile	Run android-actions/setup-android@v3	2026-10-03T12:10:33.7309393Z 2. Accepting this License Agreement
mobile	Run android-actions/setup-android@v3	2026-10-03T12:10:33.7309570Z 
mobile	Run android-actions/setup-android@v3	2026-10-03T12:10:33.7309969Z 2.1 In order to use the SDK, you must first agree to the License Agreement. You may not use the SDK if you do not accept the License Agreement.
mobile	Run android-actions/setup-android@v3	2026-10-03T12:10:33.7310458Z 
mobile	Run android-actions/setup-android@v3	2026-10-03T12:10:33.7310746Z 2.2 By clicking to accept and/or using this SDK, you hereby agree to the terms of the License Agreement.
mobile	Run android-actions/setup-android@v3	2026-10-03T12:10:33.7311121Z 
mobile	Run android-actions/setup-android@v3	2026-10-03T12:10:33.7311880Z 2.3 You may not use the SDK and may not accept the License Agreement if you are a person barred from receiving the SDK under the laws of the United States or other countries, including the country in which you are resident or from which you use the SDK.
mobile	Run android-actions/setup-android@v3	2026-10-03T12:10:33.7312749Z 
mobile	Run android-actions/setup-android@v3	2026-10-03T12:10:33.7313893Z 2.4 If you are agreeing to be bound by the License Agreement on behalf of your employer or other entity, you represent and warrant that you have full legal authority to bind your employer or such entity to the License Agreement. If you do not have the requisite authority, you may not accept the License Agreement or use the SDK on behalf of your employer or other entity.
mobile	Run android-actions/setup-android@v3	2026-10-03T12:10:33.7315418Z 
mobile	Run android-actions/setup-android@v3	2026-10-03T12:10:33.7315525Z 3. SDK License from Google
mobile	Run android-actions/setup-android@v3	2026-10-03T12:10:33.7315671Z 
mobile	Run android-actions/setup-android@v3	2026-10-03T12:10:33.7316397Z 3.1 Subject to the terms of the License Agreement, Google grants you a limited, worldwide, royalty-free, non-assignable, non-exclusive, and non-sublicensable license to use the SDK solely to develop applications for Android XR.
mobile	Run android-actions/setup-android@v3	2026-10-03T12:10:33.7317225Z 
mobile	Run android-actions/setup-android@v3	2026-10-03T12:10:33.7317895Z 3.2 You may not use this SDK to develop applications for other platforms or to develop another SDK. You are of course free to develop applications for other platforms provided that this SDK is not used for that purpose.
mobile	Run android-actions/setup-android@v3	2026-10-03T12:10:33.7318666Z 
mobile	Run android-actions/setup-android@v3	2026-10-03T12:10:33.7319909Z 3.3 You agree that Google or third parties own all legal right, title and interest in and to the SDK, including any Intellectual Property Rights that subsist in the SDK. "Intellectual Property Rights" means any and all rights under patent law, copyright law, trade secret law, trademark law, and any and all other proprietary rights. Google reserves all rights not expressly granted to you.
mobile	Run android-actions/setup-android@v3	2026-10-03T12:10:33.7321244Z 
mobile	Run android-actions/setup-android@v3	2026-10-03T12:10:33.7323073Z 3.4 You may not use the SDK for any purpose not expressly permitted by the License Agreement. Except to the extent required by applicable third party licenses, you may not (a) copy (except for backup purposes), modify, adapt, redistribute, decompile, reverse engineer, disassemble, or create derivative works of the SDK or any part of the SDK; or (b) load any part of the SDK onto a mobile handset or any other hardware device except a personal computer, combine any part of the SDK with other software, or distribute any software or device incorporating a part of the SDK.
mobile	Run android-actions/setup-android@v3	2026-10-03T12:10:33.7325242Z 
mobile	Run android-actions/setup-android@v3	2026-10-03T12:10:33.7326570Z 3.5 Use, reproduction and distribution of components of the SDK licensed under an open source software license are governed solely by the terms of that open source software license and not the License Agreement. You agree to remain a licensee in good standing in regard to such open source software licenses under all the rights granted and to refrain from any actions that may terminate, suspend, or breach such rights.
mobile	Run android-actions/setup-android@v3	2026-10-03T12:10:33.7327993Z 
mobile	Run android-actions/setup-android@v3	2026-10-03T12:10:33.7329327Z 3.6 You agree that the form and nature of the SDK that Google provides may change without prior notice to you and that future versions of the SDK may be incompatible with applications developed on previous versions of the SDK. You agree that Google may stop (permanently or temporarily) providing the SDK (or any features within the SDK) to you or to users generally at Google's sole discretion, without prior notice to you.
mobile	Run android-actions/setup-android@v3	2026-10-03T12:10:33.7330914Z 
mobile	Run android-actions/setup-android@v3	2026-10-03T12:10:33.7331425Z 3.7 Nothing in the License Agreement gives you a right to use any of Google's trade names, trademarks, service marks, logos, domain names, or other distinctive brand features.
mobile	Run android-actions/setup-android@v3	2026-10-03T12:10:33.7332037Z 
mobile	Run android-actions/setup-android@v3	2026-10-03T12:10:33.7332592Z 3.8 You agree that you will not remove, obscure, or alter any proprietary rights notices (including copyright and trademark notices) that may be affixed to or contained within the SDK.
mobile	Run android-actions/setup-android@v3	2026-10-03T12:10:33.7333247Z 
mobile	Run android-actions/setup-android@v3	2026-10-03T12:10:33.7333337Z 4. Use of the SDK by You
mobile	Run android-actions/setup-android@v3	2026-10-03T12:10:33.7333476Z 
mobile	Run android-actions/setup-android@v3	2026-10-03T12:10:33.7334433Z 4.1 Google agrees that it obtains no right, title or interest from you (or your licensors) under the License Agreement in or to any software applications that you develop using the SDK, including any intellectual property rights that subsist in those applications.
mobile	Run android-actions/setup-android@v3	2026-10-03T12:10:33.7335366Z 
mobile	Run android-actions/setup-android@v3	2026-10-03T12:10:33.7336480Z 4.2 You agree to use the SDK and write applications only for purposes that are permitted by (a) the License Agreement and (b) any applicable law, regulation or generally accepted practices or guidelines in the relevant jurisdictions (including any laws regarding the export of data or software to and from the United States or other relevant countries).
mobile	Run android-actions/setup-android@v3	2026-10-03T12:10:33.7337705Z 
mobile	Run android-actions/setup-android@v3	2026-10-03T12:10:33.7340249Z 4.3 You agree that if you use the SDK to develop applications for general public users, you will protect the privacy and legal rights of those users. If the users provide you with user names, passwords, or other login information or personal information, you must make the users aware that the information will be available to your application, and you must provide legally adequate privacy notice and protection for those users. If your application stores personal or sensitive information provided by users, it must do so securely. If the user provides your application with Google Account information, your application may only use that information to access the user's Google Account when, and for the limited purposes for which, the user has given you permission to do so.
mobile	Run android-actions/setup-android@v3	2026-10-03T12:10:33.7342884Z 
mobile	Run android-actions/setup-android@v3	2026-10-03T12:10:33.7344020Z 4.4 You agree that you will not engage in any activity with the SDK, including the development or distribution of an application, that interferes with, disrupts, damages, or accesses in an unauthorized manner the servers, networks, or other properties or services of any third party including, but not limited to, Google or any mobile communications carrier.
mobile	Run android-actions/setup-android@v3	2026-10-03T12:10:33.7345368Z 
mobile	Run android-actions/setup-android@v3	2026-10-03T12:10:33.7346461Z 4.5 You agree that you are solely responsible for (and that Google has no responsibility to you or to any third party for) any data, content, or resources that you create, transmit or display through Android and/or applications for Android, and for the consequences of your actions (including any loss or damage which Google may suffer) by doing so.
mobile	Run android-actions/setup-android@v3	2026-10-03T12:10:33.7347773Z 
mobile	Run android-actions/setup-android@v3	2026-10-03T12:10:33.7349019Z 4.6 You agree that you are solely responsible for (and that Google has no responsibility to you or to any third party for) any breach of your obligations under the License Agreement, any applicable third party contract or Terms of Service, or any applicable law or regulation, and for the consequences (including any loss or damage which Google or any third party may suffer) of any such breach.
mobile	Run android-actions/setup-android@v3	2026-10-03T12:10:33.7350357Z 
mobile	Run android-actions/setup-android@v3	2026-10-03T12:10:33.7351282Z 4.7 The SDK is in development, and your testing and feedback are an important part of the development process. By using the SDK, you acknowledge that implementation of some features are still under development and that you should not rely on the SDK having the full functionality of a stable release.
mobile	Run android-actions/setup-android@v3	2026-10-03T12:10:33.7352348Z 
mobile	Run android-actions/setup-android@v3	2026-10-03T12:10:33.7352448Z 5. Your Developer Credentials
mobile	Run android-actions/setup-android@v3	2026-10-03T12:10:33.7352603Z 
mobile	Run android-actions/setup-android@v3	2026-10-03T12:10:33.7353498Z 5.1 You agree that you are responsible for maintaining the confidentiality of any developer credentials that may be issued to you by Google or which you may choose yourself and that you will be solely responsible for all applications that are developed under your developer credentials.
mobile	Run android-actions/setup-android@v3	2026-10-03T12:10:33.7354853Z 
mobile	Run android-actions/setup-android@v3	2026-10-03T12:10:33.7354950Z 6. Privacy and Information
mobile	Run android-actions/setup-android@v3	2026-10-03T12:10:33.7355102Z 
mobile	Run android-actions/setup-android@v3	2026-10-03T12:10:33.7357412Z 6.1 In order to continually innovate and improve the SDK, Google may collect certain usage statistics from the software including but not limited to a unique identifier, associated IP address, version number of the software, and information on which tools and/or services in the SDK are being used and how they are being used. Before any of this information is collected, the SDK will notify you and seek your consent. If you withhold consent, the information will not be collected.
mobile	Run android-actions/setup-android@v3	2026-10-03T12:10:33.7360363Z 
mobile	Run android-actions/setup-android@v3	2026-10-03T12:10:33.7361526Z 6.2 The data collected is examined in the aggregate to improve the SDK and is maintained in accordance with Google's Privacy Policy, which is located at the following URL: https://policies.google.com/privacy
mobile	Run android-actions/setup-android@v3	2026-10-03T12:10:33.7362852Z 
mobile	Run android-actions/setup-android@v3	2026-10-03T12:10:33.7363339Z 6.3 Anonymized and aggregated sets of the data may be shared with Google partners to improve the SDK.
mobile	Run android-actions/setup-android@v3	2026-10-03T12:10:33.7364029Z 
mobile	Run android-actions/setup-android@v3	2026-10-03T12:10:33.7364181Z 7. Third Party Applications
mobile	Run android-actions/setup-android@v3	2026-10-03T12:10:33.7364597Z 
mobile	Run android-actions/setup-android@v3	2026-10-03T12:10:33.7367144Z 7.1 If you use the SDK to run applications developed by a third party or that access data, content or resources provided by a third party, you agree that Google is not responsible for those applications, data, content, or resources. You understand that all data, content or resources which you may access through such third party applications are the sole responsibility of the person from which they originated and that Google is not liable for any loss or damage that you may experience as a result of the use or access of any of those third party applications, data, content, or resources.
mobile	Run android-actions/setup-android@v3	2026-10-03T12:10:33.7369158Z 
mobile	Run android-actions/setup-android@v3	2026-10-03T12:10:33.7371258Z 7.2 You should be aware that the data, content, and resources presented to you through such a third party application may be protected by intellectual property rights which are owned by the providers (or by other persons or companies on their behalf). You may not modify, rent, lease, loan, sell, distribute or create derivative works based on these data, content, or resources (either in whole or in part) unless you have been specifically given permission to do so by the relevant owners.
mobile	Run android-actions/setup-android@v3	2026-10-03T12:10:33.7374282Z 
mobile	Run android-actions/setup-android@v3	2026-10-03T12:10:33.7376051Z 7.3 You acknowledge that your use of such third party applications, data, content, or resources may be subject to separate terms between you and the relevant third party. In that case, the License Agreement does not affect your legal relationship with these third parties.
mobile	Run android-actions/setup-android@v3	2026-10-03T12:10:33.7377597Z 
mobile	Run android-actions/setup-android@v3	2026-10-03T12:10:33.7377695Z 8. Using Android APIs
mobile	Run android-actions/setup-android@v3	2026-10-03T12:10:33.7377830Z 
mobile	Run android-actions/setup-android@v3	2026-10-03T12:10:33.7377914Z 8.1 Google Data APIs
mobile	Run android-actions/setup-android@v3	2026-10-03T12:10:33.7378047Z 
mobile	Run android-actions/setup-android@v3	2026-10-03T12:10:33.7379634Z 8.1.1 If you use any API to retrieve data from Google, you acknowledge that the data may be protected by intellectual property rights which are owned by Google or those parties that provide the data (or by other persons or companies on their behalf). Your use of any such API may be subject to additional Terms of Service. You may not modify, rent, lease, loan, sell, distribute or create derivative works based on this data (either in whole or in part) unless allowed by the relevant Terms of Service.
mobile	Run android-actions/setup-android@v3	2026-10-03T12:10:33.7381475Z 
mobile	Run android-actions/setup-android@v3	2026-10-03T12:10:33.7384570Z 8.1.2 If you use any API to retrieve a user's data from Google, you acknowledge and agree that you shall retrieve data only with the user's explicit consent and only when, and for the limited purposes for which, the user has given you permission to do so. If you use the Android Recognition Service API, documented at the following URL: https://developer.android.com/reference/android/speech/RecognitionService, as updated from time to time, you acknowledge that the use of the API is subject to the Data Processing Addendum for Products where Google is a Data Processor, which is located at the following URL: https://privacy.google.com/businesses/gdprprocessorterms/, as updated from time to time. By clicking to accept, you hereby agree to the terms of the Data Processing Addendum for Products where Google is a Data Processor.
mobile	Run android-actions/setup-android@v3	2026-10-03T12:10:33.7387629Z 
mobile	Run android-actions/setup-android@v3	2026-10-03T12:10:33.7387743Z 9. Terminating this License Agreement
mobile	Run android-actions/setup-android@v3	2026-10-03T12:10:33.7387935Z 
mobile	Run android-actions/setup-android@v3	2026-10-03T12:10:33.7388244Z 9.1 The License Agreement will continue to apply until terminated by either you or Google as set out below.
mobile	Run android-actions/setup-android@v3	2026-10-03T12:10:33.7388652Z 
mobile	Run android-actions/setup-android@v3	2026-10-03T12:10:33.7389032Z 9.2 If you want to terminate the License Agreement, you may do so by ceasing your use of the SDK and any relevant developer credentials.
mobile	Run android-actions/setup-android@v3	2026-10-03T12:10:33.7389507Z 
mobile	Run android-actions/setup-android@v3	2026-10-03T12:10:33.7391647Z 9.3 Google may at any time, terminate the License Agreement with you if: (A) you have breached any provision of the License Agreement; or (B) Google is required to do so by law; or (C) the partner with whom Google offered certain parts of SDK (such as APIs) to you has terminated its relationship with Google or ceased to offer certain parts of the SDK to you; or (D) Google decides to no longer provide the SDK or certain parts of the SDK to users in the country in which you are resident or from which you use the service, or the provision of the SDK or certain SDK services to you by Google is, in Google's sole discretion, no longer commercially viable.
mobile	Run android-actions/setup-android@v3	2026-10-03T12:10:33.7393740Z 
mobile	Run android-actions/setup-android@v3	2026-10-03T12:10:33.7395526Z 9.4 When the License Agreement comes to an end, all of the legal rights, obligations and liabilities that you and Google have benefited from, been subject to (or which have accrued over time whilst the License Agreement has been in force) or which are expressed to continue indefinitely, shall be unaffected by this cessation, and the provisions of paragraph 14.7 shall continue to apply to such rights, obligations and liabilities indefinitely.
mobile	Run android-actions/setup-android@v3	2026-10-03T12:10:33.7397044Z 
mobile	Run android-actions/setup-android@v3	2026-10-03T12:10:33.7397149Z 10. DISCLAIMER OF WARRANTIES
mobile	Run android-actions/setup-android@v3	2026-10-03T12:10:33.7397309Z 
mobile	Run android-actions/setup-android@v3	2026-10-03T12:10:33.7397836Z 10.1 YOU EXPRESSLY UNDERSTAND AND AGREE THAT YOUR USE OF THE SDK IS AT YOUR SOLE RISK AND THAT THE SDK IS PROVIDED "AS IS" AND "AS AVAILABLE" WITHOUT WARRANTY OF ANY KIND FROM GOOGLE.
mobile	Run android-actions/setup-android@v3	2026-10-03T12:10:33.7398450Z 
mobile	Run android-actions/setup-android@v3	2026-10-03T12:10:33.7399247Z 10.2 YOUR USE OF THE SDK AND ANY MATERIAL DOWNLOADED OR OTHERWISE OBTAINED THROUGH THE USE OF THE SDK IS AT YOUR OWN DISCRETION AND RISK AND YOU ARE SOLELY RESPONSIBLE FOR ANY DAMAGE TO YOUR COMPUTER SYSTEM OR OTHER DEVICE OR LOSS OF DATA THAT RESULTS FROM SUCH USE.
mobile	Run android-actions/setup-android@v3	2026-10-03T12:10:33.7400147Z 
mobile	Run android-actions/setup-android@v3	2026-10-03T12:10:33.7400960Z 10.3 GOOGLE FURTHER EXPRESSLY DISCLAIMS ALL WARRANTIES AND CONDITIONS OF ANY KIND, WHETHER EXPRESS OR IMPLIED, INCLUDING, BUT NOT LIMITED TO THE IMPLIED WARRANTIES AND CONDITIONS OF MERCHANTABILITY, FITNESS FOR A PARTICULAR PURPOSE AND NON-INFRINGEMENT.
mobile	Run android-actions/setup-android@v3	2026-10-03T12:10:33.7401991Z 
mobile	Run android-actions/setup-android@v3	2026-10-03T12:10:33.7402087Z 11. LIMITATION OF LIABILITY
mobile	Run android-actions/setup-android@v3	2026-10-03T12:10:33.7402235Z 
mobile	Run android-actions/setup-android@v3	2026-10-03T12:10:33.7403630Z 11.1 YOU EXPRESSLY UNDERSTAND AND AGREE THAT GOOGLE, ITS SUBSIDIARIES AND AFFILIATES, AND ITS LICENSORS SHALL NOT BE LIABLE TO YOU UNDER ANY THEORY OF LIABILITY FOR ANY DIRECT, INDIRECT, INCIDENTAL, SPECIAL, CONSEQUENTIAL OR EXEMPLARY DAMAGES THAT MAY BE INCURRED BY YOU, INCLUDING ANY LOSS OF DATA, WHETHER OR NOT GOOGLE OR ITS REPRESENTATIVES HAVE BEEN ADVISED OF OR SHOULD HAVE BEEN AWARE OF THE POSSIBILITY OF ANY SUCH LOSSES ARISING.
mobile	Run android-actions/setup-android@v3	2026-10-03T12:10:33.7405387Z 
mobile	Run android-actions/setup-android@v3	2026-10-03T12:10:33.7405474Z 12. Indemnification
mobile	Run android-actions/setup-android@v3	2026-10-03T12:10:33.7405604Z 
mobile	Run android-actions/setup-android@v3	2026-10-03T12:10:33.7407925Z 12.1 To the maximum extent permitted by law, you agree to defend, indemnify and hold harmless Google, its affiliates and their respective directors, officers, employees and agents from and against any and all claims, actions, suits or proceedings, as well as any and all losses, liabilities, damages, costs and expenses (including reasonable attorneys fees) arising out of or accruing from (a) your use of the SDK, (b) any application you develop on the SDK that infringes any copyright, trademark, trade secret, trade dress, patent or other intellectual property right of any person or defames any person or violates their rights of publicity or privacy, and (c) any non-compliance by you with the License Agreement.
mobile	Run android-actions/setup-android@v3	2026-10-03T12:10:33.7410460Z 
mobile	Run android-actions/setup-android@v3	2026-10-03T12:10:33.7410556Z 13. Changes to the License Agreement
mobile	Run android-actions/setup-android@v3	2026-10-03T12:10:33.7410734Z 
mobile	Run android-actions/setup-android@v3	2026-10-03T12:10:33.7411460Z 13.1 Google may make changes to the License Agreement as it distributes new versions of the SDK. When these changes are made, Google will make a new version of the License Agreement available on the website where the SDK is made available.
mobile	Run android-actions/setup-android@v3	2026-10-03T12:10:33.7412292Z 
mobile	Run android-actions/setup-android@v3	2026-10-03T12:10:33.7412384Z 14. General Legal Terms
mobile	Run android-actions/setup-android@v3	2026-10-03T12:10:33.7412515Z 
mobile	Run android-actions/setup-android@v3	2026-10-03T12:10:33.7413480Z 14.1 The License Agreement constitutes the whole legal agreement between you and Google and governs your use of the SDK (excluding any services which Google may provide to you under a separate written agreement), and completely replaces any prior agreements between you and Google in relation to the SDK.
mobile	Run android-actions/setup-android@v3	2026-10-03T12:10:33.7415597Z 
mobile	Run android-actions/setup-android@v3	2026-10-03T12:10:33.7417362Z 14.2 You agree that if Google does not exercise or enforce any legal right or remedy which is contained in the License Agreement (or which Google has the benefit of under any applicable law), this will not be taken to be a formal waiver of Google's rights and that those rights or remedies will still be available to Google.
mobile	Run android-actions/setup-android@v3	2026-10-03T12:10:33.7418451Z 
mobile	Run android-actions/setup-android@v3	2026-10-03T12:10:33.7419524Z 14.3 If any court of law, having the jurisdiction to decide on this matter, rules that any provision of the License Agreement is invalid, then that provision will be removed from the License Agreement without affecting the rest of the License Agreement. The remaining provisions of the License Agreement will continue to be valid and enforceable.
mobile	Run android-actions/setup-android@v3	2026-10-03T12:10:33.7420702Z 
mobile	Run android-actions/setup-android@v3	2026-10-03T12:10:33.7422116Z 14.4 You acknowledge and agree that each member of the group of companies of which Google is the parent shall be third party beneficiaries to the License Agreement and that such other companies shall be entitled to directly enforce, and rely upon, any provision of the License Agreement that confers a benefit on (or rights in favor of) them. Other than this, no other person or company shall be third party beneficiaries to the License Agreement.
mobile	Run android-actions/setup-android@v3	2026-10-03T12:10:33.7423610Z 
mobile	Run android-actions/setup-android@v3	2026-10-03T12:10:33.7424661Z 14.5 EXPORT RESTRICTIONS. THE SDK IS SUBJECT TO UNITED STATES EXPORT LAWS AND REGULATIONS. YOU MUST COMPLY WITH ALL DOMESTIC AND INTERNATIONAL EXPORT LAWS AND REGULATIONS THAT APPLY TO THE SDK. THESE LAWS INCLUDE RESTRICTIONS ON DESTINATIONS, END USERS AND END USE.
mobile	Run android-actions/setup-android@v3	2026-10-03T12:10:33.7425751Z 
mobile	Run android-actions/setup-android@v3	2026-10-03T12:10:33.7426875Z 14.6 The rights granted in the License Agreement may not be assigned or transferred by either you or Google without the prior written approval of the other party. Neither you nor Google shall be permitted to delegate their responsibilities or obligations under the License Agreement without the prior written approval of the other party.
mobile	Run android-actions/setup-android@v3	2026-10-03T12:10:33.7428163Z 
mobile	Run android-actions/setup-android@v3	2026-10-03T12:10:33.7431440Z 14.7 The License Agreement, and your relationship with Google under the License Agreement, shall be governed by the laws of the State of California without regard to its conflict of laws provisions. You and Google agree to submit to the exclusive jurisdiction of the courts located within the county of Santa Clara, California to resolve any legal matter arising from the License Agreement. Notwithstanding this, you agree that Google shall still be allowed to apply for injunctive remedies (or an equivalent type of urgent legal relief) in any jurisdiction.
mobile	Run android-actions/setup-android@v3	2026-10-03T12:10:33.7435219Z ---------------------------------------
mobile	Run android-actions/setup-android@v3	2026-10-03T12:10:33.7435665Z Accept? (y/N): 
mobile	Run android-actions/setup-android@v3	2026-10-03T12:10:33.7436039Z 3/6: License android-sdk-arm-dbt-license:
mobile	Run android-actions/setup-android@v3	2026-10-03T12:10:33.7436679Z ---------------------------------------
mobile	Run android-actions/setup-android@v3	2026-10-03T12:10:33.7437105Z Terms and Conditions
mobile	Run android-actions/setup-android@v3	2026-10-03T12:10:33.7437321Z 
mobile	Run android-actions/setup-android@v3	2026-10-03T12:10:33.7437599Z This is the Android Software Development Kit License Agreement
mobile	Run android-actions/setup-android@v3	2026-10-03T12:10:33.7437951Z 
mobile	Run android-actions/setup-android@v3	2026-10-03T12:10:33.7438031Z 1. Introduction
mobile	Run android-actions/setup-android@v3	2026-10-03T12:10:33.7438148Z 
mobile	Run android-actions/setup-android@v3	2026-10-03T12:10:33.7439299Z 1.1 The Android Software Development Kit (referred to in the License Agreement as the "SDK" and specifically including the Android system files, packaged APIs, and Google APIs add-ons) is licensed to you subject to the terms of the License Agreement. The License Agreement forms a legally binding contract between you and Google in relation to your use of the SDK.
mobile	Run android-actions/setup-android@v3	2026-10-03T12:10:33.7440555Z 
mobile	Run android-actions/setup-android@v3	2026-10-03T12:10:33.7441214Z 1.2 "Android" means the Android software stack for devices, as made available under the Android Open Source Project, which is located at the following URL: http://source.android.com/, as updated from time to time.
mobile	Run android-actions/setup-android@v3	2026-10-03T12:10:33.7442028Z 
mobile	Run android-actions/setup-android@v3	2026-10-03T12:10:33.7443254Z 1.3 A "compatible implementation" means any Android device that (i) complies with the Android Compatibility Definition document, which can be found at the Android compatibility website (http://source.android.com/compatibility) and which may be updated from time to time; and (ii) successfully passes the Android Compatibility Test Suite (CTS).
mobile	Run android-actions/setup-android@v3	2026-10-03T12:10:33.7444651Z 
mobile	Run android-actions/setup-android@v3	2026-10-03T12:10:33.7445119Z 1.4 "Google" means Google Inc., a Delaware corporation with principal place of business at 1600 Amphitheatre Parkway, Mountain View, CA 94043, United States.
mobile	Run android-actions/setup-android@v3	2026-10-03T12:10:33.7445685Z 
mobile	Run android-actions/setup-android@v3	2026-10-03T12:10:33.7445689Z 
mobile	Run android-actions/setup-android@v3	2026-10-03T12:10:33.7445791Z 2. Accepting the License Agreement
mobile	Run android-actions/setup-android@v3	2026-10-03T12:10:33.7445960Z 
mobile	Run android-actions/setup-android@v3	2026-10-03T12:10:33.7446359Z 2.1 In order to use the SDK, you must first agree to the License Agreement. You may not use the SDK if you do not accept the License Agreement.
mobile	Run android-actions/setup-android@v3	2026-10-03T12:10:33.7446854Z 
mobile	Run android-actions/setup-android@v3	2026-10-03T12:10:33.7447068Z 2.2 By clicking to accept, you hereby agree to the terms of the License Agreement.
mobile	Run android-actions/setup-android@v3	2026-10-03T12:10:33.7447384Z 
mobile	Run android-actions/setup-android@v3	2026-10-03T12:10:33.7448141Z 2.3 You may not use the SDK and may not accept the License Agreement if you are a person barred from receiving the SDK under the laws of the United States or other countries, including the country in which you are resident or from which you use the SDK.
mobile	Run android-actions/setup-android@v3	2026-10-03T12:10:33.7448996Z 
mobile	Run android-actions/setup-android@v3	2026-10-03T12:10:33.7450132Z 2.4 If you are agreeing to be bound by the License Agreement on behalf of your employer or other entity, you represent and warrant that you have full legal authority to bind your employer or such entity to the License Agreement. If you do not have the requisite authority, you may not accept the License Agreement or use the SDK on behalf of your employer or other entity.
mobile	Run android-actions/setup-android@v3	2026-10-03T12:10:33.7451370Z 
mobile	Run android-actions/setup-android@v3	2026-10-03T12:10:33.7451507Z 
mobile	Run android-actions/setup-android@v3	2026-10-03T12:10:33.7451692Z 3. SDK License from Google
mobile	Run android-actions/setup-android@v3	2026-10-03T12:10:33.7451974Z 
mobile	Run android-actions/setup-android@v3	2026-10-03T12:10:33.7452795Z 3.1 Subject to the terms of the License Agreement, Google grants you a limited, worldwide, royalty-free, non-assignable, non-exclusive, and non-sublicensable license to use the SDK solely to develop applications for compatible implementations of Android.
mobile	Run android-actions/setup-android@v3	2026-10-03T12:10:33.7453704Z 
mobile	Run android-actions/setup-android@v3	2026-10-03T12:10:33.7454971Z 3.2 You may not use this SDK to develop applications for other platforms (including non-compatible implementations of Android) or to develop another SDK. You are of course free to develop applications for other platforms, including non-compatible implementations of Android, provided that this SDK is not used for that purpose.
mobile	Run android-actions/setup-android@v3	2026-10-03T12:10:33.7456129Z 
mobile	Run android-actions/setup-android@v3	2026-10-03T12:10:33.7457396Z 3.3 You agree that Google or third parties own all legal right, title and interest in and to the SDK, including any Intellectual Property Rights that subsist in the SDK. "Intellectual Property Rights" means any and all rights under patent law, copyright law, trade secret law, trademark law, and any and all other proprietary rights. Google reserves all rights not expressly granted to you.
mobile	Run android-actions/setup-android@v3	2026-10-03T12:10:33.7458905Z 
mobile	Run android-actions/setup-android@v3	2026-10-03T12:10:33.7460123Z 3.4 You may not use the SDK for any purpose not expressly permitted by the License Agreement. Except to the extent required by applicable third party licenses, you may not copy (except for backup purposes), modify, adapt, redistribute, decompile, reverse engineer, disassemble, or create derivative works of the SDK or any part of the SDK.
mobile	Run android-actions/setup-android@v3	2026-10-03T12:10:33.7461367Z 
mobile	Run android-actions/setup-android@v3	2026-10-03T12:10:33.7487859Z 3.5 Use, reproduction and distribution of components of the SDK licensed under an open source software license are governed solely by the terms of that open source software license and not the License Agreement.
mobile	Run android-actions/setup-android@v3	2026-10-03T12:10:33.7489166Z 
mobile	Run android-actions/setup-android@v3	2026-10-03T12:10:33.7491555Z 3.6 You agree that the form and nature of the SDK that Google provides may change without prior notice to you and that future versions of the SDK may be incompatible with applications developed on previous versions of the SDK. You agree that Google may stop (permanently or temporarily) providing the SDK (or any features within the SDK) to you or to users generally at Google's sole discretion, without prior notice to you.
mobile	Run android-actions/setup-android@v3	2026-10-03T12:10:33.7494196Z 
mobile	Run android-actions/setup-android@v3	2026-10-03T12:10:33.7495447Z 3.7 Nothing in the License Agreement gives you a right to use any of Google's trade names, trademarks, service marks, logos, domain names, or other distinctive brand features.
mobile	Run android-actions/setup-android@v3	2026-10-03T12:10:33.7496609Z 
mobile	Run android-actions/setup-android@v3	2026-10-03T12:10:33.7497717Z 3.8 You agree that you will not remove, obscure, or alter any proprietary rights notices (including copyright and trademark notices) that may be affixed to or contained within the SDK.
mobile	Run android-actions/setup-android@v3	2026-10-03T12:10:33.7498965Z 
mobile	Run android-actions/setup-android@v3	2026-10-03T12:10:33.7498977Z 
mobile	Run android-actions/setup-android@v3	2026-10-03T12:10:33.7499141Z 4. Use of the SDK by You
mobile	Run android-actions/setup-android@v3	2026-10-03T12:10:33.7499400Z 
mobile	Run android-actions/setup-android@v3	2026-10-03T12:10:33.7500927Z 4.1 Google agrees that it obtains no right, title or interest from you (or your licensors) under the License Agreement in or to any software applications that you develop using the SDK, including any intellectual property rights that subsist in those applications.
mobile	Run android-actions/setup-android@v3	2026-10-03T12:10:33.7502687Z 
mobile	Run android-actions/setup-android@v3	2026-10-03T12:10:33.7505119Z 4.2 You agree to use the SDK and write applications only for purposes that are permitted by (a) the License Agreement and (b) any applicable law, regulation or generally accepted practices or guidelines in the relevant jurisdictions (including any laws regarding the export of data or software to and from the United States or other relevant countries).
mobile	Run android-actions/setup-android@v3	2026-10-03T12:10:33.7507698Z 
mobile	Run android-actions/setup-android@v3	2026-10-03T12:10:33.7511629Z 4.3 You agree that if you use the SDK to develop applications for general public users, you will protect the privacy and legal rights of those users. If the users provide you with user names, passwords, or other login information or personal information, you must make the users aware that the information will be available to your application, and you must provide legally adequate privacy notice and protection for those users. If your application stores personal or sensitive information provided by users, it must do so securely. If the user provides your application with Google Account information, your application may only use that information to access the user's Google Account when, and for the limited purposes for which, the user has given you permission to do so.
mobile	Run android-actions/setup-android@v3	2026-10-03T12:10:33.7515746Z 
mobile	Run android-actions/setup-android@v3	2026-10-03T12:10:33.7516916Z 4.4 You agree that you will not engage in any activity with the SDK, including the development or distribution of an application, that interferes with, disrupts, damages, or accesses in an unauthorized manner the servers, networks, or other properties or services of any third party including, but not limited to, Google or any mobile communications carrier.
mobile	Run android-actions/setup-android@v3	2026-10-03T12:10:33.7518461Z 
mobile	Run android-actions/setup-android@v3	2026-10-03T12:10:33.7519912Z 4.5 You agree that you are solely responsible for (and that Google has no responsibility to you or to any third party for) any data, content, or resources that you create, transmit or display through Android and/or applications for Android, and for the consequences of your actions (including any loss or damage which Google may suffer) by doing so.
mobile	Run android-actions/setup-android@v3	2026-10-03T12:10:33.7522301Z 
mobile	Run android-actions/setup-android@v3	2026-10-03T12:10:33.7525021Z 4.6 You agree that you are solely responsible for (and that Google has no responsibility to you or to any third party for) any breach of your obligations under the License Agreement, any applicable third party contract or Terms of Service, or any applicable law or regulation, and for the consequences (including any loss or damage which Google or any third party may suffer) of any such breach.
mobile	Run android-actions/setup-android@v3	2026-10-03T12:10:33.7527525Z 
mobile	Run android-actions/setup-android@v3	2026-10-03T12:10:33.7530236Z 4.7 This software enables the execution of intellectual property owned by Arm Limited. You agree that your use of the software, that allows execution of ARM Instruction Set Architecture (“ISA”) compliant executables for application development and debug only on x86 desktop, laptop, customer on-premise servers, and customer-procured cloud-based environments.
mobile	Run android-actions/setup-android@v3	2026-10-03T12:10:33.7532651Z 
mobile	Run android-actions/setup-android@v3	2026-10-03T12:10:33.7532842Z 5. Your Developer Credentials
mobile	Run android-actions/setup-android@v3	2026-10-03T12:10:33.7533149Z 
mobile	Run android-actions/setup-android@v3	2026-10-03T12:10:33.7534716Z 5.1 You agree that you are responsible for maintaining the confidentiality of any developer credentials that may be issued to you by Google or which you may choose yourself and that you will be solely responsible for all applications that are developed under your developer credentials.
mobile	Run android-actions/setup-android@v3	2026-10-03T12:10:33.7536355Z 
mobile	Run android-actions/setup-android@v3	2026-10-03T12:10:33.7536471Z 6. Privacy and Information
mobile	Run android-actions/setup-android@v3	2026-10-03T12:10:33.7536640Z 
mobile	Run android-actions/setup-android@v3	2026-10-03T12:10:33.7538776Z 6.1 In order to continually innovate and improve the SDK, Google may collect certain usage statistics from the software including but not limited to a unique identifier, associated IP address, version number of the software, and information on which tools and/or services in the SDK are being used and how they are being used. Before any of this information is collected, the SDK will notify you and seek your consent. If you withhold consent, the information will not be collected.
mobile	Run android-actions/setup-android@v3	2026-10-03T12:10:33.7540867Z 
mobile	Run android-actions/setup-android@v3	2026-10-03T12:10:33.7541551Z 6.2 The data collected is examined in the aggregate to improve the SDK and is maintained in accordance with Google's Privacy Policy.
mobile	Run android-actions/setup-android@v3	2026-10-03T12:10:33.7542057Z 
mobile	Run android-actions/setup-android@v3	2026-10-03T12:10:33.7542062Z 
mobile	Run android-actions/setup-android@v3	2026-10-03T12:10:33.7542164Z 7. Third Party Applications
mobile	Run android-actions/setup-android@v3	2026-10-03T12:10:33.7542326Z 
mobile	Run android-actions/setup-android@v3	2026-10-03T12:10:33.7544220Z 7.1 If you use the SDK to run applications developed by a third party or that access data, content or resources provided by a third party, you agree that Google is not responsible for those applications, data, content, or resources. You understand that all data, content or resources which you may access through such third party applications are the sole responsibility of the person from which they originated and that Google is not liable for any loss or damage that you may experience as a result of the use or access of any of those third party applications, data, content, or resources.
mobile	Run android-actions/setup-android@v3	2026-10-03T12:10:33.7547731Z 
mobile	Run android-actions/setup-android@v3	2026-10-03T12:10:33.7549323Z 7.2 You should be aware the data, content, and resources presented to you through such a third party application may be protected by intellectual property rights which are owned by the providers (or by other persons or companies on their behalf). You may not modify, rent, lease, loan, sell, distribute or create derivative works based on these data, content, or resources (either in whole or in part) unless you have been specifically given permission to do so by the relevant owners.
mobile	Run android-actions/setup-android@v3	2026-10-03T12:10:33.7552235Z 
mobile	Run android-actions/setup-android@v3	2026-10-03T12:10:33.7553109Z 7.3 You acknowledge that your use of such third party applications, data, content, or resources may be subject to separate terms between you and the relevant third party. In that case, the License Agreement does not affect your legal relationship with these third parties.
mobile	Run android-actions/setup-android@v3	2026-10-03T12:10:33.7554688Z 
mobile	Run android-actions/setup-android@v3	2026-10-03T12:10:33.7554698Z 
mobile	Run android-actions/setup-android@v3	2026-10-03T12:10:33.7554807Z 8. Using Android APIs
mobile	Run android-actions/setup-android@v3	2026-10-03T12:10:33.7554956Z 
mobile	Run android-actions/setup-android@v3	2026-10-03T12:10:33.7555047Z 8.1 Google Data APIs
mobile	Run android-actions/setup-android@v3	2026-10-03T12:10:33.7555172Z 
mobile	Run android-actions/setup-android@v3	2026-10-03T12:10:33.7557825Z 8.1.1 If you use any API to retrieve data from Google, you acknowledge that the data may be protected by intellectual property rights which are owned by Google or those parties that provide the data (or by other persons or companies on their behalf). Your use of any such API may be subject to additional Terms of Service. You may not modify, rent, lease, loan, sell, distribute or create derivative works based on this data (either in whole or in part) unless allowed by the relevant Terms of Service.
mobile	Run android-actions/setup-android@v3	2026-10-03T12:10:33.7560343Z 
mobile	Run android-actions/setup-android@v3	2026-10-03T12:10:33.7563593Z 8.1.2 If you use any API to retrieve a user's data from Google, you acknowledge and agree that you shall retrieve data only with the user's explicit consent and only when, and for the limited purposes for which, the user has given you permission to do so. If you use the Android Recognition Service API, documented at the following URL: https://developer.android.com/reference/android/speech/RecognitionService, as updated from time to time, you acknowledge that the use of the API is subject to the Data Processing Addendum for Products where Google is a Data Processor, which is located at the following URL: https://privacy.google.com/businesses/gdprprocessorterms/, as updated from time to time. By clicking to accept, you hereby agree to the terms of the Data Processing Addendum for Products where Google is a Data Processor.
mobile	Run android-actions/setup-android@v3	2026-10-03T12:10:33.7566776Z 
mobile	Run android-actions/setup-android@v3	2026-10-03T12:10:33.7566783Z 
mobile	Run android-actions/setup-android@v3	2026-10-03T12:10:33.7566898Z 9. Terminating the License Agreement
mobile	Run android-actions/setup-android@v3	2026-10-03T12:10:33.7567088Z 
mobile	Run android-actions/setup-android@v3	2026-10-03T12:10:33.7567402Z 9.1 The License Agreement will continue to apply until terminated by either you or Google as set out below.
mobile	Run android-actions/setup-android@v3	2026-10-03T12:10:33.7567819Z 
mobile	Run android-actions/setup-android@v3	2026-10-03T12:10:33.7568197Z 9.2 If you want to terminate the License Agreement, you may do so by ceasing your use of the SDK and any relevant developer credentials.
mobile	Run android-actions/setup-android@v3	2026-10-03T12:10:33.7568859Z 
mobile	Run android-actions/setup-android@v3	2026-10-03T12:10:33.7571680Z 9.3 Google may at any time, terminate the License Agreement with you if: (A) you have breached any provision of the License Agreement; or (B) Google is required to do so by law; or (C) the partner with whom Google offered certain parts of SDK (such as APIs) to you has terminated its relationship with Google or ceased to offer certain parts of the SDK to you; or (D) Google decides to no longer provide the SDK or certain parts of the SDK to users in the country in which you are resident or from which you use the service, or the provision of the SDK or certain SDK services to you by Google is, in Google's sole discretion, no longer commercially viable.
mobile	Run android-actions/setup-android@v3	2026-10-03T12:10:33.7573837Z 
mobile	Run android-actions/setup-android@v3	2026-10-03T12:10:33.7575581Z 9.4 When the License Agreement comes to an end, all of the legal rights, obligations and liabilities that you and Google have benefited from, been subject to (or which have accrued over time whilst the License Agreement has been in force) or which are expressed to continue indefinitely, shall be unaffected by this cessation, and the provisions of paragraph 14.7 shall continue to apply to such rights, obligations and liabilities indefinitely.
mobile	Run android-actions/setup-android@v3	2026-10-03T12:10:33.7577296Z 
mobile	Run android-actions/setup-android@v3	2026-10-03T12:10:33.7577302Z 
mobile	Run android-actions/setup-android@v3	2026-10-03T12:10:33.7577404Z 10. DISCLAIMER OF WARRANTIES
mobile	Run android-actions/setup-android@v3	2026-10-03T12:10:33.7577569Z 
mobile	Run android-actions/setup-android@v3	2026-10-03T12:10:33.7578091Z 10.1 YOU EXPRESSLY UNDERSTAND AND AGREE THAT YOUR USE OF THE SDK IS AT YOUR SOLE RISK AND THAT THE SDK IS PROVIDED "AS IS" AND "AS AVAILABLE" WITHOUT WARRANTY OF ANY KIND FROM GOOGLE.
mobile	Run android-actions/setup-android@v3	2026-10-03T12:10:33.7578885Z 
mobile	Run android-actions/setup-android@v3	2026-10-03T12:10:33.7579902Z 10.2 YOUR USE OF THE SDK AND ANY MATERIAL DOWNLOADED OR OTHERWISE OBTAINED THROUGH THE USE OF THE SDK IS AT YOUR OWN DISCRETION AND RISK AND YOU ARE SOLELY RESPONSIBLE FOR ANY DAMAGE TO YOUR COMPUTER SYSTEM OR OTHER DEVICE OR LOSS OF DATA THAT RESULTS FROM SUCH USE.
mobile	Run android-actions/setup-android@v3	2026-10-03T12:10:33.7581554Z 
mobile	Run android-actions/setup-android@v3	2026-10-03T12:10:33.7582622Z 10.3 GOOGLE FURTHER EXPRESSLY DISCLAIMS ALL WARRANTIES AND CONDITIONS OF ANY KIND, WHETHER EXPRESS OR IMPLIED, INCLUDING, BUT NOT LIMITED TO THE IMPLIED WARRANTIES AND CONDITIONS OF MERCHANTABILITY, FITNESS FOR A PARTICULAR PURPOSE AND NON-INFRINGEMENT.
mobile	Run android-actions/setup-android@v3	2026-10-03T12:10:33.7584869Z 
mobile	Run android-actions/setup-android@v3	2026-10-03T12:10:33.7584887Z 
mobile	Run android-actions/setup-android@v3	2026-10-03T12:10:33.7585026Z 11. LIMITATION OF LIABILITY
mobile	Run android-actions/setup-android@v3	2026-10-03T12:10:33.7585198Z 
mobile	Run android-actions/setup-android@v3	2026-10-03T12:10:33.7586605Z 11.1 YOU EXPRESSLY UNDERSTAND AND AGREE THAT GOOGLE, ITS SUBSIDIARIES AND AFFILIATES, AND ITS LICENSORS SHALL NOT BE LIABLE TO YOU UNDER ANY THEORY OF LIABILITY FOR ANY DIRECT, INDIRECT, INCIDENTAL, SPECIAL, CONSEQUENTIAL OR EXEMPLARY DAMAGES THAT MAY BE INCURRED BY YOU, INCLUDING ANY LOSS OF DATA, WHETHER OR NOT GOOGLE OR ITS REPRESENTATIVES HAVE BEEN ADVISED OF OR SHOULD HAVE BEEN AWARE OF THE POSSIBILITY OF ANY SUCH LOSSES ARISING.
mobile	Run android-actions/setup-android@v3	2026-10-03T12:10:33.7588652Z 
mobile	Run android-actions/setup-android@v3	2026-10-03T12:10:33.7588663Z 
mobile	Run android-actions/setup-android@v3	2026-10-03T12:10:33.7588815Z 12. Indemnification
mobile	Run android-actions/setup-android@v3	2026-10-03T12:10:33.7589037Z 
mobile	Run android-actions/setup-android@v3	2026-10-03T12:10:33.7591456Z 12.1 To the maximum extent permitted by law, you agree to defend, indemnify and hold harmless Google, its affiliates and their respective directors, officers, employees and agents from and against any and all claims, actions, suits or proceedings, as well as any and all losses, liabilities, damages, costs and expenses (including reasonable attorneys fees) arising out of or accruing from (a) your use of the SDK, (b) any application you develop on the SDK that infringes any copyright, trademark, trade secret, trade dress, patent or other intellectual property right of any person or defames any person or violates their rights of publicity or privacy, and (c) any non-compliance by you with the License Agreement.
mobile	Run android-actions/setup-android@v3	2026-10-03T12:10:33.7593875Z 
mobile	Run android-actions/setup-android@v3	2026-10-03T12:10:33.7593880Z 
mobile	Run android-actions/setup-android@v3	2026-10-03T12:10:33.7593982Z 13. Changes to the License Agreement
mobile	Run android-actions/setup-android@v3	2026-10-03T12:10:33.7594156Z 
mobile	Run android-actions/setup-android@v3	2026-10-03T12:10:33.7595237Z 13.1 Google may make changes to the License Agreement as it distributes new versions of the SDK. When these changes are made, Google will make a new version of the License Agreement available on the website where the SDK is made available.
mobile	Run android-actions/setup-android@v3	2026-10-03T12:10:33.7596077Z 
mobile	Run android-actions/setup-android@v3	2026-10-03T12:10:33.7596081Z 
mobile	Run android-actions/setup-android@v3	2026-10-03T12:10:33.7596165Z 14. General Legal Terms
mobile	Run android-actions/setup-android@v3	2026-10-03T12:10:33.7596306Z 
mobile	Run android-actions/setup-android@v3	2026-10-03T12:10:33.7597277Z 14.1 The License Agreement constitutes the whole legal agreement between you and Google and governs your use of the SDK (excluding any services which Google may provide to you under a separate written agreement), and completely replaces any prior agreements between you and Google in relation to the SDK.
mobile	Run android-actions/setup-android@v3	2026-10-03T12:10:33.7598328Z 
mobile	Run android-actions/setup-android@v3	2026-10-03T12:10:33.7599482Z 14.2 You agree that if Google does not exercise or enforce any legal right or remedy which is contained in the License Agreement (or which Google has the benefit of under any applicable law), this will not be taken to be a formal waiver of Google's rights and that those rights or remedies will still be available to Google.
mobile	Run android-actions/setup-android@v3	2026-10-03T12:10:33.7601250Z 
mobile	Run android-actions/setup-android@v3	2026-10-03T12:10:33.7602415Z 14.3 If any court of law, having the jurisdiction to decide on this matter, rules that any provision of the License Agreement is invalid, then that provision will be removed from the License Agreement without affecting the rest of the License Agreement. The remaining provisions of the License Agreement will continue to be valid and enforceable.
mobile	Run android-actions/setup-android@v3	2026-10-03T12:10:33.7603788Z 
mobile	Run android-actions/setup-android@v3	2026-10-03T12:10:33.7605508Z 14.4 You acknowledge and agree that each member of the group of companies of which Google is the parent shall be third party beneficiaries to the License Agreement and that such other companies shall be entitled to directly enforce, and rely upon, any provision of the License Agreement that confers a benefit on (or rights in favor of) them. Other than this, no other person or company shall be third party beneficiaries to the License Agreement.
mobile	Run android-actions/setup-android@v3	2026-10-03T12:10:33.7607011Z 
mobile	Run android-actions/setup-android@v3	2026-10-03T12:10:33.7607835Z 14.5 EXPORT RESTRICTIONS. THE SDK IS SUBJECT TO UNITED STATES EXPORT LAWS AND REGULATIONS. YOU MUST COMPLY WITH ALL DOMESTIC AND INTERNATIONAL EXPORT LAWS AND REGULATIONS THAT APPLY TO THE SDK. THESE LAWS INCLUDE RESTRICTIONS ON DESTINATIONS, END USERS AND END USE.
mobile	Run android-actions/setup-android@v3	2026-10-03T12:10:33.7608766Z 
mobile	Run android-actions/setup-android@v3	2026-10-03T12:10:33.7609981Z 14.6 The rights granted in the License Agreement may not be assigned or transferred by either you or Google without the prior written approval of the other party. Neither you nor Google shall be permitted to delegate their responsibilities or obligations under the License Agreement without the prior written approval of the other party.
mobile	Run android-actions/setup-android@v3	2026-10-03T12:10:33.7611159Z 
mobile	Run android-actions/setup-android@v3	2026-10-03T12:10:33.7612973Z 14.7 The License Agreement, and your relationship with Google under the License Agreement, shall be governed by the laws of the State of California without regard to its conflict of laws provisions. You and Google agree to submit to the exclusive jurisdiction of the courts located within the county of Santa Clara, California to resolve any legal matter arising from the License Agreement. Notwithstanding this, you agree that Google shall still be allowed to apply for injunctive remedies (or an equivalent type of urgent legal relief) in any jurisdiction.
mobile	Run android-actions/setup-android@v3	2026-10-03T12:10:33.7615177Z 
mobile	Run android-actions/setup-android@v3	2026-10-03T12:10:33.7615185Z 
mobile	Run android-actions/setup-android@v3	2026-10-03T12:10:33.7615273Z January 16, 2019
mobile	Run android-actions/setup-android@v3	2026-10-03T12:10:33.7615609Z ---------------------------------------
mobile	Run android-actions/setup-android@v3	2026-10-03T12:10:33.7616072Z Accept? (y/N): 
mobile	Run android-actions/setup-android@v3	2026-10-03T12:10:33.7616482Z 4/6: License android-sdk-preview-license:
mobile	Run android-actions/setup-android@v3	2026-10-03T12:10:33.7616973Z ---------------------------------------
mobile	Run android-actions/setup-android@v3	2026-10-03T12:10:33.7619631Z To get started with the Android SDK Preview, you must agree to the following terms and conditions. As described below, please note that this is a preview version of the Android SDK, subject to change, that you use at your own risk. The Android SDK Preview is not a stable release, and may contain errors and defects that can result in serious damage to your computer systems, devices and data.
mobile	Run android-actions/setup-android@v3	2026-10-03T12:10:33.7622074Z 
mobile	Run android-actions/setup-android@v3	2026-10-03T12:10:33.7622445Z This is the Android SDK Preview License Agreement (the "License Agreement").
mobile	Run android-actions/setup-android@v3	2026-10-03T12:10:33.7623029Z 
mobile	Run android-actions/setup-android@v3	2026-10-03T12:10:33.7623173Z 1. Introduction
mobile	Run android-actions/setup-android@v3	2026-10-03T12:10:33.7623386Z 
mobile	Run android-actions/setup-android@v3	2026-10-03T12:10:33.7626532Z 1.1 The Android SDK Preview (referred to in the License Agreement as the “Preview” and specifically including the Android system files, packaged APIs, and Preview library files, if and when they are made available) is licensed to you subject to the terms of the License Agreement. The License Agreement forms a legally binding contract between you and Google in relation to your use of the Preview.
mobile	Run android-actions/setup-android@v3	2026-10-03T12:10:33.7629145Z 
mobile	Run android-actions/setup-android@v3	2026-10-03T12:10:33.7630398Z 1.2 "Android" means the Android software stack for devices, as made available under the Android Open Source Project, which is located at the following URL: http://source.android.com/, as updated from time to time.
mobile	Run android-actions/setup-android@v3	2026-10-03T12:10:33.7631815Z 
mobile	Run android-actions/setup-android@v3	2026-10-03T12:10:33.7632689Z 1.3 "Google" means Google Inc., a Delaware corporation with principal place of business at 1600 Amphitheatre Parkway, Mountain View, CA 94043, United States.
mobile	Run android-actions/setup-android@v3	2026-10-03T12:10:33.7633958Z 
mobile	Run android-actions/setup-android@v3	2026-10-03T12:10:33.7634144Z 2. Accepting the License Agreement
mobile	Run android-actions/setup-android@v3	2026-10-03T12:10:33.7634667Z 
mobile	Run android-actions/setup-android@v3	2026-10-03T12:10:33.7635449Z 2.1 In order to use the Preview, you must first agree to the License Agreement. You may not use the Preview if you do not accept the License Agreement.
mobile	Run android-actions/setup-android@v3	2026-10-03T12:10:33.7636347Z 
mobile	Run android-actions/setup-android@v3	2026-10-03T12:10:33.7636659Z 2.2 By clicking to accept and/or using the Preview, you hereby agree to the terms of the License Agreement.
mobile	Run android-actions/setup-android@v3	2026-10-03T12:10:33.7637063Z 
mobile	Run android-actions/setup-android@v3	2026-10-03T12:10:33.7637865Z 2.3 You may not use the Preview and may not accept the License Agreement if you are a person barred from receiving the Preview under the laws of the United States or other countries including the country in which you are resident or from which you use the Preview.
mobile	Run android-actions/setup-android@v3	2026-10-03T12:10:33.7638772Z 
mobile	Run android-actions/setup-android@v3	2026-10-03T12:10:33.7640170Z 2.4 If you will use the Preview internally within your company or organization you agree to be bound by the License Agreement on behalf of your employer or other entity, and you represent and warrant that you have full legal authority to bind your employer or such entity to the License Agreement. If you do not have the requisite authority, you may not accept the License Agreement or use the Preview on behalf of your employer or other entity.
mobile	Run android-actions/setup-android@v3	2026-10-03T12:10:33.7641817Z 
mobile	Run android-actions/setup-android@v3	2026-10-03T12:10:33.7641920Z 3. Preview License from Google
mobile	Run android-actions/setup-android@v3	2026-10-03T12:10:33.7642080Z 
mobile	Run android-actions/setup-android@v3	2026-10-03T12:10:33.7643079Z 3.1 Subject to the terms of the License Agreement, Google grants you a royalty-free, non-assignable, non-exclusive, non-sublicensable, limited, revocable license to use the Preview, personally or internally within your company or organization, solely to develop applications to run on the Android platform.
mobile	Run android-actions/setup-android@v3	2026-10-03T12:10:33.7644163Z 
mobile	Run android-actions/setup-android@v3	2026-10-03T12:10:33.7645790Z 3.2 You agree that Google or third parties owns all legal right, title and interest in and to the Preview, including any Intellectual Property Rights that subsist in the Preview. "Intellectual Property Rights" means any and all rights under patent law, copyright law, trade secret law, trademark law, and any and all other proprietary rights. Google reserves all rights not expressly granted to you.
mobile	Run android-actions/setup-android@v3	2026-10-03T12:10:33.7647181Z 
mobile	Run android-actions/setup-android@v3	2026-10-03T12:10:33.7649107Z 3.3 You may not use the Preview for any purpose not expressly permitted by the License Agreement. Except to the extent required by applicable third party licenses, you may not: (a) copy (except for backup purposes), modify, adapt, redistribute, decompile, reverse engineer, disassemble, or create derivative works of the Preview or any part of the Preview; or (b) load any part of the Preview onto a mobile handset or any other hardware device except a personal computer, combine any part of the Preview with other software, or distribute any software or device incorporating a part of the Preview.
mobile	Run android-actions/setup-android@v3	2026-10-03T12:10:33.7651109Z 
mobile	Run android-actions/setup-android@v3	2026-10-03T12:10:33.7651930Z 3.4 You agree that you will not take any actions that may cause or result in the fragmentation of Android, including but not limited to distributing, participating in the creation of, or promoting in any way a software development kit derived from the Preview.
mobile	Run android-actions/setup-android@v3	2026-10-03T12:10:33.7652833Z 
mobile	Run android-actions/setup-android@v3	2026-10-03T12:10:33.7654190Z 3.5 Use, reproduction and distribution of components of the Preview licensed under an open source software license are governed solely by the terms of that open source software license and not the License Agreement. You agree to remain a licensee in good standing in regard to such open source software licenses under all the rights granted and to refrain from any actions that may terminate, suspend, or breach such rights.
mobile	Run android-actions/setup-android@v3	2026-10-03T12:10:33.7655913Z 
mobile	Run android-actions/setup-android@v3	2026-10-03T12:10:33.7657329Z 3.6 You agree that the form and nature of the Preview that Google provides may change without prior notice to you and that future versions of the Preview may be incompatible with applications developed on previous versions of the Preview. You agree that Google may stop (permanently or temporarily) providing the Preview (or any features within the Preview) to you or to users generally at Google's sole discretion, without prior notice to you.
mobile	Run android-actions/setup-android@v3	2026-10-03T12:10:33.7658983Z 
mobile	Run android-actions/setup-android@v3	2026-10-03T12:10:33.7659496Z 3.7 Nothing in the License Agreement gives you a right to use any of Google's trade names, trademarks, service marks, logos, domain names, or other distinctive brand features.
mobile	Run android-actions/setup-android@v3	2026-10-03T12:10:33.7660114Z 
mobile	Run android-actions/setup-android@v3	2026-10-03T12:10:33.7660971Z 3.8 You agree that you will not remove, obscure, or alter any proprietary rights notices (including copyright and trademark notices) that may be affixed to or contained within the Preview.
mobile	Run android-actions/setup-android@v3	2026-10-03T12:10:33.7662248Z 
mobile	Run android-actions/setup-android@v3	2026-10-03T12:10:33.7662405Z 4. Use of the Preview by You
mobile	Run android-actions/setup-android@v3	2026-10-03T12:10:33.7662664Z 
mobile	Run android-actions/setup-android@v3	2026-10-03T12:10:33.7664667Z 4.1 Google agrees that nothing in the License Agreement gives Google any right, title or interest from you (or your licensors) under the License Agreement in or to any software applications that you develop using the Preview, including any intellectual property rights that subsist in those applications.
mobile	Run android-actions/setup-android@v3	2026-10-03T12:10:33.7666749Z 
mobile	Run android-actions/setup-android@v3	2026-10-03T12:10:33.7668959Z 4.2 You agree to use the Preview and write applications only for purposes that are permitted by (a) the License Agreement, and (b) any applicable law, regulation or generally accepted practices or guidelines in the relevant jurisdictions (including any laws regarding the export of data or software to and from the United States or other relevant countries).
mobile	Run android-actions/setup-android@v3	2026-10-03T12:10:33.7671402Z 
mobile	Run android-actions/setup-android@v3	2026-10-03T12:10:33.7675795Z 4.3 You agree that if you use the Preview to develop applications, you will protect the privacy and legal rights of users. If users provide you with user names, passwords, or other login information or personal information, you must make the users aware that the information will be available to your application, and you must provide legally adequate privacy notice and protection for those users. If your application stores personal or sensitive information provided by users, it must do so securely. If users provide you with Google Account information, your application may only use that information to access the user's Google Account when, and for the limited purposes for which, each user has given you permission to do so.
mobile	Run android-actions/setup-android@v3	2026-10-03T12:10:33.7680161Z 
mobile	Run android-actions/setup-android@v3	2026-10-03T12:10:33.7681952Z 4.4 You agree that you will not engage in any activity with the Preview, including the development or distribution of an application, that interferes with, disrupts, damages, or accesses in an unauthorized manner the servers, networks, or other properties or services of Google or any third party.
mobile	Run android-actions/setup-android@v3	2026-10-03T12:10:33.7683882Z 
mobile	Run android-actions/setup-android@v3	2026-10-03T12:10:33.7686210Z 4.5 You agree that you are solely responsible for (and that Google has no responsibility to you or to any third party for) any data, content, or resources that you create, transmit or display through Android and/or applications for Android, and for the consequences of your actions (including any loss or damage which Google may suffer) by doing so.
mobile	Run android-actions/setup-android@v3	2026-10-03T12:10:33.7688414Z 
mobile	Run android-actions/setup-android@v3	2026-10-03T12:10:33.7690731Z 4.6 You agree that you are solely responsible for (and that Google has no responsibility to you or to any third party for) any breach of your obligations under the License Agreement, any applicable third party contract or Terms of Service, or any applicable law or regulation, and for the consequences (including any loss or damage which Google or any third party may suffer) of any such breach.
mobile	Run android-actions/setup-android@v3	2026-10-03T12:10:33.7693272Z 
mobile	Run android-actions/setup-android@v3	2026-10-03T12:10:33.7696360Z 4.7 The Preview is in development, and your testing and feedback are an important part of the development process. By using the Preview, you acknowledge that implementation of some features are still under development and that you should not rely on the Preview having the full functionality of a stable release. You agree not to publicly distribute or ship any application using this Preview as this Preview will no longer be supported after the official Android SDK is released.
mobile	Run android-actions/setup-android@v3	2026-10-03T12:10:33.7699426Z 
mobile	Run android-actions/setup-android@v3	2026-10-03T12:10:33.7699597Z 5. Your Developer Credentials
mobile	Run android-actions/setup-android@v3	2026-10-03T12:10:33.7700110Z 
mobile	Run android-actions/setup-android@v3	2026-10-03T12:10:33.7701439Z 5.1 You agree that you are responsible for maintaining the confidentiality of any developer credentials that may be issued to you by Google or which you may choose yourself and that you will be solely responsible for all applications that are developed under your developer credentials.
mobile	Run android-actions/setup-android@v3	2026-10-03T12:10:33.7702448Z 
mobile	Run android-actions/setup-android@v3	2026-10-03T12:10:33.7702548Z 6. Privacy and Information
mobile	Run android-actions/setup-android@v3	2026-10-03T12:10:33.7702702Z 
mobile	Run android-actions/setup-android@v3	2026-10-03T12:10:33.7704302Z 6.1 In order to continually innovate and improve the Preview, Google may collect certain usage statistics from the software including but not limited to a unique identifier, associated IP address, version number of the software, and information on which tools and/or services in the Preview are being used and how they are being used. Before any of this information is collected, the Preview will notify you and seek your consent. If you withhold consent, the information will not be collected.
mobile	Run android-actions/setup-android@v3	2026-10-03T12:10:33.7706253Z 
mobile	Run android-actions/setup-android@v3	2026-10-03T12:10:33.7706851Z 6.2 The data collected is examined in the aggregate to improve the Preview and is maintained in accordance with Google's Privacy Policy located at http://www.google.com/policies/privacy/.
mobile	Run android-actions/setup-android@v3	2026-10-03T12:10:33.7707684Z 
mobile	Run android-actions/setup-android@v3	2026-10-03T12:10:33.7707780Z 7. Third Party Applications
mobile	Run android-actions/setup-android@v3	2026-10-03T12:10:33.7707939Z 
mobile	Run android-actions/setup-android@v3	2026-10-03T12:10:33.7709846Z 7.1 If you use the Preview to run applications developed by a third party or that access data, content or resources provided by a third party, you agree that Google is not responsible for those applications, data, content, or resources. You understand that all data, content or resources which you may access through such third party applications are the sole responsibility of the person from which they originated and that Google is not liable for any loss or damage that you may experience as a result of the use or access of any of those third party applications, data, content, or resources.
mobile	Run android-actions/setup-android@v3	2026-10-03T12:10:33.7711847Z 
mobile	Run android-actions/setup-android@v3	2026-10-03T12:10:33.7713386Z 7.2 You should be aware the data, content, and resources presented to you through such a third party application may be protected by intellectual property rights which are owned by the providers (or by other persons or companies on their behalf). You may not modify, rent, lease, loan, sell, distribute or create derivative works based on these data, content, or resources (either in whole or in part) unless you have been specifically given permission to do so by the relevant owners.
mobile	Run android-actions/setup-android@v3	2026-10-03T12:10:33.7715350Z 
mobile	Run android-actions/setup-android@v3	2026-10-03T12:10:33.7715880Z 7.3 You acknowledge that your use of such third party applications, data, content, or resources may be subject to separate terms between you and the relevant third party.
mobile	Run android-actions/setup-android@v3	2026-10-03T12:10:33.7716486Z 
mobile	Run android-actions/setup-android@v3	2026-10-03T12:10:33.7716578Z 8. Using Google APIs
mobile	Run android-actions/setup-android@v3	2026-10-03T12:10:33.7716710Z 
mobile	Run android-actions/setup-android@v3	2026-10-03T12:10:33.7716795Z 8.1 Google APIs
mobile	Run android-actions/setup-android@v3	2026-10-03T12:10:33.7716917Z 
mobile	Run android-actions/setup-android@v3	2026-10-03T12:10:33.7718477Z 8.1.1 If you use any API to retrieve data from Google, you acknowledge that the data may be protected by intellectual property rights which are owned by Google or those parties that provide the data (or by other persons or companies on their behalf). Your use of any such API may be subject to additional Terms of Service. You may not modify, rent, lease, loan, sell, distribute or create derivative works based on this data (either in whole or in part) unless allowed by the relevant Terms of Service.
mobile	Run android-actions/setup-android@v3	2026-10-03T12:10:33.7720147Z 
mobile	Run android-actions/setup-android@v3	2026-10-03T12:10:33.7720921Z 8.1.2 If you use any API to retrieve a user's data from Google, you acknowledge and agree that you shall retrieve data only with the user's explicit consent and only when, and for the limited purposes for which, the user has given you permission to do so.
mobile	Run android-actions/setup-android@v3	2026-10-03T12:10:33.7721781Z 
mobile	Run android-actions/setup-android@v3	2026-10-03T12:10:33.7721889Z 9. Terminating the License Agreement
mobile	Run android-actions/setup-android@v3	2026-10-03T12:10:33.7722065Z 
mobile	Run android-actions/setup-android@v3	2026-10-03T12:10:33.7722381Z 9.1 the License Agreement will continue to apply until terminated by either you or Google as set out below.
mobile	Run android-actions/setup-android@v3	2026-10-03T12:10:33.7722793Z 
mobile	Run android-actions/setup-android@v3	2026-10-03T12:10:33.7723181Z 9.2 If you want to terminate the License Agreement, you may do so by ceasing your use of the Preview and any relevant developer credentials.
mobile	Run android-actions/setup-android@v3	2026-10-03T12:10:33.7723815Z 
mobile	Run android-actions/setup-android@v3	2026-10-03T12:10:33.7724098Z 9.3 Google may at any time, terminate the License Agreement, with or without cause, upon notice to you.
mobile	Run android-actions/setup-android@v3	2026-10-03T12:10:33.7724798Z 
mobile	Run android-actions/setup-android@v3	2026-10-03T12:10:33.7726006Z 9.4 The License Agreement will automatically terminate without notice or other action upon the earlier of: (A) when Google ceases to provide the Preview or certain parts of the Preview to users in the country in which you are resident or from which you use the service; and (B) Google issues a final release version of the Android SDK.
mobile	Run android-actions/setup-android@v3	2026-10-03T12:10:33.7727330Z 
mobile	Run android-actions/setup-android@v3	2026-10-03T12:10:33.7728088Z 9.5 When the License Agreement is terminated, the license granted to you in the License Agreement will terminate, you will immediately cease all use of the Preview, and the provisions of paragraphs 10, 11, 12 and 14 shall survive indefinitely.
mobile	Run android-actions/setup-android@v3	2026-10-03T12:10:33.7729091Z 
mobile	Run android-actions/setup-android@v3	2026-10-03T12:10:33.7729172Z 10. DISCLAIMERS
mobile	Run android-actions/setup-android@v3	2026-10-03T12:10:33.7729296Z 
mobile	Run android-actions/setup-android@v3	2026-10-03T12:10:33.7729994Z 10.1 YOU EXPRESSLY UNDERSTAND AND AGREE THAT YOUR USE OF THE PREVIEW IS AT YOUR SOLE RISK AND THAT THE PREVIEW IS PROVIDED "AS IS" AND "AS AVAILABLE" WITHOUT WARRANTY OF ANY KIND FROM GOOGLE.
mobile	Run android-actions/setup-android@v3	2026-10-03T12:10:33.7730985Z 
mobile	Run android-actions/setup-android@v3	2026-10-03T12:10:33.7733487Z 10.2 YOUR USE OF THE PREVIEW AND ANY MATERIAL DOWNLOADED OR OTHERWISE OBTAINED THROUGH THE USE OF THE PREVIEW IS AT YOUR OWN DISCRETION AND RISK AND YOU ARE SOLELY RESPONSIBLE FOR ANY DAMAGE TO YOUR COMPUTER SYSTEM OR OTHER DEVICE OR LOSS OF DATA THAT RESULTS FROM SUCH USE. WITHOUT LIMITING THE FOREGOING, YOU UNDERSTAND THAT THE PREVIEW IS NOT A STABLE RELEASE AND MAY CONTAIN ERRORS, DEFECTS AND SECURITY VULNERABILITIES THAT CAN RESULT IN SIGNIFICANT DAMAGE, INCLUDING THE COMPLETE, IRRECOVERABLE LOSS OF USE OF YOUR COMPUTER SYSTEM OR OTHER DEVICE.
mobile	Run android-actions/setup-android@v3	2026-10-03T12:10:33.7736211Z 
mobile	Run android-actions/setup-android@v3	2026-10-03T12:10:33.7737207Z 10.3 GOOGLE FURTHER EXPRESSLY DISCLAIMS ALL WARRANTIES AND CONDITIONS OF ANY KIND, WHETHER EXPRESS OR IMPLIED, INCLUDING, BUT NOT LIMITED TO THE IMPLIED WARRANTIES AND CONDITIONS OF MERCHANTABILITY, FITNESS FOR A PARTICULAR PURPOSE AND NON-INFRINGEMENT.
mobile	Run android-actions/setup-android@v3	2026-10-03T12:10:33.7738297Z 
mobile	Run android-actions/setup-android@v3	2026-10-03T12:10:33.7738401Z 11. LIMITATION OF LIABILITY
mobile	Run android-actions/setup-android@v3	2026-10-03T12:10:33.7738555Z 
mobile	Run android-actions/setup-android@v3	2026-10-03T12:10:33.7740234Z 11.1 YOU EXPRESSLY UNDERSTAND AND AGREE THAT GOOGLE, ITS SUBSIDIARIES AND AFFILIATES, AND ITS LICENSORS SHALL NOT BE LIABLE TO YOU UNDER ANY THEORY OF LIABILITY FOR ANY DIRECT, INDIRECT, INCIDENTAL, SPECIAL, CONSEQUENTIAL OR EXEMPLARY DAMAGES THAT MAY BE INCURRED BY YOU, INCLUDING ANY LOSS OF DATA, WHETHER OR NOT GOOGLE OR ITS REPRESENTATIVES HAVE BEEN ADVISED OF OR SHOULD HAVE BEEN AWARE OF THE POSSIBILITY OF ANY SUCH LOSSES ARISING.
mobile	Run android-actions/setup-android@v3	2026-10-03T12:10:33.7741869Z 
mobile	Run android-actions/setup-android@v3	2026-10-03T12:10:33.7741954Z 12. Indemnification
mobile	Run android-actions/setup-android@v3	2026-10-03T12:10:33.7742084Z 
mobile	Run android-actions/setup-android@v3	2026-10-03T12:10:33.7745363Z 12.1 To the maximum extent permitted by law, you agree to defend, indemnify and hold harmless Google, its affiliates and their respective directors, officers, employees and agents from and against any and all claims, actions, suits or proceedings, as well as any and all losses, liabilities, damages, costs and expenses (including reasonable attorneys’ fees) arising out of or accruing from (a) your use of the Preview, (b) any application you develop on the Preview that infringes any Intellectual Property Rights of any person or defames any person or violates their rights of publicity or privacy, and (c) any non-compliance by you of the License Agreement.
mobile	Run android-actions/setup-android@v3	2026-10-03T12:10:33.7747941Z 
mobile	Run android-actions/setup-android@v3	2026-10-03T12:10:33.7748054Z 13. Changes to the License Agreement
mobile	Run android-actions/setup-android@v3	2026-10-03T12:10:33.7748231Z 
mobile	Run android-actions/setup-android@v3	2026-10-03T12:10:33.7749161Z 13.1 Google may make changes to the License Agreement as it distributes new versions of the Preview. When these changes are made, Google will make a new version of the License Agreement available on the website where the Preview is made available.
mobile	Run android-actions/setup-android@v3	2026-10-03T12:10:33.7750029Z 
mobile	Run android-actions/setup-android@v3	2026-10-03T12:10:33.7750291Z 14. General Legal Terms
mobile	Run android-actions/setup-android@v3	2026-10-03T12:10:33.7750432Z 
mobile	Run android-actions/setup-android@v3	2026-10-03T12:10:33.7751595Z 14.1 the License Agreement constitutes the whole legal agreement between you and Google and governs your use of the Preview (excluding any services which Google may provide to you under a separate written agreement), and completely replaces any prior agreements between you and Google in relation to the Preview.
mobile	Run android-actions/setup-android@v3	2026-10-03T12:10:33.7752734Z 
mobile	Run android-actions/setup-android@v3	2026-10-03T12:10:33.7753846Z 14.2 You agree that if Google does not exercise or enforce any legal right or remedy which is contained in the License Agreement (or which Google has the benefit of under any applicable law), this will not be taken to be a formal waiver of Google's rights and that those rights or remedies will still be available to Google.
mobile	Run android-actions/setup-android@v3	2026-10-03T12:10:33.7755916Z 
mobile	Run android-actions/setup-android@v3	2026-10-03T12:10:33.7757911Z 14.3 If any court of law, having the jurisdiction to decide on this matter, rules that any provision of the License Agreement is invalid, then that provision will be removed from the License Agreement without affecting the rest of the License Agreement. The remaining provisions of the License Agreement will continue to be valid and enforceable.
mobile	Run android-actions/setup-android@v3	2026-10-03T12:10:33.7760239Z 
mobile	Run android-actions/setup-android@v3	2026-10-03T12:10:33.7762773Z 14.4 You acknowledge and agree that each member of the group of companies of which Google is the parent shall be third party beneficiaries to the License Agreement and that such other companies shall be entitled to directly enforce, and rely upon, any provision of the License Agreement that confers a benefit on (or rights in favor of) them. Other than this, no other person or company shall be third party beneficiaries to the License Agreement.
mobile	Run android-actions/setup-android@v3	2026-10-03T12:10:33.7765663Z 
mobile	Run android-actions/setup-android@v3	2026-10-03T12:10:33.7767235Z 14.5 EXPORT RESTRICTIONS. THE PREVIEW IS SUBJECT TO UNITED STATES EXPORT LAWS AND REGULATIONS. YOU MUST COMPLY WITH ALL DOMESTIC AND INTERNATIONAL EXPORT LAWS AND REGULATIONS THAT APPLY TO THE PREVIEW. THESE LAWS INCLUDE RESTRICTIONS ON DESTINATIONS, END USERS AND END USE.
mobile	Run android-actions/setup-android@v3	2026-10-03T12:10:33.7769016Z 
mobile	Run android-actions/setup-android@v3	2026-10-03T12:10:33.7770609Z 14.6 The License Agreement may not be assigned or transferred by you without the prior written approval of Google, and any attempted assignment without such approval will be void. You shall not delegate your responsibilities or obligations under the License Agreement without the prior written approval of Google.
mobile	Run android-actions/setup-android@v3	2026-10-03T12:10:33.7772501Z 
mobile	Run android-actions/setup-android@v3	2026-10-03T12:10:33.7775116Z 14.7 The License Agreement, and your relationship with Google under the License Agreement, shall be governed by the laws of the State of California without regard to its conflict of laws provisions. You and Google agree to submit to the exclusive jurisdiction of the courts located within the county of Santa Clara, California to resolve any legal matter arising from the License Agreement. Notwithstanding this, you agree that Google shall still be allowed to apply for injunctive remedies (or an equivalent type of urgent legal relief) in any jurisdiction.
mobile	Run android-actions/setup-android@v3	2026-10-03T12:10:33.7777634Z 
mobile	Run android-actions/setup-android@v3	2026-10-03T12:10:33.7777804Z June 2014.
mobile	Run android-actions/setup-android@v3	2026-10-03T12:10:33.7778140Z ---------------------------------------
mobile	Run android-actions/setup-android@v3	2026-10-03T12:10:33.7778623Z Accept? (y/N): 
mobile	Run android-actions/setup-android@v3	2026-10-03T12:10:33.7778982Z 5/6: License google-gdk-license:
mobile	Run android-actions/setup-android@v3	2026-10-03T12:10:33.7779258Z ---------------------------------------
mobile	Run android-actions/setup-android@v3	2026-10-03T12:10:33.7779603Z This is a Developer Preview of the GDK that is subject to change.
mobile	Run android-actions/setup-android@v3	2026-10-03T12:10:33.7779866Z 
mobile	Run android-actions/setup-android@v3	2026-10-03T12:10:33.7779956Z Terms and Conditions
mobile	Run android-actions/setup-android@v3	2026-10-03T12:10:33.7780085Z 
mobile	Run android-actions/setup-android@v3	2026-10-03T12:10:33.7780216Z This is the Glass Development Kit License Agreement.
mobile	Run android-actions/setup-android@v3	2026-10-03T12:10:33.7780444Z 
mobile	Run android-actions/setup-android@v3	2026-10-03T12:10:33.7780525Z 1. Introduction
mobile	Run android-actions/setup-android@v3	2026-10-03T12:10:33.7780646Z 
mobile	Run android-actions/setup-android@v3	2026-10-03T12:10:33.7781876Z 1.1 The Glass Development Kit (referred to in this License Agreement as the "GDK" and specifically including the Android system files, packaged APIs, and GDK library files, if and when they are made available) is licensed to you subject to the terms of this License Agreement. This License Agreement forms a legally binding contract between you and Google in relation to your use of the GDK.
mobile	Run android-actions/setup-android@v3	2026-10-03T12:10:33.7783438Z 
mobile	Run android-actions/setup-android@v3	2026-10-03T12:10:33.7783666Z 1.2 "Glass" means Glass devices and the Glass software stack for use on Glass devices.
mobile	Run android-actions/setup-android@v3	2026-10-03T12:10:33.7783998Z 
mobile	Run android-actions/setup-android@v3	2026-10-03T12:10:33.7784002Z 
mobile	Run android-actions/setup-android@v3	2026-10-03T12:10:33.7784954Z 1.3 "Android" means the Android software stack for devices, as made available under the Android Open Source Project, which is located at the following URL: http://source.android.com/, as updated from time to time.
mobile	Run android-actions/setup-android@v3	2026-10-03T12:10:33.7785715Z 
mobile	Run android-actions/setup-android@v3	2026-10-03T12:10:33.7786429Z 1.4 "Google" means Google Inc., a Delaware corporation with principal place of business at 1600 Amphitheatre Parkway, Mountain View, CA 94043, United States.
mobile	Run android-actions/setup-android@v3	2026-10-03T12:10:33.7787009Z 
mobile	Run android-actions/setup-android@v3	2026-10-03T12:10:33.7787175Z 2. Accepting this License Agreement
mobile	Run android-actions/setup-android@v3	2026-10-03T12:10:33.7787404Z 
mobile	Run android-actions/setup-android@v3	2026-10-03T12:10:33.7788024Z 2.1 In order to use the GDK, you must first agree to this License Agreement. You may not use the GDK if you do not accept this License Agreement.
mobile	Run android-actions/setup-android@v3	2026-10-03T12:10:33.7788787Z 
mobile	Run android-actions/setup-android@v3	2026-10-03T12:10:33.7789026Z 2.2 By clicking to accept, you hereby agree to the terms of this License Agreement.
mobile	Run android-actions/setup-android@v3	2026-10-03T12:10:33.7789534Z 
mobile	Run android-actions/setup-android@v3	2026-10-03T12:10:33.7790572Z 2.3 You may not use the GDK and may not accept the License Agreement if you are a person barred from receiving the GDK under the laws of the United States or other countries including the country in which you are resident or from which you use the GDK.
mobile	Run android-actions/setup-android@v3	2026-10-03T12:10:33.7791448Z 
mobile	Run android-actions/setup-android@v3	2026-10-03T12:10:33.7792620Z 2.4 If you are agreeing to be bound by this License Agreement on behalf of your employer or other entity, you represent and warrant that you have full legal authority to bind your employer or such entity to this License Agreement. If you do not have the requisite authority, you may not accept the License Agreement or use the GDK on behalf of your employer or other entity.
mobile	Run android-actions/setup-android@v3	2026-10-03T12:10:33.7793881Z 
mobile	Run android-actions/setup-android@v3	2026-10-03T12:10:33.7793982Z 3. GDK License from Google
mobile	Run android-actions/setup-android@v3	2026-10-03T12:10:33.7794125Z 
mobile	Run android-actions/setup-android@v3	2026-10-03T12:10:33.7795143Z 3.1 Subject to the terms of this License Agreement, Google grants you a limited, worldwide, royalty-free, non-assignable and non-exclusive license to use the GDK solely to develop applications to run on the Glass platform for Glass devices.
mobile	Run android-actions/setup-android@v3	2026-10-03T12:10:33.7795998Z 
mobile	Run android-actions/setup-android@v3	2026-10-03T12:10:33.7797236Z 3.2 You agree that Google or third parties own all legal right, title and interest in and to the GDK, including any Intellectual Property Rights that subsist in the GDK. "Intellectual Property Rights" means any and all rights under patent law, copyright law, trade secret law, trademark law, and any and all other proprietary rights. Google reserves all rights not expressly granted to you.
mobile	Run android-actions/setup-android@v3	2026-10-03T12:10:33.7798568Z 
mobile	Run android-actions/setup-android@v3	2026-10-03T12:10:33.7800836Z 3.3 You may not use the GDK for any purpose not expressly permitted by this License Agreement. Except to the extent required by applicable third party licenses, you may not: (a) copy (except for backup purposes), modify, adapt, redistribute, decompile, reverse engineer, disassemble, or create derivative works of the GDK or any part of the GDK; or (b) load any part of the GDK onto a mobile handset or wearable computing device or any other hardware device except a Glass device personal computer, combine any part of the GDK with other software, or distribute any software or device incorporating a part of the GDK.
mobile	Run android-actions/setup-android@v3	2026-10-03T12:10:33.7803736Z 
mobile	Run android-actions/setup-android@v3	2026-10-03T12:10:33.7804866Z 3.4 You agree that you will not take any actions that may cause or result in the fragmentation of Glass, including but not limited to distributing, participating in the creation of, or promoting in any way a software development kit derived from the GDK.
mobile	Run android-actions/setup-android@v3	2026-10-03T12:10:33.7805777Z 
mobile	Run android-actions/setup-android@v3	2026-10-03T12:10:33.7806432Z 3.5 Use, reproduction and distribution of components of the GDK licensed under an open source software license are governed solely by the terms of that open source software license and not this License Agreement.
mobile	Run android-actions/setup-android@v3	2026-10-03T12:10:33.7807174Z 
mobile	Run android-actions/setup-android@v3	2026-10-03T12:10:33.7808510Z 3.6 You agree that the form and nature of the GDK that Google provides may change without prior notice to you and that future versions of the GDK may be incompatible with applications developed on previous versions of the GDK. You agree that Google may stop (permanently or temporarily) providing the GDK (or any features within the GDK) to you or to users generally at Google's sole discretion, without prior notice to you.
mobile	Run android-actions/setup-android@v3	2026-10-03T12:10:33.7810098Z 
mobile	Run android-actions/setup-android@v3	2026-10-03T12:10:33.7810715Z 3.7 Nothing in this License Agreement gives you a right to use any of Google's trade names, trademarks, service marks, logos, domain names, or other distinctive brand features.
mobile	Run android-actions/setup-android@v3	2026-10-03T12:10:33.7811814Z 
mobile	Run android-actions/setup-android@v3	2026-10-03T12:10:33.7812748Z 3.8 You agree that you will not remove, obscure, or alter any proprietary rights notices (including copyright and trademark notices) that may be affixed to or contained within the GDK.
mobile	Run android-actions/setup-android@v3	2026-10-03T12:10:33.7813426Z 
mobile	Run android-actions/setup-android@v3	2026-10-03T12:10:33.7813431Z 
mobile	Run android-actions/setup-android@v3	2026-10-03T12:10:33.7815450Z 3.9 Your use of any Android system files, packaged APIs, or other components of the GDK which are part of the Android Software Development Kit is subject to the terms of the Android Software Development Kit License Agreement located at http://developer.android.com/sdk/terms.html. These terms are hereby incorporated by reference into this License Agreement.
mobile	Run android-actions/setup-android@v3	2026-10-03T12:10:33.7817971Z 
mobile	Run android-actions/setup-android@v3	2026-10-03T12:10:33.7818108Z 4. Use of the GDK by You
mobile	Run android-actions/setup-android@v3	2026-10-03T12:10:33.7818266Z 
mobile	Run android-actions/setup-android@v3	2026-10-03T12:10:33.7819118Z 4.1 Google agrees that it obtains no right, title or interest from you (or your licensors) under this License Agreement in or to any software applications that you develop using the GDK, including any intellectual property rights that subsist in those applications.
mobile	Run android-actions/setup-android@v3	2026-10-03T12:10:33.7820295Z 
mobile	Run android-actions/setup-android@v3	2026-10-03T12:10:33.7822435Z 4.2 You agree to use the GDK and write applications only for purposes that are permitted by (a) this License Agreement, (b) the Glass Platform Developer Policies (located at https://developers.google.com/glass/policies, and hereby incorporated into this License Agreement by reference), and (c) any applicable law, regulation or generally accepted practices or guidelines in the relevant jurisdictions (including any laws regarding the export of data or software to and from the United States or other relevant countries).
mobile	Run android-actions/setup-android@v3	2026-10-03T12:10:33.7824253Z 
mobile	Run android-actions/setup-android@v3	2026-10-03T12:10:33.7827068Z 4.3 You agree that if you use the GDK to develop applications for general public users, you will protect the privacy and legal rights of those users. If the users provide you with user names, passwords, or other login information or personal information, you must make the users aware that the information will be available to your application, and you must provide legally adequate privacy notice and protection for those users. If your application stores personal or sensitive information provided by users, it must do so securely. If the user provides your application with Google Account information, your application may only use that information to access the user's Google Account when, and for the limited purposes for which, the user has given you permission to do so.
mobile	Run android-actions/setup-android@v3	2026-10-03T12:10:33.7829677Z 
mobile	Run android-actions/setup-android@v3	2026-10-03T12:10:33.7830684Z 4.4 You agree that you will not engage in any activity with the GDK, including the development or distribution of an application, that interferes with, disrupts, damages, or accesses in an unauthorized manner the servers, networks, or other properties or services of any third party including, but not limited to, Google.
mobile	Run android-actions/setup-android@v3	2026-10-03T12:10:33.7831930Z 
mobile	Run android-actions/setup-android@v3	2026-10-03T12:10:33.7833056Z 4.5 You agree that you are solely responsible for (and that Google has no responsibility to you or to any third party for) any data, content, or resources that you create, transmit or display through Glass and/or applications for Glass, and for the consequences of your actions (including any loss or damage which Google may suffer) by doing so.
mobile	Run android-actions/setup-android@v3	2026-10-03T12:10:33.7835390Z 
mobile	Run android-actions/setup-android@v3	2026-10-03T12:10:33.7836757Z 4.6 You agree that you are solely responsible for (and that Google has no responsibility to you or to any third party for) any breach of your obligations under this License Agreement, any applicable third party contract or Terms of Service, or any applicable law or regulation, and for the consequences (including any loss or damage which Google or any third party may suffer) of any such breach.
mobile	Run android-actions/setup-android@v3	2026-10-03T12:10:33.7838711Z 
mobile	Run android-actions/setup-android@v3	2026-10-03T12:10:33.7838719Z 
mobile	Run android-actions/setup-android@v3	2026-10-03T12:10:33.7839915Z 4.7 The GDK is in development, and your testing and feedback are an important part of the development process. By using the GDK, you acknowledge that implementation of some features are still under development and that you should not rely on the GDK, Glass devices, Glass system software, Google Mirror API, or Glass services having the full functionality of a stable release.
mobile	Run android-actions/setup-android@v3	2026-10-03T12:10:33.7841567Z 
mobile	Run android-actions/setup-android@v3	2026-10-03T12:10:33.7841763Z 5. Your Developer Credentials
mobile	Run android-actions/setup-android@v3	2026-10-03T12:10:33.7842065Z 
mobile	Run android-actions/setup-android@v3	2026-10-03T12:10:33.7843157Z 5.1 You agree that you are responsible for maintaining the confidentiality of any developer credentials that may be issued to you by Google or which you may choose yourself and that you will be solely responsible for all applications that are developed under your developer credentials.
mobile	Run android-actions/setup-android@v3	2026-10-03T12:10:33.7844769Z 
mobile	Run android-actions/setup-android@v3	2026-10-03T12:10:33.7844959Z 6. Privacy and Information
mobile	Run android-actions/setup-android@v3	2026-10-03T12:10:33.7845156Z 
mobile	Run android-actions/setup-android@v3	2026-10-03T12:10:33.7845161Z 
mobile	Run android-actions/setup-android@v3	2026-10-03T12:10:33.7846693Z 6.1 In order to continually innovate and improve the GDK, Google may collect certain usage statistics from the software including but not limited to a unique identifier, associated IP address, version number of the software, and information on which tools and/or services in the GDK are being used and how they are being used. Before any of this information is collected, the GDK will notify you and seek your consent. If you withhold consent, the information will not be collected.
mobile	Run android-actions/setup-android@v3	2026-10-03T12:10:33.7849263Z 
mobile	Run android-actions/setup-android@v3	2026-10-03T12:10:33.7849977Z 6.2 The data collected is examined in the aggregate to improve the GDK and is maintained in accordance with Google's Privacy Policy.
mobile	Run android-actions/setup-android@v3	2026-10-03T12:10:33.7850970Z 
mobile	Run android-actions/setup-android@v3	2026-10-03T12:10:33.7851152Z 7. Third Party Applications
mobile	Run android-actions/setup-android@v3	2026-10-03T12:10:33.7851448Z 
mobile	Run android-actions/setup-android@v3	2026-10-03T12:10:33.7855147Z 7.1 If you use the GDK to run applications developed by a third party or that access data, content or resources provided by a third party, you agree that Google is not responsible for those applications, data, content, or resources. You understand that all data, content or resources which you may access through such third party applications are the sole responsibility of the person from which they originated and that Google is not liable for any loss or damage that you may experience as a result of the use or access of any of those third party applications, data, content, or resources.
mobile	Run android-actions/setup-android@v3	2026-10-03T12:10:33.7858654Z 
mobile	Run android-actions/setup-android@v3	2026-10-03T12:10:33.7861382Z 7.2 You should be aware the data, content, and resources presented to you through such a third party application may be protected by intellectual property rights which are owned by the providers (or by other persons or companies on their behalf). You may not modify, rent, lease, loan, sell, distribute or create derivative works based on these data, content, or resources (either in whole or in part) unless you have been specifically given permission to do so by the relevant owners.
mobile	Run android-actions/setup-android@v3	2026-10-03T12:10:33.7863082Z 
mobile	Run android-actions/setup-android@v3	2026-10-03T12:10:33.7863936Z 7.3 You acknowledge that your use of such third party applications, data, content, or resources may be subject to separate terms between you and the relevant third party. In that case, this License Agreement does not affect your legal relationship with these third parties.
mobile	Run android-actions/setup-android@v3	2026-10-03T12:10:33.7865251Z 
mobile	Run android-actions/setup-android@v3	2026-10-03T12:10:33.7865349Z 8. Using Google APIs
mobile	Run android-actions/setup-android@v3	2026-10-03T12:10:33.7865483Z 
mobile	Run android-actions/setup-android@v3	2026-10-03T12:10:33.7865568Z 8.1 Google APIs
mobile	Run android-actions/setup-android@v3	2026-10-03T12:10:33.7865686Z 
mobile	Run android-actions/setup-android@v3	2026-10-03T12:10:33.7867329Z 8.1.1 If you use any API to retrieve data from Google, you acknowledge that the data may be protected by intellectual property rights which are owned by Google or those parties that provide the data (or by other persons or companies on their behalf). Your use of any such API may be subject to additional Terms of Service. You may not modify, rent, lease, loan, sell, distribute or create derivative works based on this data (either in whole or in part) unless allowed by the relevant Terms of Service.
mobile	Run android-actions/setup-android@v3	2026-10-03T12:10:33.7869853Z 
mobile	Run android-actions/setup-android@v3	2026-10-03T12:10:33.7870632Z 8.1.2 If you use any API to retrieve a user's data from Google, you acknowledge and agree that you shall retrieve data only with the user's explicit consent and only when, and for the limited purposes for which, the user has given you permission to do so.
mobile	Run android-actions/setup-android@v3	2026-10-03T12:10:33.7871492Z 
mobile	Run android-actions/setup-android@v3	2026-10-03T12:10:33.7871598Z 9. Terminating this License Agreement
mobile	Run android-actions/setup-android@v3	2026-10-03T12:10:33.7871783Z 
mobile	Run android-actions/setup-android@v3	2026-10-03T12:10:33.7872313Z 9.1 This License Agreement will continue to apply until terminated by either you or Google as set out below.
mobile	Run android-actions/setup-android@v3	2026-10-03T12:10:33.7873006Z 
mobile	Run android-actions/setup-android@v3	2026-10-03T12:10:33.7873724Z 9.2 If you want to terminate this License Agreement, you may do so by ceasing your use of the GDK and any relevant developer credentials.
mobile	Run android-actions/setup-android@v3	2026-10-03T12:10:33.7874926Z 
mobile	Run android-actions/setup-android@v3	2026-10-03T12:10:33.7877098Z 9.3 Google may at any time, terminate this License Agreement with you if: (A) you have breached any provision of this License Agreement; or (B) Google is required to do so by law; or (C) the partner with whom Google offered certain parts of GDK (such as APIs) to you has terminated its relationship with Google or ceased to offer certain parts of the GDK to you; or (D) Google decides to no longer provide the GDK or certain parts of the GDK to users in the country in which you are resident or from which you use the service, or the provision of the GDK or certain GDK services to you by Google is, in Google's sole discretion, no longer commercially viable.
mobile	Run android-actions/setup-android@v3	2026-10-03T12:10:33.7880693Z 
mobile	Run android-actions/setup-android@v3	2026-10-03T12:10:33.7882321Z 9.4 When this License Agreement comes to an end, all of the legal rights, obligations and liabilities that you and Google have benefited from, been subject to (or which have accrued over time whilst this License Agreement has been in force) or which are expressed to continue indefinitely, shall be unaffected by this cessation, and the provisions of paragraph 14.7 shall continue to apply to such rights, obligations and liabilities indefinitely.
mobile	Run android-actions/setup-android@v3	2026-10-03T12:10:33.7883860Z 
mobile	Run android-actions/setup-android@v3	2026-10-03T12:10:33.7883962Z 10. DISCLAIMER OF WARRANTIES
mobile	Run android-actions/setup-android@v3	2026-10-03T12:10:33.7884119Z 
mobile	Run android-actions/setup-android@v3	2026-10-03T12:10:33.7885097Z 10.1 YOU EXPRESSLY UNDERSTAND AND AGREE THAT YOUR USE OF THE GDK IS AT YOUR SOLE RISK AND THAT THE GDK IS PROVIDED "AS IS" AND "AS AVAILABLE" WITHOUT WARRANTY OF ANY KIND FROM GOOGLE.
mobile	Run android-actions/setup-android@v3	2026-10-03T12:10:33.7886227Z 
mobile	Run android-actions/setup-android@v3	2026-10-03T12:10:33.7887049Z 10.2 YOUR USE OF THE GDK AND ANY MATERIAL DOWNLOADED OR OTHERWISE OBTAINED THROUGH THE USE OF THE GDK IS AT YOUR OWN DISCRETION AND RISK AND YOU ARE SOLELY RESPONSIBLE FOR ANY DAMAGE TO YOUR COMPUTER SYSTEM OR OTHER DEVICE OR LOSS OF DATA THAT RESULTS FROM SUCH USE.
mobile	Run android-actions/setup-android@v3	2026-10-03T12:10:33.7887948Z 
mobile	Run android-actions/setup-android@v3	2026-10-03T12:10:33.7888750Z 10.3 GOOGLE FURTHER EXPRESSLY DISCLAIMS ALL WARRANTIES AND CONDITIONS OF ANY KIND, WHETHER EXPRESS OR IMPLIED, INCLUDING, BUT NOT LIMITED TO THE IMPLIED WARRANTIES AND CONDITIONS OF MERCHANTABILITY, FITNESS FOR A PARTICULAR PURPOSE AND NON-INFRINGEMENT.
mobile	Run android-actions/setup-android@v3	2026-10-03T12:10:33.7889658Z 
mobile	Run android-actions/setup-android@v3	2026-10-03T12:10:33.7889755Z 11. LIMITATION OF LIABILITY
mobile	Run android-actions/setup-android@v3	2026-10-03T12:10:33.7889902Z 
mobile	Run android-actions/setup-android@v3	2026-10-03T12:10:33.7891292Z 11.1 YOU EXPRESSLY UNDERSTAND AND AGREE THAT GOOGLE, ITS SUBSIDIARIES AND AFFILIATES, AND ITS LICENSORS SHALL NOT BE LIABLE TO YOU UNDER ANY THEORY OF LIABILITY FOR ANY DIRECT, INDIRECT, INCIDENTAL, SPECIAL, CONSEQUENTIAL OR EXEMPLARY DAMAGES THAT MAY BE INCURRED BY YOU, INCLUDING ANY LOSS OF DATA, WHETHER OR NOT GOOGLE OR ITS REPRESENTATIVES HAVE BEEN ADVISED OF OR SHOULD HAVE BEEN AWARE OF THE POSSIBILITY OF ANY SUCH LOSSES ARISING.
mobile	Run android-actions/setup-android@v3	2026-10-03T12:10:33.7892773Z 
mobile	Run android-actions/setup-android@v3	2026-10-03T12:10:33.7892854Z 12. Indemnification
mobile	Run android-actions/setup-android@v3	2026-10-03T12:10:33.7892980Z 
mobile	Run android-actions/setup-android@v3	2026-10-03T12:10:33.7895537Z 12.1 To the maximum extent permitted by law, you agree to defend, indemnify and hold harmless Google, its affiliates and their respective directors, officers, employees and agents from and against any and all claims, actions, suits or proceedings, as well as any and all losses, liabilities, damages, costs and expenses (including reasonable attorneys fees) arising out of or accruing from (a) your use of the GDK, (b) any application you develop on the GDK that infringes any copyright, trademark, trade secret, trade dress, patent or other intellectual property right of any person or defames any person or violates their rights of publicity or privacy, and (c) any non-compliance by you with this License Agreement.
mobile	Run android-actions/setup-android@v3	2026-10-03T12:10:33.7898141Z 
mobile	Run android-actions/setup-android@v3	2026-10-03T12:10:33.7898250Z 13. Changes to the License Agreement
mobile	Run android-actions/setup-android@v3	2026-10-03T12:10:33.7898435Z 
mobile	Run android-actions/setup-android@v3	2026-10-03T12:10:33.7899166Z 13.1 Google may make changes to the License Agreement as it distributes new versions of the GDK. When these changes are made, Google will make a new version of the License Agreement available on the website where the GDK is made available.
mobile	Run android-actions/setup-android@v3	2026-10-03T12:10:33.7899993Z 
mobile	Run android-actions/setup-android@v3	2026-10-03T12:10:33.7900076Z 14. General Legal Terms
mobile	Run android-actions/setup-android@v3	2026-10-03T12:10:33.7900215Z 
mobile	Run android-actions/setup-android@v3	2026-10-03T12:10:33.7901184Z 14.1 This License Agreement constitutes the whole legal agreement between you and Google and governs your use of the GDK (excluding any services which Google may provide to you under a separate written agreement), and completely replaces any prior agreements between you and Google in relation to the GDK.
mobile	Run android-actions/setup-android@v3	2026-10-03T12:10:33.7902356Z 
mobile	Run android-actions/setup-android@v3	2026-10-03T12:10:33.7903351Z 14.2 You agree that if Google does not exercise or enforce any legal right or remedy which is contained in this License Agreement (or which Google has the benefit of under any applicable law), this will not be taken to be a formal waiver of Google's rights and that those rights or remedies will still be available to Google.
mobile	Run android-actions/setup-android@v3	2026-10-03T12:10:33.7904745Z 
mobile	Run android-actions/setup-android@v3	2026-10-03T12:10:33.7906809Z 14.3 If any court of law, having the jurisdiction to decide on this matter, rules that any provision of this License Agreement is invalid, then that provision will be removed from this License Agreement without affecting the rest of this License Agreement. The remaining provisions of this License Agreement will continue to be valid and enforceable.
mobile	Run android-actions/setup-android@v3	2026-10-03T12:10:33.7909113Z 
mobile	Run android-actions/setup-android@v3	2026-10-03T12:10:33.7911758Z 14.4 You acknowledge and agree that each member of the group of companies of which Google is the parent shall be third party beneficiaries to this License Agreement and that such other companies shall be entitled to directly enforce, and rely upon, any provision of this License Agreement that confers a benefit on (or rights in favor of) them. Other than this, no other person or company shall be third party beneficiaries to this License Agreement.
mobile	Run android-actions/setup-android@v3	2026-10-03T12:10:33.7914850Z 
mobile	Run android-actions/setup-android@v3	2026-10-03T12:10:33.7916404Z 14.5 EXPORT RESTRICTIONS. THE GDK IS SUBJECT TO UNITED STATES EXPORT LAWS AND REGULATIONS. YOU MUST COMPLY WITH ALL DOMESTIC AND INTERNATIONAL EXPORT LAWS AND REGULATIONS THAT APPLY TO THE GDK. THESE LAWS INCLUDE RESTRICTIONS ON DESTINATIONS, END USERS AND END USE.
mobile	Run android-actions/setup-android@v3	2026-10-03T12:10:33.7918113Z 
mobile	Run android-actions/setup-android@v3	2026-10-03T12:10:33.7920060Z 14.6 The rights granted in this License Agreement may not be assigned or transferred by either you or Google without the prior written approval of the other party. Neither you nor Google shall be permitted to delegate their responsibilities or obligations under this License Agreement without the prior written approval of the other party.
mobile	Run android-actions/setup-android@v3	2026-10-03T12:10:33.7922297Z 
mobile	Run android-actions/setup-android@v3	2026-10-03T12:10:33.7925919Z 14.7 This License Agreement, and your relationship with Google under this License Agreement, shall be governed by the laws of the State of California without regard to its conflict of laws provisions. You and Google agree to submit to the exclusive jurisdiction of the courts located within the county of Santa Clara, California to resolve any legal matter arising from this License Agreement. Notwithstanding this, you agree that Google shall still be allowed to apply for injunctive remedies (or an equivalent type of urgent legal relief) in any jurisdiction.
mobile	Run android-actions/setup-android@v3	2026-10-03T12:10:33.7929744Z 
mobile	Run android-actions/setup-android@v3	2026-10-03T12:10:33.7929859Z November 19, 2013
mobile	Run android-actions/setup-android@v3	2026-10-03T12:10:33.7930089Z ---------------------------------------
mobile	Run android-actions/setup-android@v3	2026-10-03T12:10:33.7930360Z Accept? (y/N): 
mobile	Run android-actions/setup-android@v3	2026-10-03T12:10:33.7930614Z 6/6: License mips-android-sysimage-license:
mobile	Run android-actions/setup-android@v3	2026-10-03T12:10:33.7930911Z ---------------------------------------
mobile	Run android-actions/setup-android@v3	2026-10-03T12:10:33.7933124Z MIPS Technologies, Inc. (“MIPS”) Internal Evaluation License Agreement for MIPS Android™ System Images for Android Software Development Kit (SDK): This Internal Evaluation License Agreement (this "Agreement") is entered into by and between MIPS and you (as an individual developer or a legal entity -- identified below as “Recipient”). MIPS shall make the Evaluation Software available to Recipient as described in accordance with the terms and conditions set forth below.
mobile	Run android-actions/setup-android@v3	2026-10-03T12:10:33.7935038Z 
mobile	Run android-actions/setup-android@v3	2026-10-03T12:10:33.7936991Z By clicking on the “Accept” button, downloading, installing, or otherwise using the Evaluation Materials (defined below), you agree to be bound by the terms of this Agreement effective as of the date you click “Accept” (the “Effective Date”), and if doing so on behalf of an entity, you represent that you are authorized to bind the entity to the terms and conditions of this Agreement. If you do not agree to be bound by the terms and conditions of this Agreement, do not download, install, or use the Evaluation Materials.
mobile	Run android-actions/setup-android@v3	2026-10-03T12:10:33.7938956Z 
mobile	Run android-actions/setup-android@v3	2026-10-03T12:10:33.7939135Z 1. DEFINITIONS. These terms shall have the following meanings:
mobile	Run android-actions/setup-android@v3	2026-10-03T12:10:33.7939391Z 
mobile	Run android-actions/setup-android@v3	2026-10-03T12:10:33.7939969Z 1.1 “MIPS” shall mean MIPS Technologies, Inc., a Delaware corporation having a principal place of business at: 955 East Arques Ave., Sunnyvale, CA 94085
mobile	Run android-actions/setup-android@v3	2026-10-03T12:10:33.7940526Z 
mobile	Run android-actions/setup-android@v3	2026-10-03T12:10:33.7941085Z 1.2 “Evaluation Software” shall mean MIPS Android™ emulator system images for Android Software Development Kit (SDK), as made available to Recipient.
mobile	Run android-actions/setup-android@v3	2026-10-03T12:10:33.7941639Z 
mobile	Run android-actions/setup-android@v3	2026-10-03T12:10:33.7942814Z 1.3 “Evaluation Materials" means, collectively, the Evaluation Software (in source and/or object code form) and documentation (including, without limitation, any design documents, specifications, reference manuals, and other related materials) related to the Evaluation Software as made available to Recipient.
mobile	Run android-actions/setup-android@v3	2026-10-03T12:10:33.7943941Z 
mobile	Run android-actions/setup-android@v3	2026-10-03T12:10:33.7949331Z 1.4 “Open Source Software” means any software that requires (as a condition of use, modification and/or distribution of such software) that such software or other software incorporated into, derived from or distributed with such software (a) be disclosed or distributed in source code form; or (b) be licensed by the user to third parties for the purpose of making and/or distributing derivative works; or (c) be redistributable at no charge. Open Source Software includes, without limitation, software licensed or distributed under any of the following licenses or distribution models, or licenses or distribution models substantially similar to any of the following: (a) GNU’s General Public License (GPL) or Lesser/Library GPL (LGPL), (b) the Artistic License (e.g., PERL), (c) the Mozilla Public License, (d) the Netscape Public License, (e) the Sun Community Source License (SCSL), (f) the Sun Industry Source License (SISL), (g) the Apache Software license and (h) the Common Public License (CPL).
mobile	Run android-actions/setup-android@v3	2026-10-03T12:10:33.7952783Z 
mobile	Run android-actions/setup-android@v3	2026-10-03T12:10:33.7954028Z 1.5 “Pre-Release Materials” means “alpha” or “beta” designated pre-release features, which may not be fully functional, which MIPS may substantially modify in producing any production version of the Evaluation Materials, and/or which is still under development by MIPS and/or MIPS’ suppliers.
mobile	Run android-actions/setup-android@v3	2026-10-03T12:10:33.7955371Z 
mobile	Run android-actions/setup-android@v3	2026-10-03T12:10:33.7957634Z 2. PURPOSE. MIPS desires to make the Evaluation Materials available to Recipient solely for Recipient's internal evaluation of the Evaluation Software to evaluate the desirability of cooperating with MIPS in developing products that are compatible with the Evaluation Software and/or to advise MIPS as to possible modifications to the Evaluation Software. Recipient may not disclose, distribute, modify (except to facilitate the above-mentioned internal evaluation), or make commercial use of the Evaluation Materials or any modifications of the Evaluation Materials.
mobile	Run android-actions/setup-android@v3	2026-10-03T12:10:33.7959808Z 
mobile	Run android-actions/setup-android@v3	2026-10-03T12:10:33.7961232Z THE EVALUATION MATERIALS ARE PROVIDED FOR EVALUATION PURPOSES ONLY AND MAY NOT BE MODIFIED (EXCEPT TO FACILITATE THE INTERNAL EVALUATION) OR DISTRIBUTED BY RECIPIENT OR INCORPORATED INTO RECIPIENT’S PRODUCTS OR SOFTWARE. PLEASE CONTACT A MIPS SALES REPRESENTATIVE TO LEARN ABOUT THE AVAILABILITY AND COST OF A COMMERCIAL VERSION OF THE EVALUATION SOFTWARE.
mobile	Run android-actions/setup-android@v3	2026-10-03T12:10:33.7962488Z 
mobile	Run android-actions/setup-android@v3	2026-10-03T12:10:33.7963391Z 3. TITLE. Title to the Evaluation Materials remains with MIPS or its suppliers. Recipient shall not mortgage, pledge or encumber the Evaluation Materials in any way. Recipient shall return all Evaluation Materials, keeping no copies, upon termination or expiration of this Agreement.
mobile	Run android-actions/setup-android@v3	2026-10-03T12:10:33.7964752Z 
mobile	Run android-actions/setup-android@v3	2026-10-03T12:10:33.7968547Z 4. LICENSE. MIPS grants Recipient a royalty-free, personal, nontransferable, nonexclusive license under its copyrights to use the Evaluation Software only for the purposes described in paragraph 2 above and only for a period beginning on the Effective Date and extending to the first anniversary of the Effective Date (the “Evaluation Period”). Unless otherwise communicated in writing by MIPS to Recipient, to the extent the Evaluation Software is provided in more than one delivery or release (each, a “Release”) the license grant in this Section 4 and the Evaluation Period shall apply to each Release, in which case the Evaluation Period shall begin on the date that the Release is made generally available and continue to the first anniversary of such date. Recipient may not make modifications to the Evaluation Software. Recipient shall not disassemble, reverse-engineer, or decompile any software that is not provided to Recipient in source code form.
mobile	Run android-actions/setup-android@v3	2026-10-03T12:10:33.7971971Z 
mobile	Run android-actions/setup-android@v3	2026-10-03T12:10:33.7971976Z 
mobile	Run android-actions/setup-android@v3	2026-10-03T12:10:33.7973046Z EXCEPT AS PROVIDED HEREIN, NO OTHER LICENSE, EXPRESS OR IMPLIED, BY ESTOPPEL OR OTHERWISE, TO ANY OTHER MIPS INTELLECTUAL PROPERTY RIGHTS IS GRANTED TO THE RECIPIENT. OTHER THAN AS EXPLICITLY SET FORTH IN PARAGRAPH 2 ABOVE, NO RIGHT TO COPY, TO REPRODUCE, TO MODIFY, OR TO CREATE DERIVATIVE WORKS OF, THE EVALUATION MATERIALS IS GRANTED HEREIN.
mobile	Run android-actions/setup-android@v3	2026-10-03T12:10:33.7974222Z 
mobile	Run android-actions/setup-android@v3	2026-10-03T12:10:33.7976197Z 5. NO OBLIGATION. Recipient shall have no duty to purchase or license any product from MIPS. MIPS and its suppliers shall have no obligation to provide support for, or develop a non-evaluation version of, the Evaluation Software or to license any version of it.
mobile	Run android-actions/setup-android@v3	2026-10-03T12:10:33.7978051Z 
mobile	Run android-actions/setup-android@v3	2026-10-03T12:10:33.7985130Z 6. MODIFICATIONS. This Agreement does not obligate Recipient to provide MIPS with comments or suggestions regarding Evaluation Materials. However, should Recipient provide MIPS with comments or suggestions for the modification, correction, improvement or enhancement of (a) the Evaluation Materials or (b) MIPS products or processes which may embody the Evaluation Materials, then Recipient agrees to grant and hereby grants to MIPS a non-exclusive, irrevocable, worldwide, fully paid-up, royalty-free license, with the right to sublicense MIPS’ licensees and customers, under Recipient’s Intellectual property rights, to use and disclose such comments and suggestions in any manner MIPS chooses and to display, perform, copy, make, have made, use, sell, offer to sell, import, and otherwise dispose of MIPS’ and its sublicensee’s products embodying such comments and suggestions in any manner and via any media MIPS chooses, without reference to the source.
mobile	Run android-actions/setup-android@v3	2026-10-03T12:10:33.7991488Z 
mobile	Run android-actions/setup-android@v3	2026-10-03T12:10:33.7995117Z 7. WARRANTY DISCLAIMER. MIPS AND ITS SUPPLIERS MAKE NO WARRANTIES WITH RESPECT TO EVALUATION MATERIALS, EITHER EXPRESS OR IMPLIED, INCLUDING ANY IMPLIED WARRANTIES OF MERCHANTABILITY OR FITNESS FOR A PARTICULAR PURPOSE, OR ANY IMPLIED WARRANTY OF NONINFRINGEMENT WITH RESPECT TO THIRD PARTY INTELLECTUAL PROPERTY. RECIPIENT ACKNOWLEDGES AND AGREES THAT THE EVALUATION MATERIALS ARE PROVIDED “AS IS,” WITHOUT WARRANTY OF ANY KIND.
mobile	Run android-actions/setup-android@v3	2026-10-03T12:10:33.7998373Z 
mobile	Run android-actions/setup-android@v3	2026-10-03T12:10:33.8002014Z 8. LIMITATION OF LIABILITY. MIPS AND ITS SUPPLIERS SHALL NOT BE LIABLE FOR ANY PROPERTY DAMAGE, PERSONAL INJURY, LOSS OF PROFITS, INTERRUPTION OF BUSINESS OR FOR ANY DIRECT, INDIRECT, SPECIAL, CONSEQUENTIAL OR INCIDENTAL DAMAGES, HOWEVER CAUSED OR ALLEGED, WHETHER FOR BREACH OF WARRANTY, CONTRACT, STRICT LIABILITY OR OTHERWISE, INCLUDING WITHOUT LIMITATION, UNDER TORT OR OTHER LEGAL THEORY. MIPS AND ITS SUPPLIERS DISCLAIM ANY AND ALL LIABILITY, INCLUDING LIABILITY FOR INFRINGEMENT OF ANY INTELLECTUAL PROPERTY RIGHTS OF ANY KIND RELATING TO THE EVALUATION MATERIALS.
mobile	Run android-actions/setup-android@v3	2026-10-03T12:10:33.8006112Z 
mobile	Run android-actions/setup-android@v3	2026-10-03T12:10:33.8007662Z 9. EXPIRATION. MIPS may terminate this Agreement immediately after a breach by Recipient or otherwise at MIPS’ reasonable discretion and upon five (5) business days’ notice to Recipient.
mobile	Run android-actions/setup-android@v3	2026-10-03T12:10:33.8009039Z 
mobile	Run android-actions/setup-android@v3	2026-10-03T12:10:33.8009198Z 10. GENERAL.
mobile	Run android-actions/setup-android@v3	2026-10-03T12:10:33.8009409Z 
mobile	Run android-actions/setup-android@v3	2026-10-03T12:10:33.8016267Z 10.1 Controlling Law. This Agreement shall be governed by California law excluding its choice of law rules. With the exception of MIPS’ rights to enforce its intellectual property rights and any confidentiality obligations under this Agreement or any licenses distributed with the Evaluation Materials, all disputes and any claims arising under or relating to this Agreement shall be subject to the exclusive jurisdiction and venue of the state and federal courts located in Santa Clara County, California. Each party hereby agrees to jurisdiction and venue in the courts set forth in the preceding sentence. The parties agree that the United Nations Convention on Contracts for the International Sale of Goods is specifically excluded from application to this Agreement. The parties consent to the personal jurisdiction of the above courts.
mobile	Run android-actions/setup-android@v3	2026-10-03T12:10:33.8021634Z 
mobile	Run android-actions/setup-android@v3	2026-10-03T12:10:33.8024786Z 10.2 Remedies. Recipient acknowledges and agrees that any breach of confidentiality obligations under this Agreement or any licenses distributed with the Evaluation Materials, as well as any disclosure, commercialization, or public use of the Evaluation Materials, would cause irreparable injury to MIPS, and therefore Recipient agrees to consent to, and hereby consents to, the grant of an injunction by any court of competent jurisdiction in the event of an actual or threatened breach.
mobile	Run android-actions/setup-android@v3	2026-10-03T12:10:33.8027944Z 
mobile	Run android-actions/setup-android@v3	2026-10-03T12:10:33.8031633Z 10.3 Assignment. Recipient may not delegate, assign or transfer this Agreement, the license granted or any of Recipient’s rights, obligations, or duties hereunder, expressly, by implication, by operation of law, by way of merger (regardless of whether Recipient is the surviving entity) or acquisition, or otherwise and any attempt to do so, without MIPS’ express prior written consent, shall be ineffective, null and void. MIPS may freely assign this Agreement, and its rights and obligations hereunder, in its sole discretion.
mobile	Run android-actions/setup-android@v3	2026-10-03T12:10:33.8035220Z 
mobile	Run android-actions/setup-android@v3	2026-10-03T12:10:33.8038050Z 10.4 Entire Agreement. This Agreement constitutes the entire agreement between Recipient and MIPS and supersedes in their entirety any and all oral or written agreements previously existing between Recipient and MIPS with respect to the subject matter hereof. This Agreement may only be amended or supplemented by a writing that refers explicitly to this Agreement and that is signed or otherwise accepted by duly authorized representatives of Recipient and MIPS.
mobile	Run android-actions/setup-android@v3	2026-10-03T12:10:33.8040967Z 
mobile	Run android-actions/setup-android@v3	2026-10-03T12:10:33.8044742Z 10.5 Severability. In the event that any provision of this Agreement is finally adjudicated to be unenforceable or invalid under any applicable law, such unenforceability or invalidity shall not render this Agreement unenforceable or invalid as a whole, and, in such event, such unenforceable or invalid provision shall be interpreted so as to best accomplish the objectives of such provision within the limits of applicable law or applicable court decisions.
mobile	Run android-actions/setup-android@v3	2026-10-03T12:10:33.8048105Z 
mobile	Run android-actions/setup-android@v3	2026-10-03T12:10:33.8053743Z 10.6 Export Regulations / Export Control. Recipient shall not export, either directly or indirectly, any product, service or technical data or system incorporating the Evaluation Materials without first obtaining any required license or other necessary approval from the U.S. Department of Commerce or any other governing agency or department of the United States Government. In the event any product is exported from the United States or re-exported from a foreign destination by Recipient, Recipient shall ensure that the distribution and export/re-export or import of the product is in compliance with all applicable laws, regulations, orders, or other restrictions of the U.S. Export Administration Regulations and the appropriate foreign government. Recipient agrees that neither it nor any of its subsidiaries will export/re-export any technical data, process, product, or service, directly or indirectly, to any country for which the United States government or any agency thereof or the foreign government from where it is shipping requires an export license, or other governmental approval, without first obtaining such license or approval. Recipient also agrees to implement measures to ensure that foreign national employees are authorized to receive any information controlled by U.S. export control laws. An export is "deemed" to take place when information is released to a foreign national wherever located.
mobile	Run android-actions/setup-android@v3	2026-10-03T12:10:33.8060894Z 
mobile	Run android-actions/setup-android@v3	2026-10-03T12:10:33.8064950Z 10.7 Special Terms for Pre-Release Materials. If so indicated in the description of the Evaluation Software, the Evaluation Software may contain Pre-Release Materials. Recipient hereby understands, acknowledges and agrees that: (i) Pre-Release Materials may not be fully tested and may contain bugs or errors; (ii) Pre-Release materials are not suitable for commercial release in their current state; (iii) regulatory approvals for Pre-Release Materials (such as UL or FCC) have not been obtained, and Pre-Release Materials may therefore not be certified for use in certain countries or environments or may not be suitable for certain applications and (iv) MIPS can provide no assurance that it will ever produce or make generally available a production version of the Pre-Release Materials . MIPS is not under any obligation to develop and/or release or offer for sale or license a final product based upon the Pre-Release Materials and may unilaterally elect to abandon the Pre-Release Materials or any such development platform at any time and without any obligation or liability whatsoever to Recipient or any other person.
mobile	Run android-actions/setup-android@v3	2026-10-03T12:10:33.8069038Z 
mobile	Run android-actions/setup-android@v3	2026-10-03T12:10:33.8070241Z ANY PRE-RELEASE MATERIALS ARE NON-QUALIFIED AND, AS SUCH, ARE PROVIDED “AS IS” AND “AS AVAILABLE”, POSSIBLY WITH FAULTS, AND WITHOUT REPRESENTATION OR WARRANTY OF ANY KIND.
mobile	Run android-actions/setup-android@v3	2026-10-03T12:10:33.8071450Z 
mobile	Run android-actions/setup-android@v3	2026-10-03T12:10:33.8074097Z 10.8 Open Source Software. In the event Open Source software is included with Evaluation Software, such Open Source software is licensed pursuant to the applicable Open Source software license agreement identified in the Open Source software comments in the applicable source code file(s) and/or file header as indicated in the Evaluation Software. Additional detail may be available (where applicable) in the accompanying on-line documentation. With respect to the Open Source software, nothing in this Agreement limits any rights under, or grants rights that supersede, the terms of any applicable Open Source software license agreement.
mobile	Run android-actions/setup-android@v3	2026-10-03T12:10:33.8078236Z ---------------------------------------
mobile	Run android-actions/setup-android@v3	2026-10-03T12:10:33.8078761Z Accept? (y/N): All SDK package licenses accepted
mobile	Run android-actions/setup-android@v3	2026-10-03T12:10:33.8079112Z 
mobile	Run android-actions/setup-android@v3	2026-10-03T12:10:33.8079545Z [command]/usr/local/lib/android/sdk/cmdline-tools/16.0/bin/sdkmanager platform-tools
mobile	Run android-actions/setup-android@v3	2026-10-03T12:10:34.6649848Z Loading package information...                                                  
mobile	Run android-actions/setup-android@v3	2026-10-03T12:10:34.7691845Z Loading local repository...                                                     
mobile	Run android-actions/setup-android@v3	2026-10-03T12:10:34.7692985Z [                                       ] 3% Loading local repository...        
mobile	Run android-actions/setup-android@v3	2026-10-03T12:10:34.7785044Z [                                       ] 3% Fetch remote repository...         
mobile	Run android-actions/setup-android@v3	2026-10-03T12:10:35.0756312Z [=                                      ] 3% Fetch remote repository...         
mobile	Run android-actions/setup-android@v3	2026-10-03T12:10:35.1236486Z [=                                      ] 4% Fetch remote repository...         
mobile	Run android-actions/setup-android@v3	2026-10-03T12:10:35.1449728Z [=                                      ] 5% Fetch remote repository...         
mobile	Run android-actions/setup-android@v3	2026-10-03T12:10:35.1911933Z [==                                     ] 5% Fetch remote repository...         
mobile	Run android-actions/setup-android@v3	2026-10-03T12:10:35.2647607Z [==                                     ] 6% Fetch remote repository...         
mobile	Run android-actions/setup-android@v3	2026-10-03T12:10:35.3175749Z [==                                     ] 7% Fetch remote repository...         
mobile	Run android-actions/setup-android@v3	2026-10-03T12:10:35.3205193Z [==                                     ] 7% Computing updates...               
mobile	Run android-actions/setup-android@v3	2026-10-03T12:10:35.3315566Z [===                                    ] 8% Computing updates...               
mobile	Run android-actions/setup-android@v3	2026-10-03T12:10:35.3362846Z [===                                    ] 10% Computing updates...              
mobile	Run android-actions/setup-android@v3	2026-10-03T12:10:35.3363899Z [=======================================] 100% Computing updates...             
mobile	Run android-actions/setup-android@v3	2026-10-03T12:10:35.3364800Z 
mobile	Enable hosted Linux KVM permissions	﻿2026-10-03T12:10:35.3740570Z ##[group]Run id
mobile	Enable hosted Linux KVM permissions	2026-10-03T12:10:35.3740875Z ^[[36;1mid^[[0m
mobile	Enable hosted Linux KVM permissions	2026-10-03T12:10:35.3741094Z ^[[36;1mif [[ ! -c /dev/kvm ]]; then^[[0m
mobile	Enable hosted Linux KVM permissions	2026-10-03T12:10:35.3741514Z ^[[36;1m  printf '%s\n' 'ERROR: /dev/kvm is missing or is not a character device.' >&2^[[0m
mobile	Enable hosted Linux KVM permissions	2026-10-03T12:10:35.3741921Z ^[[36;1m  exit 1^[[0m
mobile	Enable hosted Linux KVM permissions	2026-10-03T12:10:35.3742115Z ^[[36;1mfi^[[0m
mobile	Enable hosted Linux KVM permissions	2026-10-03T12:10:35.3742359Z ^[[36;1mstat --format='KVM before: %F %a %U:%G' /dev/kvm^[[0m
mobile	Enable hosted Linux KVM permissions	2026-10-03T12:10:35.3742881Z ^[[36;1mprintf '%s\n' 'Granting disposable runner user read/write access to the existing KVM device.'^[[0m
mobile	Enable hosted Linux KVM permissions	2026-10-03T12:10:35.3743377Z ^[[36;1msudo chown "$(id -u):$(id -g)" /dev/kvm^[[0m
mobile	Enable hosted Linux KVM permissions	2026-10-03T12:10:35.3743683Z ^[[36;1msudo chmod 0600 /dev/kvm^[[0m
mobile	Enable hosted Linux KVM permissions	2026-10-03T12:10:35.3743994Z ^[[36;1mstat --format='KVM after: %F %a %U:%G' /dev/kvm^[[0m
mobile	Enable hosted Linux KVM permissions	2026-10-03T12:10:35.3744626Z ^[[36;1mif [[ ! -r /dev/kvm || ! -w /dev/kvm ]]; then^[[0m
mobile	Enable hosted Linux KVM permissions	2026-10-03T12:10:35.3745110Z ^[[36;1m  printf '%s\n' 'ERROR: current runner user cannot read and write /dev/kvm.' >&2^[[0m
mobile	Enable hosted Linux KVM permissions	2026-10-03T12:10:35.3745547Z ^[[36;1m  exit 1^[[0m
mobile	Enable hosted Linux KVM permissions	2026-10-03T12:10:35.3745737Z ^[[36;1mfi^[[0m
mobile	Enable hosted Linux KVM permissions	2026-10-03T12:10:35.4059697Z shell: /usr/bin/bash -e {0}
mobile	Enable hosted Linux KVM permissions	2026-10-03T12:10:35.4059980Z env:
mobile	Enable hosted Linux KVM permissions	2026-10-03T12:10:35.4060309Z   JAVA_HOME: /opt/hostedtoolcache/Java_Temurin-Hotspot_jdk/17.0.20-1/x64
mobile	Enable hosted Linux KVM permissions	2026-10-03T12:10:35.4060865Z   JAVA_HOME_17_X64: /opt/hostedtoolcache/Java_Temurin-Hotspot_jdk/17.0.20-1/x64
mobile	Enable hosted Linux KVM permissions	2026-10-03T12:10:35.4061317Z   ANDROID_HOME: /usr/local/lib/android/sdk
mobile	Enable hosted Linux KVM permissions	2026-10-03T12:10:35.4061645Z   ANDROID_SDK_ROOT: /usr/local/lib/android/sdk
mobile	Enable hosted Linux KVM permissions	2026-10-03T12:10:35.4061943Z ##[endgroup]
mobile	Enable hosted Linux KVM permissions	2026-10-03T12:10:35.4188163Z uid=1001(runner) gid=1001(runner) groups=1001(runner),4(adm),100(users),118(docker),999(systemd-journal)
mobile	Enable hosted Linux KVM permissions	2026-10-03T12:10:35.4201311Z KVM before: character special file 660 root:kvm
mobile	Enable hosted Linux KVM permissions	2026-10-03T12:10:35.4203865Z Granting disposable runner user read/write access to the existing KVM device.
mobile	Enable hosted Linux KVM permissions	2026-10-03T12:10:35.4396442Z KVM after: character special file 600 runner:runner
mobile	Run reactivecircus/android-emulator-runner@v2	﻿2026-10-03T12:10:35.4492070Z ##[group]Run reactivecircus/android-emulator-runner@v2
mobile	Run reactivecircus/android-emulator-runner@v2	2026-10-03T12:10:35.4492429Z with:
mobile	Run reactivecircus/android-emulator-runner@v2	2026-10-03T12:10:35.4492623Z   api-level: 34
mobile	Run reactivecircus/android-emulator-runner@v2	2026-10-03T12:10:35.4492830Z   target: google_apis
mobile	Run reactivecircus/android-emulator-runner@v2	2026-10-03T12:10:35.4493039Z   arch: x86_64
mobile	Run reactivecircus/android-emulator-runner@v2	2026-10-03T12:10:35.4493243Z   disable-animations: true
mobile	Run reactivecircus/android-emulator-runner@v2	2026-10-03T12:10:35.4493486Z   disable-linux-hw-accel: false
mobile	Run reactivecircus/android-emulator-runner@v2	2026-10-03T12:10:35.4493877Z   pre-emulator-launch-script: $ANDROID_HOME/emulator/emulator -accel-check
mobile	Run reactivecircus/android-emulator-runner@v2	2026-10-03T12:10:35.4495031Z   script: python3 -B tools/verify_client_sqlite.py --scope mobile --serial emulator-5554
mobile	Run reactivecircus/android-emulator-runner@v2	python3 -B tools/verify_client_send.py --scope mobile --serial emulator-5554
mobile	Run reactivecircus/android-emulator-runner@v2	
mobile	Run reactivecircus/android-emulator-runner@v2	2026-10-03T12:10:35.4495749Z   cores: 2
mobile	Run reactivecircus/android-emulator-runner@v2	2026-10-03T12:10:35.4495946Z   avd-name: test
mobile	Run reactivecircus/android-emulator-runner@v2	2026-10-03T12:10:35.4496158Z   force-avd-creation: true
mobile	Run reactivecircus/android-emulator-runner@v2	2026-10-03T12:10:35.4496395Z   emulator-boot-timeout: 600
mobile	Run reactivecircus/android-emulator-runner@v2	2026-10-03T12:10:35.4496633Z   emulator-port: 5554
mobile	Run reactivecircus/android-emulator-runner@v2	2026-10-03T12:10:35.4497031Z   emulator-options: -no-window -gpu swiftshader_indirect -no-snapshot -noaudio -no-boot-anim
mobile	Run reactivecircus/android-emulator-runner@v2	2026-10-03T12:10:35.4497523Z   disable-spellchecker: false
mobile	Run reactivecircus/android-emulator-runner@v2	2026-10-03T12:10:35.4497771Z   enable-hw-keyboard: false
mobile	Run reactivecircus/android-emulator-runner@v2	2026-10-03T12:10:35.4497998Z   channel: stable
mobile	Run reactivecircus/android-emulator-runner@v2	2026-10-03T12:10:35.4498189Z env:
mobile	Run reactivecircus/android-emulator-runner@v2	2026-10-03T12:10:35.4498486Z   JAVA_HOME: /opt/hostedtoolcache/Java_Temurin-Hotspot_jdk/17.0.20-1/x64
mobile	Run reactivecircus/android-emulator-runner@v2	2026-10-03T12:10:35.4498987Z   JAVA_HOME_17_X64: /opt/hostedtoolcache/Java_Temurin-Hotspot_jdk/17.0.20-1/x64
mobile	Run reactivecircus/android-emulator-runner@v2	2026-10-03T12:10:35.4499386Z   ANDROID_HOME: /usr/local/lib/android/sdk
mobile	Run reactivecircus/android-emulator-runner@v2	2026-10-03T12:10:35.4499690Z   ANDROID_SDK_ROOT: /usr/local/lib/android/sdk
mobile	Run reactivecircus/android-emulator-runner@v2	2026-10-03T12:10:35.4499968Z ##[endgroup]
mobile	Run reactivecircus/android-emulator-runner@v2	2026-10-03T12:10:35.5080735Z ##[group]Configure emulator
mobile	Run reactivecircus/android-emulator-runner@v2	2026-10-03T12:10:35.5083581Z API level: 34
mobile	Run reactivecircus/android-emulator-runner@v2	2026-10-03T12:10:35.5084508Z System image API level: 34
mobile	Run reactivecircus/android-emulator-runner@v2	2026-10-03T12:10:35.5084819Z target: google_apis
mobile	Run reactivecircus/android-emulator-runner@v2	2026-10-03T12:10:35.5085385Z CPU architecture: x86_64
mobile	Run reactivecircus/android-emulator-runner@v2	2026-10-03T12:10:35.5085802Z Hardware profile: 
mobile	Run reactivecircus/android-emulator-runner@v2	2026-10-03T12:10:35.5087701Z Cores: 2
mobile	Run reactivecircus/android-emulator-runner@v2	2026-10-03T12:10:35.5088235Z RAM size: 
mobile	Run reactivecircus/android-emulator-runner@v2	2026-10-03T12:10:35.5088631Z Heap size: 
mobile	Run reactivecircus/android-emulator-runner@v2	2026-10-03T12:10:35.5089131Z SD card path or size: 
mobile	Run reactivecircus/android-emulator-runner@v2	2026-10-03T12:10:35.5089597Z Disk size: 
mobile	Run reactivecircus/android-emulator-runner@v2	2026-10-03T12:10:35.5089976Z AVD name: test
mobile	Run reactivecircus/android-emulator-runner@v2	2026-10-03T12:10:35.5090630Z force avd creation: true
mobile	Run reactivecircus/android-emulator-runner@v2	2026-10-03T12:10:35.5091200Z Emulator boot timeout: 600
mobile	Run reactivecircus/android-emulator-runner@v2	2026-10-03T12:10:35.5091730Z emulator port: 5554
mobile	Run reactivecircus/android-emulator-runner@v2	2026-10-03T12:10:35.5092729Z emulator options: -no-window -gpu swiftshader_indirect -no-snapshot -noaudio -no-boot-anim
mobile	Run reactivecircus/android-emulator-runner@v2	2026-10-03T12:10:35.5093735Z disable animations: true
mobile	Run reactivecircus/android-emulator-runner@v2	2026-10-03T12:10:35.5094304Z disable spellchecker: false
mobile	Run reactivecircus/android-emulator-runner@v2	2026-10-03T12:10:35.5095192Z disable Linux hardware acceleration: false
mobile	Run reactivecircus/android-emulator-runner@v2	2026-10-03T12:10:35.5095875Z enable hardware keyboard: false
mobile	Run reactivecircus/android-emulator-runner@v2	2026-10-03T12:10:35.5096421Z Channel: 0 (stable)
mobile	Run reactivecircus/android-emulator-runner@v2	2026-10-03T12:10:35.5096846Z Script:
mobile	Run reactivecircus/android-emulator-runner@v2	2026-10-03T12:10:35.5097678Z python3 -B tools/verify_client_sqlite.py --scope mobile --serial emulator-5554
mobile	Run reactivecircus/android-emulator-runner@v2	2026-10-03T12:10:35.5098883Z python3 -B tools/verify_client_send.py --scope mobile --serial emulator-5554
mobile	Run reactivecircus/android-emulator-runner@v2	2026-10-03T12:10:35.5099752Z Pre emulator launch script:
mobile	Run reactivecircus/android-emulator-runner@v2	2026-10-03T12:10:35.5100406Z $ANDROID_HOME/emulator/emulator -accel-check
mobile	Run reactivecircus/android-emulator-runner@v2	2026-10-03T12:10:35.5101293Z ##[endgroup]
mobile	Run reactivecircus/android-emulator-runner@v2	2026-10-03T12:10:35.5101994Z ##[group]Install Android SDK
mobile	Run reactivecircus/android-emulator-runner@v2	2026-10-03T12:10:35.5146860Z [command]/usr/bin/sh -c \yes | sdkmanager --licenses > /dev/null
mobile	Run reactivecircus/android-emulator-runner@v2	2026-10-03T12:10:38.6510769Z Installing latest build tools, platform tools, and platform.
mobile	Run reactivecircus/android-emulator-runner@v2	2026-10-03T12:10:38.6529361Z [command]/usr/bin/sh -c \sdkmanager --install 'build-tools;37.0.0' platform-tools 'platforms;android-34'> /dev/null
mobile	Run reactivecircus/android-emulator-runner@v2	2026-10-03T12:10:40.2728407Z Installing latest emulator.
mobile	Run reactivecircus/android-emulator-runner@v2	2026-10-03T12:10:40.2745245Z [command]/usr/bin/sh -c \sdkmanager --install emulator --channel=0 > /dev/null
mobile	Run reactivecircus/android-emulator-runner@v2	2026-10-03T12:10:48.4867599Z Installing system images.
mobile	Run reactivecircus/android-emulator-runner@v2	2026-10-03T12:10:48.4886367Z [command]/usr/bin/sh -c \sdkmanager --install 'system-images;android-34;google_apis;x86_64' --channel=0 > /dev/null
mobile	Run reactivecircus/android-emulator-runner@v2	2026-10-03T12:11:15.0200379Z ##[endgroup]
mobile	Run reactivecircus/android-emulator-runner@v2	2026-10-03T12:11:15.0201775Z ##[group]Create AVD
mobile	Run reactivecircus/android-emulator-runner@v2	2026-10-03T12:11:15.0202660Z Creating AVD.
mobile	Run reactivecircus/android-emulator-runner@v2	2026-10-03T12:11:15.0223839Z [command]/usr/bin/sh -c \echo no | avdmanager create avd --force -n test --package 'system-images;android-34;google_apis;x86_64'
mobile	Run reactivecircus/android-emulator-runner@v2	2026-10-03T12:11:15.8157153Z Loading local repository...                                                     
mobile	Run reactivecircus/android-emulator-runner@v2	2026-10-03T12:11:15.8165891Z [=========                              ] 25% Loading local repository...       
mobile	Run reactivecircus/android-emulator-runner@v2	2026-10-03T12:11:15.8169430Z [=========                              ] 25% Fetch remote repository...        
mobile	Run reactivecircus/android-emulator-runner@v2	2026-10-03T12:11:15.8170831Z [=======================================] 100% Fetch remote repository...       
mobile	Run reactivecircus/android-emulator-runner@v2	2026-10-03T12:11:15.8788035Z Auto-selecting single ABI x86_64
mobile	Run reactivecircus/android-emulator-runner@v2	2026-10-03T12:11:15.9469873Z Do you wish to create a custom hardware profile? [no] [command]/usr/bin/sh -c \printf 'hw.cpu.ncore=2\n' >> /home/runner/.android/avd/test.avd/config.ini
mobile	Run reactivecircus/android-emulator-runner@v2	2026-10-03T12:11:15.9492649Z ##[endgroup]
mobile	Run reactivecircus/android-emulator-runner@v2	2026-10-03T12:11:15.9493871Z ##[group]Run pre emulator launch script
mobile	Run reactivecircus/android-emulator-runner@v2	2026-10-03T12:11:15.9508138Z [command]/usr/bin/sh -c $ANDROID_HOME/emulator/emulator -accel-check
mobile	Run reactivecircus/android-emulator-runner@v2	2026-10-03T12:11:15.9794255Z accel:
mobile	Run reactivecircus/android-emulator-runner@v2	2026-10-03T12:11:15.9795207Z 0
mobile	Run reactivecircus/android-emulator-runner@v2	2026-10-03T12:11:15.9809795Z KVM (version 12) is installed and usable.
mobile	Run reactivecircus/android-emulator-runner@v2	2026-10-03T12:11:15.9810297Z accel
mobile	Run reactivecircus/android-emulator-runner@v2	2026-10-03T12:11:15.9821163Z ##[endgroup]
mobile	Run reactivecircus/android-emulator-runner@v2	2026-10-03T12:11:15.9822897Z ##[group]Launch Emulator
mobile	Run reactivecircus/android-emulator-runner@v2	2026-10-03T12:11:15.9823381Z Starting emulator.
mobile	Run reactivecircus/android-emulator-runner@v2	2026-10-03T12:11:15.9842967Z [command]/usr/bin/sh -c \/usr/local/lib/android/sdk/emulator/emulator -port 5554 -avd test -no-window -gpu swiftshader_indirect -no-snapshot -noaudio -no-boot-anim &
mobile	Run reactivecircus/android-emulator-runner@v2	2026-10-03T12:11:15.9959672Z INFO         | Android emulator version 37.2.12.0 (build_id 16428233) (CL:N/A)
mobile	Run reactivecircus/android-emulator-runner@v2	2026-10-03T12:11:15.9960567Z INFO         | Graphics backend: gfxstream
mobile	Run reactivecircus/android-emulator-runner@v2	2026-10-03T12:11:15.9961755Z INFO         | Found systemPath /usr/local/lib/android/sdk/system-images/android-34/google_apis/x86_64/
mobile	Run reactivecircus/android-emulator-runner@v2	2026-10-03T12:11:16.0417432Z INFO         | Saving last run QEMU version for the AVD to 2
mobile	Run reactivecircus/android-emulator-runner@v2	2026-10-03T12:11:16.0418340Z INFO         | Increasing RAM size to 2560MB
mobile	Run reactivecircus/android-emulator-runner@v2	2026-10-03T12:11:16.0419128Z ##############################################################################
mobile	Run reactivecircus/android-emulator-runner@v2	2026-10-03T12:11:16.0420052Z ##                        WARNING - ACTION REQUIRED                         ##
mobile	Run reactivecircus/android-emulator-runner@v2	2026-10-03T12:11:16.0421095Z ##  Consider using the '-metrics-collection' flag to help improve the       ##
mobile	Run reactivecircus/android-emulator-runner@v2	2026-10-03T12:11:16.0422238Z ##  emulator by sending anonymized usage data. Or use the '-no-metrics'     ##
mobile	Run reactivecircus/android-emulator-runner@v2	2026-10-03T12:11:16.0423354Z ##  flag to bypass this warning and turn off the metrics collection.        ##
mobile	Run reactivecircus/android-emulator-runner@v2	2026-10-03T12:11:16.0424664Z ##  In a future release this warning will turn into a one-time blocking     ##
mobile	Run reactivecircus/android-emulator-runner@v2	2026-10-03T12:11:16.0425779Z ##  prompt to ask for explicit user input regarding metrics collection.     ##
mobile	Run reactivecircus/android-emulator-runner@v2	2026-10-03T12:11:16.0426741Z ##                                                                          ##
mobile	Run reactivecircus/android-emulator-runner@v2	2026-10-03T12:11:16.0427702Z ##  Please see '-help-metrics-collection' for more details. You can use     ##
mobile	Run reactivecircus/android-emulator-runner@v2	2026-10-03T12:11:16.0428836Z ##  '-metrics-to-file' or '-metrics-to-console' flags to see what type of   ##
mobile	Run reactivecircus/android-emulator-runner@v2	2026-10-03T12:11:16.0429974Z ##  data is being collected by emulator as part of usage statistics.        ##
mobile	Run reactivecircus/android-emulator-runner@v2	2026-10-03T12:11:16.0430926Z ##############################################################################
mobile	Run reactivecircus/android-emulator-runner@v2	2026-10-03T12:11:16.0431700Z INFO         | Guest GLES Driver: Auto (ext controls)
mobile	Run reactivecircus/android-emulator-runner@v2	2026-10-03T12:11:16.0432801Z INFO         | emuglConfig_init: vulkan_mode_selected:swiftshader gles_mode_selected:swiftshader
mobile	Run reactivecircus/android-emulator-runner@v2	2026-10-03T12:11:16.0433800Z INFO         | Checking system compatibility:
mobile	Run reactivecircus/android-emulator-runner@v2	2026-10-03T12:11:16.0434781Z INFO         |   Checking: hasSufficientDiskSpace
mobile	Run reactivecircus/android-emulator-runner@v2	2026-10-03T12:11:16.0435654Z INFO         |      Ok: Disk space requirements to run avd: `test` are met
mobile	Run reactivecircus/android-emulator-runner@v2	2026-10-03T12:11:16.0436499Z INFO         |   Checking: hasSufficientHwGpu
mobile	Run reactivecircus/android-emulator-runner@v2	2026-10-03T12:11:16.0437249Z INFO         |      Ok: Hardware GPU compatibility checks are not required
mobile	Run reactivecircus/android-emulator-runner@v2	2026-10-03T12:11:16.0437900Z INFO         |   Checking: hasSufficientSystem
mobile	Run reactivecircus/android-emulator-runner@v2	2026-10-03T12:11:16.0438559Z INFO         |      Ok: System requirements to run avd: `test` are met
mobile	Run reactivecircus/android-emulator-runner@v2	2026-10-03T12:11:16.0440494Z WARNING      | Feature QuickbootFileBacked is disabled due to stability issues, if you really want that, the environment variable ANDROID_EMU_FORCE_QUICKBOOT_FILE_BACKED need to set to 1
mobile	Run reactivecircus/android-emulator-runner@v2	2026-10-03T12:11:16.4528945Z ERROR        | Unable to connect to adb daemon on port: 5037
mobile	Run reactivecircus/android-emulator-runner@v2	2026-10-03T12:11:16.4530416Z INFO         | Storing crashdata in: /tmp/android-runner/emu-crash-37.2.12.db, detection is enabled for process: 2835
mobile	Run reactivecircus/android-emulator-runner@v2	2026-10-03T12:11:16.4531716Z INFO         | Initializing gfxstream backend
mobile	Run reactivecircus/android-emulator-runner@v2	2026-10-03T12:11:16.4544478Z INFO         | startOpenglesRendererImpl: gpu info
mobile	Run reactivecircus/android-emulator-runner@v2	2026-10-03T12:11:16.4545284Z INFO         | 
mobile	Run reactivecircus/android-emulator-runner@v2	2026-10-03T12:11:16.4547855Z INFO         | initIcdPaths: ICD set to 'swiftshader', using Swiftshader ICD
mobile	Run reactivecircus/android-emulator-runner@v2	2026-10-03T12:11:16.4549734Z INFO         | Setting ICD filenames for the loader = /usr/local/lib/android/sdk/emulator/lib64/vulkan/vk_swiftshader_icd.json
mobile	Run reactivecircus/android-emulator-runner@v2	2026-10-03T12:11:16.4551902Z INFO         | SharedLibrary::open for [/usr/local/lib/android/sdk/emulator/qemu/linux-x86_64/lib64/vulkan/libvulkan.so]
mobile	Run reactivecircus/android-emulator-runner@v2	2026-10-03T12:11:16.4553877Z INFO         | SharedLibrary::open for [/usr/local/lib/android/sdk/emulator/qemu/linux-x86_64/lib64/vulkan/libvulkan.so.1]
mobile	Run reactivecircus/android-emulator-runner@v2	2026-10-03T12:11:16.4555871Z INFO         | SharedLibrary::open for [/usr/local/lib/android/sdk/emulator/lib64/vulkan/libvulkan.so]
mobile	Run reactivecircus/android-emulator-runner@v2	2026-10-03T12:11:16.4556836Z INFO         | Added library: /usr/local/lib/android/sdk/emulator/lib64/vulkan/libvulkan.so
mobile	Run reactivecircus/android-emulator-runner@v2	2026-10-03T12:11:16.4605532Z INFO         | Selecting Vulkan device: SwiftShader Device (Subzero), Version: 1.3.0
mobile	Run reactivecircus/android-emulator-runner@v2	2026-10-03T12:11:16.4606939Z INFO         | Using Vulkan externalMemoryMode: OpaqueFd for VkEmulation
mobile	Run reactivecircus/android-emulator-runner@v2	2026-10-03T12:11:16.4741449Z INFO         | Format VK_FORMAT_G10X6_B10X6R10X6_2PLANE_422_UNORM_3PACK16 does not support YCbCr sampler conversion
mobile	Run reactivecircus/android-emulator-runner@v2	2026-10-03T12:11:16.4773093Z INFO         | SharedLibrary::open for [libX11]
mobile	Run reactivecircus/android-emulator-runner@v2	2026-10-03T12:11:16.4775032Z WARNING      | Could not open libX11.so, try libX11.so.6
mobile	Run reactivecircus/android-emulator-runner@v2	2026-10-03T12:11:16.4776050Z INFO         | SharedLibrary::open for [libX11.so.6]
mobile	Run reactivecircus/android-emulator-runner@v2	2026-10-03T12:11:16.4776680Z INFO         | SharedLibrary::open for [libX11-xcb]
mobile	Run reactivecircus/android-emulator-runner@v2	2026-10-03T12:11:16.4777297Z WARNING      | Could not open libX11-xcb.so, try libX11-xcb.so.1
mobile	Run reactivecircus/android-emulator-runner@v2	2026-10-03T12:11:16.4777854Z INFO         | SharedLibrary::open for [libX11-xcb.so.1]
mobile	Run reactivecircus/android-emulator-runner@v2	2026-10-03T12:11:16.4836827Z INFO         | Initializing VkEmulation features:
mobile	Run reactivecircus/android-emulator-runner@v2	2026-10-03T12:11:16.4837600Z INFO         |     glInteropSupported: false
mobile	Run reactivecircus/android-emulator-runner@v2	2026-10-03T12:11:16.4838047Z INFO         |     useDeferredCommands: true
mobile	Run reactivecircus/android-emulator-runner@v2	2026-10-03T12:11:16.4838484Z INFO         |     createResourceWithRequirements: true
mobile	Run reactivecircus/android-emulator-runner@v2	2026-10-03T12:11:16.4838907Z INFO         |     useVulkanComposition: false
mobile	Run reactivecircus/android-emulator-runner@v2	2026-10-03T12:11:16.4839324Z INFO         |     useVulkanNativeSwapchain: false
mobile	Run reactivecircus/android-emulator-runner@v2	2026-10-03T12:11:16.4839723Z INFO         |     enable guestRenderDoc: false
mobile	Run reactivecircus/android-emulator-runner@v2	2026-10-03T12:11:16.4840140Z INFO         |     ASTC LDR emulation mode: Gpu
mobile	Run reactivecircus/android-emulator-runner@v2	2026-10-03T12:11:16.4840520Z INFO         |     enable ETC2 emulation: true
mobile	Run reactivecircus/android-emulator-runner@v2	2026-10-03T12:11:16.4840915Z INFO         |     enable Ycbcr emulation: false
mobile	Run reactivecircus/android-emulator-runner@v2	2026-10-03T12:11:16.4841288Z INFO         |     guestVulkanOnly: false
mobile	Run reactivecircus/android-emulator-runner@v2	2026-10-03T12:11:16.4841669Z INFO         |     useDedicatedAllocations: false
mobile	Run reactivecircus/android-emulator-runner@v2	2026-10-03T12:11:16.4842072Z INFO         |     guestVulkanMaxApiVersion: 1.3.0
mobile	Run reactivecircus/android-emulator-runner@v2	2026-10-03T12:11:16.4842508Z INFO         |     enableProtectedMemoryEmulation: false
mobile	Run reactivecircus/android-emulator-runner@v2	2026-10-03T12:11:16.4847126Z INFO         | Graphics Adapter Vendor Google (Google Inc.)
mobile	Run reactivecircus/android-emulator-runner@v2	2026-10-03T12:11:16.4848168Z INFO         | Graphics Adapter Android Emulator OpenGL ES Translator (Google SwiftShader)
mobile	Run reactivecircus/android-emulator-runner@v2	2026-10-03T12:11:16.4849333Z INFO         | Graphics API Version OpenGL ES 3.0 (OpenGL ES 3.0 SwiftShader 4.0.0.1)
mobile	Run reactivecircus/android-emulator-runner@v2	2026-10-03T12:11:16.4852810Z INFO         | Graphics API Extensions GL_OES_EGL_sync GL_OES_EGL_image GL_OES_EGL_image_external GL_OES_depth24 GL_OES_depth32 GL_OES_element_index_uint GL_OES_texture_float GL_OES_texture_float_linear GL_OES_compressed_paletted_texture GL_OES_compressed_ETC1_RGB8_texture GL_OES_depth_texture GL_OES_texture_half_float GL_OES_texture_half_float_linear GL_OES_packed_depth_stencil GL_OES_vertex_half_float GL_OES_standard_derivatives GL_OES_texture_npot GL_OES_rgb8_rgba8 GL_EXT_color_buffer_float GL_EXT_color_buffer_half_float GL_EXT_texture_format_BGRA8888 GL_APPLE_texture_format_BGRA8888 
mobile	Run reactivecircus/android-emulator-runner@v2	2026-10-03T12:11:16.4855569Z INFO         | Graphics Device Extensions N/A
mobile	Run reactivecircus/android-emulator-runner@v2	2026-10-03T12:11:16.4856109Z INFO         | Disabling sparse binding feature support
mobile	Run reactivecircus/android-emulator-runner@v2	2026-10-03T12:11:16.4895234Z INFO         | Sending adb public key [QAAAAOPgvBI1mxTb07i9XkgIPBYoglsJ8ZlGP75wriSzBhGnBLjVxbn0fF0lvD+jXiMh5jk36emoz62xjrZleukRYuYvol/FgnCfx5mDva6vTmMuXkPHLH/EoYsRv6W2pg6RP5EIGE5ZSV5Nf3XbVw+Uit8qnKLJHq0Yg4WXVbH/PGalsvLHbzIueC/zM/9avHEEdsTv+NonEp7a0S5asNPIuv3DDLg3EZX/7eRLT27tiUeDP9kznYdgBiBoLqp17F8lcwFUPdHVOJiXLCvb/2JqfiTCZnpB0dg+89wPqBm0WQiGldy+yYMMD9ieMFZdcqPSiJoQL+yfRhp6e3R0kQ0/cnCuhm2j4SQHVFvgG/ICKtYXy9ZTw2F/3e0OjTHvjhbmvY+jaCsS77N16W00e69s30TOw30VRQDaWxUjwSNrxcd0ysGatkk1BCh+j0AKAIDwEK70J1UFZJjmGBYaoopv+A/fg8wUy873GzHv6nkN6fxoxch1xY/Reds0sq3V5LnhWFgcJ1omkOffgMDt02RoPI27rHPZXi14mDc+rQmnc9yxofOxuSE4yGzczvvA94LZEn8CYM2qmTHGUPQNd2oKtc34JCz0vyJk3et9sXCC4P2HBzmAsvQDhxtNEwLD8TYTeHa8RqqM07CQjmM2n2RCy/y3BcdmNEllf9CaZvj/oSNyExtVOAEAAQA= runner@unknown]
mobile	Run reactivecircus/android-emulator-runner@v2	2026-10-03T12:11:16.4901006Z INFO         | Userspace boot properties:
mobile	Run reactivecircus/android-emulator-runner@v2	2026-10-03T12:11:16.4902169Z INFO         |   androidboot.boot_devices=pci0000:00/0000:00:03.0 pci0000:00/0000:00:06.0
mobile	Run reactivecircus/android-emulator-runner@v2	2026-10-03T12:11:16.4903088Z INFO         |   androidboot.dalvik.vm.heapsize=576m
mobile	Run reactivecircus/android-emulator-runner@v2	2026-10-03T12:11:16.4903885Z INFO         |   androidboot.debug.hwui.renderer=skiagl
mobile	Run reactivecircus/android-emulator-runner@v2	2026-10-03T12:11:16.4904827Z INFO         |   androidboot.debug.sf.nobootanimation=1
mobile	Run reactivecircus/android-emulator-runner@v2	2026-10-03T12:11:16.4905505Z INFO         |   androidboot.hardware=ranchu
mobile	Run reactivecircus/android-emulator-runner@v2	2026-10-03T12:11:16.4906258Z INFO         |   androidboot.hardware.gltransport=pipe
mobile	Run reactivecircus/android-emulator-runner@v2	2026-10-03T12:11:16.4906677Z INFO         |   androidboot.hardware.vulkan=ranchu
mobile	Run reactivecircus/android-emulator-runner@v2	2026-10-03T12:11:16.4907046Z INFO         |   androidboot.logcat=*:V
mobile	Run reactivecircus/android-emulator-runner@v2	2026-10-03T12:11:16.4907421Z INFO         |   androidboot.opengles.version=196608
mobile	Run reactivecircus/android-emulator-runner@v2	2026-10-03T12:11:16.4907788Z INFO         |   androidboot.qemu=1
mobile	Run reactivecircus/android-emulator-runner@v2	2026-10-03T12:11:16.4911848Z INFO         |   androidboot.qemu.adb.pubkey=QAAAAOPgvBI1mxTb07i9XkgIPBYoglsJ8ZlGP75wriSzBhGnBLjVxbn0fF0lvD+jXiMh5jk36emoz62xjrZleukRYuYvol/FgnCfx5mDva6vTmMuXkPHLH/EoYsRv6W2pg6RP5EIGE5ZSV5Nf3XbVw+Uit8qnKLJHq0Yg4WXVbH/PGalsvLHbzIueC/zM/9avHEEdsTv+NonEp7a0S5asNPIuv3DDLg3EZX/7eRLT27tiUeDP9kznYdgBiBoLqp17F8lcwFUPdHVOJiXLCvb/2JqfiTCZnpB0dg+89wPqBm0WQiGldy+yYMMD9ieMFZdcqPSiJoQL+yfRhp6e3R0kQ0/cnCuhm2j4SQHVFvgG/ICKtYXy9ZTw2F/3e0OjTHvjhbmvY+jaCsS77N16W00e69s30TOw30VRQDaWxUjwSNrxcd0ysGatkk1BCh+j0AKAIDwEK70J1UFZJjmGBYaoopv+A/fg8wUy873GzHv6nkN6fxoxch1xY/Reds0sq3V5LnhWFgcJ1omkOffgMDt02RoPI27rHPZXi14mDc+rQmnc9yxofOxuSE4yGzczvvA94LZEn8CYM2qmTHGUPQNd2oKtc34JCz0vyJk3et9sXCC4P2HBzmAsvQDhxtNEwLD8TYTeHa8RqqM07CQjmM2n2RCy/y3BcdmNEllf9CaZvj/oSNyExtVOAEAAQA= runner@unknown
mobile	Run reactivecircus/android-emulator-runner@v2	2026-10-03T12:11:16.4915688Z INFO         |   androidboot.qemu.avd_name=test
mobile	Run reactivecircus/android-emulator-runner@v2	2026-10-03T12:11:16.4916139Z INFO         |   androidboot.qemu.camera_hq_edge_processing=0
mobile	Run reactivecircus/android-emulator-runner@v2	2026-10-03T12:11:16.4916612Z INFO         |   androidboot.qemu.camera_protocol_ver=1
mobile	Run reactivecircus/android-emulator-runner@v2	2026-10-03T12:11:16.4917045Z INFO         |   androidboot.qemu.cpuvulkan.version=4206592
mobile	Run reactivecircus/android-emulator-runner@v2	2026-10-03T12:11:16.4917518Z INFO         |   androidboot.qemu.gltransport.drawFlushInterval=800
mobile	Run reactivecircus/android-emulator-runner@v2	2026-10-03T12:11:16.4917975Z INFO         |   androidboot.qemu.gltransport.name=pipe
mobile	Run reactivecircus/android-emulator-runner@v2	2026-10-03T12:11:16.4918377Z INFO         |   androidboot.qemu.hwcodec.avcdec=2
mobile	Run reactivecircus/android-emulator-runner@v2	2026-10-03T12:11:16.4918768Z INFO         |   androidboot.qemu.hwcodec.hevcdec=2
mobile	Run reactivecircus/android-emulator-runner@v2	2026-10-03T12:11:16.4919150Z INFO         |   androidboot.qemu.hwcodec.vpxdec=2
mobile	Run reactivecircus/android-emulator-runner@v2	2026-10-03T12:11:16.4919642Z INFO         |   androidboot.qemu.settings.system.screen_off_timeout=2147483647
mobile	Run reactivecircus/android-emulator-runner@v2	2026-10-03T12:11:16.4920124Z INFO         |   androidboot.qemu.skin=320x640
mobile	Run reactivecircus/android-emulator-runner@v2	2026-10-03T12:11:16.4920488Z INFO         |   androidboot.qemu.virtiowifi=1
mobile	Run reactivecircus/android-emulator-runner@v2	2026-10-03T12:11:16.4920835Z INFO         |   androidboot.qemu.vsync=60
mobile	Run reactivecircus/android-emulator-runner@v2	2026-10-03T12:11:16.4921206Z INFO         |   androidboot.serialno=EMULATOR37X2X12X0
mobile	Run reactivecircus/android-emulator-runner@v2	2026-10-03T12:11:16.4922001Z INFO         |   androidboot.vbmeta.digest=451e57ed688ff746d2c636d52169ade253e2bc5bb30a5c3ff23679ca15d3bcd3
mobile	Run reactivecircus/android-emulator-runner@v2	2026-10-03T12:11:16.4922573Z INFO         |   androidboot.vbmeta.hash_alg=sha256
mobile	Run reactivecircus/android-emulator-runner@v2	2026-10-03T12:11:16.4922937Z INFO         |   androidboot.vbmeta.size=6656
mobile	Run reactivecircus/android-emulator-runner@v2	2026-10-03T12:11:16.4923325Z INFO         |   androidboot.veritymode=enforcing
mobile	Run reactivecircus/android-emulator-runner@v2	2026-10-03T12:11:16.5085289Z WARNING: cannnot unmap ptr 0x7f7765a01000 as it is in the protected range from 0x7f76c5a00000 to 0x7f7765c00000
mobile	Run reactivecircus/android-emulator-runner@v2	2026-10-03T12:11:16.5236240Z INFO         | Monitoring duration of emulator setup.
mobile	Run reactivecircus/android-emulator-runner@v2	2026-10-03T12:11:17.5360455Z INFO         | Successfully initialized netsim WiFi
mobile	Run reactivecircus/android-emulator-runner@v2	2026-10-03T12:11:17.5361037Z INFO         | Activated packet streamer for bluetooth emulation
mobile	Run reactivecircus/android-emulator-runner@v2	2026-10-03T12:11:17.5421228Z INFO         | Setting display: 0 configuration to: 320x640, dpi: 160x160 
mobile	Run reactivecircus/android-emulator-runner@v2	2026-10-03T12:11:17.5421902Z INFO         | setDisplayActiveConfig: id:0, 320x640
mobile	Run reactivecircus/android-emulator-runner@v2	2026-10-03T12:11:17.5422728Z INFO         | emulatorSetupEnvironment: Environment scene is not required
mobile	Run reactivecircus/android-emulator-runner@v2	2026-10-03T12:11:17.5497016Z USER_INFO    | Emulator is performing a full startup. This may take upto two minutes, or more.
mobile	Run reactivecircus/android-emulator-runner@v2	2026-10-03T12:11:17.5501566Z WARNING      | Failed to process .ini file /home/runner/.android/emu-update-last-check.ini for reading.
mobile	Run reactivecircus/android-emulator-runner@v2	2026-10-03T12:11:17.6476983Z WARNING      | Failed to process .ini file /home/runner/.android/emu-update-last-check.ini for reading.
mobile	Run reactivecircus/android-emulator-runner@v2	2026-10-03T12:11:25.9896478Z [command]/usr/local/lib/android/sdk/platform-tools/adb -s emulator-5554 shell getprop sys.boot_completed
mobile	Run reactivecircus/android-emulator-runner@v2	2026-10-03T12:11:25.9935597Z * daemon not running; starting now at tcp:5037
mobile	Run reactivecircus/android-emulator-runner@v2	2026-10-03T12:11:26.0721803Z * daemon started successfully
mobile	Run reactivecircus/android-emulator-runner@v2	2026-10-03T12:11:26.0727454Z adb: device offline
mobile	Run reactivecircus/android-emulator-runner@v2	2026-10-03T12:11:26.0746094Z The process '/usr/local/lib/android/sdk/platform-tools/adb' failed with exit code 1
mobile	Run reactivecircus/android-emulator-runner@v2	2026-10-03T12:11:28.0786457Z [command]/usr/local/lib/android/sdk/platform-tools/adb -s emulator-5554 shell getprop sys.boot_completed
mobile	Run reactivecircus/android-emulator-runner@v2	2026-10-03T12:11:28.0838872Z adb: device offline
mobile	Run reactivecircus/android-emulator-runner@v2	2026-10-03T12:11:28.0848717Z The process '/usr/local/lib/android/sdk/platform-tools/adb' failed with exit code 1
mobile	Run reactivecircus/android-emulator-runner@v2	2026-10-03T12:11:30.0926393Z [command]/usr/local/lib/android/sdk/platform-tools/adb -s emulator-5554 shell getprop sys.boot_completed
mobile	Run reactivecircus/android-emulator-runner@v2	2026-10-03T12:11:30.1268602Z 
mobile	Run reactivecircus/android-emulator-runner@v2	2026-10-03T12:11:32.1339006Z [command]/usr/local/lib/android/sdk/platform-tools/adb -s emulator-5554 shell getprop sys.boot_completed
mobile	Run reactivecircus/android-emulator-runner@v2	2026-10-03T12:11:32.1628477Z 
mobile	Run reactivecircus/android-emulator-runner@v2	2026-10-03T12:11:34.1696287Z [command]/usr/local/lib/android/sdk/platform-tools/adb -s emulator-5554 shell getprop sys.boot_completed
mobile	Run reactivecircus/android-emulator-runner@v2	2026-10-03T12:11:34.1987415Z 
mobile	Run reactivecircus/android-emulator-runner@v2	2026-10-03T12:11:36.2051740Z [command]/usr/local/lib/android/sdk/platform-tools/adb -s emulator-5554 shell getprop sys.boot_completed
mobile	Run reactivecircus/android-emulator-runner@v2	2026-10-03T12:11:36.2403759Z 
mobile	Run reactivecircus/android-emulator-runner@v2	2026-10-03T12:11:38.2477389Z [command]/usr/local/lib/android/sdk/platform-tools/adb -s emulator-5554 shell getprop sys.boot_completed
mobile	Run reactivecircus/android-emulator-runner@v2	2026-10-03T12:11:38.2789280Z 
mobile	Run reactivecircus/android-emulator-runner@v2	2026-10-03T12:11:40.2843405Z [command]/usr/local/lib/android/sdk/platform-tools/adb -s emulator-5554 shell getprop sys.boot_completed
mobile	Run reactivecircus/android-emulator-runner@v2	2026-10-03T12:11:40.3012069Z 
mobile	Run reactivecircus/android-emulator-runner@v2	2026-10-03T12:11:42.3057939Z [command]/usr/local/lib/android/sdk/platform-tools/adb -s emulator-5554 shell getprop sys.boot_completed
mobile	Run reactivecircus/android-emulator-runner@v2	2026-10-03T12:11:42.3365246Z 
mobile	Run reactivecircus/android-emulator-runner@v2	2026-10-03T12:11:44.3417057Z [command]/usr/local/lib/android/sdk/platform-tools/adb -s emulator-5554 shell getprop sys.boot_completed
mobile	Run reactivecircus/android-emulator-runner@v2	2026-10-03T12:11:44.3632193Z 
mobile	Run reactivecircus/android-emulator-runner@v2	2026-10-03T12:11:46.3726418Z [command]/usr/local/lib/android/sdk/platform-tools/adb -s emulator-5554 shell getprop sys.boot_completed
mobile	Run reactivecircus/android-emulator-runner@v2	2026-10-03T12:11:46.3920303Z 
mobile	Run reactivecircus/android-emulator-runner@v2	2026-10-03T12:11:48.3973354Z [command]/usr/local/lib/android/sdk/platform-tools/adb -s emulator-5554 shell getprop sys.boot_completed
mobile	Run reactivecircus/android-emulator-runner@v2	2026-10-03T12:11:48.4121064Z 
mobile	Run reactivecircus/android-emulator-runner@v2	2026-10-03T12:11:50.4203440Z [command]/usr/local/lib/android/sdk/platform-tools/adb -s emulator-5554 shell getprop sys.boot_completed
mobile	Run reactivecircus/android-emulator-runner@v2	2026-10-03T12:11:50.4553599Z 
mobile	Run reactivecircus/android-emulator-runner@v2	2026-10-03T12:11:52.4712844Z [command]/usr/local/lib/android/sdk/platform-tools/adb -s emulator-5554 shell getprop sys.boot_completed
mobile	Run reactivecircus/android-emulator-runner@v2	2026-10-03T12:11:52.6018323Z 
mobile	Run reactivecircus/android-emulator-runner@v2	2026-10-03T12:11:53.7097270Z INFO         | Boot completed in 37686 ms
mobile	Run reactivecircus/android-emulator-runner@v2	2026-10-03T12:11:53.7098708Z INFO         | Increasing screen off timeout, logcat buffer size to 2M.
mobile	Run reactivecircus/android-emulator-runner@v2	2026-10-03T12:11:54.6065963Z [command]/usr/local/lib/android/sdk/platform-tools/adb -s emulator-5554 shell getprop sys.boot_completed
mobile	Run reactivecircus/android-emulator-runner@v2	2026-10-03T12:11:54.6615641Z 1
mobile	Run reactivecircus/android-emulator-runner@v2	2026-10-03T12:11:54.6631859Z Emulator booted.
mobile	Run reactivecircus/android-emulator-runner@v2	2026-10-03T12:11:54.6673974Z [command]/usr/local/lib/android/sdk/platform-tools/adb -s emulator-5554 shell input keyevent 82
mobile	Run reactivecircus/android-emulator-runner@v2	2026-10-03T12:11:59.6282226Z Disabling animations.
mobile	Run reactivecircus/android-emulator-runner@v2	2026-10-03T12:11:59.6305308Z [command]/usr/local/lib/android/sdk/platform-tools/adb -s emulator-5554 shell settings put global window_animation_scale 0.0
mobile	Run reactivecircus/android-emulator-runner@v2	2026-10-03T12:12:00.0076499Z [command]/usr/local/lib/android/sdk/platform-tools/adb -s emulator-5554 shell settings put global transition_animation_scale 0.0
mobile	Run reactivecircus/android-emulator-runner@v2	2026-10-03T12:12:00.1066398Z [command]/usr/local/lib/android/sdk/platform-tools/adb -s emulator-5554 shell settings put global animator_duration_scale 0.0
mobile	Run reactivecircus/android-emulator-runner@v2	2026-10-03T12:12:00.2248419Z ##[endgroup]
mobile	Run reactivecircus/android-emulator-runner@v2	2026-10-03T12:12:00.2295686Z [command]/usr/bin/sh -c python3 -B tools/verify_client_sqlite.py --scope mobile --serial emulator-5554
mobile	Run reactivecircus/android-emulator-runner@v2	2026-10-03T12:12:00.2736022Z + chmod +x /home/runner/work/IM-platform/IM-platform/clients/mobile/gradlew
mobile	Run reactivecircus/android-emulator-runner@v2	2026-10-03T12:12:00.2756319Z + /home/runner/work/IM-platform/IM-platform/clients/mobile/gradlew --no-daemon assembleDebug assembleDebugAndroidTest
mobile	Run reactivecircus/android-emulator-runner@v2	2026-10-03T12:12:00.4616182Z Downloading https://services.gradle.org/distributions/gradle-8.9-bin.zip
mobile	Run reactivecircus/android-emulator-runner@v2	2026-10-03T12:12:02.7256987Z ............10%.............20%.............30%.............40%.............50%.............60%.............70%.............80%.............90%.............100%
mobile	Run reactivecircus/android-emulator-runner@v2	2026-10-03T12:12:04.6695316Z 
mobile	Run reactivecircus/android-emulator-runner@v2	2026-10-03T12:12:04.6702203Z Welcome to Gradle 8.9!
mobile	Run reactivecircus/android-emulator-runner@v2	2026-10-03T12:12:04.6702899Z 
mobile	Run reactivecircus/android-emulator-runner@v2	2026-10-03T12:12:04.6703503Z Here are the highlights of this release:
mobile	Run reactivecircus/android-emulator-runner@v2	2026-10-03T12:12:04.6704357Z  - Enhanced Error and Warning Messages
mobile	Run reactivecircus/android-emulator-runner@v2	2026-10-03T12:12:04.6705621Z  - IDE Integration Improvements
mobile	Run reactivecircus/android-emulator-runner@v2	2026-10-03T12:12:04.6706322Z  - Daemon JVM Information
mobile	Run reactivecircus/android-emulator-runner@v2	2026-10-03T12:12:04.6706634Z 
mobile	Run reactivecircus/android-emulator-runner@v2	2026-10-03T12:12:04.6707065Z For more details see https://docs.gradle.org/8.9/release-notes.html
mobile	Run reactivecircus/android-emulator-runner@v2	2026-10-03T12:12:04.6707511Z 
mobile	Run reactivecircus/android-emulator-runner@v2	2026-10-03T12:12:04.8617711Z To honour the JVM settings for this build a single-use Daemon process will be forked. For more on this, please refer to https://docs.gradle.org/8.9/userguide/gradle_daemon.html#sec:disabling_the_daemon in the Gradle documentation.
mobile	Run reactivecircus/android-emulator-runner@v2	2026-10-03T12:12:06.6615837Z Daemon will be stopped at the end of the build 
mobile	Run reactivecircus/android-emulator-runner@v2	2026-10-03T12:13:18.7688465Z > Task :app:preBuild UP-TO-DATE
mobile	Run reactivecircus/android-emulator-runner@v2	2026-10-03T12:13:18.7715166Z > Task :app:preDebugBuild UP-TO-DATE
mobile	Run reactivecircus/android-emulator-runner@v2	2026-10-03T12:13:18.8620438Z > Task :app:mergeDebugNativeDebugMetadata NO-SOURCE
mobile	Run reactivecircus/android-emulator-runner@v2	2026-10-03T12:13:18.8675594Z > Task :app:checkKotlinGradlePluginConfigurationErrors SKIPPED
mobile	Run reactivecircus/android-emulator-runner@v2	2026-10-03T12:13:25.2628718Z > Task :app:generateDebugResValues
mobile	Run reactivecircus/android-emulator-runner@v2	2026-10-03T12:13:25.3625663Z > Task :app:checkDebugAarMetadata
mobile	Run reactivecircus/android-emulator-runner@v2	2026-10-03T12:13:25.3715821Z > Task :app:mapDebugSourceSetPaths
mobile	Run reactivecircus/android-emulator-runner@v2	2026-10-03T12:13:25.3717000Z > Task :app:generateDebugResources
mobile	Run reactivecircus/android-emulator-runner@v2	2026-10-03T12:13:26.3610021Z > Task :app:packageDebugResources
mobile	Run reactivecircus/android-emulator-runner@v2	2026-10-03T12:13:27.1618067Z > Task :app:mergeDebugResources
mobile	Run reactivecircus/android-emulator-runner@v2	2026-10-03T12:13:27.6641829Z > Task :app:createDebugCompatibleScreenManifests
mobile	Run reactivecircus/android-emulator-runner@v2	2026-10-03T12:13:27.6642714Z > Task :app:extractDeepLinksDebug
mobile	Run reactivecircus/android-emulator-runner@v2	2026-10-03T12:13:27.7633075Z > Task :app:parseDebugLocalResources
mobile	Run reactivecircus/android-emulator-runner@v2	2026-10-03T12:13:28.1622852Z > Task :app:processDebugMainManifest
mobile	Run reactivecircus/android-emulator-runner@v2	2026-10-03T12:13:28.3611283Z > Task :app:processDebugManifest
mobile	Run reactivecircus/android-emulator-runner@v2	2026-10-03T12:13:28.3613990Z > Task :app:processDebugManifestForPackage
mobile	Run reactivecircus/android-emulator-runner@v2	2026-10-03T12:13:28.3635924Z > Task :app:javaPreCompileDebug
mobile	Run reactivecircus/android-emulator-runner@v2	2026-10-03T12:13:29.3611278Z > Task :app:mergeDebugShaders
mobile	Run reactivecircus/android-emulator-runner@v2	2026-10-03T12:13:29.3621467Z > Task :app:compileDebugShaders NO-SOURCE
mobile	Run reactivecircus/android-emulator-runner@v2	2026-10-03T12:13:29.3657698Z > Task :app:generateDebugAssets UP-TO-DATE
mobile	Run reactivecircus/android-emulator-runner@v2	2026-10-03T12:13:29.4623671Z > Task :app:mergeDebugAssets
mobile	Run reactivecircus/android-emulator-runner@v2	2026-10-03T12:13:29.4695850Z > Task :app:compressDebugAssets
mobile	Run reactivecircus/android-emulator-runner@v2	2026-10-03T12:13:29.4725082Z > Task :app:desugarDebugFileDependencies
mobile	Run reactivecircus/android-emulator-runner@v2	2026-10-03T12:13:30.2618069Z > Task :app:processDebugResources
mobile	Run reactivecircus/android-emulator-runner@v2	2026-10-03T12:13:30.3625779Z > Task :app:checkDebugDuplicateClasses
mobile	Run reactivecircus/android-emulator-runner@v2	2026-10-03T12:14:00.3636492Z > Task :app:compileDebugKotlin
mobile	Run reactivecircus/android-emulator-runner@v2	2026-10-03T12:14:06.8634148Z > Task :app:mergeExtDexDebug
mobile	Run reactivecircus/android-emulator-runner@v2	2026-10-03T12:14:29.8610626Z > Task :app:compileDebugJavaWithJavac NO-SOURCE
mobile	Run reactivecircus/android-emulator-runner@v2	2026-10-03T12:14:30.6629087Z > Task :app:dexBuilderDebug
mobile	Run reactivecircus/android-emulator-runner@v2	2026-10-03T12:14:30.7635582Z > Task :app:mergeDebugGlobalSynthetics
mobile	Run reactivecircus/android-emulator-runner@v2	2026-10-03T12:14:30.8608678Z > Task :app:processDebugJavaRes
mobile	Run reactivecircus/android-emulator-runner@v2	2026-10-03T12:14:31.6608797Z > Task :app:mergeLibDexDebug
mobile	Run reactivecircus/android-emulator-runner@v2	2026-10-03T12:14:31.6615620Z > Task :app:mergeDebugJniLibFolders
mobile	Run reactivecircus/android-emulator-runner@v2	2026-10-03T12:14:31.7610459Z > Task :app:mergeProjectDexDebug
mobile	Run reactivecircus/android-emulator-runner@v2	2026-10-03T12:14:31.7625516Z > Task :app:mergeDebugNativeLibs
mobile	Run reactivecircus/android-emulator-runner@v2	2026-10-03T12:14:32.2618674Z > Task :app:mergeDebugJavaResource
mobile	Run reactivecircus/android-emulator-runner@v2	2026-10-03T12:14:33.2637708Z > Task :app:validateSigningDebug
mobile	Run reactivecircus/android-emulator-runner@v2	2026-10-03T12:14:33.3675829Z > Task :app:writeDebugAppMetadata
mobile	Run reactivecircus/android-emulator-runner@v2	2026-10-03T12:14:33.3695690Z > Task :app:writeDebugSigningConfigVersions
mobile	Run reactivecircus/android-emulator-runner@v2	2026-10-03T12:14:33.3697689Z 
mobile	Run reactivecircus/android-emulator-runner@v2	2026-10-03T12:14:33.3698199Z > Task :app:stripDebugDebugSymbols
mobile	Run reactivecircus/android-emulator-runner@v2	2026-10-03T12:14:33.3699488Z Unable to strip the following libraries, packaging them as they are: libandroidx.graphics.path.so.
mobile	Run reactivecircus/android-emulator-runner@v2	2026-10-03T12:14:33.3700425Z 
mobile	Run reactivecircus/android-emulator-runner@v2	2026-10-03T12:14:33.3700940Z > Task :app:preDebugAndroidTestBuild SKIPPED
mobile	Run reactivecircus/android-emulator-runner@v2	2026-10-03T12:14:33.3701837Z > Task :app:checkDebugAndroidTestAarMetadata
mobile	Run reactivecircus/android-emulator-runner@v2	2026-10-03T12:14:33.3702722Z > Task :app:generateDebugAndroidTestResValues
mobile	Run reactivecircus/android-emulator-runner@v2	2026-10-03T12:14:33.3703590Z > Task :app:mapDebugAndroidTestSourceSetPaths
mobile	Run reactivecircus/android-emulator-runner@v2	2026-10-03T12:14:33.3704710Z > Task :app:generateDebugAndroidTestResources
mobile	Run reactivecircus/android-emulator-runner@v2	2026-10-03T12:14:33.3721494Z > Task :app:bundleDebugClassesToCompileJar
mobile	Run reactivecircus/android-emulator-runner@v2	2026-10-03T12:14:33.3785179Z > Task :app:mergeDebugAndroidTestResources
mobile	Run reactivecircus/android-emulator-runner@v2	2026-10-03T12:14:33.4634017Z > Task :app:processDebugAndroidTestManifest
mobile	Run reactivecircus/android-emulator-runner@v2	2026-10-03T12:14:33.4669321Z > Task :app:javaPreCompileDebugAndroidTest
mobile	Run reactivecircus/android-emulator-runner@v2	2026-10-03T12:14:33.4677534Z > Task :app:mergeDebugAndroidTestShaders
mobile	Run reactivecircus/android-emulator-runner@v2	2026-10-03T12:14:33.4698644Z > Task :app:compileDebugAndroidTestShaders NO-SOURCE
mobile	Run reactivecircus/android-emulator-runner@v2	2026-10-03T12:14:33.4717140Z > Task :app:generateDebugAndroidTestAssets UP-TO-DATE
mobile	Run reactivecircus/android-emulator-runner@v2	2026-10-03T12:14:33.4765328Z > Task :app:mergeDebugAndroidTestAssets
mobile	Run reactivecircus/android-emulator-runner@v2	2026-10-03T12:14:33.4766461Z > Task :app:desugarDebugAndroidTestFileDependencies
mobile	Run reactivecircus/android-emulator-runner@v2	2026-10-03T12:14:33.5699855Z > Task :app:checkDebugAndroidTestDuplicateClasses
mobile	Run reactivecircus/android-emulator-runner@v2	2026-10-03T12:14:33.5724958Z > Task :app:compressDebugAndroidTestAssets
mobile	Run reactivecircus/android-emulator-runner@v2	2026-10-03T12:14:33.5755231Z > Task :app:mergeExtDexDebugAndroidTest
mobile	Run reactivecircus/android-emulator-runner@v2	2026-10-03T12:14:33.5756137Z > Task :app:mergeDebugAndroidTestJniLibFolders
mobile	Run reactivecircus/android-emulator-runner@v2	2026-10-03T12:14:33.5756987Z > Task :app:mergeLibDexDebugAndroidTest
mobile	Run reactivecircus/android-emulator-runner@v2	2026-10-03T12:14:33.5757801Z > Task :app:mergeDebugAndroidTestNativeLibs NO-SOURCE
mobile	Run reactivecircus/android-emulator-runner@v2	2026-10-03T12:14:33.5758751Z > Task :app:stripDebugAndroidTestDebugSymbols NO-SOURCE
mobile	Run reactivecircus/android-emulator-runner@v2	2026-10-03T12:14:33.5759572Z > Task :app:validateSigningDebugAndroidTest
mobile	Run reactivecircus/android-emulator-runner@v2	2026-10-03T12:14:33.5760455Z > Task :app:writeDebugAndroidTestSigningConfigVersions
mobile	Run reactivecircus/android-emulator-runner@v2	2026-10-03T12:14:33.5761274Z > Task :app:processDebugAndroidTestResources
mobile	Run reactivecircus/android-emulator-runner@v2	2026-10-03T12:14:37.4635340Z > Task :app:packageDebug
mobile	Run reactivecircus/android-emulator-runner@v2	2026-10-03T12:14:37.4665015Z > Task :app:createDebugApkListingFileRedirect
mobile	Run reactivecircus/android-emulator-runner@v2	2026-10-03T12:14:37.4694874Z > Task :app:assembleDebug
mobile	Run reactivecircus/android-emulator-runner@v2	2026-10-03T12:14:39.1607783Z 
mobile	Run reactivecircus/android-emulator-runner@v2	2026-10-03T12:14:39.1612971Z > Task :app:compileDebugAndroidTestKotlin
mobile	Run reactivecircus/android-emulator-runner@v2	2026-10-03T12:14:39.1618308Z w: file:///home/runner/work/IM-platform/IM-platform/clients/mobile/app/src/androidTest/kotlin/im/platform/client/storage/StorageInstrumentation.kt:169:68 Type argument for reified type parameter 'T' was inferred to the intersection of ['kotlin.Comparable<*>' & 'java.io.Serializable']. Reification of an intersection type results in the common supertype being used. This may lead to subtle issues and an explicit type argument is encouraged. This will become an error in a future release.
mobile	Run reactivecircus/android-emulator-runner@v2	2026-10-03T12:14:39.1626845Z w: file:///home/runner/work/IM-platform/IM-platform/clients/mobile/app/src/androidTest/kotlin/im/platform/client/storage/StorageInstrumentation.kt:170:68 Type argument for reified type parameter 'T' was inferred to the intersection of ['kotlin.Comparable<*>' & 'java.io.Serializable']. Reification of an intersection type results in the common supertype being used. This may lead to subtle issues and an explicit type argument is encouraged. This will become an error in a future release.
mobile	Run reactivecircus/android-emulator-runner@v2	2026-10-03T12:14:39.2608046Z 
mobile	Run reactivecircus/android-emulator-runner@v2	2026-10-03T12:14:39.2613598Z > Task :app:compileDebugAndroidTestJavaWithJavac NO-SOURCE
mobile	Run reactivecircus/android-emulator-runner@v2	2026-10-03T12:14:39.6607034Z > Task :app:dexBuilderDebugAndroidTest
mobile	Run reactivecircus/android-emulator-runner@v2	2026-10-03T12:14:39.6609225Z > Task :app:mergeDebugAndroidTestGlobalSynthetics
mobile	Run reactivecircus/android-emulator-runner@v2	2026-10-03T12:14:39.6610160Z > Task :app:processDebugAndroidTestJavaRes
mobile	Run reactivecircus/android-emulator-runner@v2	2026-10-03T12:14:39.6613532Z > Task :app:mergeDebugAndroidTestJavaResource
mobile	Run reactivecircus/android-emulator-runner@v2	2026-10-03T12:14:39.6615751Z > Task :app:mergeProjectDexDebugAndroidTest
mobile	Run reactivecircus/android-emulator-runner@v2	2026-10-03T12:14:39.7625754Z > Task :app:packageDebugAndroidTest
mobile	Run reactivecircus/android-emulator-runner@v2	2026-10-03T12:14:39.7633595Z > Task :app:createDebugAndroidTestApkListingFileRedirect
mobile	Run reactivecircus/android-emulator-runner@v2	2026-10-03T12:14:39.7636062Z > Task :app:assembleDebugAndroidTest
mobile	Run reactivecircus/android-emulator-runner@v2	2026-10-03T12:14:39.7636413Z 
mobile	Run reactivecircus/android-emulator-runner@v2	2026-10-03T12:14:39.7636650Z BUILD SUCCESSFUL in 2m 39s
mobile	Run reactivecircus/android-emulator-runner@v2	2026-10-03T12:14:39.7637023Z 62 actionable tasks: 62 executed
mobile	Run reactivecircus/android-emulator-runner@v2	2026-10-03T12:14:40.1603817Z Actual minimum emulator SDK: 34 boot: 1 credential-encrypted storage: true
mobile	Run reactivecircus/android-emulator-runner@v2	2026-10-03T12:14:40.1606089Z + adb -s emulator-5554 install -r /home/runner/work/IM-platform/IM-platform/clients/mobile/app/build/outputs/apk/debug/app-debug.apk
mobile	Run reactivecircus/android-emulator-runner@v2	2026-10-03T12:14:40.3842038Z Performing Streamed Install
mobile	Run reactivecircus/android-emulator-runner@v2	2026-10-03T12:14:40.3842823Z Success
mobile	Run reactivecircus/android-emulator-runner@v2	2026-10-03T12:14:40.3846037Z + adb -s emulator-5554 install -r /home/runner/work/IM-platform/IM-platform/clients/mobile/app/build/outputs/apk/androidTest/debug/app-debug-androidTest.apk
mobile	Run reactivecircus/android-emulator-runner@v2	2026-10-03T12:14:40.5969139Z Performing Streamed Install
mobile	Run reactivecircus/android-emulator-runner@v2	2026-10-03T12:14:40.5970740Z Success
mobile	Run reactivecircus/android-emulator-runner@v2	2026-10-03T12:14:40.5974580Z + adb -s emulator-5554 shell am instrument -w im.platform.client.test/im.platform.client.storage.StorageInstrumentation phase=install
mobile	Run reactivecircus/android-emulator-runner@v2	2026-10-03T12:14:42.0589372Z 
mobile	Run reactivecircus/android-emulator-runner@v2	2026-10-03T12:14:42.1322299Z INSTRUMENTATION_RESULT: assertions=137
mobile	Run reactivecircus/android-emulator-runner@v2	2026-10-03T12:14:42.1323259Z INSTRUMENTATION_RESULT: canonicalCases=13
mobile	Run reactivecircus/android-emulator-runner@v2	2026-10-03T12:14:42.1324171Z INSTRUMENTATION_RESULT: engine=actual Android SDK SQLite
mobile	Run reactivecircus/android-emulator-runner@v2	2026-10-03T12:14:42.1325368Z INSTRUMENTATION_RESULT: result=PASS
mobile	Run reactivecircus/android-emulator-runner@v2	2026-10-03T12:14:42.1326137Z INSTRUMENTATION_RESULT: sdkInt=34
mobile	Run reactivecircus/android-emulator-runner@v2	2026-10-03T12:14:42.1327028Z INSTRUMENTATION_RESULT: sqliteVersion=3.39.2
mobile	Run reactivecircus/android-emulator-runner@v2	2026-10-03T12:14:42.1327813Z INSTRUMENTATION_CODE: -1
mobile	Run reactivecircus/android-emulator-runner@v2	2026-10-03T12:14:42.1328255Z 
mobile	Run reactivecircus/android-emulator-runner@v2	2026-10-03T12:14:42.1328716Z Task application data-clear: Success
mobile	Run reactivecircus/android-emulator-runner@v2	2026-10-03T12:14:42.1330325Z + adb -s emulator-5554 shell am instrument -w im.platform.client.test/im.platform.client.storage.StorageInstrumentation phase=data-clear
mobile	Run reactivecircus/android-emulator-runner@v2	2026-10-03T12:14:42.9633491Z 
mobile	Run reactivecircus/android-emulator-runner@v2	2026-10-03T12:14:42.9634930Z INSTRUMENTATION_RESULT: assertions=137
mobile	Run reactivecircus/android-emulator-runner@v2	2026-10-03T12:14:42.9635644Z INSTRUMENTATION_RESULT: canonicalCases=13
mobile	Run reactivecircus/android-emulator-runner@v2	2026-10-03T12:14:42.9636136Z INSTRUMENTATION_RESULT: engine=actual Android SDK SQLite
mobile	Run reactivecircus/android-emulator-runner@v2	2026-10-03T12:14:42.9636581Z INSTRUMENTATION_RESULT: result=PASS
mobile	Run reactivecircus/android-emulator-runner@v2	2026-10-03T12:14:42.9636907Z INSTRUMENTATION_RESULT: sdkInt=34
mobile	Run reactivecircus/android-emulator-runner@v2	2026-10-03T12:14:42.9637241Z INSTRUMENTATION_RESULT: sqliteVersion=3.39.2
mobile	Run reactivecircus/android-emulator-runner@v2	2026-10-03T12:14:42.9637577Z INSTRUMENTATION_CODE: -1
mobile	Run reactivecircus/android-emulator-runner@v2	2026-10-03T12:14:42.9637725Z 
mobile	Run reactivecircus/android-emulator-runner@v2	2026-10-03T12:14:42.9638109Z PASS: real Android SDK SQLite fixture/migration/restart/isolation/rollback instrumentation
mobile	Run reactivecircus/android-emulator-runner@v2	2026-10-03T12:14:42.9728404Z [command]/usr/bin/sh -c python3 -B tools/verify_client_send.py --scope mobile --serial emulator-5554
mobile	Run reactivecircus/android-emulator-runner@v2	2026-10-03T12:14:43.0290671Z + chmod +x /home/runner/work/IM-platform/IM-platform/clients/mobile/gradlew
mobile	Run reactivecircus/android-emulator-runner@v2	2026-10-03T12:14:43.0302538Z + /home/runner/work/IM-platform/IM-platform/clients/mobile/gradlew --no-daemon -PimSendInstrumentation=im.platform.client.send.SendInstrumentation assembleDebug assembleDebugAndroidTest
mobile	Run reactivecircus/android-emulator-runner@v2	2026-10-03T12:14:43.6879177Z To honour the JVM settings for this build a single-use Daemon process will be forked. For more on this, please refer to https://docs.gradle.org/8.9/userguide/gradle_daemon.html#sec:disabling_the_daemon in the Gradle documentation.
mobile	Run reactivecircus/android-emulator-runner@v2	2026-10-03T12:14:44.7838481Z Daemon will be stopped at the end of the build 
mobile	Run reactivecircus/android-emulator-runner@v2	2026-10-03T12:14:53.0886264Z > Task :app:preBuild UP-TO-DATE
mobile	Run reactivecircus/android-emulator-runner@v2	2026-10-03T12:14:53.0887183Z > Task :app:preDebugBuild UP-TO-DATE
mobile	Run reactivecircus/android-emulator-runner@v2	2026-10-03T12:14:53.1867072Z > Task :app:mergeDebugNativeDebugMetadata NO-SOURCE
mobile	Run reactivecircus/android-emulator-runner@v2	2026-10-03T12:14:53.1869088Z > Task :app:checkKotlinGradlePluginConfigurationErrors SKIPPED
mobile	Run reactivecircus/android-emulator-runner@v2	2026-10-03T12:14:53.5858160Z > Task :app:checkDebugAarMetadata UP-TO-DATE
mobile	Run reactivecircus/android-emulator-runner@v2	2026-10-03T12:14:53.5875965Z > Task :app:generateDebugResValues UP-TO-DATE
mobile	Run reactivecircus/android-emulator-runner@v2	2026-10-03T12:14:53.5878746Z > Task :app:mapDebugSourceSetPaths UP-TO-DATE
mobile	Run reactivecircus/android-emulator-runner@v2	2026-10-03T12:14:53.5881865Z > Task :app:generateDebugResources UP-TO-DATE
mobile	Run reactivecircus/android-emulator-runner@v2	2026-10-03T12:14:53.5883026Z > Task :app:mergeDebugResources UP-TO-DATE
mobile	Run reactivecircus/android-emulator-runner@v2	2026-10-03T12:14:53.5884288Z > Task :app:packageDebugResources UP-TO-DATE
mobile	Run reactivecircus/android-emulator-runner@v2	2026-10-03T12:14:53.6849874Z > Task :app:parseDebugLocalResources UP-TO-DATE
mobile	Run reactivecircus/android-emulator-runner@v2	2026-10-03T12:14:53.6865941Z > Task :app:createDebugCompatibleScreenManifests UP-TO-DATE
mobile	Run reactivecircus/android-emulator-runner@v2	2026-10-03T12:14:53.6870635Z > Task :app:extractDeepLinksDebug UP-TO-DATE
mobile	Run reactivecircus/android-emulator-runner@v2	2026-10-03T12:14:53.6871462Z > Task :app:processDebugMainManifest UP-TO-DATE
mobile	Run reactivecircus/android-emulator-runner@v2	2026-10-03T12:14:53.6872390Z > Task :app:processDebugManifest UP-TO-DATE
mobile	Run reactivecircus/android-emulator-runner@v2	2026-10-03T12:14:53.6873253Z > Task :app:processDebugManifestForPackage UP-TO-DATE
mobile	Run reactivecircus/android-emulator-runner@v2	2026-10-03T12:14:53.8885784Z > Task :app:processDebugResources UP-TO-DATE
mobile	Run reactivecircus/android-emulator-runner@v2	2026-10-03T12:14:53.9841770Z > Task :app:compileDebugKotlin UP-TO-DATE
mobile	Run reactivecircus/android-emulator-runner@v2	2026-10-03T12:14:53.9855582Z > Task :app:javaPreCompileDebug UP-TO-DATE
mobile	Run reactivecircus/android-emulator-runner@v2	2026-10-03T12:14:53.9856825Z > Task :app:compileDebugJavaWithJavac NO-SOURCE
mobile	Run reactivecircus/android-emulator-runner@v2	2026-10-03T12:14:54.0867948Z > Task :app:mergeDebugShaders UP-TO-DATE
mobile	Run reactivecircus/android-emulator-runner@v2	2026-10-03T12:14:54.0868929Z > Task :app:compileDebugShaders NO-SOURCE
mobile	Run reactivecircus/android-emulator-runner@v2	2026-10-03T12:14:54.0869710Z > Task :app:generateDebugAssets UP-TO-DATE
mobile	Run reactivecircus/android-emulator-runner@v2	2026-10-03T12:14:54.0870422Z > Task :app:mergeDebugAssets UP-TO-DATE
mobile	Run reactivecircus/android-emulator-runner@v2	2026-10-03T12:14:54.0871140Z > Task :app:compressDebugAssets UP-TO-DATE
mobile	Run reactivecircus/android-emulator-runner@v2	2026-10-03T12:14:54.0872213Z > Task :app:desugarDebugFileDependencies UP-TO-DATE
mobile	Run reactivecircus/android-emulator-runner@v2	2026-10-03T12:14:54.0872929Z > Task :app:dexBuilderDebug UP-TO-DATE
mobile	Run reactivecircus/android-emulator-runner@v2	2026-10-03T12:14:54.2855338Z > Task :app:mergeDebugGlobalSynthetics UP-TO-DATE
mobile	Run reactivecircus/android-emulator-runner@v2	2026-10-03T12:14:54.2885412Z > Task :app:processDebugJavaRes UP-TO-DATE
mobile	Run reactivecircus/android-emulator-runner@v2	2026-10-03T12:14:54.2915354Z > Task :app:mergeDebugJavaResource UP-TO-DATE
mobile	Run reactivecircus/android-emulator-runner@v2	2026-10-03T12:14:54.2945499Z > Task :app:checkDebugDuplicateClasses UP-TO-DATE
mobile	Run reactivecircus/android-emulator-runner@v2	2026-10-03T12:14:54.3865715Z > Task :app:mergeExtDexDebug UP-TO-DATE
mobile	Run reactivecircus/android-emulator-runner@v2	2026-10-03T12:14:54.3866548Z > Task :app:mergeLibDexDebug UP-TO-DATE
mobile	Run reactivecircus/android-emulator-runner@v2	2026-10-03T12:14:54.3867158Z > Task :app:mergeProjectDexDebug UP-TO-DATE
mobile	Run reactivecircus/android-emulator-runner@v2	2026-10-03T12:14:54.3867818Z > Task :app:mergeDebugJniLibFolders UP-TO-DATE
mobile	Run reactivecircus/android-emulator-runner@v2	2026-10-03T12:14:54.4855614Z > Task :app:mergeDebugNativeLibs UP-TO-DATE
mobile	Run reactivecircus/android-emulator-runner@v2	2026-10-03T12:14:54.4886423Z > Task :app:stripDebugDebugSymbols UP-TO-DATE
mobile	Run reactivecircus/android-emulator-runner@v2	2026-10-03T12:14:54.4887367Z > Task :app:validateSigningDebug UP-TO-DATE
mobile	Run reactivecircus/android-emulator-runner@v2	2026-10-03T12:14:54.4888264Z > Task :app:writeDebugAppMetadata UP-TO-DATE
mobile	Run reactivecircus/android-emulator-runner@v2	2026-10-03T12:14:54.4889196Z > Task :app:writeDebugSigningConfigVersions UP-TO-DATE
mobile	Run reactivecircus/android-emulator-runner@v2	2026-10-03T12:14:54.4890040Z > Task :app:packageDebug UP-TO-DATE
mobile	Run reactivecircus/android-emulator-runner@v2	2026-10-03T12:14:54.4890890Z > Task :app:createDebugApkListingFileRedirect UP-TO-DATE
mobile	Run reactivecircus/android-emulator-runner@v2	2026-10-03T12:14:54.4891655Z > Task :app:assembleDebug UP-TO-DATE
mobile	Run reactivecircus/android-emulator-runner@v2	2026-10-03T12:14:54.4892405Z > Task :app:bundleDebugClassesToCompileJar UP-TO-DATE
mobile	Run reactivecircus/android-emulator-runner@v2	2026-10-03T12:14:54.4893270Z > Task :app:preDebugAndroidTestBuild SKIPPED
mobile	Run reactivecircus/android-emulator-runner@v2	2026-10-03T12:14:54.4894182Z > Task :app:checkDebugAndroidTestAarMetadata UP-TO-DATE
mobile	Run reactivecircus/android-emulator-runner@v2	2026-10-03T12:14:54.4895484Z > Task :app:generateDebugAndroidTestResValues UP-TO-DATE
mobile	Run reactivecircus/android-emulator-runner@v2	2026-10-03T12:14:54.4896458Z > Task :app:mapDebugAndroidTestSourceSetPaths UP-TO-DATE
mobile	Run reactivecircus/android-emulator-runner@v2	2026-10-03T12:14:54.4897431Z > Task :app:generateDebugAndroidTestResources UP-TO-DATE
mobile	Run reactivecircus/android-emulator-runner@v2	2026-10-03T12:14:54.4898325Z > Task :app:mergeDebugAndroidTestResources UP-TO-DATE
mobile	Run reactivecircus/android-emulator-runner@v2	2026-10-03T12:14:54.5845626Z > Task :app:processDebugAndroidTestManifest
mobile	Run reactivecircus/android-emulator-runner@v2	2026-10-03T12:14:54.6855675Z > Task :app:javaPreCompileDebugAndroidTest UP-TO-DATE
mobile	Run reactivecircus/android-emulator-runner@v2	2026-10-03T12:14:54.6905465Z > Task :app:mergeDebugAndroidTestShaders UP-TO-DATE
mobile	Run reactivecircus/android-emulator-runner@v2	2026-10-03T12:14:54.6906354Z > Task :app:compileDebugAndroidTestShaders NO-SOURCE
mobile	Run reactivecircus/android-emulator-runner@v2	2026-10-03T12:14:54.6907278Z > Task :app:generateDebugAndroidTestAssets UP-TO-DATE
mobile	Run reactivecircus/android-emulator-runner@v2	2026-10-03T12:14:54.6908158Z > Task :app:mergeDebugAndroidTestAssets UP-TO-DATE
mobile	Run reactivecircus/android-emulator-runner@v2	2026-10-03T12:14:54.6909047Z > Task :app:compressDebugAndroidTestAssets UP-TO-DATE
mobile	Run reactivecircus/android-emulator-runner@v2	2026-10-03T12:14:54.6910021Z > Task :app:desugarDebugAndroidTestFileDependencies UP-TO-DATE
mobile	Run reactivecircus/android-emulator-runner@v2	2026-10-03T12:14:54.6911086Z > Task :app:checkDebugAndroidTestDuplicateClasses UP-TO-DATE
mobile	Run reactivecircus/android-emulator-runner@v2	2026-10-03T12:14:54.6915251Z > Task :app:mergeExtDexDebugAndroidTest UP-TO-DATE
mobile	Run reactivecircus/android-emulator-runner@v2	2026-10-03T12:14:54.6935134Z > Task :app:mergeLibDexDebugAndroidTest UP-TO-DATE
mobile	Run reactivecircus/android-emulator-runner@v2	2026-10-03T12:14:54.6945415Z > Task :app:mergeDebugAndroidTestJniLibFolders UP-TO-DATE
mobile	Run reactivecircus/android-emulator-runner@v2	2026-10-03T12:14:54.6975268Z > Task :app:mergeDebugAndroidTestNativeLibs NO-SOURCE
mobile	Run reactivecircus/android-emulator-runner@v2	2026-10-03T12:14:54.6995272Z > Task :app:stripDebugAndroidTestDebugSymbols NO-SOURCE
mobile	Run reactivecircus/android-emulator-runner@v2	2026-10-03T12:14:54.7005474Z > Task :app:validateSigningDebugAndroidTest UP-TO-DATE
mobile	Run reactivecircus/android-emulator-runner@v2	2026-10-03T12:14:54.7065374Z > Task :app:writeDebugAndroidTestSigningConfigVersions UP-TO-DATE
mobile	Run reactivecircus/android-emulator-runner@v2	2026-10-03T12:14:54.9903427Z > Task :app:processDebugAndroidTestResources
mobile	Run reactivecircus/android-emulator-runner@v2	2026-10-03T12:14:55.0875470Z > Task :app:compileDebugAndroidTestKotlin UP-TO-DATE
mobile	Run reactivecircus/android-emulator-runner@v2	2026-10-03T12:14:55.0880675Z > Task :app:compileDebugAndroidTestJavaWithJavac NO-SOURCE
mobile	Run reactivecircus/android-emulator-runner@v2	2026-10-03T12:14:55.0881350Z > Task :app:dexBuilderDebugAndroidTest UP-TO-DATE
mobile	Run reactivecircus/android-emulator-runner@v2	2026-10-03T12:14:55.0881948Z > Task :app:mergeDebugAndroidTestGlobalSynthetics UP-TO-DATE
mobile	Run reactivecircus/android-emulator-runner@v2	2026-10-03T12:14:55.0882553Z > Task :app:processDebugAndroidTestJavaRes UP-TO-DATE
mobile	Run reactivecircus/android-emulator-runner@v2	2026-10-03T12:14:55.0883531Z > Task :app:mergeDebugAndroidTestJavaResource UP-TO-DATE
mobile	Run reactivecircus/android-emulator-runner@v2	2026-10-03T12:14:55.0884105Z > Task :app:mergeProjectDexDebugAndroidTest UP-TO-DATE
mobile	Run reactivecircus/android-emulator-runner@v2	2026-10-03T12:14:55.3842846Z > Task :app:packageDebugAndroidTest
mobile	Run reactivecircus/android-emulator-runner@v2	2026-10-03T12:14:55.3881809Z > Task :app:createDebugAndroidTestApkListingFileRedirect UP-TO-DATE
mobile	Run reactivecircus/android-emulator-runner@v2	2026-10-03T12:14:55.3895407Z > Task :app:assembleDebugAndroidTest
mobile	Run reactivecircus/android-emulator-runner@v2	2026-10-03T12:14:55.3895974Z 
mobile	Run reactivecircus/android-emulator-runner@v2	2026-10-03T12:14:55.3896377Z BUILD SUCCESSFUL in 12s
mobile	Run reactivecircus/android-emulator-runner@v2	2026-10-03T12:14:55.3897110Z 62 actionable tasks: 3 executed, 59 up-to-date
mobile	Run reactivecircus/android-emulator-runner@v2	2026-10-03T12:14:55.5475094Z + adb -s emulator-5554 install -r /home/runner/work/IM-platform/IM-platform/clients/mobile/app/build/outputs/apk/debug/app-debug.apk
mobile	Run reactivecircus/android-emulator-runner@v2	2026-10-03T12:14:55.7573199Z Performing Streamed Install
mobile	Run reactivecircus/android-emulator-runner@v2	2026-10-03T12:14:55.7574094Z Success
mobile	Run reactivecircus/android-emulator-runner@v2	2026-10-03T12:14:55.7576201Z + adb -s emulator-5554 install -r /home/runner/work/IM-platform/IM-platform/clients/mobile/app/build/outputs/apk/androidTest/debug/app-debug-androidTest.apk
mobile	Run reactivecircus/android-emulator-runner@v2	2026-10-03T12:14:55.9157383Z Performing Streamed Install
mobile	Run reactivecircus/android-emulator-runner@v2	2026-10-03T12:14:55.9158296Z Success
mobile	Run reactivecircus/android-emulator-runner@v2	2026-10-03T12:14:56.1324812Z + adb -s emulator-5554 reverse tcp:32865 tcp:32865
mobile	Run reactivecircus/android-emulator-runner@v2	2026-10-03T12:14:56.1351176Z 32865
mobile	Run reactivecircus/android-emulator-runner@v2	2026-10-03T12:14:56.1355475Z + actual API34 SendInstrumentation with private TLS fixture
mobile	Run reactivecircus/android-emulator-runner@v2	2026-10-03T12:15:00.8693479Z 
mobile	Run reactivecircus/android-emulator-runner@v2	2026-10-03T12:15:00.8705657Z INSTRUMENTATION_RESULT: assertions=66
mobile	Run reactivecircus/android-emulator-runner@v2	2026-10-03T12:15:00.8706734Z INSTRUMENTATION_RESULT: engine=actual Android SDK SQLite + standard verified TLS WSS + StateFlow
mobile	Run reactivecircus/android-emulator-runner@v2	2026-10-03T12:15:00.8707677Z INSTRUMENTATION_RESULT: result=PASS
mobile	Run reactivecircus/android-emulator-runner@v2	2026-10-03T12:15:00.8708213Z INSTRUMENTATION_RESULT: sdkInt=34
mobile	Run reactivecircus/android-emulator-runner@v2	2026-10-03T12:15:00.8708695Z INSTRUMENTATION_CODE: -1
mobile	Run reactivecircus/android-emulator-runner@v2	2026-10-03T12:15:00.8708939Z 
mobile	Run reactivecircus/android-emulator-runner@v2	2026-10-03T12:15:00.8709259Z + adb -s emulator-5554 reverse --remove tcp:32865
mobile	Run reactivecircus/android-emulator-runner@v2	2026-10-03T12:15:00.8722973Z PASS: controlled TLS fixture actual client behavior; this is distinct from Go durable-ACK E2E
mobile	Run reactivecircus/android-emulator-runner@v2	2026-10-03T12:15:00.8813044Z ##[group]Terminate Emulator
mobile	Run reactivecircus/android-emulator-runner@v2	2026-10-03T12:15:00.8832200Z [command]/usr/local/lib/android/sdk/platform-tools/adb -s emulator-5554 emu kill
mobile	Run reactivecircus/android-emulator-runner@v2	2026-10-03T12:15:00.8866927Z OK: killing emulator, bye bye
mobile	Run reactivecircus/android-emulator-runner@v2	2026-10-03T12:15:00.8867530Z OK
mobile	Run reactivecircus/android-emulator-runner@v2	2026-10-03T12:15:00.8872607Z INFO         | Wait for emulator (pid 2835) 20 seconds to shutdown gracefully before kill;you can set environment variable ANDROID_EMULATOR_WAIT_TIME_BEFORE_KILL(in seconds) to change the default value (20 seconds)
mobile	Run reactivecircus/android-emulator-runner@v2	2026-10-03T12:15:00.8873778Z 
mobile	Run reactivecircus/android-emulator-runner@v2	2026-10-03T12:15:00.8874117Z ##[endgroup]
mobile	Run reactivecircus/android-emulator-runner@v2	2026-10-03T12:15:00.8945321Z USER_INFO    | Snapshots have been disabled by the user, save request is ignored.
mobile	Run reactivecircus/android-emulator-runner@v2	2026-10-03T12:15:00.8956106Z INFO         | Saving snapshot 'default_boot' took 0 ms
mobile	Run reactivecircus/android-emulator-runner@v2	2026-10-03T12:15:01.6439305Z ERROR        | stop: Not implemented
mobile	Run reactivecircus/android-emulator-runner@v2	2026-10-03T12:15:01.6440691Z WARNING      | Emulator client has not yet been configured.. Call configure me first!
mobile	Run reactivecircus/android-emulator-runner@v2	2026-10-03T12:15:01.6574117Z INFO         | removeAll
mobile	Run reactivecircus/android-emulator-runner@v2	2026-10-03T12:15:01.6992520Z WARNING      | Netsim Wifi dns:///localhost:40291 is gone due to Stream removed (CANCELLED)
mobile	Post Run actions/setup-java@v4	﻿2026-10-03T12:15:02.3255303Z Post job cleanup.
mobile	Post Run actions/setup-java@v4	2026-10-03T12:15:02.4657690Z (node:3837) [DEP0040] DeprecationWarning: The `punycode` module is deprecated. Please use a userland alternative instead.
mobile	Post Run actions/setup-java@v4	2026-10-03T12:15:02.4659133Z (Use `node --trace-deprecation ...` to show where the warning was created)
mobile	Post Run actions/checkout@v4	﻿2026-10-03T12:15:02.4869148Z Post job cleanup.
mobile	Post Run actions/checkout@v4	2026-10-03T12:15:02.5841678Z [command]/usr/bin/git version
mobile	Post Run actions/checkout@v4	2026-10-03T12:15:02.5888031Z git version 2.55.0
mobile	Post Run actions/checkout@v4	2026-10-03T12:15:02.5932136Z Temporarily overriding HOME='/home/runner/work/_temp/6ed4b2c3-dd26-4dc0-a34b-a07b0aedfb6e' before making global git config changes
mobile	Post Run actions/checkout@v4	2026-10-03T12:15:02.5933939Z Adding repository directory to the temporary git global config as a safe directory
mobile	Post Run actions/checkout@v4	2026-10-03T12:15:02.5938507Z [command]/usr/bin/git config --global --add safe.directory /home/runner/work/IM-platform/IM-platform
mobile	Post Run actions/checkout@v4	2026-10-03T12:15:02.5977702Z [command]/usr/bin/git config --local --name-only --get-regexp core\.sshCommand
mobile	Post Run actions/checkout@v4	2026-10-03T12:15:02.6014057Z [command]/usr/bin/git submodule foreach --recursive sh -c "git config --local --name-only --get-regexp 'core\.sshCommand' && git config --local --unset-all 'core.sshCommand' || :"
mobile	Post Run actions/checkout@v4	2026-10-03T12:15:02.6376731Z [command]/usr/bin/git config --local --name-only --get-regexp http\.https\:\/\/github\.com\/\.extraheader
mobile	Post Run actions/checkout@v4	2026-10-03T12:15:02.6416667Z http.https://github.com/.extraheader
mobile	Post Run actions/checkout@v4	2026-10-03T12:15:02.6437792Z [command]/usr/bin/git config --local --unset-all http.https://github.com/.extraheader
mobile	Post Run actions/checkout@v4	2026-10-03T12:15:02.6509822Z [command]/usr/bin/git submodule foreach --recursive sh -c "git config --local --name-only --get-regexp 'http\.https\:\/\/github\.com\/\.extraheader' && git config --local --unset-all 'http.https://github.com/.extraheader' || :"
mobile	Post Run actions/checkout@v4	2026-10-03T12:15:02.6797852Z [command]/usr/bin/git config --local --name-only --get-regexp ^includeIf\.gitdir:
mobile	Post Run actions/checkout@v4	2026-10-03T12:15:02.6879308Z [command]/usr/bin/git submodule foreach --recursive git config --local --show-origin --name-only --get-regexp remote.origin.url
mobile	Complete job	﻿2026-10-03T12:15:02.7259095Z Cleaning up orphan processes
mobile	Complete job	2026-10-03T12:15:02.7632491Z Terminate orphan process: pid (2997) (adb)
mobile	Complete job	2026-10-03T12:15:02.7712546Z Terminate orphan process: pid (3828) (emulator)
mobile	Complete job	2026-10-03T12:15:02.7727540Z ##[warning]Node.js 20 is deprecated. The following actions target Node.js 20 but are being forced to run on Node.js 24: actions/checkout@v4, actions/setup-java@v4, android-actions/setup-android@v3. For more information see: https://github.blog/changelog/2025-09-19-deprecation-of-node-20-on-github-actions-runners/
