mobile	Set up job	﻿2026-10-03T16:04:52.5491255Z Current runner version: '2.337.0'
mobile	Set up job	2026-10-03T16:04:52.5511656Z ##[group]Runner Image Provisioner
mobile	Set up job	2026-10-03T16:04:52.5512250Z Hosted Compute Agent
mobile	Set up job	2026-10-03T16:04:52.5512650Z Version: 20260901.588
mobile	Set up job	2026-10-03T16:04:52.5513081Z Commit: f88ec8081b781fac6c440065ac7ff9e710ce3d0b
mobile	Set up job	2026-10-03T16:04:52.5513558Z Build Date: 2026-09-01T19:56:44Z
mobile	Set up job	2026-10-03T16:04:52.5514040Z Worker ID: {6661433f-05c1-4186-b405-693f48aebeba}
mobile	Set up job	2026-10-03T16:04:52.5514478Z Azure Region: centralus
mobile	Set up job	2026-10-03T16:04:52.5514823Z ##[endgroup]
mobile	Set up job	2026-10-03T16:04:52.5515680Z ##[group]Operating System
mobile	Set up job	2026-10-03T16:04:52.5516082Z Ubuntu
mobile	Set up job	2026-10-03T16:04:52.5516748Z 24.04.5
mobile	Set up job	2026-10-03T16:04:52.5517080Z LTS
mobile	Set up job	2026-10-03T16:04:52.5517394Z ##[endgroup]
mobile	Set up job	2026-10-03T16:04:52.5517765Z ##[group]Runner Image
mobile	Set up job	2026-10-03T16:04:52.5518297Z Image: ubuntu-24.04
mobile	Set up job	2026-10-03T16:04:52.5518694Z Version: 20260927.320.1
mobile	Set up job	2026-10-03T16:04:52.5519334Z Included Software: https://github.com/actions/runner-images/blob/ubuntu24/20260927.320/images/ubuntu/Ubuntu2404-Readme.md
mobile	Set up job	2026-10-03T16:04:52.5520407Z Image Release: https://github.com/actions/runner-images/releases/tag/ubuntu24%2F20260927.320
mobile	Set up job	2026-10-03T16:04:52.5521006Z ##[endgroup]
mobile	Set up job	2026-10-03T16:04:52.5521732Z ##[group]GITHUB_TOKEN Permissions
mobile	Set up job	2026-10-03T16:04:52.5523281Z Contents: read
mobile	Set up job	2026-10-03T16:04:52.5523671Z Metadata: read
mobile	Set up job	2026-10-03T16:04:52.5524055Z ##[endgroup]
mobile	Set up job	2026-10-03T16:04:52.5525559Z Secret source: Actions
mobile	Set up job	2026-10-03T16:04:52.5526191Z Cache mode: write
mobile	Set up job	2026-10-03T16:04:52.5526639Z Prepare workflow directory
mobile	Set up job	2026-10-03T16:04:52.5760042Z Prepare all required actions
mobile	Set up job	2026-10-03T16:04:52.5794322Z Getting action download info
mobile	Set up job	2026-10-03T16:04:52.8395020Z Download action repository 'actions/checkout@v4' (SHA:11d5960a326750d5838078e36cf38b85af677262)
mobile	Set up job	2026-10-03T16:04:52.9346759Z Download action repository 'actions/setup-java@v4' (SHA:cf277c60eb25467037889841efdb72551f06f6c3)
mobile	Set up job	2026-10-03T16:04:53.5018611Z Download action repository 'android-actions/setup-android@v3' (SHA:9fc6c4e9069bf8d3d10b2204b1fb8f6ef7065407)
mobile	Set up job	2026-10-03T16:04:53.7947961Z Download action repository 'reactivecircus/android-emulator-runner@v2' (SHA:a421e43855164a8197daf9d8d40fe71c6996bb0d)
mobile	Set up job	2026-10-03T16:04:54.2696703Z Complete job name: mobile
mobile	Run actions/checkout@v4	﻿2026-10-03T16:04:54.3311695Z ##[group]Run actions/checkout@v4
mobile	Run actions/checkout@v4	2026-10-03T16:04:54.3312731Z with:
mobile	Run actions/checkout@v4	2026-10-03T16:04:54.3313401Z   ref: 8bcc7321bba05a70404d1e16bbd2fa0465da696f
mobile	Run actions/checkout@v4	2026-10-03T16:04:54.3314249Z   repository: nilesthump/IM-platform
mobile	Run actions/checkout@v4	2026-10-03T16:04:54.3320265Z   token: ***
mobile	Run actions/checkout@v4	2026-10-03T16:04:54.3320875Z   ssh-strict: true
mobile	Run actions/checkout@v4	2026-10-03T16:04:54.3321514Z   ssh-user: git
mobile	Run actions/checkout@v4	2026-10-03T16:04:54.3322153Z   persist-credentials: true
mobile	Run actions/checkout@v4	2026-10-03T16:04:54.3322834Z   clean: true
mobile	Run actions/checkout@v4	2026-10-03T16:04:54.3323535Z   sparse-checkout-cone-mode: true
mobile	Run actions/checkout@v4	2026-10-03T16:04:54.3324258Z   fetch-depth: 1
mobile	Run actions/checkout@v4	2026-10-03T16:04:54.3324861Z   fetch-tags: false
mobile	Run actions/checkout@v4	2026-10-03T16:04:54.3325556Z   show-progress: true
mobile	Run actions/checkout@v4	2026-10-03T16:04:54.3326237Z   lfs: false
mobile	Run actions/checkout@v4	2026-10-03T16:04:54.3326921Z   submodules: false
mobile	Run actions/checkout@v4	2026-10-03T16:04:54.3327560Z   set-safe-directory: true
mobile	Run actions/checkout@v4	2026-10-03T16:04:54.3328371Z   allow-unsafe-pr-checkout: false
mobile	Run actions/checkout@v4	2026-10-03T16:04:54.3329248Z ##[endgroup]
mobile	Run actions/checkout@v4	2026-10-03T16:04:54.4139713Z Syncing repository: nilesthump/IM-platform
mobile	Run actions/checkout@v4	2026-10-03T16:04:54.4142128Z ##[group]Getting Git version info
mobile	Run actions/checkout@v4	2026-10-03T16:04:54.4143615Z Working directory is '/home/runner/work/IM-platform/IM-platform'
mobile	Run actions/checkout@v4	2026-10-03T16:04:54.4145052Z [command]/usr/bin/git version
mobile	Run actions/checkout@v4	2026-10-03T16:04:54.4196735Z git version 2.55.0
mobile	Run actions/checkout@v4	2026-10-03T16:04:54.4213173Z ##[endgroup]
mobile	Run actions/checkout@v4	2026-10-03T16:04:54.4225141Z Temporarily overriding HOME='/home/runner/work/_temp/a33f7238-f930-4587-9fb4-0ea61846e327' before making global git config changes
mobile	Run actions/checkout@v4	2026-10-03T16:04:54.4227300Z Adding repository directory to the temporary git global config as a safe directory
mobile	Run actions/checkout@v4	2026-10-03T16:04:54.4229465Z [command]/usr/bin/git config --global --add safe.directory /home/runner/work/IM-platform/IM-platform
mobile	Run actions/checkout@v4	2026-10-03T16:04:54.4279907Z Deleting the contents of '/home/runner/work/IM-platform/IM-platform'
mobile	Run actions/checkout@v4	2026-10-03T16:04:54.4287768Z ##[group]Initializing the repository
mobile	Run actions/checkout@v4	2026-10-03T16:04:54.4296319Z [command]/usr/bin/git init /home/runner/work/IM-platform/IM-platform
mobile	Run actions/checkout@v4	2026-10-03T16:04:54.4412173Z hint: Using 'master' as the name for the initial branch. This default branch name
mobile	Run actions/checkout@v4	2026-10-03T16:04:54.4415079Z hint: will change to "main" in Git 3.0. To configure the initial branch name
mobile	Run actions/checkout@v4	2026-10-03T16:04:54.4416915Z hint: to use in all of your new repositories, which will suppress this warning,
mobile	Run actions/checkout@v4	2026-10-03T16:04:54.4419098Z hint: call:
mobile	Run actions/checkout@v4	2026-10-03T16:04:54.4420027Z hint:
mobile	Run actions/checkout@v4	2026-10-03T16:04:54.4421146Z hint: 	git config --global init.defaultBranch <name>
mobile	Run actions/checkout@v4	2026-10-03T16:04:54.4422398Z hint:
mobile	Run actions/checkout@v4	2026-10-03T16:04:54.4423563Z hint: Names commonly chosen instead of 'master' are 'main', 'trunk' and
mobile	Run actions/checkout@v4	2026-10-03T16:04:54.4424946Z hint: 'development'. The just-created branch can be renamed via this command:
mobile	Run actions/checkout@v4	2026-10-03T16:04:54.4425981Z hint:
mobile	Run actions/checkout@v4	2026-10-03T16:04:54.4426610Z hint: 	git branch -m <name>
mobile	Run actions/checkout@v4	2026-10-03T16:04:54.4427283Z hint:
mobile	Run actions/checkout@v4	2026-10-03T16:04:54.4428481Z hint: Disable this message with "git config set advice.defaultBranchName false"
mobile	Run actions/checkout@v4	2026-10-03T16:04:54.4430497Z Initialized empty Git repository in /home/runner/work/IM-platform/IM-platform/.git/
mobile	Run actions/checkout@v4	2026-10-03T16:04:54.4434647Z [command]/usr/bin/git remote add origin https://github.com/nilesthump/IM-platform
mobile	Run actions/checkout@v4	2026-10-03T16:04:54.4474304Z ##[endgroup]
mobile	Run actions/checkout@v4	2026-10-03T16:04:54.4476043Z ##[group]Disabling automatic garbage collection
mobile	Run actions/checkout@v4	2026-10-03T16:04:54.4483833Z [command]/usr/bin/git config --local gc.auto 0
mobile	Run actions/checkout@v4	2026-10-03T16:04:54.4522364Z ##[endgroup]
mobile	Run actions/checkout@v4	2026-10-03T16:04:54.4524129Z ##[group]Setting up auth
mobile	Run actions/checkout@v4	2026-10-03T16:04:54.4526985Z [command]/usr/bin/git config --local --name-only --get-regexp core\.sshCommand
mobile	Run actions/checkout@v4	2026-10-03T16:04:54.4564973Z [command]/usr/bin/git submodule foreach --recursive sh -c "git config --local --name-only --get-regexp 'core\.sshCommand' && git config --local --unset-all 'core.sshCommand' || :"
mobile	Run actions/checkout@v4	2026-10-03T16:04:54.4890851Z [command]/usr/bin/git config --local --name-only --get-regexp http\.https\:\/\/github\.com\/\.extraheader
mobile	Run actions/checkout@v4	2026-10-03T16:04:54.4920896Z [command]/usr/bin/git submodule foreach --recursive sh -c "git config --local --name-only --get-regexp 'http\.https\:\/\/github\.com\/\.extraheader' && git config --local --unset-all 'http.https://github.com/.extraheader' || :"
mobile	Run actions/checkout@v4	2026-10-03T16:04:54.5105048Z [command]/usr/bin/git config --local --name-only --get-regexp ^includeIf\.gitdir:
mobile	Run actions/checkout@v4	2026-10-03T16:04:54.5136298Z [command]/usr/bin/git submodule foreach --recursive git config --local --show-origin --name-only --get-regexp remote.origin.url
mobile	Run actions/checkout@v4	2026-10-03T16:04:54.5336340Z [command]/usr/bin/git config --local http.https://github.com/.extraheader AUTHORIZATION: basic ***
mobile	Run actions/checkout@v4	2026-10-03T16:04:54.5795969Z ##[endgroup]
mobile	Run actions/checkout@v4	2026-10-03T16:04:54.5798016Z ##[group]Fetching the repository
mobile	Run actions/checkout@v4	2026-10-03T16:04:54.5805635Z [command]/usr/bin/git -c protocol.version=2 fetch --no-tags --prune --no-recurse-submodules --depth=1 origin 8bcc7321bba05a70404d1e16bbd2fa0465da696f
mobile	Run actions/checkout@v4	2026-10-03T16:04:56.8956243Z From https://github.com/nilesthump/IM-platform
mobile	Run actions/checkout@v4	2026-10-03T16:04:56.8957828Z  * branch            8bcc7321bba05a70404d1e16bbd2fa0465da696f -> FETCH_HEAD
mobile	Run actions/checkout@v4	2026-10-03T16:04:56.8962027Z ##[endgroup]
mobile	Run actions/checkout@v4	2026-10-03T16:04:56.8962496Z ##[group]Determining the checkout info
mobile	Run actions/checkout@v4	2026-10-03T16:04:56.8962987Z ##[endgroup]
mobile	Run actions/checkout@v4	2026-10-03T16:04:56.9022422Z [command]/usr/bin/git sparse-checkout disable
mobile	Run actions/checkout@v4	2026-10-03T16:04:56.9030176Z [command]/usr/bin/git config --local --unset-all extensions.worktreeConfig
mobile	Run actions/checkout@v4	2026-10-03T16:04:56.9052107Z ##[group]Checking out the ref
mobile	Run actions/checkout@v4	2026-10-03T16:04:56.9055778Z [command]/usr/bin/git checkout --progress --force 8bcc7321bba05a70404d1e16bbd2fa0465da696f
mobile	Run actions/checkout@v4	2026-10-03T16:04:57.3426155Z Note: switching to '8bcc7321bba05a70404d1e16bbd2fa0465da696f'.
mobile	Run actions/checkout@v4	2026-10-03T16:04:57.3426776Z 
mobile	Run actions/checkout@v4	2026-10-03T16:04:57.3427027Z You are in 'detached HEAD' state. You can look around, make experimental
mobile	Run actions/checkout@v4	2026-10-03T16:04:57.3427491Z changes and commit them, and you can discard any commits you make in this
mobile	Run actions/checkout@v4	2026-10-03T16:04:57.3427970Z state without impacting any branches by switching back to a branch.
mobile	Run actions/checkout@v4	2026-10-03T16:04:57.3429042Z 
mobile	Run actions/checkout@v4	2026-10-03T16:04:57.3429319Z If you want to create a new branch to retain commits you create, you may
mobile	Run actions/checkout@v4	2026-10-03T16:04:57.3429772Z do so (now or later) by using -c with the switch command. Example:
mobile	Run actions/checkout@v4	2026-10-03T16:04:57.3430032Z 
mobile	Run actions/checkout@v4	2026-10-03T16:04:57.3430156Z   git switch -c <new-branch-name>
mobile	Run actions/checkout@v4	2026-10-03T16:04:57.3430332Z 
mobile	Run actions/checkout@v4	2026-10-03T16:04:57.3430464Z Or undo this operation with:
mobile	Run actions/checkout@v4	2026-10-03T16:04:57.3430632Z 
mobile	Run actions/checkout@v4	2026-10-03T16:04:57.3430732Z   git switch -
mobile	Run actions/checkout@v4	2026-10-03T16:04:57.3430893Z 
mobile	Run actions/checkout@v4	2026-10-03T16:04:57.3431116Z Turn off this advice by setting config variable advice.detachedHead to false
mobile	Run actions/checkout@v4	2026-10-03T16:04:57.3431444Z 
mobile	Run actions/checkout@v4	2026-10-03T16:04:57.3431649Z HEAD is now at 8bcc732 docs(sync): complete original Fix prompt evidence archive
mobile	Run actions/checkout@v4	2026-10-03T16:04:57.3453041Z ##[endgroup]
mobile	Run actions/checkout@v4	2026-10-03T16:04:57.3495288Z [command]/usr/bin/git log -1 --format=%H
mobile	Run actions/checkout@v4	2026-10-03T16:04:57.3517523Z 8bcc7321bba05a70404d1e16bbd2fa0465da696f
mobile	Run actions/setup-java@v4	﻿2026-10-03T16:04:57.3720889Z ##[group]Run actions/setup-java@v4
mobile	Run actions/setup-java@v4	2026-10-03T16:04:57.3721135Z with:
mobile	Run actions/setup-java@v4	2026-10-03T16:04:57.3721334Z   distribution: temurin
mobile	Run actions/setup-java@v4	2026-10-03T16:04:57.3721496Z   java-version: 17
mobile	Run actions/setup-java@v4	2026-10-03T16:04:57.3721649Z   java-package: jdk
mobile	Run actions/setup-java@v4	2026-10-03T16:04:57.3721806Z   check-latest: false
mobile	Run actions/setup-java@v4	2026-10-03T16:04:57.3721962Z   server-id: github
mobile	Run actions/setup-java@v4	2026-10-03T16:04:57.3722140Z   server-username: GITHUB_ACTOR
mobile	Run actions/setup-java@v4	2026-10-03T16:04:57.3722324Z   server-password: GITHUB_TOKEN
mobile	Run actions/setup-java@v4	2026-10-03T16:04:57.3722506Z   overwrite-settings: true
mobile	Run actions/setup-java@v4	2026-10-03T16:04:57.3722674Z   job-status: success
mobile	Run actions/setup-java@v4	2026-10-03T16:04:57.3724163Z   token: ***
mobile	Run actions/setup-java@v4	2026-10-03T16:04:57.3724321Z ##[endgroup]
mobile	Run actions/setup-java@v4	2026-10-03T16:04:57.4863582Z ##[warning]setup-java v4 is deprecated and will no longer receive updates. Please migrate to actions/setup-java@v5.
mobile	Run actions/setup-java@v4	2026-10-03T16:04:57.4868784Z ##[group]Installed distributions
mobile	Run actions/setup-java@v4	2026-10-03T16:04:57.4987997Z Resolved Java 17.0.20+1 from tool-cache
mobile	Run actions/setup-java@v4	2026-10-03T16:04:57.4988568Z Setting Java 17.0.20+1 as the default
mobile	Run actions/setup-java@v4	2026-10-03T16:04:57.4995738Z (node:2083) [DEP0040] DeprecationWarning: The `punycode` module is deprecated. Please use a userland alternative instead.
mobile	Run actions/setup-java@v4	2026-10-03T16:04:57.4996333Z (Use `node --trace-deprecation ...` to show where the warning was created)
mobile	Run actions/setup-java@v4	2026-10-03T16:04:57.4997986Z Creating toolchains.xml for JDK version 17 from temurin
mobile	Run actions/setup-java@v4	2026-10-03T16:04:57.5045766Z Writing to /home/runner/.m2/toolchains.xml
mobile	Run actions/setup-java@v4	2026-10-03T16:04:57.5046510Z 
mobile	Run actions/setup-java@v4	2026-10-03T16:04:57.5046612Z Java configuration:
mobile	Run actions/setup-java@v4	2026-10-03T16:04:57.5046863Z   Distribution: temurin
mobile	Run actions/setup-java@v4	2026-10-03T16:04:57.5047139Z   Version: 17.0.20+1
mobile	Run actions/setup-java@v4	2026-10-03T16:04:57.5047449Z   Path: /opt/hostedtoolcache/Java_Temurin-Hotspot_jdk/17.0.20-1/x64
mobile	Run actions/setup-java@v4	2026-10-03T16:04:57.5047671Z 
mobile	Run actions/setup-java@v4	2026-10-03T16:04:57.5047946Z ##[endgroup]
mobile	Run actions/setup-java@v4	2026-10-03T16:04:57.5075423Z Creating settings.xml with server-id: github
mobile	Run actions/setup-java@v4	2026-10-03T16:04:57.5098339Z Writing to /home/runner/.m2/settings.xml
mobile	Run android-actions/setup-android@v3	﻿2026-10-03T16:04:57.5249618Z ##[group]Run android-actions/setup-android@v3
mobile	Run android-actions/setup-android@v3	2026-10-03T16:04:57.5250058Z with:
mobile	Run android-actions/setup-android@v3	2026-10-03T16:04:57.5250359Z   packages: platform-tools
mobile	Run android-actions/setup-android@v3	2026-10-03T16:04:57.5250671Z   cmdline-tools-version: 12266719
mobile	Run android-actions/setup-android@v3	2026-10-03T16:04:57.5251032Z   accept-android-sdk-licenses: true
mobile	Run android-actions/setup-android@v3	2026-10-03T16:04:57.5251331Z   log-accepted-android-sdk-licenses: true
mobile	Run android-actions/setup-android@v3	2026-10-03T16:04:57.5251604Z env:
mobile	Run android-actions/setup-android@v3	2026-10-03T16:04:57.5251918Z   JAVA_HOME: /opt/hostedtoolcache/Java_Temurin-Hotspot_jdk/17.0.20-1/x64
mobile	Run android-actions/setup-android@v3	2026-10-03T16:04:57.5252418Z   JAVA_HOME_17_X64: /opt/hostedtoolcache/Java_Temurin-Hotspot_jdk/17.0.20-1/x64
mobile	Run android-actions/setup-android@v3	2026-10-03T16:04:57.5252808Z ##[endgroup]
mobile	Run android-actions/setup-android@v3	2026-10-03T16:04:57.5915317Z Found preinstalled sdkmanager in /usr/local/lib/android/sdk/cmdline-tools/latest with following source.properties:
mobile	Run android-actions/setup-android@v3	2026-10-03T16:04:57.5916136Z Pkg.Revision=12.0
mobile	Run android-actions/setup-android@v3	2026-10-03T16:04:57.5916489Z Pkg.Path=cmdline-tools;12.0
mobile	Run android-actions/setup-android@v3	2026-10-03T16:04:57.5916792Z Pkg.Desc=Android SDK Command-line Tools
mobile	Run android-actions/setup-android@v3	2026-10-03T16:04:57.5917012Z 
mobile	Run android-actions/setup-android@v3	2026-10-03T16:04:57.5917147Z Wrong version in preinstalled sdkmanager
mobile	Run android-actions/setup-android@v3	2026-10-03T16:04:57.5917884Z Downloading commandline tools from https://dl.google.com/android/repository/commandlinetools-linux-12266719_latest.zip
mobile	Run android-actions/setup-android@v3	2026-10-03T16:04:58.4584714Z [command]/usr/bin/unzip -o -q /home/runner/work/_temp/1330af3c-5a32-4094-8c09-24febfb6b689
mobile	Run android-actions/setup-android@v3	2026-10-03T16:04:58.9433759Z Accepting Android SDK licenses
mobile	Run android-actions/setup-android@v3	2026-10-03T16:04:58.9438252Z [command]/usr/local/lib/android/sdk/cmdline-tools/16.0/bin/sdkmanager --licenses
mobile	Run android-actions/setup-android@v3	2026-10-03T16:05:02.2975820Z Loading local repository...                                                     
mobile	Run android-actions/setup-android@v3	2026-10-03T16:05:02.2976734Z [=========                              ] 25% Loading local repository...       
mobile	Run android-actions/setup-android@v3	2026-10-03T16:05:03.4833285Z [=========                              ] 25% Fetch remote repository...        
mobile	Run android-actions/setup-android@v3	2026-10-03T16:05:03.7692953Z [==========                             ] 26% Fetch remote repository...        
mobile	Run android-actions/setup-android@v3	2026-10-03T16:05:03.7693650Z [============                           ] 31% Fetch remote repository...        
mobile	Run android-actions/setup-android@v3	2026-10-03T16:05:03.7929295Z [============                           ] 32% Fetch remote repository...        
mobile	Run android-actions/setup-android@v3	2026-10-03T16:05:03.7929934Z [=============                          ] 33% Fetch remote repository...        
mobile	Run android-actions/setup-android@v3	2026-10-03T16:05:03.8009125Z [=============                          ] 35% Fetch remote repository...        
mobile	Run android-actions/setup-android@v3	2026-10-03T16:05:03.8009865Z [==============                         ] 36% Fetch remote repository...        
mobile	Run android-actions/setup-android@v3	2026-10-03T16:05:03.8080155Z [==============                         ] 37% Fetch remote repository...        
mobile	Run android-actions/setup-android@v3	2026-10-03T16:05:03.8080737Z [===============                        ] 38% Fetch remote repository...        
mobile	Run android-actions/setup-android@v3	2026-10-03T16:05:03.8150086Z [===============                        ] 39% Fetch remote repository...        
mobile	Run android-actions/setup-android@v3	2026-10-03T16:05:03.8167782Z [================                       ] 40% Fetch remote repository...        
mobile	Run android-actions/setup-android@v3	2026-10-03T16:05:03.8247471Z [================                       ] 41% Fetch remote repository...        
mobile	Run android-actions/setup-android@v3	2026-10-03T16:05:03.8253853Z [================                       ] 42% Fetch remote repository...        
mobile	Run android-actions/setup-android@v3	2026-10-03T16:05:03.8333254Z [=================                      ] 44% Fetch remote repository...        
mobile	Run android-actions/setup-android@v3	2026-10-03T16:05:03.8333995Z [=================                      ] 45% Fetch remote repository...        
mobile	Run android-actions/setup-android@v3	2026-10-03T16:05:03.8520145Z [==================                     ] 46% Fetch remote repository...        
mobile	Run android-actions/setup-android@v3	2026-10-03T16:05:03.8521038Z [==================                     ] 47% Fetch remote repository...        
mobile	Run android-actions/setup-android@v3	2026-10-03T16:05:03.8593330Z [===================                    ] 48% Fetch remote repository...        
mobile	Run android-actions/setup-android@v3	2026-10-03T16:05:03.8594016Z [===================                    ] 49% Fetch remote repository...        
mobile	Run android-actions/setup-android@v3	2026-10-03T16:05:03.8690204Z [====================                   ] 50% Fetch remote repository...        
mobile	Run android-actions/setup-android@v3	2026-10-03T16:05:03.8691906Z [====================                   ] 51% Fetch remote repository...        
mobile	Run android-actions/setup-android@v3	2026-10-03T16:05:03.8778864Z [====================                   ] 53% Fetch remote repository...        
mobile	Run android-actions/setup-android@v3	2026-10-03T16:05:03.8780501Z [=====================                  ] 54% Fetch remote repository...        
mobile	Run android-actions/setup-android@v3	2026-10-03T16:05:03.8866033Z [=====================                  ] 55% Fetch remote repository...        
mobile	Run android-actions/setup-android@v3	2026-10-03T16:05:03.8866997Z [======================                 ] 56% Fetch remote repository...        
mobile	Run android-actions/setup-android@v3	2026-10-03T16:05:03.8953209Z [======================                 ] 57% Fetch remote repository...        
mobile	Run android-actions/setup-android@v3	2026-10-03T16:05:03.8979456Z [=======================                ] 58% Fetch remote repository...        
mobile	Run android-actions/setup-android@v3	2026-10-03T16:05:03.9105190Z [=======================                ] 59% Fetch remote repository...        
mobile	Run android-actions/setup-android@v3	2026-10-03T16:05:03.9107557Z [========================               ] 60% Fetch remote repository...        
mobile	Run android-actions/setup-android@v3	2026-10-03T16:05:03.9175296Z [========================               ] 61% Fetch remote repository...        
mobile	Run android-actions/setup-android@v3	2026-10-03T16:05:03.9199126Z [=========================              ] 63% Fetch remote repository...        
mobile	Run android-actions/setup-android@v3	2026-10-03T16:05:03.9242582Z [=========================              ] 64% Fetch remote repository...        
mobile	Run android-actions/setup-android@v3	2026-10-03T16:05:03.9243218Z [=========================              ] 65% Fetch remote repository...        
mobile	Run android-actions/setup-android@v3	2026-10-03T16:05:03.9631445Z [==========================             ] 66% Fetch remote repository...        
mobile	Run android-actions/setup-android@v3	2026-10-03T16:05:03.9632392Z [==========================             ] 67% Fetch remote repository...        
mobile	Run android-actions/setup-android@v3	2026-10-03T16:05:03.9752163Z [===========================            ] 68% Fetch remote repository...        
mobile	Run android-actions/setup-android@v3	2026-10-03T16:05:03.9755867Z [===========================            ] 69% Fetch remote repository...        
mobile	Run android-actions/setup-android@v3	2026-10-03T16:05:03.9816068Z [============================           ] 70% Fetch remote repository...        
mobile	Run android-actions/setup-android@v3	2026-10-03T16:05:03.9816677Z [============================           ] 72% Fetch remote repository...        
mobile	Run android-actions/setup-android@v3	2026-10-03T16:05:04.0061251Z [=============================          ] 73% Fetch remote repository...        
mobile	Run android-actions/setup-android@v3	2026-10-03T16:05:04.0062113Z [=============================          ] 74% Fetch remote repository...        
mobile	Run android-actions/setup-android@v3	2026-10-03T16:05:04.0119446Z [=============================          ] 75% Fetch remote repository...        
mobile	Run android-actions/setup-android@v3	2026-10-03T16:05:04.0197611Z [=============================          ] 75% Computing updates...              
mobile	Run android-actions/setup-android@v3	2026-10-03T16:05:04.0198517Z [=======================================] 100% Computing updates...             
mobile	Run android-actions/setup-android@v3	2026-10-03T16:05:04.0646100Z 6 of 7 SDK package licenses not accepted.
mobile	Run android-actions/setup-android@v3	2026-10-03T16:05:04.0662440Z Review licenses that have not been accepted (y/N)? 
mobile	Run android-actions/setup-android@v3	2026-10-03T16:05:04.0663075Z 1/6: License android-googletv-license:
mobile	Run android-actions/setup-android@v3	2026-10-03T16:05:04.0663596Z ---------------------------------------
mobile	Run android-actions/setup-android@v3	2026-10-03T16:05:04.0698898Z Terms and Conditions
mobile	Run android-actions/setup-android@v3	2026-10-03T16:05:04.0718724Z 
mobile	Run android-actions/setup-android@v3	2026-10-03T16:05:04.0719293Z This is the Google TV Add-on for the Android Software Development Kit License Agreement.
mobile	Run android-actions/setup-android@v3	2026-10-03T16:05:04.0719760Z 
mobile	Run android-actions/setup-android@v3	2026-10-03T16:05:04.0719955Z 1. Introduction
mobile	Run android-actions/setup-android@v3	2026-10-03T16:05:04.0720208Z 
mobile	Run android-actions/setup-android@v3	2026-10-03T16:05:04.0721544Z 1.1 The Google TV Add-on for the Android Software Development Kit (referred to in this License Agreement as the "Google TV Add-on" and specifically including the Android system files, packaged APIs, and Google APIs add-ons) is licensed to you subject to the terms of this License Agreement. This License Agreement forms a legally binding contract between you and Google in relation to your use of the Google TV Add-on.
mobile	Run android-actions/setup-android@v3	2026-10-03T16:05:04.0723157Z 
mobile	Run android-actions/setup-android@v3	2026-10-03T16:05:04.0723727Z 1.2 "Google" means Google Inc., a Delaware corporation with principal place of business at 1600 Amphitheatre Parkway, Mountain View, CA 94043, United States.
mobile	Run android-actions/setup-android@v3	2026-10-03T16:05:04.0724378Z 
mobile	Run android-actions/setup-android@v3	2026-10-03T16:05:04.0724597Z 2. Accepting this License Agreement
mobile	Run android-actions/setup-android@v3	2026-10-03T16:05:04.0724886Z 
mobile	Run android-actions/setup-android@v3	2026-10-03T16:05:04.0725441Z 2.1 In order to use the Google TV Add-on, you must first agree to this License Agreement. You may not use the Google TV Add-on if you do not accept this License Agreement.
mobile	Run android-actions/setup-android@v3	2026-10-03T16:05:04.0726084Z 
mobile	Run android-actions/setup-android@v3	2026-10-03T16:05:04.0726311Z 2.2 You can accept this License Agreement by:
mobile	Run android-actions/setup-android@v3	2026-10-03T16:05:04.0727001Z 
mobile	Run android-actions/setup-android@v3	2026-10-03T16:05:04.0727393Z (A) clicking to accept or agree to this License Agreement, where this option is made available to you; or
mobile	Run android-actions/setup-android@v3	2026-10-03T16:05:04.0727886Z 
mobile	Run android-actions/setup-android@v3	2026-10-03T16:05:04.0728592Z (B) by actually using the Google TV Add-on. In this case, you agree that use of the Google TV Add-on constitutes acceptance of the License Agreement from that point onwards.
mobile	Run android-actions/setup-android@v3	2026-10-03T16:05:04.0729253Z 
mobile	Run android-actions/setup-android@v3	2026-10-03T16:05:04.0730151Z 2.3 You may not use the Google TV Add-on and may not accept the Licensing Agreement if you are a person barred from receiving the Google TV Add-on under the laws of the United States or other countries including the country in which you are resident or from which you use the Google TV Add-on.
mobile	Run android-actions/setup-android@v3	2026-10-03T16:05:04.0731169Z 
mobile	Run android-actions/setup-android@v3	2026-10-03T16:05:04.0732345Z 2.4 If you are agreeing to be bound by this License Agreement on behalf of your employer or other entity, you represent and warrant that you have full legal authority to bind your employer or such entity to this License Agreement. If you do not have the requisite authority, you may not accept the Licensing Agreement or use the Google TV Add-on on behalf of your employer or other entity.
mobile	Run android-actions/setup-android@v3	2026-10-03T16:05:04.0733973Z 
mobile	Run android-actions/setup-android@v3	2026-10-03T16:05:04.0734192Z 3. Google TV Add-on License from Google
mobile	Run android-actions/setup-android@v3	2026-10-03T16:05:04.0734500Z 
mobile	Run android-actions/setup-android@v3	2026-10-03T16:05:04.0735413Z 3.1 Subject to the terms of this License Agreement, Google grants you a limited, worldwide, royalty-free, non- assignable and non-exclusive license to use the Google TV Add-on solely to develop applications to run on the Google TV platform.
mobile	Run android-actions/setup-android@v3	2026-10-03T16:05:04.0736300Z 
mobile	Run android-actions/setup-android@v3	2026-10-03T16:05:04.0737489Z 3.2 You agree that Google or third parties own all legal right, title and interest in and to the Google TV Add-on, including any Intellectual Property Rights that subsist in the Google TV Add-on. "Intellectual Property Rights" means any and all rights under patent law, copyright law, trade secret law, trademark law, and any and all other proprietary rights. Google reserves all rights not expressly granted to you.
mobile	Run android-actions/setup-android@v3	2026-10-03T16:05:04.0738923Z 
mobile	Run android-actions/setup-android@v3	2026-10-03T16:05:04.0740719Z 3.3 Except to the extent required by applicable third party licenses, you may not copy (except for backup purposes), modify, adapt, redistribute, decompile, reverse engineer, disassemble, or create derivative works of the Google TV Add-on or any part of the Google TV Add-on. Except to the extent required by applicable third party licenses, you may not load any part of the Google TV Add-on onto a mobile handset, television, or any other hardware device except a personal computer, combine any part of the Google TV Add-on with other software, or distribute any software or device incorporating a part of the Google TV Add-on.
mobile	Run android-actions/setup-android@v3	2026-10-03T16:05:04.0742583Z 
mobile	Run android-actions/setup-android@v3	2026-10-03T16:05:04.0743210Z 3.4 Use, reproduction and distribution of components of the Google TV Add-on licensed under an open source software license are governed solely by the terms of that open source software license and not this License Agreement.
mobile	Run android-actions/setup-android@v3	2026-10-03T16:05:04.0743977Z 
mobile	Run android-actions/setup-android@v3	2026-10-03T16:05:04.0745316Z 3.5 You agree that the form and nature of the Google TV Add-on that Google provides may change without prior notice to you and that future versions of the Google TV Add-on may be incompatible with applications developed on previous versions of the Google TV Add-on. You agree that Google may stop (permanently or temporarily) providing the Google TV Add-on (or any features within the Google TV Add-on) to you or to users generally at Google's sole discretion, without prior notice to you.
mobile	Run android-actions/setup-android@v3	2026-10-03T16:05:04.0746750Z 
mobile	Run android-actions/setup-android@v3	2026-10-03T16:05:04.0748195Z 3.6 Nothing in this License Agreement gives you a right to use any of Google's or it’s licensors’ trade names, trademarks, service marks, logos, domain names, or other distinctive brand features.
mobile	Run android-actions/setup-android@v3	2026-10-03T16:05:04.0748824Z 
mobile	Run android-actions/setup-android@v3	2026-10-03T16:05:04.0749358Z 3.7 You agree that you will not remove, obscure, or alter any proprietary rights notices (including copyright and trademark notices) that may be affixed to or contained within the Google TV Add-on.
mobile	Run android-actions/setup-android@v3	2026-10-03T16:05:04.0750195Z 
mobile	Run android-actions/setup-android@v3	2026-10-03T16:05:04.0750300Z 4. Use of the Google TV Add-on by You
mobile	Run android-actions/setup-android@v3	2026-10-03T16:05:04.0750467Z 
mobile	Run android-actions/setup-android@v3	2026-10-03T16:05:04.0751230Z 4.1 Google agrees that it obtains no right, title or interest from you (or your licensors) under this License Agreement in or to any software applications that you develop using the Google TV Add-on, including any intellectual property rights that subsist in those applications.
mobile	Run android-actions/setup-android@v3	2026-10-03T16:05:04.0752087Z 
mobile	Run android-actions/setup-android@v3	2026-10-03T16:05:04.0753126Z 4.2 You agree to use the Google TV Add-on and write applications only for purposes that are permitted by (a) this License Agreement and (b) any applicable law, regulation or generally accepted practices or guidelines in the relevant jurisdictions (including any laws regarding the export of data or software to and from the United States or other relevant countries).
mobile	Run android-actions/setup-android@v3	2026-10-03T16:05:04.0754278Z 
mobile	Run android-actions/setup-android@v3	2026-10-03T16:05:04.0756639Z 4.3 You agree that if you use the Google TV Add-on to develop applications for general public users, you will protect the privacy and legal rights of those users. If the users provide you with user names, passwords, or other login information or personal information, your must make the users aware that the information will be available to your application, and you must provide legally adequate privacy notice and protection for those users. If your application stores personal or sensitive information provided by users, it must do so securely. If the user provides your application with Google Account information, your application may only use that information to access the user's Google Account when, and for the limited purposes for which, the user has given you explicit permission to do so.
mobile	Run android-actions/setup-android@v3	2026-10-03T16:05:04.0761692Z 
mobile	Run android-actions/setup-android@v3	2026-10-03T16:05:04.0762879Z 4.4 You agree that you will not engage in any activity with the Google TV Add-on, including the development or distribution of an application, that interferes with, disrupts, damages, or accesses in an unauthorized manner the servers, networks, or other properties or services of any third party including, but not limited to, Google, Multichannel Video Program Distributors or any mobile communications carrier.
mobile	Run android-actions/setup-android@v3	2026-10-03T16:05:04.0764146Z 
mobile	Run android-actions/setup-android@v3	2026-10-03T16:05:04.0782199Z 4.5 You agree that you are solely responsible for (and that Google has no responsibility to you or to any third party for) any data, content, or resources that you create, transmit or display through the Google TV platform and/or applications for the Google TV platform, and for the consequences of your actions (including any loss or damage which Google may suffer) by doing so.
mobile	Run android-actions/setup-android@v3	2026-10-03T16:05:04.0783378Z 
mobile	Run android-actions/setup-android@v3	2026-10-03T16:05:04.0784480Z 4.6 You agree that you are solely responsible for (and that Google has no responsibility to you or to any third party for) any breach of your obligations under this License Agreement, any applicable third party contract or Terms of Service, or any applicable law or regulation, and for the consequences (including any loss or damage which Google or any third party may suffer) of any such breach.
mobile	Run android-actions/setup-android@v3	2026-10-03T16:05:04.0785678Z 
mobile	Run android-actions/setup-android@v3	2026-10-03T16:05:04.0794661Z 5. Your Developer Credentials
mobile	Run android-actions/setup-android@v3	2026-10-03T16:05:04.0794872Z 
mobile	Run android-actions/setup-android@v3	2026-10-03T16:05:04.0795696Z 5.1 You agree that you are responsible for maintaining the confidentiality of any developer credentials that may be issued to you by Google or which you may choose yourself and that you will be solely responsible for all applications that are developed under your developer credentials.
mobile	Run android-actions/setup-android@v3	2026-10-03T16:05:04.0796591Z 
mobile	Run android-actions/setup-android@v3	2026-10-03T16:05:04.0796685Z 6. Privacy and Information
mobile	Run android-actions/setup-android@v3	2026-10-03T16:05:04.0796839Z 
mobile	Run android-actions/setup-android@v3	2026-10-03T16:05:04.0798464Z 6.1 In order to continually innovate and improve the Google TV Add-on, Google may collect certain usage statistics from the software including but not limited to a unique identifier, associated IP address, version number of the software, and information on which tools and/or services in the Google TV Add-on are being used and how they are being used. Before any of this information is collected, the Google TV Add-on will notify you and seek your consent. If you withhold consent, the information will not be collected.
mobile	Run android-actions/setup-android@v3	2026-10-03T16:05:04.0800226Z 
mobile	Run android-actions/setup-android@v3	2026-10-03T16:05:04.0800625Z 6.2 The data collected is examined in the aggregate to improve the Google TV Add-on and is maintained in accordance with Google's Privacy Policy.
mobile	Run android-actions/setup-android@v3	2026-10-03T16:05:04.0801100Z 
mobile	Run android-actions/setup-android@v3	2026-10-03T16:05:04.0801238Z 7. Third Party Applications for the Google TV Platform
mobile	Run android-actions/setup-android@v3	2026-10-03T16:05:04.0801458Z 
mobile	Run android-actions/setup-android@v3	2026-10-03T16:05:04.0803187Z 7.1 If you use the Google TV Add-on to run applications developed by a third party or that access data, content or resources provided by a third party, you agree that Google is not responsible for those applications, data, content, or resources. You understand that all data, content or resources which you may access through such third party applications are the sole responsibility of the person from which they originated and that Google is not liable for any loss or damage that you may experience as a result of the use or access of any of those third party applications, data, content, or resources.
mobile	Run android-actions/setup-android@v3	2026-10-03T16:05:04.0804976Z 
mobile	Run android-actions/setup-android@v3	2026-10-03T16:05:04.0806348Z 7.2 You should be aware the data, content, and resources presented to you through such a third party application may be protected by intellectual property rights which are owned by the providers (or by other persons or companies on their behalf). You may not modify, rent, lease, loan, sell, distribute or create derivative works based on these data, content, or resources (either in whole or in part) unless you have been specifically given permission to do so by the relevant owners.
mobile	Run android-actions/setup-android@v3	2026-10-03T16:05:04.0807931Z 
mobile	Run android-actions/setup-android@v3	2026-10-03T16:05:04.0812278Z 7.3 You acknowledge that your use of such third party applications, data, content, or resources may be subject to separate terms between you and the relevant third party. In that case, this License Agreement does not affect your legal relationship with these third parties.
mobile	Run android-actions/setup-android@v3	2026-10-03T16:05:04.0813159Z 
mobile	Run android-actions/setup-android@v3	2026-10-03T16:05:04.0813255Z 8. Using Google TV APIs
mobile	Run android-actions/setup-android@v3	2026-10-03T16:05:04.0813393Z 
mobile	Run android-actions/setup-android@v3	2026-10-03T16:05:04.0815934Z 8.1 If you use any Google TV API to retrieve data from Google, you acknowledge that the data (“Google TV API Content”) may be protected by intellectual property rights which are owned by Google or those parties that provide the data (or by other persons or companies on their behalf). Your use of any such API may be subject to additional Terms of Service. You may not modify, rent, lease, loan, sell, distribute or create derivative works based on this data (either in whole or in part) unless allowed by the relevant Terms of Service. Some portions of the Google TV API Content are licensed to Google by third parties, including but not limited to Tribune Media Services
mobile	Run android-actions/setup-android@v3	2026-10-03T16:05:04.0817944Z 
mobile	Run android-actions/setup-android@v3	2026-10-03T16:05:04.0818807Z 8.2 If you use any API to retrieve a user's data from Google, you acknowledge and agree that you shall retrieve data only with the user's explicit consent and only when, and for the limited purposes for which, the user has given you permission to do so.
mobile	Run android-actions/setup-android@v3	2026-10-03T16:05:04.0819607Z 
mobile	Run android-actions/setup-android@v3	2026-10-03T16:05:04.0819870Z 8.3 Except as explicitly permitted in Section 3 (Google TV Add-on License from Google), you must:
mobile	Run android-actions/setup-android@v3	2026-10-03T16:05:04.0820227Z 
mobile	Run android-actions/setup-android@v3	2026-10-03T16:05:04.0820746Z (a) not modify nor format the Google TV API Content except to the extent reasonably and technically necessary to optimize the display such Google TV API Content in your application;
mobile	Run android-actions/setup-android@v3	2026-10-03T16:05:04.0821345Z 
mobile	Run android-actions/setup-android@v3	2026-10-03T16:05:04.0821899Z (b) not edit the Google TV API Content in a manner that renders the Google TV API Content inaccurate of alters its inherent meaning (provided that displaying excerpts will not violate the foregoing); or
mobile	Run android-actions/setup-android@v3	2026-10-03T16:05:04.0822542Z 
mobile	Run android-actions/setup-android@v3	2026-10-03T16:05:04.0822803Z (c) not create any commercial audience measurement tool or service using the Google TV API Content
mobile	Run android-actions/setup-android@v3	2026-10-03T16:05:04.0823158Z 
mobile	Run android-actions/setup-android@v3	2026-10-03T16:05:04.0823260Z 9. Terminating this License Agreement
mobile	Run android-actions/setup-android@v3	2026-10-03T16:05:04.0823430Z 
mobile	Run android-actions/setup-android@v3	2026-10-03T16:05:04.0823902Z 9.1 This License Agreement will continue to apply until terminated by either you or Google as set out below.
mobile	Run android-actions/setup-android@v3	2026-10-03T16:05:04.0824280Z 
mobile	Run android-actions/setup-android@v3	2026-10-03T16:05:04.0824674Z 9.2 If you want to terminate this License Agreement, you may do so by ceasing your use of the Google TV Add-on and any relevant developer credentials.
mobile	Run android-actions/setup-android@v3	2026-10-03T16:05:04.0825155Z 
mobile	Run android-actions/setup-android@v3	2026-10-03T16:05:04.0825329Z 9.3 Google may at any time, terminate this License Agreement with you if:
mobile	Run android-actions/setup-android@v3	2026-10-03T16:05:04.0825599Z 
mobile	Run android-actions/setup-android@v3	2026-10-03T16:05:04.0825758Z (A) you have breached any provision of this License Agreement; or
mobile	Run android-actions/setup-android@v3	2026-10-03T16:05:04.0826003Z 
mobile	Run android-actions/setup-android@v3	2026-10-03T16:05:04.0826107Z (B) Google is required to do so by law; or
mobile	Run android-actions/setup-android@v3	2026-10-03T16:05:04.0826285Z 
mobile	Run android-actions/setup-android@v3	2026-10-03T16:05:04.0826854Z (C) the partner with whom Google offered certain parts of Google TV Add-on (such as APIs) to you has terminated its relationship with Google or ceased to offer certain parts of the Google TV Add-on to you; or
mobile	Run android-actions/setup-android@v3	2026-10-03T16:05:04.0827497Z 
mobile	Run android-actions/setup-android@v3	2026-10-03T16:05:04.0828511Z (D) Google decides to no longer providing the Google TV Add-on or certain parts of the Google TV Add-on to users in the country in which you are resident or from which you use the service, or the provision of the Google TV Add-on or certain Google TV Add-on services to you by Google is, in Google's sole discretion, no longer commercially viable.
mobile	Run android-actions/setup-android@v3	2026-10-03T16:05:04.0829589Z 
mobile	Run android-actions/setup-android@v3	2026-10-03T16:05:04.0830687Z 9.4 When this License Agreement comes to an end, all of the legal rights, obligations and liabilities that you and Google have benefited from, been subject to (or which have accrued over time whilst this License Agreement has been in force) or which are expressed to continue indefinitely, shall be unaffected by this cessation, and the provisions of paragraph 14.7 shall continue to apply to such rights, obligations and liabilities indefinitely.
mobile	Run android-actions/setup-android@v3	2026-10-03T16:05:04.0832011Z 
mobile	Run android-actions/setup-android@v3	2026-10-03T16:05:04.0832105Z 10. DISCLAIMER OF WARRANTIES
mobile	Run android-actions/setup-android@v3	2026-10-03T16:05:04.0832252Z 
mobile	Run android-actions/setup-android@v3	2026-10-03T16:05:04.0832799Z 10.1 YOU EXPRESSLY UNDERSTAND AND AGREE THAT YOUR USE OF THE GOOGLE TV ADD-ON IS AT YOUR SOLE RISK AND THAT THE GOOGLE TV ADD-ON IS PROVIDED "AS IS" AND "AS AVAILABLE" WITHOUT WARRANTY OF ANY KIND FROM GOOGLE.
mobile	Run android-actions/setup-android@v3	2026-10-03T16:05:04.0833429Z 
mobile	Run android-actions/setup-android@v3	2026-10-03T16:05:04.0834220Z 10.2 YOUR USE OF THE GOOGLE TV ADD-ON AND ANY MATERIAL DOWNLOADED OR OTHERWISE OBTAINED THROUGH THE USE OF THE GOOGLE TV ADD-ON IS AT YOUR OWN DISCRETION AND RISK AND YOU ARE SOLELY RESPONSIBLE FOR ANY DAMAGE TO YOUR COMPUTER SYSTEM OR OTHER DEVICE OR LOSS OF DATA THAT RESULTS FROM SUCH USE.
mobile	Run android-actions/setup-android@v3	2026-10-03T16:05:04.0835099Z 
mobile	Run android-actions/setup-android@v3	2026-10-03T16:05:04.0835851Z 10.3 GOOGLE FURTHER EXPRESSLY DISCLAIMS ALL WARRANTIES AND CONDITIONS OF ANY KIND, WHETHER EXPRESS OR IMPLIED, INCLUDING, BUT NOT LIMITED TO THE IMPLIED WARRANTIES AND CONDITIONS OF MERCHANTABILITY, FITNESS FOR A PARTICULAR PURPOSE AND NON-INFRINGEMENT.
mobile	Run android-actions/setup-android@v3	2026-10-03T16:05:04.0836681Z 
mobile	Run android-actions/setup-android@v3	2026-10-03T16:05:04.0836769Z 11. LIMITATION OF LIABILITY
mobile	Run android-actions/setup-android@v3	2026-10-03T16:05:04.0836913Z 
mobile	Run android-actions/setup-android@v3	2026-10-03T16:05:04.0838284Z 11.1 YOU EXPRESSLY UNDERSTAND AND AGREE THAT GOOGLE, ITS SUBSIDIARIES AND AFFILIATES, AND ITS LICENSORS SHALL NOT BE LIABLE TO YOU UNDER ANY THEORY OF LIABILITY FOR ANY DIRECT, INDIRECT, INCIDENTAL, SPECIAL CONSEQUENTIAL OR EXEMPLARY DAMAGES THAT MAY BE INCURRED BY YOU, INCLUDING ANY LOSS OF DATA, WHETHER OR NOT GOOGLE OR ITS REPRESENTATIVES HAVE BEEN ADVISED OF OR SHOULD HAVE BEEN AWARE OF THE POSSIBILITY OF ANY SUCH LOSSES ARISING.
mobile	Run android-actions/setup-android@v3	2026-10-03T16:05:04.0839611Z 
mobile	Run android-actions/setup-android@v3	2026-10-03T16:05:04.0839686Z 12. Indemnification
mobile	Run android-actions/setup-android@v3	2026-10-03T16:05:04.0839810Z 
mobile	Run android-actions/setup-android@v3	2026-10-03T16:05:04.0841951Z 12.1 To the maximum extent permitted by law, you agree to defend, indemnify and hold harmless Google, its affiliates and their respective directors, officers, employees and agents from and against any and all claims, actions, suits or proceedings, as well as any and all losses, liabilities, damages, costs and expenses (including reasonable attorneys fees) arising out of or accruing from (a) your use of the Google TV Add-on, (b) any application you develop on the Google TV Add-on that infringes any copyright, trademark, trade secret, trade dress, patent or other intellectual property right of any person or defames any person or violates their rights of publicity or privacy, and (c) any non-compliance by you with this License Agreement.
mobile	Run android-actions/setup-android@v3	2026-10-03T16:05:04.0844319Z 
mobile	Run android-actions/setup-android@v3	2026-10-03T16:05:04.0844411Z 13. Changes to the License Agreement
mobile	Run android-actions/setup-android@v3	2026-10-03T16:05:04.0844618Z 
mobile	Run android-actions/setup-android@v3	2026-10-03T16:05:04.0844911Z 13.1 Google may make changes to the License Agreement as it distributes new versions of the Google TV Add-on.
mobile	Run android-actions/setup-android@v3	2026-10-03T16:05:04.0845430Z 
mobile	Run android-actions/setup-android@v3	2026-10-03T16:05:04.0845511Z 14. General Legal Terms
mobile	Run android-actions/setup-android@v3	2026-10-03T16:05:04.0845644Z 
mobile	Run android-actions/setup-android@v3	2026-10-03T16:05:04.0846574Z 14.1 This License Agreement constitute the whole legal agreement between you and Google and govern your use of the Google TV Add-on (excluding any services which Google may provide to you under a separate written agreement), and completely replace any prior agreements between you and Google in relation to the Google TV Add-on.
mobile	Run android-actions/setup-android@v3	2026-10-03T16:05:04.0847577Z 
mobile	Run android-actions/setup-android@v3	2026-10-03T16:05:04.0848559Z 14.2 You agree that if Google does not exercise or enforce any legal right or remedy which is contained in this License Agreement (or which Google has the benefit of under any applicable law), this will not be taken to be a formal waiver of Google's rights and that those rights or remedies will still be available to Google.
mobile	Run android-actions/setup-android@v3	2026-10-03T16:05:04.0849732Z 
mobile	Run android-actions/setup-android@v3	2026-10-03T16:05:04.0850717Z 14.3 If any court of law, having the jurisdiction to decide on this matter, rules that any provision of this License Agreement is invalid, then that provision will be removed from this License Agreement without affecting the rest of this License Agreement. The remaining provisions of this License Agreement will continue to be valid and enforceable.
mobile	Run android-actions/setup-android@v3	2026-10-03T16:05:04.0851769Z 
mobile	Run android-actions/setup-android@v3	2026-10-03T16:05:04.0853457Z 14.4 You acknowledge and agree that Google’s API data licensors and each member of the group of companies of which Google is the parent shall be third party beneficiaries to this License Agreement and that such other companies shall be entitled to directly enforce, and rely upon, any provision of this License Agreement that confers a benefit on (or rights in favor of) them. Other than this, no other person or company shall be third party beneficiaries to this License Agreement.
mobile	Run android-actions/setup-android@v3	2026-10-03T16:05:04.0854717Z 
mobile	Run android-actions/setup-android@v3	2026-10-03T16:05:04.0855194Z 14.5 EXPORT RESTRICTIONS. THE GOOGLE TV ADD-ON IS SUBJECT TO UNITED STATES EXPORT LAWS AND REGULATIONS. YOU MUST COMPLY WITH ALL DOMESTIC AND INTERNATIONAL EXPORT LAWS AND REGULATIONS THAT APPLY TO THE GOOGLE TV ADD-ON. THESE LAWS INCLUDE RESTRICTIONS ON DESTINATIONS, END USERS AND END USE.
mobile	Run android-actions/setup-android@v3	2026-10-03T16:05:04.0855717Z 
mobile	Run android-actions/setup-android@v3	2026-10-03T16:05:04.0856284Z 14.6 The rights granted in this License Agreement may not be assigned or transferred by either you or Google without the prior written approval of the other party. Neither you nor Google shall be permitted to delegate their responsibilities or obligations under this License Agreement without the prior written approval of the other party.
mobile	Run android-actions/setup-android@v3	2026-10-03T16:05:04.0856895Z 
mobile	Run android-actions/setup-android@v3	2026-10-03T16:05:04.0857819Z 14.7 This License Agreement, and your relationship with Google under this License Agreement, shall be governed by the laws of the State of California without regard to its conflict of laws provisions. You and Google agree to submit to the exclusive jurisdiction of the courts located within the county of Santa Clara, California to resolve any legal matter arising from this License Agreement. Notwithstanding this, you agree that Google shall still be allowed to apply for injunctive remedies (or an equivalent type of urgent legal relief) in any jurisdiction.
mobile	Run android-actions/setup-android@v3	2026-10-03T16:05:04.0858946Z 
mobile	Run android-actions/setup-android@v3	2026-10-03T16:05:04.0858949Z 
mobile	Run android-actions/setup-android@v3	2026-10-03T16:05:04.0858998Z August 15, 2011
mobile	Run android-actions/setup-android@v3	2026-10-03T16:05:04.0859136Z ---------------------------------------
mobile	Run android-actions/setup-android@v3	2026-10-03T16:05:04.0859322Z Accept? (y/N): 
mobile	Run android-actions/setup-android@v3	2026-10-03T16:05:04.0859467Z 2/6: License android-googlexr-license:
mobile	Run android-actions/setup-android@v3	2026-10-03T16:05:04.0859636Z ---------------------------------------
mobile	Run android-actions/setup-android@v3	2026-10-03T16:05:04.0860165Z To get started with the Android XR Emulator System Image SDK, you must agree to the following terms and conditions. As described below, please note that this is a preview, emulated version of the Android XR OS, subject to change, that you use at your own risk.
mobile	Run android-actions/setup-android@v3	2026-10-03T16:05:04.0860768Z 
mobile	Run android-actions/setup-android@v3	2026-10-03T16:05:04.0860873Z This is the Android XR Emulator System Image SDK License Agreement
mobile	Run android-actions/setup-android@v3	2026-10-03T16:05:04.0861029Z 
mobile	Run android-actions/setup-android@v3	2026-10-03T16:05:04.0861079Z 1. Introduction
mobile	Run android-actions/setup-android@v3	2026-10-03T16:05:04.0861150Z 
mobile	Run android-actions/setup-android@v3	2026-10-03T16:05:04.0861883Z 1.1 The Android Android XR Emulator System Image SDK (referred to in the License Agreement as the "SDK" and specifically including the Android system files,, packaged APIs, library files (if and when they are made available), and Google applications and APIs add-ons) is licensed to you subject to the terms of the License Agreement. The License Agreement forms a legally binding contract between you and Google in relation to your use of the SDK.
mobile	Run android-actions/setup-android@v3	2026-10-03T16:05:04.0862647Z 
mobile	Run android-actions/setup-android@v3	2026-10-03T16:05:04.0863024Z 1.2 "Android" means the Android software stack for devices, as made available under the Android Open Source Project, which is located at the following URL: https://source.android.com/, as updated from time to time.
mobile	Run android-actions/setup-android@v3	2026-10-03T16:05:04.0863538Z 
mobile	Run android-actions/setup-android@v3	2026-10-03T16:05:04.0863890Z 1.3 "Google" means Google LLC, organized under the laws of the State of Delaware, USA, and operating under the laws of the USA with principal place of business at 1600 Amphitheatre Parkway, Mountain View, CA 94043, USA.
mobile	Run android-actions/setup-android@v3	2026-10-03T16:05:04.0864287Z 
mobile	Run android-actions/setup-android@v3	2026-10-03T16:05:04.0864347Z 2. Accepting this License Agreement
mobile	Run android-actions/setup-android@v3	2026-10-03T16:05:04.0864453Z 
mobile	Run android-actions/setup-android@v3	2026-10-03T16:05:04.0864683Z 2.1 In order to use the SDK, you must first agree to the License Agreement. You may not use the SDK if you do not accept the License Agreement.
mobile	Run android-actions/setup-android@v3	2026-10-03T16:05:04.0864953Z 
mobile	Run android-actions/setup-android@v3	2026-10-03T16:05:04.0865120Z 2.2 By clicking to accept and/or using this SDK, you hereby agree to the terms of the License Agreement.
mobile	Run android-actions/setup-android@v3	2026-10-03T16:05:04.0865336Z 
mobile	Run android-actions/setup-android@v3	2026-10-03T16:05:04.0865740Z 2.3 You may not use the SDK and may not accept the License Agreement if you are a person barred from receiving the SDK under the laws of the United States or other countries, including the country in which you are resident or from which you use the SDK.
mobile	Run android-actions/setup-android@v3	2026-10-03T16:05:04.0866200Z 
mobile	Run android-actions/setup-android@v3	2026-10-03T16:05:04.0866788Z 2.4 If you are agreeing to be bound by the License Agreement on behalf of your employer or other entity, you represent and warrant that you have full legal authority to bind your employer or such entity to the License Agreement. If you do not have the requisite authority, you may not accept the License Agreement or use the SDK on behalf of your employer or other entity.
mobile	Run android-actions/setup-android@v3	2026-10-03T16:05:04.0867424Z 
mobile	Run android-actions/setup-android@v3	2026-10-03T16:05:04.0867483Z 3. SDK License from Google
mobile	Run android-actions/setup-android@v3	2026-10-03T16:05:04.0867572Z 
mobile	Run android-actions/setup-android@v3	2026-10-03T16:05:04.0867958Z 3.1 Subject to the terms of the License Agreement, Google grants you a limited, worldwide, royalty-free, non-assignable, non-exclusive, and non-sublicensable license to use the SDK solely to develop applications for Android XR.
mobile	Run android-actions/setup-android@v3	2026-10-03T16:05:04.0868517Z 
mobile	Run android-actions/setup-android@v3	2026-10-03T16:05:04.0868877Z 3.2 You may not use this SDK to develop applications for other platforms or to develop another SDK. You are of course free to develop applications for other platforms provided that this SDK is not used for that purpose.
mobile	Run android-actions/setup-android@v3	2026-10-03T16:05:04.0869285Z 
mobile	Run android-actions/setup-android@v3	2026-10-03T16:05:04.0869927Z 3.3 You agree that Google or third parties own all legal right, title and interest in and to the SDK, including any Intellectual Property Rights that subsist in the SDK. "Intellectual Property Rights" means any and all rights under patent law, copyright law, trade secret law, trademark law, and any and all other proprietary rights. Google reserves all rights not expressly granted to you.
mobile	Run android-actions/setup-android@v3	2026-10-03T16:05:04.0870612Z 
mobile	Run android-actions/setup-android@v3	2026-10-03T16:05:04.0871567Z 3.4 You may not use the SDK for any purpose not expressly permitted by the License Agreement. Except to the extent required by applicable third party licenses, you may not (a) copy (except for backup purposes), modify, adapt, redistribute, decompile, reverse engineer, disassemble, or create derivative works of the SDK or any part of the SDK; or (b) load any part of the SDK onto a mobile handset or any other hardware device except a personal computer, combine any part of the SDK with other software, or distribute any software or device incorporating a part of the SDK.
mobile	Run android-actions/setup-android@v3	2026-10-03T16:05:04.0872649Z 
mobile	Run android-actions/setup-android@v3	2026-10-03T16:05:04.0873329Z 3.5 Use, reproduction and distribution of components of the SDK licensed under an open source software license are governed solely by the terms of that open source software license and not the License Agreement. You agree to remain a licensee in good standing in regard to such open source software licenses under all the rights granted and to refrain from any actions that may terminate, suspend, or breach such rights.
mobile	Run android-actions/setup-android@v3	2026-10-03T16:05:04.0874050Z 
mobile	Run android-actions/setup-android@v3	2026-10-03T16:05:04.0874732Z 3.6 You agree that the form and nature of the SDK that Google provides may change without prior notice to you and that future versions of the SDK may be incompatible with applications developed on previous versions of the SDK. You agree that Google may stop (permanently or temporarily) providing the SDK (or any features within the SDK) to you or to users generally at Google's sole discretion, without prior notice to you.
mobile	Run android-actions/setup-android@v3	2026-10-03T16:05:04.0875540Z 
mobile	Run android-actions/setup-android@v3	2026-10-03T16:05:04.0875825Z 3.7 Nothing in the License Agreement gives you a right to use any of Google's trade names, trademarks, service marks, logos, domain names, or other distinctive brand features.
mobile	Run android-actions/setup-android@v3	2026-10-03T16:05:04.0876161Z 
mobile	Run android-actions/setup-android@v3	2026-10-03T16:05:04.0876465Z 3.8 You agree that you will not remove, obscure, or alter any proprietary rights notices (including copyright and trademark notices) that may be affixed to or contained within the SDK.
mobile	Run android-actions/setup-android@v3	2026-10-03T16:05:04.0876817Z 
mobile	Run android-actions/setup-android@v3	2026-10-03T16:05:04.0876871Z 4. Use of the SDK by You
mobile	Run android-actions/setup-android@v3	2026-10-03T16:05:04.0876957Z 
mobile	Run android-actions/setup-android@v3	2026-10-03T16:05:04.0877392Z 4.1 Google agrees that it obtains no right, title or interest from you (or your licensors) under the License Agreement in or to any software applications that you develop using the SDK, including any intellectual property rights that subsist in those applications.
mobile	Run android-actions/setup-android@v3	2026-10-03T16:05:04.0877873Z 
mobile	Run android-actions/setup-android@v3	2026-10-03T16:05:04.0878571Z 4.2 You agree to use the SDK and write applications only for purposes that are permitted by (a) the License Agreement and (b) any applicable law, regulation or generally accepted practices or guidelines in the relevant jurisdictions (including any laws regarding the export of data or software to and from the United States or other relevant countries).
mobile	Run android-actions/setup-android@v3	2026-10-03T16:05:04.0879198Z 
mobile	Run android-actions/setup-android@v3	2026-10-03T16:05:04.0880476Z 4.3 You agree that if you use the SDK to develop applications for general public users, you will protect the privacy and legal rights of those users. If the users provide you with user names, passwords, or other login information or personal information, you must make the users aware that the information will be available to your application, and you must provide legally adequate privacy notice and protection for those users. If your application stores personal or sensitive information provided by users, it must do so securely. If the user provides your application with Google Account information, your application may only use that information to access the user's Google Account when, and for the limited purposes for which, the user has given you permission to do so.
mobile	Run android-actions/setup-android@v3	2026-10-03T16:05:04.0881794Z 
mobile	Run android-actions/setup-android@v3	2026-10-03T16:05:04.0882379Z 4.4 You agree that you will not engage in any activity with the SDK, including the development or distribution of an application, that interferes with, disrupts, damages, or accesses in an unauthorized manner the servers, networks, or other properties or services of any third party including, but not limited to, Google or any mobile communications carrier.
mobile	Run android-actions/setup-android@v3	2026-10-03T16:05:04.0883007Z 
mobile	Run android-actions/setup-android@v3	2026-10-03T16:05:04.0883571Z 4.5 You agree that you are solely responsible for (and that Google has no responsibility to you or to any third party for) any data, content, or resources that you create, transmit or display through Android and/or applications for Android, and for the consequences of your actions (including any loss or damage which Google may suffer) by doing so.
mobile	Run android-actions/setup-android@v3	2026-10-03T16:05:04.0884298Z 
mobile	Run android-actions/setup-android@v3	2026-10-03T16:05:04.0884938Z 4.6 You agree that you are solely responsible for (and that Google has no responsibility to you or to any third party for) any breach of your obligations under the License Agreement, any applicable third party contract or Terms of Service, or any applicable law or regulation, and for the consequences (including any loss or damage which Google or any third party may suffer) of any such breach.
mobile	Run android-actions/setup-android@v3	2026-10-03T16:05:04.0885618Z 
mobile	Run android-actions/setup-android@v3	2026-10-03T16:05:04.0886102Z 4.7 The SDK is in development, and your testing and feedback are an important part of the development process. By using the SDK, you acknowledge that implementation of some features are still under development and that you should not rely on the SDK having the full functionality of a stable release.
mobile	Run android-actions/setup-android@v3	2026-10-03T16:05:04.0886637Z 
mobile	Run android-actions/setup-android@v3	2026-10-03T16:05:04.0886696Z 5. Your Developer Credentials
mobile	Run android-actions/setup-android@v3	2026-10-03T16:05:04.0886796Z 
mobile	Run android-actions/setup-android@v3	2026-10-03T16:05:04.0887269Z 5.1 You agree that you are responsible for maintaining the confidentiality of any developer credentials that may be issued to you by Google or which you may choose yourself and that you will be solely responsible for all applications that are developed under your developer credentials.
mobile	Run android-actions/setup-android@v3	2026-10-03T16:05:04.0887867Z 
mobile	Run android-actions/setup-android@v3	2026-10-03T16:05:04.0887920Z 6. Privacy and Information
mobile	Run android-actions/setup-android@v3	2026-10-03T16:05:04.0888013Z 
mobile	Run android-actions/setup-android@v3	2026-10-03T16:05:04.0888906Z 6.1 In order to continually innovate and improve the SDK, Google may collect certain usage statistics from the software including but not limited to a unique identifier, associated IP address, version number of the software, and information on which tools and/or services in the SDK are being used and how they are being used. Before any of this information is collected, the SDK will notify you and seek your consent. If you withhold consent, the information will not be collected.
mobile	Run android-actions/setup-android@v3	2026-10-03T16:05:04.0889735Z 
mobile	Run android-actions/setup-android@v3	2026-10-03T16:05:04.0890085Z 6.2 The data collected is examined in the aggregate to improve the SDK and is maintained in accordance with Google's Privacy Policy, which is located at the following URL: https://policies.google.com/privacy
mobile	Run android-actions/setup-android@v3	2026-10-03T16:05:04.0890477Z 
mobile	Run android-actions/setup-android@v3	2026-10-03T16:05:04.0890643Z 6.3 Anonymized and aggregated sets of the data may be shared with Google partners to improve the SDK.
mobile	Run android-actions/setup-android@v3	2026-10-03T16:05:04.0890861Z 
mobile	Run android-actions/setup-android@v3	2026-10-03T16:05:04.0890915Z 7. Third Party Applications
mobile	Run android-actions/setup-android@v3	2026-10-03T16:05:04.0891012Z 
mobile	Run android-actions/setup-android@v3	2026-10-03T16:05:04.0891971Z 7.1 If you use the SDK to run applications developed by a third party or that access data, content or resources provided by a third party, you agree that Google is not responsible for those applications, data, content, or resources. You understand that all data, content or resources which you may access through such third party applications are the sole responsibility of the person from which they originated and that Google is not liable for any loss or damage that you may experience as a result of the use or access of any of those third party applications, data, content, or resources.
mobile	Run android-actions/setup-android@v3	2026-10-03T16:05:04.0892973Z 
mobile	Run android-actions/setup-android@v3	2026-10-03T16:05:04.0893771Z 7.2 You should be aware that the data, content, and resources presented to you through such a third party application may be protected by intellectual property rights which are owned by the providers (or by other persons or companies on their behalf). You may not modify, rent, lease, loan, sell, distribute or create derivative works based on these data, content, or resources (either in whole or in part) unless you have been specifically given permission to do so by the relevant owners.
mobile	Run android-actions/setup-android@v3	2026-10-03T16:05:04.0894614Z 
mobile	Run android-actions/setup-android@v3	2026-10-03T16:05:04.0895058Z 7.3 You acknowledge that your use of such third party applications, data, content, or resources may be subject to separate terms between you and the relevant third party. In that case, the License Agreement does not affect your legal relationship with these third parties.
mobile	Run android-actions/setup-android@v3	2026-10-03T16:05:04.0895630Z 
mobile	Run android-actions/setup-android@v3	2026-10-03T16:05:04.0895682Z 8. Using Android APIs
mobile	Run android-actions/setup-android@v3	2026-10-03T16:05:04.0895764Z 
mobile	Run android-actions/setup-android@v3	2026-10-03T16:05:04.0895814Z 8.1 Google Data APIs
mobile	Run android-actions/setup-android@v3	2026-10-03T16:05:04.0895897Z 
mobile	Run android-actions/setup-android@v3	2026-10-03T16:05:04.0896698Z 8.1.1 If you use any API to retrieve data from Google, you acknowledge that the data may be protected by intellectual property rights which are owned by Google or those parties that provide the data (or by other persons or companies on their behalf). Your use of any such API may be subject to additional Terms of Service. You may not modify, rent, lease, loan, sell, distribute or create derivative works based on this data (either in whole or in part) unless allowed by the relevant Terms of Service.
mobile	Run android-actions/setup-android@v3	2026-10-03T16:05:04.0897544Z 
mobile	Run android-actions/setup-android@v3	2026-10-03T16:05:04.0899057Z 8.1.2 If you use any API to retrieve a user's data from Google, you acknowledge and agree that you shall retrieve data only with the user's explicit consent and only when, and for the limited purposes for which, the user has given you permission to do so. If you use the Android Recognition Service API, documented at the following URL: https://developer.android.com/reference/android/speech/RecognitionService, as updated from time to time, you acknowledge that the use of the API is subject to the Data Processing Addendum for Products where Google is a Data Processor, which is located at the following URL: https://privacy.google.com/businesses/gdprprocessorterms/, as updated from time to time. By clicking to accept, you hereby agree to the terms of the Data Processing Addendum for Products where Google is a Data Processor.
mobile	Run android-actions/setup-android@v3	2026-10-03T16:05:04.0900543Z 
mobile	Run android-actions/setup-android@v3	2026-10-03T16:05:04.0900605Z 9. Terminating this License Agreement
mobile	Run android-actions/setup-android@v3	2026-10-03T16:05:04.0900716Z 
mobile	Run android-actions/setup-android@v3	2026-10-03T16:05:04.0900895Z 9.1 The License Agreement will continue to apply until terminated by either you or Google as set out below.
mobile	Run android-actions/setup-android@v3	2026-10-03T16:05:04.0901125Z 
mobile	Run android-actions/setup-android@v3	2026-10-03T16:05:04.0901340Z 9.2 If you want to terminate the License Agreement, you may do so by ceasing your use of the SDK and any relevant developer credentials.
mobile	Run android-actions/setup-android@v3	2026-10-03T16:05:04.0901603Z 
mobile	Run android-actions/setup-android@v3	2026-10-03T16:05:04.0902637Z 9.3 Google may at any time, terminate the License Agreement with you if: (A) you have breached any provision of the License Agreement; or (B) Google is required to do so by law; or (C) the partner with whom Google offered certain parts of SDK (such as APIs) to you has terminated its relationship with Google or ceased to offer certain parts of the SDK to you; or (D) Google decides to no longer provide the SDK or certain parts of the SDK to users in the country in which you are resident or from which you use the service, or the provision of the SDK or certain SDK services to you by Google is, in Google's sole discretion, no longer commercially viable.
mobile	Run android-actions/setup-android@v3	2026-10-03T16:05:04.0903707Z 
mobile	Run android-actions/setup-android@v3	2026-10-03T16:05:04.0904433Z 9.4 When the License Agreement comes to an end, all of the legal rights, obligations and liabilities that you and Google have benefited from, been subject to (or which have accrued over time whilst the License Agreement has been in force) or which are expressed to continue indefinitely, shall be unaffected by this cessation, and the provisions of paragraph 14.7 shall continue to apply to such rights, obligations and liabilities indefinitely.
mobile	Run android-actions/setup-android@v3	2026-10-03T16:05:04.0905205Z 
mobile	Run android-actions/setup-android@v3	2026-10-03T16:05:04.0905265Z 10. DISCLAIMER OF WARRANTIES
mobile	Run android-actions/setup-android@v3	2026-10-03T16:05:04.0905359Z 
mobile	Run android-actions/setup-android@v3	2026-10-03T16:05:04.0905648Z 10.1 YOU EXPRESSLY UNDERSTAND AND AGREE THAT YOUR USE OF THE SDK IS AT YOUR SOLE RISK AND THAT THE SDK IS PROVIDED "AS IS" AND "AS AVAILABLE" WITHOUT WARRANTY OF ANY KIND FROM GOOGLE.
mobile	Run android-actions/setup-android@v3	2026-10-03T16:05:04.0905981Z 
mobile	Run android-actions/setup-android@v3	2026-10-03T16:05:04.0906407Z 10.2 YOUR USE OF THE SDK AND ANY MATERIAL DOWNLOADED OR OTHERWISE OBTAINED THROUGH THE USE OF THE SDK IS AT YOUR OWN DISCRETION AND RISK AND YOU ARE SOLELY RESPONSIBLE FOR ANY DAMAGE TO YOUR COMPUTER SYSTEM OR OTHER DEVICE OR LOSS OF DATA THAT RESULTS FROM SUCH USE.
mobile	Run android-actions/setup-android@v3	2026-10-03T16:05:04.0906882Z 
mobile	Run android-actions/setup-android@v3	2026-10-03T16:05:04.0907309Z 10.3 GOOGLE FURTHER EXPRESSLY DISCLAIMS ALL WARRANTIES AND CONDITIONS OF ANY KIND, WHETHER EXPRESS OR IMPLIED, INCLUDING, BUT NOT LIMITED TO THE IMPLIED WARRANTIES AND CONDITIONS OF MERCHANTABILITY, FITNESS FOR A PARTICULAR PURPOSE AND NON-INFRINGEMENT.
mobile	Run android-actions/setup-android@v3	2026-10-03T16:05:04.0907858Z 
mobile	Run android-actions/setup-android@v3	2026-10-03T16:05:04.0907915Z 11. LIMITATION OF LIABILITY
mobile	Run android-actions/setup-android@v3	2026-10-03T16:05:04.0908006Z 
mobile	Run android-actions/setup-android@v3	2026-10-03T16:05:04.0908828Z 11.1 YOU EXPRESSLY UNDERSTAND AND AGREE THAT GOOGLE, ITS SUBSIDIARIES AND AFFILIATES, AND ITS LICENSORS SHALL NOT BE LIABLE TO YOU UNDER ANY THEORY OF LIABILITY FOR ANY DIRECT, INDIRECT, INCIDENTAL, SPECIAL, CONSEQUENTIAL OR EXEMPLARY DAMAGES THAT MAY BE INCURRED BY YOU, INCLUDING ANY LOSS OF DATA, WHETHER OR NOT GOOGLE OR ITS REPRESENTATIVES HAVE BEEN ADVISED OF OR SHOULD HAVE BEEN AWARE OF THE POSSIBILITY OF ANY SUCH LOSSES ARISING.
mobile	Run android-actions/setup-android@v3	2026-10-03T16:05:04.0909587Z 
mobile	Run android-actions/setup-android@v3	2026-10-03T16:05:04.0909635Z 12. Indemnification
mobile	Run android-actions/setup-android@v3	2026-10-03T16:05:04.0909713Z 
mobile	Run android-actions/setup-android@v3	2026-10-03T16:05:04.0910892Z 12.1 To the maximum extent permitted by law, you agree to defend, indemnify and hold harmless Google, its affiliates and their respective directors, officers, employees and agents from and against any and all claims, actions, suits or proceedings, as well as any and all losses, liabilities, damages, costs and expenses (including reasonable attorneys fees) arising out of or accruing from (a) your use of the SDK, (b) any application you develop on the SDK that infringes any copyright, trademark, trade secret, trade dress, patent or other intellectual property right of any person or defames any person or violates their rights of publicity or privacy, and (c) any non-compliance by you with the License Agreement.
mobile	Run android-actions/setup-android@v3	2026-10-03T16:05:04.0912187Z 
mobile	Run android-actions/setup-android@v3	2026-10-03T16:05:04.0912246Z 13. Changes to the License Agreement
mobile	Run android-actions/setup-android@v3	2026-10-03T16:05:04.0912354Z 
mobile	Run android-actions/setup-android@v3	2026-10-03T16:05:04.0912740Z 13.1 Google may make changes to the License Agreement as it distributes new versions of the SDK. When these changes are made, Google will make a new version of the License Agreement available on the website where the SDK is made available.
mobile	Run android-actions/setup-android@v3	2026-10-03T16:05:04.0913172Z 
mobile	Run android-actions/setup-android@v3	2026-10-03T16:05:04.0913223Z 14. General Legal Terms
mobile	Run android-actions/setup-android@v3	2026-10-03T16:05:04.0913306Z 
mobile	Run android-actions/setup-android@v3	2026-10-03T16:05:04.0913814Z 14.1 The License Agreement constitutes the whole legal agreement between you and Google and governs your use of the SDK (excluding any services which Google may provide to you under a separate written agreement), and completely replaces any prior agreements between you and Google in relation to the SDK.
mobile	Run android-actions/setup-android@v3	2026-10-03T16:05:04.0914366Z 
mobile	Run android-actions/setup-android@v3	2026-10-03T16:05:04.0914880Z 14.2 You agree that if Google does not exercise or enforce any legal right or remedy which is contained in the License Agreement (or which Google has the benefit of under any applicable law), this will not be taken to be a formal waiver of Google's rights and that those rights or remedies will still be available to Google.
mobile	Run android-actions/setup-android@v3	2026-10-03T16:05:04.0915443Z 
mobile	Run android-actions/setup-android@v3	2026-10-03T16:05:04.0916010Z 14.3 If any court of law, having the jurisdiction to decide on this matter, rules that any provision of the License Agreement is invalid, then that provision will be removed from the License Agreement without affecting the rest of the License Agreement. The remaining provisions of the License Agreement will continue to be valid and enforceable.
mobile	Run android-actions/setup-android@v3	2026-10-03T16:05:04.0916617Z 
mobile	Run android-actions/setup-android@v3	2026-10-03T16:05:04.0917340Z 14.4 You acknowledge and agree that each member of the group of companies of which Google is the parent shall be third party beneficiaries to the License Agreement and that such other companies shall be entitled to directly enforce, and rely upon, any provision of the License Agreement that confers a benefit on (or rights in favor of) them. Other than this, no other person or company shall be third party beneficiaries to the License Agreement.
mobile	Run android-actions/setup-android@v3	2026-10-03T16:05:04.0918226Z 
mobile	Run android-actions/setup-android@v3	2026-10-03T16:05:04.0918660Z 14.5 EXPORT RESTRICTIONS. THE SDK IS SUBJECT TO UNITED STATES EXPORT LAWS AND REGULATIONS. YOU MUST COMPLY WITH ALL DOMESTIC AND INTERNATIONAL EXPORT LAWS AND REGULATIONS THAT APPLY TO THE SDK. THESE LAWS INCLUDE RESTRICTIONS ON DESTINATIONS, END USERS AND END USE.
mobile	Run android-actions/setup-android@v3	2026-10-03T16:05:04.0919221Z 
mobile	Run android-actions/setup-android@v3	2026-10-03T16:05:04.0919784Z 14.6 The rights granted in the License Agreement may not be assigned or transferred by either you or Google without the prior written approval of the other party. Neither you nor Google shall be permitted to delegate their responsibilities or obligations under the License Agreement without the prior written approval of the other party.
mobile	Run android-actions/setup-android@v3	2026-10-03T16:05:04.0920385Z 
mobile	Run android-actions/setup-android@v3	2026-10-03T16:05:04.0921299Z 14.7 The License Agreement, and your relationship with Google under the License Agreement, shall be governed by the laws of the State of California without regard to its conflict of laws provisions. You and Google agree to submit to the exclusive jurisdiction of the courts located within the county of Santa Clara, California to resolve any legal matter arising from the License Agreement. Notwithstanding this, you agree that Google shall still be allowed to apply for injunctive remedies (or an equivalent type of urgent legal relief) in any jurisdiction.
mobile	Run android-actions/setup-android@v3	2026-10-03T16:05:04.0922314Z ---------------------------------------
mobile	Run android-actions/setup-android@v3	2026-10-03T16:05:04.0922474Z Accept? (y/N): 
mobile	Run android-actions/setup-android@v3	2026-10-03T16:05:04.0922619Z 3/6: License android-sdk-arm-dbt-license:
mobile	Run android-actions/setup-android@v3	2026-10-03T16:05:04.0922873Z ---------------------------------------
mobile	Run android-actions/setup-android@v3	2026-10-03T16:05:04.0923025Z Terms and Conditions
mobile	Run android-actions/setup-android@v3	2026-10-03T16:05:04.0923104Z 
mobile	Run android-actions/setup-android@v3	2026-10-03T16:05:04.0923203Z This is the Android Software Development Kit License Agreement
mobile	Run android-actions/setup-android@v3	2026-10-03T16:05:04.0923356Z 
mobile	Run android-actions/setup-android@v3	2026-10-03T16:05:04.0923403Z 1. Introduction
mobile	Run android-actions/setup-android@v3	2026-10-03T16:05:04.0923476Z 
mobile	Run android-actions/setup-android@v3	2026-10-03T16:05:04.0924074Z 1.1 The Android Software Development Kit (referred to in the License Agreement as the "SDK" and specifically including the Android system files, packaged APIs, and Google APIs add-ons) is licensed to you subject to the terms of the License Agreement. The License Agreement forms a legally binding contract between you and Google in relation to your use of the SDK.
mobile	Run android-actions/setup-android@v3	2026-10-03T16:05:04.0924712Z 
mobile	Run android-actions/setup-android@v3	2026-10-03T16:05:04.0925069Z 1.2 "Android" means the Android software stack for devices, as made available under the Android Open Source Project, which is located at the following URL: http://source.android.com/, as updated from time to time.
mobile	Run android-actions/setup-android@v3	2026-10-03T16:05:04.0925467Z 
mobile	Run android-actions/setup-android@v3	2026-10-03T16:05:04.0926042Z 1.3 A "compatible implementation" means any Android device that (i) complies with the Android Compatibility Definition document, which can be found at the Android compatibility website (http://source.android.com/compatibility) and which may be updated from time to time; and (ii) successfully passes the Android Compatibility Test Suite (CTS).
mobile	Run android-actions/setup-android@v3	2026-10-03T16:05:04.0926657Z 
mobile	Run android-actions/setup-android@v3	2026-10-03T16:05:04.0926918Z 1.4 "Google" means Google Inc., a Delaware corporation with principal place of business at 1600 Amphitheatre Parkway, Mountain View, CA 94043, United States.
mobile	Run android-actions/setup-android@v3	2026-10-03T16:05:04.0927227Z 
mobile	Run android-actions/setup-android@v3	2026-10-03T16:05:04.0927230Z 
mobile	Run android-actions/setup-android@v3	2026-10-03T16:05:04.0927293Z 2. Accepting the License Agreement
mobile	Run android-actions/setup-android@v3	2026-10-03T16:05:04.0927399Z 
mobile	Run android-actions/setup-android@v3	2026-10-03T16:05:04.0927625Z 2.1 In order to use the SDK, you must first agree to the License Agreement. You may not use the SDK if you do not accept the License Agreement.
mobile	Run android-actions/setup-android@v3	2026-10-03T16:05:04.0927897Z 
mobile	Run android-actions/setup-android@v3	2026-10-03T16:05:04.0928027Z 2.2 By clicking to accept, you hereby agree to the terms of the License Agreement.
mobile	Run android-actions/setup-android@v3	2026-10-03T16:05:04.0928324Z 
mobile	Run android-actions/setup-android@v3	2026-10-03T16:05:04.0928732Z 2.3 You may not use the SDK and may not accept the License Agreement if you are a person barred from receiving the SDK under the laws of the United States or other countries, including the country in which you are resident or from which you use the SDK.
mobile	Run android-actions/setup-android@v3	2026-10-03T16:05:04.0929186Z 
mobile	Run android-actions/setup-android@v3	2026-10-03T16:05:04.0929777Z 2.4 If you are agreeing to be bound by the License Agreement on behalf of your employer or other entity, you represent and warrant that you have full legal authority to bind your employer or such entity to the License Agreement. If you do not have the requisite authority, you may not accept the License Agreement or use the SDK on behalf of your employer or other entity.
mobile	Run android-actions/setup-android@v3	2026-10-03T16:05:04.0930411Z 
mobile	Run android-actions/setup-android@v3	2026-10-03T16:05:04.0930506Z 
mobile	Run android-actions/setup-android@v3	2026-10-03T16:05:04.0930563Z 3. SDK License from Google
mobile	Run android-actions/setup-android@v3	2026-10-03T16:05:04.0930650Z 
mobile	Run android-actions/setup-android@v3	2026-10-03T16:05:04.0931080Z 3.1 Subject to the terms of the License Agreement, Google grants you a limited, worldwide, royalty-free, non-assignable, non-exclusive, and non-sublicensable license to use the SDK solely to develop applications for compatible implementations of Android.
mobile	Run android-actions/setup-android@v3	2026-10-03T16:05:04.0931785Z 
mobile	Run android-actions/setup-android@v3	2026-10-03T16:05:04.0932329Z 3.2 You may not use this SDK to develop applications for other platforms (including non-compatible implementations of Android) or to develop another SDK. You are of course free to develop applications for other platforms, including non-compatible implementations of Android, provided that this SDK is not used for that purpose.
mobile	Run android-actions/setup-android@v3	2026-10-03T16:05:04.0932916Z 
mobile	Run android-actions/setup-android@v3	2026-10-03T16:05:04.0933556Z 3.3 You agree that Google or third parties own all legal right, title and interest in and to the SDK, including any Intellectual Property Rights that subsist in the SDK. "Intellectual Property Rights" means any and all rights under patent law, copyright law, trade secret law, trademark law, and any and all other proprietary rights. Google reserves all rights not expressly granted to you.
mobile	Run android-actions/setup-android@v3	2026-10-03T16:05:04.0934330Z 
mobile	Run android-actions/setup-android@v3	2026-10-03T16:05:04.0934886Z 3.4 You may not use the SDK for any purpose not expressly permitted by the License Agreement. Except to the extent required by applicable third party licenses, you may not copy (except for backup purposes), modify, adapt, redistribute, decompile, reverse engineer, disassemble, or create derivative works of the SDK or any part of the SDK.
mobile	Run android-actions/setup-android@v3	2026-10-03T16:05:04.0935486Z 
mobile	Run android-actions/setup-android@v3	2026-10-03T16:05:04.0935833Z 3.5 Use, reproduction and distribution of components of the SDK licensed under an open source software license are governed solely by the terms of that open source software license and not the License Agreement.
mobile	Run android-actions/setup-android@v3	2026-10-03T16:05:04.0936223Z 
mobile	Run android-actions/setup-android@v3	2026-10-03T16:05:04.0936903Z 3.6 You agree that the form and nature of the SDK that Google provides may change without prior notice to you and that future versions of the SDK may be incompatible with applications developed on previous versions of the SDK. You agree that Google may stop (permanently or temporarily) providing the SDK (or any features within the SDK) to you or to users generally at Google's sole discretion, without prior notice to you.
mobile	Run android-actions/setup-android@v3	2026-10-03T16:05:04.0937634Z 
mobile	Run android-actions/setup-android@v3	2026-10-03T16:05:04.0937914Z 3.7 Nothing in the License Agreement gives you a right to use any of Google's trade names, trademarks, service marks, logos, domain names, or other distinctive brand features.
mobile	Run android-actions/setup-android@v3	2026-10-03T16:05:04.0938611Z 
mobile	Run android-actions/setup-android@v3	2026-10-03T16:05:04.0938913Z 3.8 You agree that you will not remove, obscure, or alter any proprietary rights notices (including copyright and trademark notices) that may be affixed to or contained within the SDK.
mobile	Run android-actions/setup-android@v3	2026-10-03T16:05:04.0939262Z 
mobile	Run android-actions/setup-android@v3	2026-10-03T16:05:04.0939265Z 
mobile	Run android-actions/setup-android@v3	2026-10-03T16:05:04.0939320Z 4. Use of the SDK by You
mobile	Run android-actions/setup-android@v3	2026-10-03T16:05:04.0939406Z 
mobile	Run android-actions/setup-android@v3	2026-10-03T16:05:04.0939843Z 4.1 Google agrees that it obtains no right, title or interest from you (or your licensors) under the License Agreement in or to any software applications that you develop using the SDK, including any intellectual property rights that subsist in those applications.
mobile	Run android-actions/setup-android@v3	2026-10-03T16:05:04.0940325Z 
mobile	Run android-actions/setup-android@v3	2026-10-03T16:05:04.0940898Z 4.2 You agree to use the SDK and write applications only for purposes that are permitted by (a) the License Agreement and (b) any applicable law, regulation or generally accepted practices or guidelines in the relevant jurisdictions (including any laws regarding the export of data or software to and from the United States or other relevant countries).
mobile	Run android-actions/setup-android@v3	2026-10-03T16:05:04.0941521Z 
mobile	Run android-actions/setup-android@v3	2026-10-03T16:05:04.0942798Z 4.3 You agree that if you use the SDK to develop applications for general public users, you will protect the privacy and legal rights of those users. If the users provide you with user names, passwords, or other login information or personal information, you must make the users aware that the information will be available to your application, and you must provide legally adequate privacy notice and protection for those users. If your application stores personal or sensitive information provided by users, it must do so securely. If the user provides your application with Google Account information, your application may only use that information to access the user's Google Account when, and for the limited purposes for which, the user has given you permission to do so.
mobile	Run android-actions/setup-android@v3	2026-10-03T16:05:04.0945488Z 
mobile	Run android-actions/setup-android@v3	2026-10-03T16:05:04.0946483Z 4.4 You agree that you will not engage in any activity with the SDK, including the development or distribution of an application, that interferes with, disrupts, damages, or accesses in an unauthorized manner the servers, networks, or other properties or services of any third party including, but not limited to, Google or any mobile communications carrier.
mobile	Run android-actions/setup-android@v3	2026-10-03T16:05:04.0947496Z 
mobile	Run android-actions/setup-android@v3	2026-10-03T16:05:04.0948515Z 4.5 You agree that you are solely responsible for (and that Google has no responsibility to you or to any third party for) any data, content, or resources that you create, transmit or display through Android and/or applications for Android, and for the consequences of your actions (including any loss or damage which Google may suffer) by doing so.
mobile	Run android-actions/setup-android@v3	2026-10-03T16:05:04.0949666Z 
mobile	Run android-actions/setup-android@v3	2026-10-03T16:05:04.0950709Z 4.6 You agree that you are solely responsible for (and that Google has no responsibility to you or to any third party for) any breach of your obligations under the License Agreement, any applicable third party contract or Terms of Service, or any applicable law or regulation, and for the consequences (including any loss or damage which Google or any third party may suffer) of any such breach.
mobile	Run android-actions/setup-android@v3	2026-10-03T16:05:04.0951794Z 
mobile	Run android-actions/setup-android@v3	2026-10-03T16:05:04.0953129Z 4.7 This software enables the execution of intellectual property owned by Arm Limited. You agree that your use of the software, that allows execution of ARM Instruction Set Architecture (“ISA”) compliant executables for application development and debug only on x86 desktop, laptop, customer on-premise servers, and customer-procured cloud-based environments.
mobile	Run android-actions/setup-android@v3	2026-10-03T16:05:04.0954215Z 
mobile	Run android-actions/setup-android@v3	2026-10-03T16:05:04.0954304Z 5. Your Developer Credentials
mobile	Run android-actions/setup-android@v3	2026-10-03T16:05:04.0954458Z 
mobile	Run android-actions/setup-android@v3	2026-10-03T16:05:04.0955231Z 5.1 You agree that you are responsible for maintaining the confidentiality of any developer credentials that may be issued to you by Google or which you may choose yourself and that you will be solely responsible for all applications that are developed under your developer credentials.
mobile	Run android-actions/setup-android@v3	2026-10-03T16:05:04.0956073Z 
mobile	Run android-actions/setup-android@v3	2026-10-03T16:05:04.0956150Z 6. Privacy and Information
mobile	Run android-actions/setup-android@v3	2026-10-03T16:05:04.0956283Z 
mobile	Run android-actions/setup-android@v3	2026-10-03T16:05:04.0957573Z 6.1 In order to continually innovate and improve the SDK, Google may collect certain usage statistics from the software including but not limited to a unique identifier, associated IP address, version number of the software, and information on which tools and/or services in the SDK are being used and how they are being used. Before any of this information is collected, the SDK will notify you and seek your consent. If you withhold consent, the information will not be collected.
mobile	Run android-actions/setup-android@v3	2026-10-03T16:05:04.0959018Z 
mobile	Run android-actions/setup-android@v3	2026-10-03T16:05:04.0959350Z 6.2 The data collected is examined in the aggregate to improve the SDK and is maintained in accordance with Google's Privacy Policy.
mobile	Run android-actions/setup-android@v3	2026-10-03T16:05:04.0959792Z 
mobile	Run android-actions/setup-android@v3	2026-10-03T16:05:04.0959797Z 
mobile	Run android-actions/setup-android@v3	2026-10-03T16:05:04.0959881Z 7. Third Party Applications
mobile	Run android-actions/setup-android@v3	2026-10-03T16:05:04.0960026Z 
mobile	Run android-actions/setup-android@v3	2026-10-03T16:05:04.0961632Z 7.1 If you use the SDK to run applications developed by a third party or that access data, content or resources provided by a third party, you agree that Google is not responsible for those applications, data, content, or resources. You understand that all data, content or resources which you may access through such third party applications are the sole responsibility of the person from which they originated and that Google is not liable for any loss or damage that you may experience as a result of the use or access of any of those third party applications, data, content, or resources.
mobile	Run android-actions/setup-android@v3	2026-10-03T16:05:04.0963408Z 
mobile	Run android-actions/setup-android@v3	2026-10-03T16:05:04.0964712Z 7.2 You should be aware the data, content, and resources presented to you through such a third party application may be protected by intellectual property rights which are owned by the providers (or by other persons or companies on their behalf). You may not modify, rent, lease, loan, sell, distribute or create derivative works based on these data, content, or resources (either in whole or in part) unless you have been specifically given permission to do so by the relevant owners.
mobile	Run android-actions/setup-android@v3	2026-10-03T16:05:04.0966117Z 
mobile	Run android-actions/setup-android@v3	2026-10-03T16:05:04.0966834Z 7.3 You acknowledge that your use of such third party applications, data, content, or resources may be subject to separate terms between you and the relevant third party. In that case, the License Agreement does not affect your legal relationship with these third parties.
mobile	Run android-actions/setup-android@v3	2026-10-03T16:05:04.0967631Z 
mobile	Run android-actions/setup-android@v3	2026-10-03T16:05:04.0967635Z 
mobile	Run android-actions/setup-android@v3	2026-10-03T16:05:04.0967716Z 8. Using Android APIs
mobile	Run android-actions/setup-android@v3	2026-10-03T16:05:04.0967838Z 
mobile	Run android-actions/setup-android@v3	2026-10-03T16:05:04.0967914Z 8.1 Google Data APIs
mobile	Run android-actions/setup-android@v3	2026-10-03T16:05:04.0968029Z 
mobile	Run android-actions/setup-android@v3	2026-10-03T16:05:04.0969457Z 8.1.1 If you use any API to retrieve data from Google, you acknowledge that the data may be protected by intellectual property rights which are owned by Google or those parties that provide the data (or by other persons or companies on their behalf). Your use of any such API may be subject to additional Terms of Service. You may not modify, rent, lease, loan, sell, distribute or create derivative works based on this data (either in whole or in part) unless allowed by the relevant Terms of Service.
mobile	Run android-actions/setup-android@v3	2026-10-03T16:05:04.0970955Z 
mobile	Run android-actions/setup-android@v3	2026-10-03T16:05:04.0973245Z 8.1.2 If you use any API to retrieve a user's data from Google, you acknowledge and agree that you shall retrieve data only with the user's explicit consent and only when, and for the limited purposes for which, the user has given you permission to do so. If you use the Android Recognition Service API, documented at the following URL: https://developer.android.com/reference/android/speech/RecognitionService, as updated from time to time, you acknowledge that the use of the API is subject to the Data Processing Addendum for Products where Google is a Data Processor, which is located at the following URL: https://privacy.google.com/businesses/gdprprocessorterms/, as updated from time to time. By clicking to accept, you hereby agree to the terms of the Data Processing Addendum for Products where Google is a Data Processor.
mobile	Run android-actions/setup-android@v3	2026-10-03T16:05:04.0975587Z 
mobile	Run android-actions/setup-android@v3	2026-10-03T16:05:04.0975590Z 
mobile	Run android-actions/setup-android@v3	2026-10-03T16:05:04.0975680Z 9. Terminating the License Agreement
mobile	Run android-actions/setup-android@v3	2026-10-03T16:05:04.0975845Z 
mobile	Run android-actions/setup-android@v3	2026-10-03T16:05:04.0976118Z 9.1 The License Agreement will continue to apply until terminated by either you or Google as set out below.
mobile	Run android-actions/setup-android@v3	2026-10-03T16:05:04.0976475Z 
mobile	Run android-actions/setup-android@v3	2026-10-03T16:05:04.0976813Z 9.2 If you want to terminate the License Agreement, you may do so by ceasing your use of the SDK and any relevant developer credentials.
mobile	Run android-actions/setup-android@v3	2026-10-03T16:05:04.0977272Z 
mobile	Run android-actions/setup-android@v3	2026-10-03T16:05:04.0979072Z 9.3 Google may at any time, terminate the License Agreement with you if: (A) you have breached any provision of the License Agreement; or (B) Google is required to do so by law; or (C) the partner with whom Google offered certain parts of SDK (such as APIs) to you has terminated its relationship with Google or ceased to offer certain parts of the SDK to you; or (D) Google decides to no longer provide the SDK or certain parts of the SDK to users in the country in which you are resident or from which you use the service, or the provision of the SDK or certain SDK services to you by Google is, in Google's sole discretion, no longer commercially viable.
mobile	Run android-actions/setup-android@v3	2026-10-03T16:05:04.0980844Z 
mobile	Run android-actions/setup-android@v3	2026-10-03T16:05:04.0982053Z 9.4 When the License Agreement comes to an end, all of the legal rights, obligations and liabilities that you and Google have benefited from, been subject to (or which have accrued over time whilst the License Agreement has been in force) or which are expressed to continue indefinitely, shall be unaffected by this cessation, and the provisions of paragraph 14.7 shall continue to apply to such rights, obligations and liabilities indefinitely.
mobile	Run android-actions/setup-android@v3	2026-10-03T16:05:04.0983435Z 
mobile	Run android-actions/setup-android@v3	2026-10-03T16:05:04.0983439Z 
mobile	Run android-actions/setup-android@v3	2026-10-03T16:05:04.0983522Z 10. DISCLAIMER OF WARRANTIES
mobile	Run android-actions/setup-android@v3	2026-10-03T16:05:04.0983669Z 
mobile	Run android-actions/setup-android@v3	2026-10-03T16:05:04.0984112Z 10.1 YOU EXPRESSLY UNDERSTAND AND AGREE THAT YOUR USE OF THE SDK IS AT YOUR SOLE RISK AND THAT THE SDK IS PROVIDED "AS IS" AND "AS AVAILABLE" WITHOUT WARRANTY OF ANY KIND FROM GOOGLE.
mobile	Run android-actions/setup-android@v3	2026-10-03T16:05:04.0984638Z 
mobile	Run android-actions/setup-android@v3	2026-10-03T16:05:04.0985320Z 10.2 YOUR USE OF THE SDK AND ANY MATERIAL DOWNLOADED OR OTHERWISE OBTAINED THROUGH THE USE OF THE SDK IS AT YOUR OWN DISCRETION AND RISK AND YOU ARE SOLELY RESPONSIBLE FOR ANY DAMAGE TO YOUR COMPUTER SYSTEM OR OTHER DEVICE OR LOSS OF DATA THAT RESULTS FROM SUCH USE.
mobile	Run android-actions/setup-android@v3	2026-10-03T16:05:04.0986093Z 
mobile	Run android-actions/setup-android@v3	2026-10-03T16:05:04.0986764Z 10.3 GOOGLE FURTHER EXPRESSLY DISCLAIMS ALL WARRANTIES AND CONDITIONS OF ANY KIND, WHETHER EXPRESS OR IMPLIED, INCLUDING, BUT NOT LIMITED TO THE IMPLIED WARRANTIES AND CONDITIONS OF MERCHANTABILITY, FITNESS FOR A PARTICULAR PURPOSE AND NON-INFRINGEMENT.
mobile	Run android-actions/setup-android@v3	2026-10-03T16:05:04.0987614Z 
mobile	Run android-actions/setup-android@v3	2026-10-03T16:05:04.0987618Z 
mobile	Run android-actions/setup-android@v3	2026-10-03T16:05:04.0987700Z 11. LIMITATION OF LIABILITY
mobile	Run android-actions/setup-android@v3	2026-10-03T16:05:04.0987838Z 
mobile	Run android-actions/setup-android@v3	2026-10-03T16:05:04.0989097Z 11.1 YOU EXPRESSLY UNDERSTAND AND AGREE THAT GOOGLE, ITS SUBSIDIARIES AND AFFILIATES, AND ITS LICENSORS SHALL NOT BE LIABLE TO YOU UNDER ANY THEORY OF LIABILITY FOR ANY DIRECT, INDIRECT, INCIDENTAL, SPECIAL, CONSEQUENTIAL OR EXEMPLARY DAMAGES THAT MAY BE INCURRED BY YOU, INCLUDING ANY LOSS OF DATA, WHETHER OR NOT GOOGLE OR ITS REPRESENTATIVES HAVE BEEN ADVISED OF OR SHOULD HAVE BEEN AWARE OF THE POSSIBILITY OF ANY SUCH LOSSES ARISING.
mobile	Run android-actions/setup-android@v3	2026-10-03T16:05:04.0990328Z 
mobile	Run android-actions/setup-android@v3	2026-10-03T16:05:04.0990332Z 
mobile	Run android-actions/setup-android@v3	2026-10-03T16:05:04.0990409Z 12. Indemnification
mobile	Run android-actions/setup-android@v3	2026-10-03T16:05:04.0990524Z 
mobile	Run android-actions/setup-android@v3	2026-10-03T16:05:04.0992470Z 12.1 To the maximum extent permitted by law, you agree to defend, indemnify and hold harmless Google, its affiliates and their respective directors, officers, employees and agents from and against any and all claims, actions, suits or proceedings, as well as any and all losses, liabilities, damages, costs and expenses (including reasonable attorneys fees) arising out of or accruing from (a) your use of the SDK, (b) any application you develop on the SDK that infringes any copyright, trademark, trade secret, trade dress, patent or other intellectual property right of any person or defames any person or violates their rights of publicity or privacy, and (c) any non-compliance by you with the License Agreement.
mobile	Run android-actions/setup-android@v3	2026-10-03T16:05:04.0994501Z 
mobile	Run android-actions/setup-android@v3	2026-10-03T16:05:04.0994505Z 
mobile	Run android-actions/setup-android@v3	2026-10-03T16:05:04.0994596Z 13. Changes to the License Agreement
mobile	Run android-actions/setup-android@v3	2026-10-03T16:05:04.0994756Z 
mobile	Run android-actions/setup-android@v3	2026-10-03T16:05:04.0995378Z 13.1 Google may make changes to the License Agreement as it distributes new versions of the SDK. When these changes are made, Google will make a new version of the License Agreement available on the website where the SDK is made available.
mobile	Run android-actions/setup-android@v3	2026-10-03T16:05:04.0996077Z 
mobile	Run android-actions/setup-android@v3	2026-10-03T16:05:04.0996081Z 
mobile	Run android-actions/setup-android@v3	2026-10-03T16:05:04.0996158Z 14. General Legal Terms
mobile	Run android-actions/setup-android@v3	2026-10-03T16:05:04.0996291Z 
mobile	Run android-actions/setup-android@v3	2026-10-03T16:05:04.0997116Z 14.1 The License Agreement constitutes the whole legal agreement between you and Google and governs your use of the SDK (excluding any services which Google may provide to you under a separate written agreement), and completely replaces any prior agreements between you and Google in relation to the SDK.
mobile	Run android-actions/setup-android@v3	2026-10-03T16:05:04.0998011Z 
mobile	Run android-actions/setup-android@v3	2026-10-03T16:05:04.0999340Z 14.2 You agree that if Google does not exercise or enforce any legal right or remedy which is contained in the License Agreement (or which Google has the benefit of under any applicable law), this will not be taken to be a formal waiver of Google's rights and that those rights or remedies will still be available to Google.
mobile	Run android-actions/setup-android@v3	2026-10-03T16:05:04.1000269Z 
mobile	Run android-actions/setup-android@v3	2026-10-03T16:05:04.1001223Z 14.3 If any court of law, having the jurisdiction to decide on this matter, rules that any provision of the License Agreement is invalid, then that provision will be removed from the License Agreement without affecting the rest of the License Agreement. The remaining provisions of the License Agreement will continue to be valid and enforceable.
mobile	Run android-actions/setup-android@v3	2026-10-03T16:05:04.1002347Z 
mobile	Run android-actions/setup-android@v3	2026-10-03T16:05:04.1003552Z 14.4 You acknowledge and agree that each member of the group of companies of which Google is the parent shall be third party beneficiaries to the License Agreement and that such other companies shall be entitled to directly enforce, and rely upon, any provision of the License Agreement that confers a benefit on (or rights in favor of) them. Other than this, no other person or company shall be third party beneficiaries to the License Agreement.
mobile	Run android-actions/setup-android@v3	2026-10-03T16:05:04.1004823Z 
mobile	Run android-actions/setup-android@v3	2026-10-03T16:05:04.1005539Z 14.5 EXPORT RESTRICTIONS. THE SDK IS SUBJECT TO UNITED STATES EXPORT LAWS AND REGULATIONS. YOU MUST COMPLY WITH ALL DOMESTIC AND INTERNATIONAL EXPORT LAWS AND REGULATIONS THAT APPLY TO THE SDK. THESE LAWS INCLUDE RESTRICTIONS ON DESTINATIONS, END USERS AND END USE.
mobile	Run android-actions/setup-android@v3	2026-10-03T16:05:04.1006340Z 
mobile	Run android-actions/setup-android@v3	2026-10-03T16:05:04.1007270Z 14.6 The rights granted in the License Agreement may not be assigned or transferred by either you or Google without the prior written approval of the other party. Neither you nor Google shall be permitted to delegate their responsibilities or obligations under the License Agreement without the prior written approval of the other party.
mobile	Run android-actions/setup-android@v3	2026-10-03T16:05:04.1008458Z 
mobile	Run android-actions/setup-android@v3	2026-10-03T16:05:04.1010009Z 14.7 The License Agreement, and your relationship with Google under the License Agreement, shall be governed by the laws of the State of California without regard to its conflict of laws provisions. You and Google agree to submit to the exclusive jurisdiction of the courts located within the county of Santa Clara, California to resolve any legal matter arising from the License Agreement. Notwithstanding this, you agree that Google shall still be allowed to apply for injunctive remedies (or an equivalent type of urgent legal relief) in any jurisdiction.
mobile	Run android-actions/setup-android@v3	2026-10-03T16:05:04.1011624Z 
mobile	Run android-actions/setup-android@v3	2026-10-03T16:05:04.1011627Z 
mobile	Run android-actions/setup-android@v3	2026-10-03T16:05:04.1011705Z January 16, 2019
mobile	Run android-actions/setup-android@v3	2026-10-03T16:05:04.1011902Z ---------------------------------------
mobile	Run android-actions/setup-android@v3	2026-10-03T16:05:04.1012138Z Accept? (y/N): 
mobile	Run android-actions/setup-android@v3	2026-10-03T16:05:04.1012356Z 4/6: License android-sdk-preview-license:
mobile	Run android-actions/setup-android@v3	2026-10-03T16:05:04.1012616Z ---------------------------------------
mobile	Run android-actions/setup-android@v3	2026-10-03T16:05:04.1013814Z To get started with the Android SDK Preview, you must agree to the following terms and conditions. As described below, please note that this is a preview version of the Android SDK, subject to change, that you use at your own risk. The Android SDK Preview is not a stable release, and may contain errors and defects that can result in serious damage to your computer systems, devices and data.
mobile	Run android-actions/setup-android@v3	2026-10-03T16:05:04.1014932Z 
mobile	Run android-actions/setup-android@v3	2026-10-03T16:05:04.1015114Z This is the Android SDK Preview License Agreement (the "License Agreement").
mobile	Run android-actions/setup-android@v3	2026-10-03T16:05:04.1015395Z 
mobile	Run android-actions/setup-android@v3	2026-10-03T16:05:04.1015465Z 1. Introduction
mobile	Run android-actions/setup-android@v3	2026-10-03T16:05:04.1015576Z 
mobile	Run android-actions/setup-android@v3	2026-10-03T16:05:04.1016976Z 1.1 The Android SDK Preview (referred to in the License Agreement as the “Preview” and specifically including the Android system files, packaged APIs, and Preview library files, if and when they are made available) is licensed to you subject to the terms of the License Agreement. The License Agreement forms a legally binding contract between you and Google in relation to your use of the Preview.
mobile	Run android-actions/setup-android@v3	2026-10-03T16:05:04.1018241Z 
mobile	Run android-actions/setup-android@v3	2026-10-03T16:05:04.1018812Z 1.2 "Android" means the Android software stack for devices, as made available under the Android Open Source Project, which is located at the following URL: http://source.android.com/, as updated from time to time.
mobile	Run android-actions/setup-android@v3	2026-10-03T16:05:04.1019452Z 
mobile	Run android-actions/setup-android@v3	2026-10-03T16:05:04.1019869Z 1.3 "Google" means Google Inc., a Delaware corporation with principal place of business at 1600 Amphitheatre Parkway, Mountain View, CA 94043, United States.
mobile	Run android-actions/setup-android@v3	2026-10-03T16:05:04.1020489Z 
mobile	Run android-actions/setup-android@v3	2026-10-03T16:05:04.1020581Z 2. Accepting the License Agreement
mobile	Run android-actions/setup-android@v3	2026-10-03T16:05:04.1020743Z 
mobile	Run android-actions/setup-android@v3	2026-10-03T16:05:04.1021125Z 2.1 In order to use the Preview, you must first agree to the License Agreement. You may not use the Preview if you do not accept the License Agreement.
mobile	Run android-actions/setup-android@v3	2026-10-03T16:05:04.1021599Z 
mobile	Run android-actions/setup-android@v3	2026-10-03T16:05:04.1021866Z 2.2 By clicking to accept and/or using the Preview, you hereby agree to the terms of the License Agreement.
mobile	Run android-actions/setup-android@v3	2026-10-03T16:05:04.1022212Z 
mobile	Run android-actions/setup-android@v3	2026-10-03T16:05:04.1022915Z 2.3 You may not use the Preview and may not accept the License Agreement if you are a person barred from receiving the Preview under the laws of the United States or other countries including the country in which you are resident or from which you use the Preview.
mobile	Run android-actions/setup-android@v3	2026-10-03T16:05:04.1023678Z 
mobile	Run android-actions/setup-android@v3	2026-10-03T16:05:04.1024844Z 2.4 If you will use the Preview internally within your company or organization you agree to be bound by the License Agreement on behalf of your employer or other entity, and you represent and warrant that you have full legal authority to bind your employer or such entity to the License Agreement. If you do not have the requisite authority, you may not accept the License Agreement or use the Preview on behalf of your employer or other entity.
mobile	Run android-actions/setup-android@v3	2026-10-03T16:05:04.1026190Z 
mobile	Run android-actions/setup-android@v3	2026-10-03T16:05:04.1026277Z 3. Preview License from Google
mobile	Run android-actions/setup-android@v3	2026-10-03T16:05:04.1026422Z 
mobile	Run android-actions/setup-android@v3	2026-10-03T16:05:04.1027281Z 3.1 Subject to the terms of the License Agreement, Google grants you a royalty-free, non-assignable, non-exclusive, non-sublicensable, limited, revocable license to use the Preview, personally or internally within your company or organization, solely to develop applications to run on the Android platform.
mobile	Run android-actions/setup-android@v3	2026-10-03T16:05:04.1028328Z 
mobile	Run android-actions/setup-android@v3	2026-10-03T16:05:04.1029423Z 3.2 You agree that Google or third parties owns all legal right, title and interest in and to the Preview, including any Intellectual Property Rights that subsist in the Preview. "Intellectual Property Rights" means any and all rights under patent law, copyright law, trade secret law, trademark law, and any and all other proprietary rights. Google reserves all rights not expressly granted to you.
mobile	Run android-actions/setup-android@v3	2026-10-03T16:05:04.1030634Z 
mobile	Run android-actions/setup-android@v3	2026-10-03T16:05:04.1032280Z 3.3 You may not use the Preview for any purpose not expressly permitted by the License Agreement. Except to the extent required by applicable third party licenses, you may not: (a) copy (except for backup purposes), modify, adapt, redistribute, decompile, reverse engineer, disassemble, or create derivative works of the Preview or any part of the Preview; or (b) load any part of the Preview onto a mobile handset or any other hardware device except a personal computer, combine any part of the Preview with other software, or distribute any software or device incorporating a part of the Preview.
mobile	Run android-actions/setup-android@v3	2026-10-03T16:05:04.1033983Z 
mobile	Run android-actions/setup-android@v3	2026-10-03T16:05:04.1034666Z 3.4 You agree that you will not take any actions that may cause or result in the fragmentation of Android, including but not limited to distributing, participating in the creation of, or promoting in any way a software development kit derived from the Preview.
mobile	Run android-actions/setup-android@v3	2026-10-03T16:05:04.1035393Z 
mobile	Run android-actions/setup-android@v3	2026-10-03T16:05:04.1036484Z 3.5 Use, reproduction and distribution of components of the Preview licensed under an open source software license are governed solely by the terms of that open source software license and not the License Agreement. You agree to remain a licensee in good standing in regard to such open source software licenses under all the rights granted and to refrain from any actions that may terminate, suspend, or breach such rights.
mobile	Run android-actions/setup-android@v3	2026-10-03T16:05:04.1037726Z 
mobile	Run android-actions/setup-android@v3	2026-10-03T16:05:04.1038978Z 3.6 You agree that the form and nature of the Preview that Google provides may change without prior notice to you and that future versions of the Preview may be incompatible with applications developed on previous versions of the Preview. You agree that Google may stop (permanently or temporarily) providing the Preview (or any features within the Preview) to you or to users generally at Google's sole discretion, without prior notice to you.
mobile	Run android-actions/setup-android@v3	2026-10-03T16:05:04.1040477Z 
mobile	Run android-actions/setup-android@v3	2026-10-03T16:05:04.1040896Z 3.7 Nothing in the License Agreement gives you a right to use any of Google's trade names, trademarks, service marks, logos, domain names, or other distinctive brand features.
mobile	Run android-actions/setup-android@v3	2026-10-03T16:05:04.1041248Z 
mobile	Run android-actions/setup-android@v3	2026-10-03T16:05:04.1041557Z 3.8 You agree that you will not remove, obscure, or alter any proprietary rights notices (including copyright and trademark notices) that may be affixed to or contained within the Preview.
mobile	Run android-actions/setup-android@v3	2026-10-03T16:05:04.1041913Z 
mobile	Run android-actions/setup-android@v3	2026-10-03T16:05:04.1060627Z 4. Use of the Preview by You
mobile	Run android-actions/setup-android@v3	2026-10-03T16:05:04.1060823Z 
mobile	Run android-actions/setup-android@v3	2026-10-03T16:05:04.1061546Z 4.1 Google agrees that nothing in the License Agreement gives Google any right, title or interest from you (or your licensors) under the License Agreement in or to any software applications that you develop using the Preview, including any intellectual property rights that subsist in those applications.
mobile	Run android-actions/setup-android@v3	2026-10-03T16:05:04.1062118Z 
mobile	Run android-actions/setup-android@v3	2026-10-03T16:05:04.1062707Z 4.2 You agree to use the Preview and write applications only for purposes that are permitted by (a) the License Agreement, and (b) any applicable law, regulation or generally accepted practices or guidelines in the relevant jurisdictions (including any laws regarding the export of data or software to and from the United States or other relevant countries).
mobile	Run android-actions/setup-android@v3	2026-10-03T16:05:04.1063485Z 
mobile	Run android-actions/setup-android@v3	2026-10-03T16:05:04.1064687Z 4.3 You agree that if you use the Preview to develop applications, you will protect the privacy and legal rights of users. If users provide you with user names, passwords, or other login information or personal information, you must make the users aware that the information will be available to your application, and you must provide legally adequate privacy notice and protection for those users. If your application stores personal or sensitive information provided by users, it must do so securely. If users provide you with Google Account information, your application may only use that information to access the user's Google Account when, and for the limited purposes for which, each user has given you permission to do so.
mobile	Run android-actions/setup-android@v3	2026-10-03T16:05:04.1065925Z 
mobile	Run android-actions/setup-android@v3	2026-10-03T16:05:04.1066412Z 4.4 You agree that you will not engage in any activity with the Preview, including the development or distribution of an application, that interferes with, disrupts, damages, or accesses in an unauthorized manner the servers, networks, or other properties or services of Google or any third party.
mobile	Run android-actions/setup-android@v3	2026-10-03T16:05:04.1066973Z 
mobile	Run android-actions/setup-android@v3	2026-10-03T16:05:04.1067669Z 4.5 You agree that you are solely responsible for (and that Google has no responsibility to you or to any third party for) any data, content, or resources that you create, transmit or display through Android and/or applications for Android, and for the consequences of your actions (including any loss or damage which Google may suffer) by doing so.
mobile	Run android-actions/setup-android@v3	2026-10-03T16:05:04.1068473Z 
mobile	Run android-actions/setup-android@v3	2026-10-03T16:05:04.1069114Z 4.6 You agree that you are solely responsible for (and that Google has no responsibility to you or to any third party for) any breach of your obligations under the License Agreement, any applicable third party contract or Terms of Service, or any applicable law or regulation, and for the consequences (including any loss or damage which Google or any third party may suffer) of any such breach.
mobile	Run android-actions/setup-android@v3	2026-10-03T16:05:04.1069804Z 
mobile	Run android-actions/setup-android@v3	2026-10-03T16:05:04.1070585Z 4.7 The Preview is in development, and your testing and feedback are an important part of the development process. By using the Preview, you acknowledge that implementation of some features are still under development and that you should not rely on the Preview having the full functionality of a stable release. You agree not to publicly distribute or ship any application using this Preview as this Preview will no longer be supported after the official Android SDK is released.
mobile	Run android-actions/setup-android@v3	2026-10-03T16:05:04.1071409Z 
mobile	Run android-actions/setup-android@v3	2026-10-03T16:05:04.1071473Z 5. Your Developer Credentials
mobile	Run android-actions/setup-android@v3	2026-10-03T16:05:04.1071660Z 
mobile	Run android-actions/setup-android@v3	2026-10-03T16:05:04.1072132Z 5.1 You agree that you are responsible for maintaining the confidentiality of any developer credentials that may be issued to you by Google or which you may choose yourself and that you will be solely responsible for all applications that are developed under your developer credentials.
mobile	Run android-actions/setup-android@v3	2026-10-03T16:05:04.1072647Z 
mobile	Run android-actions/setup-android@v3	2026-10-03T16:05:04.1072702Z 6. Privacy and Information
mobile	Run android-actions/setup-android@v3	2026-10-03T16:05:04.1072798Z 
mobile	Run android-actions/setup-android@v3	2026-10-03T16:05:04.1073600Z 6.1 In order to continually innovate and improve the Preview, Google may collect certain usage statistics from the software including but not limited to a unique identifier, associated IP address, version number of the software, and information on which tools and/or services in the Preview are being used and how they are being used. Before any of this information is collected, the Preview will notify you and seek your consent. If you withhold consent, the information will not be collected.
mobile	Run android-actions/setup-android@v3	2026-10-03T16:05:04.1074442Z 
mobile	Run android-actions/setup-android@v3	2026-10-03T16:05:04.1074780Z 6.2 The data collected is examined in the aggregate to improve the Preview and is maintained in accordance with Google's Privacy Policy located at http://www.google.com/policies/privacy/.
mobile	Run android-actions/setup-android@v3	2026-10-03T16:05:04.1075229Z 
mobile	Run android-actions/setup-android@v3	2026-10-03T16:05:04.1075286Z 7. Third Party Applications
mobile	Run android-actions/setup-android@v3	2026-10-03T16:05:04.1075386Z 
mobile	Run android-actions/setup-android@v3	2026-10-03T16:05:04.1076353Z 7.1 If you use the Preview to run applications developed by a third party or that access data, content or resources provided by a third party, you agree that Google is not responsible for those applications, data, content, or resources. You understand that all data, content or resources which you may access through such third party applications are the sole responsibility of the person from which they originated and that Google is not liable for any loss or damage that you may experience as a result of the use or access of any of those third party applications, data, content, or resources.
mobile	Run android-actions/setup-android@v3	2026-10-03T16:05:04.1077352Z 
mobile	Run android-actions/setup-android@v3	2026-10-03T16:05:04.1078302Z 7.2 You should be aware the data, content, and resources presented to you through such a third party application may be protected by intellectual property rights which are owned by the providers (or by other persons or companies on their behalf). You may not modify, rent, lease, loan, sell, distribute or create derivative works based on these data, content, or resources (either in whole or in part) unless you have been specifically given permission to do so by the relevant owners.
mobile	Run android-actions/setup-android@v3	2026-10-03T16:05:04.1079134Z 
mobile	Run android-actions/setup-android@v3	2026-10-03T16:05:04.1079411Z 7.3 You acknowledge that your use of such third party applications, data, content, or resources may be subject to separate terms between you and the relevant third party.
mobile	Run android-actions/setup-android@v3	2026-10-03T16:05:04.1079737Z 
mobile	Run android-actions/setup-android@v3	2026-10-03T16:05:04.1079792Z 8. Using Google APIs
mobile	Run android-actions/setup-android@v3	2026-10-03T16:05:04.1079878Z 
mobile	Run android-actions/setup-android@v3	2026-10-03T16:05:04.1079928Z 8.1 Google APIs
mobile	Run android-actions/setup-android@v3	2026-10-03T16:05:04.1080000Z 
mobile	Run android-actions/setup-android@v3	2026-10-03T16:05:04.1080803Z 8.1.1 If you use any API to retrieve data from Google, you acknowledge that the data may be protected by intellectual property rights which are owned by Google or those parties that provide the data (or by other persons or companies on their behalf). Your use of any such API may be subject to additional Terms of Service. You may not modify, rent, lease, loan, sell, distribute or create derivative works based on this data (either in whole or in part) unless allowed by the relevant Terms of Service.
mobile	Run android-actions/setup-android@v3	2026-10-03T16:05:04.1081650Z 
mobile	Run android-actions/setup-android@v3	2026-10-03T16:05:04.1082059Z 8.1.2 If you use any API to retrieve a user's data from Google, you acknowledge and agree that you shall retrieve data only with the user's explicit consent and only when, and for the limited purposes for which, the user has given you permission to do so.
mobile	Run android-actions/setup-android@v3	2026-10-03T16:05:04.1082515Z 
mobile	Run android-actions/setup-android@v3	2026-10-03T16:05:04.1082649Z 9. Terminating the License Agreement
mobile	Run android-actions/setup-android@v3	2026-10-03T16:05:04.1082763Z 
mobile	Run android-actions/setup-android@v3	2026-10-03T16:05:04.1082941Z 9.1 the License Agreement will continue to apply until terminated by either you or Google as set out below.
mobile	Run android-actions/setup-android@v3	2026-10-03T16:05:04.1083174Z 
mobile	Run android-actions/setup-android@v3	2026-10-03T16:05:04.1083393Z 9.2 If you want to terminate the License Agreement, you may do so by ceasing your use of the Preview and any relevant developer credentials.
mobile	Run android-actions/setup-android@v3	2026-10-03T16:05:04.1083751Z 
mobile	Run android-actions/setup-android@v3	2026-10-03T16:05:04.1083927Z 9.3 Google may at any time, terminate the License Agreement, with or without cause, upon notice to you.
mobile	Run android-actions/setup-android@v3	2026-10-03T16:05:04.1084140Z 
mobile	Run android-actions/setup-android@v3	2026-10-03T16:05:04.1084681Z 9.4 The License Agreement will automatically terminate without notice or other action upon the earlier of: (A) when Google ceases to provide the Preview or certain parts of the Preview to users in the country in which you are resident or from which you use the service; and (B) Google issues a final release version of the Android SDK.
mobile	Run android-actions/setup-android@v3	2026-10-03T16:05:04.1085266Z 
mobile	Run android-actions/setup-android@v3	2026-10-03T16:05:04.1085657Z 9.5 When the License Agreement is terminated, the license granted to you in the License Agreement will terminate, you will immediately cease all use of the Preview, and the provisions of paragraphs 10, 11, 12 and 14 shall survive indefinitely.
mobile	Run android-actions/setup-android@v3	2026-10-03T16:05:04.1086102Z 
mobile	Run android-actions/setup-android@v3	2026-10-03T16:05:04.1086151Z 10. DISCLAIMERS
mobile	Run android-actions/setup-android@v3	2026-10-03T16:05:04.1086223Z 
mobile	Run android-actions/setup-android@v3	2026-10-03T16:05:04.1086530Z 10.1 YOU EXPRESSLY UNDERSTAND AND AGREE THAT YOUR USE OF THE PREVIEW IS AT YOUR SOLE RISK AND THAT THE PREVIEW IS PROVIDED "AS IS" AND "AS AVAILABLE" WITHOUT WARRANTY OF ANY KIND FROM GOOGLE.
mobile	Run android-actions/setup-android@v3	2026-10-03T16:05:04.1087001Z 
mobile	Run android-actions/setup-android@v3	2026-10-03T16:05:04.1087918Z 10.2 YOUR USE OF THE PREVIEW AND ANY MATERIAL DOWNLOADED OR OTHERWISE OBTAINED THROUGH THE USE OF THE PREVIEW IS AT YOUR OWN DISCRETION AND RISK AND YOU ARE SOLELY RESPONSIBLE FOR ANY DAMAGE TO YOUR COMPUTER SYSTEM OR OTHER DEVICE OR LOSS OF DATA THAT RESULTS FROM SUCH USE. WITHOUT LIMITING THE FOREGOING, YOU UNDERSTAND THAT THE PREVIEW IS NOT A STABLE RELEASE AND MAY CONTAIN ERRORS, DEFECTS AND SECURITY VULNERABILITIES THAT CAN RESULT IN SIGNIFICANT DAMAGE, INCLUDING THE COMPLETE, IRRECOVERABLE LOSS OF USE OF YOUR COMPUTER SYSTEM OR OTHER DEVICE.
mobile	Run android-actions/setup-android@v3	2026-10-03T16:05:04.1089540Z 
mobile	Run android-actions/setup-android@v3	2026-10-03T16:05:04.1090144Z 10.3 GOOGLE FURTHER EXPRESSLY DISCLAIMS ALL WARRANTIES AND CONDITIONS OF ANY KIND, WHETHER EXPRESS OR IMPLIED, INCLUDING, BUT NOT LIMITED TO THE IMPLIED WARRANTIES AND CONDITIONS OF MERCHANTABILITY, FITNESS FOR A PARTICULAR PURPOSE AND NON-INFRINGEMENT.
mobile	Run android-actions/setup-android@v3	2026-10-03T16:05:04.1090903Z 
mobile	Run android-actions/setup-android@v3	2026-10-03T16:05:04.1090988Z 11. LIMITATION OF LIABILITY
mobile	Run android-actions/setup-android@v3	2026-10-03T16:05:04.1091123Z 
mobile	Run android-actions/setup-android@v3	2026-10-03T16:05:04.1092156Z 11.1 YOU EXPRESSLY UNDERSTAND AND AGREE THAT GOOGLE, ITS SUBSIDIARIES AND AFFILIATES, AND ITS LICENSORS SHALL NOT BE LIABLE TO YOU UNDER ANY THEORY OF LIABILITY FOR ANY DIRECT, INDIRECT, INCIDENTAL, SPECIAL, CONSEQUENTIAL OR EXEMPLARY DAMAGES THAT MAY BE INCURRED BY YOU, INCLUDING ANY LOSS OF DATA, WHETHER OR NOT GOOGLE OR ITS REPRESENTATIVES HAVE BEEN ADVISED OF OR SHOULD HAVE BEEN AWARE OF THE POSSIBILITY OF ANY SUCH LOSSES ARISING.
mobile	Run android-actions/setup-android@v3	2026-10-03T16:05:04.1093292Z 
mobile	Run android-actions/setup-android@v3	2026-10-03T16:05:04.1093369Z 12. Indemnification
mobile	Run android-actions/setup-android@v3	2026-10-03T16:05:04.1093494Z 
mobile	Run android-actions/setup-android@v3	2026-10-03T16:05:04.1095019Z 12.1 To the maximum extent permitted by law, you agree to defend, indemnify and hold harmless Google, its affiliates and their respective directors, officers, employees and agents from and against any and all claims, actions, suits or proceedings, as well as any and all losses, liabilities, damages, costs and expenses (including reasonable attorneys’ fees) arising out of or accruing from (a) your use of the Preview, (b) any application you develop on the Preview that infringes any Intellectual Property Rights of any person or defames any person or violates their rights of publicity or privacy, and (c) any non-compliance by you of the License Agreement.
mobile	Run android-actions/setup-android@v3	2026-10-03T16:05:04.1096165Z 
mobile	Run android-actions/setup-android@v3	2026-10-03T16:05:04.1096226Z 13. Changes to the License Agreement
mobile	Run android-actions/setup-android@v3	2026-10-03T16:05:04.1096338Z 
mobile	Run android-actions/setup-android@v3	2026-10-03T16:05:04.1096746Z 13.1 Google may make changes to the License Agreement as it distributes new versions of the Preview. When these changes are made, Google will make a new version of the License Agreement available on the website where the Preview is made available.
mobile	Run android-actions/setup-android@v3	2026-10-03T16:05:04.1097198Z 
mobile	Run android-actions/setup-android@v3	2026-10-03T16:05:04.1097372Z 14. General Legal Terms
mobile	Run android-actions/setup-android@v3	2026-10-03T16:05:04.1097456Z 
mobile	Run android-actions/setup-android@v3	2026-10-03T16:05:04.1097977Z 14.1 the License Agreement constitutes the whole legal agreement between you and Google and governs your use of the Preview (excluding any services which Google may provide to you under a separate written agreement), and completely replaces any prior agreements between you and Google in relation to the Preview.
mobile	Run android-actions/setup-android@v3	2026-10-03T16:05:04.1098662Z 
mobile	Run android-actions/setup-android@v3	2026-10-03T16:05:04.1099183Z 14.2 You agree that if Google does not exercise or enforce any legal right or remedy which is contained in the License Agreement (or which Google has the benefit of under any applicable law), this will not be taken to be a formal waiver of Google's rights and that those rights or remedies will still be available to Google.
mobile	Run android-actions/setup-android@v3	2026-10-03T16:05:04.1099741Z 
mobile	Run android-actions/setup-android@v3	2026-10-03T16:05:04.1100297Z 14.3 If any court of law, having the jurisdiction to decide on this matter, rules that any provision of the License Agreement is invalid, then that provision will be removed from the License Agreement without affecting the rest of the License Agreement. The remaining provisions of the License Agreement will continue to be valid and enforceable.
mobile	Run android-actions/setup-android@v3	2026-10-03T16:05:04.1100999Z 
mobile	Run android-actions/setup-android@v3	2026-10-03T16:05:04.1101726Z 14.4 You acknowledge and agree that each member of the group of companies of which Google is the parent shall be third party beneficiaries to the License Agreement and that such other companies shall be entitled to directly enforce, and rely upon, any provision of the License Agreement that confers a benefit on (or rights in favor of) them. Other than this, no other person or company shall be third party beneficiaries to the License Agreement.
mobile	Run android-actions/setup-android@v3	2026-10-03T16:05:04.1102488Z 
mobile	Run android-actions/setup-android@v3	2026-10-03T16:05:04.1102936Z 14.5 EXPORT RESTRICTIONS. THE PREVIEW IS SUBJECT TO UNITED STATES EXPORT LAWS AND REGULATIONS. YOU MUST COMPLY WITH ALL DOMESTIC AND INTERNATIONAL EXPORT LAWS AND REGULATIONS THAT APPLY TO THE PREVIEW. THESE LAWS INCLUDE RESTRICTIONS ON DESTINATIONS, END USERS AND END USE.
mobile	Run android-actions/setup-android@v3	2026-10-03T16:05:04.1103436Z 
mobile	Run android-actions/setup-android@v3	2026-10-03T16:05:04.1103952Z 14.6 The License Agreement may not be assigned or transferred by you without the prior written approval of Google, and any attempted assignment without such approval will be void. You shall not delegate your responsibilities or obligations under the License Agreement without the prior written approval of Google.
mobile	Run android-actions/setup-android@v3	2026-10-03T16:05:04.1104514Z 
mobile	Run android-actions/setup-android@v3	2026-10-03T16:05:04.1105428Z 14.7 The License Agreement, and your relationship with Google under the License Agreement, shall be governed by the laws of the State of California without regard to its conflict of laws provisions. You and Google agree to submit to the exclusive jurisdiction of the courts located within the county of Santa Clara, California to resolve any legal matter arising from the License Agreement. Notwithstanding this, you agree that Google shall still be allowed to apply for injunctive remedies (or an equivalent type of urgent legal relief) in any jurisdiction.
mobile	Run android-actions/setup-android@v3	2026-10-03T16:05:04.1106378Z 
mobile	Run android-actions/setup-android@v3	2026-10-03T16:05:04.1106425Z June 2014.
mobile	Run android-actions/setup-android@v3	2026-10-03T16:05:04.1106557Z ---------------------------------------
mobile	Run android-actions/setup-android@v3	2026-10-03T16:05:04.1106720Z Accept? (y/N): 
mobile	Run android-actions/setup-android@v3	2026-10-03T16:05:04.1106858Z 5/6: License google-gdk-license:
mobile	Run android-actions/setup-android@v3	2026-10-03T16:05:04.1107021Z ---------------------------------------
mobile	Run android-actions/setup-android@v3	2026-10-03T16:05:04.1107230Z This is a Developer Preview of the GDK that is subject to change.
mobile	Run android-actions/setup-android@v3	2026-10-03T16:05:04.1107387Z 
mobile	Run android-actions/setup-android@v3	2026-10-03T16:05:04.1107438Z Terms and Conditions
mobile	Run android-actions/setup-android@v3	2026-10-03T16:05:04.1107522Z 
mobile	Run android-actions/setup-android@v3	2026-10-03T16:05:04.1107602Z This is the Glass Development Kit License Agreement.
mobile	Run android-actions/setup-android@v3	2026-10-03T16:05:04.1107737Z 
mobile	Run android-actions/setup-android@v3	2026-10-03T16:05:04.1107783Z 1. Introduction
mobile	Run android-actions/setup-android@v3	2026-10-03T16:05:04.1107858Z 
mobile	Run android-actions/setup-android@v3	2026-10-03T16:05:04.1108600Z 1.1 The Glass Development Kit (referred to in this License Agreement as the "GDK" and specifically including the Android system files, packaged APIs, and GDK library files, if and when they are made available) is licensed to you subject to the terms of this License Agreement. This License Agreement forms a legally binding contract between you and Google in relation to your use of the GDK.
mobile	Run android-actions/setup-android@v3	2026-10-03T16:05:04.1109360Z 
mobile	Run android-actions/setup-android@v3	2026-10-03T16:05:04.1109495Z 1.2 "Glass" means Glass devices and the Glass software stack for use on Glass devices.
mobile	Run android-actions/setup-android@v3	2026-10-03T16:05:04.1109686Z 
mobile	Run android-actions/setup-android@v3	2026-10-03T16:05:04.1109689Z 
mobile	Run android-actions/setup-android@v3	2026-10-03T16:05:04.1110048Z 1.3 "Android" means the Android software stack for devices, as made available under the Android Open Source Project, which is located at the following URL: http://source.android.com/, as updated from time to time.
mobile	Run android-actions/setup-android@v3	2026-10-03T16:05:04.1110444Z 
mobile	Run android-actions/setup-android@v3	2026-10-03T16:05:04.1110703Z 1.4 "Google" means Google Inc., a Delaware corporation with principal place of business at 1600 Amphitheatre Parkway, Mountain View, CA 94043, United States.
mobile	Run android-actions/setup-android@v3	2026-10-03T16:05:04.1111013Z 
mobile	Run android-actions/setup-android@v3	2026-10-03T16:05:04.1111079Z 2. Accepting this License Agreement
mobile	Run android-actions/setup-android@v3	2026-10-03T16:05:04.1111185Z 
mobile	Run android-actions/setup-android@v3	2026-10-03T16:05:04.1111414Z 2.1 In order to use the GDK, you must first agree to this License Agreement. You may not use the GDK if you do not accept this License Agreement.
mobile	Run android-actions/setup-android@v3	2026-10-03T16:05:04.1111690Z 
mobile	Run android-actions/setup-android@v3	2026-10-03T16:05:04.1111826Z 2.2 By clicking to accept, you hereby agree to the terms of this License Agreement.
mobile	Run android-actions/setup-android@v3	2026-10-03T16:05:04.1112012Z 
mobile	Run android-actions/setup-android@v3	2026-10-03T16:05:04.1112497Z 2.3 You may not use the GDK and may not accept the License Agreement if you are a person barred from receiving the GDK under the laws of the United States or other countries including the country in which you are resident or from which you use the GDK.
mobile	Run android-actions/setup-android@v3	2026-10-03T16:05:04.1112948Z 
mobile	Run android-actions/setup-android@v3	2026-10-03T16:05:04.1113540Z 2.4 If you are agreeing to be bound by this License Agreement on behalf of your employer or other entity, you represent and warrant that you have full legal authority to bind your employer or such entity to this License Agreement. If you do not have the requisite authority, you may not accept the License Agreement or use the GDK on behalf of your employer or other entity.
mobile	Run android-actions/setup-android@v3	2026-10-03T16:05:04.1114176Z 
mobile	Run android-actions/setup-android@v3	2026-10-03T16:05:04.1114234Z 3. GDK License from Google
mobile	Run android-actions/setup-android@v3	2026-10-03T16:05:04.1114327Z 
mobile	Run android-actions/setup-android@v3	2026-10-03T16:05:04.1114737Z 3.1 Subject to the terms of this License Agreement, Google grants you a limited, worldwide, royalty-free, non-assignable and non-exclusive license to use the GDK solely to develop applications to run on the Glass platform for Glass devices.
mobile	Run android-actions/setup-android@v3	2026-10-03T16:05:04.1115192Z 
mobile	Run android-actions/setup-android@v3	2026-10-03T16:05:04.1115837Z 3.2 You agree that Google or third parties own all legal right, title and interest in and to the GDK, including any Intellectual Property Rights that subsist in the GDK. "Intellectual Property Rights" means any and all rights under patent law, copyright law, trade secret law, trademark law, and any and all other proprietary rights. Google reserves all rights not expressly granted to you.
mobile	Run android-actions/setup-android@v3	2026-10-03T16:05:04.1116524Z 
mobile	Run android-actions/setup-android@v3	2026-10-03T16:05:04.1117532Z 3.3 You may not use the GDK for any purpose not expressly permitted by this License Agreement. Except to the extent required by applicable third party licenses, you may not: (a) copy (except for backup purposes), modify, adapt, redistribute, decompile, reverse engineer, disassemble, or create derivative works of the GDK or any part of the GDK; or (b) load any part of the GDK onto a mobile handset or wearable computing device or any other hardware device except a Glass device personal computer, combine any part of the GDK with other software, or distribute any software or device incorporating a part of the GDK.
mobile	Run android-actions/setup-android@v3	2026-10-03T16:05:04.1118740Z 
mobile	Run android-actions/setup-android@v3	2026-10-03T16:05:04.1119158Z 3.4 You agree that you will not take any actions that may cause or result in the fragmentation of Glass, including but not limited to distributing, participating in the creation of, or promoting in any way a software development kit derived from the GDK.
mobile	Run android-actions/setup-android@v3	2026-10-03T16:05:04.1119613Z 
mobile	Run android-actions/setup-android@v3	2026-10-03T16:05:04.1119962Z 3.5 Use, reproduction and distribution of components of the GDK licensed under an open source software license are governed solely by the terms of that open source software license and not this License Agreement.
mobile	Run android-actions/setup-android@v3	2026-10-03T16:05:04.1120349Z 
mobile	Run android-actions/setup-android@v3	2026-10-03T16:05:04.1121028Z 3.6 You agree that the form and nature of the GDK that Google provides may change without prior notice to you and that future versions of the GDK may be incompatible with applications developed on previous versions of the GDK. You agree that Google may stop (permanently or temporarily) providing the GDK (or any features within the GDK) to you or to users generally at Google's sole discretion, without prior notice to you.
mobile	Run android-actions/setup-android@v3	2026-10-03T16:05:04.1121836Z 
mobile	Run android-actions/setup-android@v3	2026-10-03T16:05:04.1122121Z 3.7 Nothing in this License Agreement gives you a right to use any of Google's trade names, trademarks, service marks, logos, domain names, or other distinctive brand features.
mobile	Run android-actions/setup-android@v3	2026-10-03T16:05:04.1122455Z 
mobile	Run android-actions/setup-android@v3	2026-10-03T16:05:04.1122757Z 3.8 You agree that you will not remove, obscure, or alter any proprietary rights notices (including copyright and trademark notices) that may be affixed to or contained within the GDK.
mobile	Run android-actions/setup-android@v3	2026-10-03T16:05:04.1123112Z 
mobile	Run android-actions/setup-android@v3	2026-10-03T16:05:04.1123114Z 
mobile	Run android-actions/setup-android@v3	2026-10-03T16:05:04.1123711Z 3.9 Your use of any Android system files, packaged APIs, or other components of the GDK which are part of the Android Software Development Kit is subject to the terms of the Android Software Development Kit License Agreement located at http://developer.android.com/sdk/terms.html. These terms are hereby incorporated by reference into this License Agreement.
mobile	Run android-actions/setup-android@v3	2026-10-03T16:05:04.1124425Z 
mobile	Run android-actions/setup-android@v3	2026-10-03T16:05:04.1124478Z 4. Use of the GDK by You
mobile	Run android-actions/setup-android@v3	2026-10-03T16:05:04.1124569Z 
mobile	Run android-actions/setup-android@v3	2026-10-03T16:05:04.1124999Z 4.1 Google agrees that it obtains no right, title or interest from you (or your licensors) under this License Agreement in or to any software applications that you develop using the GDK, including any intellectual property rights that subsist in those applications.
mobile	Run android-actions/setup-android@v3	2026-10-03T16:05:04.1125481Z 
mobile	Run android-actions/setup-android@v3	2026-10-03T16:05:04.1126345Z 4.2 You agree to use the GDK and write applications only for purposes that are permitted by (a) this License Agreement, (b) the Glass Platform Developer Policies (located at https://developers.google.com/glass/policies, and hereby incorporated into this License Agreement by reference), and (c) any applicable law, regulation or generally accepted practices or guidelines in the relevant jurisdictions (including any laws regarding the export of data or software to and from the United States or other relevant countries).
mobile	Run android-actions/setup-android@v3	2026-10-03T16:05:04.1127248Z 
mobile	Run android-actions/setup-android@v3	2026-10-03T16:05:04.1128690Z 4.3 You agree that if you use the GDK to develop applications for general public users, you will protect the privacy and legal rights of those users. If the users provide you with user names, passwords, or other login information or personal information, you must make the users aware that the information will be available to your application, and you must provide legally adequate privacy notice and protection for those users. If your application stores personal or sensitive information provided by users, it must do so securely. If the user provides your application with Google Account information, your application may only use that information to access the user's Google Account when, and for the limited purposes for which, the user has given you permission to do so.
mobile	Run android-actions/setup-android@v3	2026-10-03T16:05:04.1129997Z 
mobile	Run android-actions/setup-android@v3	2026-10-03T16:05:04.1130524Z 4.4 You agree that you will not engage in any activity with the GDK, including the development or distribution of an application, that interferes with, disrupts, damages, or accesses in an unauthorized manner the servers, networks, or other properties or services of any third party including, but not limited to, Google.
mobile	Run android-actions/setup-android@v3	2026-10-03T16:05:04.1131096Z 
mobile	Run android-actions/setup-android@v3	2026-10-03T16:05:04.1131651Z 4.5 You agree that you are solely responsible for (and that Google has no responsibility to you or to any third party for) any data, content, or resources that you create, transmit or display through Glass and/or applications for Glass, and for the consequences of your actions (including any loss or damage which Google may suffer) by doing so.
mobile	Run android-actions/setup-android@v3	2026-10-03T16:05:04.1132504Z 
mobile	Run android-actions/setup-android@v3	2026-10-03T16:05:04.1133432Z 4.6 You agree that you are solely responsible for (and that Google has no responsibility to you or to any third party for) any breach of your obligations under this License Agreement, any applicable third party contract or Terms of Service, or any applicable law or regulation, and for the consequences (including any loss or damage which Google or any third party may suffer) of any such breach.
mobile	Run android-actions/setup-android@v3	2026-10-03T16:05:04.1134219Z 
mobile	Run android-actions/setup-android@v3	2026-10-03T16:05:04.1134221Z 
mobile	Run android-actions/setup-android@v3	2026-10-03T16:05:04.1134831Z 4.7 The GDK is in development, and your testing and feedback are an important part of the development process. By using the GDK, you acknowledge that implementation of some features are still under development and that you should not rely on the GDK, Glass devices, Glass system software, Google Mirror API, or Glass services having the full functionality of a stable release.
mobile	Run android-actions/setup-android@v3	2026-10-03T16:05:04.1135478Z 
mobile	Run android-actions/setup-android@v3	2026-10-03T16:05:04.1135542Z 5. Your Developer Credentials
mobile	Run android-actions/setup-android@v3	2026-10-03T16:05:04.1135644Z 
mobile	Run android-actions/setup-android@v3	2026-10-03T16:05:04.1136111Z 5.1 You agree that you are responsible for maintaining the confidentiality of any developer credentials that may be issued to you by Google or which you may choose yourself and that you will be solely responsible for all applications that are developed under your developer credentials.
mobile	Run android-actions/setup-android@v3	2026-10-03T16:05:04.1136708Z 
mobile	Run android-actions/setup-android@v3	2026-10-03T16:05:04.1136767Z 6. Privacy and Information
mobile	Run android-actions/setup-android@v3	2026-10-03T16:05:04.1136860Z 
mobile	Run android-actions/setup-android@v3	2026-10-03T16:05:04.1136863Z 
mobile	Run android-actions/setup-android@v3	2026-10-03T16:05:04.1137644Z 6.1 In order to continually innovate and improve the GDK, Google may collect certain usage statistics from the software including but not limited to a unique identifier, associated IP address, version number of the software, and information on which tools and/or services in the GDK are being used and how they are being used. Before any of this information is collected, the GDK will notify you and seek your consent. If you withhold consent, the information will not be collected.
mobile	Run android-actions/setup-android@v3	2026-10-03T16:05:04.1138656Z 
mobile	Run android-actions/setup-android@v3	2026-10-03T16:05:04.1138868Z 6.2 The data collected is examined in the aggregate to improve the GDK and is maintained in accordance with Google's Privacy Policy.
mobile	Run android-actions/setup-android@v3	2026-10-03T16:05:04.1139134Z 
mobile	Run android-actions/setup-android@v3	2026-10-03T16:05:04.1139193Z 7. Third Party Applications
mobile	Run android-actions/setup-android@v3	2026-10-03T16:05:04.1139288Z 
mobile	Run android-actions/setup-android@v3	2026-10-03T16:05:04.1140246Z 7.1 If you use the GDK to run applications developed by a third party or that access data, content or resources provided by a third party, you agree that Google is not responsible for those applications, data, content, or resources. You understand that all data, content or resources which you may access through such third party applications are the sole responsibility of the person from which they originated and that Google is not liable for any loss or damage that you may experience as a result of the use or access of any of those third party applications, data, content, or resources.
mobile	Run android-actions/setup-android@v3	2026-10-03T16:05:04.1141244Z 
mobile	Run android-actions/setup-android@v3	2026-10-03T16:05:04.1142022Z 7.2 You should be aware the data, content, and resources presented to you through such a third party application may be protected by intellectual property rights which are owned by the providers (or by other persons or companies on their behalf). You may not modify, rent, lease, loan, sell, distribute or create derivative works based on these data, content, or resources (either in whole or in part) unless you have been specifically given permission to do so by the relevant owners.
mobile	Run android-actions/setup-android@v3	2026-10-03T16:05:04.1142847Z 
mobile	Run android-actions/setup-android@v3	2026-10-03T16:05:04.1143291Z 7.3 You acknowledge that your use of such third party applications, data, content, or resources may be subject to separate terms between you and the relevant third party. In that case, this License Agreement does not affect your legal relationship with these third parties.
mobile	Run android-actions/setup-android@v3	2026-10-03T16:05:04.1143802Z 
mobile	Run android-actions/setup-android@v3	2026-10-03T16:05:04.1143850Z 8. Using Google APIs
mobile	Run android-actions/setup-android@v3	2026-10-03T16:05:04.1143937Z 
mobile	Run android-actions/setup-android@v3	2026-10-03T16:05:04.1143982Z 8.1 Google APIs
mobile	Run android-actions/setup-android@v3	2026-10-03T16:05:04.1144058Z 
mobile	Run android-actions/setup-android@v3	2026-10-03T16:05:04.1144855Z 8.1.1 If you use any API to retrieve data from Google, you acknowledge that the data may be protected by intellectual property rights which are owned by Google or those parties that provide the data (or by other persons or companies on their behalf). Your use of any such API may be subject to additional Terms of Service. You may not modify, rent, lease, loan, sell, distribute or create derivative works based on this data (either in whole or in part) unless allowed by the relevant Terms of Service.
mobile	Run android-actions/setup-android@v3	2026-10-03T16:05:04.1145787Z 
mobile	Run android-actions/setup-android@v3	2026-10-03T16:05:04.1146198Z 8.1.2 If you use any API to retrieve a user's data from Google, you acknowledge and agree that you shall retrieve data only with the user's explicit consent and only when, and for the limited purposes for which, the user has given you permission to do so.
mobile	Run android-actions/setup-android@v3	2026-10-03T16:05:04.1146650Z 
mobile	Run android-actions/setup-android@v3	2026-10-03T16:05:04.1146712Z 9. Terminating this License Agreement
mobile	Run android-actions/setup-android@v3	2026-10-03T16:05:04.1146824Z 
mobile	Run android-actions/setup-android@v3	2026-10-03T16:05:04.1147005Z 9.1 This License Agreement will continue to apply until terminated by either you or Google as set out below.
mobile	Run android-actions/setup-android@v3	2026-10-03T16:05:04.1147236Z 
mobile	Run android-actions/setup-android@v3	2026-10-03T16:05:04.1147451Z 9.2 If you want to terminate this License Agreement, you may do so by ceasing your use of the GDK and any relevant developer credentials.
mobile	Run android-actions/setup-android@v3	2026-10-03T16:05:04.1147713Z 
mobile	Run android-actions/setup-android@v3	2026-10-03T16:05:04.1148854Z 9.3 Google may at any time, terminate this License Agreement with you if: (A) you have breached any provision of this License Agreement; or (B) Google is required to do so by law; or (C) the partner with whom Google offered certain parts of GDK (such as APIs) to you has terminated its relationship with Google or ceased to offer certain parts of the GDK to you; or (D) Google decides to no longer provide the GDK or certain parts of the GDK to users in the country in which you are resident or from which you use the service, or the provision of the GDK or certain GDK services to you by Google is, in Google's sole discretion, no longer commercially viable.
mobile	Run android-actions/setup-android@v3	2026-10-03T16:05:04.1150003Z 
mobile	Run android-actions/setup-android@v3	2026-10-03T16:05:04.1150721Z 9.4 When this License Agreement comes to an end, all of the legal rights, obligations and liabilities that you and Google have benefited from, been subject to (or which have accrued over time whilst this License Agreement has been in force) or which are expressed to continue indefinitely, shall be unaffected by this cessation, and the provisions of paragraph 14.7 shall continue to apply to such rights, obligations and liabilities indefinitely.
mobile	Run android-actions/setup-android@v3	2026-10-03T16:05:04.1151485Z 
mobile	Run android-actions/setup-android@v3	2026-10-03T16:05:04.1151546Z 10. DISCLAIMER OF WARRANTIES
mobile	Run android-actions/setup-android@v3	2026-10-03T16:05:04.1151639Z 
mobile	Run android-actions/setup-android@v3	2026-10-03T16:05:04.1151926Z 10.1 YOU EXPRESSLY UNDERSTAND AND AGREE THAT YOUR USE OF THE GDK IS AT YOUR SOLE RISK AND THAT THE GDK IS PROVIDED "AS IS" AND "AS AVAILABLE" WITHOUT WARRANTY OF ANY KIND FROM GOOGLE.
mobile	Run android-actions/setup-android@v3	2026-10-03T16:05:04.1152259Z 
mobile	Run android-actions/setup-android@v3	2026-10-03T16:05:04.1152683Z 10.2 YOUR USE OF THE GDK AND ANY MATERIAL DOWNLOADED OR OTHERWISE OBTAINED THROUGH THE USE OF THE GDK IS AT YOUR OWN DISCRETION AND RISK AND YOU ARE SOLELY RESPONSIBLE FOR ANY DAMAGE TO YOUR COMPUTER SYSTEM OR OTHER DEVICE OR LOSS OF DATA THAT RESULTS FROM SUCH USE.
mobile	Run android-actions/setup-android@v3	2026-10-03T16:05:04.1153156Z 
mobile	Run android-actions/setup-android@v3	2026-10-03T16:05:04.1153643Z 10.3 GOOGLE FURTHER EXPRESSLY DISCLAIMS ALL WARRANTIES AND CONDITIONS OF ANY KIND, WHETHER EXPRESS OR IMPLIED, INCLUDING, BUT NOT LIMITED TO THE IMPLIED WARRANTIES AND CONDITIONS OF MERCHANTABILITY, FITNESS FOR A PARTICULAR PURPOSE AND NON-INFRINGEMENT.
mobile	Run android-actions/setup-android@v3	2026-10-03T16:05:04.1154399Z 
mobile	Run android-actions/setup-android@v3	2026-10-03T16:05:04.1154485Z 11. LIMITATION OF LIABILITY
mobile	Run android-actions/setup-android@v3	2026-10-03T16:05:04.1154619Z 
mobile	Run android-actions/setup-android@v3	2026-10-03T16:05:04.1155775Z 11.1 YOU EXPRESSLY UNDERSTAND AND AGREE THAT GOOGLE, ITS SUBSIDIARIES AND AFFILIATES, AND ITS LICENSORS SHALL NOT BE LIABLE TO YOU UNDER ANY THEORY OF LIABILITY FOR ANY DIRECT, INDIRECT, INCIDENTAL, SPECIAL, CONSEQUENTIAL OR EXEMPLARY DAMAGES THAT MAY BE INCURRED BY YOU, INCLUDING ANY LOSS OF DATA, WHETHER OR NOT GOOGLE OR ITS REPRESENTATIVES HAVE BEEN ADVISED OF OR SHOULD HAVE BEEN AWARE OF THE POSSIBILITY OF ANY SUCH LOSSES ARISING.
mobile	Run android-actions/setup-android@v3	2026-10-03T16:05:04.1157127Z 
mobile	Run android-actions/setup-android@v3	2026-10-03T16:05:04.1157207Z 12. Indemnification
mobile	Run android-actions/setup-android@v3	2026-10-03T16:05:04.1157332Z 
mobile	Run android-actions/setup-android@v3	2026-10-03T16:05:04.1159395Z 12.1 To the maximum extent permitted by law, you agree to defend, indemnify and hold harmless Google, its affiliates and their respective directors, officers, employees and agents from and against any and all claims, actions, suits or proceedings, as well as any and all losses, liabilities, damages, costs and expenses (including reasonable attorneys fees) arising out of or accruing from (a) your use of the GDK, (b) any application you develop on the GDK that infringes any copyright, trademark, trade secret, trade dress, patent or other intellectual property right of any person or defames any person or violates their rights of publicity or privacy, and (c) any non-compliance by you with this License Agreement.
mobile	Run android-actions/setup-android@v3	2026-10-03T16:05:04.1161567Z 
mobile	Run android-actions/setup-android@v3	2026-10-03T16:05:04.1161665Z 13. Changes to the License Agreement
mobile	Run android-actions/setup-android@v3	2026-10-03T16:05:04.1161851Z 
mobile	Run android-actions/setup-android@v3	2026-10-03T16:05:04.1162540Z 13.1 Google may make changes to the License Agreement as it distributes new versions of the GDK. When these changes are made, Google will make a new version of the License Agreement available on the website where the GDK is made available.
mobile	Run android-actions/setup-android@v3	2026-10-03T16:05:04.1163255Z 
mobile	Run android-actions/setup-android@v3	2026-10-03T16:05:04.1163338Z 14. General Legal Terms
mobile	Run android-actions/setup-android@v3	2026-10-03T16:05:04.1163464Z 
mobile	Run android-actions/setup-android@v3	2026-10-03T16:05:04.1164276Z 14.1 This License Agreement constitutes the whole legal agreement between you and Google and governs your use of the GDK (excluding any services which Google may provide to you under a separate written agreement), and completely replaces any prior agreements between you and Google in relation to the GDK.
mobile	Run android-actions/setup-android@v3	2026-10-03T16:05:04.1165290Z 
mobile	Run android-actions/setup-android@v3	2026-10-03T16:05:04.1166117Z 14.2 You agree that if Google does not exercise or enforce any legal right or remedy which is contained in this License Agreement (or which Google has the benefit of under any applicable law), this will not be taken to be a formal waiver of Google's rights and that those rights or remedies will still be available to Google.
mobile	Run android-actions/setup-android@v3	2026-10-03T16:05:04.1167029Z 
mobile	Run android-actions/setup-android@v3	2026-10-03T16:05:04.1167948Z 14.3 If any court of law, having the jurisdiction to decide on this matter, rules that any provision of this License Agreement is invalid, then that provision will be removed from this License Agreement without affecting the rest of this License Agreement. The remaining provisions of this License Agreement will continue to be valid and enforceable.
mobile	Run android-actions/setup-android@v3	2026-10-03T16:05:04.1169081Z 
mobile	Run android-actions/setup-android@v3	2026-10-03T16:05:04.1170046Z 14.4 You acknowledge and agree that each member of the group of companies of which Google is the parent shall be third party beneficiaries to this License Agreement and that such other companies shall be entitled to directly enforce, and rely upon, any provision of this License Agreement that confers a benefit on (or rights in favor of) them. Other than this, no other person or company shall be third party beneficiaries to this License Agreement.
mobile	Run android-actions/setup-android@v3	2026-10-03T16:05:04.1170821Z 
mobile	Run android-actions/setup-android@v3	2026-10-03T16:05:04.1171251Z 14.5 EXPORT RESTRICTIONS. THE GDK IS SUBJECT TO UNITED STATES EXPORT LAWS AND REGULATIONS. YOU MUST COMPLY WITH ALL DOMESTIC AND INTERNATIONAL EXPORT LAWS AND REGULATIONS THAT APPLY TO THE GDK. THESE LAWS INCLUDE RESTRICTIONS ON DESTINATIONS, END USERS AND END USE.
mobile	Run android-actions/setup-android@v3	2026-10-03T16:05:04.1171735Z 
mobile	Run android-actions/setup-android@v3	2026-10-03T16:05:04.1172304Z 14.6 The rights granted in this License Agreement may not be assigned or transferred by either you or Google without the prior written approval of the other party. Neither you nor Google shall be permitted to delegate their responsibilities or obligations under this License Agreement without the prior written approval of the other party.
mobile	Run android-actions/setup-android@v3	2026-10-03T16:05:04.1172915Z 
mobile	Run android-actions/setup-android@v3	2026-10-03T16:05:04.1173836Z 14.7 This License Agreement, and your relationship with Google under this License Agreement, shall be governed by the laws of the State of California without regard to its conflict of laws provisions. You and Google agree to submit to the exclusive jurisdiction of the courts located within the county of Santa Clara, California to resolve any legal matter arising from this License Agreement. Notwithstanding this, you agree that Google shall still be allowed to apply for injunctive remedies (or an equivalent type of urgent legal relief) in any jurisdiction.
mobile	Run android-actions/setup-android@v3	2026-10-03T16:05:04.1174912Z 
mobile	Run android-actions/setup-android@v3	2026-10-03T16:05:04.1174963Z November 19, 2013
mobile	Run android-actions/setup-android@v3	2026-10-03T16:05:04.1175103Z ---------------------------------------
mobile	Run android-actions/setup-android@v3	2026-10-03T16:05:04.1175267Z Accept? (y/N): 
mobile	Run android-actions/setup-android@v3	2026-10-03T16:05:04.1175416Z 6/6: License mips-android-sysimage-license:
mobile	Run android-actions/setup-android@v3	2026-10-03T16:05:04.1175596Z ---------------------------------------
mobile	Run android-actions/setup-android@v3	2026-10-03T16:05:04.1176773Z MIPS Technologies, Inc. (“MIPS”) Internal Evaluation License Agreement for MIPS Android™ System Images for Android Software Development Kit (SDK): This Internal Evaluation License Agreement (this "Agreement") is entered into by and between MIPS and you (as an individual developer or a legal entity -- identified below as “Recipient”). MIPS shall make the Evaluation Software available to Recipient as described in accordance with the terms and conditions set forth below.
mobile	Run android-actions/setup-android@v3	2026-10-03T16:05:04.1177603Z 
mobile	Run android-actions/setup-android@v3	2026-10-03T16:05:04.1178827Z By clicking on the “Accept” button, downloading, installing, or otherwise using the Evaluation Materials (defined below), you agree to be bound by the terms of this Agreement effective as of the date you click “Accept” (the “Effective Date”), and if doing so on behalf of an entity, you represent that you are authorized to bind the entity to the terms and conditions of this Agreement. If you do not agree to be bound by the terms and conditions of this Agreement, do not download, install, or use the Evaluation Materials.
mobile	Run android-actions/setup-android@v3	2026-10-03T16:05:04.1179834Z 
mobile	Run android-actions/setup-android@v3	2026-10-03T16:05:04.1179937Z 1. DEFINITIONS. These terms shall have the following meanings:
mobile	Run android-actions/setup-android@v3	2026-10-03T16:05:04.1180095Z 
mobile	Run android-actions/setup-android@v3	2026-10-03T16:05:04.1180421Z 1.1 “MIPS” shall mean MIPS Technologies, Inc., a Delaware corporation having a principal place of business at: 955 East Arques Ave., Sunnyvale, CA 94085
mobile	Run android-actions/setup-android@v3	2026-10-03T16:05:04.1180724Z 
mobile	Run android-actions/setup-android@v3	2026-10-03T16:05:04.1181033Z 1.2 “Evaluation Software” shall mean MIPS Android™ emulator system images for Android Software Development Kit (SDK), as made available to Recipient.
mobile	Run android-actions/setup-android@v3	2026-10-03T16:05:04.1181338Z 
mobile	Run android-actions/setup-android@v3	2026-10-03T16:05:04.1181964Z 1.3 “Evaluation Materials" means, collectively, the Evaluation Software (in source and/or object code form) and documentation (including, without limitation, any design documents, specifications, reference manuals, and other related materials) related to the Evaluation Software as made available to Recipient.
mobile	Run android-actions/setup-android@v3	2026-10-03T16:05:04.1182538Z 
mobile	Run android-actions/setup-android@v3	2026-10-03T16:05:04.1184477Z 1.4 “Open Source Software” means any software that requires (as a condition of use, modification and/or distribution of such software) that such software or other software incorporated into, derived from or distributed with such software (a) be disclosed or distributed in source code form; or (b) be licensed by the user to third parties for the purpose of making and/or distributing derivative works; or (c) be redistributable at no charge. Open Source Software includes, without limitation, software licensed or distributed under any of the following licenses or distribution models, or licenses or distribution models substantially similar to any of the following: (a) GNU’s General Public License (GPL) or Lesser/Library GPL (LGPL), (b) the Artistic License (e.g., PERL), (c) the Mozilla Public License, (d) the Netscape Public License, (e) the Sun Community Source License (SCSL), (f) the Sun Industry Source License (SISL), (g) the Apache Software license and (h) the Common Public License (CPL).
mobile	Run android-actions/setup-android@v3	2026-10-03T16:05:04.1186143Z 
mobile	Run android-actions/setup-android@v3	2026-10-03T16:05:04.1186736Z 1.5 “Pre-Release Materials” means “alpha” or “beta” designated pre-release features, which may not be fully functional, which MIPS may substantially modify in producing any production version of the Evaluation Materials, and/or which is still under development by MIPS and/or MIPS’ suppliers.
mobile	Run android-actions/setup-android@v3	2026-10-03T16:05:04.1187268Z 
mobile	Run android-actions/setup-android@v3	2026-10-03T16:05:04.1188368Z 2. PURPOSE. MIPS desires to make the Evaluation Materials available to Recipient solely for Recipient's internal evaluation of the Evaluation Software to evaluate the desirability of cooperating with MIPS in developing products that are compatible with the Evaluation Software and/or to advise MIPS as to possible modifications to the Evaluation Software. Recipient may not disclose, distribute, modify (except to facilitate the above-mentioned internal evaluation), or make commercial use of the Evaluation Materials or any modifications of the Evaluation Materials.
mobile	Run android-actions/setup-android@v3	2026-10-03T16:05:04.1189481Z 
mobile	Run android-actions/setup-android@v3	2026-10-03T16:05:04.1190198Z THE EVALUATION MATERIALS ARE PROVIDED FOR EVALUATION PURPOSES ONLY AND MAY NOT BE MODIFIED (EXCEPT TO FACILITATE THE INTERNAL EVALUATION) OR DISTRIBUTED BY RECIPIENT OR INCORPORATED INTO RECIPIENT’S PRODUCTS OR SOFTWARE. PLEASE CONTACT A MIPS SALES REPRESENTATIVE TO LEARN ABOUT THE AVAILABILITY AND COST OF A COMMERCIAL VERSION OF THE EVALUATION SOFTWARE.
mobile	Run android-actions/setup-android@v3	2026-10-03T16:05:04.1190835Z 
mobile	Run android-actions/setup-android@v3	2026-10-03T16:05:04.1191300Z 3. TITLE. Title to the Evaluation Materials remains with MIPS or its suppliers. Recipient shall not mortgage, pledge or encumber the Evaluation Materials in any way. Recipient shall return all Evaluation Materials, keeping no copies, upon termination or expiration of this Agreement.
mobile	Run android-actions/setup-android@v3	2026-10-03T16:05:04.1191817Z 
mobile	Run android-actions/setup-android@v3	2026-10-03T16:05:04.1193716Z 4. LICENSE. MIPS grants Recipient a royalty-free, personal, nontransferable, nonexclusive license under its copyrights to use the Evaluation Software only for the purposes described in paragraph 2 above and only for a period beginning on the Effective Date and extending to the first anniversary of the Effective Date (the “Evaluation Period”). Unless otherwise communicated in writing by MIPS to Recipient, to the extent the Evaluation Software is provided in more than one delivery or release (each, a “Release”) the license grant in this Section 4 and the Evaluation Period shall apply to each Release, in which case the Evaluation Period shall begin on the date that the Release is made generally available and continue to the first anniversary of such date. Recipient may not make modifications to the Evaluation Software. Recipient shall not disassemble, reverse-engineer, or decompile any software that is not provided to Recipient in source code form.
mobile	Run android-actions/setup-android@v3	2026-10-03T16:05:04.1195426Z 
mobile	Run android-actions/setup-android@v3	2026-10-03T16:05:04.1195429Z 
mobile	Run android-actions/setup-android@v3	2026-10-03T16:05:04.1196283Z EXCEPT AS PROVIDED HEREIN, NO OTHER LICENSE, EXPRESS OR IMPLIED, BY ESTOPPEL OR OTHERWISE, TO ANY OTHER MIPS INTELLECTUAL PROPERTY RIGHTS IS GRANTED TO THE RECIPIENT. OTHER THAN AS EXPLICITLY SET FORTH IN PARAGRAPH 2 ABOVE, NO RIGHT TO COPY, TO REPRODUCE, TO MODIFY, OR TO CREATE DERIVATIVE WORKS OF, THE EVALUATION MATERIALS IS GRANTED HEREIN.
mobile	Run android-actions/setup-android@v3	2026-10-03T16:05:04.1197255Z 
mobile	Run android-actions/setup-android@v3	2026-10-03T16:05:04.1197888Z 5. NO OBLIGATION. Recipient shall have no duty to purchase or license any product from MIPS. MIPS and its suppliers shall have no obligation to provide support for, or develop a non-evaluation version of, the Evaluation Software or to license any version of it.
mobile	Run android-actions/setup-android@v3	2026-10-03T16:05:04.1198717Z 
mobile	Run android-actions/setup-android@v3	2026-10-03T16:05:04.1201950Z 6. MODIFICATIONS. This Agreement does not obligate Recipient to provide MIPS with comments or suggestions regarding Evaluation Materials. However, should Recipient provide MIPS with comments or suggestions for the modification, correction, improvement or enhancement of (a) the Evaluation Materials or (b) MIPS products or processes which may embody the Evaluation Materials, then Recipient agrees to grant and hereby grants to MIPS a non-exclusive, irrevocable, worldwide, fully paid-up, royalty-free license, with the right to sublicense MIPS’ licensees and customers, under Recipient’s Intellectual property rights, to use and disclose such comments and suggestions in any manner MIPS chooses and to display, perform, copy, make, have made, use, sell, offer to sell, import, and otherwise dispose of MIPS’ and its sublicensee’s products embodying such comments and suggestions in any manner and via any media MIPS chooses, without reference to the source.
mobile	Run android-actions/setup-android@v3	2026-10-03T16:05:04.1204858Z 
mobile	Run android-actions/setup-android@v3	2026-10-03T16:05:04.1206341Z 7. WARRANTY DISCLAIMER. MIPS AND ITS SUPPLIERS MAKE NO WARRANTIES WITH RESPECT TO EVALUATION MATERIALS, EITHER EXPRESS OR IMPLIED, INCLUDING ANY IMPLIED WARRANTIES OF MERCHANTABILITY OR FITNESS FOR A PARTICULAR PURPOSE, OR ANY IMPLIED WARRANTY OF NONINFRINGEMENT WITH RESPECT TO THIRD PARTY INTELLECTUAL PROPERTY. RECIPIENT ACKNOWLEDGES AND AGREES THAT THE EVALUATION MATERIALS ARE PROVIDED “AS IS,” WITHOUT WARRANTY OF ANY KIND.
mobile	Run android-actions/setup-android@v3	2026-10-03T16:05:04.1207800Z 
mobile	Run android-actions/setup-android@v3	2026-10-03T16:05:04.1209629Z 8. LIMITATION OF LIABILITY. MIPS AND ITS SUPPLIERS SHALL NOT BE LIABLE FOR ANY PROPERTY DAMAGE, PERSONAL INJURY, LOSS OF PROFITS, INTERRUPTION OF BUSINESS OR FOR ANY DIRECT, INDIRECT, SPECIAL, CONSEQUENTIAL OR INCIDENTAL DAMAGES, HOWEVER CAUSED OR ALLEGED, WHETHER FOR BREACH OF WARRANTY, CONTRACT, STRICT LIABILITY OR OTHERWISE, INCLUDING WITHOUT LIMITATION, UNDER TORT OR OTHER LEGAL THEORY. MIPS AND ITS SUPPLIERS DISCLAIM ANY AND ALL LIABILITY, INCLUDING LIABILITY FOR INFRINGEMENT OF ANY INTELLECTUAL PROPERTY RIGHTS OF ANY KIND RELATING TO THE EVALUATION MATERIALS.
mobile	Run android-actions/setup-android@v3	2026-10-03T16:05:04.1214319Z 
mobile	Run android-actions/setup-android@v3	2026-10-03T16:05:04.1214999Z 9. EXPIRATION. MIPS may terminate this Agreement immediately after a breach by Recipient or otherwise at MIPS’ reasonable discretion and upon five (5) business days’ notice to Recipient.
mobile	Run android-actions/setup-android@v3	2026-10-03T16:05:04.1215750Z 
mobile	Run android-actions/setup-android@v3	2026-10-03T16:05:04.1215827Z 10. GENERAL.
mobile	Run android-actions/setup-android@v3	2026-10-03T16:05:04.1215933Z 
mobile	Run android-actions/setup-android@v3	2026-10-03T16:05:04.1219031Z 10.1 Controlling Law. This Agreement shall be governed by California law excluding its choice of law rules. With the exception of MIPS’ rights to enforce its intellectual property rights and any confidentiality obligations under this Agreement or any licenses distributed with the Evaluation Materials, all disputes and any claims arising under or relating to this Agreement shall be subject to the exclusive jurisdiction and venue of the state and federal courts located in Santa Clara County, California. Each party hereby agrees to jurisdiction and venue in the courts set forth in the preceding sentence. The parties agree that the United Nations Convention on Contracts for the International Sale of Goods is specifically excluded from application to this Agreement. The parties consent to the personal jurisdiction of the above courts.
mobile	Run android-actions/setup-android@v3	2026-10-03T16:05:04.1220955Z 
mobile	Run android-actions/setup-android@v3	2026-10-03T16:05:04.1221764Z 10.2 Remedies. Recipient acknowledges and agrees that any breach of confidentiality obligations under this Agreement or any licenses distributed with the Evaluation Materials, as well as any disclosure, commercialization, or public use of the Evaluation Materials, would cause irreparable injury to MIPS, and therefore Recipient agrees to consent to, and hereby consents to, the grant of an injunction by any court of competent jurisdiction in the event of an actual or threatened breach.
mobile	Run android-actions/setup-android@v3	2026-10-03T16:05:04.1222623Z 
mobile	Run android-actions/setup-android@v3	2026-10-03T16:05:04.1223670Z 10.3 Assignment. Recipient may not delegate, assign or transfer this Agreement, the license granted or any of Recipient’s rights, obligations, or duties hereunder, expressly, by implication, by operation of law, by way of merger (regardless of whether Recipient is the surviving entity) or acquisition, or otherwise and any attempt to do so, without MIPS’ express prior written consent, shall be ineffective, null and void. MIPS may freely assign this Agreement, and its rights and obligations hereunder, in its sole discretion.
mobile	Run android-actions/setup-android@v3	2026-10-03T16:05:04.1224582Z 
mobile	Run android-actions/setup-android@v3	2026-10-03T16:05:04.1225354Z 10.4 Entire Agreement. This Agreement constitutes the entire agreement between Recipient and MIPS and supersedes in their entirety any and all oral or written agreements previously existing between Recipient and MIPS with respect to the subject matter hereof. This Agreement may only be amended or supplemented by a writing that refers explicitly to this Agreement and that is signed or otherwise accepted by duly authorized representatives of Recipient and MIPS.
mobile	Run android-actions/setup-android@v3	2026-10-03T16:05:04.1226160Z 
mobile	Run android-actions/setup-android@v3	2026-10-03T16:05:04.1226911Z 10.5 Severability. In the event that any provision of this Agreement is finally adjudicated to be unenforceable or invalid under any applicable law, such unenforceability or invalidity shall not render this Agreement unenforceable or invalid as a whole, and, in such event, such unenforceable or invalid provision shall be interpreted so as to best accomplish the objectives of such provision within the limits of applicable law or applicable court decisions.
mobile	Run android-actions/setup-android@v3	2026-10-03T16:05:04.1227807Z 
mobile	Run android-actions/setup-android@v3	2026-10-03T16:05:04.1231767Z 10.6 Export Regulations / Export Control. Recipient shall not export, either directly or indirectly, any product, service or technical data or system incorporating the Evaluation Materials without first obtaining any required license or other necessary approval from the U.S. Department of Commerce or any other governing agency or department of the United States Government. In the event any product is exported from the United States or re-exported from a foreign destination by Recipient, Recipient shall ensure that the distribution and export/re-export or import of the product is in compliance with all applicable laws, regulations, orders, or other restrictions of the U.S. Export Administration Regulations and the appropriate foreign government. Recipient agrees that neither it nor any of its subsidiaries will export/re-export any technical data, process, product, or service, directly or indirectly, to any country for which the United States government or any agency thereof or the foreign government from where it is shipping requires an export license, or other governmental approval, without first obtaining such license or approval. Recipient also agrees to implement measures to ensure that foreign national employees are authorized to receive any information controlled by U.S. export control laws. An export is "deemed" to take place when information is released to a foreign national wherever located.
mobile	Run android-actions/setup-android@v3	2026-10-03T16:05:04.1236060Z 
mobile	Run android-actions/setup-android@v3	2026-10-03T16:05:04.1239318Z 10.7 Special Terms for Pre-Release Materials. If so indicated in the description of the Evaluation Software, the Evaluation Software may contain Pre-Release Materials. Recipient hereby understands, acknowledges and agrees that: (i) Pre-Release Materials may not be fully tested and may contain bugs or errors; (ii) Pre-Release materials are not suitable for commercial release in their current state; (iii) regulatory approvals for Pre-Release Materials (such as UL or FCC) have not been obtained, and Pre-Release Materials may therefore not be certified for use in certain countries or environments or may not be suitable for certain applications and (iv) MIPS can provide no assurance that it will ever produce or make generally available a production version of the Pre-Release Materials . MIPS is not under any obligation to develop and/or release or offer for sale or license a final product based upon the Pre-Release Materials and may unilaterally elect to abandon the Pre-Release Materials or any such development platform at any time and without any obligation or liability whatsoever to Recipient or any other person.
mobile	Run android-actions/setup-android@v3	2026-10-03T16:05:04.1242780Z 
mobile	Run android-actions/setup-android@v3	2026-10-03T16:05:04.1243424Z ANY PRE-RELEASE MATERIALS ARE NON-QUALIFIED AND, AS SUCH, ARE PROVIDED “AS IS” AND “AS AVAILABLE”, POSSIBLY WITH FAULTS, AND WITHOUT REPRESENTATION OR WARRANTY OF ANY KIND.
mobile	Run android-actions/setup-android@v3	2026-10-03T16:05:04.1244038Z 
mobile	Run android-actions/setup-android@v3	2026-10-03T16:05:04.1246297Z 10.8 Open Source Software. In the event Open Source software is included with Evaluation Software, such Open Source software is licensed pursuant to the applicable Open Source software license agreement identified in the Open Source software comments in the applicable source code file(s) and/or file header as indicated in the Evaluation Software. Additional detail may be available (where applicable) in the accompanying on-line documentation. With respect to the Open Source software, nothing in this Agreement limits any rights under, or grants rights that supersede, the terms of any applicable Open Source software license agreement.
mobile	Run android-actions/setup-android@v3	2026-10-03T16:05:04.1248389Z ---------------------------------------
mobile	Run android-actions/setup-android@v3	2026-10-03T16:05:04.1248678Z Accept? (y/N): All SDK package licenses accepted
mobile	Run android-actions/setup-android@v3	2026-10-03T16:05:04.1248876Z 
mobile	Run android-actions/setup-android@v3	2026-10-03T16:05:04.1249111Z [command]/usr/local/lib/android/sdk/cmdline-tools/16.0/bin/sdkmanager platform-tools
mobile	Run android-actions/setup-android@v3	2026-10-03T16:05:04.5997479Z Loading package information...                                                  
mobile	Run android-actions/setup-android@v3	2026-10-03T16:05:04.6576827Z Loading local repository...                                                     
mobile	Run android-actions/setup-android@v3	2026-10-03T16:05:04.6577383Z [                                       ] 3% Loading local repository...        
mobile	Run android-actions/setup-android@v3	2026-10-03T16:05:04.6650301Z [                                       ] 3% Fetch remote repository...         
mobile	Run android-actions/setup-android@v3	2026-10-03T16:05:04.8489997Z [=                                      ] 3% Fetch remote repository...         
mobile	Run android-actions/setup-android@v3	2026-10-03T16:05:04.8925423Z [=                                      ] 4% Fetch remote repository...         
mobile	Run android-actions/setup-android@v3	2026-10-03T16:05:04.9149621Z [=                                      ] 5% Fetch remote repository...         
mobile	Run android-actions/setup-android@v3	2026-10-03T16:05:04.9391248Z [==                                     ] 5% Fetch remote repository...         
mobile	Run android-actions/setup-android@v3	2026-10-03T16:05:04.9973663Z [==                                     ] 6% Fetch remote repository...         
mobile	Run android-actions/setup-android@v3	2026-10-03T16:05:05.0389392Z [==                                     ] 7% Fetch remote repository...         
mobile	Run android-actions/setup-android@v3	2026-10-03T16:05:05.0429155Z [==                                     ] 7% Computing updates...               
mobile	Run android-actions/setup-android@v3	2026-10-03T16:05:05.0469132Z [===                                    ] 8% Computing updates...               
mobile	Run android-actions/setup-android@v3	2026-10-03T16:05:05.0538886Z [===                                    ] 10% Computing updates...              
mobile	Run android-actions/setup-android@v3	2026-10-03T16:05:05.0539409Z [=======================================] 100% Computing updates...             
mobile	Run android-actions/setup-android@v3	2026-10-03T16:05:05.0539682Z 
mobile	Enable hosted Linux KVM permissions	﻿2026-10-03T16:05:05.1066714Z ##[group]Run id
mobile	Enable hosted Linux KVM permissions	2026-10-03T16:05:05.1066938Z ^[[36;1mid^[[0m
mobile	Enable hosted Linux KVM permissions	2026-10-03T16:05:05.1067078Z ^[[36;1mif [[ ! -c /dev/kvm ]]; then^[[0m
mobile	Enable hosted Linux KVM permissions	2026-10-03T16:05:05.1067341Z ^[[36;1m  printf '%s\n' 'ERROR: /dev/kvm is missing or is not a character device.' >&2^[[0m
mobile	Enable hosted Linux KVM permissions	2026-10-03T16:05:05.1067584Z ^[[36;1m  exit 1^[[0m
mobile	Enable hosted Linux KVM permissions	2026-10-03T16:05:05.1067702Z ^[[36;1mfi^[[0m
mobile	Enable hosted Linux KVM permissions	2026-10-03T16:05:05.1067857Z ^[[36;1mstat --format='KVM before: %F %a %U:%G' /dev/kvm^[[0m
mobile	Enable hosted Linux KVM permissions	2026-10-03T16:05:05.1068511Z ^[[36;1mprintf '%s\n' 'Granting disposable runner user read/write access to the existing KVM device.'^[[0m
mobile	Enable hosted Linux KVM permissions	2026-10-03T16:05:05.1068801Z ^[[36;1msudo chown "$(id -u):$(id -g)" /dev/kvm^[[0m
mobile	Enable hosted Linux KVM permissions	2026-10-03T16:05:05.1068987Z ^[[36;1msudo chmod 0600 /dev/kvm^[[0m
mobile	Enable hosted Linux KVM permissions	2026-10-03T16:05:05.1069187Z ^[[36;1mstat --format='KVM after: %F %a %U:%G' /dev/kvm^[[0m
mobile	Enable hosted Linux KVM permissions	2026-10-03T16:05:05.1069398Z ^[[36;1mif [[ ! -r /dev/kvm || ! -w /dev/kvm ]]; then^[[0m
mobile	Enable hosted Linux KVM permissions	2026-10-03T16:05:05.1069662Z ^[[36;1m  printf '%s\n' 'ERROR: current runner user cannot read and write /dev/kvm.' >&2^[[0m
mobile	Enable hosted Linux KVM permissions	2026-10-03T16:05:05.1069919Z ^[[36;1m  exit 1^[[0m
mobile	Enable hosted Linux KVM permissions	2026-10-03T16:05:05.1070035Z ^[[36;1mfi^[[0m
mobile	Enable hosted Linux KVM permissions	2026-10-03T16:05:05.1300751Z shell: /usr/bin/bash -e {0}
mobile	Enable hosted Linux KVM permissions	2026-10-03T16:05:05.1300954Z env:
mobile	Enable hosted Linux KVM permissions	2026-10-03T16:05:05.1301156Z   JAVA_HOME: /opt/hostedtoolcache/Java_Temurin-Hotspot_jdk/17.0.20-1/x64
mobile	Enable hosted Linux KVM permissions	2026-10-03T16:05:05.1301467Z   JAVA_HOME_17_X64: /opt/hostedtoolcache/Java_Temurin-Hotspot_jdk/17.0.20-1/x64
mobile	Enable hosted Linux KVM permissions	2026-10-03T16:05:05.1301710Z   ANDROID_HOME: /usr/local/lib/android/sdk
mobile	Enable hosted Linux KVM permissions	2026-10-03T16:05:05.1301895Z   ANDROID_SDK_ROOT: /usr/local/lib/android/sdk
mobile	Enable hosted Linux KVM permissions	2026-10-03T16:05:05.1302068Z ##[endgroup]
mobile	Enable hosted Linux KVM permissions	2026-10-03T16:05:05.1413099Z uid=1001(runner) gid=1001(runner) groups=1001(runner),4(adm),100(users),118(docker),999(systemd-journal)
mobile	Enable hosted Linux KVM permissions	2026-10-03T16:05:05.1424236Z KVM before: character special file 660 root:kvm
mobile	Enable hosted Linux KVM permissions	2026-10-03T16:05:05.1425965Z Granting disposable runner user read/write access to the existing KVM device.
mobile	Enable hosted Linux KVM permissions	2026-10-03T16:05:05.1577782Z KVM after: character special file 600 runner:runner
mobile	Run reactivecircus/android-emulator-runner@v2	﻿2026-10-03T16:05:05.1645230Z ##[group]Run reactivecircus/android-emulator-runner@v2
mobile	Run reactivecircus/android-emulator-runner@v2	2026-10-03T16:05:05.1645447Z with:
mobile	Run reactivecircus/android-emulator-runner@v2	2026-10-03T16:05:05.1645565Z   api-level: 34
mobile	Run reactivecircus/android-emulator-runner@v2	2026-10-03T16:05:05.1645688Z   target: google_apis
mobile	Run reactivecircus/android-emulator-runner@v2	2026-10-03T16:05:05.1645814Z   arch: x86_64
mobile	Run reactivecircus/android-emulator-runner@v2	2026-10-03T16:05:05.1645938Z   disable-animations: true
mobile	Run reactivecircus/android-emulator-runner@v2	2026-10-03T16:05:05.1646088Z   disable-linux-hw-accel: false
mobile	Run reactivecircus/android-emulator-runner@v2	2026-10-03T16:05:05.1646313Z   pre-emulator-launch-script: $ANDROID_HOME/emulator/emulator -accel-check
mobile	Run reactivecircus/android-emulator-runner@v2	2026-10-03T16:05:05.1646910Z   script: python3 -B tools/verify_client_sqlite.py --scope mobile --serial emulator-5554
mobile	Run reactivecircus/android-emulator-runner@v2	python3 -B tools/verify_client_send.py --scope mobile --serial emulator-5554
mobile	Run reactivecircus/android-emulator-runner@v2	python3 -B tools/verify_client_sync.py --scope mobile --serial emulator-5554
mobile	Run reactivecircus/android-emulator-runner@v2	
mobile	Run reactivecircus/android-emulator-runner@v2	2026-10-03T16:05:05.1647437Z   cores: 2
mobile	Run reactivecircus/android-emulator-runner@v2	2026-10-03T16:05:05.1647552Z   avd-name: test
mobile	Run reactivecircus/android-emulator-runner@v2	2026-10-03T16:05:05.1647680Z   force-avd-creation: true
mobile	Run reactivecircus/android-emulator-runner@v2	2026-10-03T16:05:05.1647826Z   emulator-boot-timeout: 600
mobile	Run reactivecircus/android-emulator-runner@v2	2026-10-03T16:05:05.1647968Z   emulator-port: 5554
mobile	Run reactivecircus/android-emulator-runner@v2	2026-10-03T16:05:05.1648423Z   emulator-options: -no-window -gpu swiftshader_indirect -no-snapshot -noaudio -no-boot-anim
mobile	Run reactivecircus/android-emulator-runner@v2	2026-10-03T16:05:05.1648713Z   disable-spellchecker: false
mobile	Run reactivecircus/android-emulator-runner@v2	2026-10-03T16:05:05.1648862Z   enable-hw-keyboard: false
mobile	Run reactivecircus/android-emulator-runner@v2	2026-10-03T16:05:05.1649000Z   channel: stable
mobile	Run reactivecircus/android-emulator-runner@v2	2026-10-03T16:05:05.1649117Z env:
mobile	Run reactivecircus/android-emulator-runner@v2	2026-10-03T16:05:05.1649301Z   JAVA_HOME: /opt/hostedtoolcache/Java_Temurin-Hotspot_jdk/17.0.20-1/x64
mobile	Run reactivecircus/android-emulator-runner@v2	2026-10-03T16:05:05.1649593Z   JAVA_HOME_17_X64: /opt/hostedtoolcache/Java_Temurin-Hotspot_jdk/17.0.20-1/x64
mobile	Run reactivecircus/android-emulator-runner@v2	2026-10-03T16:05:05.1649833Z   ANDROID_HOME: /usr/local/lib/android/sdk
mobile	Run reactivecircus/android-emulator-runner@v2	2026-10-03T16:05:05.1650020Z   ANDROID_SDK_ROOT: /usr/local/lib/android/sdk
mobile	Run reactivecircus/android-emulator-runner@v2	2026-10-03T16:05:05.1650187Z ##[endgroup]
mobile	Run reactivecircus/android-emulator-runner@v2	2026-10-03T16:05:05.2030471Z ##[group]Configure emulator
mobile	Run reactivecircus/android-emulator-runner@v2	2026-10-03T16:05:05.2031398Z API level: 34
mobile	Run reactivecircus/android-emulator-runner@v2	2026-10-03T16:05:05.2031705Z System image API level: 34
mobile	Run reactivecircus/android-emulator-runner@v2	2026-10-03T16:05:05.2031909Z target: google_apis
mobile	Run reactivecircus/android-emulator-runner@v2	2026-10-03T16:05:05.2032144Z CPU architecture: x86_64
mobile	Run reactivecircus/android-emulator-runner@v2	2026-10-03T16:05:05.2032385Z Hardware profile: 
mobile	Run reactivecircus/android-emulator-runner@v2	2026-10-03T16:05:05.2038728Z Cores: 2
mobile	Run reactivecircus/android-emulator-runner@v2	2026-10-03T16:05:05.2042399Z RAM size: 
mobile	Run reactivecircus/android-emulator-runner@v2	2026-10-03T16:05:05.2042544Z Heap size: 
mobile	Run reactivecircus/android-emulator-runner@v2	2026-10-03T16:05:05.2042699Z SD card path or size: 
mobile	Run reactivecircus/android-emulator-runner@v2	2026-10-03T16:05:05.2042844Z Disk size: 
mobile	Run reactivecircus/android-emulator-runner@v2	2026-10-03T16:05:05.2042979Z AVD name: test
mobile	Run reactivecircus/android-emulator-runner@v2	2026-10-03T16:05:05.2043131Z force avd creation: true
mobile	Run reactivecircus/android-emulator-runner@v2	2026-10-03T16:05:05.2043302Z Emulator boot timeout: 600
mobile	Run reactivecircus/android-emulator-runner@v2	2026-10-03T16:05:05.2043469Z emulator port: 5554
mobile	Run reactivecircus/android-emulator-runner@v2	2026-10-03T16:05:05.2043770Z emulator options: -no-window -gpu swiftshader_indirect -no-snapshot -noaudio -no-boot-anim
mobile	Run reactivecircus/android-emulator-runner@v2	2026-10-03T16:05:05.2044053Z disable animations: true
mobile	Run reactivecircus/android-emulator-runner@v2	2026-10-03T16:05:05.2044218Z disable spellchecker: false
mobile	Run reactivecircus/android-emulator-runner@v2	2026-10-03T16:05:05.2044405Z disable Linux hardware acceleration: false
mobile	Run reactivecircus/android-emulator-runner@v2	2026-10-03T16:05:05.2044601Z enable hardware keyboard: false
mobile	Run reactivecircus/android-emulator-runner@v2	2026-10-03T16:05:05.2044769Z Channel: 0 (stable)
mobile	Run reactivecircus/android-emulator-runner@v2	2026-10-03T16:05:05.2044892Z Script:
mobile	Run reactivecircus/android-emulator-runner@v2	2026-10-03T16:05:05.2045139Z python3 -B tools/verify_client_sqlite.py --scope mobile --serial emulator-5554
mobile	Run reactivecircus/android-emulator-runner@v2	2026-10-03T16:05:05.2045489Z python3 -B tools/verify_client_send.py --scope mobile --serial emulator-5554
mobile	Run reactivecircus/android-emulator-runner@v2	2026-10-03T16:05:05.2045828Z python3 -B tools/verify_client_sync.py --scope mobile --serial emulator-5554
mobile	Run reactivecircus/android-emulator-runner@v2	2026-10-03T16:05:05.2046076Z Pre emulator launch script:
mobile	Run reactivecircus/android-emulator-runner@v2	2026-10-03T16:05:05.2046298Z $ANDROID_HOME/emulator/emulator -accel-check
mobile	Run reactivecircus/android-emulator-runner@v2	2026-10-03T16:05:05.2046611Z ##[endgroup]
mobile	Run reactivecircus/android-emulator-runner@v2	2026-10-03T16:05:05.2046823Z ##[group]Install Android SDK
mobile	Run reactivecircus/android-emulator-runner@v2	2026-10-03T16:05:05.2069460Z [command]/usr/bin/sh -c \yes | sdkmanager --licenses > /dev/null
mobile	Run reactivecircus/android-emulator-runner@v2	2026-10-03T16:05:07.5482451Z Installing latest build tools, platform tools, and platform.
mobile	Run reactivecircus/android-emulator-runner@v2	2026-10-03T16:05:07.5491827Z [command]/usr/bin/sh -c \sdkmanager --install 'build-tools;37.0.0' platform-tools 'platforms;android-34'> /dev/null
mobile	Run reactivecircus/android-emulator-runner@v2	2026-10-03T16:05:08.5187171Z Installing latest emulator.
mobile	Run reactivecircus/android-emulator-runner@v2	2026-10-03T16:05:08.5195947Z [command]/usr/bin/sh -c \sdkmanager --install emulator --channel=0 > /dev/null
mobile	Run reactivecircus/android-emulator-runner@v2	2026-10-03T16:05:17.6873410Z Installing system images.
mobile	Run reactivecircus/android-emulator-runner@v2	2026-10-03T16:05:17.6882122Z [command]/usr/bin/sh -c \sdkmanager --install 'system-images;android-34;google_apis;x86_64' --channel=0 > /dev/null
mobile	Run reactivecircus/android-emulator-runner@v2	2026-10-03T16:05:55.8589643Z ##[endgroup]
mobile	Run reactivecircus/android-emulator-runner@v2	2026-10-03T16:05:55.8590746Z ##[group]Create AVD
mobile	Run reactivecircus/android-emulator-runner@v2	2026-10-03T16:05:55.8591288Z Creating AVD.
mobile	Run reactivecircus/android-emulator-runner@v2	2026-10-03T16:05:55.8602295Z [command]/usr/bin/sh -c \echo no | avdmanager create avd --force -n test --package 'system-images;android-34;google_apis;x86_64'
mobile	Run reactivecircus/android-emulator-runner@v2	2026-10-03T16:05:56.3848236Z Loading local repository...                                                     
mobile	Run reactivecircus/android-emulator-runner@v2	2026-10-03T16:05:56.3854512Z [=========                              ] 25% Loading local repository...       
mobile	Run reactivecircus/android-emulator-runner@v2	2026-10-03T16:05:56.3855275Z [=========                              ] 25% Fetch remote repository...        
mobile	Run reactivecircus/android-emulator-runner@v2	2026-10-03T16:05:56.3855845Z [=======================================] 100% Fetch remote repository...       
mobile	Run reactivecircus/android-emulator-runner@v2	2026-10-03T16:05:56.5810966Z Auto-selecting single ABI x86_64
mobile	Run reactivecircus/android-emulator-runner@v2	2026-10-03T16:05:56.6441687Z Do you wish to create a custom hardware profile? [no] [command]/usr/bin/sh -c \printf 'hw.cpu.ncore=2\n' >> /home/runner/.android/avd/test.avd/config.ini
mobile	Run reactivecircus/android-emulator-runner@v2	2026-10-03T16:05:56.6459563Z ##[endgroup]
mobile	Run reactivecircus/android-emulator-runner@v2	2026-10-03T16:05:56.6460016Z ##[group]Run pre emulator launch script
mobile	Run reactivecircus/android-emulator-runner@v2	2026-10-03T16:05:56.6467337Z [command]/usr/bin/sh -c $ANDROID_HOME/emulator/emulator -accel-check
mobile	Run reactivecircus/android-emulator-runner@v2	2026-10-03T16:05:56.6675573Z accel:
mobile	Run reactivecircus/android-emulator-runner@v2	2026-10-03T16:05:56.6675910Z 0
mobile	Run reactivecircus/android-emulator-runner@v2	2026-10-03T16:05:56.6676205Z KVM (version 12) is installed and usable.
mobile	Run reactivecircus/android-emulator-runner@v2	2026-10-03T16:05:56.6676487Z accel
mobile	Run reactivecircus/android-emulator-runner@v2	2026-10-03T16:05:56.6693619Z ##[endgroup]
mobile	Run reactivecircus/android-emulator-runner@v2	2026-10-03T16:05:56.6695194Z ##[group]Launch Emulator
mobile	Run reactivecircus/android-emulator-runner@v2	2026-10-03T16:05:56.6695486Z Starting emulator.
mobile	Run reactivecircus/android-emulator-runner@v2	2026-10-03T16:05:56.6708191Z [command]/usr/bin/sh -c \/usr/local/lib/android/sdk/emulator/emulator -port 5554 -avd test -no-window -gpu swiftshader_indirect -no-snapshot -noaudio -no-boot-anim &
mobile	Run reactivecircus/android-emulator-runner@v2	2026-10-03T16:05:56.6792943Z INFO         | Android emulator version 37.2.12.0 (build_id 16428233) (CL:N/A)
mobile	Run reactivecircus/android-emulator-runner@v2	2026-10-03T16:05:56.6793872Z INFO         | Graphics backend: gfxstream
mobile	Run reactivecircus/android-emulator-runner@v2	2026-10-03T16:05:56.7155997Z INFO         | Found systemPath /usr/local/lib/android/sdk/system-images/android-34/google_apis/x86_64/
mobile	Run reactivecircus/android-emulator-runner@v2	2026-10-03T16:05:56.7156730Z INFO         | Saving last run QEMU version for the AVD to 2
mobile	Run reactivecircus/android-emulator-runner@v2	2026-10-03T16:05:56.7157277Z INFO         | Increasing RAM size to 2560MB
mobile	Run reactivecircus/android-emulator-runner@v2	2026-10-03T16:05:56.7158619Z ##############################################################################
mobile	Run reactivecircus/android-emulator-runner@v2	2026-10-03T16:05:56.7159256Z ##                        WARNING - ACTION REQUIRED                         ##
mobile	Run reactivecircus/android-emulator-runner@v2	2026-10-03T16:05:56.7159828Z ##  Consider using the '-metrics-collection' flag to help improve the       ##
mobile	Run reactivecircus/android-emulator-runner@v2	2026-10-03T16:05:56.7165356Z ##  emulator by sending anonymized usage data. Or use the '-no-metrics'     ##
mobile	Run reactivecircus/android-emulator-runner@v2	2026-10-03T16:05:56.7165849Z ##  flag to bypass this warning and turn off the metrics collection.        ##
mobile	Run reactivecircus/android-emulator-runner@v2	2026-10-03T16:05:56.7166195Z ##  In a future release this warning will turn into a one-time blocking     ##
mobile	Run reactivecircus/android-emulator-runner@v2	2026-10-03T16:05:56.7166643Z ##  prompt to ask for explicit user input regarding metrics collection.     ##
mobile	Run reactivecircus/android-emulator-runner@v2	2026-10-03T16:05:56.7166947Z ##                                                                          ##
mobile	Run reactivecircus/android-emulator-runner@v2	2026-10-03T16:05:56.7167338Z ##  Please see '-help-metrics-collection' for more details. You can use     ##
mobile	Run reactivecircus/android-emulator-runner@v2	2026-10-03T16:05:56.7167689Z ##  '-metrics-to-file' or '-metrics-to-console' flags to see what type of   ##
mobile	Run reactivecircus/android-emulator-runner@v2	2026-10-03T16:05:56.7168216Z ##  data is being collected by emulator as part of usage statistics.        ##
mobile	Run reactivecircus/android-emulator-runner@v2	2026-10-03T16:05:56.7168665Z ##############################################################################
mobile	Run reactivecircus/android-emulator-runner@v2	2026-10-03T16:05:56.7169043Z INFO         | Guest GLES Driver: Auto (ext controls)
mobile	Run reactivecircus/android-emulator-runner@v2	2026-10-03T16:05:56.7169574Z INFO         | emuglConfig_init: vulkan_mode_selected:swiftshader gles_mode_selected:swiftshader
mobile	Run reactivecircus/android-emulator-runner@v2	2026-10-03T16:05:56.7170069Z INFO         | Checking system compatibility:
mobile	Run reactivecircus/android-emulator-runner@v2	2026-10-03T16:05:56.7170428Z INFO         |   Checking: hasSufficientDiskSpace
mobile	Run reactivecircus/android-emulator-runner@v2	2026-10-03T16:05:56.7170891Z INFO         |      Ok: Disk space requirements to run avd: `test` are met
mobile	Run reactivecircus/android-emulator-runner@v2	2026-10-03T16:05:56.7171272Z INFO         |   Checking: hasSufficientHwGpu
mobile	Run reactivecircus/android-emulator-runner@v2	2026-10-03T16:05:56.7171684Z INFO         |      Ok: Hardware GPU compatibility checks are not required
mobile	Run reactivecircus/android-emulator-runner@v2	2026-10-03T16:05:56.7172347Z INFO         |   Checking: hasSufficientSystem
mobile	Run reactivecircus/android-emulator-runner@v2	2026-10-03T16:05:56.7172750Z INFO         |      Ok: System requirements to run avd: `test` are met
mobile	Run reactivecircus/android-emulator-runner@v2	2026-10-03T16:05:56.7173679Z WARNING      | Feature QuickbootFileBacked is disabled due to stability issues, if you really want that, the environment variable ANDROID_EMU_FORCE_QUICKBOOT_FILE_BACKED need to set to 1
mobile	Run reactivecircus/android-emulator-runner@v2	2026-10-03T16:05:57.0710505Z ERROR        | Unable to connect to adb daemon on port: 5037
mobile	Run reactivecircus/android-emulator-runner@v2	2026-10-03T16:05:57.0713073Z INFO         | Storing crashdata in: /tmp/android-runner/emu-crash-37.2.12.db, detection is enabled for process: 2585
mobile	Run reactivecircus/android-emulator-runner@v2	2026-10-03T16:05:57.0713498Z INFO         | Initializing gfxstream backend
mobile	Run reactivecircus/android-emulator-runner@v2	2026-10-03T16:05:57.0717681Z INFO         | startOpenglesRendererImpl: gpu info
mobile	Run reactivecircus/android-emulator-runner@v2	2026-10-03T16:05:57.0717966Z INFO         | 
mobile	Run reactivecircus/android-emulator-runner@v2	2026-10-03T16:05:57.0720376Z INFO         | initIcdPaths: ICD set to 'swiftshader', using Swiftshader ICD
mobile	Run reactivecircus/android-emulator-runner@v2	2026-10-03T16:05:57.0721081Z INFO         | Setting ICD filenames for the loader = /usr/local/lib/android/sdk/emulator/lib64/vulkan/vk_swiftshader_icd.json
mobile	Run reactivecircus/android-emulator-runner@v2	2026-10-03T16:05:57.0721960Z INFO         | SharedLibrary::open for [/usr/local/lib/android/sdk/emulator/qemu/linux-x86_64/lib64/vulkan/libvulkan.so]
mobile	Run reactivecircus/android-emulator-runner@v2	2026-10-03T16:05:57.0722475Z INFO         | SharedLibrary::open for [/usr/local/lib/android/sdk/emulator/qemu/linux-x86_64/lib64/vulkan/libvulkan.so.1]
mobile	Run reactivecircus/android-emulator-runner@v2	2026-10-03T16:05:57.0722942Z INFO         | SharedLibrary::open for [/usr/local/lib/android/sdk/emulator/lib64/vulkan/libvulkan.so]
mobile	Run reactivecircus/android-emulator-runner@v2	2026-10-03T16:05:57.0724040Z INFO         | Added library: /usr/local/lib/android/sdk/emulator/lib64/vulkan/libvulkan.so
mobile	Run reactivecircus/android-emulator-runner@v2	2026-10-03T16:05:57.0759838Z INFO         | Selecting Vulkan device: SwiftShader Device (Subzero), Version: 1.3.0
mobile	Run reactivecircus/android-emulator-runner@v2	2026-10-03T16:05:57.0760640Z INFO         | Using Vulkan externalMemoryMode: OpaqueFd for VkEmulation
mobile	Run reactivecircus/android-emulator-runner@v2	2026-10-03T16:05:57.0860007Z INFO         | Format VK_FORMAT_G10X6_B10X6R10X6_2PLANE_422_UNORM_3PACK16 does not support YCbCr sampler conversion
mobile	Run reactivecircus/android-emulator-runner@v2	2026-10-03T16:05:57.0884917Z INFO         | SharedLibrary::open for [libX11]
mobile	Run reactivecircus/android-emulator-runner@v2	2026-10-03T16:05:57.0885361Z WARNING      | Could not open libX11.so, try libX11.so.6
mobile	Run reactivecircus/android-emulator-runner@v2	2026-10-03T16:05:57.0885792Z INFO         | SharedLibrary::open for [libX11.so.6]
mobile	Run reactivecircus/android-emulator-runner@v2	2026-10-03T16:05:57.0886200Z INFO         | SharedLibrary::open for [libX11-xcb]
mobile	Run reactivecircus/android-emulator-runner@v2	2026-10-03T16:05:57.0886649Z WARNING      | Could not open libX11-xcb.so, try libX11-xcb.so.1
mobile	Run reactivecircus/android-emulator-runner@v2	2026-10-03T16:05:57.0887072Z INFO         | SharedLibrary::open for [libX11-xcb.so.1]
mobile	Run reactivecircus/android-emulator-runner@v2	2026-10-03T16:05:57.0921229Z INFO         | Initializing VkEmulation features:
mobile	Run reactivecircus/android-emulator-runner@v2	2026-10-03T16:05:57.0921568Z INFO         |     glInteropSupported: false
mobile	Run reactivecircus/android-emulator-runner@v2	2026-10-03T16:05:57.0923380Z INFO         |     useDeferredCommands: true
mobile	Run reactivecircus/android-emulator-runner@v2	2026-10-03T16:05:57.0923827Z INFO         |     createResourceWithRequirements: true
mobile	Run reactivecircus/android-emulator-runner@v2	2026-10-03T16:05:57.0924174Z INFO         |     useVulkanComposition: false
mobile	Run reactivecircus/android-emulator-runner@v2	2026-10-03T16:05:57.0924512Z INFO         |     useVulkanNativeSwapchain: false
mobile	Run reactivecircus/android-emulator-runner@v2	2026-10-03T16:05:57.0924805Z INFO         |     enable guestRenderDoc: false
mobile	Run reactivecircus/android-emulator-runner@v2	2026-10-03T16:05:57.0925152Z INFO         |     ASTC LDR emulation mode: Gpu
mobile	Run reactivecircus/android-emulator-runner@v2	2026-10-03T16:05:57.0925399Z INFO         |     enable ETC2 emulation: true
mobile	Run reactivecircus/android-emulator-runner@v2	2026-10-03T16:05:57.0925620Z INFO         |     enable Ycbcr emulation: false
mobile	Run reactivecircus/android-emulator-runner@v2	2026-10-03T16:05:57.0925833Z INFO         |     guestVulkanOnly: false
mobile	Run reactivecircus/android-emulator-runner@v2	2026-10-03T16:05:57.0926085Z INFO         |     useDedicatedAllocations: false
mobile	Run reactivecircus/android-emulator-runner@v2	2026-10-03T16:05:57.0926431Z INFO         |     guestVulkanMaxApiVersion: 1.3.0
mobile	Run reactivecircus/android-emulator-runner@v2	2026-10-03T16:05:57.0926816Z INFO         |     enableProtectedMemoryEmulation: false
mobile	Run reactivecircus/android-emulator-runner@v2	2026-10-03T16:05:57.0927250Z INFO         | Graphics Adapter Vendor Google (Google Inc.)
mobile	Run reactivecircus/android-emulator-runner@v2	2026-10-03T16:05:57.0927960Z INFO         | Graphics Adapter Android Emulator OpenGL ES Translator (Google SwiftShader)
mobile	Run reactivecircus/android-emulator-runner@v2	2026-10-03T16:05:57.0928784Z INFO         | Graphics API Version OpenGL ES 3.0 (OpenGL ES 3.0 SwiftShader 4.0.0.1)
mobile	Run reactivecircus/android-emulator-runner@v2	2026-10-03T16:05:57.0931012Z INFO         | Graphics API Extensions GL_OES_EGL_sync GL_OES_EGL_image GL_OES_EGL_image_external GL_OES_depth24 GL_OES_depth32 GL_OES_element_index_uint GL_OES_texture_float GL_OES_texture_float_linear GL_OES_compressed_paletted_texture GL_OES_compressed_ETC1_RGB8_texture GL_OES_depth_texture GL_OES_texture_half_float GL_OES_texture_half_float_linear GL_OES_packed_depth_stencil GL_OES_vertex_half_float GL_OES_standard_derivatives GL_OES_texture_npot GL_OES_rgb8_rgba8 GL_EXT_color_buffer_float GL_EXT_color_buffer_half_float GL_EXT_texture_format_BGRA8888 GL_APPLE_texture_format_BGRA8888 
mobile	Run reactivecircus/android-emulator-runner@v2	2026-10-03T16:05:57.0932633Z INFO         | Graphics Device Extensions N/A
mobile	Run reactivecircus/android-emulator-runner@v2	2026-10-03T16:05:57.0933056Z INFO         | Disabling sparse binding feature support
mobile	Run reactivecircus/android-emulator-runner@v2	2026-10-03T16:05:57.0958519Z INFO         | Sending adb public key [QAAAAA1rF047pJ4m0ldY2KWwDxrlAzGI70P6sUeSmOcpbtfuM5kc57zL7/3aqukcUfJyuy7Ly4CF0Gk2gjN5BDYixDhSLWRHRFzPA5I8wLtNQgnUPZBCZY6VSV+lZH0TBOh2QpM0ciezjQ84gTdjV5Ka+9glKkUnSwkEnOxC9M0dLwmc6anM5aA5Uqe48dkY1MA1PlkmM4xONk2OtN4igrjwEgIXKRnljqbo+RLDQysFIN6XJQUlFYFACdSocmNvEOyDeGqP6D3DX1pRlLLT39Yq7VVdonGOrnMjSncnvSw8G0gidyHsmuUkVD42XYoncvjtFONwHFX5xNTpxuxhs0/UVcfVj6X2H500HB/Hn1pSTSm5hshAD2iBQFWLrzt3JvtjjDkC2gFBlCh6rqwJ+cuSQX1Sk9CJQjewnOOg5Jqyq71wyl7Rr63bVlxaPq/q88TZiuj3KalutVbI+e/88o+wF6VDq+2yQnKq5KK/4UsEKqzrnEe1g87E/WiLeUsev/U+IJdWYVlLK0+cCV6RuqPZxYyC8vZ3YoxINsigdO9fRjof26sP9JeuIC+FOHkgVWTcA6+6KFBb+XdDAo2rKyllQlNr+/mJ1HFu5tW0wrv4OgvRtpfMaO8NexiOw+hQuPS26cJvRnjxiJdsp+7HnmKXj2NLYOQ/0tZtFq/jB19FMRVwok9AHAEAAQA= runner@unknown]
mobile	Run reactivecircus/android-emulator-runner@v2	2026-10-03T16:05:57.0962243Z INFO         | Userspace boot properties:
mobile	Run reactivecircus/android-emulator-runner@v2	2026-10-03T16:05:57.0963178Z INFO         |   androidboot.boot_devices=pci0000:00/0000:00:03.0 pci0000:00/0000:00:06.0
mobile	Run reactivecircus/android-emulator-runner@v2	2026-10-03T16:05:57.0963951Z INFO         |   androidboot.dalvik.vm.heapsize=576m
mobile	Run reactivecircus/android-emulator-runner@v2	2026-10-03T16:05:57.0964688Z INFO         |   androidboot.debug.hwui.renderer=skiagl
mobile	Run reactivecircus/android-emulator-runner@v2	2026-10-03T16:05:57.0965463Z INFO         |   androidboot.debug.sf.nobootanimation=1
mobile	Run reactivecircus/android-emulator-runner@v2	2026-10-03T16:05:57.0966133Z INFO         |   androidboot.hardware=ranchu
mobile	Run reactivecircus/android-emulator-runner@v2	2026-10-03T16:05:57.0966884Z INFO         |   androidboot.hardware.gltransport=pipe
mobile	Run reactivecircus/android-emulator-runner@v2	2026-10-03T16:05:57.0967442Z INFO         |   androidboot.hardware.vulkan=ranchu
mobile	Run reactivecircus/android-emulator-runner@v2	2026-10-03T16:05:57.0967950Z INFO         |   androidboot.logcat=*:V
mobile	Run reactivecircus/android-emulator-runner@v2	2026-10-03T16:05:57.0968517Z INFO         |   androidboot.opengles.version=196608
mobile	Run reactivecircus/android-emulator-runner@v2	2026-10-03T16:05:57.0968929Z INFO         |   androidboot.qemu=1
mobile	Run reactivecircus/android-emulator-runner@v2	2026-10-03T16:05:57.0973183Z INFO         |   androidboot.qemu.adb.pubkey=QAAAAA1rF047pJ4m0ldY2KWwDxrlAzGI70P6sUeSmOcpbtfuM5kc57zL7/3aqukcUfJyuy7Ly4CF0Gk2gjN5BDYixDhSLWRHRFzPA5I8wLtNQgnUPZBCZY6VSV+lZH0TBOh2QpM0ciezjQ84gTdjV5Ka+9glKkUnSwkEnOxC9M0dLwmc6anM5aA5Uqe48dkY1MA1PlkmM4xONk2OtN4igrjwEgIXKRnljqbo+RLDQysFIN6XJQUlFYFACdSocmNvEOyDeGqP6D3DX1pRlLLT39Yq7VVdonGOrnMjSncnvSw8G0gidyHsmuUkVD42XYoncvjtFONwHFX5xNTpxuxhs0/UVcfVj6X2H500HB/Hn1pSTSm5hshAD2iBQFWLrzt3JvtjjDkC2gFBlCh6rqwJ+cuSQX1Sk9CJQjewnOOg5Jqyq71wyl7Rr63bVlxaPq/q88TZiuj3KalutVbI+e/88o+wF6VDq+2yQnKq5KK/4UsEKqzrnEe1g87E/WiLeUsev/U+IJdWYVlLK0+cCV6RuqPZxYyC8vZ3YoxINsigdO9fRjof26sP9JeuIC+FOHkgVWTcA6+6KFBb+XdDAo2rKyllQlNr+/mJ1HFu5tW0wrv4OgvRtpfMaO8NexiOw+hQuPS26cJvRnjxiJdsp+7HnmKXj2NLYOQ/0tZtFq/jB19FMRVwok9AHAEAAQA= runner@unknown
mobile	Run reactivecircus/android-emulator-runner@v2	2026-10-03T16:05:57.0988446Z INFO         |   androidboot.qemu.avd_name=test
mobile	Run reactivecircus/android-emulator-runner@v2	2026-10-03T16:05:57.0988826Z INFO         |   androidboot.qemu.camera_hq_edge_processing=0
mobile	Run reactivecircus/android-emulator-runner@v2	2026-10-03T16:05:57.0989201Z INFO         |   androidboot.qemu.camera_protocol_ver=1
mobile	Run reactivecircus/android-emulator-runner@v2	2026-10-03T16:05:57.0989590Z INFO         |   androidboot.qemu.cpuvulkan.version=4206592
mobile	Run reactivecircus/android-emulator-runner@v2	2026-10-03T16:05:57.0990055Z INFO         |   androidboot.qemu.gltransport.drawFlushInterval=800
mobile	Run reactivecircus/android-emulator-runner@v2	2026-10-03T16:05:57.0990470Z INFO         |   androidboot.qemu.gltransport.name=pipe
mobile	Run reactivecircus/android-emulator-runner@v2	2026-10-03T16:05:57.0990838Z INFO         |   androidboot.qemu.hwcodec.avcdec=2
mobile	Run reactivecircus/android-emulator-runner@v2	2026-10-03T16:05:57.0991172Z INFO         |   androidboot.qemu.hwcodec.hevcdec=2
mobile	Run reactivecircus/android-emulator-runner@v2	2026-10-03T16:05:57.0991428Z INFO         |   androidboot.qemu.hwcodec.vpxdec=2
mobile	Run reactivecircus/android-emulator-runner@v2	2026-10-03T16:05:57.0991890Z INFO         |   androidboot.qemu.settings.system.screen_off_timeout=2147483647
mobile	Run reactivecircus/android-emulator-runner@v2	2026-10-03T16:05:57.0992321Z INFO         |   androidboot.qemu.skin=320x640
mobile	Run reactivecircus/android-emulator-runner@v2	2026-10-03T16:05:57.0992891Z INFO         |   androidboot.qemu.virtiowifi=1
mobile	Run reactivecircus/android-emulator-runner@v2	2026-10-03T16:05:57.0993202Z INFO         |   androidboot.qemu.vsync=60
mobile	Run reactivecircus/android-emulator-runner@v2	2026-10-03T16:05:57.0993535Z INFO         |   androidboot.serialno=EMULATOR37X2X12X0
mobile	Run reactivecircus/android-emulator-runner@v2	2026-10-03T16:05:57.0994083Z INFO         |   androidboot.vbmeta.digest=451e57ed688ff746d2c636d52169ade253e2bc5bb30a5c3ff23679ca15d3bcd3
mobile	Run reactivecircus/android-emulator-runner@v2	2026-10-03T16:05:57.0994594Z INFO         |   androidboot.vbmeta.hash_alg=sha256
mobile	Run reactivecircus/android-emulator-runner@v2	2026-10-03T16:05:57.0994952Z INFO         |   androidboot.vbmeta.size=6656
mobile	Run reactivecircus/android-emulator-runner@v2	2026-10-03T16:05:57.0995303Z INFO         |   androidboot.veritymode=enforcing
mobile	Run reactivecircus/android-emulator-runner@v2	2026-10-03T16:05:57.1110671Z WARNING: cannnot unmap ptr 0x7f2bb1201000 as it is in the protected range from 0x7f2b11200000 to 0x7f2bb1400000
mobile	Run reactivecircus/android-emulator-runner@v2	2026-10-03T16:05:57.1243095Z INFO         | Monitoring duration of emulator setup.
mobile	Run reactivecircus/android-emulator-runner@v2	2026-10-03T16:05:58.1282270Z INFO         | Activated packet streamer for bluetooth emulation
mobile	Run reactivecircus/android-emulator-runner@v2	2026-10-03T16:05:58.1282827Z INFO         | Successfully initialized netsim WiFi
mobile	Run reactivecircus/android-emulator-runner@v2	2026-10-03T16:05:58.1323672Z INFO         | Setting display: 0 configuration to: 320x640, dpi: 160x160 
mobile	Run reactivecircus/android-emulator-runner@v2	2026-10-03T16:05:58.1324194Z INFO         | setDisplayActiveConfig: id:0, 320x640
mobile	Run reactivecircus/android-emulator-runner@v2	2026-10-03T16:05:58.1349268Z INFO         | emulatorSetupEnvironment: Environment scene is not required
mobile	Run reactivecircus/android-emulator-runner@v2	2026-10-03T16:05:58.1372223Z USER_INFO    | Emulator is performing a full startup. This may take upto two minutes, or more.
mobile	Run reactivecircus/android-emulator-runner@v2	2026-10-03T16:05:58.1372958Z WARNING      | Failed to process .ini file /home/runner/.android/emu-update-last-check.ini for reading.
mobile	Run reactivecircus/android-emulator-runner@v2	2026-10-03T16:05:58.3414055Z WARNING      | Failed to process .ini file /home/runner/.android/emu-update-last-check.ini for reading.
mobile	Run reactivecircus/android-emulator-runner@v2	2026-10-03T16:06:06.6746531Z [command]/usr/local/lib/android/sdk/platform-tools/adb -s emulator-5554 shell getprop sys.boot_completed
mobile	Run reactivecircus/android-emulator-runner@v2	2026-10-03T16:06:06.6774124Z * daemon not running; starting now at tcp:5037
mobile	Run reactivecircus/android-emulator-runner@v2	2026-10-03T16:06:06.7474554Z * daemon started successfully
mobile	Run reactivecircus/android-emulator-runner@v2	2026-10-03T16:06:06.7475293Z adb: device offline
mobile	Run reactivecircus/android-emulator-runner@v2	2026-10-03T16:06:06.7482973Z The process '/usr/local/lib/android/sdk/platform-tools/adb' failed with exit code 1
mobile	Run reactivecircus/android-emulator-runner@v2	2026-10-03T16:06:08.7550066Z [command]/usr/local/lib/android/sdk/platform-tools/adb -s emulator-5554 shell getprop sys.boot_completed
mobile	Run reactivecircus/android-emulator-runner@v2	2026-10-03T16:06:08.7723981Z 
mobile	Run reactivecircus/android-emulator-runner@v2	2026-10-03T16:06:10.7762162Z [command]/usr/local/lib/android/sdk/platform-tools/adb -s emulator-5554 shell getprop sys.boot_completed
mobile	Run reactivecircus/android-emulator-runner@v2	2026-10-03T16:06:10.8295216Z 
mobile	Run reactivecircus/android-emulator-runner@v2	2026-10-03T16:06:12.8344349Z [command]/usr/local/lib/android/sdk/platform-tools/adb -s emulator-5554 shell getprop sys.boot_completed
mobile	Run reactivecircus/android-emulator-runner@v2	2026-10-03T16:06:12.8591350Z 
mobile	Run reactivecircus/android-emulator-runner@v2	2026-10-03T16:06:14.8660223Z [command]/usr/local/lib/android/sdk/platform-tools/adb -s emulator-5554 shell getprop sys.boot_completed
mobile	Run reactivecircus/android-emulator-runner@v2	2026-10-03T16:06:14.8891763Z 
mobile	Run reactivecircus/android-emulator-runner@v2	2026-10-03T16:06:16.8941636Z [command]/usr/local/lib/android/sdk/platform-tools/adb -s emulator-5554 shell getprop sys.boot_completed
mobile	Run reactivecircus/android-emulator-runner@v2	2026-10-03T16:06:16.9126799Z 
mobile	Run reactivecircus/android-emulator-runner@v2	2026-10-03T16:06:18.9160068Z [command]/usr/local/lib/android/sdk/platform-tools/adb -s emulator-5554 shell getprop sys.boot_completed
mobile	Run reactivecircus/android-emulator-runner@v2	2026-10-03T16:06:18.9357047Z 
mobile	Run reactivecircus/android-emulator-runner@v2	2026-10-03T16:06:20.9397093Z [command]/usr/local/lib/android/sdk/platform-tools/adb -s emulator-5554 shell getprop sys.boot_completed
mobile	Run reactivecircus/android-emulator-runner@v2	2026-10-03T16:06:20.9532756Z 
mobile	Run reactivecircus/android-emulator-runner@v2	2026-10-03T16:06:22.9583974Z [command]/usr/local/lib/android/sdk/platform-tools/adb -s emulator-5554 shell getprop sys.boot_completed
mobile	Run reactivecircus/android-emulator-runner@v2	2026-10-03T16:06:22.9976308Z 
mobile	Run reactivecircus/android-emulator-runner@v2	2026-10-03T16:06:25.0017912Z [command]/usr/local/lib/android/sdk/platform-tools/adb -s emulator-5554 shell getprop sys.boot_completed
mobile	Run reactivecircus/android-emulator-runner@v2	2026-10-03T16:06:25.0529166Z 1
mobile	Run reactivecircus/android-emulator-runner@v2	2026-10-03T16:06:25.0559128Z Emulator booted.
mobile	Run reactivecircus/android-emulator-runner@v2	2026-10-03T16:06:25.0568802Z [command]/usr/local/lib/android/sdk/platform-tools/adb -s emulator-5554 shell input keyevent 82
mobile	Run reactivecircus/android-emulator-runner@v2	2026-10-03T16:06:25.2329793Z Disabling animations.
mobile	Run reactivecircus/android-emulator-runner@v2	2026-10-03T16:06:25.2342538Z [command]/usr/local/lib/android/sdk/platform-tools/adb -s emulator-5554 shell settings put global window_animation_scale 0.0
mobile	Run reactivecircus/android-emulator-runner@v2	2026-10-03T16:06:25.2732713Z INFO         | Boot completed in 28574 ms
mobile	Run reactivecircus/android-emulator-runner@v2	2026-10-03T16:06:25.2733645Z INFO         | Increasing screen off timeout, logcat buffer size to 2M.
mobile	Run reactivecircus/android-emulator-runner@v2	2026-10-03T16:06:25.3009270Z [command]/usr/local/lib/android/sdk/platform-tools/adb -s emulator-5554 shell settings put global transition_animation_scale 0.0
mobile	Run reactivecircus/android-emulator-runner@v2	2026-10-03T16:06:25.3520647Z [command]/usr/local/lib/android/sdk/platform-tools/adb -s emulator-5554 shell settings put global animator_duration_scale 0.0
mobile	Run reactivecircus/android-emulator-runner@v2	2026-10-03T16:06:25.4761013Z ##[endgroup]
mobile	Run reactivecircus/android-emulator-runner@v2	2026-10-03T16:06:25.4780797Z [command]/usr/bin/sh -c python3 -B tools/verify_client_sqlite.py --scope mobile --serial emulator-5554
mobile	Run reactivecircus/android-emulator-runner@v2	2026-10-03T16:06:25.5165657Z + chmod +x /home/runner/work/IM-platform/IM-platform/clients/mobile/gradlew
mobile	Run reactivecircus/android-emulator-runner@v2	2026-10-03T16:06:25.5189409Z + /home/runner/work/IM-platform/IM-platform/clients/mobile/gradlew --no-daemon assembleDebug assembleDebugAndroidTest
mobile	Run reactivecircus/android-emulator-runner@v2	2026-10-03T16:06:25.6600320Z Downloading https://services.gradle.org/distributions/gradle-8.9-bin.zip
mobile	Run reactivecircus/android-emulator-runner@v2	2026-10-03T16:06:27.2990885Z ............10%.............20%.............30%.............40%.............50%.............60%.............70%.............80%.............90%.............100%
mobile	Run reactivecircus/android-emulator-runner@v2	2026-10-03T16:06:28.6420563Z 
mobile	Run reactivecircus/android-emulator-runner@v2	2026-10-03T16:06:28.6421581Z Welcome to Gradle 8.9!
mobile	Run reactivecircus/android-emulator-runner@v2	2026-10-03T16:06:28.6422427Z 
mobile	Run reactivecircus/android-emulator-runner@v2	2026-10-03T16:06:28.6422890Z Here are the highlights of this release:
mobile	Run reactivecircus/android-emulator-runner@v2	2026-10-03T16:06:28.6432279Z  - Enhanced Error and Warning Messages
mobile	Run reactivecircus/android-emulator-runner@v2	2026-10-03T16:06:28.6432714Z  - IDE Integration Improvements
mobile	Run reactivecircus/android-emulator-runner@v2	2026-10-03T16:06:28.6433109Z  - Daemon JVM Information
mobile	Run reactivecircus/android-emulator-runner@v2	2026-10-03T16:06:28.6434671Z 
mobile	Run reactivecircus/android-emulator-runner@v2	2026-10-03T16:06:28.6440215Z For more details see https://docs.gradle.org/8.9/release-notes.html
mobile	Run reactivecircus/android-emulator-runner@v2	2026-10-03T16:06:28.6440725Z 
mobile	Run reactivecircus/android-emulator-runner@v2	2026-10-03T16:06:28.8431685Z To honour the JVM settings for this build a single-use Daemon process will be forked. For more on this, please refer to https://docs.gradle.org/8.9/userguide/gradle_daemon.html#sec:disabling_the_daemon in the Gradle documentation.
mobile	Run reactivecircus/android-emulator-runner@v2	2026-10-03T16:06:30.6441070Z Daemon will be stopped at the end of the build 
mobile	Run reactivecircus/android-emulator-runner@v2	2026-10-03T16:07:29.9479204Z > Task :app:preBuild UP-TO-DATE
mobile	Run reactivecircus/android-emulator-runner@v2	2026-10-03T16:07:29.9506372Z > Task :app:preDebugBuild UP-TO-DATE
mobile	Run reactivecircus/android-emulator-runner@v2	2026-10-03T16:07:30.0421010Z > Task :app:mergeDebugNativeDebugMetadata NO-SOURCE
mobile	Run reactivecircus/android-emulator-runner@v2	2026-10-03T16:07:30.0423330Z > Task :app:checkKotlinGradlePluginConfigurationErrors SKIPPED
mobile	Run reactivecircus/android-emulator-runner@v2	2026-10-03T16:07:37.8432567Z > Task :app:generateDebugResValues
mobile	Run reactivecircus/android-emulator-runner@v2	2026-10-03T16:07:37.8458887Z > Task :app:checkDebugAarMetadata
mobile	Run reactivecircus/android-emulator-runner@v2	2026-10-03T16:07:37.9412109Z > Task :app:mapDebugSourceSetPaths
mobile	Run reactivecircus/android-emulator-runner@v2	2026-10-03T16:07:37.9429012Z > Task :app:generateDebugResources
mobile	Run reactivecircus/android-emulator-runner@v2	2026-10-03T16:07:38.4411281Z > Task :app:packageDebugResources
mobile	Run reactivecircus/android-emulator-runner@v2	2026-10-03T16:07:39.1409398Z > Task :app:mergeDebugResources
mobile	Run reactivecircus/android-emulator-runner@v2	2026-10-03T16:07:39.4455121Z > Task :app:createDebugCompatibleScreenManifests
mobile	Run reactivecircus/android-emulator-runner@v2	2026-10-03T16:07:39.4478953Z > Task :app:extractDeepLinksDebug
mobile	Run reactivecircus/android-emulator-runner@v2	2026-10-03T16:07:39.5408333Z > Task :app:parseDebugLocalResources
mobile	Run reactivecircus/android-emulator-runner@v2	2026-10-03T16:07:39.7407912Z > Task :app:processDebugMainManifest
mobile	Run reactivecircus/android-emulator-runner@v2	2026-10-03T16:07:39.8411312Z > Task :app:processDebugManifest
mobile	Run reactivecircus/android-emulator-runner@v2	2026-10-03T16:07:39.9409030Z > Task :app:processDebugManifestForPackage
mobile	Run reactivecircus/android-emulator-runner@v2	2026-10-03T16:07:39.9411029Z > Task :app:javaPreCompileDebug
mobile	Run reactivecircus/android-emulator-runner@v2	2026-10-03T16:07:40.6436613Z > Task :app:mergeDebugShaders
mobile	Run reactivecircus/android-emulator-runner@v2	2026-10-03T16:07:40.6476075Z > Task :app:compileDebugShaders NO-SOURCE
mobile	Run reactivecircus/android-emulator-runner@v2	2026-10-03T16:07:40.6499045Z > Task :app:generateDebugAssets UP-TO-DATE
mobile	Run reactivecircus/android-emulator-runner@v2	2026-10-03T16:07:40.7429502Z > Task :app:mergeDebugAssets
mobile	Run reactivecircus/android-emulator-runner@v2	2026-10-03T16:07:40.7458975Z > Task :app:compressDebugAssets
mobile	Run reactivecircus/android-emulator-runner@v2	2026-10-03T16:07:40.7519050Z > Task :app:desugarDebugFileDependencies
mobile	Run reactivecircus/android-emulator-runner@v2	2026-10-03T16:07:41.2409535Z > Task :app:processDebugResources
mobile	Run reactivecircus/android-emulator-runner@v2	2026-10-03T16:07:41.3439440Z > Task :app:checkDebugDuplicateClasses
mobile	Run reactivecircus/android-emulator-runner@v2	2026-10-03T16:08:08.5424692Z > Task :app:compileDebugKotlin
mobile	Run reactivecircus/android-emulator-runner@v2	2026-10-03T16:08:15.9446430Z > Task :app:compileDebugJavaWithJavac NO-SOURCE
mobile	Run reactivecircus/android-emulator-runner@v2	2026-10-03T16:08:16.5466759Z > Task :app:dexBuilderDebug
mobile	Run reactivecircus/android-emulator-runner@v2	2026-10-03T16:08:16.6425454Z > Task :app:mergeDebugGlobalSynthetics
mobile	Run reactivecircus/android-emulator-runner@v2	2026-10-03T16:08:16.6449131Z > Task :app:mergeExtDexDebug
mobile	Run reactivecircus/android-emulator-runner@v2	2026-10-03T16:08:16.7409146Z > Task :app:processDebugJavaRes
mobile	Run reactivecircus/android-emulator-runner@v2	2026-10-03T16:08:17.3421648Z > Task :app:mergeLibDexDebug
mobile	Run reactivecircus/android-emulator-runner@v2	2026-10-03T16:08:17.4407212Z > Task :app:mergeDebugJniLibFolders
mobile	Run reactivecircus/android-emulator-runner@v2	2026-10-03T16:08:17.5409181Z > Task :app:mergeProjectDexDebug
mobile	Run reactivecircus/android-emulator-runner@v2	2026-10-03T16:08:17.5438559Z > Task :app:mergeDebugNativeLibs
mobile	Run reactivecircus/android-emulator-runner@v2	2026-10-03T16:08:17.8419421Z > Task :app:mergeDebugJavaResource
mobile	Run reactivecircus/android-emulator-runner@v2	2026-10-03T16:08:18.3436598Z > Task :app:validateSigningDebug
mobile	Run reactivecircus/android-emulator-runner@v2	2026-10-03T16:08:18.4439382Z > Task :app:writeDebugAppMetadata
mobile	Run reactivecircus/android-emulator-runner@v2	2026-10-03T16:08:18.4488502Z 
mobile	Run reactivecircus/android-emulator-runner@v2	2026-10-03T16:08:18.4549209Z > Task :app:stripDebugDebugSymbols
mobile	Run reactivecircus/android-emulator-runner@v2	2026-10-03T16:08:18.4551595Z Unable to strip the following libraries, packaging them as they are: libandroidx.graphics.path.so.
mobile	Run reactivecircus/android-emulator-runner@v2	2026-10-03T16:08:18.4596793Z 
mobile	Run reactivecircus/android-emulator-runner@v2	2026-10-03T16:08:18.4639006Z > Task :app:writeDebugSigningConfigVersions
mobile	Run reactivecircus/android-emulator-runner@v2	2026-10-03T16:08:18.4674422Z > Task :app:preDebugAndroidTestBuild SKIPPED
mobile	Run reactivecircus/android-emulator-runner@v2	2026-10-03T16:08:18.4703249Z > Task :app:checkDebugAndroidTestAarMetadata
mobile	Run reactivecircus/android-emulator-runner@v2	2026-10-03T16:08:18.4703829Z > Task :app:generateDebugAndroidTestResValues
mobile	Run reactivecircus/android-emulator-runner@v2	2026-10-03T16:08:18.4704307Z > Task :app:mapDebugAndroidTestSourceSetPaths
mobile	Run reactivecircus/android-emulator-runner@v2	2026-10-03T16:08:18.4704771Z > Task :app:bundleDebugClassesToCompileJar
mobile	Run reactivecircus/android-emulator-runner@v2	2026-10-03T16:08:18.4705239Z > Task :app:generateDebugAndroidTestResources
mobile	Run reactivecircus/android-emulator-runner@v2	2026-10-03T16:08:18.4705682Z > Task :app:mergeDebugAndroidTestResources
mobile	Run reactivecircus/android-emulator-runner@v2	2026-10-03T16:08:18.5443310Z > Task :app:processDebugAndroidTestManifest
mobile	Run reactivecircus/android-emulator-runner@v2	2026-10-03T16:08:18.5459234Z > Task :app:javaPreCompileDebugAndroidTest
mobile	Run reactivecircus/android-emulator-runner@v2	2026-10-03T16:08:18.5486567Z > Task :app:mergeDebugAndroidTestShaders
mobile	Run reactivecircus/android-emulator-runner@v2	2026-10-03T16:08:18.5507789Z > Task :app:compileDebugAndroidTestShaders NO-SOURCE
mobile	Run reactivecircus/android-emulator-runner@v2	2026-10-03T16:08:18.5508587Z > Task :app:generateDebugAndroidTestAssets UP-TO-DATE
mobile	Run reactivecircus/android-emulator-runner@v2	2026-10-03T16:08:18.5509082Z > Task :app:mergeDebugAndroidTestAssets
mobile	Run reactivecircus/android-emulator-runner@v2	2026-10-03T16:08:18.6408234Z > Task :app:compressDebugAndroidTestAssets
mobile	Run reactivecircus/android-emulator-runner@v2	2026-10-03T16:08:18.6443994Z > Task :app:desugarDebugAndroidTestFileDependencies
mobile	Run reactivecircus/android-emulator-runner@v2	2026-10-03T16:08:18.6471347Z > Task :app:checkDebugAndroidTestDuplicateClasses
mobile	Run reactivecircus/android-emulator-runner@v2	2026-10-03T16:08:18.6530509Z > Task :app:mergeDebugAndroidTestJniLibFolders
mobile	Run reactivecircus/android-emulator-runner@v2	2026-10-03T16:08:18.6557245Z > Task :app:mergeExtDexDebugAndroidTest
mobile	Run reactivecircus/android-emulator-runner@v2	2026-10-03T16:08:18.6599090Z > Task :app:processDebugAndroidTestResources
mobile	Run reactivecircus/android-emulator-runner@v2	2026-10-03T16:08:18.6618647Z > Task :app:mergeLibDexDebugAndroidTest
mobile	Run reactivecircus/android-emulator-runner@v2	2026-10-03T16:08:19.5442170Z > Task :app:mergeDebugAndroidTestNativeLibs NO-SOURCE
mobile	Run reactivecircus/android-emulator-runner@v2	2026-10-03T16:08:19.5509395Z > Task :app:stripDebugAndroidTestDebugSymbols NO-SOURCE
mobile	Run reactivecircus/android-emulator-runner@v2	2026-10-03T16:08:19.5511515Z > Task :app:validateSigningDebugAndroidTest
mobile	Run reactivecircus/android-emulator-runner@v2	2026-10-03T16:08:19.5568909Z > Task :app:writeDebugAndroidTestSigningConfigVersions
mobile	Run reactivecircus/android-emulator-runner@v2	2026-10-03T16:08:20.9429545Z > Task :app:packageDebug
mobile	Run reactivecircus/android-emulator-runner@v2	2026-10-03T16:08:20.9453566Z > Task :app:createDebugApkListingFileRedirect
mobile	Run reactivecircus/android-emulator-runner@v2	2026-10-03T16:08:20.9489108Z > Task :app:assembleDebug
mobile	Run reactivecircus/android-emulator-runner@v2	2026-10-03T16:08:24.6423367Z 
mobile	Run reactivecircus/android-emulator-runner@v2	2026-10-03T16:08:24.6459422Z > Task :app:compileDebugAndroidTestKotlin
mobile	Run reactivecircus/android-emulator-runner@v2	2026-10-03T16:08:24.6492847Z w: file:///home/runner/work/IM-platform/IM-platform/clients/mobile/app/src/androidTest/kotlin/im/platform/client/storage/StorageInstrumentation.kt:169:68 Type argument for reified type parameter 'T' was inferred to the intersection of ['kotlin.Comparable<*>' & 'java.io.Serializable']. Reification of an intersection type results in the common supertype being used. This may lead to subtle issues and an explicit type argument is encouraged. This will become an error in a future release.
mobile	Run reactivecircus/android-emulator-runner@v2	2026-10-03T16:08:24.6507481Z w: file:///home/runner/work/IM-platform/IM-platform/clients/mobile/app/src/androidTest/kotlin/im/platform/client/storage/StorageInstrumentation.kt:170:68 Type argument for reified type parameter 'T' was inferred to the intersection of ['kotlin.Comparable<*>' & 'java.io.Serializable']. Reification of an intersection type results in the common supertype being used. This may lead to subtle issues and an explicit type argument is encouraged. This will become an error in a future release.
mobile	Run reactivecircus/android-emulator-runner@v2	2026-10-03T16:08:24.6542324Z 
mobile	Run reactivecircus/android-emulator-runner@v2	2026-10-03T16:08:24.6560690Z > Task :app:compileDebugAndroidTestJavaWithJavac NO-SOURCE
mobile	Run reactivecircus/android-emulator-runner@v2	2026-10-03T16:08:25.3414468Z > Task :app:dexBuilderDebugAndroidTest
mobile	Run reactivecircus/android-emulator-runner@v2	2026-10-03T16:08:25.3421441Z > Task :app:mergeDebugAndroidTestGlobalSynthetics
mobile	Run reactivecircus/android-emulator-runner@v2	2026-10-03T16:08:25.3422087Z > Task :app:processDebugAndroidTestJavaRes
mobile	Run reactivecircus/android-emulator-runner@v2	2026-10-03T16:08:25.3423144Z > Task :app:mergeDebugAndroidTestJavaResource
mobile	Run reactivecircus/android-emulator-runner@v2	2026-10-03T16:08:25.3423619Z > Task :app:mergeProjectDexDebugAndroidTest
mobile	Run reactivecircus/android-emulator-runner@v2	2026-10-03T16:08:25.4434243Z > Task :app:packageDebugAndroidTest
mobile	Run reactivecircus/android-emulator-runner@v2	2026-10-03T16:08:25.4449401Z > Task :app:createDebugAndroidTestApkListingFileRedirect
mobile	Run reactivecircus/android-emulator-runner@v2	2026-10-03T16:08:25.4459316Z > Task :app:assembleDebugAndroidTest
mobile	Run reactivecircus/android-emulator-runner@v2	2026-10-03T16:08:25.4459718Z 
mobile	Run reactivecircus/android-emulator-runner@v2	2026-10-03T16:08:25.4463840Z BUILD SUCCESSFUL in 1m 59s
mobile	Run reactivecircus/android-emulator-runner@v2	2026-10-03T16:08:25.4486040Z 62 actionable tasks: 62 executed
mobile	Run reactivecircus/android-emulator-runner@v2	2026-10-03T16:08:25.8959660Z Actual minimum emulator SDK: 34 boot: 1 credential-encrypted storage: true
mobile	Run reactivecircus/android-emulator-runner@v2	2026-10-03T16:08:25.8961108Z + adb -s emulator-5554 install -r /home/runner/work/IM-platform/IM-platform/clients/mobile/app/build/outputs/apk/debug/app-debug.apk
mobile	Run reactivecircus/android-emulator-runner@v2	2026-10-03T16:08:26.2792958Z Performing Streamed Install
mobile	Run reactivecircus/android-emulator-runner@v2	2026-10-03T16:08:26.2793891Z Success
mobile	Run reactivecircus/android-emulator-runner@v2	2026-10-03T16:08:26.2810247Z + adb -s emulator-5554 install -r /home/runner/work/IM-platform/IM-platform/clients/mobile/app/build/outputs/apk/androidTest/debug/app-debug-androidTest.apk
mobile	Run reactivecircus/android-emulator-runner@v2	2026-10-03T16:08:26.4663645Z Performing Streamed Install
mobile	Run reactivecircus/android-emulator-runner@v2	2026-10-03T16:08:26.4664339Z Success
mobile	Run reactivecircus/android-emulator-runner@v2	2026-10-03T16:08:26.4670320Z + adb -s emulator-5554 shell am instrument -w im.platform.client.test/im.platform.client.storage.StorageInstrumentation phase=install
mobile	Run reactivecircus/android-emulator-runner@v2	2026-10-03T16:08:27.9901107Z 
mobile	Run reactivecircus/android-emulator-runner@v2	2026-10-03T16:08:28.0666185Z INSTRUMENTATION_RESULT: assertions=137
mobile	Run reactivecircus/android-emulator-runner@v2	2026-10-03T16:08:28.0666897Z INSTRUMENTATION_RESULT: canonicalCases=13
mobile	Run reactivecircus/android-emulator-runner@v2	2026-10-03T16:08:28.0667512Z INSTRUMENTATION_RESULT: engine=actual Android SDK SQLite
mobile	Run reactivecircus/android-emulator-runner@v2	2026-10-03T16:08:28.0667914Z INSTRUMENTATION_RESULT: result=PASS
mobile	Run reactivecircus/android-emulator-runner@v2	2026-10-03T16:08:28.0668333Z INSTRUMENTATION_RESULT: sdkInt=34
mobile	Run reactivecircus/android-emulator-runner@v2	2026-10-03T16:08:28.0668629Z INSTRUMENTATION_RESULT: sqliteVersion=3.39.2
mobile	Run reactivecircus/android-emulator-runner@v2	2026-10-03T16:08:28.0669406Z INSTRUMENTATION_CODE: -1
mobile	Run reactivecircus/android-emulator-runner@v2	2026-10-03T16:08:28.0669540Z 
mobile	Run reactivecircus/android-emulator-runner@v2	2026-10-03T16:08:28.0669687Z Task application data-clear: Success
mobile	Run reactivecircus/android-emulator-runner@v2	2026-10-03T16:08:28.0670503Z + adb -s emulator-5554 shell am instrument -w im.platform.client.test/im.platform.client.storage.StorageInstrumentation phase=data-clear
mobile	Run reactivecircus/android-emulator-runner@v2	2026-10-03T16:08:28.6953982Z 
mobile	Run reactivecircus/android-emulator-runner@v2	2026-10-03T16:08:28.6955064Z INSTRUMENTATION_RESULT: assertions=137
mobile	Run reactivecircus/android-emulator-runner@v2	2026-10-03T16:08:28.6955648Z INSTRUMENTATION_RESULT: canonicalCases=13
mobile	Run reactivecircus/android-emulator-runner@v2	2026-10-03T16:08:28.6956153Z INSTRUMENTATION_RESULT: engine=actual Android SDK SQLite
mobile	Run reactivecircus/android-emulator-runner@v2	2026-10-03T16:08:28.6956635Z INSTRUMENTATION_RESULT: result=PASS
mobile	Run reactivecircus/android-emulator-runner@v2	2026-10-03T16:08:28.6957042Z INSTRUMENTATION_RESULT: sdkInt=34
mobile	Run reactivecircus/android-emulator-runner@v2	2026-10-03T16:08:28.6957497Z INSTRUMENTATION_RESULT: sqliteVersion=3.39.2
mobile	Run reactivecircus/android-emulator-runner@v2	2026-10-03T16:08:28.6957913Z INSTRUMENTATION_CODE: -1
mobile	Run reactivecircus/android-emulator-runner@v2	2026-10-03T16:08:28.6959069Z 
mobile	Run reactivecircus/android-emulator-runner@v2	2026-10-03T16:08:28.6959475Z PASS: real Android SDK SQLite fixture/migration/restart/isolation/rollback instrumentation
mobile	Run reactivecircus/android-emulator-runner@v2	2026-10-03T16:08:28.7025361Z [command]/usr/bin/sh -c python3 -B tools/verify_client_send.py --scope mobile --serial emulator-5554
mobile	Run reactivecircus/android-emulator-runner@v2	2026-10-03T16:08:28.7522928Z + chmod +x /home/runner/work/IM-platform/IM-platform/clients/mobile/gradlew
mobile	Run reactivecircus/android-emulator-runner@v2	2026-10-03T16:08:28.7532367Z + /home/runner/work/IM-platform/IM-platform/clients/mobile/gradlew --no-daemon -PimSendInstrumentation=im.platform.client.send.SendInstrumentation assembleDebug assembleDebugAndroidTest
mobile	Run reactivecircus/android-emulator-runner@v2	2026-10-03T16:08:29.1397629Z To honour the JVM settings for this build a single-use Daemon process will be forked. For more on this, please refer to https://docs.gradle.org/8.9/userguide/gradle_daemon.html#sec:disabling_the_daemon in the Gradle documentation.
mobile	Run reactivecircus/android-emulator-runner@v2	2026-10-03T16:08:29.8395595Z Daemon will be stopped at the end of the build 
mobile	Run reactivecircus/android-emulator-runner@v2	2026-10-03T16:08:35.4488046Z > Task :app:preBuild UP-TO-DATE
mobile	Run reactivecircus/android-emulator-runner@v2	2026-10-03T16:08:35.4488880Z > Task :app:preDebugBuild UP-TO-DATE
mobile	Run reactivecircus/android-emulator-runner@v2	2026-10-03T16:08:35.5386175Z > Task :app:mergeDebugNativeDebugMetadata NO-SOURCE
mobile	Run reactivecircus/android-emulator-runner@v2	2026-10-03T16:08:35.5387341Z > Task :app:checkKotlinGradlePluginConfigurationErrors SKIPPED
mobile	Run reactivecircus/android-emulator-runner@v2	2026-10-03T16:08:35.7409328Z > Task :app:checkDebugAarMetadata UP-TO-DATE
mobile	Run reactivecircus/android-emulator-runner@v2	2026-10-03T16:08:35.8388621Z > Task :app:generateDebugResValues UP-TO-DATE
mobile	Run reactivecircus/android-emulator-runner@v2	2026-10-03T16:08:35.8390299Z > Task :app:mapDebugSourceSetPaths UP-TO-DATE
mobile	Run reactivecircus/android-emulator-runner@v2	2026-10-03T16:08:35.8390810Z > Task :app:generateDebugResources UP-TO-DATE
mobile	Run reactivecircus/android-emulator-runner@v2	2026-10-03T16:08:35.8391593Z > Task :app:mergeDebugResources UP-TO-DATE
mobile	Run reactivecircus/android-emulator-runner@v2	2026-10-03T16:08:35.8392048Z > Task :app:packageDebugResources UP-TO-DATE
mobile	Run reactivecircus/android-emulator-runner@v2	2026-10-03T16:08:35.8415346Z > Task :app:parseDebugLocalResources UP-TO-DATE
mobile	Run reactivecircus/android-emulator-runner@v2	2026-10-03T16:08:35.8415970Z > Task :app:createDebugCompatibleScreenManifests UP-TO-DATE
mobile	Run reactivecircus/android-emulator-runner@v2	2026-10-03T16:08:35.9383981Z > Task :app:extractDeepLinksDebug UP-TO-DATE
mobile	Run reactivecircus/android-emulator-runner@v2	2026-10-03T16:08:35.9420262Z > Task :app:processDebugMainManifest UP-TO-DATE
mobile	Run reactivecircus/android-emulator-runner@v2	2026-10-03T16:08:35.9421241Z > Task :app:processDebugManifest UP-TO-DATE
mobile	Run reactivecircus/android-emulator-runner@v2	2026-10-03T16:08:35.9421767Z > Task :app:processDebugManifestForPackage UP-TO-DATE
mobile	Run reactivecircus/android-emulator-runner@v2	2026-10-03T16:08:36.0409269Z > Task :app:processDebugResources UP-TO-DATE
mobile	Run reactivecircus/android-emulator-runner@v2	2026-10-03T16:08:36.2401524Z > Task :app:compileDebugKotlin UP-TO-DATE
mobile	Run reactivecircus/android-emulator-runner@v2	2026-10-03T16:08:36.2428741Z > Task :app:javaPreCompileDebug UP-TO-DATE
mobile	Run reactivecircus/android-emulator-runner@v2	2026-10-03T16:08:36.2441002Z > Task :app:compileDebugJavaWithJavac NO-SOURCE
mobile	Run reactivecircus/android-emulator-runner@v2	2026-10-03T16:08:36.2441771Z > Task :app:mergeDebugShaders UP-TO-DATE
mobile	Run reactivecircus/android-emulator-runner@v2	2026-10-03T16:08:36.2442306Z > Task :app:compileDebugShaders NO-SOURCE
mobile	Run reactivecircus/android-emulator-runner@v2	2026-10-03T16:08:36.2442788Z > Task :app:generateDebugAssets UP-TO-DATE
mobile	Run reactivecircus/android-emulator-runner@v2	2026-10-03T16:08:36.2443258Z > Task :app:mergeDebugAssets UP-TO-DATE
mobile	Run reactivecircus/android-emulator-runner@v2	2026-10-03T16:08:36.2443727Z > Task :app:compressDebugAssets UP-TO-DATE
mobile	Run reactivecircus/android-emulator-runner@v2	2026-10-03T16:08:36.2444243Z > Task :app:desugarDebugFileDependencies UP-TO-DATE
mobile	Run reactivecircus/android-emulator-runner@v2	2026-10-03T16:08:36.2444749Z > Task :app:dexBuilderDebug UP-TO-DATE
mobile	Run reactivecircus/android-emulator-runner@v2	2026-10-03T16:08:36.3381233Z > Task :app:mergeDebugGlobalSynthetics UP-TO-DATE
mobile	Run reactivecircus/android-emulator-runner@v2	2026-10-03T16:08:36.3384189Z > Task :app:processDebugJavaRes UP-TO-DATE
mobile	Run reactivecircus/android-emulator-runner@v2	2026-10-03T16:08:36.3384681Z > Task :app:mergeDebugJavaResource UP-TO-DATE
mobile	Run reactivecircus/android-emulator-runner@v2	2026-10-03T16:08:36.4397973Z > Task :app:checkDebugDuplicateClasses UP-TO-DATE
mobile	Run reactivecircus/android-emulator-runner@v2	2026-10-03T16:08:36.4462545Z > Task :app:mergeExtDexDebug UP-TO-DATE
mobile	Run reactivecircus/android-emulator-runner@v2	2026-10-03T16:08:36.4470345Z > Task :app:mergeLibDexDebug UP-TO-DATE
mobile	Run reactivecircus/android-emulator-runner@v2	2026-10-03T16:08:36.4470971Z > Task :app:mergeProjectDexDebug UP-TO-DATE
mobile	Run reactivecircus/android-emulator-runner@v2	2026-10-03T16:08:36.4475641Z > Task :app:mergeDebugJniLibFolders UP-TO-DATE
mobile	Run reactivecircus/android-emulator-runner@v2	2026-10-03T16:08:36.4476187Z > Task :app:mergeDebugNativeLibs UP-TO-DATE
mobile	Run reactivecircus/android-emulator-runner@v2	2026-10-03T16:08:36.4476642Z > Task :app:stripDebugDebugSymbols UP-TO-DATE
mobile	Run reactivecircus/android-emulator-runner@v2	2026-10-03T16:08:36.4477092Z > Task :app:validateSigningDebug UP-TO-DATE
mobile	Run reactivecircus/android-emulator-runner@v2	2026-10-03T16:08:36.4477530Z > Task :app:writeDebugAppMetadata UP-TO-DATE
mobile	Run reactivecircus/android-emulator-runner@v2	2026-10-03T16:08:36.4478011Z > Task :app:writeDebugSigningConfigVersions UP-TO-DATE
mobile	Run reactivecircus/android-emulator-runner@v2	2026-10-03T16:08:36.4478596Z > Task :app:packageDebug UP-TO-DATE
mobile	Run reactivecircus/android-emulator-runner@v2	2026-10-03T16:08:36.4479090Z > Task :app:createDebugApkListingFileRedirect UP-TO-DATE
mobile	Run reactivecircus/android-emulator-runner@v2	2026-10-03T16:08:36.4479563Z > Task :app:assembleDebug UP-TO-DATE
mobile	Run reactivecircus/android-emulator-runner@v2	2026-10-03T16:08:36.5426662Z > Task :app:bundleDebugClassesToCompileJar UP-TO-DATE
mobile	Run reactivecircus/android-emulator-runner@v2	2026-10-03T16:08:36.5431428Z > Task :app:preDebugAndroidTestBuild SKIPPED
mobile	Run reactivecircus/android-emulator-runner@v2	2026-10-03T16:08:36.5432048Z > Task :app:checkDebugAndroidTestAarMetadata UP-TO-DATE
mobile	Run reactivecircus/android-emulator-runner@v2	2026-10-03T16:08:36.5432596Z > Task :app:generateDebugAndroidTestResValues UP-TO-DATE
mobile	Run reactivecircus/android-emulator-runner@v2	2026-10-03T16:08:36.5433162Z > Task :app:mapDebugAndroidTestSourceSetPaths UP-TO-DATE
mobile	Run reactivecircus/android-emulator-runner@v2	2026-10-03T16:08:36.5433709Z > Task :app:generateDebugAndroidTestResources UP-TO-DATE
mobile	Run reactivecircus/android-emulator-runner@v2	2026-10-03T16:08:36.5434229Z > Task :app:mergeDebugAndroidTestResources UP-TO-DATE
mobile	Run reactivecircus/android-emulator-runner@v2	2026-10-03T16:08:36.6393299Z > Task :app:processDebugAndroidTestManifest
mobile	Run reactivecircus/android-emulator-runner@v2	2026-10-03T16:08:36.6419169Z > Task :app:javaPreCompileDebugAndroidTest UP-TO-DATE
mobile	Run reactivecircus/android-emulator-runner@v2	2026-10-03T16:08:36.6420953Z > Task :app:mergeDebugAndroidTestShaders UP-TO-DATE
mobile	Run reactivecircus/android-emulator-runner@v2	2026-10-03T16:08:36.6421596Z > Task :app:compileDebugAndroidTestShaders NO-SOURCE
mobile	Run reactivecircus/android-emulator-runner@v2	2026-10-03T16:08:36.6422218Z > Task :app:generateDebugAndroidTestAssets UP-TO-DATE
mobile	Run reactivecircus/android-emulator-runner@v2	2026-10-03T16:08:36.6428977Z > Task :app:mergeDebugAndroidTestAssets UP-TO-DATE
mobile	Run reactivecircus/android-emulator-runner@v2	2026-10-03T16:08:36.6455401Z > Task :app:compressDebugAndroidTestAssets UP-TO-DATE
mobile	Run reactivecircus/android-emulator-runner@v2	2026-10-03T16:08:36.7389555Z > Task :app:desugarDebugAndroidTestFileDependencies UP-TO-DATE
mobile	Run reactivecircus/android-emulator-runner@v2	2026-10-03T16:08:36.7403371Z > Task :app:checkDebugAndroidTestDuplicateClasses UP-TO-DATE
mobile	Run reactivecircus/android-emulator-runner@v2	2026-10-03T16:08:36.7412654Z > Task :app:mergeExtDexDebugAndroidTest UP-TO-DATE
mobile	Run reactivecircus/android-emulator-runner@v2	2026-10-03T16:08:36.7413108Z > Task :app:mergeLibDexDebugAndroidTest UP-TO-DATE
mobile	Run reactivecircus/android-emulator-runner@v2	2026-10-03T16:08:36.7414084Z > Task :app:mergeDebugAndroidTestJniLibFolders UP-TO-DATE
mobile	Run reactivecircus/android-emulator-runner@v2	2026-10-03T16:08:36.7414565Z > Task :app:mergeDebugAndroidTestNativeLibs NO-SOURCE
mobile	Run reactivecircus/android-emulator-runner@v2	2026-10-03T16:08:36.7415021Z > Task :app:stripDebugAndroidTestDebugSymbols NO-SOURCE
mobile	Run reactivecircus/android-emulator-runner@v2	2026-10-03T16:08:36.7415481Z > Task :app:validateSigningDebugAndroidTest UP-TO-DATE
mobile	Run reactivecircus/android-emulator-runner@v2	2026-10-03T16:08:36.7415990Z > Task :app:writeDebugAndroidTestSigningConfigVersions UP-TO-DATE
mobile	Run reactivecircus/android-emulator-runner@v2	2026-10-03T16:08:36.8409359Z > Task :app:processDebugAndroidTestResources
mobile	Run reactivecircus/android-emulator-runner@v2	2026-10-03T16:08:36.9404195Z > Task :app:compileDebugAndroidTestKotlin UP-TO-DATE
mobile	Run reactivecircus/android-emulator-runner@v2	2026-10-03T16:08:36.9412426Z > Task :app:compileDebugAndroidTestJavaWithJavac NO-SOURCE
mobile	Run reactivecircus/android-emulator-runner@v2	2026-10-03T16:08:36.9413049Z > Task :app:dexBuilderDebugAndroidTest UP-TO-DATE
mobile	Run reactivecircus/android-emulator-runner@v2	2026-10-03T16:08:36.9413617Z > Task :app:mergeDebugAndroidTestGlobalSynthetics UP-TO-DATE
mobile	Run reactivecircus/android-emulator-runner@v2	2026-10-03T16:08:36.9414150Z > Task :app:processDebugAndroidTestJavaRes UP-TO-DATE
mobile	Run reactivecircus/android-emulator-runner@v2	2026-10-03T16:08:36.9414677Z > Task :app:mergeDebugAndroidTestJavaResource UP-TO-DATE
mobile	Run reactivecircus/android-emulator-runner@v2	2026-10-03T16:08:36.9415219Z > Task :app:mergeProjectDexDebugAndroidTest UP-TO-DATE
mobile	Run reactivecircus/android-emulator-runner@v2	2026-10-03T16:08:37.1378327Z > Task :app:packageDebugAndroidTest
mobile	Run reactivecircus/android-emulator-runner@v2	2026-10-03T16:08:37.1379252Z > Task :app:createDebugAndroidTestApkListingFileRedirect UP-TO-DATE
mobile	Run reactivecircus/android-emulator-runner@v2	2026-10-03T16:08:37.1380026Z > Task :app:assembleDebugAndroidTest
mobile	Run reactivecircus/android-emulator-runner@v2	2026-10-03T16:08:37.1380257Z 
mobile	Run reactivecircus/android-emulator-runner@v2	2026-10-03T16:08:37.1380383Z BUILD SUCCESSFUL in 8s
mobile	Run reactivecircus/android-emulator-runner@v2	2026-10-03T16:08:37.1380689Z 62 actionable tasks: 3 executed, 59 up-to-date
mobile	Run reactivecircus/android-emulator-runner@v2	2026-10-03T16:08:37.2776204Z + adb -s emulator-5554 install -r /home/runner/work/IM-platform/IM-platform/clients/mobile/app/build/outputs/apk/debug/app-debug.apk
mobile	Run reactivecircus/android-emulator-runner@v2	2026-10-03T16:08:37.4578635Z Performing Streamed Install
mobile	Run reactivecircus/android-emulator-runner@v2	2026-10-03T16:08:37.4579891Z Success
mobile	Run reactivecircus/android-emulator-runner@v2	2026-10-03T16:08:37.4591683Z + adb -s emulator-5554 install -r /home/runner/work/IM-platform/IM-platform/clients/mobile/app/build/outputs/apk/androidTest/debug/app-debug-androidTest.apk
mobile	Run reactivecircus/android-emulator-runner@v2	2026-10-03T16:08:37.5751413Z Performing Streamed Install
mobile	Run reactivecircus/android-emulator-runner@v2	2026-10-03T16:08:37.5753650Z Success
mobile	Run reactivecircus/android-emulator-runner@v2	2026-10-03T16:08:37.7261518Z + adb -s emulator-5554 reverse tcp:46869 tcp:46869
mobile	Run reactivecircus/android-emulator-runner@v2	2026-10-03T16:08:37.7282438Z 46869
mobile	Run reactivecircus/android-emulator-runner@v2	2026-10-03T16:08:37.7285956Z + actual API34 SendInstrumentation with private TLS fixture
mobile	Run reactivecircus/android-emulator-runner@v2	2026-10-03T16:08:42.1150609Z 
mobile	Run reactivecircus/android-emulator-runner@v2	2026-10-03T16:08:42.1151281Z INSTRUMENTATION_RESULT: assertions=66
mobile	Run reactivecircus/android-emulator-runner@v2	2026-10-03T16:08:42.1151901Z INSTRUMENTATION_RESULT: engine=actual Android SDK SQLite + standard verified TLS WSS + StateFlow
mobile	Run reactivecircus/android-emulator-runner@v2	2026-10-03T16:08:42.1152386Z INSTRUMENTATION_RESULT: result=PASS
mobile	Run reactivecircus/android-emulator-runner@v2	2026-10-03T16:08:42.1152675Z INSTRUMENTATION_RESULT: sdkInt=34
mobile	Run reactivecircus/android-emulator-runner@v2	2026-10-03T16:08:42.1152949Z INSTRUMENTATION_CODE: -1
mobile	Run reactivecircus/android-emulator-runner@v2	2026-10-03T16:08:42.1153087Z 
mobile	Run reactivecircus/android-emulator-runner@v2	2026-10-03T16:08:42.1153262Z + adb -s emulator-5554 reverse --remove tcp:46869
mobile	Run reactivecircus/android-emulator-runner@v2	2026-10-03T16:08:42.1175540Z PASS: controlled TLS fixture actual client behavior; this is distinct from Go durable-ACK E2E
mobile	Run reactivecircus/android-emulator-runner@v2	2026-10-03T16:08:42.1287107Z [command]/usr/bin/sh -c python3 -B tools/verify_client_sync.py --scope mobile --serial emulator-5554
mobile	Run reactivecircus/android-emulator-runner@v2	2026-10-03T16:08:42.1567360Z + chmod +x /home/runner/work/IM-platform/IM-platform/clients/mobile/gradlew
mobile	Run reactivecircus/android-emulator-runner@v2	2026-10-03T16:08:42.1578257Z + /home/runner/work/IM-platform/IM-platform/clients/mobile/gradlew --no-daemon -PimSendInstrumentation=im.platform.client.sync.SyncInstrumentation assembleDebug assembleDebugAndroidTest
mobile	Run reactivecircus/android-emulator-runner@v2	2026-10-03T16:08:42.5534839Z To honour the JVM settings for this build a single-use Daemon process will be forked. For more on this, please refer to https://docs.gradle.org/8.9/userguide/gradle_daemon.html#sec:disabling_the_daemon in the Gradle documentation.
mobile	Run reactivecircus/android-emulator-runner@v2	2026-10-03T16:08:43.3514852Z Daemon will be stopped at the end of the build 
mobile	Run reactivecircus/android-emulator-runner@v2	2026-10-03T16:08:48.3559566Z > Task :app:preBuild UP-TO-DATE
mobile	Run reactivecircus/android-emulator-runner@v2	2026-10-03T16:08:48.3595425Z > Task :app:preDebugBuild UP-TO-DATE
mobile	Run reactivecircus/android-emulator-runner@v2	2026-10-03T16:08:48.3624767Z > Task :app:mergeDebugNativeDebugMetadata NO-SOURCE
mobile	Run reactivecircus/android-emulator-runner@v2	2026-10-03T16:08:48.3636729Z > Task :app:checkKotlinGradlePluginConfigurationErrors SKIPPED
mobile	Run reactivecircus/android-emulator-runner@v2	2026-10-03T16:08:48.5522186Z > Task :app:checkDebugAarMetadata UP-TO-DATE
mobile	Run reactivecircus/android-emulator-runner@v2	2026-10-03T16:08:48.5569224Z > Task :app:generateDebugResValues UP-TO-DATE
mobile	Run reactivecircus/android-emulator-runner@v2	2026-10-03T16:08:48.5594142Z > Task :app:mapDebugSourceSetPaths UP-TO-DATE
mobile	Run reactivecircus/android-emulator-runner@v2	2026-10-03T16:08:48.5619019Z > Task :app:generateDebugResources UP-TO-DATE
mobile	Run reactivecircus/android-emulator-runner@v2	2026-10-03T16:08:48.6515258Z > Task :app:mergeDebugResources UP-TO-DATE
mobile	Run reactivecircus/android-emulator-runner@v2	2026-10-03T16:08:48.6552291Z > Task :app:packageDebugResources UP-TO-DATE
mobile	Run reactivecircus/android-emulator-runner@v2	2026-10-03T16:08:48.6552758Z > Task :app:parseDebugLocalResources UP-TO-DATE
mobile	Run reactivecircus/android-emulator-runner@v2	2026-10-03T16:08:48.6553190Z > Task :app:createDebugCompatibleScreenManifests UP-TO-DATE
mobile	Run reactivecircus/android-emulator-runner@v2	2026-10-03T16:08:48.6553600Z > Task :app:extractDeepLinksDebug UP-TO-DATE
mobile	Run reactivecircus/android-emulator-runner@v2	2026-10-03T16:08:48.6553968Z > Task :app:processDebugMainManifest UP-TO-DATE
mobile	Run reactivecircus/android-emulator-runner@v2	2026-10-03T16:08:48.6554326Z > Task :app:processDebugManifest UP-TO-DATE
mobile	Run reactivecircus/android-emulator-runner@v2	2026-10-03T16:08:48.6554747Z > Task :app:processDebugManifestForPackage UP-TO-DATE
mobile	Run reactivecircus/android-emulator-runner@v2	2026-10-03T16:08:48.7513903Z > Task :app:processDebugResources UP-TO-DATE
mobile	Run reactivecircus/android-emulator-runner@v2	2026-10-03T16:08:48.8521925Z > Task :app:compileDebugKotlin UP-TO-DATE
mobile	Run reactivecircus/android-emulator-runner@v2	2026-10-03T16:08:48.8549056Z > Task :app:javaPreCompileDebug UP-TO-DATE
mobile	Run reactivecircus/android-emulator-runner@v2	2026-10-03T16:08:48.8549648Z > Task :app:compileDebugJavaWithJavac NO-SOURCE
mobile	Run reactivecircus/android-emulator-runner@v2	2026-10-03T16:08:48.8550983Z > Task :app:mergeDebugShaders UP-TO-DATE
mobile	Run reactivecircus/android-emulator-runner@v2	2026-10-03T16:08:48.8551523Z > Task :app:compileDebugShaders NO-SOURCE
mobile	Run reactivecircus/android-emulator-runner@v2	2026-10-03T16:08:48.8551999Z > Task :app:generateDebugAssets UP-TO-DATE
mobile	Run reactivecircus/android-emulator-runner@v2	2026-10-03T16:08:48.8552455Z > Task :app:mergeDebugAssets UP-TO-DATE
mobile	Run reactivecircus/android-emulator-runner@v2	2026-10-03T16:08:48.8552919Z > Task :app:compressDebugAssets UP-TO-DATE
mobile	Run reactivecircus/android-emulator-runner@v2	2026-10-03T16:08:48.8553417Z > Task :app:desugarDebugFileDependencies UP-TO-DATE
mobile	Run reactivecircus/android-emulator-runner@v2	2026-10-03T16:08:48.8554190Z > Task :app:dexBuilderDebug UP-TO-DATE
mobile	Run reactivecircus/android-emulator-runner@v2	2026-10-03T16:08:48.9534027Z > Task :app:mergeDebugGlobalSynthetics UP-TO-DATE
mobile	Run reactivecircus/android-emulator-runner@v2	2026-10-03T16:08:48.9540614Z > Task :app:processDebugJavaRes UP-TO-DATE
mobile	Run reactivecircus/android-emulator-runner@v2	2026-10-03T16:08:48.9548873Z > Task :app:mergeDebugJavaResource UP-TO-DATE
mobile	Run reactivecircus/android-emulator-runner@v2	2026-10-03T16:08:48.9549475Z > Task :app:checkDebugDuplicateClasses UP-TO-DATE
mobile	Run reactivecircus/android-emulator-runner@v2	2026-10-03T16:08:48.9549963Z > Task :app:mergeExtDexDebug UP-TO-DATE
mobile	Run reactivecircus/android-emulator-runner@v2	2026-10-03T16:08:48.9550400Z > Task :app:mergeLibDexDebug UP-TO-DATE
mobile	Run reactivecircus/android-emulator-runner@v2	2026-10-03T16:08:48.9550865Z > Task :app:mergeProjectDexDebug UP-TO-DATE
mobile	Run reactivecircus/android-emulator-runner@v2	2026-10-03T16:08:48.9551335Z > Task :app:mergeDebugJniLibFolders UP-TO-DATE
mobile	Run reactivecircus/android-emulator-runner@v2	2026-10-03T16:08:48.9551798Z > Task :app:mergeDebugNativeLibs UP-TO-DATE
mobile	Run reactivecircus/android-emulator-runner@v2	2026-10-03T16:08:48.9552258Z > Task :app:stripDebugDebugSymbols UP-TO-DATE
mobile	Run reactivecircus/android-emulator-runner@v2	2026-10-03T16:08:49.0516383Z > Task :app:validateSigningDebug UP-TO-DATE
mobile	Run reactivecircus/android-emulator-runner@v2	2026-10-03T16:08:49.0532747Z > Task :app:writeDebugAppMetadata UP-TO-DATE
mobile	Run reactivecircus/android-emulator-runner@v2	2026-10-03T16:08:49.0535639Z > Task :app:writeDebugSigningConfigVersions UP-TO-DATE
mobile	Run reactivecircus/android-emulator-runner@v2	2026-10-03T16:08:49.0536144Z > Task :app:packageDebug UP-TO-DATE
mobile	Run reactivecircus/android-emulator-runner@v2	2026-10-03T16:08:49.0536633Z > Task :app:createDebugApkListingFileRedirect UP-TO-DATE
mobile	Run reactivecircus/android-emulator-runner@v2	2026-10-03T16:08:49.0538603Z > Task :app:assembleDebug UP-TO-DATE
mobile	Run reactivecircus/android-emulator-runner@v2	2026-10-03T16:08:49.0539128Z > Task :app:bundleDebugClassesToCompileJar UP-TO-DATE
mobile	Run reactivecircus/android-emulator-runner@v2	2026-10-03T16:08:49.0539606Z > Task :app:preDebugAndroidTestBuild SKIPPED
mobile	Run reactivecircus/android-emulator-runner@v2	2026-10-03T16:08:49.0540104Z > Task :app:checkDebugAndroidTestAarMetadata UP-TO-DATE
mobile	Run reactivecircus/android-emulator-runner@v2	2026-10-03T16:08:49.0540630Z > Task :app:generateDebugAndroidTestResValues UP-TO-DATE
mobile	Run reactivecircus/android-emulator-runner@v2	2026-10-03T16:08:49.0541180Z > Task :app:mapDebugAndroidTestSourceSetPaths UP-TO-DATE
mobile	Run reactivecircus/android-emulator-runner@v2	2026-10-03T16:08:49.0541705Z > Task :app:generateDebugAndroidTestResources UP-TO-DATE
mobile	Run reactivecircus/android-emulator-runner@v2	2026-10-03T16:08:49.0542220Z > Task :app:mergeDebugAndroidTestResources UP-TO-DATE
mobile	Run reactivecircus/android-emulator-runner@v2	2026-10-03T16:08:49.1520232Z > Task :app:processDebugAndroidTestManifest
mobile	Run reactivecircus/android-emulator-runner@v2	2026-10-03T16:08:49.1566401Z > Task :app:javaPreCompileDebugAndroidTest UP-TO-DATE
mobile	Run reactivecircus/android-emulator-runner@v2	2026-10-03T16:08:49.1569564Z > Task :app:mergeDebugAndroidTestShaders UP-TO-DATE
mobile	Run reactivecircus/android-emulator-runner@v2	2026-10-03T16:08:49.1576210Z > Task :app:compileDebugAndroidTestShaders NO-SOURCE
mobile	Run reactivecircus/android-emulator-runner@v2	2026-10-03T16:08:49.1582403Z > Task :app:generateDebugAndroidTestAssets UP-TO-DATE
mobile	Run reactivecircus/android-emulator-runner@v2	2026-10-03T16:08:49.1592299Z > Task :app:mergeDebugAndroidTestAssets UP-TO-DATE
mobile	Run reactivecircus/android-emulator-runner@v2	2026-10-03T16:08:49.1603969Z > Task :app:compressDebugAndroidTestAssets UP-TO-DATE
mobile	Run reactivecircus/android-emulator-runner@v2	2026-10-03T16:08:49.1628355Z > Task :app:desugarDebugAndroidTestFileDependencies UP-TO-DATE
mobile	Run reactivecircus/android-emulator-runner@v2	2026-10-03T16:08:49.1628895Z > Task :app:checkDebugAndroidTestDuplicateClasses UP-TO-DATE
mobile	Run reactivecircus/android-emulator-runner@v2	2026-10-03T16:08:49.1638765Z > Task :app:mergeExtDexDebugAndroidTest UP-TO-DATE
mobile	Run reactivecircus/android-emulator-runner@v2	2026-10-03T16:08:49.1652647Z > Task :app:mergeLibDexDebugAndroidTest UP-TO-DATE
mobile	Run reactivecircus/android-emulator-runner@v2	2026-10-03T16:08:49.1658659Z > Task :app:mergeDebugAndroidTestJniLibFolders UP-TO-DATE
mobile	Run reactivecircus/android-emulator-runner@v2	2026-10-03T16:08:49.1668737Z > Task :app:mergeDebugAndroidTestNativeLibs NO-SOURCE
mobile	Run reactivecircus/android-emulator-runner@v2	2026-10-03T16:08:49.1675187Z > Task :app:stripDebugAndroidTestDebugSymbols NO-SOURCE
mobile	Run reactivecircus/android-emulator-runner@v2	2026-10-03T16:08:49.1679309Z > Task :app:validateSigningDebugAndroidTest UP-TO-DATE
mobile	Run reactivecircus/android-emulator-runner@v2	2026-10-03T16:08:49.1679818Z > Task :app:writeDebugAndroidTestSigningConfigVersions UP-TO-DATE
mobile	Run reactivecircus/android-emulator-runner@v2	2026-10-03T16:08:49.3519458Z > Task :app:processDebugAndroidTestResources
mobile	Run reactivecircus/android-emulator-runner@v2	2026-10-03T16:08:49.4520945Z > Task :app:compileDebugAndroidTestKotlin UP-TO-DATE
mobile	Run reactivecircus/android-emulator-runner@v2	2026-10-03T16:08:49.4539007Z > Task :app:compileDebugAndroidTestJavaWithJavac NO-SOURCE
mobile	Run reactivecircus/android-emulator-runner@v2	2026-10-03T16:08:49.4539618Z > Task :app:dexBuilderDebugAndroidTest UP-TO-DATE
mobile	Run reactivecircus/android-emulator-runner@v2	2026-10-03T16:08:49.4540202Z > Task :app:mergeDebugAndroidTestGlobalSynthetics UP-TO-DATE
mobile	Run reactivecircus/android-emulator-runner@v2	2026-10-03T16:08:49.4540829Z > Task :app:processDebugAndroidTestJavaRes UP-TO-DATE
mobile	Run reactivecircus/android-emulator-runner@v2	2026-10-03T16:08:49.4541387Z > Task :app:mergeDebugAndroidTestJavaResource UP-TO-DATE
mobile	Run reactivecircus/android-emulator-runner@v2	2026-10-03T16:08:49.4541942Z > Task :app:mergeProjectDexDebugAndroidTest UP-TO-DATE
mobile	Run reactivecircus/android-emulator-runner@v2	2026-10-03T16:08:49.6515543Z > Task :app:packageDebugAndroidTest
mobile	Run reactivecircus/android-emulator-runner@v2	2026-10-03T16:08:49.6540534Z > Task :app:createDebugAndroidTestApkListingFileRedirect UP-TO-DATE
mobile	Run reactivecircus/android-emulator-runner@v2	2026-10-03T16:08:49.6546728Z > Task :app:assembleDebugAndroidTest
mobile	Run reactivecircus/android-emulator-runner@v2	2026-10-03T16:08:49.6547022Z 
mobile	Run reactivecircus/android-emulator-runner@v2	2026-10-03T16:08:49.6547210Z BUILD SUCCESSFUL in 7s
mobile	Run reactivecircus/android-emulator-runner@v2	2026-10-03T16:08:49.6547581Z 62 actionable tasks: 3 executed, 59 up-to-date
mobile	Run reactivecircus/android-emulator-runner@v2	2026-10-03T16:08:49.7988967Z + adb -s emulator-5554 install -r /home/runner/work/IM-platform/IM-platform/clients/mobile/app/build/outputs/apk/debug/app-debug.apk
mobile	Run reactivecircus/android-emulator-runner@v2	2026-10-03T16:08:50.0159898Z Performing Streamed Install
mobile	Run reactivecircus/android-emulator-runner@v2	2026-10-03T16:08:50.0160441Z Success
mobile	Run reactivecircus/android-emulator-runner@v2	2026-10-03T16:08:50.0167568Z + adb -s emulator-5554 install -r /home/runner/work/IM-platform/IM-platform/clients/mobile/app/build/outputs/apk/androidTest/debug/app-debug-androidTest.apk
mobile	Run reactivecircus/android-emulator-runner@v2	2026-10-03T16:08:50.0927033Z Performing Streamed Install
mobile	Run reactivecircus/android-emulator-runner@v2	2026-10-03T16:08:50.0928889Z Success
mobile	Run reactivecircus/android-emulator-runner@v2	2026-10-03T16:08:50.3340244Z + adb -s emulator-5554 reverse tcp:40369 tcp:40369
mobile	Run reactivecircus/android-emulator-runner@v2	2026-10-03T16:08:50.3368917Z 40369
mobile	Run reactivecircus/android-emulator-runner@v2	2026-10-03T16:08:50.3372587Z + actual API34 SyncInstrumentation, private fixture CA
mobile	Run reactivecircus/android-emulator-runner@v2	2026-10-03T16:09:02.7492008Z 
mobile	Run reactivecircus/android-emulator-runner@v2	2026-10-03T16:09:02.7492960Z INSTRUMENTATION_RESULT: assertions=62
mobile	Run reactivecircus/android-emulator-runner@v2	2026-10-03T16:09:02.7493577Z INSTRUMENTATION_RESULT: result=PASS
mobile	Run reactivecircus/android-emulator-runner@v2	2026-10-03T16:09:02.7493946Z INSTRUMENTATION_RESULT: sdkInt=34
mobile	Run reactivecircus/android-emulator-runner@v2	2026-10-03T16:09:02.7494255Z INSTRUMENTATION_CODE: -1
mobile	Run reactivecircus/android-emulator-runner@v2	2026-10-03T16:09:02.7494396Z 
mobile	Run reactivecircus/android-emulator-runner@v2	2026-10-03T16:09:02.7494575Z + adb -s emulator-5554 reverse --remove tcp:40369
mobile	Run reactivecircus/android-emulator-runner@v2	2026-10-03T16:09:02.7525277Z PASS: actual native HTTPS/WSS controlled fixture; Go/PostgreSQL runtime acceptance is separately identified
mobile	Run reactivecircus/android-emulator-runner@v2	2026-10-03T16:09:02.7612607Z ##[group]Terminate Emulator
mobile	Run reactivecircus/android-emulator-runner@v2	2026-10-03T16:09:02.7632913Z [command]/usr/local/lib/android/sdk/platform-tools/adb -s emulator-5554 emu kill
mobile	Run reactivecircus/android-emulator-runner@v2	2026-10-03T16:09:02.7655858Z OK: killing emulator, bye bye
mobile	Run reactivecircus/android-emulator-runner@v2	2026-10-03T16:09:02.7656257Z OK
mobile	Run reactivecircus/android-emulator-runner@v2	2026-10-03T16:09:02.7659679Z ##[endgroup]
mobile	Run reactivecircus/android-emulator-runner@v2	2026-10-03T16:09:02.7660645Z INFO         | Wait for emulator (pid 2585) 20 seconds to shutdown gracefully before kill;you can set environment variable ANDROID_EMULATOR_WAIT_TIME_BEFORE_KILL(in seconds) to change the default value (20 seconds)
mobile	Run reactivecircus/android-emulator-runner@v2	2026-10-03T16:09:02.7661344Z 
mobile	Run reactivecircus/android-emulator-runner@v2	2026-10-03T16:09:02.7733577Z USER_INFO    | Snapshots have been disabled by the user, save request is ignored.
mobile	Run reactivecircus/android-emulator-runner@v2	2026-10-03T16:09:02.7734442Z INFO         | Saving snapshot 'default_boot' took 0 ms
mobile	Run reactivecircus/android-emulator-runner@v2	2026-10-03T16:09:03.2197167Z ERROR        | stop: Not implemented
mobile	Run reactivecircus/android-emulator-runner@v2	2026-10-03T16:09:03.2198007Z WARNING      | Emulator client has not yet been configured.. Call configure me first!
mobile	Run reactivecircus/android-emulator-runner@v2	2026-10-03T16:09:03.2313014Z INFO         | removeAll
mobile	Run reactivecircus/android-emulator-runner@v2	2026-10-03T16:09:03.2694764Z WARNING      | Netsim Wifi dns:///localhost:46811 is gone due to Stream removed (CANCELLED)
mobile	Post Run actions/setup-java@v4	﻿2026-10-03T16:09:03.9443465Z Post job cleanup.
mobile	Post Run actions/setup-java@v4	2026-10-03T16:09:04.0490426Z (node:3802) [DEP0040] DeprecationWarning: The `punycode` module is deprecated. Please use a userland alternative instead.
mobile	Post Run actions/setup-java@v4	2026-10-03T16:09:04.0491233Z (Use `node --trace-deprecation ...` to show where the warning was created)
mobile	Post Run actions/checkout@v4	﻿2026-10-03T16:09:04.0671081Z Post job cleanup.
mobile	Post Run actions/checkout@v4	2026-10-03T16:09:04.1301948Z [command]/usr/bin/git version
mobile	Post Run actions/checkout@v4	2026-10-03T16:09:04.1429377Z git version 2.55.0
mobile	Post Run actions/checkout@v4	2026-10-03T16:09:04.1444069Z Temporarily overriding HOME='/home/runner/work/_temp/9e1cd562-ff89-4d98-8d66-45b7073ff0fe' before making global git config changes
mobile	Post Run actions/checkout@v4	2026-10-03T16:09:04.1445000Z Adding repository directory to the temporary git global config as a safe directory
mobile	Post Run actions/checkout@v4	2026-10-03T16:09:04.1449174Z [command]/usr/bin/git config --global --add safe.directory /home/runner/work/IM-platform/IM-platform
mobile	Post Run actions/checkout@v4	2026-10-03T16:09:04.1491627Z [command]/usr/bin/git config --local --name-only --get-regexp core\.sshCommand
mobile	Post Run actions/checkout@v4	2026-10-03T16:09:04.1522673Z [command]/usr/bin/git submodule foreach --recursive sh -c "git config --local --name-only --get-regexp 'core\.sshCommand' && git config --local --unset-all 'core.sshCommand' || :"
mobile	Post Run actions/checkout@v4	2026-10-03T16:09:04.2193947Z [command]/usr/bin/git config --local --name-only --get-regexp http\.https\:\/\/github\.com\/\.extraheader
mobile	Post Run actions/checkout@v4	2026-10-03T16:09:04.2225166Z http.https://github.com/.extraheader
mobile	Post Run actions/checkout@v4	2026-10-03T16:09:04.2234196Z [command]/usr/bin/git config --local --unset-all http.https://github.com/.extraheader
mobile	Post Run actions/checkout@v4	2026-10-03T16:09:04.2271624Z [command]/usr/bin/git submodule foreach --recursive sh -c "git config --local --name-only --get-regexp 'http\.https\:\/\/github\.com\/\.extraheader' && git config --local --unset-all 'http.https://github.com/.extraheader' || :"
mobile	Post Run actions/checkout@v4	2026-10-03T16:09:04.2468935Z [command]/usr/bin/git config --local --name-only --get-regexp ^includeIf\.gitdir:
mobile	Post Run actions/checkout@v4	2026-10-03T16:09:04.2498695Z [command]/usr/bin/git submodule foreach --recursive git config --local --show-origin --name-only --get-regexp remote.origin.url
mobile	Complete job	﻿2026-10-03T16:09:04.2815691Z Cleaning up orphan processes
mobile	Complete job	2026-10-03T16:09:04.3076155Z Terminate orphan process: pid (2744) (adb)
mobile	Complete job	2026-10-03T16:09:04.3124397Z Terminate orphan process: pid (3781) (emulator)
mobile	Complete job	2026-10-03T16:09:04.3149771Z ##[warning]Node.js 20 is deprecated. The following actions target Node.js 20 but are being forced to run on Node.js 24: actions/checkout@v4, actions/setup-java@v4, android-actions/setup-android@v3. For more information see: https://github.blog/changelog/2025-09-19-deprecation-of-node-20-on-github-actions-runners/
