source_go	Set up job	﻿2026-10-03T16:04:52.6337484Z Current runner version: '2.337.0'
source_go	Set up job	2026-10-03T16:04:52.6380048Z ##[group]Runner Image Provisioner
source_go	Set up job	2026-10-03T16:04:52.6381486Z Hosted Compute Agent
source_go	Set up job	2026-10-03T16:04:52.6382644Z Version: 20260901.588
source_go	Set up job	2026-10-03T16:04:52.6383774Z Commit: f88ec8081b781fac6c440065ac7ff9e710ce3d0b
source_go	Set up job	2026-10-03T16:04:52.6385223Z Build Date: 2026-09-01T19:56:44Z
source_go	Set up job	2026-10-03T16:04:52.6386498Z Worker ID: {8e897042-04f1-4506-82a0-b434bc58bc44}
source_go	Set up job	2026-10-03T16:04:52.6387793Z Azure Region: eastus
source_go	Set up job	2026-10-03T16:04:52.6389464Z ##[endgroup]
source_go	Set up job	2026-10-03T16:04:52.6393073Z ##[group]Operating System
source_go	Set up job	2026-10-03T16:04:52.6394576Z Ubuntu
source_go	Set up job	2026-10-03T16:04:52.6395976Z 24.04.5
source_go	Set up job	2026-10-03T16:04:52.6397122Z LTS
source_go	Set up job	2026-10-03T16:04:52.6398357Z ##[endgroup]
source_go	Set up job	2026-10-03T16:04:52.6399874Z ##[group]Runner Image
source_go	Set up job	2026-10-03T16:04:52.6401274Z Image: ubuntu-24.04
source_go	Set up job	2026-10-03T16:04:52.6402698Z Version: 20260927.320.1
source_go	Set up job	2026-10-03T16:04:52.6405237Z Included Software: https://github.com/actions/runner-images/blob/ubuntu24/20260927.320/images/ubuntu/Ubuntu2404-Readme.md
source_go	Set up job	2026-10-03T16:04:52.6409703Z Image Release: https://github.com/actions/runner-images/releases/tag/ubuntu24%2F20260927.320
source_go	Set up job	2026-10-03T16:04:52.6412131Z ##[endgroup]
source_go	Set up job	2026-10-03T16:04:52.6414331Z ##[group]GITHUB_TOKEN Permissions
source_go	Set up job	2026-10-03T16:04:52.6417275Z Contents: read
source_go	Set up job	2026-10-03T16:04:52.6418429Z Metadata: read
source_go	Set up job	2026-10-03T16:04:52.6419723Z ##[endgroup]
source_go	Set up job	2026-10-03T16:04:52.6422562Z Secret source: Actions
source_go	Set up job	2026-10-03T16:04:52.6424211Z Cache mode: write
source_go	Set up job	2026-10-03T16:04:52.6425786Z Prepare workflow directory
source_go	Set up job	2026-10-03T16:04:52.6989822Z Prepare all required actions
source_go	Set up job	2026-10-03T16:04:52.7060398Z Getting action download info
source_go	Set up job	2026-10-03T16:04:52.9296284Z Download action repository 'actions/checkout@v4' (SHA:11d5960a326750d5838078e36cf38b85af677262)
source_go	Set up job	2026-10-03T16:04:53.0435743Z Download action repository 'actions/setup-go@v5' (SHA:40f1582b2485089dde7abd97c1529aa768e1baff)
source_go	Set up job	2026-10-03T16:04:53.3669746Z Complete job name: source_go
source_go	Run actions/checkout@v4	﻿2026-10-03T16:04:53.4435342Z ##[group]Run actions/checkout@v4
source_go	Run actions/checkout@v4	2026-10-03T16:04:53.4436378Z with:
source_go	Run actions/checkout@v4	2026-10-03T16:04:53.4436858Z   repository: nilesthump/IM-platform
source_go	Run actions/checkout@v4	2026-10-03T16:04:53.4441301Z   token: ***
source_go	Run actions/checkout@v4	2026-10-03T16:04:53.4441762Z   ssh-strict: true
source_go	Run actions/checkout@v4	2026-10-03T16:04:53.4442212Z   ssh-user: git
source_go	Run actions/checkout@v4	2026-10-03T16:04:53.4442691Z   persist-credentials: true
source_go	Run actions/checkout@v4	2026-10-03T16:04:53.4443179Z   clean: true
source_go	Run actions/checkout@v4	2026-10-03T16:04:53.4443630Z   sparse-checkout-cone-mode: true
source_go	Run actions/checkout@v4	2026-10-03T16:04:53.4444154Z   fetch-depth: 1
source_go	Run actions/checkout@v4	2026-10-03T16:04:53.4444579Z   fetch-tags: false
source_go	Run actions/checkout@v4	2026-10-03T16:04:53.4445025Z   show-progress: true
source_go	Run actions/checkout@v4	2026-10-03T16:04:53.4445479Z   lfs: false
source_go	Run actions/checkout@v4	2026-10-03T16:04:53.4445889Z   submodules: false
source_go	Run actions/checkout@v4	2026-10-03T16:04:53.4446372Z   set-safe-directory: true
source_go	Run actions/checkout@v4	2026-10-03T16:04:53.4446877Z   allow-unsafe-pr-checkout: false
source_go	Run actions/checkout@v4	2026-10-03T16:04:53.4448018Z env:
source_go	Run actions/checkout@v4	2026-10-03T16:04:53.4448687Z   PYTHONDONTWRITEBYTECODE: 1
source_go	Run actions/checkout@v4	2026-10-03T16:04:53.4449198Z ##[endgroup]
source_go	Run actions/checkout@v4	2026-10-03T16:04:53.5475213Z Syncing repository: nilesthump/IM-platform
source_go	Run actions/checkout@v4	2026-10-03T16:04:53.5477290Z ##[group]Getting Git version info
source_go	Run actions/checkout@v4	2026-10-03T16:04:53.5478332Z Working directory is '/home/runner/work/IM-platform/IM-platform'
source_go	Run actions/checkout@v4	2026-10-03T16:04:53.5479786Z [command]/usr/bin/git version
source_go	Run actions/checkout@v4	2026-10-03T16:04:53.5556643Z git version 2.55.0
source_go	Run actions/checkout@v4	2026-10-03T16:04:53.5581319Z ##[endgroup]
source_go	Run actions/checkout@v4	2026-10-03T16:04:53.5598220Z Temporarily overriding HOME='/home/runner/work/_temp/ec3434c1-1497-4cc8-8922-870e525b89d2' before making global git config changes
source_go	Run actions/checkout@v4	2026-10-03T16:04:53.5600463Z Adding repository directory to the temporary git global config as a safe directory
source_go	Run actions/checkout@v4	2026-10-03T16:04:53.5605142Z [command]/usr/bin/git config --global --add safe.directory /home/runner/work/IM-platform/IM-platform
source_go	Run actions/checkout@v4	2026-10-03T16:04:53.5658060Z Deleting the contents of '/home/runner/work/IM-platform/IM-platform'
source_go	Run actions/checkout@v4	2026-10-03T16:04:53.5662385Z ##[group]Initializing the repository
source_go	Run actions/checkout@v4	2026-10-03T16:04:53.5667311Z [command]/usr/bin/git init /home/runner/work/IM-platform/IM-platform
source_go	Run actions/checkout@v4	2026-10-03T16:04:53.5781744Z hint: Using 'master' as the name for the initial branch. This default branch name
source_go	Run actions/checkout@v4	2026-10-03T16:04:53.5783808Z hint: will change to "main" in Git 3.0. To configure the initial branch name
source_go	Run actions/checkout@v4	2026-10-03T16:04:53.5785422Z hint: to use in all of your new repositories, which will suppress this warning,
source_go	Run actions/checkout@v4	2026-10-03T16:04:53.5786321Z hint: call:
source_go	Run actions/checkout@v4	2026-10-03T16:04:53.5786882Z hint:
source_go	Run actions/checkout@v4	2026-10-03T16:04:53.5787538Z hint: 	git config --global init.defaultBranch <name>
source_go	Run actions/checkout@v4	2026-10-03T16:04:53.5788299Z hint:
source_go	Run actions/checkout@v4	2026-10-03T16:04:53.5789451Z hint: Names commonly chosen instead of 'master' are 'main', 'trunk' and
source_go	Run actions/checkout@v4	2026-10-03T16:04:53.5790560Z hint: 'development'. The just-created branch can be renamed via this command:
source_go	Run actions/checkout@v4	2026-10-03T16:04:53.5791446Z hint:
source_go	Run actions/checkout@v4	2026-10-03T16:04:53.5792004Z hint: 	git branch -m <name>
source_go	Run actions/checkout@v4	2026-10-03T16:04:53.5792619Z hint:
source_go	Run actions/checkout@v4	2026-10-03T16:04:53.5793422Z hint: Disable this message with "git config set advice.defaultBranchName false"
source_go	Run actions/checkout@v4	2026-10-03T16:04:53.5795075Z Initialized empty Git repository in /home/runner/work/IM-platform/IM-platform/.git/
source_go	Run actions/checkout@v4	2026-10-03T16:04:53.5797328Z [command]/usr/bin/git remote add origin https://github.com/nilesthump/IM-platform
source_go	Run actions/checkout@v4	2026-10-03T16:04:53.5852532Z ##[endgroup]
source_go	Run actions/checkout@v4	2026-10-03T16:04:53.5864399Z ##[group]Disabling automatic garbage collection
source_go	Run actions/checkout@v4	2026-10-03T16:04:53.5865937Z [command]/usr/bin/git config --local gc.auto 0
source_go	Run actions/checkout@v4	2026-10-03T16:04:53.5921626Z ##[endgroup]
source_go	Run actions/checkout@v4	2026-10-03T16:04:53.5923347Z ##[group]Setting up auth
source_go	Run actions/checkout@v4	2026-10-03T16:04:53.5930110Z [command]/usr/bin/git config --local --name-only --get-regexp core\.sshCommand
source_go	Run actions/checkout@v4	2026-10-03T16:04:53.5969513Z [command]/usr/bin/git submodule foreach --recursive sh -c "git config --local --name-only --get-regexp 'core\.sshCommand' && git config --local --unset-all 'core.sshCommand' || :"
source_go	Run actions/checkout@v4	2026-10-03T16:04:53.6417118Z [command]/usr/bin/git config --local --name-only --get-regexp http\.https\:\/\/github\.com\/\.extraheader
source_go	Run actions/checkout@v4	2026-10-03T16:04:53.6480301Z [command]/usr/bin/git submodule foreach --recursive sh -c "git config --local --name-only --get-regexp 'http\.https\:\/\/github\.com\/\.extraheader' && git config --local --unset-all 'http.https://github.com/.extraheader' || :"
source_go	Run actions/checkout@v4	2026-10-03T16:04:53.6735362Z [command]/usr/bin/git config --local --name-only --get-regexp ^includeIf\.gitdir:
source_go	Run actions/checkout@v4	2026-10-03T16:04:53.6776554Z [command]/usr/bin/git submodule foreach --recursive git config --local --show-origin --name-only --get-regexp remote.origin.url
source_go	Run actions/checkout@v4	2026-10-03T16:04:53.7017063Z [command]/usr/bin/git config --local http.https://github.com/.extraheader AUTHORIZATION: basic ***
source_go	Run actions/checkout@v4	2026-10-03T16:04:53.7058299Z ##[endgroup]
source_go	Run actions/checkout@v4	2026-10-03T16:04:53.7067982Z ##[group]Fetching the repository
source_go	Run actions/checkout@v4	2026-10-03T16:04:53.7069980Z [command]/usr/bin/git -c protocol.version=2 fetch --no-tags --prune --no-recurse-submodules --depth=1 origin +8bcc7321bba05a70404d1e16bbd2fa0465da696f:refs/remotes/origin/task/LOOP1-SYNC-001
source_go	Run actions/checkout@v4	2026-10-03T16:04:55.4392600Z From https://github.com/nilesthump/IM-platform
source_go	Run actions/checkout@v4	2026-10-03T16:04:55.4394921Z  * [new ref]         8bcc7321bba05a70404d1e16bbd2fa0465da696f -> origin/task/LOOP1-SYNC-001
source_go	Run actions/checkout@v4	2026-10-03T16:04:55.4399863Z ##[endgroup]
source_go	Run actions/checkout@v4	2026-10-03T16:04:55.4401963Z ##[group]Determining the checkout info
source_go	Run actions/checkout@v4	2026-10-03T16:04:55.4404113Z ##[endgroup]
source_go	Run actions/checkout@v4	2026-10-03T16:04:55.4409187Z [command]/usr/bin/git sparse-checkout disable
source_go	Run actions/checkout@v4	2026-10-03T16:04:55.4462220Z [command]/usr/bin/git config --local --unset-all extensions.worktreeConfig
source_go	Run actions/checkout@v4	2026-10-03T16:04:55.4494967Z ##[group]Checking out the ref
source_go	Run actions/checkout@v4	2026-10-03T16:04:55.4500050Z [command]/usr/bin/git checkout --progress --force -B task/LOOP1-SYNC-001 refs/remotes/origin/task/LOOP1-SYNC-001
source_go	Run actions/checkout@v4	2026-10-03T16:04:56.0291393Z Switched to a new branch 'task/LOOP1-SYNC-001'
source_go	Run actions/checkout@v4	2026-10-03T16:04:56.0296682Z branch 'task/LOOP1-SYNC-001' set up to track 'origin/task/LOOP1-SYNC-001'.
source_go	Run actions/checkout@v4	2026-10-03T16:04:56.0325350Z ##[endgroup]
source_go	Run actions/checkout@v4	2026-10-03T16:04:56.0381295Z [command]/usr/bin/git log -1 --format=%H
source_go	Run actions/checkout@v4	2026-10-03T16:04:56.0407422Z 8bcc7321bba05a70404d1e16bbd2fa0465da696f
source_go	Run actions/setup-go@v5	﻿2026-10-03T16:04:56.0653174Z ##[group]Run actions/setup-go@v5
source_go	Run actions/setup-go@v5	2026-10-03T16:04:56.0653582Z with:
source_go	Run actions/setup-go@v5	2026-10-03T16:04:56.0653827Z   go-version: 1.23
source_go	Run actions/setup-go@v5	2026-10-03T16:04:56.0654082Z   check-latest: false
source_go	Run actions/setup-go@v5	2026-10-03T16:04:56.0656902Z   token: ***
source_go	Run actions/setup-go@v5	2026-10-03T16:04:56.0657358Z   cache: true
source_go	Run actions/setup-go@v5	2026-10-03T16:04:56.0657596Z env:
source_go	Run actions/setup-go@v5	2026-10-03T16:04:56.0657842Z   PYTHONDONTWRITEBYTECODE: 1
source_go	Run actions/setup-go@v5	2026-10-03T16:04:56.0658130Z ##[endgroup]
source_go	Run actions/setup-go@v5	2026-10-03T16:04:56.1927917Z Setup go version spec 1.23
source_go	Run actions/setup-go@v5	2026-10-03T16:04:56.2276633Z Attempting to download 1.23...
source_go	Run actions/setup-go@v5	2026-10-03T16:04:56.2388128Z (node:2302) [DEP0040] DeprecationWarning: The `punycode` module is deprecated. Please use a userland alternative instead.
source_go	Run actions/setup-go@v5	2026-10-03T16:04:56.2389915Z (Use `node --trace-deprecation ...` to show where the warning was created)
source_go	Run actions/setup-go@v5	2026-10-03T16:04:56.6801401Z matching 1.23...
source_go	Run actions/setup-go@v5	2026-10-03T16:04:56.6843608Z Acquiring 1.23.12 from https://github.com/actions/go-versions/releases/download/1.23.12-16792118003/go-1.23.12-linux-x64.tar.gz
source_go	Run actions/setup-go@v5	2026-10-03T16:04:57.3126323Z Extracting Go...
source_go	Run actions/setup-go@v5	2026-10-03T16:04:57.3258054Z [command]/usr/bin/tar xz --warning=no-unknown-keyword --overwrite -C /home/runner/work/_temp/ecdfbccc-151b-434c-89b8-911a7add9411 -f /home/runner/work/_temp/e8841daa-7947-4c09-98ae-61ca54043fdc
source_go	Run actions/setup-go@v5	2026-10-03T16:04:59.0444754Z Successfully extracted go to /home/runner/work/_temp/ecdfbccc-151b-434c-89b8-911a7add9411
source_go	Run actions/setup-go@v5	2026-10-03T16:04:59.0445923Z Adding to the cache ...
source_go	Run actions/setup-go@v5	2026-10-03T16:05:04.5397594Z Successfully cached go to /opt/hostedtoolcache/go/1.23.12/x64
source_go	Run actions/setup-go@v5	2026-10-03T16:05:04.5401142Z Added go to the path
source_go	Run actions/setup-go@v5	2026-10-03T16:05:04.5404170Z Successfully set up Go version 1.23
source_go	Run actions/setup-go@v5	2026-10-03T16:05:04.5616002Z [command]/opt/hostedtoolcache/go/1.23.12/x64/bin/go env GOMODCACHE
source_go	Run actions/setup-go@v5	2026-10-03T16:05:04.5657971Z [command]/opt/hostedtoolcache/go/1.23.12/x64/bin/go env GOCACHE
source_go	Run actions/setup-go@v5	2026-10-03T16:05:04.5700072Z /home/runner/go/pkg/mod
source_go	Run actions/setup-go@v5	2026-10-03T16:05:04.5717188Z /home/runner/.cache/go-build
source_go	Run actions/setup-go@v5	2026-10-03T16:05:04.5746184Z ##[warning]Restore cache failed: Dependencies file is not found in /home/runner/work/IM-platform/IM-platform. Supported file pattern: go.sum
source_go	Run actions/setup-go@v5	2026-10-03T16:05:04.5772711Z go version go1.23.12 linux/amd64
source_go	Run actions/setup-go@v5	2026-10-03T16:05:04.5772963Z 
source_go	Run actions/setup-go@v5	2026-10-03T16:05:04.5773271Z ##[group]go env
source_go	Run actions/setup-go@v5	2026-10-03T16:05:05.1163446Z GO111MODULE=''
source_go	Run actions/setup-go@v5	2026-10-03T16:05:05.1164047Z GOARCH='amd64'
source_go	Run actions/setup-go@v5	2026-10-03T16:05:05.1164317Z GOBIN=''
source_go	Run actions/setup-go@v5	2026-10-03T16:05:05.1164551Z GOCACHE='/home/runner/.cache/go-build'
source_go	Run actions/setup-go@v5	2026-10-03T16:05:05.1164878Z GOENV='/home/runner/.config/go/env'
source_go	Run actions/setup-go@v5	2026-10-03T16:05:05.1165134Z GOEXE=''
source_go	Run actions/setup-go@v5	2026-10-03T16:05:05.1165333Z GOEXPERIMENT=''
source_go	Run actions/setup-go@v5	2026-10-03T16:05:05.1165533Z GOFLAGS=''
source_go	Run actions/setup-go@v5	2026-10-03T16:05:05.1165725Z GOHOSTARCH='amd64'
source_go	Run actions/setup-go@v5	2026-10-03T16:05:05.1165943Z GOHOSTOS='linux'
source_go	Run actions/setup-go@v5	2026-10-03T16:05:05.1166146Z GOINSECURE=''
source_go	Run actions/setup-go@v5	2026-10-03T16:05:05.1166395Z GOMODCACHE='/home/runner/go/pkg/mod'
source_go	Run actions/setup-go@v5	2026-10-03T16:05:05.1235147Z GONOPROXY=''
source_go	Run actions/setup-go@v5	2026-10-03T16:05:05.1235606Z GONOSUMDB=''
source_go	Run actions/setup-go@v5	2026-10-03T16:05:05.1236081Z GOOS='linux'
source_go	Run actions/setup-go@v5	2026-10-03T16:05:05.1236588Z GOPATH='/home/runner/go'
source_go	Run actions/setup-go@v5	2026-10-03T16:05:05.1237080Z GOPRIVATE=''
source_go	Run actions/setup-go@v5	2026-10-03T16:05:05.1237595Z GOPROXY='https://proxy.golang.org,direct'
source_go	Run actions/setup-go@v5	2026-10-03T16:05:05.1238244Z GOROOT='/opt/hostedtoolcache/go/1.23.12/x64'
source_go	Run actions/setup-go@v5	2026-10-03T16:05:05.1239020Z GOSUMDB='sum.golang.org'
source_go	Run actions/setup-go@v5	2026-10-03T16:05:05.1239447Z GOTMPDIR=''
source_go	Run actions/setup-go@v5	2026-10-03T16:05:05.1239802Z GOTOOLCHAIN='auto'
source_go	Run actions/setup-go@v5	2026-10-03T16:05:05.1240367Z GOTOOLDIR='/opt/hostedtoolcache/go/1.23.12/x64/pkg/tool/linux_amd64'
source_go	Run actions/setup-go@v5	2026-10-03T16:05:05.1241068Z GOVCS=''
source_go	Run actions/setup-go@v5	2026-10-03T16:05:05.1241409Z GOVERSION='go1.23.12'
source_go	Run actions/setup-go@v5	2026-10-03T16:05:05.1241784Z GODEBUG=''
source_go	Run actions/setup-go@v5	2026-10-03T16:05:05.1242133Z GOTELEMETRY='local'
source_go	Run actions/setup-go@v5	2026-10-03T16:05:05.1242676Z GOTELEMETRYDIR='/home/runner/.config/go/telemetry'
source_go	Run actions/setup-go@v5	2026-10-03T16:05:05.1243338Z GCCGO='gccgo'
source_go	Run actions/setup-go@v5	2026-10-03T16:05:05.1243741Z GOAMD64='v1'
source_go	Run actions/setup-go@v5	2026-10-03T16:05:05.1244083Z AR='ar'
source_go	Run actions/setup-go@v5	2026-10-03T16:05:05.1244400Z CC='gcc'
source_go	Run actions/setup-go@v5	2026-10-03T16:05:05.1244757Z CXX='g++'
source_go	Run actions/setup-go@v5	2026-10-03T16:05:05.1245127Z CGO_ENABLED='1'
source_go	Run actions/setup-go@v5	2026-10-03T16:05:05.1245510Z GOMOD='/dev/null'
source_go	Run actions/setup-go@v5	2026-10-03T16:05:05.1245863Z GOWORK=''
source_go	Run actions/setup-go@v5	2026-10-03T16:05:05.1246207Z CGO_CFLAGS='-O2 -g'
source_go	Run actions/setup-go@v5	2026-10-03T16:05:05.1246574Z CGO_CPPFLAGS=''
source_go	Run actions/setup-go@v5	2026-10-03T16:05:05.1247429Z CGO_CXXFLAGS='-O2 -g'
source_go	Run actions/setup-go@v5	2026-10-03T16:05:05.1247819Z CGO_FFLAGS='-O2 -g'
source_go	Run actions/setup-go@v5	2026-10-03T16:05:05.1248185Z CGO_LDFLAGS='-O2 -g'
source_go	Run actions/setup-go@v5	2026-10-03T16:05:05.1248852Z PKG_CONFIG='pkg-config'
source_go	Run actions/setup-go@v5	2026-10-03T16:05:05.1250420Z GOGCCFLAGS='-fPIC -m64 -pthread -Wl,--no-gc-sections -fmessage-length=0 -ffile-prefix-map=/tmp/go-build2521790810=/tmp/go-build -gno-record-gcc-switches'
source_go	Run actions/setup-go@v5	2026-10-03T16:05:05.1251574Z 
source_go	Run actions/setup-go@v5	2026-10-03T16:05:05.1252162Z ##[endgroup]
source_go	Real Go source ownership and AST dependency graph	﻿2026-10-03T16:05:05.1391972Z ##[group]Run python3 ci/check_architecture.py --scope go --json
source_go	Real Go source ownership and AST dependency graph	2026-10-03T16:05:05.1392537Z ^[[36;1mpython3 ci/check_architecture.py --scope go --json^[[0m
source_go	Real Go source ownership and AST dependency graph	2026-10-03T16:05:05.1649394Z shell: /usr/bin/bash -e {0}
source_go	Real Go source ownership and AST dependency graph	2026-10-03T16:05:05.1649685Z env:
source_go	Real Go source ownership and AST dependency graph	2026-10-03T16:05:05.1649918Z   PYTHONDONTWRITEBYTECODE: 1
source_go	Real Go source ownership and AST dependency graph	2026-10-03T16:05:05.1650188Z ##[endgroup]
source_go	Real Go source ownership and AST dependency graph	2026-10-03T16:05:09.7098417Z {
source_go	Real Go source ownership and AST dependency graph	2026-10-03T16:05:09.7099210Z   "result": "PASS",
source_go	Real Go source ownership and AST dependency graph	2026-10-03T16:05:09.7099640Z   "scope": "go",
source_go	Real Go source ownership and AST dependency graph	2026-10-03T16:05:09.7099999Z   "violations": [],
source_go	Real Go source ownership and AST dependency graph	2026-10-03T16:05:09.7100224Z   "graphs": {
source_go	Real Go source ownership and AST dependency graph	2026-10-03T16:05:09.7100540Z     "go": [
source_go	Real Go source ownership and AST dependency graph	2026-10-03T16:05:09.7100885Z       {
source_go	Real Go source ownership and AST dependency graph	2026-10-03T16:05:09.7101355Z         "path": "core/auth.go",
source_go	Real Go source ownership and AST dependency graph	2026-10-03T16:05:09.7101894Z         "package": "core",
source_go	Real Go source ownership and AST dependency graph	2026-10-03T16:05:09.7102399Z         "imports": [
source_go	Real Go source ownership and AST dependency graph	2026-10-03T16:05:09.7102806Z           "context",
source_go	Real Go source ownership and AST dependency graph	2026-10-03T16:05:09.7103301Z           "crypto/sha256",
source_go	Real Go source ownership and AST dependency graph	2026-10-03T16:05:09.7103848Z           "encoding/hex",
source_go	Real Go source ownership and AST dependency graph	2026-10-03T16:05:09.7104388Z           "encoding/json",
source_go	Real Go source ownership and AST dependency graph	2026-10-03T16:05:09.7104922Z           "errors",
source_go	Real Go source ownership and AST dependency graph	2026-10-03T16:05:09.7105317Z           "io",
source_go	Real Go source ownership and AST dependency graph	2026-10-03T16:05:09.7105739Z           "net/http",
source_go	Real Go source ownership and AST dependency graph	2026-10-03T16:05:09.7106163Z           "regexp",
source_go	Real Go source ownership and AST dependency graph	2026-10-03T16:05:09.7106578Z           "strings",
source_go	Real Go source ownership and AST dependency graph	2026-10-03T16:05:09.7106983Z           "time",
source_go	Real Go source ownership and AST dependency graph	2026-10-03T16:05:09.7107491Z           "github.com/jackc/pgx/v5",
source_go	Real Go source ownership and AST dependency graph	2026-10-03T16:05:09.7108163Z           "github.com/jackc/pgx/v5/pgconn",
source_go	Real Go source ownership and AST dependency graph	2026-10-03T16:05:09.7109486Z           "github.com/jackc/pgx/v5/pgxpool",
source_go	Real Go source ownership and AST dependency graph	2026-10-03T16:05:09.7110159Z           "golang.org/x/crypto/bcrypt",
source_go	Real Go source ownership and AST dependency graph	2026-10-03T16:05:09.7110863Z           "im-platform/backend/go/shared"
source_go	Real Go source ownership and AST dependency graph	2026-10-03T16:05:09.7111350Z         ],
source_go	Real Go source ownership and AST dependency graph	2026-10-03T16:05:09.7111740Z         "functions": [
source_go	Real Go source ownership and AST dependency graph	2026-10-03T16:05:09.7112294Z           "passwordMaterial",
source_go	Real Go source ownership and AST dependency graph	2026-10-03T16:05:09.7112888Z           "authenticate",
source_go	Real Go source ownership and AST dependency graph	2026-10-03T16:05:09.7113457Z           "validClient",
source_go	Real Go source ownership and AST dependency graph	2026-10-03T16:05:09.7113943Z           "valid",
source_go	Real Go source ownership and AST dependency graph	2026-10-03T16:05:09.7114380Z           "decode",
source_go	Real Go source ownership and AST dependency graph	2026-10-03T16:05:09.7114849Z           "requestID",
source_go	Real Go source ownership and AST dependency graph	2026-10-03T16:05:09.7115291Z           "writeJSON",
source_go	Real Go source ownership and AST dependency graph	2026-10-03T16:05:09.7115749Z           "writeError",
source_go	Real Go source ownership and AST dependency graph	2026-10-03T16:05:09.7116220Z           "handler",
source_go	Real Go source ownership and AST dependency graph	2026-10-03T16:05:09.7116719Z           "register",
source_go	Real Go source ownership and AST dependency graph	2026-10-03T16:05:09.7117176Z           "login",
source_go	Real Go source ownership and AST dependency graph	2026-10-03T16:05:09.7117631Z           "newSession",
source_go	Real Go source ownership and AST dependency graph	2026-10-03T16:05:09.7118151Z           "writeRevocation",
source_go	Real Go source ownership and AST dependency graph	2026-10-03T16:05:09.7118892Z           "authResponse",
source_go	Real Go source ownership and AST dependency graph	2026-10-03T16:05:09.7119374Z           "refreshWeb",
source_go	Real Go source ownership and AST dependency graph	2026-10-03T16:05:09.7119844Z           "refreshNative",
source_go	Real Go source ownership and AST dependency graph	2026-10-03T16:05:09.7120305Z           "refresh",
source_go	Real Go source ownership and AST dependency graph	2026-10-03T16:05:09.7120704Z           "bearer",
source_go	Real Go source ownership and AST dependency graph	2026-10-03T16:05:09.7121090Z           "logout",
source_go	Real Go source ownership and AST dependency graph	2026-10-03T16:05:09.7121456Z           "me",
source_go	Real Go source ownership and AST dependency graph	2026-10-03T16:05:09.7121848Z           "search",
source_go	Real Go source ownership and AST dependency graph	2026-10-03T16:05:09.7122234Z           "fail",
source_go	Real Go source ownership and AST dependency graph	2026-10-03T16:05:09.7122608Z           "uuid",
source_go	Real Go source ownership and AST dependency graph	2026-10-03T16:05:09.7123032Z           "randomToken",
source_go	Real Go source ownership and AST dependency graph	2026-10-03T16:05:09.7123476Z           "hashToken"
source_go	Real Go source ownership and AST dependency graph	2026-10-03T16:05:09.7123842Z         ],
source_go	Real Go source ownership and AST dependency graph	2026-10-03T16:05:09.7124202Z         "types": [
source_go	Real Go source ownership and AST dependency graph	2026-10-03T16:05:09.7124645Z           "authService",
source_go	Real Go source ownership and AST dependency graph	2026-10-03T16:05:09.7125122Z           "clientInput",
source_go	Real Go source ownership and AST dependency graph	2026-10-03T16:05:09.7125688Z           "loginInput",
source_go	Real Go source ownership and AST dependency graph	2026-10-03T16:05:09.7126171Z           "registerInput",
source_go	Real Go source ownership and AST dependency graph	2026-10-03T16:05:09.7126645Z           "refreshInput",
source_go	Real Go source ownership and AST dependency graph	2026-10-03T16:05:09.7127058Z           "claims",
source_go	Real Go source ownership and AST dependency graph	2026-10-03T16:05:09.7127445Z           "apiError"
source_go	Real Go source ownership and AST dependency graph	2026-10-03T16:05:09.7127804Z         ],
source_go	Real Go source ownership and AST dependency graph	2026-10-03T16:05:09.7128158Z         "calls": [
source_go	Real Go source ownership and AST dependency graph	2026-10-03T16:05:09.7130151Z           "regexp.MustCompile",
source_go	Real Go source ownership and AST dependency graph	2026-10-03T16:05:09.7130693Z           "sha256.Sum256",
source_go	Real Go source ownership and AST dependency graph	2026-10-03T16:05:09.7131098Z           "",
source_go	Real Go source ownership and AST dependency graph	2026-10-03T16:05:09.7131527Z           "",
source_go	Real Go source ownership and AST dependency graph	2026-10-03T16:05:09.7131967Z           "hex.EncodeToString",
source_go	Real Go source ownership and AST dependency graph	2026-10-03T16:05:09.7132781Z           "s.codec.Parse",
source_go	Real Go source ownership and AST dependency graph	2026-10-03T16:05:09.7133188Z           ".Scan",
source_go	Real Go source ownership and AST dependency graph	2026-10-03T16:05:09.7133610Z           "s.db.QueryRow",
source_go	Real Go source ownership and AST dependency graph	2026-10-03T16:05:09.7134041Z           "errors.Is",
source_go	Real Go source ownership and AST dependency graph	2026-10-03T16:05:09.7134675Z           ".Scan",
source_go	Real Go source ownership and AST dependency graph	2026-10-03T16:05:09.7135077Z           "s.db.QueryRow",
source_go	Real Go source ownership and AST dependency graph	2026-10-03T16:05:09.7135471Z           "fail",
source_go	Real Go source ownership and AST dependency graph	2026-10-03T16:05:09.7135859Z           "fail",
source_go	Real Go source ownership and AST dependency graph	2026-10-03T16:05:09.7136260Z           "expiry.After",
source_go	Real Go source ownership and AST dependency graph	2026-10-03T16:05:09.7136659Z           "s.now",
source_go	Real Go source ownership and AST dependency graph	2026-10-03T16:05:09.7137017Z           "fail",
source_go	Real Go source ownership and AST dependency graph	2026-10-03T16:05:09.7137360Z           "fail",
source_go	Real Go source ownership and AST dependency graph	2026-10-03T16:05:09.7137722Z           ".Scan",
source_go	Real Go source ownership and AST dependency graph	2026-10-03T16:05:09.7138123Z           "s.db.QueryRow",
source_go	Real Go source ownership and AST dependency graph	2026-10-03T16:05:09.7138763Z           "fail",
source_go	Real Go source ownership and AST dependency graph	2026-10-03T16:05:09.7139196Z           "fail",
source_go	Real Go source ownership and AST dependency graph	2026-10-03T16:05:09.7139582Z           "validClient",
source_go	Real Go source ownership and AST dependency graph	2026-10-03T16:05:09.7139977Z           "len",
source_go	Real Go source ownership and AST dependency graph	2026-10-03T16:05:09.7140344Z           "len",
source_go	Real Go source ownership and AST dependency graph	2026-10-03T16:05:09.7140727Z           "len",
source_go	Real Go source ownership and AST dependency graph	2026-10-03T16:05:09.7141122Z           "len",
source_go	Real Go source ownership and AST dependency graph	2026-10-03T16:05:09.7141623Z           "http.MaxBytesReader",
source_go	Real Go source ownership and AST dependency graph	2026-10-03T16:05:09.7142188Z           "json.NewDecoder",
source_go	Real Go source ownership and AST dependency graph	2026-10-03T16:05:09.7142792Z           "d.DisallowUnknownFields",
source_go	Real Go source ownership and AST dependency graph	2026-10-03T16:05:09.7143328Z           "d.Decode",
source_go	Real Go source ownership and AST dependency graph	2026-10-03T16:05:09.7143759Z           "fail",
source_go	Real Go source ownership and AST dependency graph	2026-10-03T16:05:09.7144184Z           "d.Decode",
source_go	Real Go source ownership and AST dependency graph	2026-10-03T16:05:09.7144592Z           "new",
source_go	Real Go source ownership and AST dependency graph	2026-10-03T16:05:09.7144963Z           "fail",
source_go	Real Go source ownership and AST dependency graph	2026-10-03T16:05:09.7145334Z           "uuid",
source_go	Real Go source ownership and AST dependency graph	2026-10-03T16:05:09.7145729Z           ".Set",
source_go	Real Go source ownership and AST dependency graph	2026-10-03T16:05:09.7146127Z           "w.Header",
source_go	Real Go source ownership and AST dependency graph	2026-10-03T16:05:09.7146569Z           "w.WriteHeader",
source_go	Real Go source ownership and AST dependency graph	2026-10-03T16:05:09.7146960Z           ".Encode",
source_go	Real Go source ownership and AST dependency graph	2026-10-03T16:05:09.7147403Z           "json.NewEncoder",
source_go	Real Go source ownership and AST dependency graph	2026-10-03T16:05:09.7147877Z           "errors.As",
source_go	Real Go source ownership and AST dependency graph	2026-10-03T16:05:09.7148327Z           "writeJSON",
source_go	Real Go source ownership and AST dependency graph	2026-10-03T16:05:09.7149291Z           "requestID",
source_go	Real Go source ownership and AST dependency graph	2026-10-03T16:05:09.7149823Z           "http.NewServeMux",
source_go	Real Go source ownership and AST dependency graph	2026-10-03T16:05:09.7150355Z           "m.HandleFunc",
source_go	Real Go source ownership and AST dependency graph	2026-10-03T16:05:09.7150866Z           "m.HandleFunc",
source_go	Real Go source ownership and AST dependency graph	2026-10-03T16:05:09.7151364Z           "m.HandleFunc",
source_go	Real Go source ownership and AST dependency graph	2026-10-03T16:05:09.7151860Z           "m.HandleFunc",
source_go	Real Go source ownership and AST dependency graph	2026-10-03T16:05:09.7152354Z           "m.HandleFunc",
source_go	Real Go source ownership and AST dependency graph	2026-10-03T16:05:09.7152851Z           "m.HandleFunc",
source_go	Real Go source ownership and AST dependency graph	2026-10-03T16:05:09.7153339Z           "m.HandleFunc",
source_go	Real Go source ownership and AST dependency graph	2026-10-03T16:05:09.7153822Z           "m.HandleFunc",
source_go	Real Go source ownership and AST dependency graph	2026-10-03T16:05:09.7154285Z           "m.HandleFunc",
source_go	Real Go source ownership and AST dependency graph	2026-10-03T16:05:09.7154782Z           "m.HandleFunc",
source_go	Real Go source ownership and AST dependency graph	2026-10-03T16:05:09.7155275Z           "m.HandleFunc",
source_go	Real Go source ownership and AST dependency graph	2026-10-03T16:05:09.7155791Z           "http.HandlerFunc",
source_go	Real Go source ownership and AST dependency graph	2026-10-03T16:05:09.7156295Z           "m.ServeHTTP",
source_go	Real Go source ownership and AST dependency graph	2026-10-03T16:05:09.7156735Z           "r.URL.Query",
source_go	Real Go source ownership and AST dependency graph	2026-10-03T16:05:09.7157181Z           "strings.ToLower",
source_go	Real Go source ownership and AST dependency graph	2026-10-03T16:05:09.7157720Z           "strings.Contains",
source_go	Real Go source ownership and AST dependency graph	2026-10-03T16:05:09.7158253Z           "strings.Contains",
source_go	Real Go source ownership and AST dependency graph	2026-10-03T16:05:09.7159053Z           "strings.Contains",
source_go	Real Go source ownership and AST dependency graph	2026-10-03T16:05:09.7159574Z           "writeError",
source_go	Real Go source ownership and AST dependency graph	2026-10-03T16:05:09.7160029Z           "fail",
source_go	Real Go source ownership and AST dependency graph	2026-10-03T16:05:09.7160489Z           "m.ServeHTTP",
source_go	Real Go source ownership and AST dependency graph	2026-10-03T16:05:09.7160921Z           "decode",
source_go	Real Go source ownership and AST dependency graph	2026-10-03T16:05:09.7161312Z           "writeError",
source_go	Real Go source ownership and AST dependency graph	2026-10-03T16:05:09.7161691Z           "len",
source_go	Real Go source ownership and AST dependency graph	2026-10-03T16:05:09.7162071Z           "len",
source_go	Real Go source ownership and AST dependency graph	2026-10-03T16:05:09.7162606Z           "usernamePattern.MatchString",
source_go	Real Go source ownership and AST dependency graph	2026-10-03T16:05:09.7163124Z           "len",
source_go	Real Go source ownership and AST dependency graph	2026-10-03T16:05:09.7163509Z           "len",
source_go	Real Go source ownership and AST dependency graph	2026-10-03T16:05:09.7163882Z           "len",
source_go	Real Go source ownership and AST dependency graph	2026-10-03T16:05:09.7164245Z           "len",
source_go	Real Go source ownership and AST dependency graph	2026-10-03T16:05:09.7164660Z           "writeError",
source_go	Real Go source ownership and AST dependency graph	2026-10-03T16:05:09.7165073Z           "fail",
source_go	Real Go source ownership and AST dependency graph	2026-10-03T16:05:09.7165629Z           "bcrypt.GenerateFromPassword",
source_go	Real Go source ownership and AST dependency graph	2026-10-03T16:05:09.7166241Z           "passwordMaterial",
source_go	Real Go source ownership and AST dependency graph	2026-10-03T16:05:09.7166740Z           "writeError",
source_go	Real Go source ownership and AST dependency graph	2026-10-03T16:05:09.7167227Z           "uuid",
source_go	Real Go source ownership and AST dependency graph	2026-10-03T16:05:09.7167657Z           "writeError",
source_go	Real Go source ownership and AST dependency graph	2026-10-03T16:05:09.7168133Z           "strings.ToLower",
source_go	Real Go source ownership and AST dependency graph	2026-10-03T16:05:09.7169056Z           "s.db.Exec",
source_go	Real Go source ownership and AST dependency graph	2026-10-03T16:05:09.7169507Z           "r.Context",
source_go	Real Go source ownership and AST dependency graph	2026-10-03T16:05:09.7169918Z           "string",
source_go	Real Go source ownership and AST dependency graph	2026-10-03T16:05:09.7170332Z           "errors.As",
source_go	Real Go source ownership and AST dependency graph	2026-10-03T16:05:09.7170750Z           "writeError",
source_go	Real Go source ownership and AST dependency graph	2026-10-03T16:05:09.7171163Z           "fail",
source_go	Real Go source ownership and AST dependency graph	2026-10-03T16:05:09.7171888Z           "writeError",
source_go	Real Go source ownership and AST dependency graph	2026-10-03T16:05:09.7172332Z           "writeJSON",
source_go	Real Go source ownership and AST dependency graph	2026-10-03T16:05:09.7172752Z           "decode",
source_go	Real Go source ownership and AST dependency graph	2026-10-03T16:05:09.7173176Z           "writeError",
source_go	Real Go source ownership and AST dependency graph	2026-10-03T16:05:09.7173665Z           "validClient",
source_go	Real Go source ownership and AST dependency graph	2026-10-03T16:05:09.7174166Z           "writeError",
source_go	Real Go source ownership and AST dependency graph	2026-10-03T16:05:09.7174612Z           "fail",
source_go	Real Go source ownership and AST dependency graph	2026-10-03T16:05:09.7175026Z           "v.valid",
source_go	Real Go source ownership and AST dependency graph	2026-10-03T16:05:09.7175438Z           "len",
source_go	Real Go source ownership and AST dependency graph	2026-10-03T16:05:09.7175820Z           "len",
source_go	Real Go source ownership and AST dependency graph	2026-10-03T16:05:09.7176364Z           "usernamePattern.MatchString",
source_go	Real Go source ownership and AST dependency graph	2026-10-03T16:05:09.7176892Z           "len",
source_go	Real Go source ownership and AST dependency graph	2026-10-03T16:05:09.7177289Z           "len",
source_go	Real Go source ownership and AST dependency graph	2026-10-03T16:05:09.7177703Z           "writeError",
source_go	Real Go source ownership and AST dependency graph	2026-10-03T16:05:09.7178134Z           "fail",
source_go	Real Go source ownership and AST dependency graph	2026-10-03T16:05:09.7178783Z           "writeError",
source_go	Real Go source ownership and AST dependency graph	2026-10-03T16:05:09.7179225Z           "fail",
source_go	Real Go source ownership and AST dependency graph	2026-10-03T16:05:09.7179614Z           ".Scan",
source_go	Real Go source ownership and AST dependency graph	2026-10-03T16:05:09.7180063Z           "s.db.QueryRow",
source_go	Real Go source ownership and AST dependency graph	2026-10-03T16:05:09.7180542Z           "r.Context",
source_go	Real Go source ownership and AST dependency graph	2026-10-03T16:05:09.7181062Z           "strings.ToLower",
source_go	Real Go source ownership and AST dependency graph	2026-10-03T16:05:09.7181556Z           "errors.Is",
source_go	Real Go source ownership and AST dependency graph	2026-10-03T16:05:09.7182007Z           "writeError",
source_go	Real Go source ownership and AST dependency graph	2026-10-03T16:05:09.7182433Z           "fail",
source_go	Real Go source ownership and AST dependency graph	2026-10-03T16:05:09.7182851Z           "writeError",
source_go	Real Go source ownership and AST dependency graph	2026-10-03T16:05:09.7183458Z           "bcrypt.CompareHashAndPassword",
source_go	Real Go source ownership and AST dependency graph	2026-10-03T16:05:09.7184011Z           "",
source_go	Real Go source ownership and AST dependency graph	2026-10-03T16:05:09.7184466Z           "passwordMaterial",
source_go	Real Go source ownership and AST dependency graph	2026-10-03T16:05:09.7184945Z           "writeError",
source_go	Real Go source ownership and AST dependency graph	2026-10-03T16:05:09.7185340Z           "fail",
source_go	Real Go source ownership and AST dependency graph	2026-10-03T16:05:09.7185742Z           "s.newSession",
source_go	Real Go source ownership and AST dependency graph	2026-10-03T16:05:09.7186181Z           "r.Context",
source_go	Real Go source ownership and AST dependency graph	2026-10-03T16:05:09.7186607Z           "writeError",
source_go	Real Go source ownership and AST dependency graph	2026-10-03T16:05:09.7187069Z           "s.authResponse",
source_go	Real Go source ownership and AST dependency graph	2026-10-03T16:05:09.7187588Z           "s.db.Begin",
source_go	Real Go source ownership and AST dependency graph	2026-10-03T16:05:09.7188041Z           "tx.Rollback",
source_go	Real Go source ownership and AST dependency graph	2026-10-03T16:05:09.7188751Z           ".Scan",
source_go	Real Go source ownership and AST dependency graph	2026-10-03T16:05:09.7189257Z           "tx.QueryRow",
source_go	Real Go source ownership and AST dependency graph	2026-10-03T16:05:09.7189642Z           ".Scan",
source_go	Real Go source ownership and AST dependency graph	2026-10-03T16:05:09.7190034Z           "tx.QueryRow",
source_go	Real Go source ownership and AST dependency graph	2026-10-03T16:05:09.7190464Z           "errors.Is",
source_go	Real Go source ownership and AST dependency graph	2026-10-03T16:05:09.7190908Z           "errors.Is",
source_go	Real Go source ownership and AST dependency graph	2026-10-03T16:05:09.7191332Z           "uuid",
source_go	Real Go source ownership and AST dependency graph	2026-10-03T16:05:09.7191728Z           "randomToken",
source_go	Real Go source ownership and AST dependency graph	2026-10-03T16:05:09.7192143Z           "tx.Exec",
source_go	Real Go source ownership and AST dependency graph	2026-10-03T16:05:09.7192543Z           "hashToken",
source_go	Real Go source ownership and AST dependency graph	2026-10-03T16:05:09.7192898Z           ".Add",
source_go	Real Go source ownership and AST dependency graph	2026-10-03T16:05:09.7193266Z           "s.now",
source_go	Real Go source ownership and AST dependency graph	2026-10-03T16:05:09.7193724Z           "writeRevocation",
source_go	Real Go source ownership and AST dependency graph	2026-10-03T16:05:09.7194197Z           "tx.Commit",
source_go	Real Go source ownership and AST dependency graph	2026-10-03T16:05:09.7194593Z           "uuid",
source_go	Real Go source ownership and AST dependency graph	2026-10-03T16:05:09.7195019Z           "json.Marshal",
source_go	Real Go source ownership and AST dependency graph	2026-10-03T16:05:09.7195448Z           "tx.Exec",
source_go	Real Go source ownership and AST dependency graph	2026-10-03T16:05:09.7195852Z           "tx.Exec",
source_go	Real Go source ownership and AST dependency graph	2026-10-03T16:05:09.7196259Z           ".Unix",
source_go	Real Go source ownership and AST dependency graph	2026-10-03T16:05:09.7196637Z           "s.now",
source_go	Real Go source ownership and AST dependency graph	2026-10-03T16:05:09.7197066Z           "s.codec.Sign",
source_go	Real Go source ownership and AST dependency graph	2026-10-03T16:05:09.7197537Z           "writeError",
source_go	Real Go source ownership and AST dependency graph	2026-10-03T16:05:09.7198019Z           "http.SetCookie",
source_go	Real Go source ownership and AST dependency graph	2026-10-03T16:05:09.7198669Z           "writeJSON",
source_go	Real Go source ownership and AST dependency graph	2026-10-03T16:05:09.7199102Z           "decode",
source_go	Real Go source ownership and AST dependency graph	2026-10-03T16:05:09.7199542Z           "writeError",
source_go	Real Go source ownership and AST dependency graph	2026-10-03T16:05:09.7199963Z           "v.valid",
source_go	Real Go source ownership and AST dependency graph	2026-10-03T16:05:09.7200387Z           "writeError",
source_go	Real Go source ownership and AST dependency graph	2026-10-03T16:05:09.7200782Z           "fail",
source_go	Real Go source ownership and AST dependency graph	2026-10-03T16:05:09.7201243Z           "writeError",
source_go	Real Go source ownership and AST dependency graph	2026-10-03T16:05:09.7201671Z           "fail",
source_go	Real Go source ownership and AST dependency graph	2026-10-03T16:05:09.7202084Z           "r.Cookie",
source_go	Real Go source ownership and AST dependency graph	2026-10-03T16:05:09.7202530Z           "writeError",
source_go	Real Go source ownership and AST dependency graph	2026-10-03T16:05:09.7202954Z           "fail",
source_go	Real Go source ownership and AST dependency graph	2026-10-03T16:05:09.7203372Z           "s.refresh",
source_go	Real Go source ownership and AST dependency graph	2026-10-03T16:05:09.7203802Z           "decode",
source_go	Real Go source ownership and AST dependency graph	2026-10-03T16:05:09.7204222Z           "writeError",
source_go	Real Go source ownership and AST dependency graph	2026-10-03T16:05:09.7204652Z           "writeError",
source_go	Real Go source ownership and AST dependency graph	2026-10-03T16:05:09.7205282Z           "fail",
source_go	Real Go source ownership and AST dependency graph	2026-10-03T16:05:09.7205690Z           "v.valid",
source_go	Real Go source ownership and AST dependency graph	2026-10-03T16:05:09.7206130Z           "writeError",
source_go	Real Go source ownership and AST dependency graph	2026-10-03T16:05:09.7206557Z           "fail",
source_go	Real Go source ownership and AST dependency graph	2026-10-03T16:05:09.7206981Z           "writeError",
source_go	Real Go source ownership and AST dependency graph	2026-10-03T16:05:09.7207536Z           "fail",
source_go	Real Go source ownership and AST dependency graph	2026-10-03T16:05:09.7207962Z           "s.refresh",
source_go	Real Go source ownership and AST dependency graph	2026-10-03T16:05:09.7208218Z           "r.Context",
source_go	Real Go source ownership and AST dependency graph	2026-10-03T16:05:09.7208671Z           "s.db.Begin",
source_go	Real Go source ownership and AST dependency graph	2026-10-03T16:05:09.7209146Z           "writeError",
source_go	Real Go source ownership and AST dependency graph	2026-10-03T16:05:09.7209601Z           "tx.Rollback",
source_go	Real Go source ownership and AST dependency graph	2026-10-03T16:05:09.7209917Z           ".Scan",
source_go	Real Go source ownership and AST dependency graph	2026-10-03T16:05:09.7210162Z           "tx.QueryRow",
source_go	Real Go source ownership and AST dependency graph	2026-10-03T16:05:09.7210420Z           "hashToken",
source_go	Real Go source ownership and AST dependency graph	2026-10-03T16:05:09.7210673Z           "errors.Is",
source_go	Real Go source ownership and AST dependency graph	2026-10-03T16:05:09.7210920Z           "writeError",
source_go	Real Go source ownership and AST dependency graph	2026-10-03T16:05:09.7211449Z           "fail",
source_go	Real Go source ownership and AST dependency graph	2026-10-03T16:05:09.7211897Z           "writeError",
source_go	Real Go source ownership and AST dependency graph	2026-10-03T16:05:09.7212347Z           "writeError",
source_go	Real Go source ownership and AST dependency graph	2026-10-03T16:05:09.7212745Z           "fail",
source_go	Real Go source ownership and AST dependency graph	2026-10-03T16:05:09.7213204Z           "expiry.After",
source_go	Real Go source ownership and AST dependency graph	2026-10-03T16:05:09.7213578Z           "s.now",
source_go	Real Go source ownership and AST dependency graph	2026-10-03T16:05:09.7213836Z           "writeError",
source_go	Real Go source ownership and AST dependency graph	2026-10-03T16:05:09.7214085Z           "fail",
source_go	Real Go source ownership and AST dependency graph	2026-10-03T16:05:09.7214327Z           "writeError",
source_go	Real Go source ownership and AST dependency graph	2026-10-03T16:05:09.7214568Z           "fail",
source_go	Real Go source ownership and AST dependency graph	2026-10-03T16:05:09.7214813Z           "randomToken",
source_go	Real Go source ownership and AST dependency graph	2026-10-03T16:05:09.7215077Z           "writeError",
source_go	Real Go source ownership and AST dependency graph	2026-10-03T16:05:09.7215321Z           "tx.Exec",
source_go	Real Go source ownership and AST dependency graph	2026-10-03T16:05:09.7215567Z           "hashToken",
source_go	Real Go source ownership and AST dependency graph	2026-10-03T16:05:09.7215801Z           ".Add",
source_go	Real Go source ownership and AST dependency graph	2026-10-03T16:05:09.7216021Z           "s.now",
source_go	Real Go source ownership and AST dependency graph	2026-10-03T16:05:09.7216261Z           "tx.Commit",
source_go	Real Go source ownership and AST dependency graph	2026-10-03T16:05:09.7216513Z           "writeError",
source_go	Real Go source ownership and AST dependency graph	2026-10-03T16:05:09.7216792Z           "s.authResponse",
source_go	Real Go source ownership and AST dependency graph	2026-10-03T16:05:09.7217073Z           "r.Header.Get",
source_go	Real Go source ownership and AST dependency graph	2026-10-03T16:05:09.7217367Z           "strings.HasPrefix",
source_go	Real Go source ownership and AST dependency graph	2026-10-03T16:05:09.7217625Z           "len",
source_go	Real Go source ownership and AST dependency graph	2026-10-03T16:05:09.7217846Z           "fail",
source_go	Real Go source ownership and AST dependency graph	2026-10-03T16:05:09.7218115Z           "strings.TrimPrefix",
source_go	Real Go source ownership and AST dependency graph	2026-10-03T16:05:09.7218401Z           "bearer",
source_go	Real Go source ownership and AST dependency graph	2026-10-03T16:05:09.7219003Z           "writeError",
source_go	Real Go source ownership and AST dependency graph	2026-10-03T16:05:09.7219288Z           "s.authenticate",
source_go	Real Go source ownership and AST dependency graph	2026-10-03T16:05:09.7219560Z           "r.Context",
source_go	Real Go source ownership and AST dependency graph	2026-10-03T16:05:09.7219814Z           "writeError",
source_go	Real Go source ownership and AST dependency graph	2026-10-03T16:05:09.7220078Z           "s.db.Begin",
source_go	Real Go source ownership and AST dependency graph	2026-10-03T16:05:09.7220328Z           "r.Context",
source_go	Real Go source ownership and AST dependency graph	2026-10-03T16:05:09.7220578Z           "writeError",
source_go	Real Go source ownership and AST dependency graph	2026-10-03T16:05:09.7220835Z           "tx.Rollback",
source_go	Real Go source ownership and AST dependency graph	2026-10-03T16:05:09.7221094Z           "r.Context",
source_go	Real Go source ownership and AST dependency graph	2026-10-03T16:05:09.7221327Z           ".Scan",
source_go	Real Go source ownership and AST dependency graph	2026-10-03T16:05:09.7221572Z           "tx.QueryRow",
source_go	Real Go source ownership and AST dependency graph	2026-10-03T16:05:09.7221826Z           "r.Context",
source_go	Real Go source ownership and AST dependency graph	2026-10-03T16:05:09.7222076Z           "writeError",
source_go	Real Go source ownership and AST dependency graph	2026-10-03T16:05:09.7222326Z           "writeError",
source_go	Real Go source ownership and AST dependency graph	2026-10-03T16:05:09.7222561Z           "fail",
source_go	Real Go source ownership and AST dependency graph	2026-10-03T16:05:09.7222797Z           "tx.Exec",
source_go	Real Go source ownership and AST dependency graph	2026-10-03T16:05:09.7223045Z           "r.Context",
source_go	Real Go source ownership and AST dependency graph	2026-10-03T16:05:09.7223320Z           "writeRevocation",
source_go	Real Go source ownership and AST dependency graph	2026-10-03T16:05:09.7223601Z           "r.Context",
source_go	Real Go source ownership and AST dependency graph	2026-10-03T16:05:09.7223850Z           "tx.Commit",
source_go	Real Go source ownership and AST dependency graph	2026-10-03T16:05:09.7224108Z           "r.Context",
source_go	Real Go source ownership and AST dependency graph	2026-10-03T16:05:09.7224362Z           "writeError",
source_go	Real Go source ownership and AST dependency graph	2026-10-03T16:05:09.7224631Z           "w.WriteHeader",
source_go	Real Go source ownership and AST dependency graph	2026-10-03T16:05:09.7224893Z           "bearer",
source_go	Real Go source ownership and AST dependency graph	2026-10-03T16:05:09.7225144Z           "writeError",
source_go	Real Go source ownership and AST dependency graph	2026-10-03T16:05:09.7225411Z           "s.authenticate",
source_go	Real Go source ownership and AST dependency graph	2026-10-03T16:05:09.7225678Z           "r.Context",
source_go	Real Go source ownership and AST dependency graph	2026-10-03T16:05:09.7225935Z           "writeError",
source_go	Real Go source ownership and AST dependency graph	2026-10-03T16:05:09.7226174Z           ".Scan",
source_go	Real Go source ownership and AST dependency graph	2026-10-03T16:05:09.7226423Z           "s.db.QueryRow",
source_go	Real Go source ownership and AST dependency graph	2026-10-03T16:05:09.7226688Z           "r.Context",
source_go	Real Go source ownership and AST dependency graph	2026-10-03T16:05:09.7226939Z           "writeError",
source_go	Real Go source ownership and AST dependency graph	2026-10-03T16:05:09.7227187Z           "writeJSON",
source_go	Real Go source ownership and AST dependency graph	2026-10-03T16:05:09.7227431Z           "bearer",
source_go	Real Go source ownership and AST dependency graph	2026-10-03T16:05:09.7227675Z           "writeError",
source_go	Real Go source ownership and AST dependency graph	2026-10-03T16:05:09.7227943Z           "s.authenticate",
source_go	Real Go source ownership and AST dependency graph	2026-10-03T16:05:09.7228208Z           "r.Context",
source_go	Real Go source ownership and AST dependency graph	2026-10-03T16:05:09.7228692Z           "writeError",
source_go	Real Go source ownership and AST dependency graph	2026-10-03T16:05:09.7229164Z           "r.URL.Query",
source_go	Real Go source ownership and AST dependency graph	2026-10-03T16:05:09.7229445Z           "values.Get",
source_go	Real Go source ownership and AST dependency graph	2026-10-03T16:05:09.7229684Z           "len",
source_go	Real Go source ownership and AST dependency graph	2026-10-03T16:05:09.7229909Z           "len",
source_go	Real Go source ownership and AST dependency graph	2026-10-03T16:05:09.7230130Z           "len",
source_go	Real Go source ownership and AST dependency graph	2026-10-03T16:05:09.7230459Z           "len",
source_go	Real Go source ownership and AST dependency graph	2026-10-03T16:05:09.7230764Z           "usernamePattern.MatchString",
source_go	Real Go source ownership and AST dependency graph	2026-10-03T16:05:09.7231087Z           "writeError",
source_go	Real Go source ownership and AST dependency graph	2026-10-03T16:05:09.7231324Z           "fail",
source_go	Real Go source ownership and AST dependency graph	2026-10-03T16:05:09.7231549Z           ".Scan",
source_go	Real Go source ownership and AST dependency graph	2026-10-03T16:05:09.7231801Z           "s.db.QueryRow",
source_go	Real Go source ownership and AST dependency graph	2026-10-03T16:05:09.7232072Z           "r.Context",
source_go	Real Go source ownership and AST dependency graph	2026-10-03T16:05:09.7232347Z           "strings.ToLower",
source_go	Real Go source ownership and AST dependency graph	2026-10-03T16:05:09.7232617Z           "errors.Is",
source_go	Real Go source ownership and AST dependency graph	2026-10-03T16:05:09.7232864Z           "writeJSON",
source_go	Real Go source ownership and AST dependency graph	2026-10-03T16:05:09.7233116Z           "writeError",
source_go	Real Go source ownership and AST dependency graph	2026-10-03T16:05:09.7233366Z           "writeJSON",
source_go	Real Go source ownership and AST dependency graph	2026-10-03T16:05:09.7233618Z           "shared.Fail",
source_go	Real Go source ownership and AST dependency graph	2026-10-03T16:05:09.7233880Z           "shared.UUID",
source_go	Real Go source ownership and AST dependency graph	2026-10-03T16:05:09.7234172Z           "shared.RandomToken",
source_go	Real Go source ownership and AST dependency graph	2026-10-03T16:05:09.7234472Z           "shared.HashToken"
source_go	Real Go source ownership and AST dependency graph	2026-10-03T16:05:09.7234708Z         ],
source_go	Real Go source ownership and AST dependency graph	2026-10-03T16:05:09.7234944Z         "strings": [
source_go	Real Go source ownership and AST dependency graph	2026-10-03T16:05:09.7235185Z           "context",
source_go	Real Go source ownership and AST dependency graph	2026-10-03T16:05:09.7235451Z           "crypto/sha256",
source_go	Real Go source ownership and AST dependency graph	2026-10-03T16:05:09.7235727Z           "encoding/hex",
source_go	Real Go source ownership and AST dependency graph	2026-10-03T16:05:09.7236005Z           "encoding/json",
source_go	Real Go source ownership and AST dependency graph	2026-10-03T16:05:09.7236253Z           "errors",
source_go	Real Go source ownership and AST dependency graph	2026-10-03T16:05:09.7236472Z           "io",
source_go	Real Go source ownership and AST dependency graph	2026-10-03T16:05:09.7236711Z           "net/http",
source_go	Real Go source ownership and AST dependency graph	2026-10-03T16:05:09.7236949Z           "regexp",
source_go	Real Go source ownership and AST dependency graph	2026-10-03T16:05:09.7237181Z           "strings",
source_go	Real Go source ownership and AST dependency graph	2026-10-03T16:05:09.7237404Z           "time",
source_go	Real Go source ownership and AST dependency graph	2026-10-03T16:05:09.7237694Z           "github.com/jackc/pgx/v5",
source_go	Real Go source ownership and AST dependency graph	2026-10-03T16:05:09.7238067Z           "github.com/jackc/pgx/v5/pgconn",
source_go	Real Go source ownership and AST dependency graph	2026-10-03T16:05:09.7238666Z           "github.com/jackc/pgx/v5/pgxpool",
source_go	Real Go source ownership and AST dependency graph	2026-10-03T16:05:09.7239059Z           "golang.org/x/crypto/bcrypt",
source_go	Real Go source ownership and AST dependency graph	2026-10-03T16:05:09.7239433Z           "im-platform/backend/go/shared",
source_go	Real Go source ownership and AST dependency graph	2026-10-03T16:05:09.7239815Z           "^[A-Za-z0-9][A-Za-z0-9._-]*$",
source_go	Real Go source ownership and AST dependency graph	2026-10-03T16:05:09.7240146Z           "json:\"clientType\"",
source_go	Real Go source ownership and AST dependency graph	2026-10-03T16:05:09.7240451Z           "json:\"deviceId\"",
source_go	Real Go source ownership and AST dependency graph	2026-10-03T16:05:09.7240771Z           "json:\"clientVersion\"",
source_go	Real Go source ownership and AST dependency graph	2026-10-03T16:05:09.7241134Z           "json:\"protocolVersion\"",
source_go	Real Go source ownership and AST dependency graph	2026-10-03T16:05:09.7241462Z           "json:\"username\"",
source_go	Real Go source ownership and AST dependency graph	2026-10-03T16:05:09.7241763Z           "json:\"password\"",
source_go	Real Go source ownership and AST dependency graph	2026-10-03T16:05:09.7242060Z           "json:\"username\"",
source_go	Real Go source ownership and AST dependency graph	2026-10-03T16:05:09.7242356Z           "json:\"password\"",
source_go	Real Go source ownership and AST dependency graph	2026-10-03T16:05:09.7242662Z           "json:\"displayName\"",
source_go	Real Go source ownership and AST dependency graph	2026-10-03T16:05:09.7243029Z           "json:\"refreshToken,omitempty\"",
source_go	Real Go source ownership and AST dependency graph	2026-10-03T16:05:09.7243368Z           "im-password-v1:",
source_go	Real Go source ownership and AST dependency graph	2026-10-03T16:05:09.7244182Z           "SELECT session_id, client_type, session_epoch, status, expires_at FROM sessions WHERE user_id=$1 AND client_type=$2",
source_go	Real Go source ownership and AST dependency graph	2026-10-03T16:05:09.7245007Z           "SELECT client_type FROM sessions WHERE user_id=$1 AND session_id=$2",
source_go	Real Go source ownership and AST dependency graph	2026-10-03T16:05:09.7245478Z           "AUTH_CLIENT_TYPE_MISMATCH",
source_go	Real Go source ownership and AST dependency graph	2026-10-03T16:05:09.7245966Z           "Access token does not match the active client session.",
source_go	Real Go source ownership and AST dependency graph	2026-10-03T16:05:09.7246375Z           "AUTH_SESSION_REVOKED",
source_go	Real Go source ownership and AST dependency graph	2026-10-03T16:05:09.7246720Z           "Session has been revoked.",
source_go	Real Go source ownership and AST dependency graph	2026-10-03T16:05:09.7247008Z           "ACTIVE",
source_go	Real Go source ownership and AST dependency graph	2026-10-03T16:05:09.7247287Z           "AUTH_SESSION_REVOKED",
source_go	Real Go source ownership and AST dependency graph	2026-10-03T16:05:09.7247622Z           "Session has been revoked.",
source_go	Real Go source ownership and AST dependency graph	2026-10-03T16:05:09.7248859Z           "AUTH_SESSION_EPOCH_STALE",
source_go	Real Go source ownership and AST dependency graph	2026-10-03T16:05:09.7249292Z           "Access token carries a stale session epoch.",
source_go	Real Go source ownership and AST dependency graph	2026-10-03T16:05:09.7249891Z           "SELECT client_type FROM sessions WHERE user_id=$1 AND session_id=$2",
source_go	Real Go source ownership and AST dependency graph	2026-10-03T16:05:09.7250366Z           "AUTH_CLIENT_TYPE_MISMATCH",
source_go	Real Go source ownership and AST dependency graph	2026-10-03T16:05:09.7250848Z           "Access token does not match the active client session.",
source_go	Real Go source ownership and AST dependency graph	2026-10-03T16:05:09.7251258Z           "AUTH_TOKEN_INVALID",
source_go	Real Go source ownership and AST dependency graph	2026-10-03T16:05:09.7251814Z           "Access token and session binding disagree.",
source_go	Real Go source ownership and AST dependency graph	2026-10-03T16:05:09.7252137Z           "WEB",
source_go	Real Go source ownership and AST dependency graph	2026-10-03T16:05:09.7252371Z           "DESKTOP",
source_go	Real Go source ownership and AST dependency graph	2026-10-03T16:05:09.7252610Z           "MOBILE",
source_go	Real Go source ownership and AST dependency graph	2026-10-03T16:05:09.7252888Z           "VALIDATION_FAILED",
source_go	Real Go source ownership and AST dependency graph	2026-10-03T16:05:09.7253332Z           "Request body is invalid.",
source_go	Real Go source ownership and AST dependency graph	2026-10-03T16:05:09.7253656Z           "VALIDATION_FAILED",
source_go	Real Go source ownership and AST dependency graph	2026-10-03T16:05:09.7253990Z           "Request body is invalid.",
source_go	Real Go source ownership and AST dependency graph	2026-10-03T16:05:09.7254296Z           "Content-Type",
source_go	Real Go source ownership and AST dependency graph	2026-10-03T16:05:09.7254591Z           "application/json",
source_go	Real Go source ownership and AST dependency graph	2026-10-03T16:05:09.7254881Z           "INTERNAL_ERROR",
source_go	Real Go source ownership and AST dependency graph	2026-10-03T16:05:09.7255191Z           "Internal server error.",
source_go	Real Go source ownership and AST dependency graph	2026-10-03T16:05:09.7255466Z           "error",
source_go	Real Go source ownership and AST dependency graph	2026-10-03T16:05:09.7255691Z           "code",
source_go	Real Go source ownership and AST dependency graph	2026-10-03T16:05:09.7255921Z           "message",
source_go	Real Go source ownership and AST dependency graph	2026-10-03T16:05:09.7256167Z           "requestId",
source_go	Real Go source ownership and AST dependency graph	2026-10-03T16:05:09.7256450Z           "POST /v1/sync/user",
source_go	Real Go source ownership and AST dependency graph	2026-10-03T16:05:09.7256790Z           "POST /v1/sync/conversation",
source_go	Real Go source ownership and AST dependency graph	2026-10-03T16:05:09.7257140Z           "POST /v1/auth/register",
source_go	Real Go source ownership and AST dependency graph	2026-10-03T16:05:09.7257455Z           "POST /v1/auth/login",
source_go	Real Go source ownership and AST dependency graph	2026-10-03T16:05:09.7257789Z           "POST /v1/auth/refresh/web",
source_go	Real Go source ownership and AST dependency graph	2026-10-03T16:05:09.7258146Z           "POST /v1/auth/refresh/native",
source_go	Real Go source ownership and AST dependency graph	2026-10-03T16:05:09.7258694Z           "POST /v1/auth/logout",
source_go	Real Go source ownership and AST dependency graph	2026-10-03T16:05:09.7259006Z           "GET /v1/users/me",
source_go	Real Go source ownership and AST dependency graph	2026-10-03T16:05:09.7259310Z           "GET /v1/users/search",
source_go	Real Go source ownership and AST dependency graph	2026-10-03T16:05:09.7259604Z           "GET /v1/friends",
source_go	Real Go source ownership and AST dependency graph	2026-10-03T16:05:09.7259949Z           "PUT /v1/friends/{friendUserId}",
source_go	Real Go source ownership and AST dependency graph	2026-10-03T16:05:09.7260249Z           "POST",
source_go	Real Go source ownership and AST dependency graph	2026-10-03T16:05:09.7260508Z           "/v1/sync/user",
source_go	Real Go source ownership and AST dependency graph	2026-10-03T16:05:09.7260818Z           "/v1/sync/conversation",
source_go	Real Go source ownership and AST dependency graph	2026-10-03T16:05:09.7261091Z           "token",
source_go	Real Go source ownership and AST dependency graph	2026-10-03T16:05:09.7261332Z           "password",
source_go	Real Go source ownership and AST dependency graph	2026-10-03T16:05:09.7261573Z           "secret",
source_go	Real Go source ownership and AST dependency graph	2026-10-03T16:05:09.7261832Z           "authorization",
source_go	Real Go source ownership and AST dependency graph	2026-10-03T16:05:09.7262086Z           "cookie",
source_go	Real Go source ownership and AST dependency graph	2026-10-03T16:05:09.7262358Z           "VALIDATION_FAILED",
source_go	Real Go source ownership and AST dependency graph	2026-10-03T16:05:09.7262840Z           "Authentication material is forbidden in query parameters.",
source_go	Real Go source ownership and AST dependency graph	2026-10-03T16:05:09.7263261Z           "VALIDATION_FAILED",
source_go	Real Go source ownership and AST dependency graph	2026-10-03T16:05:09.7263627Z           "Registration fields are invalid.",
source_go	Real Go source ownership and AST dependency graph	2026-10-03T16:05:09.7264288Z           "INSERT INTO users(user_id,username,display_name,password_hash) VALUES($1,$2,$3,$4)",
source_go	Real Go source ownership and AST dependency graph	2026-10-03T16:05:09.7264738Z           "23505",
source_go	Real Go source ownership and AST dependency graph	2026-10-03T16:05:09.7265025Z           "USERNAME_ALREADY_EXISTS",
source_go	Real Go source ownership and AST dependency graph	2026-10-03T16:05:09.7265373Z           "Username already exists.",
source_go	Real Go source ownership and AST dependency graph	2026-10-03T16:05:09.7265649Z           "user",
source_go	Real Go source ownership and AST dependency graph	2026-10-03T16:05:09.7265883Z           "userId",
source_go	Real Go source ownership and AST dependency graph	2026-10-03T16:05:09.7266119Z           "username",
source_go	Real Go source ownership and AST dependency graph	2026-10-03T16:05:09.7266377Z           "displayName",
source_go	Real Go source ownership and AST dependency graph	2026-10-03T16:05:09.7266664Z           "VALIDATION_FAILED",
source_go	Real Go source ownership and AST dependency graph	2026-10-03T16:05:09.7266984Z           "clientType is invalid.",
source_go	Real Go source ownership and AST dependency graph	2026-10-03T16:05:09.7267333Z           "VALIDATION_FAILED",
source_go	Real Go source ownership and AST dependency graph	2026-10-03T16:05:09.7267656Z           "Login fields are invalid.",
source_go	Real Go source ownership and AST dependency graph	2026-10-03T16:05:09.7267928Z           "1",
source_go	Real Go source ownership and AST dependency graph	2026-10-03T16:05:09.7268234Z           "PROTOCOL_VERSION_UNSUPPORTED",
source_go	Real Go source ownership and AST dependency graph	2026-10-03T16:05:09.7268875Z           "Protocol version is unsupported.",
source_go	Real Go source ownership and AST dependency graph	2026-10-03T16:05:09.7269398Z           "SELECT user_id,password_hash FROM users WHERE username=$1",
source_go	Real Go source ownership and AST dependency graph	2026-10-03T16:05:09.7269836Z           "AUTH_INVALID_CREDENTIALS",
source_go	Real Go source ownership and AST dependency graph	2026-10-03T16:05:09.7270178Z           "Credentials are invalid.",
source_go	Real Go source ownership and AST dependency graph	2026-10-03T16:05:09.7270513Z           "AUTH_INVALID_CREDENTIALS",
source_go	Real Go source ownership and AST dependency graph	2026-10-03T16:05:09.7270850Z           "Credentials are invalid.",
source_go	Real Go source ownership and AST dependency graph	2026-10-03T16:05:09.7271307Z           "SELECT user_id FROM users WHERE user_id=$1 FOR UPDATE",
source_go	Real Go source ownership and AST dependency graph	2026-10-03T16:05:09.7272044Z           "SELECT session_id,session_epoch,status FROM sessions WHERE user_id=$1 AND client_type=$2",
source_go	Real Go source ownership and AST dependency graph	2026-10-03T16:05:09.7272519Z           "ACTIVE",
source_go	Real Go source ownership and AST dependency graph	2026-10-03T16:05:09.7274969Z           "INSERT INTO sessions(user_id,client_type,session_id,session_epoch,refresh_token_hash,status,device_id,expires_at) VALUES($1,$2,$3,$4,$5,'ACTIVE',$6,$7)\n\tON CONFLICT(user_id,client_type) DO UPDATE SET session_id=EXCLUDED.session_id,session_epoch=EXCLUDED.session_epoch,refresh_token_hash=EXCLUDED.refresh_token_hash,status='ACTIVE',device_id=EXCLUDED.device_id,expires_at=EXCLUDED.expires_at,updated_at=now()",
source_go	Real Go source ownership and AST dependency graph	2026-10-03T16:05:09.7276799Z           "REPLACED",
source_go	Real Go source ownership and AST dependency graph	2026-10-03T16:05:09.7277059Z           "sessionId",
source_go	Real Go source ownership and AST dependency graph	2026-10-03T16:05:09.7277307Z           "reason",
source_go	Real Go source ownership and AST dependency graph	2026-10-03T16:05:09.7278153Z           "INSERT INTO outbox_events(event_id,aggregate_type,aggregate_id,event_type,payload) VALUES($1,'session',$2,'session.revoked',$3)",
source_go	Real Go source ownership and AST dependency graph	2026-10-03T16:05:09.7279362Z           "INSERT INTO user_sync_events(user_id,event_type,payload) VALUES($1,'session.revoked',$2)",
source_go	Real Go source ownership and AST dependency graph	2026-10-03T16:05:09.7279856Z           "accessToken",
source_go	Real Go source ownership and AST dependency graph	2026-10-03T16:05:09.7280192Z           "accessTokenExpiresInSeconds",
source_go	Real Go source ownership and AST dependency graph	2026-10-03T16:05:09.7280493Z           "WEB",
source_go	Real Go source ownership and AST dependency graph	2026-10-03T16:05:09.7280761Z           "__Host-im_refresh",
source_go	Real Go source ownership and AST dependency graph	2026-10-03T16:05:09.7281018Z           "/",
source_go	Real Go source ownership and AST dependency graph	2026-10-03T16:05:09.7281302Z           "refreshTokenDelivery",
source_go	Real Go source ownership and AST dependency graph	2026-10-03T16:05:09.7281643Z           "HTTP_ONLY_SECURE_COOKIE",
source_go	Real Go source ownership and AST dependency graph	2026-10-03T16:05:09.7281952Z           "refreshToken",
source_go	Real Go source ownership and AST dependency graph	2026-10-03T16:05:09.7282289Z           "refreshTokenExpiresInSeconds",
source_go	Real Go source ownership and AST dependency graph	2026-10-03T16:05:09.7282645Z           "refreshTokenDelivery",
source_go	Real Go source ownership and AST dependency graph	2026-10-03T16:05:09.7283030Z           "RESPONSE_BODY_FOR_OS_SECURE_STORAGE",
source_go	Real Go source ownership and AST dependency graph	2026-10-03T16:05:09.7283347Z           "session",
source_go	Real Go source ownership and AST dependency graph	2026-10-03T16:05:09.7283632Z           "sessionId",
source_go	Real Go source ownership and AST dependency graph	2026-10-03T16:05:09.7283873Z           "userId",
source_go	Real Go source ownership and AST dependency graph	2026-10-03T16:05:09.7284121Z           "clientType",
source_go	Real Go source ownership and AST dependency graph	2026-10-03T16:05:09.7284393Z           "sessionEpoch",
source_go	Real Go source ownership and AST dependency graph	2026-10-03T16:05:09.7284654Z           "status",
source_go	Real Go source ownership and AST dependency graph	2026-10-03T16:05:09.7284890Z           "ACTIVE",
source_go	Real Go source ownership and AST dependency graph	2026-10-03T16:05:09.7285120Z           "tokens",
source_go	Real Go source ownership and AST dependency graph	2026-10-03T16:05:09.7285409Z           "replacedExistingSession",
source_go	Real Go source ownership and AST dependency graph	2026-10-03T16:05:09.7285690Z           "WEB",
source_go	Real Go source ownership and AST dependency graph	2026-10-03T16:05:09.7285901Z           "",
source_go	Real Go source ownership and AST dependency graph	2026-10-03T16:05:09.7286166Z           "VALIDATION_FAILED",
source_go	Real Go source ownership and AST dependency graph	2026-10-03T16:05:09.7286515Z           "WEB refresh fields are invalid.",
source_go	Real Go source ownership and AST dependency graph	2026-10-03T16:05:09.7286805Z           "1",
source_go	Real Go source ownership and AST dependency graph	2026-10-03T16:05:09.7287105Z           "PROTOCOL_VERSION_UNSUPPORTED",
source_go	Real Go source ownership and AST dependency graph	2026-10-03T16:05:09.7287504Z           "Protocol version is unsupported.",
source_go	Real Go source ownership and AST dependency graph	2026-10-03T16:05:09.7287845Z           "__Host-im_refresh",
source_go	Real Go source ownership and AST dependency graph	2026-10-03T16:05:09.7288102Z           "",
source_go	Real Go source ownership and AST dependency graph	2026-10-03T16:05:09.7288347Z           "AUTH_REQUIRED",
source_go	Real Go source ownership and AST dependency graph	2026-10-03T16:05:09.7288911Z           "WEB refresh cookie is required.",
source_go	Real Go source ownership and AST dependency graph	2026-10-03T16:05:09.7289194Z           "",
source_go	Real Go source ownership and AST dependency graph	2026-10-03T16:05:09.7289449Z           "VALIDATION_FAILED",
source_go	Real Go source ownership and AST dependency graph	2026-10-03T16:05:09.7289784Z           "refreshToken is required.",
source_go	Real Go source ownership and AST dependency graph	2026-10-03T16:05:09.7290071Z           "WEB",
source_go	Real Go source ownership and AST dependency graph	2026-10-03T16:05:09.7290336Z           "VALIDATION_FAILED",
source_go	Real Go source ownership and AST dependency graph	2026-10-03T16:05:09.7290692Z           "Native refresh fields are invalid.",
source_go	Real Go source ownership and AST dependency graph	2026-10-03T16:05:09.7290987Z           "1",
source_go	Real Go source ownership and AST dependency graph	2026-10-03T16:05:09.7291289Z           "PROTOCOL_VERSION_UNSUPPORTED",
source_go	Real Go source ownership and AST dependency graph	2026-10-03T16:05:09.7291691Z           "Protocol version is unsupported.",
source_go	Real Go source ownership and AST dependency graph	2026-10-03T16:05:09.7292760Z           "SELECT user_id,session_id,refresh_token_hash,status,session_epoch,expires_at,device_id,client_type FROM sessions WHERE refresh_token_hash=$1 FOR UPDATE",
source_go	Real Go source ownership and AST dependency graph	2026-10-03T16:05:09.7293490Z           "AUTH_REFRESH_REVOKED",
source_go	Real Go source ownership and AST dependency graph	2026-10-03T16:05:09.7293858Z           "Refresh token has been revoked.",
source_go	Real Go source ownership and AST dependency graph	2026-10-03T16:05:09.7294228Z           "AUTH_CLIENT_TYPE_MISMATCH",
source_go	Real Go source ownership and AST dependency graph	2026-10-03T16:05:09.7294759Z           "Refresh credential does not belong to the declared client type.",
source_go	Real Go source ownership and AST dependency graph	2026-10-03T16:05:09.7295154Z           "ACTIVE",
source_go	Real Go source ownership and AST dependency graph	2026-10-03T16:05:09.7295433Z           "AUTH_SESSION_REVOKED",
source_go	Real Go source ownership and AST dependency graph	2026-10-03T16:05:09.7295860Z           "Session has been revoked.",
source_go	Real Go source ownership and AST dependency graph	2026-10-03T16:05:09.7320594Z           "AUTH_CLIENT_TYPE_MISMATCH",
source_go	Real Go source ownership and AST dependency graph	2026-10-03T16:05:09.7321161Z           "Refresh token does not match the active client session.",
source_go	Real Go source ownership and AST dependency graph	2026-10-03T16:05:09.7322055Z           "UPDATE sessions SET refresh_token_hash=$1,expires_at=$2,updated_at=now() WHERE user_id=$3 AND client_type=$4",
source_go	Real Go source ownership and AST dependency graph	2026-10-03T16:05:09.7322620Z           "Authorization",
source_go	Real Go source ownership and AST dependency graph	2026-10-03T16:05:09.7323102Z           "Bearer ",
source_go	Real Go source ownership and AST dependency graph	2026-10-03T16:05:09.7323335Z           "",
source_go	Real Go source ownership and AST dependency graph	2026-10-03T16:05:09.7323590Z           "AUTH_REQUIRED",
source_go	Real Go source ownership and AST dependency graph	2026-10-03T16:05:09.7324205Z           "*** token is required.",
source_go	Real Go source ownership and AST dependency graph	2026-10-03T16:05:09.7324523Z           "Bearer ",
source_go	Real Go source ownership and AST dependency graph	2026-10-03T16:05:09.7325349Z           "SELECT session_id,status,session_epoch FROM sessions WHERE user_id=$1 AND client_type=$2 FOR UPDATE",
source_go	Real Go source ownership and AST dependency graph	2026-10-03T16:05:09.7325866Z           "ACTIVE",
source_go	Real Go source ownership and AST dependency graph	2026-10-03T16:05:09.7326154Z           "AUTH_SESSION_REVOKED",
source_go	Real Go source ownership and AST dependency graph	2026-10-03T16:05:09.7326500Z           "Session has been revoked.",
source_go	Real Go source ownership and AST dependency graph	2026-10-03T16:05:09.7327321Z           "UPDATE sessions SET status='REVOKED',refresh_token_hash=NULL,updated_at=now() WHERE user_id=$1 AND client_type=$2",
source_go	Real Go source ownership and AST dependency graph	2026-10-03T16:05:09.7327878Z           "LOGOUT",
source_go	Real Go source ownership and AST dependency graph	2026-10-03T16:05:09.7328316Z           "SELECT username,display_name FROM users WHERE user_id=$1",
source_go	Real Go source ownership and AST dependency graph	2026-10-03T16:05:09.7328965Z           "user",
source_go	Real Go source ownership and AST dependency graph	2026-10-03T16:05:09.7329211Z           "userId",
source_go	Real Go source ownership and AST dependency graph	2026-10-03T16:05:09.7329454Z           "username",
source_go	Real Go source ownership and AST dependency graph	2026-10-03T16:05:09.7329718Z           "displayName",
source_go	Real Go source ownership and AST dependency graph	2026-10-03T16:05:09.7329977Z           "username",
source_go	Real Go source ownership and AST dependency graph	2026-10-03T16:05:09.7330217Z           "username",
source_go	Real Go source ownership and AST dependency graph	2026-10-03T16:05:09.7330489Z           "VALIDATION_FAILED",
source_go	Real Go source ownership and AST dependency graph	2026-10-03T16:05:09.7330813Z           "username is invalid.",
source_go	Real Go source ownership and AST dependency graph	2026-10-03T16:05:09.7331345Z           "SELECT user_id,username,display_name FROM users WHERE username=$1",
source_go	Real Go source ownership and AST dependency graph	2026-10-03T16:05:09.7331773Z           "users",
source_go	Real Go source ownership and AST dependency graph	2026-10-03T16:05:09.7332009Z           "users",
source_go	Real Go source ownership and AST dependency graph	2026-10-03T16:05:09.7332230Z           "userId",
source_go	Real Go source ownership and AST dependency graph	2026-10-03T16:05:09.7332465Z           "username",
source_go	Real Go source ownership and AST dependency graph	2026-10-03T16:05:09.7332711Z           "displayName"
source_go	Real Go source ownership and AST dependency graph	2026-10-03T16:05:09.7332932Z         ]
source_go	Real Go source ownership and AST dependency graph	2026-10-03T16:05:09.7333123Z       },
source_go	Real Go source ownership and AST dependency graph	2026-10-03T16:05:09.7333313Z       {
source_go	Real Go source ownership and AST dependency graph	2026-10-03T16:05:09.7333575Z         "path": "core/http.go",
source_go	Real Go source ownership and AST dependency graph	2026-10-03T16:05:09.7333865Z         "package": "core",
source_go	Real Go source ownership and AST dependency graph	2026-10-03T16:05:09.7334122Z         "imports": [
source_go	Real Go source ownership and AST dependency graph	2026-10-03T16:05:09.7334455Z           "github.com/jackc/pgx/v5/pgxpool",
source_go	Real Go source ownership and AST dependency graph	2026-10-03T16:05:09.7334872Z           "im-platform/backend/go/shared",
source_go	Real Go source ownership and AST dependency graph	2026-10-03T16:05:09.7335182Z           "net/http",
source_go	Real Go source ownership and AST dependency graph	2026-10-03T16:05:09.7335417Z           "time"
source_go	Real Go source ownership and AST dependency graph	2026-10-03T16:05:09.7335614Z         ],
source_go	Real Go source ownership and AST dependency graph	2026-10-03T16:05:09.7335832Z         "functions": [
source_go	Real Go source ownership and AST dependency graph	2026-10-03T16:05:09.7336090Z           "NewHandler"
source_go	Real Go source ownership and AST dependency graph	2026-10-03T16:05:09.7336299Z         ],
source_go	Real Go source ownership and AST dependency graph	2026-10-03T16:05:09.7336521Z         "types": null,
source_go	Real Go source ownership and AST dependency graph	2026-10-03T16:05:09.7336754Z         "calls": [
source_go	Real Go source ownership and AST dependency graph	2026-10-03T16:05:09.7337016Z           "shared.InfraMux",
source_go	Real Go source ownership and AST dependency graph	2026-10-03T16:05:09.7337295Z           "m.Handle",
source_go	Real Go source ownership and AST dependency graph	2026-10-03T16:05:09.7337540Z           "s.handler",
source_go	Real Go source ownership and AST dependency graph	2026-10-03T16:05:09.7337799Z           "m.HandleFunc",
source_go	Real Go source ownership and AST dependency graph	2026-10-03T16:05:09.7338075Z           "m.HandleFunc"
source_go	Real Go source ownership and AST dependency graph	2026-10-03T16:05:09.7338303Z         ],
source_go	Real Go source ownership and AST dependency graph	2026-10-03T16:05:09.7338716Z         "strings": [
source_go	Real Go source ownership and AST dependency graph	2026-10-03T16:05:09.7339066Z           "github.com/jackc/pgx/v5/pgxpool",
source_go	Real Go source ownership and AST dependency graph	2026-10-03T16:05:09.7339452Z           "im-platform/backend/go/shared",
source_go	Real Go source ownership and AST dependency graph	2026-10-03T16:05:09.7339752Z           "net/http",
source_go	Real Go source ownership and AST dependency graph	2026-10-03T16:05:09.7339990Z           "time",
source_go	Real Go source ownership and AST dependency graph	2026-10-03T16:05:09.7340216Z           "core",
source_go	Real Go source ownership and AST dependency graph	2026-10-03T16:05:09.7340437Z           "/v1/",
source_go	Real Go source ownership and AST dependency graph	2026-10-03T16:05:09.7340709Z           "POST /__core/message",
source_go	Real Go source ownership and AST dependency graph	2026-10-03T16:05:09.7341022Z           "POST /__core/history"
source_go	Real Go source ownership and AST dependency graph	2026-10-03T16:05:09.7341266Z         ]
source_go	Real Go source ownership and AST dependency graph	2026-10-03T16:05:09.7341452Z       },
source_go	Real Go source ownership and AST dependency graph	2026-10-03T16:05:09.7341628Z       {
source_go	Real Go source ownership and AST dependency graph	2026-10-03T16:05:09.7341880Z         "path": "core/message.go",
source_go	Real Go source ownership and AST dependency graph	2026-10-03T16:05:09.7342178Z         "package": "core",
source_go	Real Go source ownership and AST dependency graph	2026-10-03T16:05:09.7342437Z         "imports": [
source_go	Real Go source ownership and AST dependency graph	2026-10-03T16:05:09.7342678Z           "context",
source_go	Real Go source ownership and AST dependency graph	2026-10-03T16:05:09.7342937Z           "encoding/json",
source_go	Real Go source ownership and AST dependency graph	2026-10-03T16:05:09.7343198Z           "errors",
source_go	Real Go source ownership and AST dependency graph	2026-10-03T16:05:09.7343439Z           "net/http",
source_go	Real Go source ownership and AST dependency graph	2026-10-03T16:05:09.7343684Z           "strings",
source_go	Real Go source ownership and AST dependency graph	2026-10-03T16:05:09.7343915Z           "time",
source_go	Real Go source ownership and AST dependency graph	2026-10-03T16:05:09.7344172Z           "unicode/utf8",
source_go	Real Go source ownership and AST dependency graph	2026-10-03T16:05:09.7344490Z           "github.com/jackc/pgx/v5"
source_go	Real Go source ownership and AST dependency graph	2026-10-03T16:05:09.7344750Z         ],
source_go	Real Go source ownership and AST dependency graph	2026-10-03T16:05:09.7344975Z         "functions": [
source_go	Real Go source ownership and AST dependency graph	2026-10-03T16:05:09.7345390Z           "messageFrame",
source_go	Real Go source ownership and AST dependency graph	2026-10-03T16:05:09.7345675Z           "rejectedMessage",
source_go	Real Go source ownership and AST dependency graph	2026-10-03T16:05:09.7345977Z           "committedMessage",
source_go	Real Go source ownership and AST dependency graph	2026-10-03T16:05:09.7346270Z           "createdMessage",
source_go	Real Go source ownership and AST dependency graph	2026-10-03T16:05:09.7346623Z           "valid",
source_go	Real Go source ownership and AST dependency graph	2026-10-03T16:05:09.7346869Z           "sendMessage",
source_go	Real Go source ownership and AST dependency graph	2026-10-03T16:05:09.7347151Z           "authorizeMessage",
source_go	Real Go source ownership and AST dependency graph	2026-10-03T16:05:09.7347440Z           "commitMessage"
source_go	Real Go source ownership and AST dependency graph	2026-10-03T16:05:09.7347657Z         ],
source_go	Real Go source ownership and AST dependency graph	2026-10-03T16:05:09.7347864Z         "types": [
source_go	Real Go source ownership and AST dependency graph	2026-10-03T16:05:09.7348116Z           "textContent",
source_go	Real Go source ownership and AST dependency graph	2026-10-03T16:05:09.7348369Z           "sendFrame",
source_go	Real Go source ownership and AST dependency graph	2026-10-03T16:05:09.7348865Z           "storedMessage"
source_go	Real Go source ownership and AST dependency graph	2026-10-03T16:05:09.7349103Z         ],
source_go	Real Go source ownership and AST dependency graph	2026-10-03T16:05:09.7349309Z         "calls": [
source_go	Real Go source ownership and AST dependency graph	2026-10-03T16:05:09.7349554Z           "messageFrame",
source_go	Real Go source ownership and AST dependency graph	2026-10-03T16:05:09.7349819Z           "messageFrame",
source_go	Real Go source ownership and AST dependency graph	2026-10-03T16:05:09.7350084Z           "messageFrame",
source_go	Real Go source ownership and AST dependency graph	2026-10-03T16:05:09.7350393Z           "utf8.RuneCountInString",
source_go	Real Go source ownership and AST dependency graph	2026-10-03T16:05:09.7350767Z           "socialUUIDPattern.MatchString",
source_go	Real Go source ownership and AST dependency graph	2026-10-03T16:05:09.7351164Z           "socialUUIDPattern.MatchString",
source_go	Real Go source ownership and AST dependency graph	2026-10-03T16:05:09.7351465Z           "decode",
source_go	Real Go source ownership and AST dependency graph	2026-10-03T16:05:09.7351695Z           "v.valid",
source_go	Real Go source ownership and AST dependency graph	2026-10-03T16:05:09.7351944Z           "writeJSON",
source_go	Real Go source ownership and AST dependency graph	2026-10-03T16:05:09.7352207Z           "rejectedMessage",
source_go	Real Go source ownership and AST dependency graph	2026-10-03T16:05:09.7352461Z           "bearer",
source_go	Real Go source ownership and AST dependency graph	2026-10-03T16:05:09.7352695Z           "writeJSON",
source_go	Real Go source ownership and AST dependency graph	2026-10-03T16:05:09.7352959Z           "rejectedMessage",
source_go	Real Go source ownership and AST dependency graph	2026-10-03T16:05:09.7353238Z           "s.codec.Parse",
source_go	Real Go source ownership and AST dependency graph	2026-10-03T16:05:09.7353496Z           "writeJSON",
source_go	Real Go source ownership and AST dependency graph	2026-10-03T16:05:09.7353756Z           "rejectedMessage",
source_go	Real Go source ownership and AST dependency graph	2026-10-03T16:05:09.7354053Z           "s.commitMessage",
source_go	Real Go source ownership and AST dependency graph	2026-10-03T16:05:09.7354315Z           "r.Context",
source_go	Real Go source ownership and AST dependency graph	2026-10-03T16:05:09.7354555Z           "errors.As",
source_go	Real Go source ownership and AST dependency graph	2026-10-03T16:05:09.7354789Z           "writeJSON",
source_go	Real Go source ownership and AST dependency graph	2026-10-03T16:05:09.7355048Z           "rejectedMessage",
source_go	Real Go source ownership and AST dependency graph	2026-10-03T16:05:09.7355304Z           "writeJSON",
source_go	Real Go source ownership and AST dependency graph	2026-10-03T16:05:09.7355578Z           "committedMessage",
source_go	Real Go source ownership and AST dependency graph	2026-10-03T16:05:09.7355829Z           ".Scan",
source_go	Real Go source ownership and AST dependency graph	2026-10-03T16:05:09.7356070Z           "tx.QueryRow",
source_go	Real Go source ownership and AST dependency graph	2026-10-03T16:05:09.7356326Z           "errors.Is",
source_go	Real Go source ownership and AST dependency graph	2026-10-03T16:05:09.7356553Z           "fail",
source_go	Real Go source ownership and AST dependency graph	2026-10-03T16:05:09.7356803Z           "expiry.After",
source_go	Real Go source ownership and AST dependency graph	2026-10-03T16:05:09.7357053Z           "s.now",
source_go	Real Go source ownership and AST dependency graph	2026-10-03T16:05:09.7357275Z           ".Unix",
source_go	Real Go source ownership and AST dependency graph	2026-10-03T16:05:09.7357501Z           "s.now",
source_go	Real Go source ownership and AST dependency graph	2026-10-03T16:05:09.7357717Z           "fail",
source_go	Real Go source ownership and AST dependency graph	2026-10-03T16:05:09.7357941Z           ".Scan",
source_go	Real Go source ownership and AST dependency graph	2026-10-03T16:05:09.7358182Z           "tx.QueryRow",
source_go	Real Go source ownership and AST dependency graph	2026-10-03T16:05:09.7358604Z           "errors.Is",
source_go	Real Go source ownership and AST dependency graph	2026-10-03T16:05:09.7358865Z           "fail",
source_go	Real Go source ownership and AST dependency graph	2026-10-03T16:05:09.7359108Z           "s.db.Begin",
source_go	Real Go source ownership and AST dependency graph	2026-10-03T16:05:09.7359370Z           "tx.Rollback",
source_go	Real Go source ownership and AST dependency graph	2026-10-03T16:05:09.7359654Z           "strings.ToLower",
source_go	Real Go source ownership and AST dependency graph	2026-10-03T16:05:09.7359946Z           "strings.ToLower",
source_go	Real Go source ownership and AST dependency graph	2026-10-03T16:05:09.7360252Z           "s.authorizeMessage",
source_go	Real Go source ownership and AST dependency graph	2026-10-03T16:05:09.7360517Z           ".Scan",
source_go	Real Go source ownership and AST dependency graph	2026-10-03T16:05:09.7360763Z           "tx.QueryRow",
source_go	Real Go source ownership and AST dependency graph	2026-10-03T16:05:09.7361006Z           ".Scan",
source_go	Real Go source ownership and AST dependency graph	2026-10-03T16:05:09.7361252Z           "tx.QueryRow",
source_go	Real Go source ownership and AST dependency graph	2026-10-03T16:05:09.7361487Z           "fail",
source_go	Real Go source ownership and AST dependency graph	2026-10-03T16:05:09.7361724Z           "tx.Commit",
source_go	Real Go source ownership and AST dependency graph	2026-10-03T16:05:09.7361975Z           "errors.Is",
source_go	Real Go source ownership and AST dependency graph	2026-10-03T16:05:09.7362215Z           "uuid",
source_go	Real Go source ownership and AST dependency graph	2026-10-03T16:05:09.7362441Z           "tx.Exec",
source_go	Real Go source ownership and AST dependency graph	2026-10-03T16:05:09.7362673Z           ".Scan",
source_go	Real Go source ownership and AST dependency graph	2026-10-03T16:05:09.7362914Z           "tx.QueryRow",
source_go	Real Go source ownership and AST dependency graph	2026-10-03T16:05:09.7363180Z           "json.Marshal",
source_go	Real Go source ownership and AST dependency graph	2026-10-03T16:05:09.7363459Z           "createdMessage",
source_go	Real Go source ownership and AST dependency graph	2026-10-03T16:05:09.7363707Z           "uuid",
source_go	Real Go source ownership and AST dependency graph	2026-10-03T16:05:09.7363932Z           "tx.Exec",
source_go	Real Go source ownership and AST dependency graph	2026-10-03T16:05:09.7364180Z           "tx.Commit"
source_go	Real Go source ownership and AST dependency graph	2026-10-03T16:05:09.7364389Z         ],
source_go	Real Go source ownership and AST dependency graph	2026-10-03T16:05:09.7364602Z         "strings": [
source_go	Real Go source ownership and AST dependency graph	2026-10-03T16:05:09.7364842Z           "context",
source_go	Real Go source ownership and AST dependency graph	2026-10-03T16:05:09.7365099Z           "encoding/json",
source_go	Real Go source ownership and AST dependency graph	2026-10-03T16:05:09.7365348Z           "errors",
source_go	Real Go source ownership and AST dependency graph	2026-10-03T16:05:09.7365708Z           "net/http",
source_go	Real Go source ownership and AST dependency graph	2026-10-03T16:05:09.7365944Z           "strings",
source_go	Real Go source ownership and AST dependency graph	2026-10-03T16:05:09.7366167Z           "time",
source_go	Real Go source ownership and AST dependency graph	2026-10-03T16:05:09.7366412Z           "unicode/utf8",
source_go	Real Go source ownership and AST dependency graph	2026-10-03T16:05:09.7366718Z           "github.com/jackc/pgx/v5",
source_go	Real Go source ownership and AST dependency graph	2026-10-03T16:05:09.7367128Z           "json:\"kind\"",
source_go	Real Go source ownership and AST dependency graph	2026-10-03T16:05:09.7367435Z           "json:\"text\"",
source_go	Real Go source ownership and AST dependency graph	2026-10-03T16:05:09.7367756Z           "json:\"protocolVersion\"",
source_go	Real Go source ownership and AST dependency graph	2026-10-03T16:05:09.7368069Z           "json:\"type\"",
source_go	Real Go source ownership and AST dependency graph	2026-10-03T16:05:09.7368355Z           "json:\"requestId\"",
source_go	Real Go source ownership and AST dependency graph	2026-10-03T16:05:09.7368922Z           "json:\"conversationId\"",
source_go	Real Go source ownership and AST dependency graph	2026-10-03T16:05:09.7369258Z           "json:\"content\"",
source_go	Real Go source ownership and AST dependency graph	2026-10-03T16:05:09.7369556Z           "json:\"payload\"",
source_go	Real Go source ownership and AST dependency graph	2026-10-03T16:05:09.7369881Z           "json:\"conversationId\"",
source_go	Real Go source ownership and AST dependency graph	2026-10-03T16:05:09.7370180Z           "json:\"seq\"",
source_go	Real Go source ownership and AST dependency graph	2026-10-03T16:05:09.7370465Z           "json:\"messageId\"",
source_go	Real Go source ownership and AST dependency graph	2026-10-03T16:05:09.7370763Z           "json:\"senderId\"",
source_go	Real Go source ownership and AST dependency graph	2026-10-03T16:05:09.7371060Z           "json:\"requestId\"",
source_go	Real Go source ownership and AST dependency graph	2026-10-03T16:05:09.7371366Z           "json:\"createdAt\"",
source_go	Real Go source ownership and AST dependency graph	2026-10-03T16:05:09.7371651Z           "json:\"content\"",
source_go	Real Go source ownership and AST dependency graph	2026-10-03T16:05:09.7371939Z           "protocolVersion",
source_go	Real Go source ownership and AST dependency graph	2026-10-03T16:05:09.7372195Z           "1.0",
source_go	Real Go source ownership and AST dependency graph	2026-10-03T16:05:09.7372427Z           "type",
source_go	Real Go source ownership and AST dependency graph	2026-10-03T16:05:09.7372669Z           "requestId",
source_go	Real Go source ownership and AST dependency graph	2026-10-03T16:05:09.7372915Z           "payload",
source_go	Real Go source ownership and AST dependency graph	2026-10-03T16:05:09.7373165Z           "message.ack",
source_go	Real Go source ownership and AST dependency graph	2026-10-03T16:05:09.7373412Z           "status",
source_go	Real Go source ownership and AST dependency graph	2026-10-03T16:05:09.7373649Z           "rejected",
source_go	Real Go source ownership and AST dependency graph	2026-10-03T16:05:09.7373891Z           "error",
source_go	Real Go source ownership and AST dependency graph	2026-10-03T16:05:09.7374124Z           "code",
source_go	Real Go source ownership and AST dependency graph	2026-10-03T16:05:09.7374354Z           "message",
source_go	Real Go source ownership and AST dependency graph	2026-10-03T16:05:09.7374621Z           "Request rejected",
source_go	Real Go source ownership and AST dependency graph	2026-10-03T16:05:09.7374900Z           "message.ack",
source_go	Real Go source ownership and AST dependency graph	2026-10-03T16:05:09.7375144Z           "status",
source_go	Real Go source ownership and AST dependency graph	2026-10-03T16:05:09.7375381Z           "committed",
source_go	Real Go source ownership and AST dependency graph	2026-10-03T16:05:09.7375650Z           "conversationId",
source_go	Real Go source ownership and AST dependency graph	2026-10-03T16:05:09.7375912Z           "messageId",
source_go	Real Go source ownership and AST dependency graph	2026-10-03T16:05:09.7376143Z           "seq",
source_go	Real Go source ownership and AST dependency graph	2026-10-03T16:05:09.7376381Z           "createdAt",
source_go	Real Go source ownership and AST dependency graph	2026-10-03T16:05:09.7376647Z           "message.created",
source_go	Real Go source ownership and AST dependency graph	2026-10-03T16:05:09.7376934Z           "conversationId",
source_go	Real Go source ownership and AST dependency graph	2026-10-03T16:05:09.7377198Z           "messageId",
source_go	Real Go source ownership and AST dependency graph	2026-10-03T16:05:09.7377442Z           "senderId",
source_go	Real Go source ownership and AST dependency graph	2026-10-03T16:05:09.7377665Z           "seq",
source_go	Real Go source ownership and AST dependency graph	2026-10-03T16:05:09.7377896Z           "createdAt",
source_go	Real Go source ownership and AST dependency graph	2026-10-03T16:05:09.7378132Z           "content",
source_go	Real Go source ownership and AST dependency graph	2026-10-03T16:05:09.7378353Z           "1.0",
source_go	Real Go source ownership and AST dependency graph	2026-10-03T16:05:09.7378894Z           "message.send",
source_go	Real Go source ownership and AST dependency graph	2026-10-03T16:05:09.7379160Z           "TEXT",
source_go	Real Go source ownership and AST dependency graph	2026-10-03T16:05:09.7379376Z           "",
source_go	Real Go source ownership and AST dependency graph	2026-10-03T16:05:09.7379640Z           "VALIDATION_FAILED",
source_go	Real Go source ownership and AST dependency graph	2026-10-03T16:05:09.7379930Z           "AUTH_REQUIRED",
source_go	Real Go source ownership and AST dependency graph	2026-10-03T16:05:09.7380234Z           "AUTH_SESSION_REVOKED",
source_go	Real Go source ownership and AST dependency graph	2026-10-03T16:05:09.7380562Z           "MESSAGE_COMMIT_FAILED",
source_go	Real Go source ownership and AST dependency graph	2026-10-03T16:05:09.7381367Z           "SELECT session_id,session_epoch,status,expires_at FROM sessions WHERE user_id=$1 AND client_type=$2 FOR SHARE",
source_go	Real Go source ownership and AST dependency graph	2026-10-03T16:05:09.7381971Z           "AUTH_SESSION_REVOKED",
source_go	Real Go source ownership and AST dependency graph	2026-10-03T16:05:09.7382277Z           "Request rejected",
source_go	Real Go source ownership and AST dependency graph	2026-10-03T16:05:09.7382547Z           "ACTIVE",
source_go	Real Go source ownership and AST dependency graph	2026-10-03T16:05:09.7382827Z           "AUTH_SESSION_REVOKED",
source_go	Real Go source ownership and AST dependency graph	2026-10-03T16:05:09.7383134Z           "Request rejected",
source_go	Real Go source ownership and AST dependency graph	2026-10-03T16:05:09.7383918Z           "SELECT user_id FROM conversation_members WHERE conversation_id=$1 AND user_id=$2 AND left_at IS NULL FOR SHARE",
source_go	Real Go source ownership and AST dependency graph	2026-10-03T16:05:09.7384517Z           "AUTHORIZATION_DENIED",
source_go	Real Go source ownership and AST dependency graph	2026-10-03T16:05:09.7384828Z           "Request rejected",
source_go	Real Go source ownership and AST dependency graph	2026-10-03T16:05:09.7385381Z           "SELECT next_seq FROM conversations WHERE conversation_id=$1 FOR UPDATE",
source_go	Real Go source ownership and AST dependency graph	2026-10-03T16:05:09.7385791Z           "TEXT",
source_go	Real Go source ownership and AST dependency graph	2026-10-03T16:05:09.7386568Z           "SELECT server_message_id,sender_id,seq,created_at,text_body FROM messages WHERE conversation_id=$1 AND request_id=$2",
source_go	Real Go source ownership and AST dependency graph	2026-10-03T16:05:09.7387191Z           "MESSAGE_REQUEST_CONFLICT",
source_go	Real Go source ownership and AST dependency graph	2026-10-03T16:05:09.7387518Z           "Request rejected",
source_go	Real Go source ownership and AST dependency graph	2026-10-03T16:05:09.7388216Z           "UPDATE conversations SET next_seq=next_seq+1 WHERE conversation_id=$1",
source_go	Real Go source ownership and AST dependency graph	2026-10-03T16:05:09.7389630Z           "INSERT INTO messages(server_message_id,conversation_id,sender_id,request_id,seq,kind,text_body) VALUES($1,$2,$3,$4,$5,'TEXT',$6) RETURNING created_at",
source_go	Real Go source ownership and AST dependency graph	2026-10-03T16:05:09.7391250Z           "INSERT INTO outbox_events(event_id,aggregate_type,aggregate_id,event_type,conversation_id,message_id,payload) VALUES($1,'message',$2,'message.created',$3,$2,$4)"
source_go	Real Go source ownership and AST dependency graph	2026-10-03T16:05:09.7391932Z         ]
source_go	Real Go source ownership and AST dependency graph	2026-10-03T16:05:09.7392119Z       },
source_go	Real Go source ownership and AST dependency graph	2026-10-03T16:05:09.7392299Z       {
source_go	Real Go source ownership and AST dependency graph	2026-10-03T16:05:09.7392573Z         "path": "core/message_test.go",
source_go	Real Go source ownership and AST dependency graph	2026-10-03T16:05:09.7392887Z         "package": "core",
source_go	Real Go source ownership and AST dependency graph	2026-10-03T16:05:09.7393145Z         "imports": [
source_go	Real Go source ownership and AST dependency graph	2026-10-03T16:05:09.7393381Z           "bytes",
source_go	Real Go source ownership and AST dependency graph	2026-10-03T16:05:09.7393615Z           "context",
source_go	Real Go source ownership and AST dependency graph	2026-10-03T16:05:09.7393883Z           "encoding/json",
source_go	Real Go source ownership and AST dependency graph	2026-10-03T16:05:09.7394127Z           "fmt",
source_go	Real Go source ownership and AST dependency graph	2026-10-03T16:05:09.7394454Z           "github.com/jackc/pgx/v5/pgxpool",
source_go	Real Go source ownership and AST dependency graph	2026-10-03T16:05:09.7394845Z           "im-platform/backend/go/shared",
source_go	Real Go source ownership and AST dependency graph	2026-10-03T16:05:09.7395183Z           "net/http/httptest",
source_go	Real Go source ownership and AST dependency graph	2026-10-03T16:05:09.7395437Z           "os",
source_go	Real Go source ownership and AST dependency graph	2026-10-03T16:05:09.7395664Z           "reflect",
source_go	Real Go source ownership and AST dependency graph	2026-10-03T16:05:09.7395895Z           "sync",
source_go	Real Go source ownership and AST dependency graph	2026-10-03T16:05:09.7396125Z           "testing",
source_go	Real Go source ownership and AST dependency graph	2026-10-03T16:05:09.7396346Z           "time"
source_go	Real Go source ownership and AST dependency graph	2026-10-03T16:05:09.7396543Z         ],
source_go	Real Go source ownership and AST dependency graph	2026-10-03T16:05:09.7396769Z         "functions": [
source_go	Real Go source ownership and AST dependency graph	2026-10-03T16:05:09.7397049Z           "newMessageFixture",
source_go	Real Go source ownership and AST dependency graph	2026-10-03T16:05:09.7397307Z           "send",
source_go	Real Go source ownership and AST dependency graph	2026-10-03T16:05:09.7397528Z           "count",
source_go	Real Go source ownership and AST dependency graph	2026-10-03T16:05:09.7397762Z           "adapter",
source_go	Real Go source ownership and AST dependency graph	2026-10-03T16:05:09.7398138Z           "TestMessageConcurrentIdentityAndSequence",
source_go	Real Go source ownership and AST dependency graph	2026-10-03T16:05:09.7398826Z           "TestMessageAuthorizationAndIndependentConversations",
source_go	Real Go source ownership and AST dependency graph	2026-10-03T16:05:09.7399342Z           "TestMessageRollbackAndACKAfterCommit",
source_go	Real Go source ownership and AST dependency graph	2026-10-03T16:05:09.7399813Z           "TestGroup500SingleLogicalMessageAndOutbox"
source_go	Real Go source ownership and AST dependency graph	2026-10-03T16:05:09.7400132Z         ],
source_go	Real Go source ownership and AST dependency graph	2026-10-03T16:05:09.7400340Z         "types": [
source_go	Real Go source ownership and AST dependency graph	2026-10-03T16:05:09.7400605Z           "messageFixture"
source_go	Real Go source ownership and AST dependency graph	2026-10-03T16:05:09.7400836Z         ],
source_go	Real Go source ownership and AST dependency graph	2026-10-03T16:05:09.7401040Z         "calls": [
source_go	Real Go source ownership and AST dependency graph	2026-10-03T16:05:09.7401283Z           "t.Helper",
source_go	Real Go source ownership and AST dependency graph	2026-10-03T16:05:09.7401535Z           "os.Getenv",
source_go	Real Go source ownership and AST dependency graph	2026-10-03T16:05:09.7401772Z           "t.Skip",
source_go	Real Go source ownership and AST dependency graph	2026-10-03T16:05:09.7402049Z           "context.Background",
source_go	Real Go source ownership and AST dependency graph	2026-10-03T16:05:09.7402343Z           "pgxpool.New",
source_go	Real Go source ownership and AST dependency graph	2026-10-03T16:05:09.7402598Z           "t.Fatal",
source_go	Real Go source ownership and AST dependency graph	2026-10-03T16:05:09.7402836Z           "db.Ping",
source_go	Real Go source ownership and AST dependency graph	2026-10-03T16:05:09.7403072Z           "t.Fatal",
source_go	Real Go source ownership and AST dependency graph	2026-10-03T16:05:09.7403290Z           "",
source_go	Real Go source ownership and AST dependency graph	2026-10-03T16:05:09.7403527Z           "t.Cleanup",
source_go	Real Go source ownership and AST dependency graph	2026-10-03T16:05:09.7403774Z           "db.Close",
source_go	Real Go source ownership and AST dependency graph	2026-10-03T16:05:09.7403998Z           "uuid",
source_go	Real Go source ownership and AST dependency graph	2026-10-03T16:05:09.7404225Z           "append",
source_go	Real Go source ownership and AST dependency graph	2026-10-03T16:05:09.7404455Z           "db.Exec",
source_go	Real Go source ownership and AST dependency graph	2026-10-03T16:05:09.7404684Z           "t.Fatal",
source_go	Real Go source ownership and AST dependency graph	2026-10-03T16:05:09.7404943Z           "f.s.newSession",
source_go	Real Go source ownership and AST dependency graph	2026-10-03T16:05:09.7405198Z           "t.Fatal",
source_go	Real Go source ownership and AST dependency graph	2026-10-03T16:05:09.7405426Z           "append",
source_go	Real Go source ownership and AST dependency graph	2026-10-03T16:05:09.7405649Z           ".Unix",
source_go	Real Go source ownership and AST dependency graph	2026-10-03T16:05:09.7405886Z           "time.Now",
source_go	Real Go source ownership and AST dependency graph	2026-10-03T16:05:09.7406118Z           ".Unix",
source_go	Real Go source ownership and AST dependency graph	2026-10-03T16:05:09.7406334Z           ".Add",
source_go	Real Go source ownership and AST dependency graph	2026-10-03T16:05:09.7406565Z           "time.Now",
source_go	Real Go source ownership and AST dependency graph	2026-10-03T16:05:09.7406789Z           "uuid",
source_go	Real Go source ownership and AST dependency graph	2026-10-03T16:05:09.7407006Z           "uuid",
source_go	Real Go source ownership and AST dependency graph	2026-10-03T16:05:09.7407229Z           "db.Exec",
source_go	Real Go source ownership and AST dependency graph	2026-10-03T16:05:09.7407462Z           "t.Fatal",
source_go	Real Go source ownership and AST dependency graph	2026-10-03T16:05:09.7407692Z           "db.Exec",
source_go	Real Go source ownership and AST dependency graph	2026-10-03T16:05:09.7407919Z           "t.Fatal",
source_go	Real Go source ownership and AST dependency graph	2026-10-03T16:05:09.7408155Z           "t.Cleanup",
source_go	Real Go source ownership and AST dependency graph	2026-10-03T16:05:09.7408391Z           "db.Exec",
source_go	Real Go source ownership and AST dependency graph	2026-10-03T16:05:09.7408738Z           "db.Exec",
source_go	Real Go source ownership and AST dependency graph	2026-10-03T16:05:09.7408969Z           "db.Exec",
source_go	Real Go source ownership and AST dependency graph	2026-10-03T16:05:09.7409194Z           "db.Exec",
source_go	Real Go source ownership and AST dependency graph	2026-10-03T16:05:09.7409424Z           "db.Exec",
source_go	Real Go source ownership and AST dependency graph	2026-10-03T16:05:09.7409770Z           "db.Exec",
source_go	Real Go source ownership and AST dependency graph	2026-10-03T16:05:09.7410003Z           "t.Helper",
source_go	Real Go source ownership and AST dependency graph	2026-10-03T16:05:09.7410235Z           ".Scan",
source_go	Real Go source ownership and AST dependency graph	2026-10-03T16:05:09.7410496Z           "f.db.QueryRow",
source_go	Real Go source ownership and AST dependency graph	2026-10-03T16:05:09.7410809Z           "context.Background",
source_go	Real Go source ownership and AST dependency graph	2026-10-03T16:05:09.7411187Z           "t.Fatal",
source_go	Real Go source ownership and AST dependency graph	2026-10-03T16:05:09.7411431Z           "t.Helper",
source_go	Real Go source ownership and AST dependency graph	2026-10-03T16:05:09.7411703Z           "json.Marshal",
source_go	Real Go source ownership and AST dependency graph	2026-10-03T16:05:09.7411988Z           "f.s.codec.Sign",
source_go	Real Go source ownership and AST dependency graph	2026-10-03T16:05:09.7412248Z           "t.Fatal",
source_go	Real Go source ownership and AST dependency graph	2026-10-03T16:05:09.7412534Z           "httptest.NewRequest",
source_go	Real Go source ownership and AST dependency graph	2026-10-03T16:05:09.7412845Z           "bytes.NewReader",
source_go	Real Go source ownership and AST dependency graph	2026-10-03T16:05:09.7413129Z           "r.Header.Set",
source_go	Real Go source ownership and AST dependency graph	2026-10-03T16:05:09.7413436Z           "httptest.NewRecorder",
source_go	Real Go source ownership and AST dependency graph	2026-10-03T16:05:09.7413745Z           "f.s.sendMessage",
source_go	Real Go source ownership and AST dependency graph	2026-10-03T16:05:09.7414033Z           "json.Unmarshal",
source_go	Real Go source ownership and AST dependency graph	2026-10-03T16:05:09.7414331Z           "w.Body.Bytes",
source_go	Real Go source ownership and AST dependency graph	2026-10-03T16:05:09.7414606Z           "t.Fatal",
source_go	Real Go source ownership and AST dependency graph	2026-10-03T16:05:09.7414885Z           "newMessageFixture",
source_go	Real Go source ownership and AST dependency graph	2026-10-03T16:05:09.7415151Z           "uuid",
source_go	Real Go source ownership and AST dependency graph	2026-10-03T16:05:09.7415381Z           "f.send",
source_go	Real Go source ownership and AST dependency graph	2026-10-03T16:05:09.7415605Z           "make",
source_go	Real Go source ownership and AST dependency graph	2026-10-03T16:05:09.7415823Z           "make",
source_go	Real Go source ownership and AST dependency graph	2026-10-03T16:05:09.7416047Z           "wg.Add",
source_go	Real Go source ownership and AST dependency graph	2026-10-03T16:05:09.7416264Z           "",
source_go	Real Go source ownership and AST dependency graph	2026-10-03T16:05:09.7416489Z           "wg.Done",
source_go	Real Go source ownership and AST dependency graph	2026-10-03T16:05:09.7416765Z           "f.s.commitMessage",
source_go	Real Go source ownership and AST dependency graph	2026-10-03T16:05:09.7417079Z           "context.Background",
source_go	Real Go source ownership and AST dependency graph	2026-10-03T16:05:09.7417352Z           "wg.Wait",
source_go	Real Go source ownership and AST dependency graph	2026-10-03T16:05:09.7417588Z           "close",
source_go	Real Go source ownership and AST dependency graph	2026-10-03T16:05:09.7417817Z           "close",
source_go	Real Go source ownership and AST dependency graph	2026-10-03T16:05:09.7418046Z           "t.Fatal",
source_go	Real Go source ownership and AST dependency graph	2026-10-03T16:05:09.7418318Z           "reflect.DeepEqual",
source_go	Real Go source ownership and AST dependency graph	2026-10-03T16:05:09.7418863Z           "t.Fatal",
source_go	Real Go source ownership and AST dependency graph	2026-10-03T16:05:09.7419115Z           "f.count",
source_go	Real Go source ownership and AST dependency graph	2026-10-03T16:05:09.7419349Z           "t.Fatal",
source_go	Real Go source ownership and AST dependency graph	2026-10-03T16:05:09.7419576Z           "uuid",
source_go	Real Go source ownership and AST dependency graph	2026-10-03T16:05:09.7419804Z           "wg.Add",
source_go	Real Go source ownership and AST dependency graph	2026-10-03T16:05:09.7420023Z           "",
source_go	Real Go source ownership and AST dependency graph	2026-10-03T16:05:09.7420253Z           "wg.Done",
source_go	Real Go source ownership and AST dependency graph	2026-10-03T16:05:09.7420537Z           "f.s.commitMessage",
source_go	Real Go source ownership and AST dependency graph	2026-10-03T16:05:09.7420859Z           "context.Background",
source_go	Real Go source ownership and AST dependency graph	2026-10-03T16:05:09.7421129Z           "f.send",
source_go	Real Go source ownership and AST dependency graph	2026-10-03T16:05:09.7421362Z           "t.Error",
source_go	Real Go source ownership and AST dependency graph	2026-10-03T16:05:09.7421601Z           "wg.Wait",
source_go	Real Go source ownership and AST dependency graph	2026-10-03T16:05:09.7421836Z           "f.count",
source_go	Real Go source ownership and AST dependency graph	2026-10-03T16:05:09.7422075Z           "f.count",
source_go	Real Go source ownership and AST dependency graph	2026-10-03T16:05:09.7422317Z           "f.count",
source_go	Real Go source ownership and AST dependency graph	2026-10-03T16:05:09.7422565Z           "t.Fatal",
source_go	Real Go source ownership and AST dependency graph	2026-10-03T16:05:09.7422814Z           "f.adapter",
source_go	Real Go source ownership and AST dependency graph	2026-10-03T16:05:09.7423058Z           "t.Fatal",
source_go	Real Go source ownership and AST dependency graph	2026-10-03T16:05:09.7423331Z           "newMessageFixture",
source_go	Real Go source ownership and AST dependency graph	2026-10-03T16:05:09.7423600Z           "uuid",
source_go	Real Go source ownership and AST dependency graph	2026-10-03T16:05:09.7423830Z           "f.send",
source_go	Real Go source ownership and AST dependency graph	2026-10-03T16:05:09.7424098Z           "f.s.commitMessage",
source_go	Real Go source ownership and AST dependency graph	2026-10-03T16:05:09.7424405Z           "context.Background",
source_go	Real Go source ownership and AST dependency graph	2026-10-03T16:05:09.7424674Z           "t.Fatal",
source_go	Real Go source ownership and AST dependency graph	2026-10-03T16:05:09.7424943Z           "newMessageFixture",
source_go	Real Go source ownership and AST dependency graph	2026-10-03T16:05:09.7425264Z           "other.s.commitMessage",
source_go	Real Go source ownership and AST dependency graph	2026-10-03T16:05:09.7425596Z           "context.Background",
source_go	Real Go source ownership and AST dependency graph	2026-10-03T16:05:09.7425883Z           "other.send",
source_go	Real Go source ownership and AST dependency graph	2026-10-03T16:05:09.7426127Z           "t.Fatal",
source_go	Real Go source ownership and AST dependency graph	2026-10-03T16:05:09.7426366Z           "f.db.Exec",
source_go	Real Go source ownership and AST dependency graph	2026-10-03T16:05:09.7426657Z           "context.Background",
source_go	Real Go source ownership and AST dependency graph	2026-10-03T16:05:09.7426925Z           "t.Fatal",
source_go	Real Go source ownership and AST dependency graph	2026-10-03T16:05:09.7427149Z           "uuid",
source_go	Real Go source ownership and AST dependency graph	2026-10-03T16:05:09.7427388Z           "f.adapter",
source_go	Real Go source ownership and AST dependency graph	2026-10-03T16:05:09.7427625Z           "f.send",
source_go	Real Go source ownership and AST dependency graph	2026-10-03T16:05:09.7427856Z           "t.Fatal",
source_go	Real Go source ownership and AST dependency graph	2026-10-03T16:05:09.7428088Z           "f.count",
source_go	Real Go source ownership and AST dependency graph	2026-10-03T16:05:09.7428323Z           "f.count",
source_go	Real Go source ownership and AST dependency graph	2026-10-03T16:05:09.7428808Z           "t.Fatal",
source_go	Real Go source ownership and AST dependency graph	2026-10-03T16:05:09.7429076Z           "f.db.Exec",
source_go	Real Go source ownership and AST dependency graph	2026-10-03T16:05:09.7429366Z           "context.Background",
source_go	Real Go source ownership and AST dependency graph	2026-10-03T16:05:09.7429641Z           "t.Fatal",
source_go	Real Go source ownership and AST dependency graph	2026-10-03T16:05:09.7429884Z           "f.adapter",
source_go	Real Go source ownership and AST dependency graph	2026-10-03T16:05:09.7430123Z           "f.send",
source_go	Real Go source ownership and AST dependency graph	2026-10-03T16:05:09.7430353Z           "t.Fatal",
source_go	Real Go source ownership and AST dependency graph	2026-10-03T16:05:09.7430778Z           "newMessageFixture",
source_go	Real Go source ownership and AST dependency graph	2026-10-03T16:05:09.7431089Z           "context.Background",
source_go	Real Go source ownership and AST dependency graph	2026-10-03T16:05:09.7431348Z           "uuid",
source_go	Real Go source ownership and AST dependency graph	2026-10-03T16:05:09.7431599Z           "fmt.Sprint",
source_go	Real Go source ownership and AST dependency graph	2026-10-03T16:05:09.7431859Z           ".UnixNano",
source_go	Real Go source ownership and AST dependency graph	2026-10-03T16:05:09.7432203Z           "time.Now",
source_go	Real Go source ownership and AST dependency graph	2026-10-03T16:05:09.7432449Z           "int64",
source_go	Real Go source ownership and AST dependency graph	2026-10-03T16:05:09.7432704Z           "fmt.Sprintf",
source_go	Real Go source ownership and AST dependency graph	2026-10-03T16:05:09.7432963Z           "f.db.Exec",
source_go	Real Go source ownership and AST dependency graph	2026-10-03T16:05:09.7433210Z           "t.Fatal",
source_go	Real Go source ownership and AST dependency graph	2026-10-03T16:05:09.7433451Z           "t.Cleanup",
source_go	Real Go source ownership and AST dependency graph	2026-10-03T16:05:09.7433697Z           "f.db.Exec",
source_go	Real Go source ownership and AST dependency graph	2026-10-03T16:05:09.7433954Z           "fmt.Sprintf",
source_go	Real Go source ownership and AST dependency graph	2026-10-03T16:05:09.7434225Z           "f.db.Acquire",
source_go	Real Go source ownership and AST dependency graph	2026-10-03T16:05:09.7434482Z           "t.Fatal",
source_go	Real Go source ownership and AST dependency graph	2026-10-03T16:05:09.7434743Z           "guard.Release",
source_go	Real Go source ownership and AST dependency graph	2026-10-03T16:05:09.7435014Z           "guard.Exec",
source_go	Real Go source ownership and AST dependency graph	2026-10-03T16:05:09.7435258Z           "t.Fatal",
source_go	Real Go source ownership and AST dependency graph	2026-10-03T16:05:09.7435505Z           "guard.Exec",
source_go	Real Go source ownership and AST dependency graph	2026-10-03T16:05:09.7435744Z           "make",
source_go	Real Go source ownership and AST dependency graph	2026-10-03T16:05:09.7435958Z           "",
source_go	Real Go source ownership and AST dependency graph	2026-10-03T16:05:09.7436188Z           "f.adapter",
source_go	Real Go source ownership and AST dependency graph	2026-10-03T16:05:09.7436425Z           "f.send",
source_go	Real Go source ownership and AST dependency graph	2026-10-03T16:05:09.7436648Z           ".Add",
source_go	Real Go source ownership and AST dependency graph	2026-10-03T16:05:09.7436877Z           "time.Now",
source_go	Real Go source ownership and AST dependency graph	2026-10-03T16:05:09.7437118Z           ".Before",
source_go	Real Go source ownership and AST dependency graph	2026-10-03T16:05:09.7437353Z           "time.Now",
source_go	Real Go source ownership and AST dependency graph	2026-10-03T16:05:09.7437587Z           ".Scan",
source_go	Real Go source ownership and AST dependency graph	2026-10-03T16:05:09.7437842Z           "f.db.QueryRow",
source_go	Real Go source ownership and AST dependency graph	2026-10-03T16:05:09.7438096Z           "t.Fatal",
source_go	Real Go source ownership and AST dependency graph	2026-10-03T16:05:09.7438346Z           "time.Sleep",
source_go	Real Go source ownership and AST dependency graph	2026-10-03T16:05:09.7438716Z           "t.Fatal",
source_go	Real Go source ownership and AST dependency graph	2026-10-03T16:05:09.7438948Z           "t.Fatal",
source_go	Real Go source ownership and AST dependency graph	2026-10-03T16:05:09.7439179Z           "f.count",
source_go	Real Go source ownership and AST dependency graph	2026-10-03T16:05:09.7439410Z           "f.count",
source_go	Real Go source ownership and AST dependency graph	2026-10-03T16:05:09.7439638Z           "t.Fatal",
source_go	Real Go source ownership and AST dependency graph	2026-10-03T16:05:09.7439879Z           "guard.Exec",
source_go	Real Go source ownership and AST dependency graph	2026-10-03T16:05:09.7440118Z           "t.Fatal",
source_go	Real Go source ownership and AST dependency graph	2026-10-03T16:05:09.7440362Z           "time.After",
source_go	Real Go source ownership and AST dependency graph	2026-10-03T16:05:09.7440606Z           "t.Fatal",
source_go	Real Go source ownership and AST dependency graph	2026-10-03T16:05:09.7440843Z           "f.count",
source_go	Real Go source ownership and AST dependency graph	2026-10-03T16:05:09.7441084Z           "f.count",
source_go	Real Go source ownership and AST dependency graph	2026-10-03T16:05:09.7441313Z           "t.Fatal",
source_go	Real Go source ownership and AST dependency graph	2026-10-03T16:05:09.7441551Z           "f.db.Exec",
source_go	Real Go source ownership and AST dependency graph	2026-10-03T16:05:09.7441807Z           "fmt.Sprintf",
source_go	Real Go source ownership and AST dependency graph	2026-10-03T16:05:09.7442059Z           "t.Fatal",
source_go	Real Go source ownership and AST dependency graph	2026-10-03T16:05:09.7442284Z           "uuid",
source_go	Real Go source ownership and AST dependency graph	2026-10-03T16:05:09.7442518Z           "f.adapter",
source_go	Real Go source ownership and AST dependency graph	2026-10-03T16:05:09.7442755Z           "f.send",
source_go	Real Go source ownership and AST dependency graph	2026-10-03T16:05:09.7442986Z           "t.Fatal",
source_go	Real Go source ownership and AST dependency graph	2026-10-03T16:05:09.7443220Z           "f.count",
source_go	Real Go source ownership and AST dependency graph	2026-10-03T16:05:09.7443454Z           "f.count",
source_go	Real Go source ownership and AST dependency graph	2026-10-03T16:05:09.7443689Z           "f.count",
source_go	Real Go source ownership and AST dependency graph	2026-10-03T16:05:09.7443930Z           "t.Fatal",
source_go	Real Go source ownership and AST dependency graph	2026-10-03T16:05:09.7444205Z           "newMessageFixture",
source_go	Real Go source ownership and AST dependency graph	2026-10-03T16:05:09.7444469Z           "uuid",
source_go	Real Go source ownership and AST dependency graph	2026-10-03T16:05:09.7444736Z           "f.s.commitMessage",
source_go	Real Go source ownership and AST dependency graph	2026-10-03T16:05:09.7445042Z           "context.Background",
source_go	Real Go source ownership and AST dependency graph	2026-10-03T16:05:09.7445309Z           "f.send",
source_go	Real Go source ownership and AST dependency graph	2026-10-03T16:05:09.7445539Z           "t.Fatal",
source_go	Real Go source ownership and AST dependency graph	2026-10-03T16:05:09.7445774Z           "f.count",
source_go	Real Go source ownership and AST dependency graph	2026-10-03T16:05:09.7446002Z           "f.count",
source_go	Real Go source ownership and AST dependency graph	2026-10-03T16:05:09.7446228Z           "t.Fatal"
source_go	Real Go source ownership and AST dependency graph	2026-10-03T16:05:09.7446432Z         ],
source_go	Real Go source ownership and AST dependency graph	2026-10-03T16:05:09.7446654Z         "strings": [
source_go	Real Go source ownership and AST dependency graph	2026-10-03T16:05:09.7446885Z           "bytes",
source_go	Real Go source ownership and AST dependency graph	2026-10-03T16:05:09.7447115Z           "context",
source_go	Real Go source ownership and AST dependency graph	2026-10-03T16:05:09.7447370Z           "encoding/json",
source_go	Real Go source ownership and AST dependency graph	2026-10-03T16:05:09.7447615Z           "fmt",
source_go	Real Go source ownership and AST dependency graph	2026-10-03T16:05:09.7447940Z           "github.com/jackc/pgx/v5/pgxpool",
source_go	Real Go source ownership and AST dependency graph	2026-10-03T16:05:09.7448337Z           "im-platform/backend/go/shared",
source_go	Real Go source ownership and AST dependency graph	2026-10-03T16:05:09.7448826Z           "net/http/httptest",
source_go	Real Go source ownership and AST dependency graph	2026-10-03T16:05:09.7449085Z           "os",
source_go	Real Go source ownership and AST dependency graph	2026-10-03T16:05:09.7449313Z           "reflect",
source_go	Real Go source ownership and AST dependency graph	2026-10-03T16:05:09.7449539Z           "sync",
source_go	Real Go source ownership and AST dependency graph	2026-10-03T16:05:09.7449771Z           "testing",
source_go	Real Go source ownership and AST dependency graph	2026-10-03T16:05:09.7449994Z           "time",
source_go	Real Go source ownership and AST dependency graph	2026-10-03T16:05:09.7450250Z           "DB_TEST_ENABLE",
source_go	Real Go source ownership and AST dependency graph	2026-10-03T16:05:09.7450502Z           "1",
source_go	Real Go source ownership and AST dependency graph	2026-10-03T16:05:09.7450936Z           "set DB_TEST_ENABLE=1 with migrated disposable PostgreSQL",
source_go	Real Go source ownership and AST dependency graph	2026-10-03T16:05:09.7451462Z           "",
source_go	Real Go source ownership and AST dependency graph	2026-10-03T16:05:09.7451821Z           "test-only-signing-key-at-least-32-bytes",
source_go	Real Go source ownership and AST dependency graph	2026-10-03T16:05:09.7452742Z           "INSERT INTO users(user_id,username,display_name,password_hash) VALUES($1::uuid,$1::text,'Message test','test-only')",
source_go	Real Go source ownership and AST dependency graph	2026-10-03T16:05:09.7453407Z           "WEB",
source_go	Real Go source ownership and AST dependency graph	2026-10-03T16:05:09.7453649Z           "msg-test",
source_go	Real Go source ownership and AST dependency graph	2026-10-03T16:05:09.7453888Z           "WEB",
source_go	Real Go source ownership and AST dependency graph	2026-10-03T16:05:09.7454628Z           "INSERT INTO conversations(conversation_id,kind,created_by,group_create_request_id) VALUES($1,'GROUP',$2,$3)",
source_go	Real Go source ownership and AST dependency graph	2026-10-03T16:05:09.7455544Z           "INSERT INTO conversation_members(conversation_id,user_id,role) VALUES($1,$2,'MEMBER')",
source_go	Real Go source ownership and AST dependency graph	2026-10-03T16:05:09.7456187Z           "DELETE FROM outbox_events WHERE conversation_id=$1",
source_go	Real Go source ownership and AST dependency graph	2026-10-03T16:05:09.7456682Z           "DELETE FROM messages WHERE conversation_id=$1",
source_go	Real Go source ownership and AST dependency graph	2026-10-03T16:05:09.7457231Z           "DELETE FROM conversation_members WHERE conversation_id=$1",
source_go	Real Go source ownership and AST dependency graph	2026-10-03T16:05:09.7457790Z           "DELETE FROM conversations WHERE conversation_id=$1",
source_go	Real Go source ownership and AST dependency graph	2026-10-03T16:05:09.7458247Z           "DELETE FROM sessions WHERE user_id=$1",
source_go	Real Go source ownership and AST dependency graph	2026-10-03T16:05:09.7458908Z           "DELETE FROM users WHERE user_id=$1",
source_go	Real Go source ownership and AST dependency graph	2026-10-03T16:05:09.7459223Z           "1.0",
source_go	Real Go source ownership and AST dependency graph	2026-10-03T16:05:09.7459477Z           "message.send",
source_go	Real Go source ownership and AST dependency graph	2026-10-03T16:05:09.7459736Z           "TEXT",
source_go	Real Go source ownership and AST dependency graph	2026-10-03T16:05:09.7459963Z           "POST",
source_go	Real Go source ownership and AST dependency graph	2026-10-03T16:05:09.7460225Z           "/__core/message",
source_go	Real Go source ownership and AST dependency graph	2026-10-03T16:05:09.7460514Z           "Authorization",
source_go	Real Go source ownership and AST dependency graph	2026-10-03T16:05:09.7460775Z           "Bearer ",
source_go	Real Go source ownership and AST dependency graph	2026-10-03T16:05:09.7461037Z           "invalid ack",
source_go	Real Go source ownership and AST dependency graph	2026-10-03T16:05:09.7461285Z           "hello",
source_go	Real Go source ownership and AST dependency graph	2026-10-03T16:05:09.7461498Z           "",
source_go	Real Go source ownership and AST dependency graph	2026-10-03T16:05:09.7461793Z           "retry identity changed",
source_go	Real Go source ownership and AST dependency graph	2026-10-03T16:05:09.7462300Z           "SELECT count(*) FROM messages WHERE conversation_id=$1",
source_go	Real Go source ownership and AST dependency graph	2026-10-03T16:05:09.7463077Z           "SELECT count(*) FROM outbox_events WHERE conversation_id=$1 AND event_type='message.created'",
source_go	Real Go source ownership and AST dependency graph	2026-10-03T16:05:09.7463637Z           "duplicate logical record",
source_go	Real Go source ownership and AST dependency graph	2026-10-03T16:05:09.7463920Z           "next",
source_go	Real Go source ownership and AST dependency graph	2026-10-03T16:05:09.7464340Z           "SELECT count(*) FROM messages WHERE conversation_id=$1",
source_go	Real Go source ownership and AST dependency graph	2026-10-03T16:05:09.7464921Z           "SELECT max(seq)::int FROM messages WHERE conversation_id=$1",
source_go	Real Go source ownership and AST dependency graph	2026-10-03T16:05:09.7465551Z           "SELECT next_seq::int FROM conversations WHERE conversation_id=$1",
source_go	Real Go source ownership and AST dependency graph	2026-10-03T16:05:09.7465976Z           "sequence gap",
source_go	Real Go source ownership and AST dependency graph	2026-10-03T16:05:09.7466246Z           "different",
source_go	Real Go source ownership and AST dependency graph	2026-10-03T16:05:09.7466499Z           "payload",
source_go	Real Go source ownership and AST dependency graph	2026-10-03T16:05:09.7466738Z           "error",
source_go	Real Go source ownership and AST dependency graph	2026-10-03T16:05:09.7466966Z           "code",
source_go	Real Go source ownership and AST dependency graph	2026-10-03T16:05:09.7467296Z           "MESSAGE_REQUEST_CONFLICT",
source_go	Real Go source ownership and AST dependency graph	2026-10-03T16:05:09.7467713Z           "content/sender identity conflict accepted",
source_go	Real Go source ownership and AST dependency graph	2026-10-03T16:05:09.7468037Z           "hello",
source_go	Real Go source ownership and AST dependency graph	2026-10-03T16:05:09.7468262Z           "hello",
source_go	Real Go source ownership and AST dependency graph	2026-10-03T16:05:09.7468816Z           "Conversation independence failed",
source_go	Real Go source ownership and AST dependency graph	2026-10-03T16:05:09.7469517Z           "UPDATE conversation_members SET left_at=now() WHERE conversation_id=$1 AND user_id=$2",
source_go	Real Go source ownership and AST dependency graph	2026-10-03T16:05:09.7469991Z           "denied",
source_go	Real Go source ownership and AST dependency graph	2026-10-03T16:05:09.7470231Z           "payload",
source_go	Real Go source ownership and AST dependency graph	2026-10-03T16:05:09.7470468Z           "error",
source_go	Real Go source ownership and AST dependency graph	2026-10-03T16:05:09.7470701Z           "code",
source_go	Real Go source ownership and AST dependency graph	2026-10-03T16:05:09.7470980Z           "AUTHORIZATION_DENIED",
source_go	Real Go source ownership and AST dependency graph	2026-10-03T16:05:09.7471303Z           "nonmember accepted",
source_go	Real Go source ownership and AST dependency graph	2026-10-03T16:05:09.7471770Z           "SELECT count(*) FROM messages WHERE conversation_id=$1",
source_go	Real Go source ownership and AST dependency graph	2026-10-03T16:05:09.7472385Z           "SELECT next_seq::int FROM conversations WHERE conversation_id=$1",
source_go	Real Go source ownership and AST dependency graph	2026-10-03T16:05:09.7472820Z           "denial persisted",
source_go	Real Go source ownership and AST dependency graph	2026-10-03T16:05:09.7473414Z           "UPDATE sessions SET status='REVOKED',refresh_token_hash=NULL WHERE user_id=$1",
source_go	Real Go source ownership and AST dependency graph	2026-10-03T16:05:09.7473861Z           "revoked",
source_go	Real Go source ownership and AST dependency graph	2026-10-03T16:05:09.7474101Z           "payload",
source_go	Real Go source ownership and AST dependency graph	2026-10-03T16:05:09.7474342Z           "error",
source_go	Real Go source ownership and AST dependency graph	2026-10-03T16:05:09.7474571Z           "code",
source_go	Real Go source ownership and AST dependency graph	2026-10-03T16:05:09.7474984Z           "AUTH_SESSION_REVOKED",
source_go	Real Go source ownership and AST dependency graph	2026-10-03T16:05:09.7475326Z           "revoked Session accepted",
source_go	Real Go source ownership and AST dependency graph	2026-10-03T16:05:09.7475624Z           "msgprobe",
source_go	Real Go source ownership and AST dependency graph	2026-10-03T16:05:09.7477422Z           "CREATE FUNCTION %s() RETURNS trigger LANGUAGE plpgsql AS $$ BEGIN IF NEW.conversation_id='%s'::uuid THEN PERFORM pg_advisory_xact_lock(%d); END IF; RETURN NEW; END $$; CREATE CONSTRAINT TRIGGER %s AFTER INSERT ON outbox_events DEFERRABLE INITIALLY DEFERRED FOR EACH ROW EXECUTE FUNCTION %s()",
source_go	Real Go source ownership and AST dependency graph	2026-10-03T16:05:09.7479070Z           "DROP TRIGGER IF EXISTS %s ON outbox_events; DROP FUNCTION IF EXISTS %s()",
source_go	Real Go source ownership and AST dependency graph	2026-10-03T16:05:09.7479565Z           "SELECT pg_advisory_lock($1)",
source_go	Real Go source ownership and AST dependency graph	2026-10-03T16:05:09.7479946Z           "SELECT pg_advisory_unlock($1)",
source_go	Real Go source ownership and AST dependency graph	2026-10-03T16:05:09.7480244Z           "hello",
source_go	Real Go source ownership and AST dependency graph	2026-10-03T16:05:09.7480901Z           "SELECT count(*) FROM pg_stat_activity WHERE datname=current_database() AND wait_event='advisory'",
source_go	Real Go source ownership and AST dependency graph	2026-10-03T16:05:09.7481500Z           "COMMIT did not reach deferred probe",
source_go	Real Go source ownership and AST dependency graph	2026-10-03T16:05:09.7481887Z           "ACK before durable commit",
source_go	Real Go source ownership and AST dependency graph	2026-10-03T16:05:09.7482366Z           "SELECT count(*) FROM messages WHERE conversation_id=$1",
source_go	Real Go source ownership and AST dependency graph	2026-10-03T16:05:09.7482953Z           "SELECT count(*) FROM outbox_events WHERE conversation_id=$1",
source_go	Real Go source ownership and AST dependency graph	2026-10-03T16:05:09.7483397Z           "uncommitted data visible",
source_go	Real Go source ownership and AST dependency graph	2026-10-03T16:05:09.7483766Z           "SELECT pg_advisory_unlock($1)",
source_go	Real Go source ownership and AST dependency graph	2026-10-03T16:05:09.7484072Z           "payload",
source_go	Real Go source ownership and AST dependency graph	2026-10-03T16:05:09.7484313Z           "status",
source_go	Real Go source ownership and AST dependency graph	2026-10-03T16:05:09.7484568Z           "committed",
source_go	Real Go source ownership and AST dependency graph	2026-10-03T16:05:09.7484847Z           "commit rejected",
source_go	Real Go source ownership and AST dependency graph	2026-10-03T16:05:09.7485134Z           "commit stuck",
source_go	Real Go source ownership and AST dependency graph	2026-10-03T16:05:09.7485573Z           "SELECT count(*) FROM messages WHERE conversation_id=$1",
source_go	Real Go source ownership and AST dependency graph	2026-10-03T16:05:09.7486144Z           "SELECT count(*) FROM outbox_events WHERE conversation_id=$1",
source_go	Real Go source ownership and AST dependency graph	2026-10-03T16:05:09.7486565Z           "ACK without records",
source_go	Real Go source ownership and AST dependency graph	2026-10-03T16:05:09.7487742Z           "CREATE OR REPLACE FUNCTION %s() RETURNS trigger LANGUAGE plpgsql AS $$ BEGIN IF NEW.conversation_id='%s'::uuid THEN RAISE EXCEPTION 'injected rollback'; END IF; RETURN NEW; END $$",
source_go	Real Go source ownership and AST dependency graph	2026-10-03T16:05:09.7488652Z           "rollback",
source_go	Real Go source ownership and AST dependency graph	2026-10-03T16:05:09.7488898Z           "payload",
source_go	Real Go source ownership and AST dependency graph	2026-10-03T16:05:09.7489132Z           "status",
source_go	Real Go source ownership and AST dependency graph	2026-10-03T16:05:09.7489364Z           "rejected",
source_go	Real Go source ownership and AST dependency graph	2026-10-03T16:05:09.7489672Z           "rollback yielded success ACK",
source_go	Real Go source ownership and AST dependency graph	2026-10-03T16:05:09.7490155Z           "SELECT count(*) FROM messages WHERE conversation_id=$1",
source_go	Real Go source ownership and AST dependency graph	2026-10-03T16:05:09.7490735Z           "SELECT count(*) FROM outbox_events WHERE conversation_id=$1",
source_go	Real Go source ownership and AST dependency graph	2026-10-03T16:05:09.7491355Z           "SELECT next_seq::int FROM conversations WHERE conversation_id=$1",
source_go	Real Go source ownership and AST dependency graph	2026-10-03T16:05:09.7491552Z           "rollback left effects or gap",
source_go	Real Go source ownership and AST dependency graph	2026-10-03T16:05:09.7491667Z           "group",
source_go	Real Go source ownership and AST dependency graph	2026-10-03T16:05:09.7491970Z           "SELECT count(*) FROM messages WHERE conversation_id=$1",
source_go	Real Go source ownership and AST dependency graph	2026-10-03T16:05:09.7492306Z           "SELECT count(*) FROM outbox_events WHERE conversation_id=$1",
source_go	Real Go source ownership and AST dependency graph	2026-10-03T16:05:09.7492500Z           "GROUP persisted per member"
source_go	Real Go source ownership and AST dependency graph	2026-10-03T16:05:09.7492593Z         ]
source_go	Real Go source ownership and AST dependency graph	2026-10-03T16:05:09.7492685Z       },
source_go	Real Go source ownership and AST dependency graph	2026-10-03T16:05:09.7492771Z       {
source_go	Real Go source ownership and AST dependency graph	2026-10-03T16:05:09.7492943Z         "path": "core/outbox.go",
source_go	Real Go source ownership and AST dependency graph	2026-10-03T16:05:09.7493085Z         "package": "core",
source_go	Real Go source ownership and AST dependency graph	2026-10-03T16:05:09.7493210Z         "imports": [
source_go	Real Go source ownership and AST dependency graph	2026-10-03T16:05:09.7493331Z           "context",
source_go	Real Go source ownership and AST dependency graph	2026-10-03T16:05:09.7493447Z           "time",
source_go	Real Go source ownership and AST dependency graph	2026-10-03T16:05:09.7493665Z           "github.com/jackc/pgx/v5/pgxpool",
source_go	Real Go source ownership and AST dependency graph	2026-10-03T16:05:09.7493863Z           "github.com/nats-io/nats.go"
source_go	Real Go source ownership and AST dependency graph	2026-10-03T16:05:09.7493961Z         ],
source_go	Real Go source ownership and AST dependency graph	2026-10-03T16:05:09.7494085Z         "functions": [
source_go	Real Go source ownership and AST dependency graph	2026-10-03T16:05:09.7494282Z           "RelaySessionRevocations",
source_go	Real Go source ownership and AST dependency graph	2026-10-03T16:05:09.7494439Z           "relaySessionBatch"
source_go	Real Go source ownership and AST dependency graph	2026-10-03T16:05:09.7494538Z         ],
source_go	Real Go source ownership and AST dependency graph	2026-10-03T16:05:09.7494653Z         "types": [
source_go	Real Go source ownership and AST dependency graph	2026-10-03T16:05:09.7494762Z           "event"
source_go	Real Go source ownership and AST dependency graph	2026-10-03T16:05:09.7494856Z         ],
source_go	Real Go source ownership and AST dependency graph	2026-10-03T16:05:09.7495083Z         "calls": [
source_go	Real Go source ownership and AST dependency graph	2026-10-03T16:05:09.7495236Z           "time.NewTicker",
source_go	Real Go source ownership and AST dependency graph	2026-10-03T16:05:09.7495374Z           "ticker.Stop",
source_go	Real Go source ownership and AST dependency graph	2026-10-03T16:05:09.7495503Z           "ctx.Done",
source_go	Real Go source ownership and AST dependency graph	2026-10-03T16:05:09.7495661Z           "relaySessionBatch",
source_go	Real Go source ownership and AST dependency graph	2026-10-03T16:05:09.7495933Z           "context.WithTimeout",
source_go	Real Go source ownership and AST dependency graph	2026-10-03T16:05:09.7496052Z           "cancel",
source_go	Real Go source ownership and AST dependency graph	2026-10-03T16:05:09.7496172Z           "db.Begin",
source_go	Real Go source ownership and AST dependency graph	2026-10-03T16:05:09.7496313Z           "tx.Rollback",
source_go	Real Go source ownership and AST dependency graph	2026-10-03T16:05:09.7496433Z           "tx.Query",
source_go	Real Go source ownership and AST dependency graph	2026-10-03T16:05:09.7496565Z           "rows.Next",
source_go	Real Go source ownership and AST dependency graph	2026-10-03T16:05:09.7496691Z           "rows.Scan",
source_go	Real Go source ownership and AST dependency graph	2026-10-03T16:05:09.7496826Z           "rows.Close",
source_go	Real Go source ownership and AST dependency graph	2026-10-03T16:05:09.7496943Z           "append",
source_go	Real Go source ownership and AST dependency graph	2026-10-03T16:05:09.7497069Z           "rows.Err",
source_go	Real Go source ownership and AST dependency graph	2026-10-03T16:05:09.7497202Z           "rows.Close",
source_go	Real Go source ownership and AST dependency graph	2026-10-03T16:05:09.7497330Z           "nc.Publish",
source_go	Real Go source ownership and AST dependency graph	2026-10-03T16:05:09.7497453Z           "tx.Query",
source_go	Real Go source ownership and AST dependency graph	2026-10-03T16:05:09.7497592Z           "members.Next",
source_go	Real Go source ownership and AST dependency graph	2026-10-03T16:05:09.7497733Z           "members.Scan",
source_go	Real Go source ownership and AST dependency graph	2026-10-03T16:05:09.7497879Z           "members.Close",
source_go	Real Go source ownership and AST dependency graph	2026-10-03T16:05:09.7498003Z           "append",
source_go	Real Go source ownership and AST dependency graph	2026-10-03T16:05:09.7498141Z           "members.Err",
source_go	Real Go source ownership and AST dependency graph	2026-10-03T16:05:09.7498280Z           "members.Close",
source_go	Real Go source ownership and AST dependency graph	2026-10-03T16:05:09.7498418Z           "nc.Publish",
source_go	Real Go source ownership and AST dependency graph	2026-10-03T16:05:09.7498640Z           "len",
source_go	Real Go source ownership and AST dependency graph	2026-10-03T16:05:09.7498796Z           "nc.FlushTimeout",
source_go	Real Go source ownership and AST dependency graph	2026-10-03T16:05:09.7498915Z           "tx.Exec",
source_go	Real Go source ownership and AST dependency graph	2026-10-03T16:05:09.7499042Z           "tx.Commit"
source_go	Real Go source ownership and AST dependency graph	2026-10-03T16:05:09.7499132Z         ],
source_go	Real Go source ownership and AST dependency graph	2026-10-03T16:05:09.7499251Z         "strings": [
source_go	Real Go source ownership and AST dependency graph	2026-10-03T16:05:09.7499375Z           "context",
source_go	Real Go source ownership and AST dependency graph	2026-10-03T16:05:09.7499484Z           "time",
source_go	Real Go source ownership and AST dependency graph	2026-10-03T16:05:09.7499700Z           "github.com/jackc/pgx/v5/pgxpool",
source_go	Real Go source ownership and AST dependency graph	2026-10-03T16:05:09.7499895Z           "github.com/nats-io/nats.go",
source_go	Real Go source ownership and AST dependency graph	2026-10-03T16:05:09.7501132Z           "SELECT event_id,event_type,payload,conversation_id FROM outbox_events WHERE event_type IN ('session.revoked','message.created') AND published_at IS NULL ORDER BY created_at,event_id LIMIT 32 FOR UPDATE SKIP LOCKED",
source_go	Real Go source ownership and AST dependency graph	2026-10-03T16:05:09.7501289Z           "session.revoked",
source_go	Real Go source ownership and AST dependency graph	2026-10-03T16:05:09.7501448Z           "session.revoked",
source_go	Real Go source ownership and AST dependency graph	2026-10-03T16:05:09.7501946Z           "SELECT user_id FROM conversation_members WHERE conversation_id=$1 AND left_at IS NULL",
source_go	Real Go source ownership and AST dependency graph	2026-10-03T16:05:09.7502107Z           "message.created.",
source_go	Real Go source ownership and AST dependency graph	2026-10-03T16:05:09.7502570Z           "UPDATE outbox_events SET published_at=now(),attempts=attempts+1 WHERE event_id=$1"
source_go	Real Go source ownership and AST dependency graph	2026-10-03T16:05:09.7502659Z         ]
source_go	Real Go source ownership and AST dependency graph	2026-10-03T16:05:09.7502749Z       },
source_go	Real Go source ownership and AST dependency graph	2026-10-03T16:05:09.7502832Z       {
source_go	Real Go source ownership and AST dependency graph	2026-10-03T16:05:09.7503015Z         "path": "core/outbox_test.go",
source_go	Real Go source ownership and AST dependency graph	2026-10-03T16:05:09.7503154Z         "package": "core",
source_go	Real Go source ownership and AST dependency graph	2026-10-03T16:05:09.7503270Z         "imports": [
source_go	Real Go source ownership and AST dependency graph	2026-10-03T16:05:09.7503396Z           "context",
source_go	Real Go source ownership and AST dependency graph	2026-10-03T16:05:09.7503539Z           "encoding/json",
source_go	Real Go source ownership and AST dependency graph	2026-10-03T16:05:09.7503737Z           "github.com/nats-io/nats.go",
source_go	Real Go source ownership and AST dependency graph	2026-10-03T16:05:09.7503841Z           "os",
source_go	Real Go source ownership and AST dependency graph	2026-10-03T16:05:09.7503966Z           "testing",
source_go	Real Go source ownership and AST dependency graph	2026-10-03T16:05:09.7504075Z           "time"
source_go	Real Go source ownership and AST dependency graph	2026-10-03T16:05:09.7504170Z         ],
source_go	Real Go source ownership and AST dependency graph	2026-10-03T16:05:09.7504296Z         "functions": [
source_go	Real Go source ownership and AST dependency graph	2026-10-03T16:05:09.7504661Z           "TestMessageOutboxPublicationCanRepeatWithoutNewMessage",
source_go	Real Go source ownership and AST dependency graph	2026-10-03T16:05:09.7504967Z           "TestClosedNATSPublicationLeavesOutboxRetryable"
source_go	Real Go source ownership and AST dependency graph	2026-10-03T16:05:09.7505057Z         ],
source_go	Real Go source ownership and AST dependency graph	2026-10-03T16:05:09.7505189Z         "types": null,
source_go	Real Go source ownership and AST dependency graph	2026-10-03T16:05:09.7505296Z         "calls": [
source_go	Real Go source ownership and AST dependency graph	2026-10-03T16:05:09.7505463Z           "newMessageFixture",
source_go	Real Go source ownership and AST dependency graph	2026-10-03T16:05:09.7505595Z           "os.Getenv",
source_go	Real Go source ownership and AST dependency graph	2026-10-03T16:05:09.7505734Z           "nats.Connect",
source_go	Real Go source ownership and AST dependency graph	2026-10-03T16:05:09.7505854Z           "t.Fatal",
source_go	Real Go source ownership and AST dependency graph	2026-10-03T16:05:09.7505975Z           "nc.Close",
source_go	Real Go source ownership and AST dependency graph	2026-10-03T16:05:09.7506132Z           "nc.SubscribeSync",
source_go	Real Go source ownership and AST dependency graph	2026-10-03T16:05:09.7506249Z           "t.Fatal",
source_go	Real Go source ownership and AST dependency graph	2026-10-03T16:05:09.7506412Z           "active.Unsubscribe",
source_go	Real Go source ownership and AST dependency graph	2026-10-03T16:05:09.7506562Z           "nc.SubscribeSync",
source_go	Real Go source ownership and AST dependency graph	2026-10-03T16:05:09.7506686Z           "t.Fatal",
source_go	Real Go source ownership and AST dependency graph	2026-10-03T16:05:09.7506977Z           "departed.Unsubscribe",
source_go	Real Go source ownership and AST dependency graph	2026-10-03T16:05:09.7507099Z           "nc.Flush",
source_go	Real Go source ownership and AST dependency graph	2026-10-03T16:05:09.7507230Z           "f.db.Exec",
source_go	Real Go source ownership and AST dependency graph	2026-10-03T16:05:09.7507391Z           "context.Background",
source_go	Real Go source ownership and AST dependency graph	2026-10-03T16:05:09.7507605Z           "uuid",
source_go	Real Go source ownership and AST dependency graph	2026-10-03T16:05:09.7507759Z           "f.s.commitMessage",
source_go	Real Go source ownership and AST dependency graph	2026-10-03T16:05:09.7507926Z           "context.Background",
source_go	Real Go source ownership and AST dependency graph	2026-10-03T16:05:09.7508047Z           "f.send",
source_go	Real Go source ownership and AST dependency graph	2026-10-03T16:05:09.7508164Z           "t.Fatal",
source_go	Real Go source ownership and AST dependency graph	2026-10-03T16:05:09.7508327Z           "relaySessionBatch",
source_go	Real Go source ownership and AST dependency graph	2026-10-03T16:05:09.7508704Z           "context.Background",
source_go	Real Go source ownership and AST dependency graph	2026-10-03T16:05:09.7508873Z           "active.NextMsg",
source_go	Real Go source ownership and AST dependency graph	2026-10-03T16:05:09.7508994Z           "t.Fatal",
source_go	Real Go source ownership and AST dependency graph	2026-10-03T16:05:09.7509144Z           "json.Unmarshal",
source_go	Real Go source ownership and AST dependency graph	2026-10-03T16:05:09.7509261Z           "t.Fatal",
source_go	Real Go source ownership and AST dependency graph	2026-10-03T16:05:09.7509418Z           "departed.NextMsg",
source_go	Real Go source ownership and AST dependency graph	2026-10-03T16:05:09.7509541Z           "t.Fatal",
source_go	Real Go source ownership and AST dependency graph	2026-10-03T16:05:09.7509653Z           ".Scan",
source_go	Real Go source ownership and AST dependency graph	2026-10-03T16:05:09.7509797Z           "f.db.QueryRow",
source_go	Real Go source ownership and AST dependency graph	2026-10-03T16:05:09.7509960Z           "context.Background",
source_go	Real Go source ownership and AST dependency graph	2026-10-03T16:05:09.7510093Z           "t.Fatal",
source_go	Real Go source ownership and AST dependency graph	2026-10-03T16:05:09.7510219Z           "f.db.Exec",
source_go	Real Go source ownership and AST dependency graph	2026-10-03T16:05:09.7510384Z           "context.Background",
source_go	Real Go source ownership and AST dependency graph	2026-10-03T16:05:09.7510508Z           "t.Fatal",
source_go	Real Go source ownership and AST dependency graph	2026-10-03T16:05:09.7510663Z           "relaySessionBatch",
source_go	Real Go source ownership and AST dependency graph	2026-10-03T16:05:09.7510825Z           "context.Background",
source_go	Real Go source ownership and AST dependency graph	2026-10-03T16:05:09.7510967Z           "active.NextMsg",
source_go	Real Go source ownership and AST dependency graph	2026-10-03T16:05:09.7511088Z           "string",
source_go	Real Go source ownership and AST dependency graph	2026-10-03T16:05:09.7511201Z           "string",
source_go	Real Go source ownership and AST dependency graph	2026-10-03T16:05:09.7511322Z           "t.Fatal",
source_go	Real Go source ownership and AST dependency graph	2026-10-03T16:05:09.7511440Z           "f.count",
source_go	Real Go source ownership and AST dependency graph	2026-10-03T16:05:09.7511564Z           "f.count",
source_go	Real Go source ownership and AST dependency graph	2026-10-03T16:05:09.7511684Z           "t.Fatal",
source_go	Real Go source ownership and AST dependency graph	2026-10-03T16:05:09.7511836Z           "newMessageFixture",
source_go	Real Go source ownership and AST dependency graph	2026-10-03T16:05:09.7511967Z           "os.Getenv",
source_go	Real Go source ownership and AST dependency graph	2026-10-03T16:05:09.7512104Z           "nats.Connect",
source_go	Real Go source ownership and AST dependency graph	2026-10-03T16:05:09.7512225Z           "t.Fatal",
source_go	Real Go source ownership and AST dependency graph	2026-10-03T16:05:09.7512349Z           "nc.Close",
source_go	Real Go source ownership and AST dependency graph	2026-10-03T16:05:09.7512467Z           "uuid",
source_go	Real Go source ownership and AST dependency graph	2026-10-03T16:05:09.7512621Z           "f.s.commitMessage",
source_go	Real Go source ownership and AST dependency graph	2026-10-03T16:05:09.7512788Z           "context.Background",
source_go	Real Go source ownership and AST dependency graph	2026-10-03T16:05:09.7512911Z           "f.send",
source_go	Real Go source ownership and AST dependency graph	2026-10-03T16:05:09.7513031Z           "t.Fatal",
source_go	Real Go source ownership and AST dependency graph	2026-10-03T16:05:09.7513189Z           "relaySessionBatch",
source_go	Real Go source ownership and AST dependency graph	2026-10-03T16:05:09.7513351Z           "context.Background",
source_go	Real Go source ownership and AST dependency graph	2026-10-03T16:05:09.7513476Z           "f.count",
source_go	Real Go source ownership and AST dependency graph	2026-10-03T16:05:09.7513590Z           "t.Fatal"
source_go	Real Go source ownership and AST dependency graph	2026-10-03T16:05:09.7513684Z         ],
source_go	Real Go source ownership and AST dependency graph	2026-10-03T16:05:09.7513806Z         "strings": [
source_go	Real Go source ownership and AST dependency graph	2026-10-03T16:05:09.7513925Z           "context",
source_go	Real Go source ownership and AST dependency graph	2026-10-03T16:05:09.7514074Z           "encoding/json",
source_go	Real Go source ownership and AST dependency graph	2026-10-03T16:05:09.7514268Z           "github.com/nats-io/nats.go",
source_go	Real Go source ownership and AST dependency graph	2026-10-03T16:05:09.7514380Z           "os",
source_go	Real Go source ownership and AST dependency graph	2026-10-03T16:05:09.7514499Z           "testing",
source_go	Real Go source ownership and AST dependency graph	2026-10-03T16:05:09.7514613Z           "time",
source_go	Real Go source ownership and AST dependency graph	2026-10-03T16:05:09.7514733Z           "NATS_URL",
source_go	Real Go source ownership and AST dependency graph	2026-10-03T16:05:09.7514839Z           "",
source_go	Real Go source ownership and AST dependency graph	2026-10-03T16:05:09.7515030Z           "nats://127.0.0.1:4222",
source_go	Real Go source ownership and AST dependency graph	2026-10-03T16:05:09.7515183Z           "message.created.",
source_go	Real Go source ownership and AST dependency graph	2026-10-03T16:05:09.7515341Z           "message.created.",
source_go	Real Go source ownership and AST dependency graph	2026-10-03T16:05:09.7515843Z           "UPDATE conversation_members SET left_at=now() WHERE conversation_id=$1 AND user_id=$2",
source_go	Real Go source ownership and AST dependency graph	2026-10-03T16:05:09.7515977Z           "delivery",
source_go	Real Go source ownership and AST dependency graph	2026-10-03T16:05:09.7516089Z           "type",
source_go	Real Go source ownership and AST dependency graph	2026-10-03T16:05:09.7516246Z           "message.created",
source_go	Real Go source ownership and AST dependency graph	2026-10-03T16:05:09.7516378Z           "requestId",
source_go	Real Go source ownership and AST dependency graph	2026-10-03T16:05:09.7516547Z           "not canonical created",
source_go	Real Go source ownership and AST dependency graph	2026-10-03T16:05:09.7516752Z           "departed member received event",
source_go	Real Go source ownership and AST dependency graph	2026-10-03T16:05:09.7517155Z           "SELECT published_at IS NOT NULL FROM outbox_events WHERE message_id=$1",
source_go	Real Go source ownership and AST dependency graph	2026-10-03T16:05:09.7517320Z           "publish not marked",
source_go	Real Go source ownership and AST dependency graph	2026-10-03T16:05:09.7517677Z           "UPDATE outbox_events SET published_at=NULL WHERE message_id=$1",
source_go	Real Go source ownership and AST dependency graph	2026-10-03T16:05:09.7517925Z           "publication retry changed logical event",
source_go	Real Go source ownership and AST dependency graph	2026-10-03T16:05:09.7518366Z           "SELECT count(*) FROM messages WHERE conversation_id=$1",
source_go	Real Go source ownership and AST dependency graph	2026-10-03T16:05:09.7518829Z           "SELECT count(*) FROM outbox_events WHERE conversation_id=$1",
source_go	Real Go source ownership and AST dependency graph	2026-10-03T16:05:09.7519061Z           "publication duplicated persistence",
source_go	Real Go source ownership and AST dependency graph	2026-10-03T16:05:09.7519290Z           "NATS_URL",
source_go	Real Go source ownership and AST dependency graph	2026-10-03T16:05:09.7519397Z           "",
source_go	Real Go source ownership and AST dependency graph	2026-10-03T16:05:09.7519566Z           "nats://127.0.0.1:4222",
source_go	Real Go source ownership and AST dependency graph	2026-10-03T16:05:09.7519690Z           "retry",
source_go	Real Go source ownership and AST dependency graph	2026-10-03T16:05:09.7520274Z           "SELECT count(*) FROM outbox_events WHERE conversation_id=$1 AND published_at IS NULL",
source_go	Real Go source ownership and AST dependency graph	2026-10-03T16:05:09.7520504Z           "failed publisher marked outbox"
source_go	Real Go source ownership and AST dependency graph	2026-10-03T16:05:09.7520658Z         ]
source_go	Real Go source ownership and AST dependency graph	2026-10-03T16:05:09.7520805Z       },
source_go	Real Go source ownership and AST dependency graph	2026-10-03T16:05:09.7520919Z       {
source_go	Real Go source ownership and AST dependency graph	2026-10-03T16:05:09.7521292Z         "path": "core/rollback_test.go",
source_go	Real Go source ownership and AST dependency graph	2026-10-03T16:05:09.7521459Z         "package": "core",
source_go	Real Go source ownership and AST dependency graph	2026-10-03T16:05:09.7521647Z         "imports": [
source_go	Real Go source ownership and AST dependency graph	2026-10-03T16:05:09.7521834Z           "context",
source_go	Real Go source ownership and AST dependency graph	2026-10-03T16:05:09.7522058Z           "github.com/jackc/pgx/v5/pgxpool",
source_go	Real Go source ownership and AST dependency graph	2026-10-03T16:05:09.7522387Z           "im-platform/backend/go/shared",
source_go	Real Go source ownership and AST dependency graph	2026-10-03T16:05:09.7522525Z           "os",
source_go	Real Go source ownership and AST dependency graph	2026-10-03T16:05:09.7522705Z           "testing",
source_go	Real Go source ownership and AST dependency graph	2026-10-03T16:05:09.7522870Z           "time"
source_go	Real Go source ownership and AST dependency graph	2026-10-03T16:05:09.7523011Z         ],
source_go	Real Go source ownership and AST dependency graph	2026-10-03T16:05:09.7523252Z         "functions": [
source_go	Real Go source ownership and AST dependency graph	2026-10-03T16:05:09.7523463Z           "TestRevocationRollback"
source_go	Real Go source ownership and AST dependency graph	2026-10-03T16:05:09.7523612Z         ],
source_go	Real Go source ownership and AST dependency graph	2026-10-03T16:05:09.7523764Z         "types": null,
source_go	Real Go source ownership and AST dependency graph	2026-10-03T16:05:09.7523924Z         "calls": [
source_go	Real Go source ownership and AST dependency graph	2026-10-03T16:05:09.7524119Z           "os.Getenv",
source_go	Real Go source ownership and AST dependency graph	2026-10-03T16:05:09.7524316Z           "t.Skip",
source_go	Real Go source ownership and AST dependency graph	2026-10-03T16:05:09.7524548Z           "context.Background",
source_go	Real Go source ownership and AST dependency graph	2026-10-03T16:05:09.7524747Z           "pgxpool.New",
source_go	Real Go source ownership and AST dependency graph	2026-10-03T16:05:09.7524915Z           "t.Fatal",
source_go	Real Go source ownership and AST dependency graph	2026-10-03T16:05:09.7525110Z           "db.Close",
source_go	Real Go source ownership and AST dependency graph	2026-10-03T16:05:09.7525311Z           "db.Ping",
source_go	Real Go source ownership and AST dependency graph	2026-10-03T16:05:09.7525459Z           "t.Fatal",
source_go	Real Go source ownership and AST dependency graph	2026-10-03T16:05:09.7525635Z           "uuid",
source_go	Real Go source ownership and AST dependency graph	2026-10-03T16:05:09.7525786Z           "db.Exec",
source_go	Real Go source ownership and AST dependency graph	2026-10-03T16:05:09.7525996Z           "t.Fatal",
source_go	Real Go source ownership and AST dependency graph	2026-10-03T16:05:09.7526178Z           "",
source_go	Real Go source ownership and AST dependency graph	2026-10-03T16:05:09.7526325Z           "db.Exec",
source_go	Real Go source ownership and AST dependency graph	2026-10-03T16:05:09.7526534Z           "db.Exec",
source_go	Real Go source ownership and AST dependency graph	2026-10-03T16:05:09.7526663Z           "",
source_go	Real Go source ownership and AST dependency graph	2026-10-03T16:05:09.7526887Z           "s.newSession",
source_go	Real Go source ownership and AST dependency graph	2026-10-03T16:05:09.7527052Z           "t.Fatal",
source_go	Real Go source ownership and AST dependency graph	2026-10-03T16:05:09.7527241Z           "db.Begin",
source_go	Real Go source ownership and AST dependency graph	2026-10-03T16:05:09.7527423Z           "t.Fatal",
source_go	Real Go source ownership and AST dependency graph	2026-10-03T16:05:09.7527567Z           "tx.Exec",
source_go	Real Go source ownership and AST dependency graph	2026-10-03T16:05:09.7527772Z           "t.Fatal",
source_go	Real Go source ownership and AST dependency graph	2026-10-03T16:05:09.7527967Z           "writeRevocation",
source_go	Real Go source ownership and AST dependency graph	2026-10-03T16:05:09.7528148Z           "t.Fatal",
source_go	Real Go source ownership and AST dependency graph	2026-10-03T16:05:09.7528341Z           "tx.Rollback",
source_go	Real Go source ownership and AST dependency graph	2026-10-03T16:05:09.7528688Z           "t.Fatal",
source_go	Real Go source ownership and AST dependency graph	2026-10-03T16:05:09.7528904Z           ".Scan",
source_go	Real Go source ownership and AST dependency graph	2026-10-03T16:05:09.7529082Z           "db.QueryRow",
source_go	Real Go source ownership and AST dependency graph	2026-10-03T16:05:09.7529260Z           "t.Fatalf"
source_go	Real Go source ownership and AST dependency graph	2026-10-03T16:05:09.7529381Z         ],
source_go	Real Go source ownership and AST dependency graph	2026-10-03T16:05:09.7529556Z         "strings": [
source_go	Real Go source ownership and AST dependency graph	2026-10-03T16:05:09.7529695Z           "context",
source_go	Real Go source ownership and AST dependency graph	2026-10-03T16:05:09.7530025Z           "github.com/jackc/pgx/v5/pgxpool",
source_go	Real Go source ownership and AST dependency graph	2026-10-03T16:05:09.7530256Z           "im-platform/backend/go/shared",
source_go	Real Go source ownership and AST dependency graph	2026-10-03T16:05:09.7530456Z           "os",
source_go	Real Go source ownership and AST dependency graph	2026-10-03T16:05:09.7530641Z           "testing",
source_go	Real Go source ownership and AST dependency graph	2026-10-03T16:05:09.7530765Z           "time",
source_go	Real Go source ownership and AST dependency graph	2026-10-03T16:05:09.7531025Z           "DB_TEST_ENABLE",
source_go	Real Go source ownership and AST dependency graph	2026-10-03T16:05:09.7531158Z           "1",
source_go	Real Go source ownership and AST dependency graph	2026-10-03T16:05:09.7531559Z           "set DB_TEST_ENABLE=1 with migrated disposable PostgreSQL",
source_go	Real Go source ownership and AST dependency graph	2026-10-03T16:05:09.7531689Z           "",
source_go	Real Go source ownership and AST dependency graph	2026-10-03T16:05:09.7532321Z           "INSERT INTO users(user_id,username,display_name,password_hash) VALUES($1,$2,'Rollback','test-only')",
source_go	Real Go source ownership and AST dependency graph	2026-10-03T16:05:09.7532562Z           "rollback",
source_go	Real Go source ownership and AST dependency graph	2026-10-03T16:05:09.7532821Z           "DELETE FROM sessions WHERE user_id=$1",
source_go	Real Go source ownership and AST dependency graph	2026-10-03T16:05:09.7533113Z           "DELETE FROM users WHERE user_id=$1",
source_go	Real Go source ownership and AST dependency graph	2026-10-03T16:05:09.7542938Z           "test-only-signing-key-at-least-32-bytes",
source_go	Real Go source ownership and AST dependency graph	2026-10-03T16:05:09.7543309Z           "DESKTOP",
source_go	Real Go source ownership and AST dependency graph	2026-10-03T16:05:09.7543455Z           "desktop-1",
source_go	Real Go source ownership and AST dependency graph	2026-10-03T16:05:09.7543929Z           "UPDATE sessions SET status='REVOKED' WHERE user_id=$1 AND client_type='DESKTOP'",
source_go	Real Go source ownership and AST dependency graph	2026-10-03T16:05:09.7544146Z           "00000000-0000-4000-8000-000000000000",
source_go	Real Go source ownership and AST dependency graph	2026-10-03T16:05:09.7544369Z           "REVOKED",
source_go	Real Go source ownership and AST dependency graph	2026-10-03T16:05:09.7544572Z           "expected foreign-key failure",
source_go	Real Go source ownership and AST dependency graph	2026-10-03T16:05:09.7544973Z           "SELECT status FROM sessions WHERE user_id=$1 AND client_type='DESKTOP'",
source_go	Real Go source ownership and AST dependency graph	2026-10-03T16:05:09.7545094Z           "ACTIVE",
source_go	Real Go source ownership and AST dependency graph	2026-10-03T16:05:09.7545321Z           "rollback lost active session: %s %v"
source_go	Real Go source ownership and AST dependency graph	2026-10-03T16:05:09.7545414Z         ]
source_go	Real Go source ownership and AST dependency graph	2026-10-03T16:05:09.7545506Z       },
source_go	Real Go source ownership and AST dependency graph	2026-10-03T16:05:09.7545590Z       {
source_go	Real Go source ownership and AST dependency graph	2026-10-03T16:05:09.7545768Z         "path": "core/social.go",
source_go	Real Go source ownership and AST dependency graph	2026-10-03T16:05:09.7545904Z         "package": "core",
source_go	Real Go source ownership and AST dependency graph	2026-10-03T16:05:09.7546025Z         "imports": [
source_go	Real Go source ownership and AST dependency graph	2026-10-03T16:05:09.7546150Z           "context",
source_go	Real Go source ownership and AST dependency graph	2026-10-03T16:05:09.7546295Z           "crypto/sha256",
source_go	Real Go source ownership and AST dependency graph	2026-10-03T16:05:09.7546438Z           "encoding/hex",
source_go	Real Go source ownership and AST dependency graph	2026-10-03T16:05:09.7546579Z           "encoding/json",
source_go	Real Go source ownership and AST dependency graph	2026-10-03T16:05:09.7546697Z           "errors",
source_go	Real Go source ownership and AST dependency graph	2026-10-03T16:05:09.7546820Z           "net/http",
source_go	Real Go source ownership and AST dependency graph	2026-10-03T16:05:09.7546943Z           "regexp",
source_go	Real Go source ownership and AST dependency graph	2026-10-03T16:05:09.7547060Z           "strconv",
source_go	Real Go source ownership and AST dependency graph	2026-10-03T16:05:09.7547182Z           "strings",
source_go	Real Go source ownership and AST dependency graph	2026-10-03T16:05:09.7547297Z           "time",
source_go	Real Go source ownership and AST dependency graph	2026-10-03T16:05:09.7547472Z           "github.com/jackc/pgx/v5"
source_go	Real Go source ownership and AST dependency graph	2026-10-03T16:05:09.7547567Z         ],
source_go	Real Go source ownership and AST dependency graph	2026-10-03T16:05:09.7547689Z         "functions": [
source_go	Real Go source ownership and AST dependency graph	2026-10-03T16:05:09.7547832Z           "friendshipID",
source_go	Real Go source ownership and AST dependency graph	2026-10-03T16:05:09.7547945Z           "pair",
source_go	Real Go source ownership and AST dependency graph	2026-10-03T16:05:09.7548088Z           "socialResult",
source_go	Real Go source ownership and AST dependency graph	2026-10-03T16:05:09.7548241Z           "socialPrincipal",
source_go	Real Go source ownership and AST dependency graph	2026-10-03T16:05:09.7548380Z           "listFriends",
source_go	Real Go source ownership and AST dependency graph	2026-10-03T16:05:09.7548788Z           "addFriend",
source_go	Real Go source ownership and AST dependency graph	2026-10-03T16:05:09.7548971Z           "assembleFriendship",
source_go	Real Go source ownership and AST dependency graph	2026-10-03T16:05:09.7549129Z           "validDirectState",
source_go	Real Go source ownership and AST dependency graph	2026-10-03T16:05:09.7549286Z           "writeSocialEvent"
source_go	Real Go source ownership and AST dependency graph	2026-10-03T16:05:09.7549384Z         ],
source_go	Real Go source ownership and AST dependency graph	2026-10-03T16:05:09.7549505Z         "types": null,
source_go	Real Go source ownership and AST dependency graph	2026-10-03T16:05:09.7549617Z         "calls": [
source_go	Real Go source ownership and AST dependency graph	2026-10-03T16:05:09.7549758Z           "sha256.Sum256",
source_go	Real Go source ownership and AST dependency graph	2026-10-03T16:05:09.7549860Z           "",
source_go	Real Go source ownership and AST dependency graph	2026-10-03T16:05:09.7550025Z           "hex.EncodeToString",
source_go	Real Go source ownership and AST dependency graph	2026-10-03T16:05:09.7550184Z           "regexp.MustCompile",
source_go	Real Go source ownership and AST dependency graph	2026-10-03T16:05:09.7550324Z           "friendshipID",
source_go	Real Go source ownership and AST dependency graph	2026-10-03T16:05:09.7550436Z           "bearer",
source_go	Real Go source ownership and AST dependency graph	2026-10-03T16:05:09.7550550Z           "fail",
source_go	Real Go source ownership and AST dependency graph	2026-10-03T16:05:09.7550691Z           "s.authenticate",
source_go	Real Go source ownership and AST dependency graph	2026-10-03T16:05:09.7550819Z           "r.Context",
source_go	Real Go source ownership and AST dependency graph	2026-10-03T16:05:09.7550978Z           "s.socialPrincipal",
source_go	Real Go source ownership and AST dependency graph	2026-10-03T16:05:09.7551105Z           "writeError",
source_go	Real Go source ownership and AST dependency graph	2026-10-03T16:05:09.7551247Z           "s.db.Query",
source_go	Real Go source ownership and AST dependency graph	2026-10-03T16:05:09.7551372Z           "r.Context",
source_go	Real Go source ownership and AST dependency graph	2026-10-03T16:05:09.7551502Z           "writeError",
source_go	Real Go source ownership and AST dependency graph	2026-10-03T16:05:09.7551629Z           "rows.Close",
source_go	Real Go source ownership and AST dependency graph	2026-10-03T16:05:09.7551746Z           "make",
source_go	Real Go source ownership and AST dependency graph	2026-10-03T16:05:09.7551871Z           "rows.Next",
source_go	Real Go source ownership and AST dependency graph	2026-10-03T16:05:09.7552001Z           "rows.Scan",
source_go	Real Go source ownership and AST dependency graph	2026-10-03T16:05:09.7552133Z           "writeError",
source_go	Real Go source ownership and AST dependency graph	2026-10-03T16:05:09.7552249Z           "append",
source_go	Real Go source ownership and AST dependency graph	2026-10-03T16:05:09.7552392Z           "friendshipID",
source_go	Real Go source ownership and AST dependency graph	2026-10-03T16:05:09.7552517Z           "rows.Err",
source_go	Real Go source ownership and AST dependency graph	2026-10-03T16:05:09.7552651Z           "writeError",
source_go	Real Go source ownership and AST dependency graph	2026-10-03T16:05:09.7552775Z           "writeJSON",
source_go	Real Go source ownership and AST dependency graph	2026-10-03T16:05:09.7552937Z           "s.socialPrincipal",
source_go	Real Go source ownership and AST dependency graph	2026-10-03T16:05:09.7553069Z           "writeError",
source_go	Real Go source ownership and AST dependency graph	2026-10-03T16:05:09.7553218Z           "strings.ToLower",
source_go	Real Go source ownership and AST dependency graph	2026-10-03T16:05:09.7553356Z           "r.PathValue",
source_go	Real Go source ownership and AST dependency graph	2026-10-03T16:05:09.7553565Z           "socialUUIDPattern.MatchString",
source_go	Real Go source ownership and AST dependency graph	2026-10-03T16:05:09.7553698Z           "writeError",
source_go	Real Go source ownership and AST dependency graph	2026-10-03T16:05:09.7553805Z           "fail",
source_go	Real Go source ownership and AST dependency graph	2026-10-03T16:05:09.7553940Z           "writeError",
source_go	Real Go source ownership and AST dependency graph	2026-10-03T16:05:09.7554046Z           "fail",
source_go	Real Go source ownership and AST dependency graph	2026-10-03T16:05:09.7554177Z           "r.Context",
source_go	Real Go source ownership and AST dependency graph	2026-10-03T16:05:09.7554446Z           "s.db.Begin",
source_go	Real Go source ownership and AST dependency graph	2026-10-03T16:05:09.7554572Z           "writeError",
source_go	Real Go source ownership and AST dependency graph	2026-10-03T16:05:09.7554707Z           "tx.Rollback",
source_go	Real Go source ownership and AST dependency graph	2026-10-03T16:05:09.7554815Z           "pair",
source_go	Real Go source ownership and AST dependency graph	2026-10-03T16:05:09.7554930Z           ".Scan",
source_go	Real Go source ownership and AST dependency graph	2026-10-03T16:05:09.7555160Z           "tx.QueryRow",
source_go	Real Go source ownership and AST dependency graph	2026-10-03T16:05:09.7555287Z           "errors.Is",
source_go	Real Go source ownership and AST dependency graph	2026-10-03T16:05:09.7555417Z           "writeError",
source_go	Real Go source ownership and AST dependency graph	2026-10-03T16:05:09.7555529Z           "fail",
source_go	Real Go source ownership and AST dependency graph	2026-10-03T16:05:09.7555661Z           "writeError",
source_go	Real Go source ownership and AST dependency graph	2026-10-03T16:05:09.7555770Z           ".Scan",
source_go	Real Go source ownership and AST dependency graph	2026-10-03T16:05:09.7555907Z           "tx.QueryRow",
source_go	Real Go source ownership and AST dependency graph	2026-10-03T16:05:09.7556033Z           "errors.Is",
source_go	Real Go source ownership and AST dependency graph	2026-10-03T16:05:09.7556164Z           "writeError",
source_go	Real Go source ownership and AST dependency graph	2026-10-03T16:05:09.7556287Z           "errors.Is",
source_go	Real Go source ownership and AST dependency graph	2026-10-03T16:05:09.7556427Z           "expiry.After",
source_go	Real Go source ownership and AST dependency graph	2026-10-03T16:05:09.7556542Z           "s.now",
source_go	Real Go source ownership and AST dependency graph	2026-10-03T16:05:09.7556668Z           "writeError",
source_go	Real Go source ownership and AST dependency graph	2026-10-03T16:05:09.7556778Z           "fail",
source_go	Real Go source ownership and AST dependency graph	2026-10-03T16:05:09.7556937Z           "assembleFriendship",
source_go	Real Go source ownership and AST dependency graph	2026-10-03T16:05:09.7557074Z           "writeError",
source_go	Real Go source ownership and AST dependency graph	2026-10-03T16:05:09.7557199Z           "tx.Commit",
source_go	Real Go source ownership and AST dependency graph	2026-10-03T16:05:09.7557330Z           "writeError",
source_go	Real Go source ownership and AST dependency graph	2026-10-03T16:05:09.7557453Z           "writeJSON",
source_go	Real Go source ownership and AST dependency graph	2026-10-03T16:05:09.7557595Z           "socialResult",
source_go	Real Go source ownership and AST dependency graph	2026-10-03T16:05:09.7557713Z           ".Scan",
source_go	Real Go source ownership and AST dependency graph	2026-10-03T16:05:09.7557846Z           "tx.QueryRow",
source_go	Real Go source ownership and AST dependency graph	2026-10-03T16:05:09.7558001Z           "validDirectState",
source_go	Real Go source ownership and AST dependency graph	2026-10-03T16:05:09.7558125Z           "errors.Is",
source_go	Real Go source ownership and AST dependency graph	2026-10-03T16:05:09.7558237Z           ".Scan",
source_go	Real Go source ownership and AST dependency graph	2026-10-03T16:05:09.7558368Z           "tx.QueryRow",
source_go	Real Go source ownership and AST dependency graph	2026-10-03T16:05:09.7558623Z           "errors.Is",
source_go	Real Go source ownership and AST dependency graph	2026-10-03T16:05:09.7558736Z           "uuid",
source_go	Real Go source ownership and AST dependency graph	2026-10-03T16:05:09.7558860Z           "tx.Exec",
source_go	Real Go source ownership and AST dependency graph	2026-10-03T16:05:09.7558981Z           "tx.Exec",
source_go	Real Go source ownership and AST dependency graph	2026-10-03T16:05:09.7559098Z           "tx.Exec",
source_go	Real Go source ownership and AST dependency graph	2026-10-03T16:05:09.7559248Z           "validDirectState",
source_go	Real Go source ownership and AST dependency graph	2026-10-03T16:05:09.7559395Z           "writeSocialEvent",
source_go	Real Go source ownership and AST dependency graph	2026-10-03T16:05:09.7559508Z           ".Scan",
source_go	Real Go source ownership and AST dependency graph	2026-10-03T16:05:09.7559638Z           "tx.QueryRow",
source_go	Real Go source ownership and AST dependency graph	2026-10-03T16:05:09.7559754Z           "fail",
source_go	Real Go source ownership and AST dependency graph	2026-10-03T16:05:09.7559863Z           "uuid",
source_go	Real Go source ownership and AST dependency graph	2026-10-03T16:05:09.7559972Z           ".Scan",
source_go	Real Go source ownership and AST dependency graph	2026-10-03T16:05:09.7560104Z           "tx.QueryRow",
source_go	Real Go source ownership and AST dependency graph	2026-10-03T16:05:09.7560261Z           "strconv.FormatInt",
source_go	Real Go source ownership and AST dependency graph	2026-10-03T16:05:09.7560402Z           "json.Marshal",
source_go	Real Go source ownership and AST dependency graph	2026-10-03T16:05:09.7560516Z           "tx.Exec",
source_go	Real Go source ownership and AST dependency graph	2026-10-03T16:05:09.7560654Z           "json.Marshal",
source_go	Real Go source ownership and AST dependency graph	2026-10-03T16:05:09.7560765Z           "tx.Exec"
source_go	Real Go source ownership and AST dependency graph	2026-10-03T16:05:09.7560857Z         ],
source_go	Real Go source ownership and AST dependency graph	2026-10-03T16:05:09.7560972Z         "strings": [
source_go	Real Go source ownership and AST dependency graph	2026-10-03T16:05:09.7561088Z           "context",
source_go	Real Go source ownership and AST dependency graph	2026-10-03T16:05:09.7561237Z           "crypto/sha256",
source_go	Real Go source ownership and AST dependency graph	2026-10-03T16:05:09.7561374Z           "encoding/hex",
source_go	Real Go source ownership and AST dependency graph	2026-10-03T16:05:09.7561519Z           "encoding/json",
source_go	Real Go source ownership and AST dependency graph	2026-10-03T16:05:09.7561634Z           "errors",
source_go	Real Go source ownership and AST dependency graph	2026-10-03T16:05:09.7561760Z           "net/http",
source_go	Real Go source ownership and AST dependency graph	2026-10-03T16:05:09.7561873Z           "regexp",
source_go	Real Go source ownership and AST dependency graph	2026-10-03T16:05:09.7561994Z           "strconv",
source_go	Real Go source ownership and AST dependency graph	2026-10-03T16:05:09.7562114Z           "strings",
source_go	Real Go source ownership and AST dependency graph	2026-10-03T16:05:09.7562223Z           "time",
source_go	Real Go source ownership and AST dependency graph	2026-10-03T16:05:09.7562410Z           "github.com/jackc/pgx/v5",
source_go	Real Go source ownership and AST dependency graph	2026-10-03T16:05:09.7562566Z           "im-friendship-v1:",
source_go	Real Go source ownership and AST dependency graph	2026-10-03T16:05:09.7562671Z           ":",
source_go	Real Go source ownership and AST dependency graph	2026-10-03T16:05:09.7562784Z           "-",
source_go	Real Go source ownership and AST dependency graph	2026-10-03T16:05:09.7562889Z           "-",
source_go	Real Go source ownership and AST dependency graph	2026-10-03T16:05:09.7562988Z           "-",
source_go	Real Go source ownership and AST dependency graph	2026-10-03T16:05:09.7563091Z           "-",
source_go	Real Go source ownership and AST dependency graph	2026-10-03T16:05:09.7563514Z           "^[0-9a-fA-F]{8}-[0-9a-fA-F]{4}-[0-9a-fA-F]{4}-[0-9a-fA-F]{4}-[0-9a-fA-F]{12}$",
source_go	Real Go source ownership and AST dependency graph	2026-10-03T16:05:09.7563655Z           "friendshipId",
source_go	Real Go source ownership and AST dependency graph	2026-10-03T16:05:09.7563809Z           "normalizedPair",
source_go	Real Go source ownership and AST dependency graph	2026-10-03T16:05:09.7563936Z           "lowUserId",
source_go	Real Go source ownership and AST dependency graph	2026-10-03T16:05:09.7564069Z           "highUserId",
source_go	Real Go source ownership and AST dependency graph	2026-10-03T16:05:09.7564242Z           "directConversationId",
source_go	Real Go source ownership and AST dependency graph	2026-10-03T16:05:09.7564391Z           "memberUserIds",
source_go	Real Go source ownership and AST dependency graph	2026-10-03T16:05:09.7564515Z           "created",
source_go	Real Go source ownership and AST dependency graph	2026-10-03T16:05:09.7564654Z           "AUTH_REQUIRED",
source_go	Real Go source ownership and AST dependency graph	2026-10-03T16:05:09.7564854Z           "Authentication is required.",
source_go	Real Go source ownership and AST dependency graph	2026-10-03T16:05:09.7566578Z           "SELECT u.user_id,u.username,u.display_name,f.user_low_id,f.user_high_id,f.direct_conversation_id\n\t\tFROM friendships f JOIN users u ON u.user_id=CASE WHEN f.user_low_id=$1 THEN f.user_high_id ELSE f.user_low_id END\n\t\tWHERE f.user_low_id=$1 OR f.user_high_id=$1 ORDER BY u.username",
source_go	Real Go source ownership and AST dependency graph	2026-10-03T16:05:09.7566800Z           "user",
source_go	Real Go source ownership and AST dependency graph	2026-10-03T16:05:09.7566920Z           "userId",
source_go	Real Go source ownership and AST dependency graph	2026-10-03T16:05:09.7567041Z           "username",
source_go	Real Go source ownership and AST dependency graph	2026-10-03T16:05:09.7567183Z           "displayName",
source_go	Real Go source ownership and AST dependency graph	2026-10-03T16:05:09.7567362Z           "friendshipId",
source_go	Real Go source ownership and AST dependency graph	2026-10-03T16:05:09.7567537Z           "directConversationId",
source_go	Real Go source ownership and AST dependency graph	2026-10-03T16:05:09.7567654Z           "friends",
source_go	Real Go source ownership and AST dependency graph	2026-10-03T16:05:09.7567794Z           "friendUserId",
source_go	Real Go source ownership and AST dependency graph	2026-10-03T16:05:09.7567933Z           "USER_NOT_FOUND",
source_go	Real Go source ownership and AST dependency graph	2026-10-03T16:05:09.7568125Z           "Target user was not found.",
source_go	Real Go source ownership and AST dependency graph	2026-10-03T16:05:09.7568301Z           "FRIEND_SELF_NOT_ALLOWED",
source_go	Real Go source ownership and AST dependency graph	2026-10-03T16:05:09.7568659Z           "A user cannot befriend itself.",
source_go	Real Go source ownership and AST dependency graph	2026-10-03T16:05:09.7568977Z           "SELECT user_id FROM users WHERE user_id=$1 FOR UPDATE",
source_go	Real Go source ownership and AST dependency graph	2026-10-03T16:05:09.7569119Z           "USER_NOT_FOUND",
source_go	Real Go source ownership and AST dependency graph	2026-10-03T16:05:09.7569307Z           "Target user was not found.",
source_go	Real Go source ownership and AST dependency graph	2026-10-03T16:05:09.7569885Z           "SELECT session_id,session_epoch,status,expires_at FROM sessions WHERE user_id=$1 AND client_type=$2",
source_go	Real Go source ownership and AST dependency graph	2026-10-03T16:05:09.7570006Z           "ACTIVE",
source_go	Real Go source ownership and AST dependency graph	2026-10-03T16:05:09.7570170Z           "AUTH_SESSION_REVOKED",
source_go	Real Go source ownership and AST dependency graph	2026-10-03T16:05:09.7570355Z           "Session has been revoked.",
source_go	Real Go source ownership and AST dependency graph	2026-10-03T16:05:09.7570861Z           "SELECT direct_conversation_id FROM friendships WHERE user_low_id=$1 AND user_high_id=$2",
source_go	Real Go source ownership and AST dependency graph	2026-10-03T16:05:09.7570963Z           "",
source_go	Real Go source ownership and AST dependency graph	2026-10-03T16:05:09.7571062Z           "",
source_go	Real Go source ownership and AST dependency graph	2026-10-03T16:05:09.7571620Z           "SELECT conversation_id FROM conversations WHERE direct_user_low_id=$1 AND direct_user_high_id=$2",
source_go	Real Go source ownership and AST dependency graph	2026-10-03T16:05:09.7571719Z           "",
source_go	Real Go source ownership and AST dependency graph	2026-10-03T16:05:09.7572447Z           "INSERT INTO conversations(conversation_id,kind,direct_user_low_id,direct_user_high_id,created_by) VALUES($1,'DIRECT',$2,$3,$4)",
source_go	Real Go source ownership and AST dependency graph	2026-10-03T16:05:09.7572548Z           "",
source_go	Real Go source ownership and AST dependency graph	2026-10-03T16:05:09.7573057Z           "INSERT INTO friendships(user_low_id,user_high_id,direct_conversation_id) VALUES($1,$2,$3)",
source_go	Real Go source ownership and AST dependency graph	2026-10-03T16:05:09.7573159Z           "",
source_go	Real Go source ownership and AST dependency graph	2026-10-03T16:05:09.7573278Z           "MEMBER",
source_go	Real Go source ownership and AST dependency graph	2026-10-03T16:05:09.7573390Z           "OWNER",
source_go	Real Go source ownership and AST dependency graph	2026-10-03T16:05:09.7574121Z           "INSERT INTO conversation_members(conversation_id,user_id,role) VALUES($1,$2,$3) ON CONFLICT(conversation_id,user_id) DO NOTHING",
source_go	Real Go source ownership and AST dependency graph	2026-10-03T16:05:09.7574222Z           "",
source_go	Real Go source ownership and AST dependency graph	2026-10-03T16:05:09.7574321Z           "",
source_go	Real Go source ownership and AST dependency graph	2026-10-03T16:05:09.7574469Z           "friend.changed",
source_go	Real Go source ownership and AST dependency graph	2026-10-03T16:05:09.7574637Z           "conversation.changed",
source_go	Real Go source ownership and AST dependency graph	2026-10-03T16:05:09.7574799Z           "membership.changed",
source_go	Real Go source ownership and AST dependency graph	2026-10-03T16:05:09.7574894Z           "",
source_go	Real Go source ownership and AST dependency graph	2026-10-03T16:05:09.7576538Z           "SELECT count(*),count(*) FILTER (WHERE m.user_id IN ($2,$3) AND m.left_at IS NULL)\n\t\tFROM conversations c JOIN conversation_members m ON m.conversation_id=c.conversation_id\n\t\tWHERE c.conversation_id=$1 AND c.kind='DIRECT' AND c.direct_user_low_id=$2 AND c.direct_user_high_id=$3\n\t\t",
source_go	Real Go source ownership and AST dependency graph	2026-10-03T16:05:09.7576728Z           "FRIENDSHIP_STATE_CONFLICT",
source_go	Real Go source ownership and AST dependency graph	2026-10-03T16:05:09.7576961Z           "Canonical friendship state conflicts.",
source_go	Real Go source ownership and AST dependency graph	2026-10-03T16:05:09.7577557Z           "INSERT INTO user_sync_events(user_id,event_type,payload) VALUES($1,$2,'{}'::jsonb) RETURNING cursor_id",
source_go	Real Go source ownership and AST dependency graph	2026-10-03T16:05:09.7577677Z           "eventId",
source_go	Real Go source ownership and AST dependency graph	2026-10-03T16:05:09.7577795Z           "cursor",
source_go	Real Go source ownership and AST dependency graph	2026-10-03T16:05:09.7577906Z           "kind",
source_go	Real Go source ownership and AST dependency graph	2026-10-03T16:05:09.7578030Z           "subjectId",
source_go	Real Go source ownership and AST dependency graph	2026-10-03T16:05:09.7578156Z           "revision",
source_go	Real Go source ownership and AST dependency graph	2026-10-03T16:05:09.7578667Z           "UPDATE user_sync_events SET payload=$1 WHERE user_id=$2 AND cursor_id=$3",
source_go	Real Go source ownership and AST dependency graph	2026-10-03T16:05:09.7578790Z           "userId",
source_go	Real Go source ownership and AST dependency graph	2026-10-03T16:05:09.7578900Z           "event",
source_go	Real Go source ownership and AST dependency graph	2026-10-03T16:05:09.7579655Z           "INSERT INTO outbox_events(event_id,aggregate_type,aggregate_id,event_type,conversation_id,payload) VALUES($1,'user',$2,$3,NULL,$4)"
source_go	Real Go source ownership and AST dependency graph	2026-10-03T16:05:09.7579868Z         ]
source_go	Real Go source ownership and AST dependency graph	2026-10-03T16:05:09.7579951Z       },
source_go	Real Go source ownership and AST dependency graph	2026-10-03T16:05:09.7580036Z       {
source_go	Real Go source ownership and AST dependency graph	2026-10-03T16:05:09.7580216Z         "path": "core/social_test.go",
source_go	Real Go source ownership and AST dependency graph	2026-10-03T16:05:09.7580459Z         "package": "core",
source_go	Real Go source ownership and AST dependency graph	2026-10-03T16:05:09.7580578Z         "imports": [
source_go	Real Go source ownership and AST dependency graph	2026-10-03T16:05:09.7580703Z           "context",
source_go	Real Go source ownership and AST dependency graph	2026-10-03T16:05:09.7580845Z           "encoding/json",
source_go	Real Go source ownership and AST dependency graph	2026-10-03T16:05:09.7581063Z           "github.com/jackc/pgx/v5/pgxpool",
source_go	Real Go source ownership and AST dependency graph	2026-10-03T16:05:09.7581171Z           "os",
source_go	Real Go source ownership and AST dependency graph	2026-10-03T16:05:09.7581286Z           "strconv",
source_go	Real Go source ownership and AST dependency graph	2026-10-03T16:05:09.7581402Z           "testing"
source_go	Real Go source ownership and AST dependency graph	2026-10-03T16:05:09.7581489Z         ],
source_go	Real Go source ownership and AST dependency graph	2026-10-03T16:05:09.7581611Z         "functions": [
source_go	Real Go source ownership and AST dependency graph	2026-10-03T16:05:09.7581839Z           "TestSocialAssemblyReuseAndRollback"
source_go	Real Go source ownership and AST dependency graph	2026-10-03T16:05:09.7581934Z         ],
source_go	Real Go source ownership and AST dependency graph	2026-10-03T16:05:09.7582056Z         "types": null,
source_go	Real Go source ownership and AST dependency graph	2026-10-03T16:05:09.7582162Z         "calls": [
source_go	Real Go source ownership and AST dependency graph	2026-10-03T16:05:09.7582294Z           "os.Getenv",
source_go	Real Go source ownership and AST dependency graph	2026-10-03T16:05:09.7582409Z           "t.Skip",
source_go	Real Go source ownership and AST dependency graph	2026-10-03T16:05:09.7582575Z           "context.Background",
source_go	Real Go source ownership and AST dependency graph	2026-10-03T16:05:09.7582713Z           "pgxpool.New",
source_go	Real Go source ownership and AST dependency graph	2026-10-03T16:05:09.7582832Z           "t.Fatal",
source_go	Real Go source ownership and AST dependency graph	2026-10-03T16:05:09.7582956Z           "db.Close",
source_go	Real Go source ownership and AST dependency graph	2026-10-03T16:05:09.7583065Z           "uuid",
source_go	Real Go source ownership and AST dependency graph	2026-10-03T16:05:09.7583176Z           "uuid",
source_go	Real Go source ownership and AST dependency graph	2026-10-03T16:05:09.7583283Z           "pair",
source_go	Real Go source ownership and AST dependency graph	2026-10-03T16:05:09.7583404Z           "db.Exec",
source_go	Real Go source ownership and AST dependency graph	2026-10-03T16:05:09.7583517Z           "t.Fatal",
source_go	Real Go source ownership and AST dependency graph	2026-10-03T16:05:09.7583619Z           "",
source_go	Real Go source ownership and AST dependency graph	2026-10-03T16:05:09.7583736Z           "db.Exec",
source_go	Real Go source ownership and AST dependency graph	2026-10-03T16:05:09.7583857Z           "db.Exec",
source_go	Real Go source ownership and AST dependency graph	2026-10-03T16:05:09.7583973Z           "db.Exec",
source_go	Real Go source ownership and AST dependency graph	2026-10-03T16:05:09.7584093Z           "db.Exec",
source_go	Real Go source ownership and AST dependency graph	2026-10-03T16:05:09.7584213Z           "db.Exec",
source_go	Real Go source ownership and AST dependency graph	2026-10-03T16:05:09.7584328Z           "db.Exec",
source_go	Real Go source ownership and AST dependency graph	2026-10-03T16:05:09.7584453Z           "t.Helper",
source_go	Real Go source ownership and AST dependency graph	2026-10-03T16:05:09.7584570Z           ".Scan",
source_go	Real Go source ownership and AST dependency graph	2026-10-03T16:05:09.7584709Z           "db.QueryRow",
source_go	Real Go source ownership and AST dependency graph	2026-10-03T16:05:09.7584825Z           "t.Fatal",
source_go	Real Go source ownership and AST dependency graph	2026-10-03T16:05:09.7584949Z           "db.Begin",
source_go	Real Go source ownership and AST dependency graph	2026-10-03T16:05:09.7585067Z           "t.Fatal",
source_go	Real Go source ownership and AST dependency graph	2026-10-03T16:05:09.7585364Z           "assembleFriendship",
source_go	Real Go source ownership and AST dependency graph	2026-10-03T16:05:09.7585603Z           "t.Fatalf",
source_go	Real Go source ownership and AST dependency graph	2026-10-03T16:05:09.7585847Z           "tx.Rollback",
source_go	Real Go source ownership and AST dependency graph	2026-10-03T16:05:09.7586064Z           "t.Fatal",
source_go	Real Go source ownership and AST dependency graph	2026-10-03T16:05:09.7586262Z           "count",
source_go	Real Go source ownership and AST dependency graph	2026-10-03T16:05:09.7586476Z           "t.Fatal",
source_go	Real Go source ownership and AST dependency graph	2026-10-03T16:05:09.7586680Z           "uuid",
source_go	Real Go source ownership and AST dependency graph	2026-10-03T16:05:09.7586845Z           "db.Exec",
source_go	Real Go source ownership and AST dependency graph	2026-10-03T16:05:09.7586966Z           "t.Fatal",
source_go	Real Go source ownership and AST dependency graph	2026-10-03T16:05:09.7587084Z           "db.Exec",
source_go	Real Go source ownership and AST dependency graph	2026-10-03T16:05:09.7587205Z           "t.Fatal",
source_go	Real Go source ownership and AST dependency graph	2026-10-03T16:05:09.7587333Z           "db.Begin",
source_go	Real Go source ownership and AST dependency graph	2026-10-03T16:05:09.7587459Z           "t.Fatal",
source_go	Real Go source ownership and AST dependency graph	2026-10-03T16:05:09.7587630Z           "assembleFriendship",
source_go	Real Go source ownership and AST dependency graph	2026-10-03T16:05:09.7587750Z           "t.Fatal",
source_go	Real Go source ownership and AST dependency graph	2026-10-03T16:05:09.7587884Z           "tx.Rollback",
source_go	Real Go source ownership and AST dependency graph	2026-10-03T16:05:09.7588010Z           "t.Fatal",
source_go	Real Go source ownership and AST dependency graph	2026-10-03T16:05:09.7588120Z           "count",
source_go	Real Go source ownership and AST dependency graph	2026-10-03T16:05:09.7588235Z           "count",
source_go	Real Go source ownership and AST dependency graph	2026-10-03T16:05:09.7588349Z           "count",
source_go	Real Go source ownership and AST dependency graph	2026-10-03T16:05:09.7588689Z           "t.Fatal",
source_go	Real Go source ownership and AST dependency graph	2026-10-03T16:05:09.7588824Z           "db.Exec",
source_go	Real Go source ownership and AST dependency graph	2026-10-03T16:05:09.7588948Z           "t.Fatal",
source_go	Real Go source ownership and AST dependency graph	2026-10-03T16:05:09.7589075Z           "db.Begin",
source_go	Real Go source ownership and AST dependency graph	2026-10-03T16:05:09.7589191Z           "t.Fatal",
source_go	Real Go source ownership and AST dependency graph	2026-10-03T16:05:09.7589358Z           "assembleFriendship",
source_go	Real Go source ownership and AST dependency graph	2026-10-03T16:05:09.7589479Z           "t.Fatalf",
source_go	Real Go source ownership and AST dependency graph	2026-10-03T16:05:09.7589609Z           "tx.Commit",
source_go	Real Go source ownership and AST dependency graph	2026-10-03T16:05:09.7589731Z           "t.Fatal",
source_go	Real Go source ownership and AST dependency graph	2026-10-03T16:05:09.7589849Z           "db.Query",
source_go	Real Go source ownership and AST dependency graph	2026-10-03T16:05:09.7589970Z           "t.Fatal",
source_go	Real Go source ownership and AST dependency graph	2026-10-03T16:05:09.7590101Z           "rows.Close",
source_go	Real Go source ownership and AST dependency graph	2026-10-03T16:05:09.7590230Z           "rows.Next",
source_go	Real Go source ownership and AST dependency graph	2026-10-03T16:05:09.7590354Z           "rows.Scan",
source_go	Real Go source ownership and AST dependency graph	2026-10-03T16:05:09.7590471Z           "t.Fatal",
source_go	Real Go source ownership and AST dependency graph	2026-10-03T16:05:09.7590616Z           "json.Unmarshal",
source_go	Real Go source ownership and AST dependency graph	2026-10-03T16:05:09.7590916Z           "json.Unmarshal",
source_go	Real Go source ownership and AST dependency graph	2026-10-03T16:05:09.7591037Z           "t.Fatal",
source_go	Real Go source ownership and AST dependency graph	2026-10-03T16:05:09.7591195Z           "strconv.FormatInt",
source_go	Real Go source ownership and AST dependency graph	2026-10-03T16:05:09.7591314Z           "float64",
source_go	Real Go source ownership and AST dependency graph	2026-10-03T16:05:09.7591428Z           "t.Fatal",
source_go	Real Go source ownership and AST dependency graph	2026-10-03T16:05:09.7591670Z           "json.Marshal",
source_go	Real Go source ownership and AST dependency graph	2026-10-03T16:05:09.7591807Z           "json.Marshal",
source_go	Real Go source ownership and AST dependency graph	2026-10-03T16:05:09.7591925Z           "string",
source_go	Real Go source ownership and AST dependency graph	2026-10-03T16:05:09.7592037Z           "string",
source_go	Real Go source ownership and AST dependency graph	2026-10-03T16:05:09.7592156Z           "t.Fatal",
source_go	Real Go source ownership and AST dependency graph	2026-10-03T16:05:09.7592282Z           "rows.Err",
source_go	Real Go source ownership and AST dependency graph	2026-10-03T16:05:09.7592396Z           "t.Fatal",
source_go	Real Go source ownership and AST dependency graph	2026-10-03T16:05:09.7592520Z           "t.Fatalf",
source_go	Real Go source ownership and AST dependency graph	2026-10-03T16:05:09.7592639Z           "db.Begin",
source_go	Real Go source ownership and AST dependency graph	2026-10-03T16:05:09.7592758Z           "t.Fatal",
source_go	Real Go source ownership and AST dependency graph	2026-10-03T16:05:09.7592916Z           "assembleFriendship",
source_go	Real Go source ownership and AST dependency graph	2026-10-03T16:05:09.7593039Z           "t.Fatalf",
source_go	Real Go source ownership and AST dependency graph	2026-10-03T16:05:09.7593168Z           "tx.Commit",
source_go	Real Go source ownership and AST dependency graph	2026-10-03T16:05:09.7593284Z           "t.Fatal",
source_go	Real Go source ownership and AST dependency graph	2026-10-03T16:05:09.7593399Z           "count",
source_go	Real Go source ownership and AST dependency graph	2026-10-03T16:05:09.7593517Z           "t.Fatal"
source_go	Real Go source ownership and AST dependency graph	2026-10-03T16:05:09.7593611Z         ],
source_go	Real Go source ownership and AST dependency graph	2026-10-03T16:05:09.7593726Z         "strings": [
source_go	Real Go source ownership and AST dependency graph	2026-10-03T16:05:09.7593848Z           "context",
source_go	Real Go source ownership and AST dependency graph	2026-10-03T16:05:09.7593991Z           "encoding/json",
source_go	Real Go source ownership and AST dependency graph	2026-10-03T16:05:09.7594222Z           "github.com/jackc/pgx/v5/pgxpool",
source_go	Real Go source ownership and AST dependency graph	2026-10-03T16:05:09.7594333Z           "os",
source_go	Real Go source ownership and AST dependency graph	2026-10-03T16:05:09.7594451Z           "strconv",
source_go	Real Go source ownership and AST dependency graph	2026-10-03T16:05:09.7594573Z           "testing",
source_go	Real Go source ownership and AST dependency graph	2026-10-03T16:05:09.7594713Z           "DB_TEST_ENABLE",
source_go	Real Go source ownership and AST dependency graph	2026-10-03T16:05:09.7594818Z           "1",
source_go	Real Go source ownership and AST dependency graph	2026-10-03T16:05:09.7595160Z           "set DB_TEST_ENABLE=1 with migrated disposable PostgreSQL",
source_go	Real Go source ownership and AST dependency graph	2026-10-03T16:05:09.7595263Z           "",
source_go	Real Go source ownership and AST dependency graph	2026-10-03T16:05:09.7595891Z           "INSERT INTO users(user_id,username,display_name,password_hash) VALUES($1,$2,'Social rollback','test-only')",
source_go	Real Go source ownership and AST dependency graph	2026-10-03T16:05:09.7596016Z           "social",
source_go	Real Go source ownership and AST dependency graph	2026-10-03T16:05:09.7596439Z           "DELETE FROM outbox_events WHERE aggregate_type='user' AND aggregate_id=$1",
source_go	Real Go source ownership and AST dependency graph	2026-10-03T16:05:09.7596705Z           "DELETE FROM user_sync_events WHERE user_id=$1",
source_go	Real Go source ownership and AST dependency graph	2026-10-03T16:05:09.7597079Z           "DELETE FROM friendships WHERE user_low_id=$1 AND user_high_id=$2",
source_go	Real Go source ownership and AST dependency graph	2026-10-03T16:05:09.7598001Z           "DELETE FROM conversation_members WHERE conversation_id IN (SELECT conversation_id FROM conversations WHERE direct_user_low_id=$1 AND direct_user_high_id=$2)",
source_go	Real Go source ownership and AST dependency graph	2026-10-03T16:05:09.7598587Z           "DELETE FROM conversations WHERE direct_user_low_id=$1 AND direct_user_high_id=$2",
source_go	Real Go source ownership and AST dependency graph	2026-10-03T16:05:09.7598808Z           "DELETE FROM users WHERE user_id=$1",
source_go	Real Go source ownership and AST dependency graph	2026-10-03T16:05:09.7598958Z           "assembly: %v %v",
source_go	Real Go source ownership and AST dependency graph	2026-10-03T16:05:09.7599369Z           "SELECT count(*) FROM friendships WHERE user_low_id=$1 AND user_high_id=$2",
source_go	Real Go source ownership and AST dependency graph	2026-10-03T16:05:09.7599873Z           "SELECT count(*) FROM conversations WHERE direct_user_low_id=$1 AND direct_user_high_id=$2",
source_go	Real Go source ownership and AST dependency graph	2026-10-03T16:05:09.7600255Z           "SELECT count(*) FROM conversation_members WHERE user_id IN ($1,$2)",
source_go	Real Go source ownership and AST dependency graph	2026-10-03T16:05:09.7600606Z           "SELECT count(*) FROM user_sync_events WHERE user_id IN ($1,$2)",
source_go	Real Go source ownership and AST dependency graph	2026-10-03T16:05:09.7601111Z           "SELECT count(*) FROM outbox_events WHERE aggregate_type='user' AND aggregate_id IN ($1,$2)",
source_go	Real Go source ownership and AST dependency graph	2026-10-03T16:05:09.7601313Z           "caller rollback left effects",
source_go	Real Go source ownership and AST dependency graph	2026-10-03T16:05:09.7602043Z           "INSERT INTO conversations(conversation_id,kind,direct_user_low_id,direct_user_high_id,created_by) VALUES($1,'DIRECT',$2,$3,$2)",
source_go	Real Go source ownership and AST dependency graph	2026-10-03T16:05:09.7602621Z           "INSERT INTO conversation_members(conversation_id,user_id,role,left_at) VALUES($1,$2,'MEMBER',now())",
source_go	Real Go source ownership and AST dependency graph	2026-10-03T16:05:09.7602847Z           "expected partial-assembly conflict",
source_go	Real Go source ownership and AST dependency graph	2026-10-03T16:05:09.7603251Z           "SELECT count(*) FROM friendships WHERE user_low_id=$1 AND user_high_id=$2",
source_go	Real Go source ownership and AST dependency graph	2026-10-03T16:05:09.7603625Z           "SELECT count(*) FROM conversation_members WHERE conversation_id=$1",
source_go	Real Go source ownership and AST dependency graph	2026-10-03T16:05:09.7603964Z           "SELECT count(*) FROM user_sync_events WHERE user_id IN ($1,$2)",
source_go	Real Go source ownership and AST dependency graph	2026-10-03T16:05:09.7604276Z           "failed assembly leaked writes",
source_go	Real Go source ownership and AST dependency graph	2026-10-03T16:05:09.7604614Z           "DELETE FROM conversation_members WHERE conversation_id=$1",
source_go	Real Go source ownership and AST dependency graph	2026-10-03T16:05:09.7604762Z           "reuse %s %v %v",
source_go	Real Go source ownership and AST dependency graph	2026-10-03T16:05:09.7606032Z           "SELECT s.user_id,s.cursor_id,s.event_type,s.payload,o.event_id,o.payload FROM user_sync_events s JOIN outbox_events o ON o.aggregate_id=s.user_id AND o.event_id=(s.payload->>'eventId')::uuid WHERE s.user_id IN ($1,$2)",
source_go	Real Go source ownership and AST dependency graph	2026-10-03T16:05:09.7606282Z           "json:\"userId\"",
source_go	Real Go source ownership and AST dependency graph	2026-10-03T16:05:09.7606430Z           "json:\"event\"",
source_go	Real Go source ownership and AST dependency graph	2026-10-03T16:05:09.7606580Z           "malformed event",
source_go	Real Go source ownership and AST dependency graph	2026-10-03T16:05:09.7606703Z           "eventId",
source_go	Real Go source ownership and AST dependency graph	2026-10-03T16:05:09.7606823Z           "cursor",
source_go	Real Go source ownership and AST dependency graph	2026-10-03T16:05:09.7606931Z           "kind",
source_go	Real Go source ownership and AST dependency graph	2026-10-03T16:05:09.7607057Z           "revision",
source_go	Real Go source ownership and AST dependency graph	2026-10-03T16:05:09.7607235Z           "event metadata mismatch",
source_go	Real Go source ownership and AST dependency graph	2026-10-03T16:05:09.7607434Z           "Sync/Outbox payload mismatch",
source_go	Real Go source ownership and AST dependency graph	2026-10-03T16:05:09.7607605Z           "matched event count %d",
source_go	Real Go source ownership and AST dependency graph	2026-10-03T16:05:09.7607786Z           "existing reuse %s %v %v",
source_go	Real Go source ownership and AST dependency graph	2026-10-03T16:05:09.7608305Z           "SELECT count(*) FROM outbox_events WHERE aggregate_type='user' AND aggregate_id IN ($1,$2)",
source_go	Real Go source ownership and AST dependency graph	2026-10-03T16:05:09.7608691Z           "retry duplicated effects"
source_go	Real Go source ownership and AST dependency graph	2026-10-03T16:05:09.7608792Z         ]
source_go	Real Go source ownership and AST dependency graph	2026-10-03T16:05:09.7608876Z       },
source_go	Real Go source ownership and AST dependency graph	2026-10-03T16:05:09.7608962Z       {
source_go	Real Go source ownership and AST dependency graph	2026-10-03T16:05:09.7609117Z         "path": "core/sync.go",
source_go	Real Go source ownership and AST dependency graph	2026-10-03T16:05:09.7609256Z         "package": "core",
source_go	Real Go source ownership and AST dependency graph	2026-10-03T16:05:09.7609371Z         "imports": [
source_go	Real Go source ownership and AST dependency graph	2026-10-03T16:05:09.7609489Z           "bufio",
source_go	Real Go source ownership and AST dependency graph	2026-10-03T16:05:09.7609603Z           "bytes",
source_go	Real Go source ownership and AST dependency graph	2026-10-03T16:05:09.7609721Z           "context",
source_go	Real Go source ownership and AST dependency graph	2026-10-03T16:05:09.7609860Z           "crypto/hmac",
source_go	Real Go source ownership and AST dependency graph	2026-10-03T16:05:09.7609999Z           "crypto/sha256",
source_go	Real Go source ownership and AST dependency graph	2026-10-03T16:05:09.7610149Z           "encoding/base64",
source_go	Real Go source ownership and AST dependency graph	2026-10-03T16:05:09.7610293Z           "encoding/binary",
source_go	Real Go source ownership and AST dependency graph	2026-10-03T16:05:09.7610435Z           "encoding/json",
source_go	Real Go source ownership and AST dependency graph	2026-10-03T16:05:09.7610553Z           "errors",
source_go	Real Go source ownership and AST dependency graph	2026-10-03T16:05:09.7610662Z           "io",
source_go	Real Go source ownership and AST dependency graph	2026-10-03T16:05:09.7610773Z           "math",
source_go	Real Go source ownership and AST dependency graph	2026-10-03T16:05:09.7610896Z           "net/http",
source_go	Real Go source ownership and AST dependency graph	2026-10-03T16:05:09.7611014Z           "regexp",
source_go	Real Go source ownership and AST dependency graph	2026-10-03T16:05:09.7611131Z           "strconv",
source_go	Real Go source ownership and AST dependency graph	2026-10-03T16:05:09.7611253Z           "strings",
source_go	Real Go source ownership and AST dependency graph	2026-10-03T16:05:09.7611361Z           "time",
source_go	Real Go source ownership and AST dependency graph	2026-10-03T16:05:09.7611535Z           "github.com/jackc/pgx/v5"
source_go	Real Go source ownership and AST dependency graph	2026-10-03T16:05:09.7611628Z         ],
source_go	Real Go source ownership and AST dependency graph	2026-10-03T16:05:09.7611750Z         "functions": [
source_go	Real Go source ownership and AST dependency graph	2026-10-03T16:05:09.7611890Z           "syncInteger",
source_go	Real Go source ownership and AST dependency graph	2026-10-03T16:05:09.7612021Z           "syncFailure",
source_go	Real Go source ownership and AST dependency graph	2026-10-03T16:05:09.7612151Z           "syncInput",
source_go	Real Go source ownership and AST dependency graph	2026-10-03T16:05:09.7612282Z           "syncCursor",
source_go	Real Go source ownership and AST dependency graph	2026-10-03T16:05:09.7612424Z           "syncPosition",
source_go	Real Go source ownership and AST dependency graph	2026-10-03T16:05:09.7612546Z           "syncUser",
source_go	Real Go source ownership and AST dependency graph	2026-10-03T16:05:09.7612706Z           "syncConversation",
source_go	Real Go source ownership and AST dependency graph	2026-10-03T16:05:09.7612878Z           "conversationHistory",
source_go	Real Go source ownership and AST dependency graph	2026-10-03T16:05:09.7613027Z           "syncAuthenticate",
source_go	Real Go source ownership and AST dependency graph	2026-10-03T16:05:09.7613155Z           "syncJSON",
source_go	Real Go source ownership and AST dependency graph	2026-10-03T16:05:09.7613294Z           "syncJSONNumber"
source_go	Real Go source ownership and AST dependency graph	2026-10-03T16:05:09.7613386Z         ],
source_go	Real Go source ownership and AST dependency graph	2026-10-03T16:05:09.7613494Z         "types": [
source_go	Real Go source ownership and AST dependency graph	2026-10-03T16:05:09.7613635Z           "syncUserEvent",
source_go	Real Go source ownership and AST dependency graph	2026-10-03T16:05:09.7613799Z           "conversationRequest"
source_go	Real Go source ownership and AST dependency graph	2026-10-03T16:05:09.7613889Z         ],
source_go	Real Go source ownership and AST dependency graph	2026-10-03T16:05:09.7613998Z         "calls": [
source_go	Real Go source ownership and AST dependency graph	2026-10-03T16:05:09.7614155Z           "regexp.MustCompile",
source_go	Real Go source ownership and AST dependency graph	2026-10-03T16:05:09.7614361Z           "syncNumber.FindStringSubmatch",
source_go	Real Go source ownership and AST dependency graph	2026-10-03T16:05:09.7614474Z           "string",
source_go	Real Go source ownership and AST dependency graph	2026-10-03T16:05:09.7614631Z           "strings.TrimLeft",
source_go	Real Go source ownership and AST dependency graph	2026-10-03T16:05:09.7614740Z           "int64",
source_go	Real Go source ownership and AST dependency graph	2026-10-03T16:05:09.7614894Z           "strconv.ParseInt",
source_go	Real Go source ownership and AST dependency graph	2026-10-03T16:05:09.7615050Z           "strings.HasPrefix",
source_go	Real Go source ownership and AST dependency graph	2026-10-03T16:05:09.7615159Z           "int64",
source_go	Real Go source ownership and AST dependency graph	2026-10-03T16:05:09.7615270Z           "len",
source_go	Real Go source ownership and AST dependency graph	2026-10-03T16:05:09.7615378Z           "int64",
source_go	Real Go source ownership and AST dependency graph	2026-10-03T16:05:09.7615484Z           "len",
source_go	Real Go source ownership and AST dependency graph	2026-10-03T16:05:09.7615593Z           "int64",
source_go	Real Go source ownership and AST dependency graph	2026-10-03T16:05:09.7615816Z           "len",
source_go	Real Go source ownership and AST dependency graph	2026-10-03T16:05:09.7615922Z           "len",
source_go	Real Go source ownership and AST dependency graph	2026-10-03T16:05:09.7616030Z           "int",
source_go	Real Go source ownership and AST dependency graph	2026-10-03T16:05:09.7616169Z           "strings.Trim",
source_go	Real Go source ownership and AST dependency graph	2026-10-03T16:05:09.7616273Z           "len",
source_go	Real Go source ownership and AST dependency graph	2026-10-03T16:05:09.7616480Z           "int",
source_go	Real Go source ownership and AST dependency graph	2026-10-03T16:05:09.7616640Z           "strconv.FormatInt",
source_go	Real Go source ownership and AST dependency graph	2026-10-03T16:05:09.7616751Z           "int64",
source_go	Real Go source ownership and AST dependency graph	2026-10-03T16:05:09.7616853Z           "len",
source_go	Real Go source ownership and AST dependency graph	2026-10-03T16:05:09.7616967Z           "int64",
source_go	Real Go source ownership and AST dependency graph	2026-10-03T16:05:09.7617073Z           "len",
source_go	Real Go source ownership and AST dependency graph	2026-10-03T16:05:09.7617189Z           "int64",
source_go	Real Go source ownership and AST dependency graph	2026-10-03T16:05:09.7617301Z           "len",
source_go	Real Go source ownership and AST dependency graph	2026-10-03T16:05:09.7617447Z           "strings.Repeat",
source_go	Real Go source ownership and AST dependency graph	2026-10-03T16:05:09.7617555Z           "int",
source_go	Real Go source ownership and AST dependency graph	2026-10-03T16:05:09.7617658Z           "len",
source_go	Real Go source ownership and AST dependency graph	2026-10-03T16:05:09.7617764Z           "len",
source_go	Real Go source ownership and AST dependency graph	2026-10-03T16:05:09.7617918Z           "strconv.ParseInt",
source_go	Real Go source ownership and AST dependency graph	2026-10-03T16:05:09.7618050Z           "errors.As",
source_go	Real Go source ownership and AST dependency graph	2026-10-03T16:05:09.7618178Z           "http.Error",
source_go	Real Go source ownership and AST dependency graph	2026-10-03T16:05:09.7618311Z           "writeJSON",
source_go	Real Go source ownership and AST dependency graph	2026-10-03T16:05:09.7618423Z           ".Set",
source_go	Real Go source ownership and AST dependency graph	2026-10-03T16:05:09.7618777Z           "w.Header",
source_go	Real Go source ownership and AST dependency graph	2026-10-03T16:05:09.7618893Z           "uuid",
source_go	Real Go source ownership and AST dependency graph	2026-10-03T16:05:09.7619014Z           "syncJSON",
source_go	Real Go source ownership and AST dependency graph	2026-10-03T16:05:09.7619164Z           "json.Unmarshal",
source_go	Real Go source ownership and AST dependency graph	2026-10-03T16:05:09.7619311Z           "json.Unmarshal",
source_go	Real Go source ownership and AST dependency graph	2026-10-03T16:05:09.7619524Z           "socialUUIDPattern.MatchString",
source_go	Real Go source ownership and AST dependency graph	2026-10-03T16:05:09.7619661Z           "syncFailure",
source_go	Real Go source ownership and AST dependency graph	2026-10-03T16:05:09.7619863Z           "socialUUIDPattern.MatchString",
source_go	Real Go source ownership and AST dependency graph	2026-10-03T16:05:09.7619980Z           "reject",
source_go	Real Go source ownership and AST dependency graph	2026-10-03T16:05:09.7620087Z           "fail",
source_go	Real Go source ownership and AST dependency graph	2026-10-03T16:05:09.7620205Z           "bearer",
source_go	Real Go source ownership and AST dependency graph	2026-10-03T16:05:09.7620317Z           "reject",
source_go	Real Go source ownership and AST dependency graph	2026-10-03T16:05:09.7620460Z           "s.authenticate",
source_go	Real Go source ownership and AST dependency graph	2026-10-03T16:05:09.7620585Z           "r.Context",
source_go	Real Go source ownership and AST dependency graph	2026-10-03T16:05:09.7620700Z           "reject",
source_go	Real Go source ownership and AST dependency graph	2026-10-03T16:05:09.7620818Z           "string",
source_go	Real Go source ownership and AST dependency graph	2026-10-03T16:05:09.7620960Z           "json.Unmarshal",
source_go	Real Go source ownership and AST dependency graph	2026-10-03T16:05:09.7621076Z           "reject",
source_go	Real Go source ownership and AST dependency graph	2026-10-03T16:05:09.7621186Z           "fail",
source_go	Real Go source ownership and AST dependency graph	2026-10-03T16:05:09.7621302Z           "reject",
source_go	Real Go source ownership and AST dependency graph	2026-10-03T16:05:09.7621408Z           "fail",
source_go	Real Go source ownership and AST dependency graph	2026-10-03T16:05:09.7621517Z           "len",
source_go	Real Go source ownership and AST dependency graph	2026-10-03T16:05:09.7621620Z           "len",
source_go	Real Go source ownership and AST dependency graph	2026-10-03T16:05:09.7621740Z           "reject",
source_go	Real Go source ownership and AST dependency graph	2026-10-03T16:05:09.7621853Z           "fail",
source_go	Real Go source ownership and AST dependency graph	2026-10-03T16:05:09.7621965Z           "reject",
source_go	Real Go source ownership and AST dependency graph	2026-10-03T16:05:09.7622075Z           "fail",
source_go	Real Go source ownership and AST dependency graph	2026-10-03T16:05:09.7622216Z           "json.Unmarshal",
source_go	Real Go source ownership and AST dependency graph	2026-10-03T16:05:09.7622332Z           "reject",
source_go	Real Go source ownership and AST dependency graph	2026-10-03T16:05:09.7622438Z           "fail",
source_go	Real Go source ownership and AST dependency graph	2026-10-03T16:05:09.7622549Z           "make",
source_go	Real Go source ownership and AST dependency graph	2026-10-03T16:05:09.7622749Z           "binary.BigEndian.PutUint64",
source_go	Real Go source ownership and AST dependency graph	2026-10-03T16:05:09.7622863Z           "uint64",
source_go	Real Go source ownership and AST dependency graph	2026-10-03T16:05:09.7622988Z           "hmac.New",
source_go	Real Go source ownership and AST dependency graph	2026-10-03T16:05:09.7623110Z           "mac.Write",
source_go	Real Go source ownership and AST dependency graph	2026-10-03T16:05:09.7623213Z           "",
source_go	Real Go source ownership and AST dependency graph	2026-10-03T16:05:09.7623362Z           "strings.ToLower",
source_go	Real Go source ownership and AST dependency graph	2026-10-03T16:05:09.7623491Z           "mac.Write",
source_go	Real Go source ownership and AST dependency graph	2026-10-03T16:05:09.7623735Z           "base64.RawURLEncoding.EncodeToString",
source_go	Real Go source ownership and AST dependency graph	2026-10-03T16:05:09.7623856Z           "append",
source_go	Real Go source ownership and AST dependency graph	2026-10-03T16:05:09.7623976Z           "mac.Sum",
source_go	Real Go source ownership and AST dependency graph	2026-10-03T16:05:09.7624200Z           "base64.RawURLEncoding.DecodeString",
source_go	Real Go source ownership and AST dependency graph	2026-10-03T16:05:09.7624313Z           "len",
source_go	Real Go source ownership and AST dependency graph	2026-10-03T16:05:09.7624506Z           "binary.BigEndian.Uint64",
source_go	Real Go source ownership and AST dependency graph	2026-10-03T16:05:09.7624648Z           "s.syncCursor",
source_go	Real Go source ownership and AST dependency graph	2026-10-03T16:05:09.7624761Z           "int64",
source_go	Real Go source ownership and AST dependency graph	2026-10-03T16:05:09.7624873Z           "int64",
source_go	Real Go source ownership and AST dependency graph	2026-10-03T16:05:09.7625000Z           "hmac.Equal",
source_go	Real Go source ownership and AST dependency graph	2026-10-03T16:05:09.7625102Z           "",
source_go	Real Go source ownership and AST dependency graph	2026-10-03T16:05:09.7625202Z           "",
source_go	Real Go source ownership and AST dependency graph	2026-10-03T16:05:09.7625334Z           "s.syncInput",
source_go	Real Go source ownership and AST dependency graph	2026-10-03T16:05:09.7625468Z           "syncFailure",
source_go	Real Go source ownership and AST dependency graph	2026-10-03T16:05:09.7625598Z           "syncInteger",
source_go	Real Go source ownership and AST dependency graph	2026-10-03T16:05:09.7625744Z           "json.Unmarshal",
source_go	Real Go source ownership and AST dependency graph	2026-10-03T16:05:09.7625849Z           "len",
source_go	Real Go source ownership and AST dependency graph	2026-10-03T16:05:09.7625959Z           "len",
source_go	Real Go source ownership and AST dependency graph	2026-10-03T16:05:09.7626075Z           "reject",
source_go	Real Go source ownership and AST dependency graph	2026-10-03T16:05:09.7626351Z           "fail",
source_go	Real Go source ownership and AST dependency graph	2026-10-03T16:05:09.7626511Z           "s.syncPosition",
source_go	Real Go source ownership and AST dependency graph	2026-10-03T16:05:09.7626626Z           "reject",
source_go	Real Go source ownership and AST dependency graph	2026-10-03T16:05:09.7626736Z           "fail",
source_go	Real Go source ownership and AST dependency graph	2026-10-03T16:05:09.7626861Z           "r.Context",
source_go	Real Go source ownership and AST dependency graph	2026-10-03T16:05:09.7627096Z           "s.db.Begin",
source_go	Real Go source ownership and AST dependency graph	2026-10-03T16:05:09.7627211Z           "reject",
source_go	Real Go source ownership and AST dependency graph	2026-10-03T16:05:09.7627351Z           "tx.Rollback",
source_go	Real Go source ownership and AST dependency graph	2026-10-03T16:05:09.7627468Z           ".Scan",
source_go	Real Go source ownership and AST dependency graph	2026-10-03T16:05:09.7627598Z           "tx.QueryRow",
source_go	Real Go source ownership and AST dependency graph	2026-10-03T16:05:09.7627719Z           "reject",
source_go	Real Go source ownership and AST dependency graph	2026-10-03T16:05:09.7627830Z           ".Scan",
source_go	Real Go source ownership and AST dependency graph	2026-10-03T16:05:09.7627964Z           "tx.QueryRow",
source_go	Real Go source ownership and AST dependency graph	2026-10-03T16:05:09.7628093Z           "errors.Is",
source_go	Real Go source ownership and AST dependency graph	2026-10-03T16:05:09.7628209Z           "reject",
source_go	Real Go source ownership and AST dependency graph	2026-10-03T16:05:09.7628366Z           "s.syncAuthenticate",
source_go	Real Go source ownership and AST dependency graph	2026-10-03T16:05:09.7628701Z           "reject",
source_go	Real Go source ownership and AST dependency graph	2026-10-03T16:05:09.7628826Z           ".Scan",
source_go	Real Go source ownership and AST dependency graph	2026-10-03T16:05:09.7628957Z           "tx.QueryRow",
source_go	Real Go source ownership and AST dependency graph	2026-10-03T16:05:09.7629074Z           "reject",
source_go	Real Go source ownership and AST dependency graph	2026-10-03T16:05:09.7629192Z           "reject",
source_go	Real Go source ownership and AST dependency graph	2026-10-03T16:05:09.7629303Z           "fail",
source_go	Real Go source ownership and AST dependency graph	2026-10-03T16:05:09.7629423Z           "tx.Query",
source_go	Real Go source ownership and AST dependency graph	2026-10-03T16:05:09.7629540Z           "reject",
source_go	Real Go source ownership and AST dependency graph	2026-10-03T16:05:09.7629647Z           "make",
source_go	Real Go source ownership and AST dependency graph	2026-10-03T16:05:09.7629777Z           "rows.Next",
source_go	Real Go source ownership and AST dependency graph	2026-10-03T16:05:09.7629910Z           "rows.Scan",
source_go	Real Go source ownership and AST dependency graph	2026-10-03T16:05:09.7630064Z           "json.NewDecoder",
source_go	Real Go source ownership and AST dependency graph	2026-10-03T16:05:09.7630212Z           "bytes.NewReader",
source_go	Real Go source ownership and AST dependency graph	2026-10-03T16:05:09.7630342Z           "d.UseNumber",
source_go	Real Go source ownership and AST dependency graph	2026-10-03T16:05:09.7630465Z           "d.Decode",
source_go	Real Go source ownership and AST dependency graph	2026-10-03T16:05:09.7630596Z           "syncInteger",
source_go	Real Go source ownership and AST dependency graph	2026-10-03T16:05:09.7630756Z           "json.RawMessage",
source_go	Real Go source ownership and AST dependency graph	2026-10-03T16:05:09.7630967Z           "socialUUIDPattern.MatchString",
source_go	Real Go source ownership and AST dependency graph	2026-10-03T16:05:09.7631169Z           "socialUUIDPattern.MatchString",
source_go	Real Go source ownership and AST dependency graph	2026-10-03T16:05:09.7631302Z           "errors.New",
source_go	Real Go source ownership and AST dependency graph	2026-10-03T16:05:09.7631437Z           "s.syncCursor",
source_go	Real Go source ownership and AST dependency graph	2026-10-03T16:05:09.7631555Z           "append",
source_go	Real Go source ownership and AST dependency graph	2026-10-03T16:05:09.7631678Z           "rows.Err",
source_go	Real Go source ownership and AST dependency graph	2026-10-03T16:05:09.7631815Z           "rows.Close",
source_go	Real Go source ownership and AST dependency graph	2026-10-03T16:05:09.7631928Z           "reject",
source_go	Real Go source ownership and AST dependency graph	2026-10-03T16:05:09.7632065Z           "tx.Commit",
source_go	Real Go source ownership and AST dependency graph	2026-10-03T16:05:09.7632182Z           "reject",
source_go	Real Go source ownership and AST dependency graph	2026-10-03T16:05:09.7632287Z           "len",
source_go	Real Go source ownership and AST dependency graph	2026-10-03T16:05:09.7632398Z           "int",
source_go	Real Go source ownership and AST dependency graph	2026-10-03T16:05:09.7632502Z           "len",
source_go	Real Go source ownership and AST dependency graph	2026-10-03T16:05:09.7632609Z           "len",
source_go	Real Go source ownership and AST dependency graph	2026-10-03T16:05:09.7632733Z           "writeJSON",
source_go	Real Go source ownership and AST dependency graph	2026-10-03T16:05:09.7632867Z           "s.syncInput",
source_go	Real Go source ownership and AST dependency graph	2026-10-03T16:05:09.7632996Z           "syncFailure",
source_go	Real Go source ownership and AST dependency graph	2026-10-03T16:05:09.7633131Z           "syncInteger",
source_go	Real Go source ownership and AST dependency graph	2026-10-03T16:05:09.7633266Z           "syncInteger",
source_go	Real Go source ownership and AST dependency graph	2026-10-03T16:05:09.7633409Z           "json.Unmarshal",
source_go	Real Go source ownership and AST dependency graph	2026-10-03T16:05:09.7633612Z           "socialUUIDPattern.MatchString",
source_go	Real Go source ownership and AST dependency graph	2026-10-03T16:05:09.7633726Z           "reject",
source_go	Real Go source ownership and AST dependency graph	2026-10-03T16:05:09.7633837Z           "fail",
source_go	Real Go source ownership and AST dependency graph	2026-10-03T16:05:09.7633992Z           "strings.ToLower",
source_go	Real Go source ownership and AST dependency graph	2026-10-03T16:05:09.7634122Z           "r.Context",
source_go	Real Go source ownership and AST dependency graph	2026-10-03T16:05:09.7634251Z           "s.db.Begin",
source_go	Real Go source ownership and AST dependency graph	2026-10-03T16:05:09.7634368Z           "reject",
source_go	Real Go source ownership and AST dependency graph	2026-10-03T16:05:09.7634510Z           "tx.Rollback",
source_go	Real Go source ownership and AST dependency graph	2026-10-03T16:05:09.7634621Z           ".Scan",
source_go	Real Go source ownership and AST dependency graph	2026-10-03T16:05:09.7634757Z           "tx.QueryRow",
source_go	Real Go source ownership and AST dependency graph	2026-10-03T16:05:09.7634882Z           "errors.Is",
source_go	Real Go source ownership and AST dependency graph	2026-10-03T16:05:09.7635012Z           "reject",
source_go	Real Go source ownership and AST dependency graph	2026-10-03T16:05:09.7635170Z           "s.syncAuthenticate",
source_go	Real Go source ownership and AST dependency graph	2026-10-03T16:05:09.7635288Z           "reject",
source_go	Real Go source ownership and AST dependency graph	2026-10-03T16:05:09.7635400Z           ".Scan",
source_go	Real Go source ownership and AST dependency graph	2026-10-03T16:05:09.7635532Z           "tx.QueryRow",
source_go	Real Go source ownership and AST dependency graph	2026-10-03T16:05:09.7635660Z           "errors.Is",
source_go	Real Go source ownership and AST dependency graph	2026-10-03T16:05:09.7635773Z           "reject",
source_go	Real Go source ownership and AST dependency graph	2026-10-03T16:05:09.7635934Z           "s.syncAuthenticate",
source_go	Real Go source ownership and AST dependency graph	2026-10-03T16:05:09.7636047Z           "reject",
source_go	Real Go source ownership and AST dependency graph	2026-10-03T16:05:09.7636177Z           "errors.Is",
source_go	Real Go source ownership and AST dependency graph	2026-10-03T16:05:09.7636289Z           "reject",
source_go	Real Go source ownership and AST dependency graph	2026-10-03T16:05:09.7636400Z           "fail",
source_go	Real Go source ownership and AST dependency graph	2026-10-03T16:05:09.7636523Z           "tx.Query",
source_go	Real Go source ownership and AST dependency graph	2026-10-03T16:05:09.7636635Z           "reject",
source_go	Real Go source ownership and AST dependency graph	2026-10-03T16:05:09.7636746Z           "make",
source_go	Real Go source ownership and AST dependency graph	2026-10-03T16:05:09.7637009Z           "rows.Next",
source_go	Real Go source ownership and AST dependency graph	2026-10-03T16:05:09.7637145Z           "rows.Scan",
source_go	Real Go source ownership and AST dependency graph	2026-10-03T16:05:09.7637274Z           "errors.New",
source_go	Real Go source ownership and AST dependency graph	2026-10-03T16:05:09.7637392Z           "append",
source_go	Real Go source ownership and AST dependency graph	2026-10-03T16:05:09.7637520Z           "rows.Err",
source_go	Real Go source ownership and AST dependency graph	2026-10-03T16:05:09.7637757Z           "rows.Close",
source_go	Real Go source ownership and AST dependency graph	2026-10-03T16:05:09.7637875Z           "reject",
source_go	Real Go source ownership and AST dependency graph	2026-10-03T16:05:09.7638000Z           "tx.Commit",
source_go	Real Go source ownership and AST dependency graph	2026-10-03T16:05:09.7638116Z           "reject",
source_go	Real Go source ownership and AST dependency graph	2026-10-03T16:05:09.7638220Z           "len",
source_go	Real Go source ownership and AST dependency graph	2026-10-03T16:05:09.7638327Z           "int",
source_go	Real Go source ownership and AST dependency graph	2026-10-03T16:05:09.7638449Z           "writeJSON",
source_go	Real Go source ownership and AST dependency graph	2026-10-03T16:05:09.7638686Z           "decode",
source_go	Real Go source ownership and AST dependency graph	2026-10-03T16:05:09.7638894Z           "socialUUIDPattern.MatchString",
source_go	Real Go source ownership and AST dependency graph	2026-10-03T16:05:09.7639093Z           "socialUUIDPattern.MatchString",
source_go	Real Go source ownership and AST dependency graph	2026-10-03T16:05:09.7639224Z           "writeError",
source_go	Real Go source ownership and AST dependency graph	2026-10-03T16:05:09.7639333Z           "fail",
source_go	Real Go source ownership and AST dependency graph	2026-10-03T16:05:09.7639448Z           "bearer",
source_go	Real Go source ownership and AST dependency graph	2026-10-03T16:05:09.7639575Z           "writeError",
source_go	Real Go source ownership and AST dependency graph	2026-10-03T16:05:09.7639699Z           "fail",
source_go	Real Go source ownership and AST dependency graph	2026-10-03T16:05:09.7639844Z           "s.codec.Parse",
source_go	Real Go source ownership and AST dependency graph	2026-10-03T16:05:09.7639978Z           "writeError",
source_go	Real Go source ownership and AST dependency graph	2026-10-03T16:05:09.7640089Z           "fail",
source_go	Real Go source ownership and AST dependency graph	2026-10-03T16:05:09.7640213Z           "r.Context",
source_go	Real Go source ownership and AST dependency graph	2026-10-03T16:05:09.7640347Z           "s.db.Begin",
source_go	Real Go source ownership and AST dependency graph	2026-10-03T16:05:09.7640475Z           "writeError",
source_go	Real Go source ownership and AST dependency graph	2026-10-03T16:05:09.7640612Z           "tx.Rollback",
source_go	Real Go source ownership and AST dependency graph	2026-10-03T16:05:09.7640761Z           "strings.ToLower",
source_go	Real Go source ownership and AST dependency graph	2026-10-03T16:05:09.7640924Z           "s.authorizeMessage",
source_go	Real Go source ownership and AST dependency graph	2026-10-03T16:05:09.7641058Z           "writeError",
source_go	Real Go source ownership and AST dependency graph	2026-10-03T16:05:09.7641178Z           "tx.Query",
source_go	Real Go source ownership and AST dependency graph	2026-10-03T16:05:09.7641316Z           "writeError",
source_go	Real Go source ownership and AST dependency graph	2026-10-03T16:05:09.7641423Z           "make",
source_go	Real Go source ownership and AST dependency graph	2026-10-03T16:05:09.7641555Z           "rows.Next",
source_go	Real Go source ownership and AST dependency graph	2026-10-03T16:05:09.7641678Z           "rows.Scan",
source_go	Real Go source ownership and AST dependency graph	2026-10-03T16:05:09.7641811Z           "rows.Close",
source_go	Real Go source ownership and AST dependency graph	2026-10-03T16:05:09.7641938Z           "writeError",
source_go	Real Go source ownership and AST dependency graph	2026-10-03T16:05:09.7642057Z           "append",
source_go	Real Go source ownership and AST dependency graph	2026-10-03T16:05:09.7642183Z           "rows.Err",
source_go	Real Go source ownership and AST dependency graph	2026-10-03T16:05:09.7642313Z           "rows.Close",
source_go	Real Go source ownership and AST dependency graph	2026-10-03T16:05:09.7642445Z           "writeError",
source_go	Real Go source ownership and AST dependency graph	2026-10-03T16:05:09.7642551Z           "len",
source_go	Real Go source ownership and AST dependency graph	2026-10-03T16:05:09.7642660Z           "len",
source_go	Real Go source ownership and AST dependency graph	2026-10-03T16:05:09.7642770Z           ".Scan",
source_go	Real Go source ownership and AST dependency graph	2026-10-03T16:05:09.7642914Z           "tx.QueryRow",
source_go	Real Go source ownership and AST dependency graph	2026-10-03T16:05:09.7643045Z           "writeError",
source_go	Real Go source ownership and AST dependency graph	2026-10-03T16:05:09.7643174Z           "tx.Commit",
source_go	Real Go source ownership and AST dependency graph	2026-10-03T16:05:09.7643306Z           "writeError",
source_go	Real Go source ownership and AST dependency graph	2026-10-03T16:05:09.7643429Z           "writeJSON",
source_go	Real Go source ownership and AST dependency graph	2026-10-03T16:05:09.7643574Z           "s.codec.Parse",
source_go	Real Go source ownership and AST dependency graph	2026-10-03T16:05:09.7643686Z           ".Scan",
source_go	Real Go source ownership and AST dependency graph	2026-10-03T16:05:09.7643822Z           "tx.QueryRow",
source_go	Real Go source ownership and AST dependency graph	2026-10-03T16:05:09.7643946Z           "errors.Is",
source_go	Real Go source ownership and AST dependency graph	2026-10-03T16:05:09.7644062Z           ".Scan",
source_go	Real Go source ownership and AST dependency graph	2026-10-03T16:05:09.7644197Z           "tx.QueryRow",
source_go	Real Go source ownership and AST dependency graph	2026-10-03T16:05:09.7644305Z           "fail",
source_go	Real Go source ownership and AST dependency graph	2026-10-03T16:05:09.7644416Z           "fail",
source_go	Real Go source ownership and AST dependency graph	2026-10-03T16:05:09.7644553Z           "expiry.After",
source_go	Real Go source ownership and AST dependency graph	2026-10-03T16:05:09.7644668Z           "s.now",
source_go	Real Go source ownership and AST dependency graph	2026-10-03T16:05:09.7644778Z           "fail",
source_go	Real Go source ownership and AST dependency graph	2026-10-03T16:05:09.7644888Z           "fail",
source_go	Real Go source ownership and AST dependency graph	2026-10-03T16:05:09.7644998Z           ".Scan",
source_go	Real Go source ownership and AST dependency graph	2026-10-03T16:05:09.7645133Z           "tx.QueryRow",
source_go	Real Go source ownership and AST dependency graph	2026-10-03T16:05:09.7645245Z           "fail",
source_go	Real Go source ownership and AST dependency graph	2026-10-03T16:05:09.7645358Z           "fail",
source_go	Real Go source ownership and AST dependency graph	2026-10-03T16:05:09.7645508Z           "bufio.NewReader",
source_go	Real Go source ownership and AST dependency graph	2026-10-03T16:05:09.7645617Z           "make",
source_go	Real Go source ownership and AST dependency graph	2026-10-03T16:05:09.7645765Z           "reader.ReadByte",
source_go	Real Go source ownership and AST dependency graph	2026-10-03T16:05:09.7645880Z           "append",
source_go	Real Go source ownership and AST dependency graph	2026-10-03T16:05:09.7645989Z           "len",
source_go	Real Go source ownership and AST dependency graph	2026-10-03T16:05:09.7646093Z           "len",
source_go	Real Go source ownership and AST dependency graph	2026-10-03T16:05:09.7646213Z           "append",
source_go	Real Go source ownership and AST dependency graph	2026-10-03T16:05:09.7646375Z           "reader.UnreadByte",
source_go	Real Go source ownership and AST dependency graph	2026-10-03T16:05:09.7646517Z           "syncJSONNumber",
source_go	Real Go source ownership and AST dependency graph	2026-10-03T16:05:09.7646637Z           "append",
source_go	Real Go source ownership and AST dependency graph	2026-10-03T16:05:09.7646750Z           "append",
source_go	Real Go source ownership and AST dependency graph	2026-10-03T16:05:09.7646857Z           "len",
source_go	Real Go source ownership and AST dependency graph	2026-10-03T16:05:09.7646987Z           "errors.New",
source_go	Real Go source ownership and AST dependency graph	2026-10-03T16:05:09.7647120Z           "errors.New",
source_go	Real Go source ownership and AST dependency graph	2026-10-03T16:05:09.7647364Z           "reader.Peek",
source_go	Real Go source ownership and AST dependency graph	2026-10-03T16:05:09.7647513Z           "reader.ReadByte",
source_go	Real Go source ownership and AST dependency graph	2026-10-03T16:05:09.7647627Z           "peek",
source_go	Real Go source ownership and AST dependency graph	2026-10-03T16:05:09.7647734Z           "take",
source_go	Real Go source ownership and AST dependency graph	2026-10-03T16:05:09.7647848Z           "digit",
source_go	Real Go source ownership and AST dependency graph	2026-10-03T16:05:09.7648051Z           "peek",
source_go	Real Go source ownership and AST dependency graph	2026-10-03T16:05:09.7648164Z           "make",
source_go	Real Go source ownership and AST dependency graph	2026-10-03T16:05:09.7648268Z           "len",
source_go	Real Go source ownership and AST dependency graph	2026-10-03T16:05:09.7648387Z           "append",
source_go	Real Go source ownership and AST dependency graph	2026-10-03T16:05:09.7648660Z           "take",
source_go	Real Go source ownership and AST dependency graph	2026-10-03T16:05:09.7648799Z           "coefficient",
source_go	Real Go source ownership and AST dependency graph	2026-10-03T16:05:09.7648914Z           "digit",
source_go	Real Go source ownership and AST dependency graph	2026-10-03T16:05:09.7649022Z           "peek",
source_go	Real Go source ownership and AST dependency graph	2026-10-03T16:05:09.7649138Z           "digit",
source_go	Real Go source ownership and AST dependency graph	2026-10-03T16:05:09.7649246Z           "peek",
source_go	Real Go source ownership and AST dependency graph	2026-10-03T16:05:09.7649383Z           "coefficient",
source_go	Real Go source ownership and AST dependency graph	2026-10-03T16:05:09.7649489Z           "take",
source_go	Real Go source ownership and AST dependency graph	2026-10-03T16:05:09.7649601Z           "peek",
source_go	Real Go source ownership and AST dependency graph	2026-10-03T16:05:09.7649714Z           "take",
source_go	Real Go source ownership and AST dependency graph	2026-10-03T16:05:09.7649824Z           "digit",
source_go	Real Go source ownership and AST dependency graph	2026-10-03T16:05:09.7649937Z           "peek",
source_go	Real Go source ownership and AST dependency graph	2026-10-03T16:05:09.7650052Z           "digit",
source_go	Real Go source ownership and AST dependency graph	2026-10-03T16:05:09.7650165Z           "peek",
source_go	Real Go source ownership and AST dependency graph	2026-10-03T16:05:09.7650299Z           "coefficient",
source_go	Real Go source ownership and AST dependency graph	2026-10-03T16:05:09.7650413Z           "take",
source_go	Real Go source ownership and AST dependency graph	2026-10-03T16:05:09.7650521Z           "peek",
source_go	Real Go source ownership and AST dependency graph	2026-10-03T16:05:09.7650639Z           "peek",
source_go	Real Go source ownership and AST dependency graph	2026-10-03T16:05:09.7650751Z           "take",
source_go	Real Go source ownership and AST dependency graph	2026-10-03T16:05:09.7650857Z           "peek",
source_go	Real Go source ownership and AST dependency graph	2026-10-03T16:05:09.7650970Z           "peek",
source_go	Real Go source ownership and AST dependency graph	2026-10-03T16:05:09.7651076Z           "take",
source_go	Real Go source ownership and AST dependency graph	2026-10-03T16:05:09.7651190Z           "digit",
source_go	Real Go source ownership and AST dependency graph	2026-10-03T16:05:09.7651297Z           "peek",
source_go	Real Go source ownership and AST dependency graph	2026-10-03T16:05:09.7651414Z           "digit",
source_go	Real Go source ownership and AST dependency graph	2026-10-03T16:05:09.7651522Z           "peek",
source_go	Real Go source ownership and AST dependency graph	2026-10-03T16:05:09.7651638Z           "int64",
source_go	Real Go source ownership and AST dependency graph	2026-10-03T16:05:09.7651750Z           "take",
source_go	Real Go source ownership and AST dependency graph	2026-10-03T16:05:09.7651857Z           "peek",
source_go	Real Go source ownership and AST dependency graph	2026-10-03T16:05:09.7652020Z           "strconv.FormatInt",
source_go	Real Go source ownership and AST dependency graph	2026-10-03T16:05:09.7652134Z           "string",
source_go	Real Go source ownership and AST dependency graph	2026-10-03T16:05:09.7652244Z           "int",
source_go	Real Go source ownership and AST dependency graph	2026-10-03T16:05:09.7652387Z           "strings.Repeat",
source_go	Real Go source ownership and AST dependency graph	2026-10-03T16:05:09.7652499Z           "int",
source_go	Real Go source ownership and AST dependency graph	2026-10-03T16:05:09.7652658Z           "strconv.FormatInt",
source_go	Real Go source ownership and AST dependency graph	2026-10-03T16:05:09.7652762Z           "len"
source_go	Real Go source ownership and AST dependency graph	2026-10-03T16:05:09.7652856Z         ],
source_go	Real Go source ownership and AST dependency graph	2026-10-03T16:05:09.7652971Z         "strings": [
source_go	Real Go source ownership and AST dependency graph	2026-10-03T16:05:09.7653092Z           "bufio",
source_go	Real Go source ownership and AST dependency graph	2026-10-03T16:05:09.7653205Z           "bytes",
source_go	Real Go source ownership and AST dependency graph	2026-10-03T16:05:09.7653327Z           "context",
source_go	Real Go source ownership and AST dependency graph	2026-10-03T16:05:09.7653463Z           "crypto/hmac",
source_go	Real Go source ownership and AST dependency graph	2026-10-03T16:05:09.7653609Z           "crypto/sha256",
source_go	Real Go source ownership and AST dependency graph	2026-10-03T16:05:09.7653760Z           "encoding/base64",
source_go	Real Go source ownership and AST dependency graph	2026-10-03T16:05:09.7653906Z           "encoding/binary",
source_go	Real Go source ownership and AST dependency graph	2026-10-03T16:05:09.7654049Z           "encoding/json",
source_go	Real Go source ownership and AST dependency graph	2026-10-03T16:05:09.7654164Z           "errors",
source_go	Real Go source ownership and AST dependency graph	2026-10-03T16:05:09.7654274Z           "io",
source_go	Real Go source ownership and AST dependency graph	2026-10-03T16:05:09.7654381Z           "math",
source_go	Real Go source ownership and AST dependency graph	2026-10-03T16:05:09.7654508Z           "net/http",
source_go	Real Go source ownership and AST dependency graph	2026-10-03T16:05:09.7654629Z           "regexp",
source_go	Real Go source ownership and AST dependency graph	2026-10-03T16:05:09.7654751Z           "strconv",
source_go	Real Go source ownership and AST dependency graph	2026-10-03T16:05:09.7654871Z           "strings",
source_go	Real Go source ownership and AST dependency graph	2026-10-03T16:05:09.7654981Z           "time",
source_go	Real Go source ownership and AST dependency graph	2026-10-03T16:05:09.7655162Z           "github.com/jackc/pgx/v5",
source_go	Real Go source ownership and AST dependency graph	2026-10-03T16:05:09.7655440Z           "^(-?)([0-9]+)(?:\\.([0-9]+))?(?:[eE]([+-]?[0-9]+))?$",
source_go	Real Go source ownership and AST dependency graph	2026-10-03T16:05:09.7655545Z           "0",
source_go	Real Go source ownership and AST dependency graph	2026-10-03T16:05:09.7655643Z           "",
source_go	Real Go source ownership and AST dependency graph	2026-10-03T16:05:09.7655752Z           "-",
source_go	Real Go source ownership and AST dependency graph	2026-10-03T16:05:09.7655851Z           "",
source_go	Real Go source ownership and AST dependency graph	2026-10-03T16:05:09.7655949Z           "-",
source_go	Real Go source ownership and AST dependency graph	2026-10-03T16:05:09.7656051Z           "0",
source_go	Real Go source ownership and AST dependency graph	2026-10-03T16:05:09.7656146Z           "",
source_go	Real Go source ownership and AST dependency graph	2026-10-03T16:05:09.7656247Z           "0",
source_go	Real Go source ownership and AST dependency graph	2026-10-03T16:05:09.7656398Z           "Sync unavailable",
source_go	Real Go source ownership and AST dependency graph	2026-10-03T16:05:09.7656514Z           "error",
source_go	Real Go source ownership and AST dependency graph	2026-10-03T16:05:09.7656622Z           "code",
source_go	Real Go source ownership and AST dependency graph	2026-10-03T16:05:09.7656745Z           "message",
source_go	Real Go source ownership and AST dependency graph	2026-10-03T16:05:09.7656874Z           "requestId",
source_go	Real Go source ownership and AST dependency graph	2026-10-03T16:05:09.7657016Z           "Cache-Control",
source_go	Real Go source ownership and AST dependency graph	2026-10-03T16:05:09.7657146Z           "no-store",
source_go	Real Go source ownership and AST dependency graph	2026-10-03T16:05:09.7657271Z           "requestId",
source_go	Real Go source ownership and AST dependency graph	2026-10-03T16:05:09.7657371Z           "",
source_go	Real Go source ownership and AST dependency graph	2026-10-03T16:05:09.7657467Z           "",
source_go	Real Go source ownership and AST dependency graph	2026-10-03T16:05:09.7657738Z           "VALIDATION_FAILED",
source_go	Real Go source ownership and AST dependency graph	2026-10-03T16:05:09.7657953Z           "Request body or query is invalid.",
source_go	Real Go source ownership and AST dependency graph	2026-10-03T16:05:09.7658091Z           "syncVersion",
source_go	Real Go source ownership and AST dependency graph	2026-10-03T16:05:09.7658204Z           "null",
source_go	Real Go source ownership and AST dependency graph	2026-10-03T16:05:09.7658538Z           "syncVersion",
source_go	Real Go source ownership and AST dependency graph	2026-10-03T16:05:09.7658699Z           "VALIDATION_FAILED",
source_go	Real Go source ownership and AST dependency graph	2026-10-03T16:05:09.7658878Z           "Sync version is invalid.",
source_go	Real Go source ownership and AST dependency graph	2026-10-03T16:05:09.7658989Z           "1.0",
source_go	Real Go source ownership and AST dependency graph	2026-10-03T16:05:09.7659182Z           "PROTOCOL_VERSION_UNSUPPORTED",
source_go	Real Go source ownership and AST dependency graph	2026-10-03T16:05:09.7659377Z           "Sync version is unsupported.",
source_go	Real Go source ownership and AST dependency graph	2026-10-03T16:05:09.7659517Z           "syncVersion",
source_go	Real Go source ownership and AST dependency graph	2026-10-03T16:05:09.7659625Z           "type",
source_go	Real Go source ownership and AST dependency graph	2026-10-03T16:05:09.7659753Z           "requestId",
source_go	Real Go source ownership and AST dependency graph	2026-10-03T16:05:09.7659863Z           "limit",
source_go	Real Go source ownership and AST dependency graph	2026-10-03T16:05:09.7660022Z           "sync.user.request",
source_go	Real Go source ownership and AST dependency graph	2026-10-03T16:05:09.7660169Z           "conversationId",
source_go	Real Go source ownership and AST dependency graph	2026-10-03T16:05:09.7660295Z           "afterSeq",
source_go	Real Go source ownership and AST dependency graph	2026-10-03T16:05:09.7660485Z           "sync.conversation.request",
source_go	Real Go source ownership and AST dependency graph	2026-10-03T16:05:09.7660613Z           "cursor",
source_go	Real Go source ownership and AST dependency graph	2026-10-03T16:05:09.7660768Z           "VALIDATION_FAILED",
source_go	Real Go source ownership and AST dependency graph	2026-10-03T16:05:09.7660943Z           "Sync fields are invalid.",
source_go	Real Go source ownership and AST dependency graph	2026-10-03T16:05:09.7661098Z           "VALIDATION_FAILED",
source_go	Real Go source ownership and AST dependency graph	2026-10-03T16:05:09.7661275Z           "Sync fields are invalid.",
source_go	Real Go source ownership and AST dependency graph	2026-10-03T16:05:09.7661389Z           "type",
source_go	Real Go source ownership and AST dependency graph	2026-10-03T16:05:09.7661539Z           "VALIDATION_FAILED",
source_go	Real Go source ownership and AST dependency graph	2026-10-03T16:05:09.7661709Z           "Sync type is invalid.",
source_go	Real Go source ownership and AST dependency graph	2026-10-03T16:05:09.7661909Z           "im-sync-user-cursor-v1\u0000",
source_go	Real Go source ownership and AST dependency graph	2026-10-03T16:05:09.7662024Z           "\u0000",
source_go	Real Go source ownership and AST dependency graph	2026-10-03T16:05:09.7662128Z           "0",
source_go	Real Go source ownership and AST dependency graph	2026-10-03T16:05:09.7662279Z           "json:\"eventId\"",
source_go	Real Go source ownership and AST dependency graph	2026-10-03T16:05:09.7662432Z           "json:\"cursor\"",
source_go	Real Go source ownership and AST dependency graph	2026-10-03T16:05:09.7662570Z           "json:\"kind\"",
source_go	Real Go source ownership and AST dependency graph	2026-10-03T16:05:09.7662734Z           "json:\"subjectId\"",
source_go	Real Go source ownership and AST dependency graph	2026-10-03T16:05:09.7662886Z           "json:\"revision\"",
source_go	Real Go source ownership and AST dependency graph	2026-10-03T16:05:09.7663005Z           "limit",
source_go	Real Go source ownership and AST dependency graph	2026-10-03T16:05:09.7663130Z           "cursor",
source_go	Real Go source ownership and AST dependency graph	2026-10-03T16:05:09.7663280Z           "VALIDATION_FAILED",
source_go	Real Go source ownership and AST dependency graph	2026-10-03T16:05:09.7663495Z           "Sync cursor or limit is invalid.",
source_go	Real Go source ownership and AST dependency graph	2026-10-03T16:05:09.7663644Z           "VALIDATION_FAILED",
source_go	Real Go source ownership and AST dependency graph	2026-10-03T16:05:09.7663820Z           "Sync cursor is invalid.",
source_go	Real Go source ownership and AST dependency graph	2026-10-03T16:05:09.7664158Z           "SELECT u.user_id FROM users u WHERE u.user_id=$1 FOR SHARE",
source_go	Real Go source ownership and AST dependency graph	2026-10-03T16:05:09.7664605Z           "SELECT session_id FROM sessions WHERE user_id=$1 AND client_type=$2 FOR SHARE",
source_go	Real Go source ownership and AST dependency graph	2026-10-03T16:05:09.7665628Z           "SELECT EXISTS(SELECT 1 FROM user_sync_events WHERE user_id=$1 AND cursor_id=$2 AND event_type IN ('friend.changed','conversation.changed','membership.changed','plugin.changed'))",
source_go	Real Go source ownership and AST dependency graph	2026-10-03T16:05:09.7665783Z           "VALIDATION_FAILED",
source_go	Real Go source ownership and AST dependency graph	2026-10-03T16:05:09.7665957Z           "Sync cursor is invalid.",
source_go	Real Go source ownership and AST dependency graph	2026-10-03T16:05:09.7667212Z           "SELECT cursor_id,event_type,payload FROM user_sync_events WHERE user_id=$1 AND cursor_id>$2 AND event_type IN ('friend.changed','conversation.changed','membership.changed','plugin.changed') ORDER BY cursor_id LIMIT $3",
source_go	Real Go source ownership and AST dependency graph	2026-10-03T16:05:09.7667458Z           "invalid authoritative metadata",
source_go	Real Go source ownership and AST dependency graph	2026-10-03T16:05:09.7667597Z           "syncVersion",
source_go	Real Go source ownership and AST dependency graph	2026-10-03T16:05:09.7667701Z           "1.0",
source_go	Real Go source ownership and AST dependency graph	2026-10-03T16:05:09.7667817Z           "type",
source_go	Real Go source ownership and AST dependency graph	2026-10-03T16:05:09.7667962Z           "sync.user.page",
source_go	Real Go source ownership and AST dependency graph	2026-10-03T16:05:09.7668090Z           "requestId",
source_go	Real Go source ownership and AST dependency graph	2026-10-03T16:05:09.7668206Z           "events",
source_go	Real Go source ownership and AST dependency graph	2026-10-03T16:05:09.7668339Z           "nextCursor",
source_go	Real Go source ownership and AST dependency graph	2026-10-03T16:05:09.7668558Z           "hasMore",
source_go	Real Go source ownership and AST dependency graph	2026-10-03T16:05:09.7668678Z           "limit",
source_go	Real Go source ownership and AST dependency graph	2026-10-03T16:05:09.7668804Z           "afterSeq",
source_go	Real Go source ownership and AST dependency graph	2026-10-03T16:05:09.7668950Z           "conversationId",
source_go	Real Go source ownership and AST dependency graph	2026-10-03T16:05:09.7669108Z           "VALIDATION_FAILED",
source_go	Real Go source ownership and AST dependency graph	2026-10-03T16:05:09.7669284Z           "Sync fields are invalid.",
source_go	Real Go source ownership and AST dependency graph	2026-10-03T16:05:09.7669726Z           "SELECT session_id FROM sessions WHERE user_id=$1 AND client_type=$2 FOR SHARE",
source_go	Real Go source ownership and AST dependency graph	2026-10-03T16:05:09.7670361Z           "SELECT user_id FROM conversation_members WHERE conversation_id=$1 AND user_id=$2 AND left_at IS NULL FOR SHARE",
source_go	Real Go source ownership and AST dependency graph	2026-10-03T16:05:09.7670654Z           "AUTHORIZATION_DENIED",
source_go	Real Go source ownership and AST dependency graph	2026-10-03T16:05:09.7670862Z           "Conversation access is denied.",
source_go	Real Go source ownership and AST dependency graph	2026-10-03T16:05:09.7671868Z           "SELECT conversation_id,seq,server_message_id,sender_id,request_id,created_at,text_body FROM messages WHERE conversation_id=$1 AND seq>$2 ORDER BY seq LIMIT $3",
source_go	Real Go source ownership and AST dependency graph	2026-10-03T16:05:09.7671983Z           "TEXT",
source_go	Real Go source ownership and AST dependency graph	2026-10-03T16:05:09.7672253Z           "noncontiguous authoritative message history",
source_go	Real Go source ownership and AST dependency graph	2026-10-03T16:05:09.7672394Z           "syncVersion",
source_go	Real Go source ownership and AST dependency graph	2026-10-03T16:05:09.7672504Z           "1.0",
source_go	Real Go source ownership and AST dependency graph	2026-10-03T16:05:09.7672612Z           "type",
source_go	Real Go source ownership and AST dependency graph	2026-10-03T16:05:09.7672796Z           "sync.conversation.page",
source_go	Real Go source ownership and AST dependency graph	2026-10-03T16:05:09.7672921Z           "requestId",
source_go	Real Go source ownership and AST dependency graph	2026-10-03T16:05:09.7673073Z           "conversationId",
source_go	Real Go source ownership and AST dependency graph	2026-10-03T16:05:09.7673194Z           "messages",
source_go	Real Go source ownership and AST dependency graph	2026-10-03T16:05:09.7673318Z           "hasMore",
source_go	Real Go source ownership and AST dependency graph	2026-10-03T16:05:09.7673487Z           "json:\"syncVersion\"",
source_go	Real Go source ownership and AST dependency graph	2026-10-03T16:05:09.7673631Z           "json:\"type\"",
source_go	Real Go source ownership and AST dependency graph	2026-10-03T16:05:09.7673793Z           "json:\"requestId\"",
source_go	Real Go source ownership and AST dependency graph	2026-10-03T16:05:09.7673969Z           "json:\"conversationId\"",
source_go	Real Go source ownership and AST dependency graph	2026-10-03T16:05:09.7674124Z           "json:\"afterSeq\"",
source_go	Real Go source ownership and AST dependency graph	2026-10-03T16:05:09.7674270Z           "json:\"limit\"",
source_go	Real Go source ownership and AST dependency graph	2026-10-03T16:05:09.7674383Z           "1.0",
source_go	Real Go source ownership and AST dependency graph	2026-10-03T16:05:09.7674572Z           "sync.conversation.request",
source_go	Real Go source ownership and AST dependency graph	2026-10-03T16:05:09.7674677Z           "",
source_go	Real Go source ownership and AST dependency graph	2026-10-03T16:05:09.7674835Z           "VALIDATION_FAILED",
source_go	Real Go source ownership and AST dependency graph	2026-10-03T16:05:09.7675011Z           "Request body is invalid.",
source_go	Real Go source ownership and AST dependency graph	2026-10-03T16:05:09.7675153Z           "AUTH_REQUIRED",
source_go	Real Go source ownership and AST dependency graph	2026-10-03T16:05:09.7675342Z           "Authentication is required.",
source_go	Real Go source ownership and AST dependency graph	2026-10-03T16:05:09.7675507Z           "AUTH_SESSION_REVOKED",
source_go	Real Go source ownership and AST dependency graph	2026-10-03T16:05:09.7675657Z           "Request rejected",
source_go	Real Go source ownership and AST dependency graph	2026-10-03T16:05:09.7676559Z           "SELECT server_message_id,sender_id,request_id,seq,created_at,text_body FROM messages WHERE conversation_id=$1 AND seq>$2 AND kind='TEXT' ORDER BY seq LIMIT $3",
source_go	Real Go source ownership and AST dependency graph	2026-10-03T16:05:09.7676677Z           "TEXT",
source_go	Real Go source ownership and AST dependency graph	2026-10-03T16:05:09.7677186Z           "SELECT EXISTS(SELECT 1 FROM messages WHERE conversation_id=$1 AND seq>$2 AND kind='TEXT')",
source_go	Real Go source ownership and AST dependency graph	2026-10-03T16:05:09.7677327Z           "syncVersion",
source_go	Real Go source ownership and AST dependency graph	2026-10-03T16:05:09.7677437Z           "1.0",
source_go	Real Go source ownership and AST dependency graph	2026-10-03T16:05:09.7677549Z           "type",
source_go	Real Go source ownership and AST dependency graph	2026-10-03T16:05:09.7677727Z           "sync.conversation.page",
source_go	Real Go source ownership and AST dependency graph	2026-10-03T16:05:09.7677857Z           "requestId",
source_go	Real Go source ownership and AST dependency graph	2026-10-03T16:05:09.7678003Z           "conversationId",
source_go	Real Go source ownership and AST dependency graph	2026-10-03T16:05:09.7678131Z           "messages",
source_go	Real Go source ownership and AST dependency graph	2026-10-03T16:05:09.7678255Z           "hasMore",
source_go	Real Go source ownership and AST dependency graph	2026-10-03T16:05:09.7679034Z           "SELECT session_id, client_type, session_epoch, status, expires_at FROM sessions WHERE user_id=$1 AND client_type=$2",
source_go	Real Go source ownership and AST dependency graph	2026-10-03T16:05:09.7679425Z           "SELECT client_type FROM sessions WHERE user_id=$1 AND session_id=$2",
source_go	Real Go source ownership and AST dependency graph	2026-10-03T16:05:09.7679607Z           "AUTH_CLIENT_TYPE_MISMATCH",
source_go	Real Go source ownership and AST dependency graph	2026-10-03T16:05:09.7679933Z           "Access token does not match the active client session.",
source_go	Real Go source ownership and AST dependency graph	2026-10-03T16:05:09.7680107Z           "AUTH_SESSION_REVOKED",
source_go	Real Go source ownership and AST dependency graph	2026-10-03T16:05:09.7680287Z           "Session has been revoked.",
source_go	Real Go source ownership and AST dependency graph	2026-10-03T16:05:09.7680406Z           "ACTIVE",
source_go	Real Go source ownership and AST dependency graph	2026-10-03T16:05:09.7680569Z           "AUTH_SESSION_REVOKED",
source_go	Real Go source ownership and AST dependency graph	2026-10-03T16:05:09.7680754Z           "Session has been revoked.",
source_go	Real Go source ownership and AST dependency graph	2026-10-03T16:05:09.7680927Z           "AUTH_SESSION_EPOCH_STALE",
source_go	Real Go source ownership and AST dependency graph	2026-10-03T16:05:09.7681192Z           "Access token carries a stale session epoch.",
source_go	Real Go source ownership and AST dependency graph	2026-10-03T16:05:09.7681568Z           "SELECT client_type FROM sessions WHERE user_id=$1 AND session_id=$2",
source_go	Real Go source ownership and AST dependency graph	2026-10-03T16:05:09.7681752Z           "AUTH_CLIENT_TYPE_MISMATCH",
source_go	Real Go source ownership and AST dependency graph	2026-10-03T16:05:09.7682080Z           "Access token does not match the active client session.",
source_go	Real Go source ownership and AST dependency graph	2026-10-03T16:05:09.7682237Z           "AUTH_TOKEN_INVALID",
source_go	Real Go source ownership and AST dependency graph	2026-10-03T16:05:09.7682495Z           "Access token and session binding disagree.",
source_go	Real Go source ownership and AST dependency graph	2026-10-03T16:05:09.7682747Z           "Sync nonnumeric JSON exceeds bounded buffer",
source_go	Real Go source ownership and AST dependency graph	2026-10-03T16:05:09.7683029Z           "invalid JSON number",
source_go	Real Go source ownership and AST dependency graph	2026-10-03T16:05:09.7683131Z           "",
source_go	Real Go source ownership and AST dependency graph	2026-10-03T16:05:09.7683228Z           "",
source_go	Real Go source ownership and AST dependency graph	2026-10-03T16:05:09.7683328Z           "",
source_go	Real Go source ownership and AST dependency graph	2026-10-03T16:05:09.7683423Z           "",
source_go	Real Go source ownership and AST dependency graph	2026-10-03T16:05:09.7683617Z           "",
source_go	Real Go source ownership and AST dependency graph	2026-10-03T16:05:09.7683716Z           "0",
source_go	Real Go source ownership and AST dependency graph	2026-10-03T16:05:09.7683822Z           "-1",
source_go	Real Go source ownership and AST dependency graph	2026-10-03T16:05:09.7683926Z           "0.5",
source_go	Real Go source ownership and AST dependency graph	2026-10-03T16:05:09.7684034Z           "0.5",
source_go	Real Go source ownership and AST dependency graph	2026-10-03T16:05:09.7684135Z           "0"
source_go	Real Go source ownership and AST dependency graph	2026-10-03T16:05:09.7684221Z         ]
source_go	Real Go source ownership and AST dependency graph	2026-10-03T16:05:09.7684307Z       },
source_go	Real Go source ownership and AST dependency graph	2026-10-03T16:05:09.7684388Z       {
source_go	Real Go source ownership and AST dependency graph	2026-10-03T16:05:09.7684579Z         "path": "core/sync_http_test.go",
source_go	Real Go source ownership and AST dependency graph	2026-10-03T16:05:09.7684714Z         "package": "core",
source_go	Real Go source ownership and AST dependency graph	2026-10-03T16:05:09.7684835Z         "imports": [
source_go	Real Go source ownership and AST dependency graph	2026-10-03T16:05:09.7684944Z           "bytes",
source_go	Real Go source ownership and AST dependency graph	2026-10-03T16:05:09.7685071Z           "context",
source_go	Real Go source ownership and AST dependency graph	2026-10-03T16:05:09.7685218Z           "encoding/json",
source_go	Real Go source ownership and AST dependency graph	2026-10-03T16:05:09.7685323Z           "fmt",
source_go	Real Go source ownership and AST dependency graph	2026-10-03T16:05:09.7685538Z           "github.com/jackc/pgx/v5/pgxpool",
source_go	Real Go source ownership and AST dependency graph	2026-10-03T16:05:09.7685647Z           "math",
source_go	Real Go source ownership and AST dependency graph	2026-10-03T16:05:09.7685805Z           "net/http/httptest",
source_go	Real Go source ownership and AST dependency graph	2026-10-03T16:05:09.7685921Z           "strings",
source_go	Real Go source ownership and AST dependency graph	2026-10-03T16:05:09.7686057Z           "sync/atomic",
source_go	Real Go source ownership and AST dependency graph	2026-10-03T16:05:09.7686177Z           "testing",
source_go	Real Go source ownership and AST dependency graph	2026-10-03T16:05:09.7686286Z           "time"
source_go	Real Go source ownership and AST dependency graph	2026-10-03T16:05:09.7686378Z         ],
source_go	Real Go source ownership and AST dependency graph	2026-10-03T16:05:09.7686500Z         "functions": [
source_go	Real Go source ownership and AST dependency graph	2026-10-03T16:05:09.7686703Z           "TestSyncExactIntegerBounded",
source_go	Real Go source ownership and AST dependency graph	2026-10-03T16:05:09.7686834Z           "syncFixture",
source_go	Real Go source ownership and AST dependency graph	2026-10-03T16:05:09.7686961Z           "syncBody",
source_go	Real Go source ownership and AST dependency graph	2026-10-03T16:05:09.7687081Z           "syncCall",
source_go	Real Go source ownership and AST dependency graph	2026-10-03T16:05:09.7687214Z           "syncDecode",
source_go	Real Go source ownership and AST dependency graph	2026-10-03T16:05:09.7687338Z           "syncEvent",
source_go	Real Go source ownership and AST dependency graph	2026-10-03T16:05:09.7687599Z           "TestPublicSyncPaginationReplayAndLatest",
source_go	Real Go source ownership and AST dependency graph	2026-10-03T16:05:09.7687865Z           "TestPublicSyncValidationAuthAndIsolation",
source_go	Real Go source ownership and AST dependency graph	2026-10-03T16:05:09.7688002Z           "syncWaitLock",
source_go	Real Go source ownership and AST dependency graph	2026-10-03T16:05:09.7688290Z           "TestUserSyncCommittedPrefixAndAuthAfterWait",
source_go	Real Go source ownership and AST dependency graph	2026-10-03T16:05:09.7688762Z           "TestPublicSyncMalformedCorrelationAndAuthFailures",
source_go	Real Go source ownership and AST dependency graph	2026-10-03T16:05:09.7689030Z           "TestUserSyncSessionChangesDuringLockWait",
source_go	Real Go source ownership and AST dependency graph	2026-10-03T16:05:09.7689339Z           "TestPublicSyncSingleConnectionConcurrentReaders",
source_go	Real Go source ownership and AST dependency graph	2026-10-03T16:05:09.7689612Z           "TestSyncStreamingNumbersAndOriginalGrammar",
source_go	Real Go source ownership and AST dependency graph	2026-10-03T16:05:09.7689847Z           "TestPublicSyncArbitraryNumericLength"
source_go	Real Go source ownership and AST dependency graph	2026-10-03T16:05:09.7689935Z         ],
source_go	Real Go source ownership and AST dependency graph	2026-10-03T16:05:09.7690061Z         "types": null,
source_go	Real Go source ownership and AST dependency graph	2026-10-03T16:05:09.7690172Z         "calls": [
source_go	Real Go source ownership and AST dependency graph	2026-10-03T16:05:09.7690287Z           "t.Run",
source_go	Real Go source ownership and AST dependency graph	2026-10-03T16:05:09.7690420Z           "syncInteger",
source_go	Real Go source ownership and AST dependency graph	2026-10-03T16:05:09.7690578Z           "json.RawMessage",
source_go	Real Go source ownership and AST dependency graph	2026-10-03T16:05:09.7690705Z           "t.Fatalf",
source_go	Real Go source ownership and AST dependency graph	2026-10-03T16:05:09.7690837Z           "syncInteger",
source_go	Real Go source ownership and AST dependency graph	2026-10-03T16:05:09.7690990Z           "json.RawMessage",
source_go	Real Go source ownership and AST dependency graph	2026-10-03T16:05:09.7691107Z           "t.Fatal",
source_go	Real Go source ownership and AST dependency graph	2026-10-03T16:05:09.7691272Z           "newMessageFixture",
source_go	Real Go source ownership and AST dependency graph	2026-10-03T16:05:09.7691397Z           "t.Cleanup",
source_go	Real Go source ownership and AST dependency graph	2026-10-03T16:05:09.7691525Z           "f.db.Exec",
source_go	Real Go source ownership and AST dependency graph	2026-10-03T16:05:09.7691687Z           "context.Background",
source_go	Real Go source ownership and AST dependency graph	2026-10-03T16:05:09.7691815Z           "f.db.Exec",
source_go	Real Go source ownership and AST dependency graph	2026-10-03T16:05:09.7691980Z           "context.Background",
source_go	Real Go source ownership and AST dependency graph	2026-10-03T16:05:09.7692116Z           "json.Number",
source_go	Real Go source ownership and AST dependency graph	2026-10-03T16:05:09.7692257Z           "json.Marshal",
source_go	Real Go source ownership and AST dependency graph	2026-10-03T16:05:09.7692420Z           "httptest.NewRequest",
source_go	Real Go source ownership and AST dependency graph	2026-10-03T16:05:09.7692573Z           "bytes.NewReader",
source_go	Real Go source ownership and AST dependency graph	2026-10-03T16:05:09.7692712Z           "r.Header.Set",
source_go	Real Go source ownership and AST dependency graph	2026-10-03T16:05:09.7692884Z           "httptest.NewRecorder",
source_go	Real Go source ownership and AST dependency graph	2026-10-03T16:05:09.7693019Z           ".ServeHTTP",
source_go	Real Go source ownership and AST dependency graph	2026-10-03T16:05:09.7693150Z           "f.s.handler",
source_go	Real Go source ownership and AST dependency graph	2026-10-03T16:05:09.7693274Z           "t.Helper",
source_go	Real Go source ownership and AST dependency graph	2026-10-03T16:05:09.7693419Z           "json.Unmarshal",
source_go	Real Go source ownership and AST dependency graph	2026-10-03T16:05:09.7693559Z           "w.Body.Bytes",
source_go	Real Go source ownership and AST dependency graph	2026-10-03T16:05:09.7693683Z           "t.Fatalf",
source_go	Real Go source ownership and AST dependency graph	2026-10-03T16:05:09.7693826Z           "w.Body.String",
source_go	Real Go source ownership and AST dependency graph	2026-10-03T16:05:09.7694049Z           ".Get",
source_go	Real Go source ownership and AST dependency graph	2026-10-03T16:05:09.7694174Z           "w.Header",
source_go	Real Go source ownership and AST dependency graph	2026-10-03T16:05:09.7694295Z           "t.Fatal",
source_go	Real Go source ownership and AST dependency graph	2026-10-03T16:05:09.7694414Z           "t.Fatalf",
source_go	Real Go source ownership and AST dependency graph	2026-10-03T16:05:09.7694539Z           "t.Helper",
source_go	Real Go source ownership and AST dependency graph	2026-10-03T16:05:09.7694794Z           "context.Background",
source_go	Real Go source ownership and AST dependency graph	2026-10-03T16:05:09.7694926Z           "f.db.Begin",
source_go	Real Go source ownership and AST dependency graph	2026-10-03T16:05:09.7695043Z           "t.Fatal",
source_go	Real Go source ownership and AST dependency graph	2026-10-03T16:05:09.7695180Z           "tx.Rollback",
source_go	Real Go source ownership and AST dependency graph	2026-10-03T16:05:09.7695302Z           "tx.Exec",
source_go	Real Go source ownership and AST dependency graph	2026-10-03T16:05:09.7695415Z           "t.Fatal",
source_go	Real Go source ownership and AST dependency graph	2026-10-03T16:05:09.7695576Z           "writeSocialEvent",
source_go	Real Go source ownership and AST dependency graph	2026-10-03T16:05:09.7695691Z           "t.Fatal",
source_go	Real Go source ownership and AST dependency graph	2026-10-03T16:05:09.7695820Z           "tx.Commit",
source_go	Real Go source ownership and AST dependency graph	2026-10-03T16:05:09.7695936Z           "t.Fatal",
source_go	Real Go source ownership and AST dependency graph	2026-10-03T16:05:09.7696072Z           "syncFixture",
source_go	Real Go source ownership and AST dependency graph	2026-10-03T16:05:09.7696232Z           "context.Background",
source_go	Real Go source ownership and AST dependency graph	2026-10-03T16:05:09.7696360Z           "syncEvent",
source_go	Real Go source ownership and AST dependency graph	2026-10-03T16:05:09.7696473Z           "uuid",
source_go	Real Go source ownership and AST dependency graph	2026-10-03T16:05:09.7696631Z           "f.s.commitMessage",
source_go	Real Go source ownership and AST dependency graph	2026-10-03T16:05:09.7696748Z           "f.send",
source_go	Real Go source ownership and AST dependency graph	2026-10-03T16:05:09.7696864Z           "t.Fatal",
source_go	Real Go source ownership and AST dependency graph	2026-10-03T16:05:09.7696991Z           "f.db.Exec",
source_go	Real Go source ownership and AST dependency graph	2026-10-03T16:05:09.7697107Z           "t.Fatal",
source_go	Real Go source ownership and AST dependency graph	2026-10-03T16:05:09.7697256Z           "f.s.codec.Sign",
source_go	Real Go source ownership and AST dependency graph	2026-10-03T16:05:09.7697363Z           "uuid",
source_go	Real Go source ownership and AST dependency graph	2026-10-03T16:05:09.7697487Z           "syncBody",
source_go	Real Go source ownership and AST dependency graph	2026-10-03T16:05:09.7697624Z           "json.Number",
source_go	Real Go source ownership and AST dependency graph	2026-10-03T16:05:09.7697752Z           "syncDecode",
source_go	Real Go source ownership and AST dependency graph	2026-10-03T16:05:09.7697879Z           "syncCall",
source_go	Real Go source ownership and AST dependency graph	2026-10-03T16:05:09.7697986Z           "len",
source_go	Real Go source ownership and AST dependency graph	2026-10-03T16:05:09.7698106Z           "t.Fatal",
source_go	Real Go source ownership and AST dependency graph	2026-10-03T16:05:09.7698211Z           "len",
source_go	Real Go source ownership and AST dependency graph	2026-10-03T16:05:09.7698330Z           "t.Fatal",
source_go	Real Go source ownership and AST dependency graph	2026-10-03T16:05:09.7698608Z           "t.Fatal",
source_go	Real Go source ownership and AST dependency graph	2026-10-03T16:05:09.7698718Z           "int",
source_go	Real Go source ownership and AST dependency graph	2026-10-03T16:05:09.7698837Z           "t.Fatal",
source_go	Real Go source ownership and AST dependency graph	2026-10-03T16:05:09.7698965Z           "fmt.Sprint",
source_go	Real Go source ownership and AST dependency graph	2026-10-03T16:05:09.7699098Z           "fmt.Sprint",
source_go	Real Go source ownership and AST dependency graph	2026-10-03T16:05:09.7699219Z           "t.Fatal",
source_go	Real Go source ownership and AST dependency graph	2026-10-03T16:05:09.7699351Z           "fmt.Sprint",
source_go	Real Go source ownership and AST dependency graph	2026-10-03T16:05:09.7699472Z           "t.Fatalf",
source_go	Real Go source ownership and AST dependency graph	2026-10-03T16:05:09.7699599Z           "syncBody",
source_go	Real Go source ownership and AST dependency graph	2026-10-03T16:05:09.7699730Z           "syncDecode",
source_go	Real Go source ownership and AST dependency graph	2026-10-03T16:05:09.7699854Z           "syncCall",
source_go	Real Go source ownership and AST dependency graph	2026-10-03T16:05:09.7699973Z           "t.Fatal",
source_go	Real Go source ownership and AST dependency graph	2026-10-03T16:05:09.7700096Z           "syncEvent",
source_go	Real Go source ownership and AST dependency graph	2026-10-03T16:05:09.7700209Z           "uuid",
source_go	Real Go source ownership and AST dependency graph	2026-10-03T16:05:09.7700361Z           "f.s.commitMessage",
source_go	Real Go source ownership and AST dependency graph	2026-10-03T16:05:09.7700481Z           "f.send",
source_go	Real Go source ownership and AST dependency graph	2026-10-03T16:05:09.7700597Z           "t.Fatal",
source_go	Real Go source ownership and AST dependency graph	2026-10-03T16:05:09.7700730Z           "syncDecode",
source_go	Real Go source ownership and AST dependency graph	2026-10-03T16:05:09.7700854Z           "syncCall",
source_go	Real Go source ownership and AST dependency graph	2026-10-03T16:05:09.7700961Z           "len",
source_go	Real Go source ownership and AST dependency graph	2026-10-03T16:05:09.7701082Z           "t.Fatal",
source_go	Real Go source ownership and AST dependency graph	2026-10-03T16:05:09.7701210Z           "syncDecode",
source_go	Real Go source ownership and AST dependency graph	2026-10-03T16:05:09.7701337Z           "syncCall",
source_go	Real Go source ownership and AST dependency graph	2026-10-03T16:05:09.7701475Z           "json.Marshal",
source_go	Real Go source ownership and AST dependency graph	2026-10-03T16:05:09.7701616Z           "json.Marshal",
source_go	Real Go source ownership and AST dependency graph	2026-10-03T16:05:09.7701750Z           "bytes.Equal",
source_go	Real Go source ownership and AST dependency graph	2026-10-03T16:05:09.7701871Z           "t.Fatal",
source_go	Real Go source ownership and AST dependency graph	2026-10-03T16:05:09.7702019Z           "f.s.codec.Sign",
source_go	Real Go source ownership and AST dependency graph	2026-10-03T16:05:09.7702148Z           "syncDecode",
source_go	Real Go source ownership and AST dependency graph	2026-10-03T16:05:09.7702273Z           "syncCall",
source_go	Real Go source ownership and AST dependency graph	2026-10-03T16:05:09.7702398Z           "syncBody",
source_go	Real Go source ownership and AST dependency graph	2026-10-03T16:05:09.7702521Z           "t.Fatal",
source_go	Real Go source ownership and AST dependency graph	2026-10-03T16:05:09.7702663Z           "f.s.newSession",
source_go	Real Go source ownership and AST dependency graph	2026-10-03T16:05:09.7702788Z           "t.Fatal",
source_go	Real Go source ownership and AST dependency graph	2026-10-03T16:05:09.7702935Z           "f.s.codec.Sign",
source_go	Real Go source ownership and AST dependency graph	2026-10-03T16:05:09.7703064Z           "syncDecode",
source_go	Real Go source ownership and AST dependency graph	2026-10-03T16:05:09.7703192Z           "syncCall",
source_go	Real Go source ownership and AST dependency graph	2026-10-03T16:05:09.7703312Z           "syncBody",
source_go	Real Go source ownership and AST dependency graph	2026-10-03T16:05:09.7703444Z           "syncDecode",
source_go	Real Go source ownership and AST dependency graph	2026-10-03T16:05:09.7703565Z           "syncCall",
source_go	Real Go source ownership and AST dependency graph	2026-10-03T16:05:09.7703676Z           "len",
source_go	Real Go source ownership and AST dependency graph	2026-10-03T16:05:09.7703792Z           "t.Fatal",
source_go	Real Go source ownership and AST dependency graph	2026-10-03T16:05:09.7703917Z           "f.count",
source_go	Real Go source ownership and AST dependency graph	2026-10-03T16:05:09.7704038Z           "t.Fatal",
source_go	Real Go source ownership and AST dependency graph	2026-10-03T16:05:09.7704171Z           "syncFixture",
source_go	Real Go source ownership and AST dependency graph	2026-10-03T16:05:09.7704432Z           "f.s.codec.Sign",
source_go	Real Go source ownership and AST dependency graph	2026-10-03T16:05:09.7704542Z           "uuid",
source_go	Real Go source ownership and AST dependency graph	2026-10-03T16:05:09.7704688Z           "json.Number",
source_go	Real Go source ownership and AST dependency graph	2026-10-03T16:05:09.7704798Z           "t.Run",
source_go	Real Go source ownership and AST dependency graph	2026-10-03T16:05:09.7704932Z           "fmt.Sprint",
source_go	Real Go source ownership and AST dependency graph	2026-10-03T16:05:09.7705185Z           "syncBody",
source_go	Real Go source ownership and AST dependency graph	2026-10-03T16:05:09.7705316Z           "tc.mutate",
source_go	Real Go source ownership and AST dependency graph	2026-10-03T16:05:09.7705452Z           "syncDecode",
source_go	Real Go source ownership and AST dependency graph	2026-10-03T16:05:09.7705571Z           "syncCall",
source_go	Real Go source ownership and AST dependency graph	2026-10-03T16:05:09.7705690Z           "t.Fatal",
source_go	Real Go source ownership and AST dependency graph	2026-10-03T16:05:09.7705830Z           "f.s.syncCursor",
source_go	Real Go source ownership and AST dependency graph	2026-10-03T16:05:09.7705978Z           "strings.Repeat",
source_go	Real Go source ownership and AST dependency graph	2026-10-03T16:05:09.7706107Z           "syncDecode",
source_go	Real Go source ownership and AST dependency graph	2026-10-03T16:05:09.7706232Z           "syncCall",
source_go	Real Go source ownership and AST dependency graph	2026-10-03T16:05:09.7706357Z           "syncBody",
source_go	Real Go source ownership and AST dependency graph	2026-10-03T16:05:09.7706476Z           "syncBody",
source_go	Real Go source ownership and AST dependency graph	2026-10-03T16:05:09.7706606Z           "syncDecode",
source_go	Real Go source ownership and AST dependency graph	2026-10-03T16:05:09.7706728Z           "syncCall",
source_go	Real Go source ownership and AST dependency graph	2026-10-03T16:05:09.7706839Z           "uuid",
source_go	Real Go source ownership and AST dependency graph	2026-10-03T16:05:09.7706965Z           "syncDecode",
source_go	Real Go source ownership and AST dependency graph	2026-10-03T16:05:09.7707094Z           "syncCall",
source_go	Real Go source ownership and AST dependency graph	2026-10-03T16:05:09.7707213Z           "syncBody",
source_go	Real Go source ownership and AST dependency graph	2026-10-03T16:05:09.7707341Z           "f.db.Exec",
source_go	Real Go source ownership and AST dependency graph	2026-10-03T16:05:09.7707504Z           "context.Background",
source_go	Real Go source ownership and AST dependency graph	2026-10-03T16:05:09.7707637Z           "syncDecode",
source_go	Real Go source ownership and AST dependency graph	2026-10-03T16:05:09.7707763Z           "syncCall",
source_go	Real Go source ownership and AST dependency graph	2026-10-03T16:05:09.7707884Z           "syncBody",
source_go	Real Go source ownership and AST dependency graph	2026-10-03T16:05:09.7708009Z           "f.db.Exec",
source_go	Real Go source ownership and AST dependency graph	2026-10-03T16:05:09.7708168Z           "context.Background",
source_go	Real Go source ownership and AST dependency graph	2026-10-03T16:05:09.7708289Z           "t.Fatal",
source_go	Real Go source ownership and AST dependency graph	2026-10-03T16:05:09.7708416Z           "syncDecode",
source_go	Real Go source ownership and AST dependency graph	2026-10-03T16:05:09.7708657Z           "syncCall",
source_go	Real Go source ownership and AST dependency graph	2026-10-03T16:05:09.7708782Z           "syncBody",
source_go	Real Go source ownership and AST dependency graph	2026-10-03T16:05:09.7708898Z           "t.Fatal",
source_go	Real Go source ownership and AST dependency graph	2026-10-03T16:05:09.7709021Z           "t.Helper",
source_go	Real Go source ownership and AST dependency graph	2026-10-03T16:05:09.7709128Z           ".Add",
source_go	Real Go source ownership and AST dependency graph	2026-10-03T16:05:09.7709251Z           "time.Now",
source_go	Real Go source ownership and AST dependency graph	2026-10-03T16:05:09.7709368Z           ".Before",
source_go	Real Go source ownership and AST dependency graph	2026-10-03T16:05:09.7709490Z           "time.Now",
source_go	Real Go source ownership and AST dependency graph	2026-10-03T16:05:09.7709610Z           ".Scan",
source_go	Real Go source ownership and AST dependency graph	2026-10-03T16:05:09.7709754Z           "f.db.QueryRow",
source_go	Real Go source ownership and AST dependency graph	2026-10-03T16:05:09.7709916Z           "context.Background",
source_go	Real Go source ownership and AST dependency graph	2026-10-03T16:05:09.7710032Z           "t.Fatal",
source_go	Real Go source ownership and AST dependency graph	2026-10-03T16:05:09.7710163Z           "time.Sleep",
source_go	Real Go source ownership and AST dependency graph	2026-10-03T16:05:09.7710282Z           "t.Fatal",
source_go	Real Go source ownership and AST dependency graph	2026-10-03T16:05:09.7710417Z           "syncFixture",
source_go	Real Go source ownership and AST dependency graph	2026-10-03T16:05:09.7710573Z           "context.Background",
source_go	Real Go source ownership and AST dependency graph	2026-10-03T16:05:09.7710718Z           "f.s.codec.Sign",
source_go	Real Go source ownership and AST dependency graph	2026-10-03T16:05:09.7710830Z           "uuid",
source_go	Real Go source ownership and AST dependency graph	2026-10-03T16:05:09.7710957Z           "f.db.Begin",
source_go	Real Go source ownership and AST dependency graph	2026-10-03T16:05:09.7711077Z           "t.Fatal",
source_go	Real Go source ownership and AST dependency graph	2026-10-03T16:05:09.7711208Z           "tx.Rollback",
source_go	Real Go source ownership and AST dependency graph	2026-10-03T16:05:09.7711330Z           "tx.Exec",
source_go	Real Go source ownership and AST dependency graph	2026-10-03T16:05:09.7711484Z           "writeSocialEvent",
source_go	Real Go source ownership and AST dependency graph	2026-10-03T16:05:09.7711606Z           "t.Fatal",
source_go	Real Go source ownership and AST dependency graph	2026-10-03T16:05:09.7711714Z           "make",
source_go	Real Go source ownership and AST dependency graph	2026-10-03T16:05:09.7711816Z           "",
source_go	Real Go source ownership and AST dependency graph	2026-10-03T16:05:09.7711942Z           "syncCall",
source_go	Real Go source ownership and AST dependency graph	2026-10-03T16:05:09.7712063Z           "syncBody",
source_go	Real Go source ownership and AST dependency graph	2026-10-03T16:05:09.7712206Z           "syncWaitLock",
source_go	Real Go source ownership and AST dependency graph	2026-10-03T16:05:09.7712334Z           "f.db.Begin",
source_go	Real Go source ownership and AST dependency graph	2026-10-03T16:05:09.7712455Z           "t.Fatal",
source_go	Real Go source ownership and AST dependency graph	2026-10-03T16:05:09.7712584Z           "other.Exec",
source_go	Real Go source ownership and AST dependency graph	2026-10-03T16:05:09.7712741Z           "writeSocialEvent",
source_go	Real Go source ownership and AST dependency graph	2026-10-03T16:05:09.7712867Z           "t.Fatal",
source_go	Real Go source ownership and AST dependency graph	2026-10-03T16:05:09.7713004Z           "other.Commit",
source_go	Real Go source ownership and AST dependency graph	2026-10-03T16:05:09.7713126Z           "t.Fatal",
source_go	Real Go source ownership and AST dependency graph	2026-10-03T16:05:09.7713242Z           "t.Fatal",
source_go	Real Go source ownership and AST dependency graph	2026-10-03T16:05:09.7713372Z           "tx.Commit",
source_go	Real Go source ownership and AST dependency graph	2026-10-03T16:05:09.7713488Z           "t.Fatal",
source_go	Real Go source ownership and AST dependency graph	2026-10-03T16:05:09.7713624Z           "syncDecode",
source_go	Real Go source ownership and AST dependency graph	2026-10-03T16:05:09.7713752Z           "time.After",
source_go	Real Go source ownership and AST dependency graph	2026-10-03T16:05:09.7713873Z           "t.Fatal",
source_go	Real Go source ownership and AST dependency graph	2026-10-03T16:05:09.7713982Z           "len",
source_go	Real Go source ownership and AST dependency graph	2026-10-03T16:05:09.7714097Z           "t.Fatal",
source_go	Real Go source ownership and AST dependency graph	2026-10-03T16:05:09.7714226Z           "syncEvent",
source_go	Real Go source ownership and AST dependency graph	2026-10-03T16:05:09.7714356Z           "syncDecode",
source_go	Real Go source ownership and AST dependency graph	2026-10-03T16:05:09.7714481Z           "syncCall",
source_go	Real Go source ownership and AST dependency graph	2026-10-03T16:05:09.7714601Z           "syncBody",
source_go	Real Go source ownership and AST dependency graph	2026-10-03T16:05:09.7714825Z           "len",
source_go	Real Go source ownership and AST dependency graph	2026-10-03T16:05:09.7714944Z           "t.Fatal",
source_go	Real Go source ownership and AST dependency graph	2026-10-03T16:05:09.7715075Z           "f.db.Begin",
source_go	Real Go source ownership and AST dependency graph	2026-10-03T16:05:09.7715194Z           "t.Fatal",
source_go	Real Go source ownership and AST dependency graph	2026-10-03T16:05:09.7715326Z           "tx.Rollback",
source_go	Real Go source ownership and AST dependency graph	2026-10-03T16:05:09.7715541Z           "tx.Exec",
source_go	Real Go source ownership and AST dependency graph	2026-10-03T16:05:09.7715639Z           "",
source_go	Real Go source ownership and AST dependency graph	2026-10-03T16:05:09.7715762Z           "syncCall",
source_go	Real Go source ownership and AST dependency graph	2026-10-03T16:05:09.7715883Z           "syncBody",
source_go	Real Go source ownership and AST dependency graph	2026-10-03T16:05:09.7716023Z           "syncWaitLock",
source_go	Real Go source ownership and AST dependency graph	2026-10-03T16:05:09.7716140Z           "tx.Exec",
source_go	Real Go source ownership and AST dependency graph	2026-10-03T16:05:09.7716262Z           "t.Fatal",
source_go	Real Go source ownership and AST dependency graph	2026-10-03T16:05:09.7716394Z           "tx.Commit",
source_go	Real Go source ownership and AST dependency graph	2026-10-03T16:05:09.7716522Z           "syncDecode",
source_go	Real Go source ownership and AST dependency graph	2026-10-03T16:05:09.7716653Z           "time.After",
source_go	Real Go source ownership and AST dependency graph	2026-10-03T16:05:09.7716768Z           "t.Fatal",
source_go	Real Go source ownership and AST dependency graph	2026-10-03T16:05:09.7716905Z           "syncFixture",
source_go	Real Go source ownership and AST dependency graph	2026-10-03T16:05:09.7717012Z           "uuid",
source_go	Real Go source ownership and AST dependency graph	2026-10-03T16:05:09.7717157Z           "f.s.codec.Sign",
source_go	Real Go source ownership and AST dependency graph	2026-10-03T16:05:09.7717323Z           "httptest.NewRequest",
source_go	Real Go source ownership and AST dependency graph	2026-10-03T16:05:09.7717480Z           "strings.NewReader",
source_go	Real Go source ownership and AST dependency graph	2026-10-03T16:05:09.7717652Z           "httptest.NewRecorder",
source_go	Real Go source ownership and AST dependency graph	2026-10-03T16:05:09.7717780Z           ".ServeHTTP",
source_go	Real Go source ownership and AST dependency graph	2026-10-03T16:05:09.7717912Z           "f.s.handler",
source_go	Real Go source ownership and AST dependency graph	2026-10-03T16:05:09.7718024Z           ".Get",
source_go	Real Go source ownership and AST dependency graph	2026-10-03T16:05:09.7718146Z           "w.Header",
source_go	Real Go source ownership and AST dependency graph	2026-10-03T16:05:09.7718288Z           "json.Unmarshal",
source_go	Real Go source ownership and AST dependency graph	2026-10-03T16:05:09.7718428Z           "w.Body.Bytes",
source_go	Real Go source ownership and AST dependency graph	2026-10-03T16:05:09.7718688Z           "t.Fatal",
source_go	Real Go source ownership and AST dependency graph	2026-10-03T16:05:09.7718894Z           "socialUUIDPattern.MatchString",
source_go	Real Go source ownership and AST dependency graph	2026-10-03T16:05:09.7719019Z           "t.Fatal",
source_go	Real Go source ownership and AST dependency graph	2026-10-03T16:05:09.7719141Z           "syncBody",
source_go	Real Go source ownership and AST dependency graph	2026-10-03T16:05:09.7719273Z           "syncDecode",
source_go	Real Go source ownership and AST dependency graph	2026-10-03T16:05:09.7719395Z           "syncCall",
source_go	Real Go source ownership and AST dependency graph	2026-10-03T16:05:09.7719559Z           "httptest.NewRequest",
source_go	Real Go source ownership and AST dependency graph	2026-10-03T16:05:09.7719722Z           "strings.NewReader",
source_go	Real Go source ownership and AST dependency graph	2026-10-03T16:05:09.7719888Z           "httptest.NewRecorder",
source_go	Real Go source ownership and AST dependency graph	2026-10-03T16:05:09.7720022Z           ".ServeHTTP",
source_go	Real Go source ownership and AST dependency graph	2026-10-03T16:05:09.7720156Z           "f.s.handler",
source_go	Real Go source ownership and AST dependency graph	2026-10-03T16:05:09.7720312Z           "strings.Contains",
source_go	Real Go source ownership and AST dependency graph	2026-10-03T16:05:09.7720452Z           "w.Body.String",
source_go	Real Go source ownership and AST dependency graph	2026-10-03T16:05:09.7720574Z           "t.Fatal",
source_go	Real Go source ownership and AST dependency graph	2026-10-03T16:05:09.7720684Z           ".Unix",
source_go	Real Go source ownership and AST dependency graph	2026-10-03T16:05:09.7720800Z           ".Add",
source_go	Real Go source ownership and AST dependency graph	2026-10-03T16:05:09.7720924Z           "time.Now",
source_go	Real Go source ownership and AST dependency graph	2026-10-03T16:05:09.7721035Z           ".Unix",
source_go	Real Go source ownership and AST dependency graph	2026-10-03T16:05:09.7721145Z           ".Add",
source_go	Real Go source ownership and AST dependency graph	2026-10-03T16:05:09.7721267Z           "time.Now",
source_go	Real Go source ownership and AST dependency graph	2026-10-03T16:05:09.7721378Z           "uuid",
source_go	Real Go source ownership and AST dependency graph	2026-10-03T16:05:09.7721505Z           "tc.modify",
source_go	Real Go source ownership and AST dependency graph	2026-10-03T16:05:09.7721655Z           "f.s.codec.Sign",
source_go	Real Go source ownership and AST dependency graph	2026-10-03T16:05:09.7721783Z           "syncDecode",
source_go	Real Go source ownership and AST dependency graph	2026-10-03T16:05:09.7721909Z           "syncCall",
source_go	Real Go source ownership and AST dependency graph	2026-10-03T16:05:09.7722033Z           "syncBody",
source_go	Real Go source ownership and AST dependency graph	2026-10-03T16:05:09.7722150Z           "t.Fatal",
source_go	Real Go source ownership and AST dependency graph	2026-10-03T16:05:09.7722265Z           "t.Run",
source_go	Real Go source ownership and AST dependency graph	2026-10-03T16:05:09.7722395Z           "syncFixture",
source_go	Real Go source ownership and AST dependency graph	2026-10-03T16:05:09.7722561Z           "context.Background",
source_go	Real Go source ownership and AST dependency graph	2026-10-03T16:05:09.7722673Z           "uuid",
source_go	Real Go source ownership and AST dependency graph	2026-10-03T16:05:09.7722799Z           "time.Now",
source_go	Real Go source ownership and AST dependency graph	2026-10-03T16:05:09.7722937Z           "clock.Store",
source_go	Real Go source ownership and AST dependency graph	2026-10-03T16:05:09.7723086Z           "current.UnixNano",
source_go	Real Go source ownership and AST dependency graph	2026-10-03T16:05:09.7723216Z           "time.Unix",
source_go	Real Go source ownership and AST dependency graph	2026-10-03T16:05:09.7723349Z           "clock.Load",
source_go	Real Go source ownership and AST dependency graph	2026-10-03T16:05:09.7723465Z           ".Unix",
source_go	Real Go source ownership and AST dependency graph	2026-10-03T16:05:09.7723596Z           "current.Add",
source_go	Real Go source ownership and AST dependency graph	2026-10-03T16:05:09.7723744Z           "f.s.codec.Sign",
source_go	Real Go source ownership and AST dependency graph	2026-10-03T16:05:09.7723871Z           "f.db.Begin",
source_go	Real Go source ownership and AST dependency graph	2026-10-03T16:05:09.7723995Z           "t.Fatal",
source_go	Real Go source ownership and AST dependency graph	2026-10-03T16:05:09.7724135Z           "tx.Rollback",
source_go	Real Go source ownership and AST dependency graph	2026-10-03T16:05:09.7724257Z           "tx.Exec",
source_go	Real Go source ownership and AST dependency graph	2026-10-03T16:05:09.7724370Z           "make",
source_go	Real Go source ownership and AST dependency graph	2026-10-03T16:05:09.7724467Z           "",
source_go	Real Go source ownership and AST dependency graph	2026-10-03T16:05:09.7724593Z           "syncCall",
source_go	Real Go source ownership and AST dependency graph	2026-10-03T16:05:09.7724713Z           "syncBody",
source_go	Real Go source ownership and AST dependency graph	2026-10-03T16:05:09.7724853Z           "syncWaitLock",
source_go	Real Go source ownership and AST dependency graph	2026-10-03T16:05:09.7724978Z           "tx.Exec",
source_go	Real Go source ownership and AST dependency graph	2026-10-03T16:05:09.7725099Z           "t.Fatal",
source_go	Real Go source ownership and AST dependency graph	2026-10-03T16:05:09.7725352Z           "clock.Store",
source_go	Real Go source ownership and AST dependency graph	2026-10-03T16:05:09.7725475Z           ".UnixNano",
source_go	Real Go source ownership and AST dependency graph	2026-10-03T16:05:09.7725612Z           "current.Add",
source_go	Real Go source ownership and AST dependency graph	2026-10-03T16:05:09.7725736Z           "tx.Commit",
source_go	Real Go source ownership and AST dependency graph	2026-10-03T16:05:09.7725963Z           "syncDecode",
source_go	Real Go source ownership and AST dependency graph	2026-10-03T16:05:09.7726078Z           "t.Fatal",
source_go	Real Go source ownership and AST dependency graph	2026-10-03T16:05:09.7726209Z           "time.After",
source_go	Real Go source ownership and AST dependency graph	2026-10-03T16:05:09.7726328Z           "t.Fatal",
source_go	Real Go source ownership and AST dependency graph	2026-10-03T16:05:09.7726458Z           "syncFixture",
source_go	Real Go source ownership and AST dependency graph	2026-10-03T16:05:09.7726626Z           "context.WithTimeout",
source_go	Real Go source ownership and AST dependency graph	2026-10-03T16:05:09.7726786Z           "context.Background",
source_go	Real Go source ownership and AST dependency graph	2026-10-03T16:05:09.7726904Z           "cancel",
source_go	Real Go source ownership and AST dependency graph	2026-10-03T16:05:09.7727037Z           "f.db.Config",
source_go	Real Go source ownership and AST dependency graph	2026-10-03T16:05:09.7727219Z           "pgxpool.NewWithConfig",
source_go	Real Go source ownership and AST dependency graph	2026-10-03T16:05:09.7727337Z           "t.Fatal",
source_go	Real Go source ownership and AST dependency graph	2026-10-03T16:05:09.7727475Z           "pool.Close",
source_go	Real Go source ownership and AST dependency graph	2026-10-03T16:05:09.7727623Z           "f.s.codec.Sign",
source_go	Real Go source ownership and AST dependency graph	2026-10-03T16:05:09.7727732Z           "uuid",
source_go	Real Go source ownership and AST dependency graph	2026-10-03T16:05:09.7727876Z           "json.Marshal",
source_go	Real Go source ownership and AST dependency graph	2026-10-03T16:05:09.7728001Z           "syncBody",
source_go	Real Go source ownership and AST dependency graph	2026-10-03T16:05:09.7728113Z           "make",
source_go	Real Go source ownership and AST dependency graph	2026-10-03T16:05:09.7728209Z           "",
source_go	Real Go source ownership and AST dependency graph	2026-10-03T16:05:09.7728349Z           ".WithContext",
source_go	Real Go source ownership and AST dependency graph	2026-10-03T16:05:09.7728628Z           "httptest.NewRequest",
source_go	Real Go source ownership and AST dependency graph	2026-10-03T16:05:09.7728784Z           "bytes.NewReader",
source_go	Real Go source ownership and AST dependency graph	2026-10-03T16:05:09.7728924Z           "r.Header.Set",
source_go	Real Go source ownership and AST dependency graph	2026-10-03T16:05:09.7729089Z           "httptest.NewRecorder",
source_go	Real Go source ownership and AST dependency graph	2026-10-03T16:05:09.7729221Z           ".ServeHTTP",
source_go	Real Go source ownership and AST dependency graph	2026-10-03T16:05:09.7729351Z           "f.s.handler",
source_go	Real Go source ownership and AST dependency graph	2026-10-03T16:05:09.7729477Z           "t.Fatalf",
source_go	Real Go source ownership and AST dependency graph	2026-10-03T16:05:09.7729596Z           "ctx.Done",
source_go	Real Go source ownership and AST dependency graph	2026-10-03T16:05:09.7729717Z           "t.Fatal",
source_go	Real Go source ownership and AST dependency graph	2026-10-03T16:05:09.7729863Z           "strings.Repeat",
source_go	Real Go source ownership and AST dependency graph	2026-10-03T16:05:09.7730004Z           "strings.Repeat",
source_go	Real Go source ownership and AST dependency graph	2026-10-03T16:05:09.7730149Z           "strings.Repeat",
source_go	Real Go source ownership and AST dependency graph	2026-10-03T16:05:09.7730289Z           "strings.Repeat",
source_go	Real Go source ownership and AST dependency graph	2026-10-03T16:05:09.7730416Z           "syncJSON",
source_go	Real Go source ownership and AST dependency graph	2026-10-03T16:05:09.7730570Z           "strings.NewReader",
source_go	Real Go source ownership and AST dependency graph	2026-10-03T16:05:09.7730707Z           "json.Valid",
source_go	Real Go source ownership and AST dependency graph	2026-10-03T16:05:09.7730836Z           "fmt.Errorf",
source_go	Real Go source ownership and AST dependency graph	2026-10-03T16:05:09.7730961Z           "t.Fatalf",
source_go	Real Go source ownership and AST dependency graph	2026-10-03T16:05:09.7731072Z           "min",
source_go	Real Go source ownership and AST dependency graph	2026-10-03T16:05:09.7731176Z           "len",
source_go	Real Go source ownership and AST dependency graph	2026-10-03T16:05:09.7731297Z           "string",
source_go	Real Go source ownership and AST dependency graph	2026-10-03T16:05:09.7731415Z           "t.Fatalf",
source_go	Real Go source ownership and AST dependency graph	2026-10-03T16:05:09.7731523Z           "len",
source_go	Real Go source ownership and AST dependency graph	2026-10-03T16:05:09.7731637Z           "t.Fatal",
source_go	Real Go source ownership and AST dependency graph	2026-10-03T16:05:09.7731761Z           "syncJSON",
source_go	Real Go source ownership and AST dependency graph	2026-10-03T16:05:09.7731913Z           "strings.NewReader",
source_go	Real Go source ownership and AST dependency graph	2026-10-03T16:05:09.7732060Z           "bytes.Contains",
source_go	Real Go source ownership and AST dependency graph	2026-10-03T16:05:09.7732161Z           "",
source_go	Real Go source ownership and AST dependency graph	2026-10-03T16:05:09.7732278Z           "t.Fatal",
source_go	Real Go source ownership and AST dependency graph	2026-10-03T16:05:09.7732403Z           "syncJSON",
source_go	Real Go source ownership and AST dependency graph	2026-10-03T16:05:09.7732553Z           "strings.NewReader",
source_go	Real Go source ownership and AST dependency graph	2026-10-03T16:05:09.7732699Z           "strings.Repeat",
source_go	Real Go source ownership and AST dependency graph	2026-10-03T16:05:09.7732816Z           "t.Fatal",
source_go	Real Go source ownership and AST dependency graph	2026-10-03T16:05:09.7732940Z           "syncJSON",
source_go	Real Go source ownership and AST dependency graph	2026-10-03T16:05:09.7733099Z           "strings.NewReader",
source_go	Real Go source ownership and AST dependency graph	2026-10-03T16:05:09.7733228Z           "json.Valid",
source_go	Real Go source ownership and AST dependency graph	2026-10-03T16:05:09.7733348Z           "t.Fatal",
source_go	Real Go source ownership and AST dependency graph	2026-10-03T16:05:09.7733479Z           "syncFixture",
source_go	Real Go source ownership and AST dependency graph	2026-10-03T16:05:09.7733625Z           "f.s.codec.Sign",
source_go	Real Go source ownership and AST dependency graph	2026-10-03T16:05:09.7733738Z           "uuid",
source_go	Real Go source ownership and AST dependency graph	2026-10-03T16:05:09.7733884Z           "strings.Repeat",
source_go	Real Go source ownership and AST dependency graph	2026-10-03T16:05:09.7734024Z           "strings.Repeat",
source_go	Real Go source ownership and AST dependency graph	2026-10-03T16:05:09.7734148Z           "syncBody",
source_go	Real Go source ownership and AST dependency graph	2026-10-03T16:05:09.7734284Z           "json.Number",
source_go	Real Go source ownership and AST dependency graph	2026-10-03T16:05:09.7734413Z           "syncDecode",
source_go	Real Go source ownership and AST dependency graph	2026-10-03T16:05:09.7734537Z           "syncCall",
source_go	Real Go source ownership and AST dependency graph	2026-10-03T16:05:09.7734678Z           "strings.Repeat",
source_go	Real Go source ownership and AST dependency graph	2026-10-03T16:05:09.7734823Z           "strings.Repeat",
source_go	Real Go source ownership and AST dependency graph	2026-10-03T16:05:09.7734963Z           "strings.Repeat",
source_go	Real Go source ownership and AST dependency graph	2026-10-03T16:05:09.7735089Z           "syncBody",
source_go	Real Go source ownership and AST dependency graph	2026-10-03T16:05:09.7735217Z           "syncDecode",
source_go	Real Go source ownership and AST dependency graph	2026-10-03T16:05:09.7735341Z           "syncCall",
source_go	Real Go source ownership and AST dependency graph	2026-10-03T16:05:09.7735478Z           "fmt.Sprintf",
source_go	Real Go source ownership and AST dependency graph	2026-10-03T16:05:09.7735753Z           "httptest.NewRequest",
source_go	Real Go source ownership and AST dependency graph	2026-10-03T16:05:09.7735910Z           "strings.NewReader",
source_go	Real Go source ownership and AST dependency graph	2026-10-03T16:05:09.7736044Z           "r.Header.Set",
source_go	Real Go source ownership and AST dependency graph	2026-10-03T16:05:09.7736214Z           "httptest.NewRecorder",
source_go	Real Go source ownership and AST dependency graph	2026-10-03T16:05:09.7736343Z           ".ServeHTTP",
source_go	Real Go source ownership and AST dependency graph	2026-10-03T16:05:09.7736572Z           "f.s.handler",
source_go	Real Go source ownership and AST dependency graph	2026-10-03T16:05:09.7736695Z           "t.Fatal"
source_go	Real Go source ownership and AST dependency graph	2026-10-03T16:05:09.7736784Z         ],
source_go	Real Go source ownership and AST dependency graph	2026-10-03T16:05:09.7736904Z         "strings": [
source_go	Real Go source ownership and AST dependency graph	2026-10-03T16:05:09.7737013Z           "bytes",
source_go	Real Go source ownership and AST dependency graph	2026-10-03T16:05:09.7737137Z           "context",
source_go	Real Go source ownership and AST dependency graph	2026-10-03T16:05:09.7737279Z           "encoding/json",
source_go	Real Go source ownership and AST dependency graph	2026-10-03T16:05:09.7737390Z           "fmt",
source_go	Real Go source ownership and AST dependency graph	2026-10-03T16:05:09.7737603Z           "github.com/jackc/pgx/v5/pgxpool",
source_go	Real Go source ownership and AST dependency graph	2026-10-03T16:05:09.7737719Z           "math",
source_go	Real Go source ownership and AST dependency graph	2026-10-03T16:05:09.7737874Z           "net/http/httptest",
source_go	Real Go source ownership and AST dependency graph	2026-10-03T16:05:09.7737991Z           "strings",
source_go	Real Go source ownership and AST dependency graph	2026-10-03T16:05:09.7738131Z           "sync/atomic",
source_go	Real Go source ownership and AST dependency graph	2026-10-03T16:05:09.7738248Z           "testing",
source_go	Real Go source ownership and AST dependency graph	2026-10-03T16:05:09.7738366Z           "time",
source_go	Real Go source ownership and AST dependency graph	2026-10-03T16:05:09.7738575Z           "0",
source_go	Real Go source ownership and AST dependency graph	2026-10-03T16:05:09.7738687Z           "-0",
source_go	Real Go source ownership and AST dependency graph	2026-10-03T16:05:09.7738866Z           "0.0e999999999999999999999999",
source_go	Real Go source ownership and AST dependency graph	2026-10-03T16:05:09.7738968Z           "1",
source_go	Real Go source ownership and AST dependency graph	2026-10-03T16:05:09.7739075Z           "1.0",
source_go	Real Go source ownership and AST dependency graph	2026-10-03T16:05:09.7739186Z           "1e2",
source_go	Real Go source ownership and AST dependency graph	2026-10-03T16:05:09.7739302Z           "10e-1",
source_go	Real Go source ownership and AST dependency graph	2026-10-03T16:05:09.7739416Z           "1000e-3",
source_go	Real Go source ownership and AST dependency graph	2026-10-03T16:05:09.7739550Z           "1e100000000",
source_go	Real Go source ownership and AST dependency graph	2026-10-03T16:05:09.7739723Z           "1e9999999999999999999999999",
source_go	Real Go source ownership and AST dependency graph	2026-10-03T16:05:09.7739910Z           "999999999999999999999999999999",
source_go	Real Go source ownership and AST dependency graph	2026-10-03T16:05:09.7740022Z           "1e-2",
source_go	Real Go source ownership and AST dependency graph	2026-10-03T16:05:09.7740129Z           "1.01",
source_go	Real Go source ownership and AST dependency graph	2026-10-03T16:05:09.7740238Z           "-1",
source_go	Real Go source ownership and AST dependency graph	2026-10-03T16:05:09.7740345Z           "null",
source_go	Real Go source ownership and AST dependency graph	2026-10-03T16:05:09.7740456Z           "true",
source_go	Real Go source ownership and AST dependency graph	2026-10-03T16:05:09.7740565Z           "\"1\"",
source_go	Real Go source ownership and AST dependency graph	2026-10-03T16:05:09.7740741Z           "1e-999999999999999999999",
source_go	Real Go source ownership and AST dependency graph	2026-10-03T16:05:09.7740879Z           "%s got %d %v",
source_go	Real Go source ownership and AST dependency graph	2026-10-03T16:05:09.7741038Z           "9223372036854775808",
source_go	Real Go source ownership and AST dependency graph	2026-10-03T16:05:09.7741204Z           "overflow saturation",
source_go	Real Go source ownership and AST dependency graph	2026-10-03T16:05:09.7741626Z           "DELETE FROM outbox_events WHERE aggregate_type='user' AND aggregate_id=$1",
source_go	Real Go source ownership and AST dependency graph	2026-10-03T16:05:09.7741899Z           "DELETE FROM user_sync_events WHERE user_id=$1",
source_go	Real Go source ownership and AST dependency graph	2026-10-03T16:05:09.7742033Z           "syncVersion",
source_go	Real Go source ownership and AST dependency graph	2026-10-03T16:05:09.7742142Z           "1.0",
source_go	Real Go source ownership and AST dependency graph	2026-10-03T16:05:09.7742249Z           "type",
source_go	Real Go source ownership and AST dependency graph	2026-10-03T16:05:09.7742407Z           "sync.user.request",
source_go	Real Go source ownership and AST dependency graph	2026-10-03T16:05:09.7742538Z           "requestId",
source_go	Real Go source ownership and AST dependency graph	2026-10-03T16:05:09.7742653Z           "cursor",
source_go	Real Go source ownership and AST dependency graph	2026-10-03T16:05:09.7742767Z           "limit",
source_go	Real Go source ownership and AST dependency graph	2026-10-03T16:05:09.7742898Z           "syncVersion",
source_go	Real Go source ownership and AST dependency graph	2026-10-03T16:05:09.7743005Z           "1.0",
source_go	Real Go source ownership and AST dependency graph	2026-10-03T16:05:09.7743112Z           "type",
source_go	Real Go source ownership and AST dependency graph	2026-10-03T16:05:09.7743307Z           "sync.conversation.request",
source_go	Real Go source ownership and AST dependency graph	2026-10-03T16:05:09.7743431Z           "requestId",
source_go	Real Go source ownership and AST dependency graph	2026-10-03T16:05:09.7743579Z           "conversationId",
source_go	Real Go source ownership and AST dependency graph	2026-10-03T16:05:09.7743708Z           "afterSeq",
source_go	Real Go source ownership and AST dependency graph	2026-10-03T16:05:09.7743819Z           "limit",
source_go	Real Go source ownership and AST dependency graph	2026-10-03T16:05:09.7743991Z           "/v1/sync/conversation",
source_go	Real Go source ownership and AST dependency graph	2026-10-03T16:05:09.7744129Z           "/v1/sync/user",
source_go	Real Go source ownership and AST dependency graph	2026-10-03T16:05:09.7744245Z           "POST",
source_go	Real Go source ownership and AST dependency graph	2026-10-03T16:05:09.7744347Z           "",
source_go	Real Go source ownership and AST dependency graph	2026-10-03T16:05:09.7744493Z           "Authorization",
source_go	Real Go source ownership and AST dependency graph	2026-10-03T16:05:09.7744620Z           "Bearer ",
source_go	Real Go source ownership and AST dependency graph	2026-10-03T16:05:09.7744823Z           "sync status %d want %d body %s",
source_go	Real Go source ownership and AST dependency graph	2026-10-03T16:05:09.7744969Z           "Cache-Control",
source_go	Real Go source ownership and AST dependency graph	2026-10-03T16:05:09.7745094Z           "no-store",
source_go	Real Go source ownership and AST dependency graph	2026-10-03T16:05:09.7745242Z           "cache allowed",
source_go	Real Go source ownership and AST dependency graph	2026-10-03T16:05:09.7745365Z           "requestId",
source_go	Real Go source ownership and AST dependency graph	2026-10-03T16:05:09.7745566Z           "request correlation %v want %s",
source_go	Real Go source ownership and AST dependency graph	2026-10-03T16:05:09.7745690Z           "requestId",
source_go	Real Go source ownership and AST dependency graph	2026-10-03T16:05:09.7746086Z           "SELECT user_id FROM users WHERE user_id=$1 FOR UPDATE",
source_go	Real Go source ownership and AST dependency graph	2026-10-03T16:05:09.7746391Z           "friend.changed",
source_go	Real Go source ownership and AST dependency graph	2026-10-03T16:05:09.7746613Z           "conversation.changed",
source_go	Real Go source ownership and AST dependency graph	2026-10-03T16:05:09.7755687Z           "membership.changed",
source_go	Real Go source ownership and AST dependency graph	2026-10-03T16:05:09.7755893Z           "plugin.changed",
source_go	Real Go source ownership and AST dependency graph	2026-10-03T16:05:09.7756017Z           "sync",
source_go	Real Go source ownership and AST dependency graph	2026-10-03T16:05:09.7756558Z           "INSERT INTO user_sync_events(user_id,event_type,payload) VALUES($1,'session.revoked','{}')",
source_go	Real Go source ownership and AST dependency graph	2026-10-03T16:05:09.7756841Z           "0",
source_go	Real Go source ownership and AST dependency graph	2026-10-03T16:05:09.7756959Z           "limit",
source_go	Real Go source ownership and AST dependency graph	2026-10-03T16:05:09.7757088Z           "1e100000000",
source_go	Real Go source ownership and AST dependency graph	2026-10-03T16:05:09.7757192Z           "",
source_go	Real Go source ownership and AST dependency graph	2026-10-03T16:05:09.7757313Z           "messages",
source_go	Real Go source ownership and AST dependency graph	2026-10-03T16:05:09.7757430Z           "events",
source_go	Real Go source ownership and AST dependency graph	2026-10-03T16:05:09.7757591Z           "page cap exceeded",
source_go	Real Go source ownership and AST dependency graph	2026-10-03T16:05:09.7757712Z           "hasMore",
source_go	Real Go source ownership and AST dependency graph	2026-10-03T16:05:09.7757869Z           "empty nonterminal",
source_go	Real Go source ownership and AST dependency graph	2026-10-03T16:05:09.7757996Z           "messageId",
source_go	Real Go source ownership and AST dependency graph	2026-10-03T16:05:09.7758117Z           "eventId",
source_go	Real Go source ownership and AST dependency graph	2026-10-03T16:05:09.7758228Z           "cursor",
source_go	Real Go source ownership and AST dependency graph	2026-10-03T16:05:09.7758341Z           "kind",
source_go	Real Go source ownership and AST dependency graph	2026-10-03T16:05:09.7758657Z           "session.revoked",
source_go	Real Go source ownership and AST dependency graph	2026-10-03T16:05:09.7758834Z           "control event leak",
source_go	Real Go source ownership and AST dependency graph	2026-10-03T16:05:09.7758945Z           "seq",
source_go	Real Go source ownership and AST dependency graph	2026-10-03T16:05:09.7759083Z           "sequence gap",
source_go	Real Go source ownership and AST dependency graph	2026-10-03T16:05:09.7759262Z           "duplicate across pages",
source_go	Real Go source ownership and AST dependency graph	2026-10-03T16:05:09.7759382Z           "hasMore",
source_go	Real Go source ownership and AST dependency graph	2026-10-03T16:05:09.7759550Z           "truncated stream %d",
source_go	Real Go source ownership and AST dependency graph	2026-10-03T16:05:09.7759648Z           "",
source_go	Real Go source ownership and AST dependency graph	2026-10-03T16:05:09.7759770Z           "hasMore",
source_go	Real Go source ownership and AST dependency graph	2026-10-03T16:05:09.7759899Z           "terminal",
source_go	Real Go source ownership and AST dependency graph	2026-10-03T16:05:09.7760046Z           "plugin.changed",
source_go	Real Go source ownership and AST dependency graph	2026-10-03T16:05:09.7760179Z           "new commit",
source_go	Real Go source ownership and AST dependency graph	2026-10-03T16:05:09.7760274Z           "",
source_go	Real Go source ownership and AST dependency graph	2026-10-03T16:05:09.7760396Z           "messages",
source_go	Real Go source ownership and AST dependency graph	2026-10-03T16:05:09.7760508Z           "events",
source_go	Real Go source ownership and AST dependency graph	2026-10-03T16:05:09.7760628Z           "hasMore",
source_go	Real Go source ownership and AST dependency graph	2026-10-03T16:05:09.7760814Z           "new committed item missed",
source_go	Real Go source ownership and AST dependency graph	2026-10-03T16:05:09.7760918Z           "",
source_go	Real Go source ownership and AST dependency graph	2026-10-03T16:05:09.7761061Z           "replay changed",
source_go	Real Go source ownership and AST dependency graph	2026-10-03T16:05:09.7761156Z           "",
source_go	Real Go source ownership and AST dependency graph	2026-10-03T16:05:09.7761269Z           "error",
source_go	Real Go source ownership and AST dependency graph	2026-10-03T16:05:09.7761380Z           "code",
source_go	Real Go source ownership and AST dependency graph	2026-10-03T16:05:09.7761535Z           "VALIDATION_FAILED",
source_go	Real Go source ownership and AST dependency graph	2026-10-03T16:05:09.7761708Z           "foreign cursor accepted",
source_go	Real Go source ownership and AST dependency graph	2026-10-03T16:05:09.7761816Z           "WEB",
source_go	Real Go source ownership and AST dependency graph	2026-10-03T16:05:09.7761951Z           "replacement",
source_go	Real Go source ownership and AST dependency graph	2026-10-03T16:05:09.7762055Z           "",
source_go	Real Go source ownership and AST dependency graph	2026-10-03T16:05:09.7762189Z           "1e100000000",
source_go	Real Go source ownership and AST dependency graph	2026-10-03T16:05:09.7762286Z           "",
source_go	Real Go source ownership and AST dependency graph	2026-10-03T16:05:09.7762415Z           "messages",
source_go	Real Go source ownership and AST dependency graph	2026-10-03T16:05:09.7762531Z           "hasMore",
source_go	Real Go source ownership and AST dependency graph	2026-10-03T16:05:09.7762674Z           "huge afterSeq",
source_go	Real Go source ownership and AST dependency graph	2026-10-03T16:05:09.7763210Z           "SELECT count(*) FROM outbox_events WHERE conversation_id=$1 AND event_type='message.created'",
source_go	Real Go source ownership and AST dependency graph	2026-10-03T16:05:09.7763374Z           "read changed Outbox",
source_go	Real Go source ownership and AST dependency graph	2026-10-03T16:05:09.7763492Z           "noauth",
source_go	Real Go source ownership and AST dependency graph	2026-10-03T16:05:09.7763587Z           "",
source_go	Real Go source ownership and AST dependency graph	2026-10-03T16:05:09.7763685Z           "",
source_go	Real Go source ownership and AST dependency graph	2026-10-03T16:05:09.7763824Z           "AUTH_REQUIRED",
source_go	Real Go source ownership and AST dependency graph	2026-10-03T16:05:09.7763950Z           "badtoken",
source_go	Real Go source ownership and AST dependency graph	2026-10-03T16:05:09.7764048Z           "",
source_go	Real Go source ownership and AST dependency graph	2026-10-03T16:05:09.7764168Z           "invalid",
source_go	Real Go source ownership and AST dependency graph	2026-10-03T16:05:09.7764320Z           "AUTH_TOKEN_INVALID",
source_go	Real Go source ownership and AST dependency graph	2026-10-03T16:05:09.7764441Z           "version",
source_go	Real Go source ownership and AST dependency graph	2026-10-03T16:05:09.7764576Z           "syncVersion",
source_go	Real Go source ownership and AST dependency graph	2026-10-03T16:05:09.7764681Z           "2.0",
source_go	Real Go source ownership and AST dependency graph	2026-10-03T16:05:09.7764779Z           "",
source_go	Real Go source ownership and AST dependency graph	2026-10-03T16:05:09.7764975Z           "PROTOCOL_VERSION_UNSUPPORTED",
source_go	Real Go source ownership and AST dependency graph	2026-10-03T16:05:09.7765096Z           "unknown",
source_go	Real Go source ownership and AST dependency graph	2026-10-03T16:05:09.7765206Z           "extra",
source_go	Real Go source ownership and AST dependency graph	2026-10-03T16:05:09.7765306Z           "",
source_go	Real Go source ownership and AST dependency graph	2026-10-03T16:05:09.7765457Z           "VALIDATION_FAILED",
source_go	Real Go source ownership and AST dependency graph	2026-10-03T16:05:09.7765582Z           "fraction",
source_go	Real Go source ownership and AST dependency graph	2026-10-03T16:05:09.7765696Z           "limit",
source_go	Real Go source ownership and AST dependency graph	2026-10-03T16:05:09.7765803Z           "1e-2",
source_go	Real Go source ownership and AST dependency graph	2026-10-03T16:05:09.7765904Z           "",
source_go	Real Go source ownership and AST dependency graph	2026-10-03T16:05:09.7766052Z           "VALIDATION_FAILED",
source_go	Real Go source ownership and AST dependency graph	2026-10-03T16:05:09.7766165Z           "zero",
source_go	Real Go source ownership and AST dependency graph	2026-10-03T16:05:09.7766273Z           "limit",
source_go	Real Go source ownership and AST dependency graph	2026-10-03T16:05:09.7766375Z           "",
source_go	Real Go source ownership and AST dependency graph	2026-10-03T16:05:09.7766650Z           "VALIDATION_FAILED",
source_go	Real Go source ownership and AST dependency graph	2026-10-03T16:05:09.7766789Z           "ordinaryquery",
source_go	Real Go source ownership and AST dependency graph	2026-10-03T16:05:09.7766903Z           "?x=1",
source_go	Real Go source ownership and AST dependency graph	2026-10-03T16:05:09.7767051Z           "VALIDATION_FAILED",
source_go	Real Go source ownership and AST dependency graph	2026-10-03T16:05:09.7767202Z           "credentialquery",
source_go	Real Go source ownership and AST dependency graph	2026-10-03T16:05:09.7767539Z           "?accessToken=fake",
source_go	Real Go source ownership and AST dependency graph	2026-10-03T16:05:09.7767690Z           "VALIDATION_FAILED",
source_go	Real Go source ownership and AST dependency graph	2026-10-03T16:05:09.7767850Z           "authtakesprecedence",
source_go	Real Go source ownership and AST dependency graph	2026-10-03T16:05:09.7767986Z           "syncVersion",
source_go	Real Go source ownership and AST dependency graph	2026-10-03T16:05:09.7768096Z           "2.0",
source_go	Real Go source ownership and AST dependency graph	2026-10-03T16:05:09.7768190Z           "",
source_go	Real Go source ownership and AST dependency graph	2026-10-03T16:05:09.7768288Z           "",
source_go	Real Go source ownership and AST dependency graph	2026-10-03T16:05:09.7768423Z           "AUTH_REQUIRED",
source_go	Real Go source ownership and AST dependency graph	2026-10-03T16:05:09.7768660Z           "0",
source_go	Real Go source ownership and AST dependency graph	2026-10-03T16:05:09.7768771Z           "error",
source_go	Real Go source ownership and AST dependency graph	2026-10-03T16:05:09.7768883Z           "code",
source_go	Real Go source ownership and AST dependency graph	2026-10-03T16:05:09.7768988Z           "junk",
source_go	Real Go source ownership and AST dependency graph	2026-10-03T16:05:09.7769089Z           "x",
source_go	Real Go source ownership and AST dependency graph	2026-10-03T16:05:09.7769186Z           "",
source_go	Real Go source ownership and AST dependency graph	2026-10-03T16:05:09.7769287Z           "1.0",
source_go	Real Go source ownership and AST dependency graph	2026-10-03T16:05:09.7769400Z           "1e2",
source_go	Real Go source ownership and AST dependency graph	2026-10-03T16:05:09.7769508Z           "10e-1",
source_go	Real Go source ownership and AST dependency graph	2026-10-03T16:05:09.7769608Z           "0",
source_go	Real Go source ownership and AST dependency graph	2026-10-03T16:05:09.7769716Z           "limit",
source_go	Real Go source ownership and AST dependency graph	2026-10-03T16:05:09.7769812Z           "",
source_go	Real Go source ownership and AST dependency graph	2026-10-03T16:05:09.7769908Z           "0",
source_go	Real Go source ownership and AST dependency graph	2026-10-03T16:05:09.7770010Z           "",
source_go	Real Go source ownership and AST dependency graph	2026-10-03T16:05:09.7770506Z           "UPDATE conversation_members SET left_at=now() WHERE user_id=$1 AND conversation_id=$2",
source_go	Real Go source ownership and AST dependency graph	2026-10-03T16:05:09.7770602Z           "0",
source_go	Real Go source ownership and AST dependency graph	2026-10-03T16:05:09.7770700Z           "",
source_go	Real Go source ownership and AST dependency graph	2026-10-03T16:05:09.7771087Z           "UPDATE sessions SET session_epoch=session_epoch+1 WHERE user_id=$1",
source_go	Real Go source ownership and AST dependency graph	2026-10-03T16:05:09.7771271Z           "AUTH_SESSION_EPOCH_STALE",
source_go	Real Go source ownership and AST dependency graph	2026-10-03T16:05:09.7771750Z           "UPDATE sessions SET session_epoch=session_epoch-1,status='REVOKED' WHERE user_id=$1",
source_go	Real Go source ownership and AST dependency graph	2026-10-03T16:05:09.7771917Z           "AUTH_SESSION_REVOKED",
source_go	Real Go source ownership and AST dependency graph	2026-10-03T16:05:09.7772430Z           "UPDATE sessions SET status='ACTIVE',expires_at=now()-interval '1 second' WHERE user_id=$1",
source_go	Real Go source ownership and AST dependency graph	2026-10-03T16:05:09.7772592Z           "AUTH_SESSION_REVOKED",
source_go	Real Go source ownership and AST dependency graph	2026-10-03T16:05:09.7772696Z           "0",
source_go	Real Go source ownership and AST dependency graph	2026-10-03T16:05:09.7772792Z           "",
source_go	Real Go source ownership and AST dependency graph	2026-10-03T16:05:09.7772909Z           "error",
source_go	Real Go source ownership and AST dependency graph	2026-10-03T16:05:09.7773016Z           "code",
source_go	Real Go source ownership and AST dependency graph	2026-10-03T16:05:09.7773926Z           "SELECT count(*) FROM pg_stat_activity WHERE datname=current_database() AND wait_event_type='Lock' AND query LIKE 'SELECT u.user_id FROM users u WHERE u.user_id=%'",
source_go	Real Go source ownership and AST dependency graph	2026-10-03T16:05:09.7774186Z           "Sync did not wait for serialized producer",
source_go	Real Go source ownership and AST dependency graph	2026-10-03T16:05:09.7774483Z           "SELECT user_id FROM users WHERE user_id=$1 FOR UPDATE",
source_go	Real Go source ownership and AST dependency graph	2026-10-03T16:05:09.7774630Z           "friend.changed",
source_go	Real Go source ownership and AST dependency graph	2026-10-03T16:05:09.7774729Z           "0",
source_go	Real Go source ownership and AST dependency graph	2026-10-03T16:05:09.7774826Z           "",
source_go	Real Go source ownership and AST dependency graph	2026-10-03T16:05:09.7775123Z           "SELECT user_id FROM users WHERE user_id=$1 FOR UPDATE",
source_go	Real Go source ownership and AST dependency graph	2026-10-03T16:05:09.7775283Z           "membership.changed",
source_go	Real Go source ownership and AST dependency graph	2026-10-03T16:05:09.7775493Z           "read crossed uncommitted prefix",
source_go	Real Go source ownership and AST dependency graph	2026-10-03T16:05:09.7775632Z           "read blocked",
source_go	Real Go source ownership and AST dependency graph	2026-10-03T16:05:09.7775750Z           "events",
source_go	Real Go source ownership and AST dependency graph	2026-10-03T16:05:09.7775915Z           "late lower ID missing",
source_go	Real Go source ownership and AST dependency graph	2026-10-03T16:05:09.7776050Z           "nextCursor",
source_go	Real Go source ownership and AST dependency graph	2026-10-03T16:05:09.7776218Z           "conversation.changed",
source_go	Real Go source ownership and AST dependency graph	2026-10-03T16:05:09.7776322Z           "",
source_go	Real Go source ownership and AST dependency graph	2026-10-03T16:05:09.7776437Z           "events",
source_go	Real Go source ownership and AST dependency graph	2026-10-03T16:05:09.7776591Z           "later event missing",
source_go	Real Go source ownership and AST dependency graph	2026-10-03T16:05:09.7776892Z           "SELECT user_id FROM users WHERE user_id=$1 FOR UPDATE",
source_go	Real Go source ownership and AST dependency graph	2026-10-03T16:05:09.7776990Z           "",
source_go	Real Go source ownership and AST dependency graph	2026-10-03T16:05:09.7777408Z           "UPDATE sessions SET expires_at=now()-interval '1 second' WHERE user_id=$1",
source_go	Real Go source ownership and AST dependency graph	2026-10-03T16:05:09.7777561Z           "auth recheck hung",
source_go	Real Go source ownership and AST dependency graph	2026-10-03T16:05:09.7777701Z           "/v1/sync/user",
source_go	Real Go source ownership and AST dependency graph	2026-10-03T16:05:09.7777870Z           "/v1/sync/conversation",
source_go	Real Go source ownership and AST dependency graph	2026-10-03T16:05:09.7777972Z           "{",
source_go	Real Go source ownership and AST dependency graph	2026-10-03T16:05:09.7778134Z           "{\"requestId\":null}",
source_go	Real Go source ownership and AST dependency graph	2026-10-03T16:05:09.7778319Z           "{\"requestId\":\"invalid\"}",
source_go	Real Go source ownership and AST dependency graph	2026-10-03T16:05:09.7778686Z           "[]",
source_go	Real Go source ownership and AST dependency graph	2026-10-03T16:05:09.7778800Z           "POST",
source_go	Real Go source ownership and AST dependency graph	2026-10-03T16:05:09.7778959Z           "?accessToken=fake",
source_go	Real Go source ownership and AST dependency graph	2026-10-03T16:05:09.7779101Z           "Cache-Control",
source_go	Real Go source ownership and AST dependency graph	2026-10-03T16:05:09.7779232Z           "no-store",
source_go	Real Go source ownership and AST dependency graph	2026-10-03T16:05:09.7779500Z           "malformed failure",
source_go	Real Go source ownership and AST dependency graph	2026-10-03T16:05:09.7779624Z           "requestId",
source_go	Real Go source ownership and AST dependency graph	2026-10-03T16:05:09.7779764Z           "requestId",
source_go	Real Go source ownership and AST dependency graph	2026-10-03T16:05:09.7779944Z           "missing fresh server UUID",
source_go	Real Go source ownership and AST dependency graph	2026-10-03T16:05:09.7780048Z           "0",
source_go	Real Go source ownership and AST dependency graph	2026-10-03T16:05:09.7780182Z           "syncVersion",
source_go	Real Go source ownership and AST dependency graph	2026-10-03T16:05:09.7780285Z           "",
source_go	Real Go source ownership and AST dependency graph	2026-10-03T16:05:09.7780395Z           "POST",
source_go	Real Go source ownership and AST dependency graph	2026-10-03T16:05:09.7780609Z           "/v1/auth/login?accessToken=fake",
source_go	Real Go source ownership and AST dependency graph	2026-10-03T16:05:09.7780719Z           "{}",
source_go	Real Go source ownership and AST dependency graph	2026-10-03T16:05:09.7780950Z           "Authentication material is forbidden",
source_go	Real Go source ownership and AST dependency graph	2026-10-03T16:05:09.7781129Z           "legacy query rule changed",
source_go	Real Go source ownership and AST dependency graph	2026-10-03T16:05:09.7781285Z           "AUTH_TOKEN_EXPIRED",
source_go	Real Go source ownership and AST dependency graph	2026-10-03T16:05:09.7781402Z           "MOBILE",
source_go	Real Go source ownership and AST dependency graph	2026-10-03T16:05:09.7781581Z           "AUTH_CLIENT_TYPE_MISMATCH",
source_go	Real Go source ownership and AST dependency graph	2026-10-03T16:05:09.7781734Z           "AUTH_TOKEN_INVALID",
source_go	Real Go source ownership and AST dependency graph	2026-10-03T16:05:09.7781837Z           "0",
source_go	Real Go source ownership and AST dependency graph	2026-10-03T16:05:09.7781933Z           "",
source_go	Real Go source ownership and AST dependency graph	2026-10-03T16:05:09.7782052Z           "error",
source_go	Real Go source ownership and AST dependency graph	2026-10-03T16:05:09.7782162Z           "code",
source_go	Real Go source ownership and AST dependency graph	2026-10-03T16:05:09.7782291Z           "revoked",
source_go	Real Go source ownership and AST dependency graph	2026-10-03T16:05:09.7782593Z           "UPDATE sessions SET status='REVOKED' WHERE user_id=$1",
source_go	Real Go source ownership and AST dependency graph	2026-10-03T16:05:09.7782758Z           "AUTH_SESSION_REVOKED",
source_go	Real Go source ownership and AST dependency graph	2026-10-03T16:05:09.7782872Z           "epoch",
source_go	Real Go source ownership and AST dependency graph	2026-10-03T16:05:09.7783258Z           "UPDATE sessions SET session_epoch=session_epoch+1 WHERE user_id=$1",
source_go	Real Go source ownership and AST dependency graph	2026-10-03T16:05:09.7783439Z           "AUTH_SESSION_EPOCH_STALE",
source_go	Real Go source ownership and AST dependency graph	2026-10-03T16:05:09.7783574Z           "tokenexpiry",
source_go	Real Go source ownership and AST dependency graph	2026-10-03T16:05:09.7783673Z           "",
source_go	Real Go source ownership and AST dependency graph	2026-10-03T16:05:09.7783825Z           "AUTH_TOKEN_EXPIRED",
source_go	Real Go source ownership and AST dependency graph	2026-10-03T16:05:09.7784121Z           "SELECT user_id FROM users WHERE user_id=$1 FOR UPDATE",
source_go	Real Go source ownership and AST dependency graph	2026-10-03T16:05:09.7784226Z           "0",
source_go	Real Go source ownership and AST dependency graph	2026-10-03T16:05:09.7784321Z           "",
source_go	Real Go source ownership and AST dependency graph	2026-10-03T16:05:09.7784419Z           "",
source_go	Real Go source ownership and AST dependency graph	2026-10-03T16:05:09.7784531Z           "error",
source_go	Real Go source ownership and AST dependency graph	2026-10-03T16:05:09.7784643Z           "code",
source_go	Real Go source ownership and AST dependency graph	2026-10-03T16:05:09.7784749Z           "wait",
source_go	Real Go source ownership and AST dependency graph	2026-10-03T16:05:09.7784861Z           "0",
source_go	Real Go source ownership and AST dependency graph	2026-10-03T16:05:09.7784967Z           "POST",
source_go	Real Go source ownership and AST dependency graph	2026-10-03T16:05:09.7785106Z           "/v1/sync/user",
source_go	Real Go source ownership and AST dependency graph	2026-10-03T16:05:09.7785250Z           "Authorization",
source_go	Real Go source ownership and AST dependency graph	2026-10-03T16:05:09.7785372Z           "Bearer ",
source_go	Real Go source ownership and AST dependency graph	2026-10-03T16:05:09.7785546Z           "bounded pool read %d",
source_go	Real Go source ownership and AST dependency graph	2026-10-03T16:05:09.7785698Z           "pool starvation",
source_go	Real Go source ownership and AST dependency graph	2026-10-03T16:05:09.7785804Z           "1",
source_go	Real Go source ownership and AST dependency graph	2026-10-03T16:05:09.7785903Z           "0",
source_go	Real Go source ownership and AST dependency graph	2026-10-03T16:05:09.7786055Z           "9223372036854775807",
source_go	Real Go source ownership and AST dependency graph	2026-10-03T16:05:09.7786172Z           "e-70000",
source_go	Real Go source ownership and AST dependency graph	2026-10-03T16:05:09.7786273Z           "1",
source_go	Real Go source ownership and AST dependency graph	2026-10-03T16:05:09.7786378Z           "1e",
source_go	Real Go source ownership and AST dependency graph	2026-10-03T16:05:09.7786475Z           "9",
source_go	Real Go source ownership and AST dependency graph	2026-10-03T16:05:09.7786625Z           "9223372036854775807",
source_go	Real Go source ownership and AST dependency graph	2026-10-03T16:05:09.7786734Z           "0e-",
source_go	Real Go source ownership and AST dependency graph	2026-10-03T16:05:09.7786834Z           "9",
source_go	Real Go source ownership and AST dependency graph	2026-10-03T16:05:09.7786930Z           "0",
source_go	Real Go source ownership and AST dependency graph	2026-10-03T16:05:09.7787048Z           "-0.000e",
source_go	Real Go source ownership and AST dependency graph	2026-10-03T16:05:09.7787146Z           "9",
source_go	Real Go source ownership and AST dependency graph	2026-10-03T16:05:09.7787251Z           "0",
source_go	Real Go source ownership and AST dependency graph	2026-10-03T16:05:09.7787360Z           "1.0",
source_go	Real Go source ownership and AST dependency graph	2026-10-03T16:05:09.7787457Z           "1",
source_go	Real Go source ownership and AST dependency graph	2026-10-03T16:05:09.7787572Z           "100e-2",
source_go	Real Go source ownership and AST dependency graph	2026-10-03T16:05:09.7787670Z           "1",
source_go	Real Go source ownership and AST dependency graph	2026-10-03T16:05:09.7787781Z           "1e-2",
source_go	Real Go source ownership and AST dependency graph	2026-10-03T16:05:09.7787884Z           "0.5",
source_go	Real Go source ownership and AST dependency graph	2026-10-03T16:05:09.7787998Z           "-1.2",
source_go	Real Go source ownership and AST dependency graph	2026-10-03T16:05:09.7788099Z           "-1",
source_go	Real Go source ownership and AST dependency graph	2026-10-03T16:05:09.7788222Z           "0.0001e4",
source_go	Real Go source ownership and AST dependency graph	2026-10-03T16:05:09.7788323Z           "1",
source_go	Real Go source ownership and AST dependency graph	2026-10-03T16:05:09.7788608Z           "0.0001e3",
source_go	Real Go source ownership and AST dependency graph	2026-10-03T16:05:09.7788720Z           "0.5",
source_go	Real Go source ownership and AST dependency graph	2026-10-03T16:05:09.7788823Z           "001",
source_go	Real Go source ownership and AST dependency graph	2026-10-03T16:05:09.7788922Z           "",
source_go	Real Go source ownership and AST dependency graph	2026-10-03T16:05:09.7789021Z           "1.",
source_go	Real Go source ownership and AST dependency graph	2026-10-03T16:05:09.7789118Z           "",
source_go	Real Go source ownership and AST dependency graph	2026-10-03T16:05:09.7789346Z           "1e+",
source_go	Real Go source ownership and AST dependency graph	2026-10-03T16:05:09.7789444Z           "",
source_go	Real Go source ownership and AST dependency graph	2026-10-03T16:05:09.7789549Z           "-",
source_go	Real Go source ownership and AST dependency graph	2026-10-03T16:05:09.7789641Z           "",
source_go	Real Go source ownership and AST dependency graph	2026-10-03T16:05:09.7789750Z           "1e2x",
source_go	Real Go source ownership and AST dependency graph	2026-10-03T16:05:09.7789843Z           "",
source_go	Real Go source ownership and AST dependency graph	2026-10-03T16:05:09.7790052Z           "1e-",
source_go	Real Go source ownership and AST dependency graph	2026-10-03T16:05:09.7790146Z           "",
source_go	Real Go source ownership and AST dependency graph	2026-10-03T16:05:09.7790251Z           "1-2",
source_go	Real Go source ownership and AST dependency graph	2026-10-03T16:05:09.7790344Z           "",
source_go	Real Go source ownership and AST dependency graph	2026-10-03T16:05:09.7790449Z           "1 2",
source_go	Real Go source ownership and AST dependency graph	2026-10-03T16:05:09.7790546Z           "",
source_go	Real Go source ownership and AST dependency graph	2026-10-03T16:05:09.7790687Z           "{\"afterSeq\":",
source_go	Real Go source ownership and AST dependency graph	2026-10-03T16:05:09.7790787Z           "}",
source_go	Real Go source ownership and AST dependency graph	2026-10-03T16:05:09.7790963Z           "invalid original JSON",
source_go	Real Go source ownership and AST dependency graph	2026-10-03T16:05:09.7791210Z           "stream numeric validity input prefix %s",
source_go	Real Go source ownership and AST dependency graph	2026-10-03T16:05:09.7791352Z           "{\"afterSeq\":",
source_go	Real Go source ownership and AST dependency graph	2026-10-03T16:05:09.7791456Z           "}",
source_go	Real Go source ownership and AST dependency graph	2026-10-03T16:05:09.7791606Z           "normalized %s",
source_go	Real Go source ownership and AST dependency graph	2026-10-03T16:05:09.7791811Z           "unbounded normalization buffer",
source_go	Real Go source ownership and AST dependency graph	2026-10-03T16:05:09.7792120Z           " { \"cursor\" : \"123\\\\\\\"456 789\", \"limit\": 1.0 } ",
source_go	Real Go source ownership and AST dependency graph	2026-10-03T16:05:09.7792280Z           "\"123\\\\\\\"456 789\"",
source_go	Real Go source ownership and AST dependency graph	2026-10-03T16:05:09.7792453Z           "escaped string changed",
source_go	Real Go source ownership and AST dependency graph	2026-10-03T16:05:09.7792592Z           "{\"cursor\":\"",
source_go	Real Go source ownership and AST dependency graph	2026-10-03T16:05:09.7792700Z           "x",
source_go	Real Go source ownership and AST dependency graph	2026-10-03T16:05:09.7792808Z           "\"}",
source_go	Real Go source ownership and AST dependency graph	2026-10-03T16:05:09.7793027Z           "nonnumeric buffer boundary removed",
source_go	Real Go source ownership and AST dependency graph	2026-10-03T16:05:09.7793166Z           "{\"limit\":1}",
source_go	Real Go source ownership and AST dependency graph	2026-10-03T16:05:09.7793296Z           "[1,2.0,3e0]",
source_go	Real Go source ownership and AST dependency graph	2026-10-03T16:05:09.7793398Z           "1",
source_go	Real Go source ownership and AST dependency graph	2026-10-03T16:05:09.7793498Z           "1 ",
source_go	Real Go source ownership and AST dependency graph	2026-10-03T16:05:09.7793669Z           "EOF/delimiter handling",
source_go	Real Go source ownership and AST dependency graph	2026-10-03T16:05:09.7793767Z           "1",
source_go	Real Go source ownership and AST dependency graph	2026-10-03T16:05:09.7793868Z           "0",
source_go	Real Go source ownership and AST dependency graph	2026-10-03T16:05:09.7793972Z           "1e",
source_go	Real Go source ownership and AST dependency graph	2026-10-03T16:05:09.7794068Z           "9",
source_go	Real Go source ownership and AST dependency graph	2026-10-03T16:05:09.7794188Z           "e-70000",
source_go	Real Go source ownership and AST dependency graph	2026-10-03T16:05:09.7794284Z           "0",
source_go	Real Go source ownership and AST dependency graph	2026-10-03T16:05:09.7794406Z           "limit",
source_go	Real Go source ownership and AST dependency graph	2026-10-03T16:05:09.7794505Z           "",
source_go	Real Go source ownership and AST dependency graph	2026-10-03T16:05:09.7794611Z           "1e",
source_go	Real Go source ownership and AST dependency graph	2026-10-03T16:05:09.7794708Z           "9",
source_go	Real Go source ownership and AST dependency graph	2026-10-03T16:05:09.7794818Z           "-0e-",
source_go	Real Go source ownership and AST dependency graph	2026-10-03T16:05:09.7794915Z           "9",
source_go	Real Go source ownership and AST dependency graph	2026-10-03T16:05:09.7795031Z           "0.0e",
source_go	Real Go source ownership and AST dependency graph	2026-10-03T16:05:09.7795131Z           "9",
source_go	Real Go source ownership and AST dependency graph	2026-10-03T16:05:09.7795230Z           "",
source_go	Real Go source ownership and AST dependency graph	2026-10-03T16:05:09.7795333Z           "001",
source_go	Real Go source ownership and AST dependency graph	2026-10-03T16:05:09.7795433Z           "1.",
source_go	Real Go source ownership and AST dependency graph	2026-10-03T16:05:09.7795540Z           "1e+",
source_go	Real Go source ownership and AST dependency graph	2026-10-03T16:05:09.7795638Z           "-",
source_go	Real Go source ownership and AST dependency graph	2026-10-03T16:05:09.7795750Z           "1e2x",
source_go	Real Go source ownership and AST dependency graph	2026-10-03T16:05:09.7795853Z           "1e-",
source_go	Real Go source ownership and AST dependency graph	2026-10-03T16:05:09.7795959Z           "1-2",
source_go	Real Go source ownership and AST dependency graph	2026-10-03T16:05:09.7796061Z           "1 2",
source_go	Real Go source ownership and AST dependency graph	2026-10-03T16:05:09.7796646Z           "{\"syncVersion\":\"1.0\",\"type\":\"sync.user.request\",\"requestId\":\"%s\",\"cursor\":\"0\",\"limit\":%s}",
source_go	Real Go source ownership and AST dependency graph	2026-10-03T16:05:09.7796762Z           "POST",
source_go	Real Go source ownership and AST dependency graph	2026-10-03T16:05:09.7796900Z           "/v1/sync/user",
source_go	Real Go source ownership and AST dependency graph	2026-10-03T16:05:09.7797044Z           "Authorization",
source_go	Real Go source ownership and AST dependency graph	2026-10-03T16:05:09.7797167Z           "Bearer ",
source_go	Real Go source ownership and AST dependency graph	2026-10-03T16:05:09.7797401Z           "malformed original number legalized"
source_go	Real Go source ownership and AST dependency graph	2026-10-03T16:05:09.7797493Z         ]
source_go	Real Go source ownership and AST dependency graph	2026-10-03T16:05:09.7797581Z       },
source_go	Real Go source ownership and AST dependency graph	2026-10-03T16:05:09.7797664Z       {
source_go	Real Go source ownership and AST dependency graph	2026-10-03T16:05:09.7797839Z         "path": "core/sync_test.go",
source_go	Real Go source ownership and AST dependency graph	2026-10-03T16:05:09.7797977Z         "package": "core",
source_go	Real Go source ownership and AST dependency graph	2026-10-03T16:05:09.7798094Z         "imports": [
source_go	Real Go source ownership and AST dependency graph	2026-10-03T16:05:09.7798211Z           "bytes",
source_go	Real Go source ownership and AST dependency graph	2026-10-03T16:05:09.7798330Z           "context",
source_go	Real Go source ownership and AST dependency graph	2026-10-03T16:05:09.7798595Z           "encoding/json",
source_go	Real Go source ownership and AST dependency graph	2026-10-03T16:05:09.7798753Z           "net/http/httptest",
source_go	Real Go source ownership and AST dependency graph	2026-10-03T16:05:09.7798871Z           "testing"
source_go	Real Go source ownership and AST dependency graph	2026-10-03T16:05:09.7798961Z         ],
source_go	Real Go source ownership and AST dependency graph	2026-10-03T16:05:09.7799081Z         "functions": [
source_go	Real Go source ownership and AST dependency graph	2026-10-03T16:05:09.7799293Z           "TestAuthorizedHistoryGapPages",
source_go	Real Go source ownership and AST dependency graph	2026-10-03T16:05:09.7799555Z           "TestHistoryRequiresPresentIntegerAfterSeq"
source_go	Real Go source ownership and AST dependency graph	2026-10-03T16:05:09.7799646Z         ],
source_go	Real Go source ownership and AST dependency graph	2026-10-03T16:05:09.7799766Z         "types": null,
source_go	Real Go source ownership and AST dependency graph	2026-10-03T16:05:09.7800000Z         "calls": [
source_go	Real Go source ownership and AST dependency graph	2026-10-03T16:05:09.7800160Z           "newMessageFixture",
source_go	Real Go source ownership and AST dependency graph	2026-10-03T16:05:09.7800266Z           "uuid",
source_go	Real Go source ownership and AST dependency graph	2026-10-03T16:05:09.7800423Z           "f.s.commitMessage",
source_go	Real Go source ownership and AST dependency graph	2026-10-03T16:05:09.7800584Z           "context.Background",
source_go	Real Go source ownership and AST dependency graph	2026-10-03T16:05:09.7800809Z           "f.send",
source_go	Real Go source ownership and AST dependency graph	2026-10-03T16:05:09.7800924Z           "t.Fatal",
source_go	Real Go source ownership and AST dependency graph	2026-10-03T16:05:09.7801034Z           "uuid",
source_go	Real Go source ownership and AST dependency graph	2026-10-03T16:05:09.7801146Z           "int64",
source_go	Real Go source ownership and AST dependency graph	2026-10-03T16:05:09.7801289Z           "json.Marshal",
source_go	Real Go source ownership and AST dependency graph	2026-10-03T16:05:09.7801435Z           "f.s.codec.Sign",
source_go	Real Go source ownership and AST dependency graph	2026-10-03T16:05:09.7801597Z           "httptest.NewRequest",
source_go	Real Go source ownership and AST dependency graph	2026-10-03T16:05:09.7801747Z           "bytes.NewReader",
source_go	Real Go source ownership and AST dependency graph	2026-10-03T16:05:09.7801879Z           "r.Header.Set",
source_go	Real Go source ownership and AST dependency graph	2026-10-03T16:05:09.7802049Z           "httptest.NewRecorder",
source_go	Real Go source ownership and AST dependency graph	2026-10-03T16:05:09.7802227Z           "f.s.conversationHistory",
source_go	Real Go source ownership and AST dependency graph	2026-10-03T16:05:09.7802339Z           "call",
source_go	Real Go source ownership and AST dependency graph	2026-10-03T16:05:09.7802485Z           "json.Unmarshal",
source_go	Real Go source ownership and AST dependency graph	2026-10-03T16:05:09.7802620Z           "w.Body.Bytes",
source_go	Real Go source ownership and AST dependency graph	2026-10-03T16:05:09.7802733Z           "len",
source_go	Real Go source ownership and AST dependency graph	2026-10-03T16:05:09.7802849Z           "t.Fatal",
source_go	Real Go source ownership and AST dependency graph	2026-10-03T16:05:09.7802958Z           "call",
source_go	Real Go source ownership and AST dependency graph	2026-10-03T16:05:09.7803099Z           "json.Unmarshal",
source_go	Real Go source ownership and AST dependency graph	2026-10-03T16:05:09.7803236Z           "w.Body.Bytes",
source_go	Real Go source ownership and AST dependency graph	2026-10-03T16:05:09.7803343Z           "len",
source_go	Real Go source ownership and AST dependency graph	2026-10-03T16:05:09.7803463Z           "t.Fatal",
source_go	Real Go source ownership and AST dependency graph	2026-10-03T16:05:09.7803595Z           "f.db.Exec",
source_go	Real Go source ownership and AST dependency graph	2026-10-03T16:05:09.7803755Z           "context.Background",
source_go	Real Go source ownership and AST dependency graph	2026-10-03T16:05:09.7803864Z           "call",
source_go	Real Go source ownership and AST dependency graph	2026-10-03T16:05:09.7803979Z           "t.Fatal",
source_go	Real Go source ownership and AST dependency graph	2026-10-03T16:05:09.7804088Z           "call",
source_go	Real Go source ownership and AST dependency graph	2026-10-03T16:05:09.7804203Z           "t.Fatal",
source_go	Real Go source ownership and AST dependency graph	2026-10-03T16:05:09.7804358Z           "newMessageFixture",
source_go	Real Go source ownership and AST dependency graph	2026-10-03T16:05:09.7804464Z           "uuid",
source_go	Real Go source ownership and AST dependency graph	2026-10-03T16:05:09.7804621Z           "f.s.commitMessage",
source_go	Real Go source ownership and AST dependency graph	2026-10-03T16:05:09.7804782Z           "context.Background",
source_go	Real Go source ownership and AST dependency graph	2026-10-03T16:05:09.7804896Z           "f.send",
source_go	Real Go source ownership and AST dependency graph	2026-10-03T16:05:09.7805021Z           "t.Fatal",
source_go	Real Go source ownership and AST dependency graph	2026-10-03T16:05:09.7805131Z           "uuid",
source_go	Real Go source ownership and AST dependency graph	2026-10-03T16:05:09.7805277Z           "f.s.codec.Sign",
source_go	Real Go source ownership and AST dependency graph	2026-10-03T16:05:09.7805386Z           "t.Run",
source_go	Real Go source ownership and AST dependency graph	2026-10-03T16:05:09.7805523Z           "json.Marshal",
source_go	Real Go source ownership and AST dependency graph	2026-10-03T16:05:09.7805640Z           "t.Fatal",
source_go	Real Go source ownership and AST dependency graph	2026-10-03T16:05:09.7805798Z           "httptest.NewRequest",
source_go	Real Go source ownership and AST dependency graph	2026-10-03T16:05:09.7805950Z           "bytes.NewReader",
source_go	Real Go source ownership and AST dependency graph	2026-10-03T16:05:09.7806082Z           "r.Header.Set",
source_go	Real Go source ownership and AST dependency graph	2026-10-03T16:05:09.7806251Z           "httptest.NewRecorder",
source_go	Real Go source ownership and AST dependency graph	2026-10-03T16:05:09.7806427Z           "f.s.conversationHistory",
source_go	Real Go source ownership and AST dependency graph	2026-10-03T16:05:09.7806552Z           "t.Fatalf",
source_go	Real Go source ownership and AST dependency graph	2026-10-03T16:05:09.7806696Z           "json.Unmarshal",
source_go	Real Go source ownership and AST dependency graph	2026-10-03T16:05:09.7806836Z           "w.Body.Bytes",
source_go	Real Go source ownership and AST dependency graph	2026-10-03T16:05:09.7806956Z           "t.Fatal",
source_go	Real Go source ownership and AST dependency graph	2026-10-03T16:05:09.7807095Z           "json.Unmarshal",
source_go	Real Go source ownership and AST dependency graph	2026-10-03T16:05:09.7807232Z           "w.Body.Bytes",
source_go	Real Go source ownership and AST dependency graph	2026-10-03T16:05:09.7807335Z           "len",
source_go	Real Go source ownership and AST dependency graph	2026-10-03T16:05:09.7807450Z           "t.Fatal"
source_go	Real Go source ownership and AST dependency graph	2026-10-03T16:05:09.7807536Z         ],
source_go	Real Go source ownership and AST dependency graph	2026-10-03T16:05:09.7807652Z         "strings": [
source_go	Real Go source ownership and AST dependency graph	2026-10-03T16:05:09.7807764Z           "bytes",
source_go	Real Go source ownership and AST dependency graph	2026-10-03T16:05:09.7807885Z           "context",
source_go	Real Go source ownership and AST dependency graph	2026-10-03T16:05:09.7808028Z           "encoding/json",
source_go	Real Go source ownership and AST dependency graph	2026-10-03T16:05:09.7808179Z           "net/http/httptest",
source_go	Real Go source ownership and AST dependency graph	2026-10-03T16:05:09.7808303Z           "testing",
source_go	Real Go source ownership and AST dependency graph	2026-10-03T16:05:09.7808418Z           "history",
source_go	Real Go source ownership and AST dependency graph	2026-10-03T16:05:09.7808646Z           "1.0",
source_go	Real Go source ownership and AST dependency graph	2026-10-03T16:05:09.7808836Z           "sync.conversation.request",
source_go	Real Go source ownership and AST dependency graph	2026-10-03T16:05:09.7808950Z           "POST",
source_go	Real Go source ownership and AST dependency graph	2026-10-03T16:05:09.7809098Z           "/__core/history",
source_go	Real Go source ownership and AST dependency graph	2026-10-03T16:05:09.7809241Z           "Authorization",
source_go	Real Go source ownership and AST dependency graph	2026-10-03T16:05:09.7809364Z           "Bearer ",
source_go	Real Go source ownership and AST dependency graph	2026-10-03T16:05:09.7809515Z           "json:\"messages\"",
source_go	Real Go source ownership and AST dependency graph	2026-10-03T16:05:09.7809670Z           "json:\"hasMore\"",
source_go	Real Go source ownership and AST dependency graph	2026-10-03T16:05:09.7809837Z           "first gap page failed",
source_go	Real Go source ownership and AST dependency graph	2026-10-03T16:05:09.7810020Z           "terminal gap page failed",
source_go	Real Go source ownership and AST dependency graph	2026-10-03T16:05:09.7810520Z           "UPDATE conversation_members SET left_at=now() WHERE conversation_id=$1 AND user_id=$2",
source_go	Real Go source ownership and AST dependency graph	2026-10-03T16:05:09.7810839Z           "history leaks to nonmember",
source_go	Real Go source ownership and AST dependency graph	2026-10-03T16:05:09.7811048Z           "invalid canonical limit accepted",
source_go	Real Go source ownership and AST dependency graph	2026-10-03T16:05:09.7811166Z           "history",
source_go	Real Go source ownership and AST dependency graph	2026-10-03T16:05:09.7811284Z           "missing",
source_go	Real Go source ownership and AST dependency graph	2026-10-03T16:05:09.7811496Z           "null",
source_go	Real Go source ownership and AST dependency graph	2026-10-03T16:05:09.7811621Z           "negative",
source_go	Real Go source ownership and AST dependency graph	2026-10-03T16:05:09.7811733Z           "string",
source_go	Real Go source ownership and AST dependency graph	2026-10-03T16:05:09.7811834Z           "0",
source_go	Real Go source ownership and AST dependency graph	2026-10-03T16:05:09.7811957Z           "fraction",
source_go	Real Go source ownership and AST dependency graph	2026-10-03T16:05:09.7812063Z           "zero",
source_go	Real Go source ownership and AST dependency graph	2026-10-03T16:05:09.7812188Z           "positive",
source_go	Real Go source ownership and AST dependency graph	2026-10-03T16:05:09.7812321Z           "syncVersion",
source_go	Real Go source ownership and AST dependency graph	2026-10-03T16:05:09.7812428Z           "1.0",
source_go	Real Go source ownership and AST dependency graph	2026-10-03T16:05:09.7812535Z           "type",
source_go	Real Go source ownership and AST dependency graph	2026-10-03T16:05:09.7812725Z           "sync.conversation.request",
source_go	Real Go source ownership and AST dependency graph	2026-10-03T16:05:09.7812850Z           "requestId",
source_go	Real Go source ownership and AST dependency graph	2026-10-03T16:05:09.7812997Z           "conversationId",
source_go	Real Go source ownership and AST dependency graph	2026-10-03T16:05:09.7813109Z           "limit",
source_go	Real Go source ownership and AST dependency graph	2026-10-03T16:05:09.7813231Z           "afterSeq",
source_go	Real Go source ownership and AST dependency graph	2026-10-03T16:05:09.7813345Z           "POST",
source_go	Real Go source ownership and AST dependency graph	2026-10-03T16:05:09.7813489Z           "/__core/history",
source_go	Real Go source ownership and AST dependency graph	2026-10-03T16:05:09.7813632Z           "Authorization",
source_go	Real Go source ownership and AST dependency graph	2026-10-03T16:05:09.7813750Z           "Bearer ",
source_go	Real Go source ownership and AST dependency graph	2026-10-03T16:05:09.7813904Z           "HTTP %d, want %d",
source_go	Real Go source ownership and AST dependency graph	2026-10-03T16:05:09.7814049Z           "json:\"code\"",
source_go	Real Go source ownership and AST dependency graph	2026-10-03T16:05:09.7814189Z           "json:\"error\"",
source_go	Real Go source ownership and AST dependency graph	2026-10-03T16:05:09.7814346Z           "VALIDATION_FAILED",
source_go	Real Go source ownership and AST dependency graph	2026-10-03T16:05:09.7814591Z           "invalid request not rejected canonically",
source_go	Real Go source ownership and AST dependency graph	2026-10-03T16:05:09.7814747Z           "json:\"messages\"",
source_go	Real Go source ownership and AST dependency graph	2026-10-03T16:05:09.7814943Z           "valid cursor history differs"
source_go	Real Go source ownership and AST dependency graph	2026-10-03T16:05:09.7815034Z         ]
source_go	Real Go source ownership and AST dependency graph	2026-10-03T16:05:09.7815118Z       },
source_go	Real Go source ownership and AST dependency graph	2026-10-03T16:05:09.7815202Z       {
source_go	Real Go source ownership and AST dependency graph	2026-10-03T16:05:09.7815375Z         "path": "gateway/gateway.go",
source_go	Real Go source ownership and AST dependency graph	2026-10-03T16:05:09.7815516Z         "package": "gateway",
source_go	Real Go source ownership and AST dependency graph	2026-10-03T16:05:09.7815636Z         "imports": [
source_go	Real Go source ownership and AST dependency graph	2026-10-03T16:05:09.7815745Z           "bytes",
source_go	Real Go source ownership and AST dependency graph	2026-10-03T16:05:09.7815866Z           "context",
source_go	Real Go source ownership and AST dependency graph	2026-10-03T16:05:09.7816008Z           "encoding/json",
source_go	Real Go source ownership and AST dependency graph	2026-10-03T16:05:09.7816117Z           "io",
source_go	Real Go source ownership and AST dependency graph	2026-10-03T16:05:09.7816243Z           "net/http",
source_go	Real Go source ownership and AST dependency graph	2026-10-03T16:05:09.7816357Z           "regexp",
source_go	Real Go source ownership and AST dependency graph	2026-10-03T16:05:09.7816477Z           "strings",
source_go	Real Go source ownership and AST dependency graph	2026-10-03T16:05:09.7816652Z           "sync",
source_go	Real Go source ownership and AST dependency graph	2026-10-03T16:05:09.7816866Z           "time",
source_go	Real Go source ownership and AST dependency graph	2026-10-03T16:05:09.7817222Z           "github.com/gorilla/websocket",
source_go	Real Go source ownership and AST dependency graph	2026-10-03T16:05:09.7817580Z           "im-platform/backend/go/shared"
source_go	Real Go source ownership and AST dependency graph	2026-10-03T16:05:09.7817732Z         ],
source_go	Real Go source ownership and AST dependency graph	2026-10-03T16:05:09.7817959Z         "functions": [
source_go	Real Go source ownership and AST dependency graph	2026-10-03T16:05:09.7818163Z           "validUUID",
source_go	Real Go source ownership and AST dependency graph	2026-10-03T16:05:09.7818278Z           "newHub",
source_go	Real Go source ownership and AST dependency graph	2026-10-03T16:05:09.7818392Z           "send",
source_go	Real Go source ownership and AST dependency graph	2026-10-03T16:05:09.7818635Z           "close",
source_go	Real Go source ownership and AST dependency graph	2026-10-03T16:05:09.7818744Z           "add",
source_go	Real Go source ownership and AST dependency graph	2026-10-03T16:05:09.7818857Z           "remove",
source_go	Real Go source ownership and AST dependency graph	2026-10-03T16:05:09.7818969Z           "frame",
source_go	Real Go source ownership and AST dependency graph	2026-10-03T16:05:09.7819080Z           "revoke",
source_go	Real Go source ownership and AST dependency graph	2026-10-03T16:05:09.7819193Z           "serve",
source_go	Real Go source ownership and AST dependency graph	2026-10-03T16:05:09.7819314Z           "reject",
source_go	Real Go source ownership and AST dependency graph	2026-10-03T16:05:09.7819426Z           "watch",
source_go	Real Go source ownership and AST dependency graph	2026-10-03T16:05:09.7819557Z           "writeError",
source_go	Real Go source ownership and AST dependency graph	2026-10-03T16:05:09.7819673Z           "forward",
source_go	Real Go source ownership and AST dependency graph	2026-10-03T16:05:09.7819786Z           "fanout"
source_go	Real Go source ownership and AST dependency graph	2026-10-03T16:05:09.7819878Z         ],
source_go	Real Go source ownership and AST dependency graph	2026-10-03T16:05:09.7819991Z         "types": [
source_go	Real Go source ownership and AST dependency graph	2026-10-03T16:05:09.7820101Z           "hub",
source_go	Real Go source ownership and AST dependency graph	2026-10-03T16:05:09.7820233Z           "connection",
source_go	Real Go source ownership and AST dependency graph	2026-10-03T16:05:09.7820353Z           "envelope"
source_go	Real Go source ownership and AST dependency graph	2026-10-03T16:05:09.7820440Z         ],
source_go	Real Go source ownership and AST dependency graph	2026-10-03T16:05:09.7820548Z         "calls": [
source_go	Real Go source ownership and AST dependency graph	2026-10-03T16:05:09.7820708Z           "regexp.MustCompile",
source_go	Real Go source ownership and AST dependency graph	2026-10-03T16:05:09.7820912Z           "requestIDPattern.MatchString",
source_go	Real Go source ownership and AST dependency graph	2026-10-03T16:05:09.7821018Z           "make",
source_go	Real Go source ownership and AST dependency graph	2026-10-03T16:05:09.7821145Z           "c.mu.Lock",
source_go	Real Go source ownership and AST dependency graph	2026-10-03T16:05:09.7821278Z           "c.mu.Unlock",
source_go	Real Go source ownership and AST dependency graph	2026-10-03T16:05:09.7821417Z           "c.ws.WriteJSON",
source_go	Real Go source ownership and AST dependency graph	2026-10-03T16:05:09.7821546Z           "c.once.Do",
source_go	Real Go source ownership and AST dependency graph	2026-10-03T16:05:09.7821661Z           "close",
source_go	Real Go source ownership and AST dependency graph	2026-10-03T16:05:09.7821937Z           "c.mu.Lock",
source_go	Real Go source ownership and AST dependency graph	2026-10-03T16:05:09.7822065Z           "c.ws.Close",
source_go	Real Go source ownership and AST dependency graph	2026-10-03T16:05:09.7822200Z           "c.mu.Unlock",
source_go	Real Go source ownership and AST dependency graph	2026-10-03T16:05:09.7822325Z           "h.mu.Lock",
source_go	Real Go source ownership and AST dependency graph	2026-10-03T16:05:09.7822457Z           "h.mu.Unlock",
source_go	Real Go source ownership and AST dependency graph	2026-10-03T16:05:09.7822672Z           "make",
source_go	Real Go source ownership and AST dependency graph	2026-10-03T16:05:09.7822795Z           "h.mu.Lock",
source_go	Real Go source ownership and AST dependency graph	2026-10-03T16:05:09.7822927Z           "h.mu.Unlock",
source_go	Real Go source ownership and AST dependency graph	2026-10-03T16:05:09.7823039Z           "delete",
source_go	Real Go source ownership and AST dependency graph	2026-10-03T16:05:09.7823147Z           "len",
source_go	Real Go source ownership and AST dependency graph	2026-10-03T16:05:09.7823259Z           "delete",
source_go	Real Go source ownership and AST dependency graph	2026-10-03T16:05:09.7823394Z           "h.mu.Lock",
source_go	Real Go source ownership and AST dependency graph	2026-10-03T16:05:09.7823501Z           "make",
source_go	Real Go source ownership and AST dependency graph	2026-10-03T16:05:09.7823611Z           "len",
source_go	Real Go source ownership and AST dependency graph	2026-10-03T16:05:09.7823729Z           "append",
source_go	Real Go source ownership and AST dependency graph	2026-10-03T16:05:09.7823842Z           "delete",
source_go	Real Go source ownership and AST dependency graph	2026-10-03T16:05:09.7823975Z           "h.mu.Unlock",
source_go	Real Go source ownership and AST dependency graph	2026-10-03T16:05:09.7824106Z           "shared.UUID",
source_go	Real Go source ownership and AST dependency graph	2026-10-03T16:05:09.7824220Z           "c.send",
source_go	Real Go source ownership and AST dependency graph	2026-10-03T16:05:09.7824329Z           "frame",
source_go	Real Go source ownership and AST dependency graph	2026-10-03T16:05:09.7824453Z           "c.close",
source_go	Real Go source ownership and AST dependency graph	2026-10-03T16:05:09.7824556Z           "len",
source_go	Real Go source ownership and AST dependency graph	2026-10-03T16:05:09.7824688Z           "writeError",
source_go	Real Go source ownership and AST dependency graph	2026-10-03T16:05:09.7824822Z           "shared.Fail",
source_go	Real Go source ownership and AST dependency graph	2026-10-03T16:05:09.7824975Z           "upgrader.Upgrade",
source_go	Real Go source ownership and AST dependency graph	2026-10-03T16:05:09.7825089Z           "make",
source_go	Real Go source ownership and AST dependency graph	2026-10-03T16:05:09.7825205Z           "c.close",
source_go	Real Go source ownership and AST dependency graph	2026-10-03T16:05:09.7825306Z           "",
source_go	Real Go source ownership and AST dependency graph	2026-10-03T16:05:09.7825424Z           "h.remove",
source_go	Real Go source ownership and AST dependency graph	2026-10-03T16:05:09.7825576Z           "ws.SetReadLimit",
source_go	Real Go source ownership and AST dependency graph	2026-10-03T16:05:09.7825711Z           "ws.ReadJSON",
source_go	Real Go source ownership and AST dependency graph	2026-10-03T16:05:09.7825816Z           "len",
source_go	Real Go source ownership and AST dependency graph	2026-10-03T16:05:09.7825959Z           "json.Marshal",
source_go	Real Go source ownership and AST dependency graph	2026-10-03T16:05:09.7826107Z           "json.Unmarshal",
source_go	Real Go source ownership and AST dependency graph	2026-10-03T16:05:09.7826233Z           "validUUID",
source_go	Real Go source ownership and AST dependency graph	2026-10-03T16:05:09.7826338Z           "len",
source_go	Real Go source ownership and AST dependency graph	2026-10-03T16:05:09.7826484Z           "json.Unmarshal",
source_go	Real Go source ownership and AST dependency graph	2026-10-03T16:05:09.7826588Z           "len",
source_go	Real Go source ownership and AST dependency graph	2026-10-03T16:05:09.7826704Z           "c.send",
source_go	Real Go source ownership and AST dependency graph	2026-10-03T16:05:09.7826816Z           "frame",
source_go	Real Go source ownership and AST dependency graph	2026-10-03T16:05:09.7826934Z           "c.send",
source_go	Real Go source ownership and AST dependency graph	2026-10-03T16:05:09.7827045Z           "frame",
source_go	Real Go source ownership and AST dependency graph	2026-10-03T16:05:09.7827186Z           "json.Unmarshal",
source_go	Real Go source ownership and AST dependency graph	2026-10-03T16:05:09.7827312Z           "h.reject",
source_go	Real Go source ownership and AST dependency graph	2026-10-03T16:05:09.7827453Z           "json.Unmarshal",
source_go	Real Go source ownership and AST dependency graph	2026-10-03T16:05:09.7827564Z           "len",
source_go	Real Go source ownership and AST dependency graph	2026-10-03T16:05:09.7827683Z           "h.reject",
source_go	Real Go source ownership and AST dependency graph	2026-10-03T16:05:09.7827848Z           "h.auth.authenticate",
source_go	Real Go source ownership and AST dependency graph	2026-10-03T16:05:09.7827977Z           "r.Context",
source_go	Real Go source ownership and AST dependency graph	2026-10-03T16:05:09.7828094Z           "h.reject",
source_go	Real Go source ownership and AST dependency graph	2026-10-03T16:05:09.7828215Z           "h.reject",
source_go	Real Go source ownership and AST dependency graph	2026-10-03T16:05:09.7828325Z           "h.add",
source_go	Real Go source ownership and AST dependency graph	2026-10-03T16:05:09.7828607Z           "c.send",
source_go	Real Go source ownership and AST dependency graph	2026-10-03T16:05:09.7828723Z           "frame",
source_go	Real Go source ownership and AST dependency graph	2026-10-03T16:05:09.7828844Z           "h.watch",
source_go	Real Go source ownership and AST dependency graph	2026-10-03T16:05:09.7828956Z           ".Unix",
source_go	Real Go source ownership and AST dependency graph	2026-10-03T16:05:09.7829085Z           "h.auth.now",
source_go	Real Go source ownership and AST dependency graph	2026-10-03T16:05:09.7829211Z           "h.revoke",
source_go	Real Go source ownership and AST dependency graph	2026-10-03T16:05:09.7829327Z           "h.reject",
source_go	Real Go source ownership and AST dependency graph	2026-10-03T16:05:09.7829452Z           "h.forward",
source_go	Real Go source ownership and AST dependency graph	2026-10-03T16:05:09.7829579Z           "r.Context",
source_go	Real Go source ownership and AST dependency graph	2026-10-03T16:05:09.7829695Z           "c.send",
source_go	Real Go source ownership and AST dependency graph	2026-10-03T16:05:09.7829803Z           "frame",
source_go	Real Go source ownership and AST dependency graph	2026-10-03T16:05:09.7829949Z           "time.NewTicker",
source_go	Real Go source ownership and AST dependency graph	2026-10-03T16:05:09.7830087Z           "ticker.Stop",
source_go	Real Go source ownership and AST dependency graph	2026-10-03T16:05:09.7830253Z           "context.WithTimeout",
source_go	Real Go source ownership and AST dependency graph	2026-10-03T16:05:09.7830418Z           "context.Background",
source_go	Real Go source ownership and AST dependency graph	2026-10-03T16:05:09.7830576Z           "h.auth.authenticate",
source_go	Real Go source ownership and AST dependency graph	2026-10-03T16:05:09.7830760Z           "h.auth.revocationReason",
source_go	Real Go source ownership and AST dependency graph	2026-10-03T16:05:09.7830874Z           "cancel",
source_go	Real Go source ownership and AST dependency graph	2026-10-03T16:05:09.7830997Z           "h.revoke",
source_go	Real Go source ownership and AST dependency graph	2026-10-03T16:05:09.7831112Z           "cancel",
source_go	Real Go source ownership and AST dependency graph	2026-10-03T16:05:09.7831250Z           "shared.UUID",
source_go	Real Go source ownership and AST dependency graph	2026-10-03T16:05:09.7831361Z           ".Set",
source_go	Real Go source ownership and AST dependency graph	2026-10-03T16:05:09.7831479Z           "w.Header",
source_go	Real Go source ownership and AST dependency graph	2026-10-03T16:05:09.7831622Z           "w.WriteHeader",
source_go	Real Go source ownership and AST dependency graph	2026-10-03T16:05:09.7831737Z           ".Encode",
source_go	Real Go source ownership and AST dependency graph	2026-10-03T16:05:09.7831888Z           "json.NewEncoder",
source_go	Real Go source ownership and AST dependency graph	2026-10-03T16:05:09.7832029Z           "json.Unmarshal",
source_go	Real Go source ownership and AST dependency graph	2026-10-03T16:05:09.7832301Z           "strings.ToLower",
source_go	Real Go source ownership and AST dependency graph	2026-10-03T16:05:09.7832447Z           "strings.ToLower",
source_go	Real Go source ownership and AST dependency graph	2026-10-03T16:05:09.7832571Z           "c.mu.Lock",
source_go	Real Go source ownership and AST dependency graph	2026-10-03T16:05:09.7832680Z           "make",
source_go	Real Go source ownership and AST dependency graph	2026-10-03T16:05:09.7832808Z           "c.mu.Unlock",
source_go	Real Go source ownership and AST dependency graph	2026-10-03T16:05:09.7833034Z           "c.send",
source_go	Real Go source ownership and AST dependency graph	2026-10-03T16:05:09.7833143Z           "frame",
source_go	Real Go source ownership and AST dependency graph	2026-10-03T16:05:09.7833281Z           "json.Marshal",
source_go	Real Go source ownership and AST dependency graph	2026-10-03T16:05:09.7833394Z           "reject",
source_go	Real Go source ownership and AST dependency graph	2026-10-03T16:05:09.7833591Z           "http.NewRequestWithContext",
source_go	Real Go source ownership and AST dependency graph	2026-10-03T16:05:09.7833747Z           "strings.TrimRight",
source_go	Real Go source ownership and AST dependency graph	2026-10-03T16:05:09.7833889Z           "bytes.NewReader",
source_go	Real Go source ownership and AST dependency graph	2026-10-03T16:05:09.7834004Z           "reject",
source_go	Real Go source ownership and AST dependency graph	2026-10-03T16:05:09.7834143Z           "req.Header.Set",
source_go	Real Go source ownership and AST dependency graph	2026-10-03T16:05:09.7834287Z           "req.Header.Set",
source_go	Real Go source ownership and AST dependency graph	2026-10-03T16:05:09.7834420Z           "h.client.Do",
source_go	Real Go source ownership and AST dependency graph	2026-10-03T16:05:09.7834536Z           "reject",
source_go	Real Go source ownership and AST dependency graph	2026-10-03T16:05:09.7834704Z           "response.Body.Close",
source_go	Real Go source ownership and AST dependency graph	2026-10-03T16:05:09.7834823Z           ".Decode",
source_go	Real Go source ownership and AST dependency graph	2026-10-03T16:05:09.7834985Z           "json.NewDecoder",
source_go	Real Go source ownership and AST dependency graph	2026-10-03T16:05:09.7835125Z           "io.LimitReader",
source_go	Real Go source ownership and AST dependency graph	2026-10-03T16:05:09.7835279Z           "strings.EqualFold",
source_go	Real Go source ownership and AST dependency graph	2026-10-03T16:05:09.7835393Z           "reject",
source_go	Real Go source ownership and AST dependency graph	2026-10-03T16:05:09.7835537Z           "json.Unmarshal",
source_go	Real Go source ownership and AST dependency graph	2026-10-03T16:05:09.7835654Z           "reject",
source_go	Real Go source ownership and AST dependency graph	2026-10-03T16:05:09.7835780Z           "c.mu.Lock",
source_go	Real Go source ownership and AST dependency graph	2026-10-03T16:05:09.7835896Z           "delete",
source_go	Real Go source ownership and AST dependency graph	2026-10-03T16:05:09.7836027Z           "c.mu.Unlock",
source_go	Real Go source ownership and AST dependency graph	2026-10-03T16:05:09.7836144Z           "c.send",
source_go	Real Go source ownership and AST dependency graph	2026-10-03T16:05:09.7836267Z           "validUUID",
source_go	Real Go source ownership and AST dependency graph	2026-10-03T16:05:09.7836409Z           "json.Unmarshal",
source_go	Real Go source ownership and AST dependency graph	2026-10-03T16:05:09.7836532Z           "validUUID",
source_go	Real Go source ownership and AST dependency graph	2026-10-03T16:05:09.7836677Z           "json.Unmarshal",
source_go	Real Go source ownership and AST dependency graph	2026-10-03T16:05:09.7836799Z           "validUUID",
source_go	Real Go source ownership and AST dependency graph	2026-10-03T16:05:09.7836924Z           "validUUID",
source_go	Real Go source ownership and AST dependency graph	2026-10-03T16:05:09.7837047Z           "validUUID",
source_go	Real Go source ownership and AST dependency graph	2026-10-03T16:05:09.7837176Z           "time.Parse",
source_go	Real Go source ownership and AST dependency graph	2026-10-03T16:05:09.7837299Z           "h.mu.Lock",
source_go	Real Go source ownership and AST dependency graph	2026-10-03T16:05:09.7837415Z           "append",
source_go	Real Go source ownership and AST dependency graph	2026-10-03T16:05:09.7837549Z           "h.mu.Unlock",
source_go	Real Go source ownership and AST dependency graph	2026-10-03T16:05:09.7837694Z           "strings.ToLower",
source_go	Real Go source ownership and AST dependency graph	2026-10-03T16:05:09.7837842Z           "strings.ToLower",
source_go	Real Go source ownership and AST dependency graph	2026-10-03T16:05:09.7837952Z           ".Unix",
source_go	Real Go source ownership and AST dependency graph	2026-10-03T16:05:09.7838085Z           "h.auth.now",
source_go	Real Go source ownership and AST dependency graph	2026-10-03T16:05:09.7838212Z           "c.mu.Lock",
source_go	Real Go source ownership and AST dependency graph	2026-10-03T16:05:09.7838342Z           "c.mu.Unlock",
source_go	Real Go source ownership and AST dependency graph	2026-10-03T16:05:09.7838588Z           "c.send"
source_go	Real Go source ownership and AST dependency graph	2026-10-03T16:05:09.7838680Z         ],
source_go	Real Go source ownership and AST dependency graph	2026-10-03T16:05:09.7838796Z         "strings": [
source_go	Real Go source ownership and AST dependency graph	2026-10-03T16:05:09.7838905Z           "bytes",
source_go	Real Go source ownership and AST dependency graph	2026-10-03T16:05:09.7839026Z           "context",
source_go	Real Go source ownership and AST dependency graph	2026-10-03T16:05:09.7839172Z           "encoding/json",
source_go	Real Go source ownership and AST dependency graph	2026-10-03T16:05:09.7839275Z           "io",
source_go	Real Go source ownership and AST dependency graph	2026-10-03T16:05:09.7839400Z           "net/http",
source_go	Real Go source ownership and AST dependency graph	2026-10-03T16:05:09.7839513Z           "regexp",
source_go	Real Go source ownership and AST dependency graph	2026-10-03T16:05:09.7839637Z           "strings",
source_go	Real Go source ownership and AST dependency graph	2026-10-03T16:05:09.7839747Z           "sync",
source_go	Real Go source ownership and AST dependency graph	2026-10-03T16:05:09.7839860Z           "time",
source_go	Real Go source ownership and AST dependency graph	2026-10-03T16:05:09.7840064Z           "github.com/gorilla/websocket",
source_go	Real Go source ownership and AST dependency graph	2026-10-03T16:05:09.7840269Z           "im-platform/backend/go/shared",
source_go	Real Go source ownership and AST dependency graph	2026-10-03T16:05:09.7840464Z           "json:\"protocolVersion\"",
source_go	Real Go source ownership and AST dependency graph	2026-10-03T16:05:09.7840604Z           "json:\"type\"",
source_go	Real Go source ownership and AST dependency graph	2026-10-03T16:05:09.7840768Z           "json:\"requestId\"",
source_go	Real Go source ownership and AST dependency graph	2026-10-03T16:05:09.7840920Z           "json:\"payload\"",
source_go	Real Go source ownership and AST dependency graph	2026-10-03T16:05:09.7841338Z           "^[0-9a-fA-F]{8}-[0-9a-fA-F]{4}-[0-9a-fA-F]{4}-[0-9a-fA-F]{4}-[0-9a-fA-F]{12}$",
source_go	Real Go source ownership and AST dependency graph	2026-10-03T16:05:09.7841495Z           "protocolVersion",
source_go	Real Go source ownership and AST dependency graph	2026-10-03T16:05:09.7841605Z           "1.0",
source_go	Real Go source ownership and AST dependency graph	2026-10-03T16:05:09.7841716Z           "type",
source_go	Real Go source ownership and AST dependency graph	2026-10-03T16:05:09.7841840Z           "requestId",
source_go	Real Go source ownership and AST dependency graph	2026-10-03T16:05:09.7841963Z           "payload",
source_go	Real Go source ownership and AST dependency graph	2026-10-03T16:05:09.7842109Z           "session.revoked",
source_go	Real Go source ownership and AST dependency graph	2026-10-03T16:05:09.7842236Z           "sessionId",
source_go	Real Go source ownership and AST dependency graph	2026-10-03T16:05:09.7842350Z           "reason",
source_go	Real Go source ownership and AST dependency graph	2026-10-03T16:05:09.7842504Z           "VALIDATION_FAILED",
source_go	Real Go source ownership and AST dependency graph	2026-10-03T16:05:09.7842841Z           "Query parameters are not permitted on WebSocket upgrade.",
source_go	Real Go source ownership and AST dependency graph	2026-10-03T16:05:09.7843070Z           "1.0",
source_go	Real Go source ownership and AST dependency graph	2026-10-03T16:05:09.7843182Z           "ping",
source_go	Real Go source ownership and AST dependency graph	2026-10-03T16:05:09.7843291Z           "pong",
source_go	Real Go source ownership and AST dependency graph	2026-10-03T16:05:09.7843401Z           "ping",
source_go	Real Go source ownership and AST dependency graph	2026-10-03T16:05:09.7843508Z           "pong",
source_go	Real Go source ownership and AST dependency graph	2026-10-03T16:05:09.7843747Z           "auth.bind",
source_go	Real Go source ownership and AST dependency graph	2026-10-03T16:05:09.7843883Z           "message.send",
source_go	Real Go source ownership and AST dependency graph	2026-10-03T16:05:09.7844019Z           "message.ack",
source_go	Real Go source ownership and AST dependency graph	2026-10-03T16:05:09.7844137Z           "status",
source_go	Real Go source ownership and AST dependency graph	2026-10-03T16:05:09.7844256Z           "rejected",
source_go	Real Go source ownership and AST dependency graph	2026-10-03T16:05:09.7844373Z           "error",
source_go	Real Go source ownership and AST dependency graph	2026-10-03T16:05:09.7844480Z           "code",
source_go	Real Go source ownership and AST dependency graph	2026-10-03T16:05:09.7844622Z           "AUTH_REQUIRED",
source_go	Real Go source ownership and AST dependency graph	2026-10-03T16:05:09.7844740Z           "message",
source_go	Real Go source ownership and AST dependency graph	2026-10-03T16:05:09.7844893Z           "Request rejected",
source_go	Real Go source ownership and AST dependency graph	2026-10-03T16:05:09.7845058Z           "json:\"accessToken\"",
source_go	Real Go source ownership and AST dependency graph	2026-10-03T16:05:09.7845159Z           "",
source_go	Real Go source ownership and AST dependency graph	2026-10-03T16:05:09.7845313Z           "VALIDATION_FAILED",
source_go	Real Go source ownership and AST dependency graph	2026-10-03T16:05:09.7845493Z           "Access token is required.",
source_go	Real Go source ownership and AST dependency graph	2026-10-03T16:05:09.7845651Z           "VALIDATION_FAILED",
source_go	Real Go source ownership and AST dependency graph	2026-10-03T16:05:09.7845862Z           "Auth binding payload is invalid.",
source_go	Real Go source ownership and AST dependency graph	2026-10-03T16:05:09.7846020Z           "AUTH_TOKEN_INVALID",
source_go	Real Go source ownership and AST dependency graph	2026-10-03T16:05:09.7846194Z           "Access token is invalid.",
source_go	Real Go source ownership and AST dependency graph	2026-10-03T16:05:09.7846322Z           "auth.ack",
source_go	Real Go source ownership and AST dependency graph	2026-10-03T16:05:09.7846441Z           "status",
source_go	Real Go source ownership and AST dependency graph	2026-10-03T16:05:09.7846552Z           "bound",
source_go	Real Go source ownership and AST dependency graph	2026-10-03T16:05:09.7846669Z           "userId",
source_go	Real Go source ownership and AST dependency graph	2026-10-03T16:05:09.7846794Z           "sessionId",
source_go	Real Go source ownership and AST dependency graph	2026-10-03T16:05:09.7846926Z           "clientType",
source_go	Real Go source ownership and AST dependency graph	2026-10-03T16:05:09.7847062Z           "sessionEpoch",
source_go	Real Go source ownership and AST dependency graph	2026-10-03T16:05:09.7847184Z           "REVOKED",
source_go	Real Go source ownership and AST dependency graph	2026-10-03T16:05:09.7847307Z           "auth.bind",
source_go	Real Go source ownership and AST dependency graph	2026-10-03T16:05:09.7847462Z           "VALIDATION_FAILED",
source_go	Real Go source ownership and AST dependency graph	2026-10-03T16:05:09.7847661Z           "Connection is already bound.",
source_go	Real Go source ownership and AST dependency graph	2026-10-03T16:05:09.7847796Z           "message.send",
source_go	Real Go source ownership and AST dependency graph	2026-10-03T16:05:09.7847919Z           "auth.ack",
source_go	Real Go source ownership and AST dependency graph	2026-10-03T16:05:09.7848032Z           "status",
source_go	Real Go source ownership and AST dependency graph	2026-10-03T16:05:09.7848159Z           "rejected",
source_go	Real Go source ownership and AST dependency graph	2026-10-03T16:05:09.7848270Z           "error",
source_go	Real Go source ownership and AST dependency graph	2026-10-03T16:05:09.7848384Z           "code",
source_go	Real Go source ownership and AST dependency graph	2026-10-03T16:05:09.7848616Z           "message",
source_go	Real Go source ownership and AST dependency graph	2026-10-03T16:05:09.7848767Z           "Request rejected",
source_go	Real Go source ownership and AST dependency graph	2026-10-03T16:05:09.7848910Z           "INTERNAL_ERROR",
source_go	Real Go source ownership and AST dependency graph	2026-10-03T16:05:09.7849083Z           "Internal server error.",
source_go	Real Go source ownership and AST dependency graph	2026-10-03T16:05:09.7849226Z           "Content-Type",
source_go	Real Go source ownership and AST dependency graph	2026-10-03T16:05:09.7849378Z           "application/json",
source_go	Real Go source ownership and AST dependency graph	2026-10-03T16:05:09.7849491Z           "error",
source_go	Real Go source ownership and AST dependency graph	2026-10-03T16:05:09.7849598Z           "code",
source_go	Real Go source ownership and AST dependency graph	2026-10-03T16:05:09.7849721Z           "message",
source_go	Real Go source ownership and AST dependency graph	2026-10-03T16:05:09.7849848Z           "requestId",
source_go	Real Go source ownership and AST dependency graph	2026-10-03T16:05:09.7850027Z           "json:\"conversationId\"",
source_go	Real Go source ownership and AST dependency graph	2026-10-03T16:05:09.7850131Z           ":",
source_go	Real Go source ownership and AST dependency graph	2026-10-03T16:05:09.7850265Z           "message.ack",
source_go	Real Go source ownership and AST dependency graph	2026-10-03T16:05:09.7850381Z           "status",
source_go	Real Go source ownership and AST dependency graph	2026-10-03T16:05:09.7850501Z           "rejected",
source_go	Real Go source ownership and AST dependency graph	2026-10-03T16:05:09.7850619Z           "error",
source_go	Real Go source ownership and AST dependency graph	2026-10-03T16:05:09.7850727Z           "code",
source_go	Real Go source ownership and AST dependency graph	2026-10-03T16:05:09.7850899Z           "MESSAGE_COMMIT_FAILED",
source_go	Real Go source ownership and AST dependency graph	2026-10-03T16:05:09.7851020Z           "message",
source_go	Real Go source ownership and AST dependency graph	2026-10-03T16:05:09.7851166Z           "Request rejected",
source_go	Real Go source ownership and AST dependency graph	2026-10-03T16:05:09.7851278Z           "POST",
source_go	Real Go source ownership and AST dependency graph	2026-10-03T16:05:09.7851376Z           "/",
source_go	Real Go source ownership and AST dependency graph	2026-10-03T16:05:09.7851529Z           "/__core/message",
source_go	Real Go source ownership and AST dependency graph	2026-10-03T16:05:09.7851671Z           "Authorization",
source_go	Real Go source ownership and AST dependency graph	2026-10-03T16:05:09.7851797Z           "Bearer ",
source_go	Real Go source ownership and AST dependency graph	2026-10-03T16:05:09.7851937Z           "Content-Type",
source_go	Real Go source ownership and AST dependency graph	2026-10-03T16:05:09.7852093Z           "application/json",
source_go	Real Go source ownership and AST dependency graph	2026-10-03T16:05:09.7852202Z           "1.0",
source_go	Real Go source ownership and AST dependency graph	2026-10-03T16:05:09.7852332Z           "message.ack",
source_go	Real Go source ownership and AST dependency graph	2026-10-03T16:05:09.7852480Z           "json:\"status\"",
source_go	Real Go source ownership and AST dependency graph	2026-10-03T16:05:09.7852605Z           "committed",
source_go	Real Go source ownership and AST dependency graph	2026-10-03T16:05:09.7852712Z           "1.0",
source_go	Real Go source ownership and AST dependency graph	2026-10-03T16:05:09.7852855Z           "message.created",
source_go	Real Go source ownership and AST dependency graph	2026-10-03T16:05:09.7853038Z           "json:\"conversationId\"",
source_go	Real Go source ownership and AST dependency graph	2026-10-03T16:05:09.7853196Z           "json:\"messageId\"",
source_go	Real Go source ownership and AST dependency graph	2026-10-03T16:05:09.7853348Z           "json:\"senderId\"",
source_go	Real Go source ownership and AST dependency graph	2026-10-03T16:05:09.7853638Z           "json:\"seq\"",
source_go	Real Go source ownership and AST dependency graph	2026-10-03T16:05:09.7853791Z           "json:\"createdAt\"",
source_go	Real Go source ownership and AST dependency graph	2026-10-03T16:05:09.7853933Z           "json:\"kind\"",
source_go	Real Go source ownership and AST dependency graph	2026-10-03T16:05:09.7854068Z           "json:\"text\"",
source_go	Real Go source ownership and AST dependency graph	2026-10-03T16:05:09.7854322Z           "json:\"content\"",
source_go	Real Go source ownership and AST dependency graph	2026-10-03T16:05:09.7854429Z           "TEXT",
source_go	Real Go source ownership and AST dependency graph	2026-10-03T16:05:09.7854529Z           ":"
source_go	Real Go source ownership and AST dependency graph	2026-10-03T16:05:09.7854619Z         ]
source_go	Real Go source ownership and AST dependency graph	2026-10-03T16:05:09.7854702Z       },
source_go	Real Go source ownership and AST dependency graph	2026-10-03T16:05:09.7854787Z       {
source_go	Real Go source ownership and AST dependency graph	2026-10-03T16:05:09.7854951Z         "path": "gateway/http.go",
source_go	Real Go source ownership and AST dependency graph	2026-10-03T16:05:09.7855096Z         "package": "gateway",
source_go	Real Go source ownership and AST dependency graph	2026-10-03T16:05:09.7855212Z         "imports": [
source_go	Real Go source ownership and AST dependency graph	2026-10-03T16:05:09.7855350Z           "crypto/sha1",
source_go	Real Go source ownership and AST dependency graph	2026-10-03T16:05:09.7855494Z           "encoding/base64",
source_go	Real Go source ownership and AST dependency graph	2026-10-03T16:05:09.7855638Z           "encoding/json",
source_go	Real Go source ownership and AST dependency graph	2026-10-03T16:05:09.7855851Z           "github.com/jackc/pgx/v5/pgxpool",
source_go	Real Go source ownership and AST dependency graph	2026-10-03T16:05:09.7856043Z           "github.com/nats-io/nats.go",
source_go	Real Go source ownership and AST dependency graph	2026-10-03T16:05:09.7856244Z           "im-platform/backend/go/shared",
source_go	Real Go source ownership and AST dependency graph	2026-10-03T16:05:09.7856371Z           "net/http",
source_go	Real Go source ownership and AST dependency graph	2026-10-03T16:05:09.7856526Z           "net/http/httputil",
source_go	Real Go source ownership and AST dependency graph	2026-10-03T16:05:09.7856644Z           "net/url",
source_go	Real Go source ownership and AST dependency graph	2026-10-03T16:05:09.7856762Z           "strings",
source_go	Real Go source ownership and AST dependency graph	2026-10-03T16:05:09.7856877Z           "time"
source_go	Real Go source ownership and AST dependency graph	2026-10-03T16:05:09.7856965Z         ],
source_go	Real Go source ownership and AST dependency graph	2026-10-03T16:05:09.7857088Z         "functions": [
source_go	Real Go source ownership and AST dependency graph	2026-10-03T16:05:09.7857212Z           "NewHandler"
source_go	Real Go source ownership and AST dependency graph	2026-10-03T16:05:09.7857303Z         ],
source_go	Real Go source ownership and AST dependency graph	2026-10-03T16:05:09.7857422Z         "types": null,
source_go	Real Go source ownership and AST dependency graph	2026-10-03T16:05:09.7857532Z         "calls": [
source_go	Real Go source ownership and AST dependency graph	2026-10-03T16:05:09.7857645Z           "newHub",
source_go	Real Go source ownership and AST dependency graph	2026-10-03T16:05:09.7857783Z           "nc.Subscribe",
source_go	Real Go source ownership and AST dependency graph	2026-10-03T16:05:09.7857928Z           "json.Unmarshal",
source_go	Real Go source ownership and AST dependency graph	2026-10-03T16:05:09.7858047Z           "h.revoke",
source_go	Real Go source ownership and AST dependency graph	2026-10-03T16:05:09.7858184Z           "nc.Subscribe",
source_go	Real Go source ownership and AST dependency graph	2026-10-03T16:05:09.7858305Z           "h.fanout",
source_go	Real Go source ownership and AST dependency graph	2026-10-03T16:05:09.7858581Z           "strings.TrimPrefix",
source_go	Real Go source ownership and AST dependency graph	2026-10-03T16:05:09.7858705Z           "nc.Flush",
source_go	Real Go source ownership and AST dependency graph	2026-10-03T16:05:09.7858860Z           "shared.InfraMux",
source_go	Real Go source ownership and AST dependency graph	2026-10-03T16:05:09.7858997Z           "m.HandleFunc",
source_go	Real Go source ownership and AST dependency graph	2026-10-03T16:05:09.7859150Z           "strings.EqualFold",
source_go	Real Go source ownership and AST dependency graph	2026-10-03T16:05:09.7859286Z           "r.Header.Get",
source_go	Real Go source ownership and AST dependency graph	2026-10-03T16:05:09.7859419Z           "r.Header.Get",
source_go	Real Go source ownership and AST dependency graph	2026-10-03T16:05:09.7859568Z           "http.NotFound",
source_go	Real Go source ownership and AST dependency graph	2026-10-03T16:05:09.7859689Z           "sha1.Sum",
source_go	Real Go source ownership and AST dependency graph	2026-10-03T16:05:09.7859791Z           "",
source_go	Real Go source ownership and AST dependency graph	2026-10-03T16:05:09.7859924Z           "r.Header.Get",
source_go	Real Go source ownership and AST dependency graph	2026-10-03T16:05:09.7860037Z           ".Set",
source_go	Real Go source ownership and AST dependency graph	2026-10-03T16:05:09.7860160Z           "w.Header",
source_go	Real Go source ownership and AST dependency graph	2026-10-03T16:05:09.7860266Z           ".Set",
source_go	Real Go source ownership and AST dependency graph	2026-10-03T16:05:09.7860389Z           "w.Header",
source_go	Real Go source ownership and AST dependency graph	2026-10-03T16:05:09.7860495Z           ".Set",
source_go	Real Go source ownership and AST dependency graph	2026-10-03T16:05:09.7860617Z           "w.Header",
source_go	Real Go source ownership and AST dependency graph	2026-10-03T16:05:09.7860840Z           "base64.StdEncoding.EncodeToString",
source_go	Real Go source ownership and AST dependency graph	2026-10-03T16:05:09.7860985Z           "w.WriteHeader",
source_go	Real Go source ownership and AST dependency graph	2026-10-03T16:05:09.7861119Z           "m.HandleFunc",
source_go	Real Go source ownership and AST dependency graph	2026-10-03T16:05:09.7861250Z           "url.Parse",
source_go	Real Go source ownership and AST dependency graph	2026-10-03T16:05:09.7861376Z           "m.Handle",
source_go	Real Go source ownership and AST dependency graph	2026-10-03T16:05:09.7861599Z           "httputil.NewSingleHostReverseProxy"
source_go	Real Go source ownership and AST dependency graph	2026-10-03T16:05:09.7861691Z         ],
source_go	Real Go source ownership and AST dependency graph	2026-10-03T16:05:09.7861805Z         "strings": [
source_go	Real Go source ownership and AST dependency graph	2026-10-03T16:05:09.7861943Z           "crypto/sha1",
source_go	Real Go source ownership and AST dependency graph	2026-10-03T16:05:09.7862092Z           "encoding/base64",
source_go	Real Go source ownership and AST dependency graph	2026-10-03T16:05:09.7862237Z           "encoding/json",
source_go	Real Go source ownership and AST dependency graph	2026-10-03T16:05:09.7862446Z           "github.com/jackc/pgx/v5/pgxpool",
source_go	Real Go source ownership and AST dependency graph	2026-10-03T16:05:09.7862635Z           "github.com/nats-io/nats.go",
source_go	Real Go source ownership and AST dependency graph	2026-10-03T16:05:09.7862836Z           "im-platform/backend/go/shared",
source_go	Real Go source ownership and AST dependency graph	2026-10-03T16:05:09.7862958Z           "net/http",
source_go	Real Go source ownership and AST dependency graph	2026-10-03T16:05:09.7863113Z           "net/http/httputil",
source_go	Real Go source ownership and AST dependency graph	2026-10-03T16:05:09.7863230Z           "net/url",
source_go	Real Go source ownership and AST dependency graph	2026-10-03T16:05:09.7863351Z           "strings",
source_go	Real Go source ownership and AST dependency graph	2026-10-03T16:05:09.7863459Z           "time",
source_go	Real Go source ownership and AST dependency graph	2026-10-03T16:05:09.7863611Z           "session.revoked",
source_go	Real Go source ownership and AST dependency graph	2026-10-03T16:05:09.7863776Z           "json:\"sessionId\"",
source_go	Real Go source ownership and AST dependency graph	2026-10-03T16:05:09.7863922Z           "json:\"reason\"",
source_go	Real Go source ownership and AST dependency graph	2026-10-03T16:05:09.7864200Z           "message.created.*",
source_go	Real Go source ownership and AST dependency graph	2026-10-03T16:05:09.7864349Z           "message.created.",
source_go	Real Go source ownership and AST dependency graph	2026-10-03T16:05:09.7864470Z           "gateway",
source_go	Real Go source ownership and AST dependency graph	2026-10-03T16:05:09.7864598Z           "/__infra/ws",
source_go	Real Go source ownership and AST dependency graph	2026-10-03T16:05:09.7864721Z           "Upgrade",
source_go	Real Go source ownership and AST dependency graph	2026-10-03T16:05:09.7864954Z           "websocket",
source_go	Real Go source ownership and AST dependency graph	2026-10-03T16:05:09.7865108Z           "Sec-WebSocket-Key",
source_go	Real Go source ownership and AST dependency graph	2026-10-03T16:05:09.7865212Z           "",
source_go	Real Go source ownership and AST dependency graph	2026-10-03T16:05:09.7865367Z           "Sec-WebSocket-Key",
source_go	Real Go source ownership and AST dependency graph	2026-10-03T16:05:09.7865595Z           "258EAFA5-E914-47DA-95CA-C5AB0DC85B11",
source_go	Real Go source ownership and AST dependency graph	2026-10-03T16:05:09.7865714Z           "Upgrade",
source_go	Real Go source ownership and AST dependency graph	2026-10-03T16:05:09.7865846Z           "websocket",
source_go	Real Go source ownership and AST dependency graph	2026-10-03T16:05:09.7865976Z           "Connection",
source_go	Real Go source ownership and AST dependency graph	2026-10-03T16:05:09.7866096Z           "Upgrade",
source_go	Real Go source ownership and AST dependency graph	2026-10-03T16:05:09.7866268Z           "Sec-WebSocket-Accept",
source_go	Real Go source ownership and AST dependency graph	2026-10-03T16:05:09.7866394Z           "GET /v1/ws",
source_go	Real Go source ownership and AST dependency graph	2026-10-03T16:05:09.7866502Z           "/v1/"
source_go	Real Go source ownership and AST dependency graph	2026-10-03T16:05:09.7866587Z         ]
source_go	Real Go source ownership and AST dependency graph	2026-10-03T16:05:09.7866674Z       },
source_go	Real Go source ownership and AST dependency graph	2026-10-03T16:05:09.7866758Z       {
source_go	Real Go source ownership and AST dependency graph	2026-10-03T16:05:09.7866945Z         "path": "gateway/message_test.go",
source_go	Real Go source ownership and AST dependency graph	2026-10-03T16:05:09.7867088Z         "package": "gateway",
source_go	Real Go source ownership and AST dependency graph	2026-10-03T16:05:09.7867201Z         "imports": [
source_go	Real Go source ownership and AST dependency graph	2026-10-03T16:05:09.7867383Z           "encoding/json",
source_go	Real Go source ownership and AST dependency graph	2026-10-03T16:05:09.7867581Z           "github.com/gorilla/websocket",
source_go	Real Go source ownership and AST dependency graph	2026-10-03T16:05:09.7867785Z           "im-platform/backend/go/shared",
source_go	Real Go source ownership and AST dependency graph	2026-10-03T16:05:09.7867907Z           "net/http",
source_go	Real Go source ownership and AST dependency graph	2026-10-03T16:05:09.7868060Z           "net/http/httptest",
source_go	Real Go source ownership and AST dependency graph	2026-10-03T16:05:09.7868180Z           "strings",
source_go	Real Go source ownership and AST dependency graph	2026-10-03T16:05:09.7868301Z           "testing",
source_go	Real Go source ownership and AST dependency graph	2026-10-03T16:05:09.7868410Z           "time"
source_go	Real Go source ownership and AST dependency graph	2026-10-03T16:05:09.7868614Z         ],
source_go	Real Go source ownership and AST dependency graph	2026-10-03T16:05:09.7868743Z         "functions": [
source_go	Real Go source ownership and AST dependency graph	2026-10-03T16:05:09.7869078Z           "TestPrivateForwardUsesBoundBearerAndCanonicalFrame",
source_go	Real Go source ownership and AST dependency graph	2026-10-03T16:05:09.7869397Z           "TestLocalFanoutSelectsUserAndSuppressesOriginOnly",
source_go	Real Go source ownership and AST dependency graph	2026-10-03T16:05:09.7869656Z           "TestRejectedRetryPreservesCommittedOrigin"
source_go	Real Go source ownership and AST dependency graph	2026-10-03T16:05:09.7869753Z         ],
source_go	Real Go source ownership and AST dependency graph	2026-10-03T16:05:09.7869876Z         "types": null,
source_go	Real Go source ownership and AST dependency graph	2026-10-03T16:05:09.7869986Z         "calls": [
source_go	Real Go source ownership and AST dependency graph	2026-10-03T16:05:09.7870097Z           "make",
source_go	Real Go source ownership and AST dependency graph	2026-10-03T16:05:09.7870253Z           "httptest.NewServer",
source_go	Real Go source ownership and AST dependency graph	2026-10-03T16:05:09.7870410Z           "http.HandlerFunc",
source_go	Real Go source ownership and AST dependency graph	2026-10-03T16:05:09.7870526Z           ".Decode",
source_go	Real Go source ownership and AST dependency graph	2026-10-03T16:05:09.7870683Z           "json.NewDecoder",
source_go	Real Go source ownership and AST dependency graph	2026-10-03T16:05:09.7870818Z           "r.Header.Get",
source_go	Real Go source ownership and AST dependency graph	2026-10-03T16:05:09.7870940Z           ".Encode",
source_go	Real Go source ownership and AST dependency graph	2026-10-03T16:05:09.7871091Z           "json.NewEncoder",
source_go	Real Go source ownership and AST dependency graph	2026-10-03T16:05:09.7871200Z           "frame",
source_go	Real Go source ownership and AST dependency graph	2026-10-03T16:05:09.7871334Z           "core.Close",
source_go	Real Go source ownership and AST dependency graph	2026-10-03T16:05:09.7871447Z           "newHub",
source_go	Real Go source ownership and AST dependency graph	2026-10-03T16:05:09.7871607Z           "httptest.NewServer",
source_go	Real Go source ownership and AST dependency graph	2026-10-03T16:05:09.7871756Z           "http.HandlerFunc",
source_go	Real Go source ownership and AST dependency graph	2026-10-03T16:05:09.7871884Z           ".Upgrade",
source_go	Real Go source ownership and AST dependency graph	2026-10-03T16:05:09.7872005Z           "ws.Close",
source_go	Real Go source ownership and AST dependency graph	2026-10-03T16:05:09.7872117Z           "make",
source_go	Real Go source ownership and AST dependency graph	2026-10-03T16:05:09.7872245Z           "h.forward",
source_go	Real Go source ownership and AST dependency graph	2026-10-03T16:05:09.7872374Z           "r.Context",
source_go	Real Go source ownership and AST dependency graph	2026-10-03T16:05:09.7872525Z           "json.RawMessage",
source_go	Real Go source ownership and AST dependency graph	2026-10-03T16:05:09.7872661Z           "server.Close",
source_go	Real Go source ownership and AST dependency graph	2026-10-03T16:05:09.7872865Z           "websocket.DefaultDialer.Dial",
source_go	Real Go source ownership and AST dependency graph	2026-10-03T16:05:09.7873027Z           "strings.TrimPrefix",
source_go	Real Go source ownership and AST dependency graph	2026-10-03T16:05:09.7873146Z           "t.Fatal",
source_go	Real Go source ownership and AST dependency graph	2026-10-03T16:05:09.7873271Z           "ws.Close",
source_go	Real Go source ownership and AST dependency graph	2026-10-03T16:05:09.7873405Z           "ws.ReadJSON",
source_go	Real Go source ownership and AST dependency graph	2026-10-03T16:05:09.7873528Z           "t.Fatal",
source_go	Real Go source ownership and AST dependency graph	2026-10-03T16:05:09.7873645Z           "t.Fatal",
source_go	Real Go source ownership and AST dependency graph	2026-10-03T16:05:09.7873762Z           "newHub",
source_go	Real Go source ownership and AST dependency graph	2026-10-03T16:05:09.7873869Z           "make",
source_go	Real Go source ownership and AST dependency graph	2026-10-03T16:05:09.7874030Z           "httptest.NewServer",
source_go	Real Go source ownership and AST dependency graph	2026-10-03T16:05:09.7874179Z           "http.HandlerFunc",
source_go	Real Go source ownership and AST dependency graph	2026-10-03T16:05:09.7874306Z           ".Upgrade",
source_go	Real Go source ownership and AST dependency graph	2026-10-03T16:05:09.7874417Z           "make",
source_go	Real Go source ownership and AST dependency graph	2026-10-03T16:05:09.7874527Z           ".Unix",
source_go	Real Go source ownership and AST dependency graph	2026-10-03T16:05:09.7874637Z           ".Add",
source_go	Real Go source ownership and AST dependency graph	2026-10-03T16:05:09.7874757Z           "time.Now",
source_go	Real Go source ownership and AST dependency graph	2026-10-03T16:05:09.7875060Z           "h.add",
source_go	Real Go source ownership and AST dependency graph	2026-10-03T16:05:09.7875206Z           "server.Close",
source_go	Real Go source ownership and AST dependency graph	2026-10-03T16:05:09.7875410Z           "websocket.DefaultDialer.Dial",
source_go	Real Go source ownership and AST dependency graph	2026-10-03T16:05:09.7875574Z           "strings.TrimPrefix",
source_go	Real Go source ownership and AST dependency graph	2026-10-03T16:05:09.7875790Z           "t.Fatal",
source_go	Real Go source ownership and AST dependency graph	2026-10-03T16:05:09.7875909Z           "append",
source_go	Real Go source ownership and AST dependency graph	2026-10-03T16:05:09.7876023Z           "append",
source_go	Real Go source ownership and AST dependency graph	2026-10-03T16:05:09.7876124Z           "",
source_go	Real Go source ownership and AST dependency graph	2026-10-03T16:05:09.7876240Z           "c.close",
source_go	Real Go source ownership and AST dependency graph	2026-10-03T16:05:09.7876359Z           "c.Close",
source_go	Real Go source ownership and AST dependency graph	2026-10-03T16:05:09.7876495Z           "json.Marshal",
source_go	Real Go source ownership and AST dependency graph	2026-10-03T16:05:09.7876608Z           "frame",
source_go	Real Go source ownership and AST dependency graph	2026-10-03T16:05:09.7876733Z           "h.fanout",
source_go	Real Go source ownership and AST dependency graph	2026-10-03T16:05:09.7876851Z           "h.fanout",
source_go	Real Go source ownership and AST dependency graph	2026-10-03T16:05:09.7877005Z           ".SetReadDeadline",
source_go	Real Go source ownership and AST dependency graph	2026-10-03T16:05:09.7877111Z           ".Add",
source_go	Real Go source ownership and AST dependency graph	2026-10-03T16:05:09.7877234Z           "time.Now",
source_go	Real Go source ownership and AST dependency graph	2026-10-03T16:05:09.7877357Z           ".ReadJSON",
source_go	Real Go source ownership and AST dependency graph	2026-10-03T16:05:09.7877475Z           "t.Fatal",
source_go	Real Go source ownership and AST dependency graph	2026-10-03T16:05:09.7877623Z           ".SetReadDeadline",
source_go	Real Go source ownership and AST dependency graph	2026-10-03T16:05:09.7877738Z           ".Add",
source_go	Real Go source ownership and AST dependency graph	2026-10-03T16:05:09.7877861Z           "time.Now",
source_go	Real Go source ownership and AST dependency graph	2026-10-03T16:05:09.7877983Z           ".ReadJSON",
source_go	Real Go source ownership and AST dependency graph	2026-10-03T16:05:09.7878103Z           "t.Fatal",
source_go	Real Go source ownership and AST dependency graph	2026-10-03T16:05:09.7878258Z           "httptest.NewServer",
source_go	Real Go source ownership and AST dependency graph	2026-10-03T16:05:09.7878413Z           "http.HandlerFunc",
source_go	Real Go source ownership and AST dependency graph	2026-10-03T16:05:09.7878647Z           ".Decode",
source_go	Real Go source ownership and AST dependency graph	2026-10-03T16:05:09.7878801Z           "json.NewDecoder",
source_go	Real Go source ownership and AST dependency graph	2026-10-03T16:05:09.7878921Z           "t.Error",
source_go	Real Go source ownership and AST dependency graph	2026-10-03T16:05:09.7879063Z           "json.Unmarshal",
source_go	Real Go source ownership and AST dependency graph	2026-10-03T16:05:09.7879183Z           ".Encode",
source_go	Real Go source ownership and AST dependency graph	2026-10-03T16:05:09.7879329Z           "json.NewEncoder",
source_go	Real Go source ownership and AST dependency graph	2026-10-03T16:05:09.7879443Z           "frame",
source_go	Real Go source ownership and AST dependency graph	2026-10-03T16:05:09.7879571Z           "core.Close",
source_go	Real Go source ownership and AST dependency graph	2026-10-03T16:05:09.7879686Z           "newHub",
source_go	Real Go source ownership and AST dependency graph	2026-10-03T16:05:09.7879792Z           "make",
source_go	Real Go source ownership and AST dependency graph	2026-10-03T16:05:09.7879950Z           "httptest.NewServer",
source_go	Real Go source ownership and AST dependency graph	2026-10-03T16:05:09.7880102Z           "http.HandlerFunc",
source_go	Real Go source ownership and AST dependency graph	2026-10-03T16:05:09.7880225Z           ".Upgrade",
source_go	Real Go source ownership and AST dependency graph	2026-10-03T16:05:09.7880339Z           "make",
source_go	Real Go source ownership and AST dependency graph	2026-10-03T16:05:09.7880448Z           ".Unix",
source_go	Real Go source ownership and AST dependency graph	2026-10-03T16:05:09.7880556Z           ".Add",
source_go	Real Go source ownership and AST dependency graph	2026-10-03T16:05:09.7880675Z           "time.Now",
source_go	Real Go source ownership and AST dependency graph	2026-10-03T16:05:09.7880788Z           "h.add",
source_go	Real Go source ownership and AST dependency graph	2026-10-03T16:05:09.7880922Z           "ws.ReadJSON",
source_go	Real Go source ownership and AST dependency graph	2026-10-03T16:05:09.7881049Z           "h.forward",
source_go	Real Go source ownership and AST dependency graph	2026-10-03T16:05:09.7881175Z           "r.Context",
source_go	Real Go source ownership and AST dependency graph	2026-10-03T16:05:09.7881310Z           "server.Close",
source_go	Real Go source ownership and AST dependency graph	2026-10-03T16:05:09.7881510Z           "websocket.DefaultDialer.Dial",
source_go	Real Go source ownership and AST dependency graph	2026-10-03T16:05:09.7881665Z           "strings.TrimPrefix",
source_go	Real Go source ownership and AST dependency graph	2026-10-03T16:05:09.7881784Z           "t.Fatal",
source_go	Real Go source ownership and AST dependency graph	2026-10-03T16:05:09.7881898Z           "append",
source_go	Real Go source ownership and AST dependency graph	2026-10-03T16:05:09.7882017Z           "append",
source_go	Real Go source ownership and AST dependency graph	2026-10-03T16:05:09.7882117Z           "",
source_go	Real Go source ownership and AST dependency graph	2026-10-03T16:05:09.7882234Z           "c.close",
source_go	Real Go source ownership and AST dependency graph	2026-10-03T16:05:09.7882356Z           "c.Close",
source_go	Real Go source ownership and AST dependency graph	2026-10-03T16:05:09.7882483Z           ".WriteJSON",
source_go	Real Go source ownership and AST dependency graph	2026-10-03T16:05:09.7882597Z           "frame",
source_go	Real Go source ownership and AST dependency graph	2026-10-03T16:05:09.7882712Z           "t.Fatal",
source_go	Real Go source ownership and AST dependency graph	2026-10-03T16:05:09.7882869Z           ".SetReadDeadline",
source_go	Real Go source ownership and AST dependency graph	2026-10-03T16:05:09.7882977Z           ".Add",
source_go	Real Go source ownership and AST dependency graph	2026-10-03T16:05:09.7883101Z           "time.Now",
source_go	Real Go source ownership and AST dependency graph	2026-10-03T16:05:09.7883228Z           ".ReadJSON",
source_go	Real Go source ownership and AST dependency graph	2026-10-03T16:05:09.7883342Z           "t.Fatal",
source_go	Real Go source ownership and AST dependency graph	2026-10-03T16:05:09.7883466Z           "t.Fatal",
source_go	Real Go source ownership and AST dependency graph	2026-10-03T16:05:09.7883601Z           "json.Marshal",
source_go	Real Go source ownership and AST dependency graph	2026-10-03T16:05:09.7883715Z           "frame",
source_go	Real Go source ownership and AST dependency graph	2026-10-03T16:05:09.7883836Z           "h.fanout",
source_go	Real Go source ownership and AST dependency graph	2026-10-03T16:05:09.7883989Z           ".SetReadDeadline",
source_go	Real Go source ownership and AST dependency graph	2026-10-03T16:05:09.7884096Z           ".Add",
source_go	Real Go source ownership and AST dependency graph	2026-10-03T16:05:09.7884220Z           "time.Now",
source_go	Real Go source ownership and AST dependency graph	2026-10-03T16:05:09.7884349Z           ".ReadJSON",
source_go	Real Go source ownership and AST dependency graph	2026-10-03T16:05:09.7884464Z           "t.Fatal",
source_go	Real Go source ownership and AST dependency graph	2026-10-03T16:05:09.7884615Z           ".SetReadDeadline",
source_go	Real Go source ownership and AST dependency graph	2026-10-03T16:05:09.7884722Z           ".Add",
source_go	Real Go source ownership and AST dependency graph	2026-10-03T16:05:09.7884846Z           "time.Now",
source_go	Real Go source ownership and AST dependency graph	2026-10-03T16:05:09.7884970Z           ".ReadJSON",
source_go	Real Go source ownership and AST dependency graph	2026-10-03T16:05:09.7885091Z           "t.Fatal",
source_go	Real Go source ownership and AST dependency graph	2026-10-03T16:05:09.7885372Z           "strings.Contains",
source_go	Real Go source ownership and AST dependency graph	2026-10-03T16:05:09.7885496Z           "err.Error",
source_go	Real Go source ownership and AST dependency graph	2026-10-03T16:05:09.7885612Z           "t.Fatal"
source_go	Real Go source ownership and AST dependency graph	2026-10-03T16:05:09.7885702Z         ],
source_go	Real Go source ownership and AST dependency graph	2026-10-03T16:05:09.7885819Z         "strings": [
source_go	Real Go source ownership and AST dependency graph	2026-10-03T16:05:09.7885962Z           "encoding/json",
source_go	Real Go source ownership and AST dependency graph	2026-10-03T16:05:09.7886261Z           "github.com/gorilla/websocket",
source_go	Real Go source ownership and AST dependency graph	2026-10-03T16:05:09.7886459Z           "im-platform/backend/go/shared",
source_go	Real Go source ownership and AST dependency graph	2026-10-03T16:05:09.7886585Z           "net/http",
source_go	Real Go source ownership and AST dependency graph	2026-10-03T16:05:09.7886742Z           "net/http/httptest",
source_go	Real Go source ownership and AST dependency graph	2026-10-03T16:05:09.7886856Z           "strings",
source_go	Real Go source ownership and AST dependency graph	2026-10-03T16:05:09.7886975Z           "testing",
source_go	Real Go source ownership and AST dependency graph	2026-10-03T16:05:09.7887082Z           "time",
source_go	Real Go source ownership and AST dependency graph	2026-10-03T16:05:09.7887291Z           "40000000-0000-4000-8000-000000000001",
source_go	Real Go source ownership and AST dependency graph	2026-10-03T16:05:09.7887492Z           "30000000-0000-4000-8000-000000000001",
source_go	Real Go source ownership and AST dependency graph	2026-10-03T16:05:09.7887640Z           "/__core/message",
source_go	Real Go source ownership and AST dependency graph	2026-10-03T16:05:09.7887785Z           "Authorization",
source_go	Real Go source ownership and AST dependency graph	2026-10-03T16:05:09.7888202Z           "***",
source_go	Real Go source ownership and AST dependency graph	2026-10-03T16:05:09.7888349Z           "message.send",
source_go	Real Go source ownership and AST dependency graph	2026-10-03T16:05:09.7888598Z           "message.ack",
source_go	Real Go source ownership and AST dependency graph	2026-10-03T16:05:09.7888719Z           "status",
source_go	Real Go source ownership and AST dependency graph	2026-10-03T16:05:09.7888844Z           "committed",
source_go	Real Go source ownership and AST dependency graph	2026-10-03T16:05:09.7888994Z           "conversationId",
source_go	Real Go source ownership and AST dependency graph	2026-10-03T16:05:09.7889125Z           "messageId",
source_go	Real Go source ownership and AST dependency graph	2026-10-03T16:05:09.7889329Z           "50000000-0000-4000-8000-000000000001",
source_go	Real Go source ownership and AST dependency graph	2026-10-03T16:05:09.7889437Z           "seq",
source_go	Real Go source ownership and AST dependency graph	2026-10-03T16:05:09.7889560Z           "createdAt",
source_go	Real Go source ownership and AST dependency graph	2026-10-03T16:05:09.7889718Z           "2026-09-28T00:00:01Z",
source_go	Real Go source ownership and AST dependency graph	2026-10-03T16:05:09.7889900Z           "fixture-not-a-credential",
source_go	Real Go source ownership and AST dependency graph	2026-10-03T16:05:09.7890012Z           "1.0",
source_go	Real Go source ownership and AST dependency graph	2026-10-03T16:05:09.7890148Z           "message.send",
source_go	Real Go source ownership and AST dependency graph	2026-10-03T16:05:09.7890324Z           "{\"conversationId\":\"",
source_go	Real Go source ownership and AST dependency graph	2026-10-03T16:05:09.7890624Z           "\",\"content\":{\"kind\":\"TEXT\",\"text\":\"hello\"}}",
source_go	Real Go source ownership and AST dependency graph	2026-10-03T16:05:09.7890728Z           "ws",
source_go	Real Go source ownership and AST dependency graph	2026-10-03T16:05:09.7890842Z           "http",
source_go	Real Go source ownership and AST dependency graph	2026-10-03T16:05:09.7890975Z           "message.ack",
source_go	Real Go source ownership and AST dependency graph	2026-10-03T16:05:09.7891139Z           "ACK not forwarded",
source_go	Real Go source ownership and AST dependency graph	2026-10-03T16:05:09.7891348Z           "transport changed identity/frame",
source_go	Real Go source ownership and AST dependency graph	2026-10-03T16:05:09.7891555Z           "10000000-0000-4000-8000-000000000001",
source_go	Real Go source ownership and AST dependency graph	2026-10-03T16:05:09.7891758Z           "10000000-0000-4000-8000-000000000002",
source_go	Real Go source ownership and AST dependency graph	2026-10-03T16:05:09.7891960Z           "40000000-0000-4000-8000-000000000001",
source_go	Real Go source ownership and AST dependency graph	2026-10-03T16:05:09.7892161Z           "30000000-0000-4000-8000-000000000001",
source_go	Real Go source ownership and AST dependency graph	2026-10-03T16:05:09.7892276Z           "/other",
source_go	Real Go source ownership and AST dependency graph	2026-10-03T16:05:09.7892397Z           "/origin",
source_go	Real Go source ownership and AST dependency graph	2026-10-03T16:05:09.7892497Z           ":",
source_go	Real Go source ownership and AST dependency graph	2026-10-03T16:05:09.7892619Z           "/origin",
source_go	Real Go source ownership and AST dependency graph	2026-10-03T16:05:09.7892748Z           "/another",
source_go	Real Go source ownership and AST dependency graph	2026-10-03T16:05:09.7892862Z           "/other",
source_go	Real Go source ownership and AST dependency graph	2026-10-03T16:05:09.7892969Z           "ws",
source_go	Real Go source ownership and AST dependency graph	2026-10-03T16:05:09.7893077Z           "http",
source_go	Real Go source ownership and AST dependency graph	2026-10-03T16:05:09.7893228Z           "message.created",
source_go	Real Go source ownership and AST dependency graph	2026-10-03T16:05:09.7893373Z           "conversationId",
source_go	Real Go source ownership and AST dependency graph	2026-10-03T16:05:09.7893503Z           "messageId",
source_go	Real Go source ownership and AST dependency graph	2026-10-03T16:05:09.7893702Z           "50000000-0000-4000-8000-000000000001",
source_go	Real Go source ownership and AST dependency graph	2026-10-03T16:05:09.7893832Z           "senderId",
source_go	Real Go source ownership and AST dependency graph	2026-10-03T16:05:09.7893940Z           "seq",
source_go	Real Go source ownership and AST dependency graph	2026-10-03T16:05:09.7894063Z           "createdAt",
source_go	Real Go source ownership and AST dependency graph	2026-10-03T16:05:09.7894221Z           "2026-09-28T00:00:01Z",
source_go	Real Go source ownership and AST dependency graph	2026-10-03T16:05:09.7894342Z           "content",
source_go	Real Go source ownership and AST dependency graph	2026-10-03T16:05:09.7894454Z           "kind",
source_go	Real Go source ownership and AST dependency graph	2026-10-03T16:05:09.7894560Z           "TEXT",
source_go	Real Go source ownership and AST dependency graph	2026-10-03T16:05:09.7894675Z           "text",
source_go	Real Go source ownership and AST dependency graph	2026-10-03T16:05:09.7894791Z           "hello",
source_go	Real Go source ownership and AST dependency graph	2026-10-03T16:05:09.7894937Z           "message.created",
source_go	Real Go source ownership and AST dependency graph	2026-10-03T16:05:09.7895202Z           "sender other session missing/repeated event",
source_go	Real Go source ownership and AST dependency graph	2026-10-03T16:05:09.7895472Z           "origin/unauthorized local user received event",
source_go	Real Go source ownership and AST dependency graph	2026-10-03T16:05:09.7895677Z           "10000000-0000-4000-8000-000000000001",
source_go	Real Go source ownership and AST dependency graph	2026-10-03T16:05:09.7895876Z           "40000000-0000-4000-8000-000000000001",
source_go	Real Go source ownership and AST dependency graph	2026-10-03T16:05:09.7896076Z           "30000000-0000-4000-8000-000000000001",
source_go	Real Go source ownership and AST dependency graph	2026-10-03T16:05:09.7896209Z           "decode send",
source_go	Real Go source ownership and AST dependency graph	2026-10-03T16:05:09.7896478Z           "json:\"text\"",
source_go	Real Go source ownership and AST dependency graph	2026-10-03T16:05:09.7896631Z           "json:\"content\"",
source_go	Real Go source ownership and AST dependency graph	2026-10-03T16:05:09.7896745Z           "status",
source_go	Real Go source ownership and AST dependency graph	2026-10-03T16:05:09.7896876Z           "committed",
source_go	Real Go source ownership and AST dependency graph	2026-10-03T16:05:09.7897020Z           "conversationId",
source_go	Real Go source ownership and AST dependency graph	2026-10-03T16:05:09.7897253Z           "messageId",
source_go	Real Go source ownership and AST dependency graph	2026-10-03T16:05:09.7897451Z           "50000000-0000-4000-8000-000000000001",
source_go	Real Go source ownership and AST dependency graph	2026-10-03T16:05:09.7897559Z           "seq",
source_go	Real Go source ownership and AST dependency graph	2026-10-03T16:05:09.7897687Z           "createdAt",
source_go	Real Go source ownership and AST dependency graph	2026-10-03T16:05:09.7897839Z           "2026-09-28T00:00:01Z",
source_go	Real Go source ownership and AST dependency graph	2026-10-03T16:05:09.7897967Z           "conflict",
source_go	Real Go source ownership and AST dependency graph	2026-10-03T16:05:09.7898079Z           "status",
source_go	Real Go source ownership and AST dependency graph	2026-10-03T16:05:09.7898204Z           "rejected",
source_go	Real Go source ownership and AST dependency graph	2026-10-03T16:05:09.7898315Z           "error",
source_go	Real Go source ownership and AST dependency graph	2026-10-03T16:05:09.7898428Z           "code",
source_go	Real Go source ownership and AST dependency graph	2026-10-03T16:05:09.7898751Z           "MESSAGE_REQUEST_CONFLICT",
source_go	Real Go source ownership and AST dependency graph	2026-10-03T16:05:09.7898875Z           "message",
source_go	Real Go source ownership and AST dependency graph	2026-10-03T16:05:09.7899027Z           "Request rejected",
source_go	Real Go source ownership and AST dependency graph	2026-10-03T16:05:09.7899158Z           "message.ack",
source_go	Real Go source ownership and AST dependency graph	2026-10-03T16:05:09.7899285Z           "/origin",
source_go	Real Go source ownership and AST dependency graph	2026-10-03T16:05:09.7899404Z           "/origin",
source_go	Real Go source ownership and AST dependency graph	2026-10-03T16:05:09.7899521Z           "/other",
source_go	Real Go source ownership and AST dependency graph	2026-10-03T16:05:09.7899622Z           "ws",
source_go	Real Go source ownership and AST dependency graph	2026-10-03T16:05:09.7899736Z           "http",
source_go	Real Go source ownership and AST dependency graph	2026-10-03T16:05:09.7899854Z           "hello",
source_go	Real Go source ownership and AST dependency graph	2026-10-03T16:05:09.7899976Z           "conflict",
source_go	Real Go source ownership and AST dependency graph	2026-10-03T16:05:09.7900119Z           "message.send",
source_go	Real Go source ownership and AST dependency graph	2026-10-03T16:05:09.7900264Z           "conversationId",
source_go	Real Go source ownership and AST dependency graph	2026-10-03T16:05:09.7900386Z           "content",
source_go	Real Go source ownership and AST dependency graph	2026-10-03T16:05:09.7900492Z           "kind",
source_go	Real Go source ownership and AST dependency graph	2026-10-03T16:05:09.7900602Z           "TEXT",
source_go	Real Go source ownership and AST dependency graph	2026-10-03T16:05:09.7900707Z           "text",
source_go	Real Go source ownership and AST dependency graph	2026-10-03T16:05:09.7900857Z           "json:\"status\"",
source_go	Real Go source ownership and AST dependency graph	2026-10-03T16:05:09.7901015Z           "json:\"payload\"",
source_go	Real Go source ownership and AST dependency graph	2026-10-03T16:05:09.7901144Z           "ACK missing",
source_go	Real Go source ownership and AST dependency graph	2026-10-03T16:05:09.7901274Z           "committed",
source_go	Real Go source ownership and AST dependency graph	2026-10-03T16:05:09.7901393Z           "rejected",
source_go	Real Go source ownership and AST dependency graph	2026-10-03T16:05:09.7901537Z           "unexpected ACK",
source_go	Real Go source ownership and AST dependency graph	2026-10-03T16:05:09.7901682Z           "message.created",
source_go	Real Go source ownership and AST dependency graph	2026-10-03T16:05:09.7901834Z           "conversationId",
source_go	Real Go source ownership and AST dependency graph	2026-10-03T16:05:09.7901958Z           "messageId",
source_go	Real Go source ownership and AST dependency graph	2026-10-03T16:05:09.7902166Z           "50000000-0000-4000-8000-000000000001",
source_go	Real Go source ownership and AST dependency graph	2026-10-03T16:05:09.7902289Z           "senderId",
source_go	Real Go source ownership and AST dependency graph	2026-10-03T16:05:09.7902397Z           "seq",
source_go	Real Go source ownership and AST dependency graph	2026-10-03T16:05:09.7902523Z           "createdAt",
source_go	Real Go source ownership and AST dependency graph	2026-10-03T16:05:09.7902675Z           "2026-09-28T00:00:01Z",
source_go	Real Go source ownership and AST dependency graph	2026-10-03T16:05:09.7902797Z           "content",
source_go	Real Go source ownership and AST dependency graph	2026-10-03T16:05:09.7902904Z           "kind",
source_go	Real Go source ownership and AST dependency graph	2026-10-03T16:05:09.7903020Z           "TEXT",
source_go	Real Go source ownership and AST dependency graph	2026-10-03T16:05:09.7903129Z           "text",
source_go	Real Go source ownership and AST dependency graph	2026-10-03T16:05:09.7903239Z           "hello",
source_go	Real Go source ownership and AST dependency graph	2026-10-03T16:05:09.7903389Z           "message.created",
source_go	Real Go source ownership and AST dependency graph	2026-10-03T16:05:09.7903580Z           "other session missing event",
source_go	Real Go source ownership and AST dependency graph	2026-10-03T16:05:09.7903846Z           "rejected retry erased original suppression",
source_go	Real Go source ownership and AST dependency graph	2026-10-03T16:05:09.7903960Z           "timeout"
source_go	Real Go source ownership and AST dependency graph	2026-10-03T16:05:09.7904052Z         ]
source_go	Real Go source ownership and AST dependency graph	2026-10-03T16:05:09.7904135Z       },
source_go	Real Go source ownership and AST dependency graph	2026-10-03T16:05:09.7904225Z       {
source_go	Real Go source ownership and AST dependency graph	2026-10-03T16:05:09.7904401Z         "path": "gateway/session.go",
source_go	Real Go source ownership and AST dependency graph	2026-10-03T16:05:09.7904542Z         "package": "gateway",
source_go	Real Go source ownership and AST dependency graph	2026-10-03T16:05:09.7904661Z         "imports": [
source_go	Real Go source ownership and AST dependency graph	2026-10-03T16:05:09.7904780Z           "context",
source_go	Real Go source ownership and AST dependency graph	2026-10-03T16:05:09.7904907Z           "errors",
source_go	Real Go source ownership and AST dependency graph	2026-10-03T16:05:09.7905085Z           "github.com/jackc/pgx/v5",
source_go	Real Go source ownership and AST dependency graph	2026-10-03T16:05:09.7905305Z           "github.com/jackc/pgx/v5/pgxpool",
source_go	Real Go source ownership and AST dependency graph	2026-10-03T16:05:09.7905508Z           "im-platform/backend/go/shared",
source_go	Real Go source ownership and AST dependency graph	2026-10-03T16:05:09.7905615Z           "time"
source_go	Real Go source ownership and AST dependency graph	2026-10-03T16:05:09.7905704Z         ],
source_go	Real Go source ownership and AST dependency graph	2026-10-03T16:05:09.7905825Z         "functions": [
source_go	Real Go source ownership and AST dependency graph	2026-10-03T16:05:09.7905965Z           "authenticate",
source_go	Real Go source ownership and AST dependency graph	2026-10-03T16:05:09.7906116Z           "revocationReason"
source_go	Real Go source ownership and AST dependency graph	2026-10-03T16:05:09.7906206Z         ],
source_go	Real Go source ownership and AST dependency graph	2026-10-03T16:05:09.7906315Z         "types": [
source_go	Real Go source ownership and AST dependency graph	2026-10-03T16:05:09.7906439Z           "validator"
source_go	Real Go source ownership and AST dependency graph	2026-10-03T16:05:09.7906529Z         ],
source_go	Real Go source ownership and AST dependency graph	2026-10-03T16:05:09.7906633Z         "calls": [
source_go	Real Go source ownership and AST dependency graph	2026-10-03T16:05:09.7906779Z           "s.codec.Parse",
source_go	Real Go source ownership and AST dependency graph	2026-10-03T16:05:09.7907016Z           ".Scan",
source_go	Real Go source ownership and AST dependency graph	2026-10-03T16:05:09.7907157Z           "s.db.QueryRow",
source_go	Real Go source ownership and AST dependency graph	2026-10-03T16:05:09.7907282Z           "errors.Is",
source_go	Real Go source ownership and AST dependency graph	2026-10-03T16:05:09.7907394Z           ".Scan",
source_go	Real Go source ownership and AST dependency graph	2026-10-03T16:05:09.7907530Z           "s.db.QueryRow",
source_go	Real Go source ownership and AST dependency graph	2026-10-03T16:05:09.7907773Z           "shared.Fail",
source_go	Real Go source ownership and AST dependency graph	2026-10-03T16:05:09.7907911Z           "shared.Fail",
source_go	Real Go source ownership and AST dependency graph	2026-10-03T16:05:09.7908050Z           "expiry.After",
source_go	Real Go source ownership and AST dependency graph	2026-10-03T16:05:09.7908165Z           "s.now",
source_go	Real Go source ownership and AST dependency graph	2026-10-03T16:05:09.7908296Z           "shared.Fail",
source_go	Real Go source ownership and AST dependency graph	2026-10-03T16:05:09.7908545Z           "shared.Fail",
source_go	Real Go source ownership and AST dependency graph	2026-10-03T16:05:09.7908660Z           ".Scan",
source_go	Real Go source ownership and AST dependency graph	2026-10-03T16:05:09.7908804Z           "s.db.QueryRow",
source_go	Real Go source ownership and AST dependency graph	2026-10-03T16:05:09.7908934Z           "shared.Fail",
source_go	Real Go source ownership and AST dependency graph	2026-10-03T16:05:09.7909065Z           "shared.Fail",
source_go	Real Go source ownership and AST dependency graph	2026-10-03T16:05:09.7909178Z           ".Scan",
source_go	Real Go source ownership and AST dependency graph	2026-10-03T16:05:09.7909314Z           "s.db.QueryRow"
source_go	Real Go source ownership and AST dependency graph	2026-10-03T16:05:09.7909406Z         ],
source_go	Real Go source ownership and AST dependency graph	2026-10-03T16:05:09.7909519Z         "strings": [
source_go	Real Go source ownership and AST dependency graph	2026-10-03T16:05:09.7909643Z           "context",
source_go	Real Go source ownership and AST dependency graph	2026-10-03T16:05:09.7909760Z           "errors",
source_go	Real Go source ownership and AST dependency graph	2026-10-03T16:05:09.7909940Z           "github.com/jackc/pgx/v5",
source_go	Real Go source ownership and AST dependency graph	2026-10-03T16:05:09.7910147Z           "github.com/jackc/pgx/v5/pgxpool",
source_go	Real Go source ownership and AST dependency graph	2026-10-03T16:05:09.7910344Z           "im-platform/backend/go/shared",
source_go	Real Go source ownership and AST dependency graph	2026-10-03T16:05:09.7910460Z           "time",
source_go	Real Go source ownership and AST dependency graph	2026-10-03T16:05:09.7911132Z           "SELECT session_id, client_type, session_epoch, status, expires_at FROM sessions WHERE user_id=$1 AND client_type=$2",
source_go	Real Go source ownership and AST dependency graph	2026-10-03T16:05:09.7911519Z           "SELECT client_type FROM sessions WHERE user_id=$1 AND session_id=$2",
source_go	Real Go source ownership and AST dependency graph	2026-10-03T16:05:09.7911702Z           "AUTH_CLIENT_TYPE_MISMATCH",
source_go	Real Go source ownership and AST dependency graph	2026-10-03T16:05:09.7912018Z           "Access token does not match the active client session.",
source_go	Real Go source ownership and AST dependency graph	2026-10-03T16:05:09.7912183Z           "AUTH_SESSION_REVOKED",
source_go	Real Go source ownership and AST dependency graph	2026-10-03T16:05:09.7912365Z           "Session has been revoked.",
source_go	Real Go source ownership and AST dependency graph	2026-10-03T16:05:09.7912486Z           "ACTIVE",
source_go	Real Go source ownership and AST dependency graph	2026-10-03T16:05:09.7912645Z           "AUTH_SESSION_REVOKED",
source_go	Real Go source ownership and AST dependency graph	2026-10-03T16:05:09.7912830Z           "Session has been revoked.",
source_go	Real Go source ownership and AST dependency graph	2026-10-03T16:05:09.7913005Z           "AUTH_SESSION_EPOCH_STALE",
source_go	Real Go source ownership and AST dependency graph	2026-10-03T16:05:09.7913268Z           "Access token carries a stale session epoch.",
source_go	Real Go source ownership and AST dependency graph	2026-10-03T16:05:09.7913649Z           "SELECT client_type FROM sessions WHERE user_id=$1 AND session_id=$2",
source_go	Real Go source ownership and AST dependency graph	2026-10-03T16:05:09.7913832Z           "AUTH_CLIENT_TYPE_MISMATCH",
source_go	Real Go source ownership and AST dependency graph	2026-10-03T16:05:09.7914145Z           "Access token does not match the active client session.",
source_go	Real Go source ownership and AST dependency graph	2026-10-03T16:05:09.7914301Z           "AUTH_TOKEN_INVALID",
source_go	Real Go source ownership and AST dependency graph	2026-10-03T16:05:09.7914557Z           "Access token and session binding disagree.",
source_go	Real Go source ownership and AST dependency graph	2026-10-03T16:05:09.7914717Z           "AUTH_SESSION_REVOKED",
source_go	Real Go source ownership and AST dependency graph	2026-10-03T16:05:09.7914895Z           "AUTH_SESSION_EPOCH_STALE",
source_go	Real Go source ownership and AST dependency graph	2026-10-03T16:05:09.7915020Z           "REVOKED",
source_go	Real Go source ownership and AST dependency graph	2026-10-03T16:05:09.7915933Z           "SELECT payload->>'reason' FROM user_sync_events WHERE user_id=$1 AND event_type='session.revoked' AND payload->>'sessionId'=$2 ORDER BY cursor_id DESC LIMIT 1",
source_go	Real Go source ownership and AST dependency graph	2026-10-03T16:05:09.7916060Z           "REVOKED",
source_go	Real Go source ownership and AST dependency graph	2026-10-03T16:05:09.7916184Z           "REPLACED",
source_go	Real Go source ownership and AST dependency graph	2026-10-03T16:05:09.7916301Z           "LOGOUT",
source_go	Real Go source ownership and AST dependency graph	2026-10-03T16:05:09.7916413Z           "REVOKED"
source_go	Real Go source ownership and AST dependency graph	2026-10-03T16:05:09.7916504Z         ]
source_go	Real Go source ownership and AST dependency graph	2026-10-03T16:05:09.7916590Z       },
source_go	Real Go source ownership and AST dependency graph	2026-10-03T16:05:09.7916675Z       {
source_go	Real Go source ownership and AST dependency graph	2026-10-03T16:05:09.7916866Z         "path": "gateway/session_test.go",
source_go	Real Go source ownership and AST dependency graph	2026-10-03T16:05:09.7917007Z         "package": "gateway",
source_go	Real Go source ownership and AST dependency graph	2026-10-03T16:05:09.7917125Z         "imports": [
source_go	Real Go source ownership and AST dependency graph	2026-10-03T16:05:09.7917243Z           "context",
source_go	Real Go source ownership and AST dependency graph	2026-10-03T16:05:09.7917361Z           "errors",
source_go	Real Go source ownership and AST dependency graph	2026-10-03T16:05:09.7917565Z           "github.com/jackc/pgx/v5/pgxpool",
source_go	Real Go source ownership and AST dependency graph	2026-10-03T16:05:09.7917769Z           "im-platform/backend/go/shared",
source_go	Real Go source ownership and AST dependency graph	2026-10-03T16:05:09.7917877Z           "os",
source_go	Real Go source ownership and AST dependency graph	2026-10-03T16:05:09.7917990Z           "testing"
source_go	Real Go source ownership and AST dependency graph	2026-10-03T16:05:09.7918080Z         ],
source_go	Real Go source ownership and AST dependency graph	2026-10-03T16:05:09.7918203Z         "functions": [
source_go	Real Go source ownership and AST dependency graph	2026-10-03T16:05:09.7918622Z           "TestRevocationReasonDoesNotInventBusinessCause",
source_go	Real Go source ownership and AST dependency graph	2026-10-03T16:05:09.7918975Z           "TestPostgresRevocationReasonUsesExactCommittedIdentity"
source_go	Real Go source ownership and AST dependency graph	2026-10-03T16:05:09.7919191Z         ],
source_go	Real Go source ownership and AST dependency graph	2026-10-03T16:05:09.7919316Z         "types": null,
source_go	Real Go source ownership and AST dependency graph	2026-10-03T16:05:09.7919423Z         "calls": [
source_go	Real Go source ownership and AST dependency graph	2026-10-03T16:05:09.7919557Z           "errors.New",
source_go	Real Go source ownership and AST dependency graph	2026-10-03T16:05:09.7919797Z           "shared.Fail",
source_go	Real Go source ownership and AST dependency graph	2026-10-03T16:05:09.7919935Z           "shared.Fail",
source_go	Real Go source ownership and AST dependency graph	2026-10-03T16:05:09.7920095Z           "s.revocationReason",
source_go	Real Go source ownership and AST dependency graph	2026-10-03T16:05:09.7920258Z           "context.Background",
source_go	Real Go source ownership and AST dependency graph	2026-10-03T16:05:09.7920379Z           "t.Fatalf",
source_go	Real Go source ownership and AST dependency graph	2026-10-03T16:05:09.7920508Z           "os.Getenv",
source_go	Real Go source ownership and AST dependency graph	2026-10-03T16:05:09.7920628Z           "t.Skip",
source_go	Real Go source ownership and AST dependency graph	2026-10-03T16:05:09.7920787Z           "context.Background",
source_go	Real Go source ownership and AST dependency graph	2026-10-03T16:05:09.7920928Z           "pgxpool.New",
source_go	Real Go source ownership and AST dependency graph	2026-10-03T16:05:09.7921043Z           "t.Fatal",
source_go	Real Go source ownership and AST dependency graph	2026-10-03T16:05:09.7921168Z           "db.Close",
source_go	Real Go source ownership and AST dependency graph	2026-10-03T16:05:09.7921300Z           "shared.UUID",
source_go	Real Go source ownership and AST dependency graph	2026-10-03T16:05:09.7921434Z           "shared.UUID",
source_go	Real Go source ownership and AST dependency graph	2026-10-03T16:05:09.7921566Z           "shared.UUID",
source_go	Real Go source ownership and AST dependency graph	2026-10-03T16:05:09.7921705Z           "shared.UUID",
source_go	Real Go source ownership and AST dependency graph	2026-10-03T16:05:09.7921823Z           "db.Exec",
source_go	Real Go source ownership and AST dependency graph	2026-10-03T16:05:09.7921940Z           "t.Fatal",
source_go	Real Go source ownership and AST dependency graph	2026-10-03T16:05:09.7922042Z           "",
source_go	Real Go source ownership and AST dependency graph	2026-10-03T16:05:09.7922158Z           "db.Exec",
source_go	Real Go source ownership and AST dependency graph	2026-10-03T16:05:09.7922282Z           "db.Exec",
source_go	Real Go source ownership and AST dependency graph	2026-10-03T16:05:09.7922417Z           "shared.Fail",
source_go	Real Go source ownership and AST dependency graph	2026-10-03T16:05:09.7922542Z           "t.Helper",
source_go	Real Go source ownership and AST dependency graph	2026-10-03T16:05:09.7922661Z           "db.Exec",
source_go	Real Go source ownership and AST dependency graph	2026-10-03T16:05:09.7922775Z           "t.Fatal",
source_go	Real Go source ownership and AST dependency graph	2026-10-03T16:05:09.7922885Z           "add",
source_go	Real Go source ownership and AST dependency graph	2026-10-03T16:05:09.7922990Z           "add",
source_go	Real Go source ownership and AST dependency graph	2026-10-03T16:05:09.7923154Z           "s.revocationReason",
source_go	Real Go source ownership and AST dependency graph	2026-10-03T16:05:09.7923277Z           "t.Fatalf",
source_go	Real Go source ownership and AST dependency graph	2026-10-03T16:05:09.7923384Z           "add",
source_go	Real Go source ownership and AST dependency graph	2026-10-03T16:05:09.7923544Z           "s.revocationReason",
source_go	Real Go source ownership and AST dependency graph	2026-10-03T16:05:09.7923667Z           "t.Fatalf",
source_go	Real Go source ownership and AST dependency graph	2026-10-03T16:05:09.7923775Z           "add",
source_go	Real Go source ownership and AST dependency graph	2026-10-03T16:05:09.7923878Z           "add",
source_go	Real Go source ownership and AST dependency graph	2026-10-03T16:05:09.7924040Z           "s.revocationReason",
source_go	Real Go source ownership and AST dependency graph	2026-10-03T16:05:09.7924163Z           "t.Fatalf",
source_go	Real Go source ownership and AST dependency graph	2026-10-03T16:05:09.7924323Z           "context.WithCancel",
source_go	Real Go source ownership and AST dependency graph	2026-10-03T16:05:09.7924436Z           "cancel",
source_go	Real Go source ownership and AST dependency graph	2026-10-03T16:05:09.7924598Z           "s.revocationReason",
source_go	Real Go source ownership and AST dependency graph	2026-10-03T16:05:09.7924718Z           "t.Fatalf",
source_go	Real Go source ownership and AST dependency graph	2026-10-03T16:05:09.7924891Z           "s.revocationReason",
source_go	Real Go source ownership and AST dependency graph	2026-10-03T16:05:09.7925028Z           "shared.Fail",
source_go	Real Go source ownership and AST dependency graph	2026-10-03T16:05:09.7925144Z           "t.Fatalf"
source_go	Real Go source ownership and AST dependency graph	2026-10-03T16:05:09.7925235Z         ],
source_go	Real Go source ownership and AST dependency graph	2026-10-03T16:05:09.7925349Z         "strings": [
source_go	Real Go source ownership and AST dependency graph	2026-10-03T16:05:09.7925470Z           "context",
source_go	Real Go source ownership and AST dependency graph	2026-10-03T16:05:09.7925582Z           "errors",
source_go	Real Go source ownership and AST dependency graph	2026-10-03T16:05:09.7925791Z           "github.com/jackc/pgx/v5/pgxpool",
source_go	Real Go source ownership and AST dependency graph	2026-10-03T16:05:09.7925991Z           "im-platform/backend/go/shared",
source_go	Real Go source ownership and AST dependency graph	2026-10-03T16:05:09.7926098Z           "os",
source_go	Real Go source ownership and AST dependency graph	2026-10-03T16:05:09.7926219Z           "testing",
source_go	Real Go source ownership and AST dependency graph	2026-10-03T16:05:09.7926383Z           "database unavailable",
source_go	Real Go source ownership and AST dependency graph	2026-10-03T16:05:09.7926538Z           "AUTH_TOKEN_EXPIRED",
source_go	Real Go source ownership and AST dependency graph	2026-10-03T16:05:09.7926657Z           "expired",
source_go	Real Go source ownership and AST dependency graph	2026-10-03T16:05:09.7926814Z           "AUTH_TOKEN_INVALID",
source_go	Real Go source ownership and AST dependency graph	2026-10-03T16:05:09.7926930Z           "invalid",
source_go	Real Go source ownership and AST dependency graph	2026-10-03T16:05:09.7927049Z           "REVOKED",
source_go	Real Go source ownership and AST dependency graph	2026-10-03T16:05:09.7927202Z           "reason %q for %v",
source_go	Real Go source ownership and AST dependency graph	2026-10-03T16:05:09.7927342Z           "DB_TEST_ENABLE",
source_go	Real Go source ownership and AST dependency graph	2026-10-03T16:05:09.7927452Z           "1",
source_go	Real Go source ownership and AST dependency graph	2026-10-03T16:05:09.7927776Z           "set DB_TEST_ENABLE=1 with migrated disposable PostgreSQL",
source_go	Real Go source ownership and AST dependency graph	2026-10-03T16:05:09.7927879Z           "",
source_go	Real Go source ownership and AST dependency graph	2026-10-03T16:05:09.7928704Z           "INSERT INTO users(user_id,username,display_name,password_hash) VALUES($1,$2,'Reason control','test-only-non-login-hash')",
source_go	Real Go source ownership and AST dependency graph	2026-10-03T16:05:09.7928827Z           "reason",
source_go	Real Go source ownership and AST dependency graph	2026-10-03T16:05:09.7929163Z           "DELETE FROM user_sync_events WHERE user_id=$1 OR user_id=$2",
source_go	Real Go source ownership and AST dependency graph	2026-10-03T16:05:09.7929435Z           "DELETE FROM users WHERE user_id=$1 OR user_id=$2",
source_go	Real Go source ownership and AST dependency graph	2026-10-03T16:05:09.7929599Z           "AUTH_SESSION_REVOKED",
source_go	Real Go source ownership and AST dependency graph	2026-10-03T16:05:09.7929718Z           "revoked",
source_go	Real Go source ownership and AST dependency graph	2026-10-03T16:05:09.7930561Z           "INSERT INTO user_sync_events(user_id,event_type,payload) VALUES($1,'session.revoked',jsonb_build_object('sessionId',$2::text,'reason',$3::text))",
source_go	Real Go source ownership and AST dependency graph	2026-10-03T16:05:09.7930800Z           "LOGOUT",
source_go	Real Go source ownership and AST dependency graph	2026-10-03T16:05:09.7930923Z           "REPLACED",
source_go	Real Go source ownership and AST dependency graph	2026-10-03T16:05:09.7931147Z           "REVOKED",
source_go	Real Go source ownership and AST dependency graph	2026-10-03T16:05:09.7931346Z           "unrelated identity accepted %q",
source_go	Real Go source ownership and AST dependency graph	2026-10-03T16:05:09.7931465Z           "UNKNOWN",
source_go	Real Go source ownership and AST dependency graph	2026-10-03T16:05:09.7931579Z           "REVOKED",
source_go	Real Go source ownership and AST dependency graph	2026-10-03T16:05:09.7931767Z           "unknown reason accepted %q",
source_go	Real Go source ownership and AST dependency graph	2026-10-03T16:05:09.7931888Z           "REPLACED",
source_go	Real Go source ownership and AST dependency graph	2026-10-03T16:05:09.7932004Z           "LOGOUT",
source_go	Real Go source ownership and AST dependency graph	2026-10-03T16:05:09.7932128Z           "REPLACED",
source_go	Real Go source ownership and AST dependency graph	2026-10-03T16:05:09.7932378Z           "latest slot event replaced bound event: %q",
source_go	Real Go source ownership and AST dependency graph	2026-10-03T16:05:09.7932498Z           "REVOKED",
source_go	Real Go source ownership and AST dependency graph	2026-10-03T16:05:09.7932678Z           "query error fabricated %q",
source_go	Real Go source ownership and AST dependency graph	2026-10-03T16:05:09.7932835Z           "AUTH_TOKEN_EXPIRED",
source_go	Real Go source ownership and AST dependency graph	2026-10-03T16:05:09.7932952Z           "expired",
source_go	Real Go source ownership and AST dependency graph	2026-10-03T16:05:09.7933076Z           "REVOKED",
source_go	Real Go source ownership and AST dependency graph	2026-10-03T16:05:09.7933238Z           "expiry fabricated %q"
source_go	Real Go source ownership and AST dependency graph	2026-10-03T16:05:09.7933331Z         ]
source_go	Real Go source ownership and AST dependency graph	2026-10-03T16:05:09.7933419Z       },
source_go	Real Go source ownership and AST dependency graph	2026-10-03T16:05:09.7933502Z       {
source_go	Real Go source ownership and AST dependency graph	2026-10-03T16:05:09.7933648Z         "path": "main.go",
source_go	Real Go source ownership and AST dependency graph	2026-10-03T16:05:09.7933787Z         "package": "main",
source_go	Real Go source ownership and AST dependency graph	2026-10-03T16:05:09.7933908Z         "imports": [
source_go	Real Go source ownership and AST dependency graph	2026-10-03T16:05:09.7934026Z           "context",
source_go	Real Go source ownership and AST dependency graph	2026-10-03T16:05:09.7934235Z           "github.com/jackc/pgx/v5/pgxpool",
source_go	Real Go source ownership and AST dependency graph	2026-10-03T16:05:09.7934430Z           "github.com/nats-io/nats.go",
source_go	Real Go source ownership and AST dependency graph	2026-10-03T16:05:09.7934621Z           "im-platform/backend/go/core",
source_go	Real Go source ownership and AST dependency graph	2026-10-03T16:05:09.7934821Z           "im-platform/backend/go/gateway",
source_go	Real Go source ownership and AST dependency graph	2026-10-03T16:05:09.7935049Z           "im-platform/backend/go/plugin-host",
source_go	Real Go source ownership and AST dependency graph	2026-10-03T16:05:09.7935246Z           "im-platform/backend/go/shared",
source_go	Real Go source ownership and AST dependency graph	2026-10-03T16:05:09.7935352Z           "log",
source_go	Real Go source ownership and AST dependency graph	2026-10-03T16:05:09.7935477Z           "net/http",
source_go	Real Go source ownership and AST dependency graph	2026-10-03T16:05:09.7935580Z           "os",
source_go	Real Go source ownership and AST dependency graph	2026-10-03T16:05:09.7935692Z           "time"
source_go	Real Go source ownership and AST dependency graph	2026-10-03T16:05:09.7935783Z         ],
source_go	Real Go source ownership and AST dependency graph	2026-10-03T16:05:09.7935903Z         "functions": [
source_go	Real Go source ownership and AST dependency graph	2026-10-03T16:05:09.7936010Z           "main"
source_go	Real Go source ownership and AST dependency graph	2026-10-03T16:05:09.7936096Z         ],
source_go	Real Go source ownership and AST dependency graph	2026-10-03T16:05:09.7936218Z         "types": null,
source_go	Real Go source ownership and AST dependency graph	2026-10-03T16:05:09.7936329Z         "calls": [
source_go	Real Go source ownership and AST dependency graph	2026-10-03T16:05:09.7936437Z           "len",
source_go	Real Go source ownership and AST dependency graph	2026-10-03T16:05:09.7936565Z           "log.Fatal",
source_go	Real Go source ownership and AST dependency graph	2026-10-03T16:05:09.7936689Z           "log.Fatal",
source_go	Real Go source ownership and AST dependency graph	2026-10-03T16:05:09.7936816Z           "log.Fatal",
source_go	Real Go source ownership and AST dependency graph	2026-10-03T16:05:09.7936979Z           "http.ListenAndServe",
source_go	Real Go source ownership and AST dependency graph	2026-10-03T16:05:09.7937158Z           "pluginhost.NewHandler",
source_go	Real Go source ownership and AST dependency graph	2026-10-03T16:05:09.7937283Z           "os.Getenv",
source_go	Real Go source ownership and AST dependency graph	2026-10-03T16:05:09.7937444Z           "shared.ReadConfig",
source_go	Real Go source ownership and AST dependency graph	2026-10-03T16:05:09.7937569Z           "log.Fatal",
source_go	Real Go source ownership and AST dependency graph	2026-10-03T16:05:09.7937747Z           "pgxpool.NewWithConfig",
source_go	Real Go source ownership and AST dependency graph	2026-10-03T16:05:09.7937910Z           "context.Background",
source_go	Real Go source ownership and AST dependency graph	2026-10-03T16:05:09.7938034Z           "log.Fatal",
source_go	Real Go source ownership and AST dependency graph	2026-10-03T16:05:09.7938161Z           "db.Close",
source_go	Real Go source ownership and AST dependency graph	2026-10-03T16:05:09.7938325Z           "context.WithTimeout",
source_go	Real Go source ownership and AST dependency graph	2026-10-03T16:05:09.7938601Z           "context.Background",
source_go	Real Go source ownership and AST dependency graph	2026-10-03T16:05:09.7938722Z           "db.Ping",
source_go	Real Go source ownership and AST dependency graph	2026-10-03T16:05:09.7938838Z           "cancel",
source_go	Real Go source ownership and AST dependency graph	2026-10-03T16:05:09.7938962Z           "log.Fatal",
source_go	Real Go source ownership and AST dependency graph	2026-10-03T16:05:09.7939108Z           "nats.Connect",
source_go	Real Go source ownership and AST dependency graph	2026-10-03T16:05:09.7939267Z           "nats.MaxReconnects",
source_go	Real Go source ownership and AST dependency graph	2026-10-03T16:05:09.7939392Z           "log.Fatal",
source_go	Real Go source ownership and AST dependency graph	2026-10-03T16:05:09.7939516Z           "nc.Close",
source_go	Real Go source ownership and AST dependency graph	2026-10-03T16:05:09.7939672Z           "context.WithCancel",
source_go	Real Go source ownership and AST dependency graph	2026-10-03T16:05:09.7939831Z           "context.Background",
source_go	Real Go source ownership and AST dependency graph	2026-10-03T16:05:09.7939940Z           "stop",
source_go	Real Go source ownership and AST dependency graph	2026-10-03T16:05:09.7940147Z           "core.RelaySessionRevocations",
source_go	Real Go source ownership and AST dependency graph	2026-10-03T16:05:09.7940298Z           "core.NewHandler",
source_go	Real Go source ownership and AST dependency graph	2026-10-03T16:05:09.7940450Z           "gateway.NewHandler",
source_go	Real Go source ownership and AST dependency graph	2026-10-03T16:05:09.7940581Z           "log.Fatal",
source_go	Real Go source ownership and AST dependency graph	2026-10-03T16:05:09.7940704Z           "log.Fatal",
source_go	Real Go source ownership and AST dependency graph	2026-10-03T16:05:09.7940863Z           "http.ListenAndServe"
source_go	Real Go source ownership and AST dependency graph	2026-10-03T16:05:09.7941104Z         ],
source_go	Real Go source ownership and AST dependency graph	2026-10-03T16:05:09.7941221Z         "strings": [
source_go	Real Go source ownership and AST dependency graph	2026-10-03T16:05:09.7941339Z           "context",
source_go	Real Go source ownership and AST dependency graph	2026-10-03T16:05:09.7941548Z           "github.com/jackc/pgx/v5/pgxpool",
source_go	Real Go source ownership and AST dependency graph	2026-10-03T16:05:09.7941742Z           "github.com/nats-io/nats.go",
source_go	Real Go source ownership and AST dependency graph	2026-10-03T16:05:09.7942043Z           "im-platform/backend/go/core",
source_go	Real Go source ownership and AST dependency graph	2026-10-03T16:05:09.7942246Z           "im-platform/backend/go/gateway",
source_go	Real Go source ownership and AST dependency graph	2026-10-03T16:05:09.7942466Z           "im-platform/backend/go/plugin-host",
source_go	Real Go source ownership and AST dependency graph	2026-10-03T16:05:09.7942664Z           "im-platform/backend/go/shared",
source_go	Real Go source ownership and AST dependency graph	2026-10-03T16:05:09.7942771Z           "log",
source_go	Real Go source ownership and AST dependency graph	2026-10-03T16:05:09.7942900Z           "net/http",
source_go	Real Go source ownership and AST dependency graph	2026-10-03T16:05:09.7943006Z           "os",
source_go	Real Go source ownership and AST dependency graph	2026-10-03T16:05:09.7943113Z           "time",
source_go	Real Go source ownership and AST dependency graph	2026-10-03T16:05:09.7943380Z           "expected gateway, core, or plugin-host role",
source_go	Real Go source ownership and AST dependency graph	2026-10-03T16:05:09.7943497Z           "gateway",
source_go	Real Go source ownership and AST dependency graph	2026-10-03T16:05:09.7943607Z           "core",
source_go	Real Go source ownership and AST dependency graph	2026-10-03T16:05:09.7943743Z           "plugin-host",
source_go	Real Go source ownership and AST dependency graph	2026-10-03T16:05:09.7943885Z           "unknown role",
source_go	Real Go source ownership and AST dependency graph	2026-10-03T16:05:09.7944024Z           "plugin-host",
source_go	Real Go source ownership and AST dependency graph	2026-10-03T16:05:09.7944139Z           ":8080",
source_go	Real Go source ownership and AST dependency graph	2026-10-03T16:05:09.7944284Z           "IM_CONFIG_FILE",
source_go	Real Go source ownership and AST dependency graph	2026-10-03T16:05:09.7944381Z           "",
source_go	Real Go source ownership and AST dependency graph	2026-10-03T16:05:09.7944570Z           "/run/im-config/config.json",
source_go	Real Go source ownership and AST dependency graph	2026-10-03T16:05:09.7944800Z           "Go runtime configuration unavailable",
source_go	Real Go source ownership and AST dependency graph	2026-10-03T16:05:09.7945000Z           "database configuration failed",
source_go	Real Go source ownership and AST dependency graph	2026-10-03T16:05:09.7945161Z           "database unavailable",
source_go	Real Go source ownership and AST dependency graph	2026-10-03T16:05:09.7945316Z           "NATS unavailable",
source_go	Real Go source ownership and AST dependency graph	2026-10-03T16:05:09.7945429Z           "core",
source_go	Real Go source ownership and AST dependency graph	2026-10-03T16:05:09.7945621Z           "gateway configuration failed",
source_go	Real Go source ownership and AST dependency graph	2026-10-03T16:05:09.7945732Z           ":8080"
source_go	Real Go source ownership and AST dependency graph	2026-10-03T16:05:09.7945820Z         ]
source_go	Real Go source ownership and AST dependency graph	2026-10-03T16:05:09.7945908Z       },
source_go	Real Go source ownership and AST dependency graph	2026-10-03T16:05:09.7945990Z       {
source_go	Real Go source ownership and AST dependency graph	2026-10-03T16:05:09.7946171Z         "path": "plugin-host/http.go",
source_go	Real Go source ownership and AST dependency graph	2026-10-03T16:05:09.7946322Z         "package": "pluginhost",
source_go	Real Go source ownership and AST dependency graph	2026-10-03T16:05:09.7946441Z         "imports": [
source_go	Real Go source ownership and AST dependency graph	2026-10-03T16:05:09.7946643Z           "im-platform/backend/go/shared",
source_go	Real Go source ownership and AST dependency graph	2026-10-03T16:05:09.7946761Z           "net/http"
source_go	Real Go source ownership and AST dependency graph	2026-10-03T16:05:09.7946851Z         ],
source_go	Real Go source ownership and AST dependency graph	2026-10-03T16:05:09.7946974Z         "functions": [
source_go	Real Go source ownership and AST dependency graph	2026-10-03T16:05:09.7947103Z           "NewHandler"
source_go	Real Go source ownership and AST dependency graph	2026-10-03T16:05:09.7947193Z         ],
source_go	Real Go source ownership and AST dependency graph	2026-10-03T16:05:09.7947316Z         "types": null,
source_go	Real Go source ownership and AST dependency graph	2026-10-03T16:05:09.7955709Z         "calls": [
source_go	Real Go source ownership and AST dependency graph	2026-10-03T16:05:09.7955909Z           "shared.InfraMux"
source_go	Real Go source ownership and AST dependency graph	2026-10-03T16:05:09.7956012Z         ],
source_go	Real Go source ownership and AST dependency graph	2026-10-03T16:05:09.7956131Z         "strings": [
source_go	Real Go source ownership and AST dependency graph	2026-10-03T16:05:09.7956344Z           "im-platform/backend/go/shared",
source_go	Real Go source ownership and AST dependency graph	2026-10-03T16:05:09.7956468Z           "net/http",
source_go	Real Go source ownership and AST dependency graph	2026-10-03T16:05:09.7956606Z           "plugin-host"
source_go	Real Go source ownership and AST dependency graph	2026-10-03T16:05:09.7956697Z         ]
source_go	Real Go source ownership and AST dependency graph	2026-10-03T16:05:09.7956780Z       },
source_go	Real Go source ownership and AST dependency graph	2026-10-03T16:05:09.7956867Z       {
source_go	Real Go source ownership and AST dependency graph	2026-10-03T16:05:09.7957038Z         "path": "shared/config.go",
source_go	Real Go source ownership and AST dependency graph	2026-10-03T16:05:09.7957182Z         "package": "shared",
source_go	Real Go source ownership and AST dependency graph	2026-10-03T16:05:09.7957297Z         "imports": [
source_go	Real Go source ownership and AST dependency graph	2026-10-03T16:05:09.7957452Z           "encoding/json",
source_go	Real Go source ownership and AST dependency graph	2026-10-03T16:05:09.7957574Z           "errors",
source_go	Real Go source ownership and AST dependency graph	2026-10-03T16:05:09.7957680Z           "io",
source_go	Real Go source ownership and AST dependency graph	2026-10-03T16:05:09.7957787Z           "os",
source_go	Real Go source ownership and AST dependency graph	2026-10-03T16:05:09.7957929Z           "path/filepath",
source_go	Real Go source ownership and AST dependency graph	2026-10-03T16:05:09.7958055Z           "strings",
source_go	Real Go source ownership and AST dependency graph	2026-10-03T16:05:09.7958262Z           "github.com/jackc/pgx/v5/pgxpool"
source_go	Real Go source ownership and AST dependency graph	2026-10-03T16:05:09.7958356Z         ],
source_go	Real Go source ownership and AST dependency graph	2026-10-03T16:05:09.7958630Z         "functions": [
source_go	Real Go source ownership and AST dependency graph	2026-10-03T16:05:09.7958767Z           "ReadConfig"
source_go	Real Go source ownership and AST dependency graph	2026-10-03T16:05:09.7958858Z         ],
source_go	Real Go source ownership and AST dependency graph	2026-10-03T16:05:09.7958967Z         "types": [
source_go	Real Go source ownership and AST dependency graph	2026-10-03T16:05:09.7959111Z           "RuntimeConfig"
source_go	Real Go source ownership and AST dependency graph	2026-10-03T16:05:09.7959199Z         ],
source_go	Real Go source ownership and AST dependency graph	2026-10-03T16:05:09.7959308Z         "calls": [
source_go	Real Go source ownership and AST dependency graph	2026-10-03T16:05:09.7959436Z           "errors.New",
source_go	Real Go source ownership and AST dependency graph	2026-10-03T16:05:09.7959560Z           "os.Open",
source_go	Real Go source ownership and AST dependency graph	2026-10-03T16:05:09.7959675Z           "f.Close",
source_go	Real Go source ownership and AST dependency graph	2026-10-03T16:05:09.7959830Z           "json.NewDecoder",
source_go	Real Go source ownership and AST dependency graph	2026-10-03T16:05:09.7960014Z           "d.DisallowUnknownFields",
source_go	Real Go source ownership and AST dependency graph	2026-10-03T16:05:09.7960306Z           "d.Decode",
source_go	Real Go source ownership and AST dependency graph	2026-10-03T16:05:09.7960428Z           "d.Decode",
source_go	Real Go source ownership and AST dependency graph	2026-10-03T16:05:09.7960534Z           "new",
source_go	Real Go source ownership and AST dependency graph	2026-10-03T16:05:09.7960666Z           "errors.New",
source_go	Real Go source ownership and AST dependency graph	2026-10-03T16:05:09.7960792Z           "errors.New",
source_go	Real Go source ownership and AST dependency graph	2026-10-03T16:05:09.7961040Z           "filepath.IsAbs",
source_go	Real Go source ownership and AST dependency graph	2026-10-03T16:05:09.7961182Z           "filepath.Join",
source_go	Real Go source ownership and AST dependency graph	2026-10-03T16:05:09.7961315Z           "filepath.Dir",
source_go	Real Go source ownership and AST dependency graph	2026-10-03T16:05:09.7961450Z           "os.ReadFile",
source_go	Real Go source ownership and AST dependency graph	2026-10-03T16:05:09.7961569Z           "resolve",
source_go	Real Go source ownership and AST dependency graph	2026-10-03T16:05:09.7961707Z           "os.ReadFile",
source_go	Real Go source ownership and AST dependency graph	2026-10-03T16:05:09.7961833Z           "resolve",
source_go	Real Go source ownership and AST dependency graph	2026-10-03T16:05:09.7961994Z           "strings.TrimSpace",
source_go	Real Go source ownership and AST dependency graph	2026-10-03T16:05:09.7962107Z           "string",
source_go	Real Go source ownership and AST dependency graph	2026-10-03T16:05:09.7962211Z           "",
source_go	Real Go source ownership and AST dependency graph	2026-10-03T16:05:09.7962368Z           "strings.TrimSpace",
source_go	Real Go source ownership and AST dependency graph	2026-10-03T16:05:09.7962481Z           "string",
source_go	Real Go source ownership and AST dependency graph	2026-10-03T16:05:09.7962585Z           "len",
source_go	Real Go source ownership and AST dependency graph	2026-10-03T16:05:09.7962713Z           "errors.New",
source_go	Real Go source ownership and AST dependency graph	2026-10-03T16:05:09.7962884Z           "pgxpool.ParseConfig"
source_go	Real Go source ownership and AST dependency graph	2026-10-03T16:05:09.7962977Z         ],
source_go	Real Go source ownership and AST dependency graph	2026-10-03T16:05:09.7963095Z         "strings": [
source_go	Real Go source ownership and AST dependency graph	2026-10-03T16:05:09.7963235Z           "encoding/json",
source_go	Real Go source ownership and AST dependency graph	2026-10-03T16:05:09.7963356Z           "errors",
source_go	Real Go source ownership and AST dependency graph	2026-10-03T16:05:09.7963460Z           "io",
source_go	Real Go source ownership and AST dependency graph	2026-10-03T16:05:09.7963567Z           "os",
source_go	Real Go source ownership and AST dependency graph	2026-10-03T16:05:09.7963711Z           "path/filepath",
source_go	Real Go source ownership and AST dependency graph	2026-10-03T16:05:09.7963825Z           "strings",
source_go	Real Go source ownership and AST dependency graph	2026-10-03T16:05:09.7964041Z           "github.com/jackc/pgx/v5/pgxpool",
source_go	Real Go source ownership and AST dependency graph	2026-10-03T16:05:09.7964217Z           "json:\"postgresHost\"",
source_go	Real Go source ownership and AST dependency graph	2026-10-03T16:05:09.7964392Z           "json:\"postgresPort\"",
source_go	Real Go source ownership and AST dependency graph	2026-10-03T16:05:09.7964559Z           "json:\"postgresUser\"",
source_go	Real Go source ownership and AST dependency graph	2026-10-03T16:05:09.7964743Z           "json:\"postgresDatabase\"",
source_go	Real Go source ownership and AST dependency graph	2026-10-03T16:05:09.7964950Z           "json:\"postgresPasswordFile\"",
source_go	Real Go source ownership and AST dependency graph	2026-10-03T16:05:09.7965133Z           "json:\"jwtSigningKeyFile\"",
source_go	Real Go source ownership and AST dependency graph	2026-10-03T16:05:09.7965296Z           "json:\"coreUrl\"",
source_go	Real Go source ownership and AST dependency graph	2026-10-03T16:05:09.7965442Z           "json:\"natsUrl\"",
source_go	Real Go source ownership and AST dependency graph	2026-10-03T16:05:09.7965547Z           "",
source_go	Real Go source ownership and AST dependency graph	2026-10-03T16:05:09.7965728Z           "IM_CONFIG_FILE is required",
source_go	Real Go source ownership and AST dependency graph	2026-10-03T16:05:09.7965993Z           "runtime configuration has trailing content",
source_go	Real Go source ownership and AST dependency graph	2026-10-03T16:05:09.7966095Z           "",
source_go	Real Go source ownership and AST dependency graph	2026-10-03T16:05:09.7966191Z           "",
source_go	Real Go source ownership and AST dependency graph	2026-10-03T16:05:09.7966293Z           "",
source_go	Real Go source ownership and AST dependency graph	2026-10-03T16:05:09.7966387Z           "",
source_go	Real Go source ownership and AST dependency graph	2026-10-03T16:05:09.7966483Z           "",
source_go	Real Go source ownership and AST dependency graph	2026-10-03T16:05:09.7966576Z           "",
source_go	Real Go source ownership and AST dependency graph	2026-10-03T16:05:09.7966673Z           "",
source_go	Real Go source ownership and AST dependency graph	2026-10-03T16:05:09.7966904Z           "runtime configuration is incomplete",
source_go	Real Go source ownership and AST dependency graph	2026-10-03T16:05:09.7966999Z           "",
source_go	Real Go source ownership and AST dependency graph	2026-10-03T16:05:09.7967200Z           "runtime credentials are invalid",
source_go	Real Go source ownership and AST dependency graph	2026-10-03T16:05:09.7967332Z           ""
source_go	Real Go source ownership and AST dependency graph	2026-10-03T16:05:09.7967424Z         ]
source_go	Real Go source ownership and AST dependency graph	2026-10-03T16:05:09.7967507Z       },
source_go	Real Go source ownership and AST dependency graph	2026-10-03T16:05:09.7967592Z       {
source_go	Real Go source ownership and AST dependency graph	2026-10-03T16:05:09.7967777Z         "path": "shared/config_test.go",
source_go	Real Go source ownership and AST dependency graph	2026-10-03T16:05:09.7967920Z         "package": "shared",
source_go	Real Go source ownership and AST dependency graph	2026-10-03T16:05:09.7968040Z         "imports": [
source_go	Real Go source ownership and AST dependency graph	2026-10-03T16:05:09.7968150Z           "os",
source_go	Real Go source ownership and AST dependency graph	2026-10-03T16:05:09.7968269Z           "strings",
source_go	Real Go source ownership and AST dependency graph	2026-10-03T16:05:09.7968380Z           "testing"
source_go	Real Go source ownership and AST dependency graph	2026-10-03T16:05:09.7968588Z         ],
source_go	Real Go source ownership and AST dependency graph	2026-10-03T16:05:09.7968714Z         "functions": [
source_go	Real Go source ownership and AST dependency graph	2026-10-03T16:05:09.7968963Z           "TestConfigReadsExternalCredentialFiles"
source_go	Real Go source ownership and AST dependency graph	2026-10-03T16:05:09.7969056Z         ],
source_go	Real Go source ownership and AST dependency graph	2026-10-03T16:05:09.7969179Z         "types": null,
source_go	Real Go source ownership and AST dependency graph	2026-10-03T16:05:09.7969288Z         "calls": [
source_go	Real Go source ownership and AST dependency graph	2026-10-03T16:05:09.7969411Z           "t.TempDir",
source_go	Real Go source ownership and AST dependency graph	2026-10-03T16:05:09.7969554Z           "os.WriteFile",
source_go	Real Go source ownership and AST dependency graph	2026-10-03T16:05:09.7969650Z           "",
source_go	Real Go source ownership and AST dependency graph	2026-10-03T16:05:09.7969766Z           "t.Fatal",
source_go	Real Go source ownership and AST dependency graph	2026-10-03T16:05:09.7969902Z           "os.WriteFile",
source_go	Real Go source ownership and AST dependency graph	2026-10-03T16:05:09.7970000Z           "",
source_go	Real Go source ownership and AST dependency graph	2026-10-03T16:05:09.7970114Z           "t.Fatal",
source_go	Real Go source ownership and AST dependency graph	2026-10-03T16:05:09.7970211Z           "",
source_go	Real Go source ownership and AST dependency graph	2026-10-03T16:05:09.7970349Z           "os.WriteFile",
source_go	Real Go source ownership and AST dependency graph	2026-10-03T16:05:09.7970464Z           "t.Fatal",
source_go	Real Go source ownership and AST dependency graph	2026-10-03T16:05:09.7970597Z           "ReadConfig",
source_go	Real Go source ownership and AST dependency graph	2026-10-03T16:05:09.7970712Z           "t.Fatal",
source_go	Real Go source ownership and AST dependency graph	2026-10-03T16:05:09.7970942Z           "string",
source_go	Real Go source ownership and AST dependency graph	2026-10-03T16:05:09.7971055Z           "t.Fatal",
source_go	Real Go source ownership and AST dependency graph	2026-10-03T16:05:09.7971208Z           "strings.Contains",
source_go	Real Go source ownership and AST dependency graph	2026-10-03T16:05:09.7971323Z           "string",
source_go	Real Go source ownership and AST dependency graph	2026-10-03T16:05:09.7971471Z           "strings.Contains",
source_go	Real Go source ownership and AST dependency graph	2026-10-03T16:05:09.7971684Z           "string",
source_go	Real Go source ownership and AST dependency graph	2026-10-03T16:05:09.7971795Z           "string",
source_go	Real Go source ownership and AST dependency graph	2026-10-03T16:05:09.7971913Z           "t.Fatal",
source_go	Real Go source ownership and AST dependency graph	2026-10-03T16:05:09.7972037Z           "os.Remove",
source_go	Real Go source ownership and AST dependency graph	2026-10-03T16:05:09.7972154Z           "t.Fatal",
source_go	Real Go source ownership and AST dependency graph	2026-10-03T16:05:09.7972281Z           "ReadConfig",
source_go	Real Go source ownership and AST dependency graph	2026-10-03T16:05:09.7972397Z           "t.Fatal"
source_go	Real Go source ownership and AST dependency graph	2026-10-03T16:05:09.7972487Z         ],
source_go	Real Go source ownership and AST dependency graph	2026-10-03T16:05:09.7972598Z         "strings": [
source_go	Real Go source ownership and AST dependency graph	2026-10-03T16:05:09.7972702Z           "os",
source_go	Real Go source ownership and AST dependency graph	2026-10-03T16:05:09.7972817Z           "strings",
source_go	Real Go source ownership and AST dependency graph	2026-10-03T16:05:09.7972933Z           "testing",
source_go	Real Go source ownership and AST dependency graph	2026-10-03T16:05:09.7973069Z           "/pg_password",
source_go	Real Go source ownership and AST dependency graph	2026-10-03T16:05:09.7973249Z           "local-test-password\n",
source_go	Real Go source ownership and AST dependency graph	2026-10-03T16:05:09.7973369Z           "/jwt_key",
source_go	Real Go source ownership and AST dependency graph	2026-10-03T16:05:09.7973639Z           "test-only-signing-key-at-least-32-bytes\n",
source_go	Real Go source ownership and AST dependency graph	2026-10-03T16:05:09.7975130Z           "{\"postgresHost\":\"localhost\",\"postgresPort\":5432,\"postgresUser\":\"test\",\"postgresDatabase\":\"test\",\"postgresPasswordFile\":\"pg_password\",\"jwtSigningKeyFile\":\"jwt_key\",\"coreUrl\":\"http://localhost:8080\",\"natsUrl\":\"nats://localhost:4222\"}",
source_go	Real Go source ownership and AST dependency graph	2026-10-03T16:05:09.7975284Z           "/config.json",
source_go	Real Go source ownership and AST dependency graph	2026-10-03T16:05:09.7975420Z           "/config.json",
source_go	Real Go source ownership and AST dependency graph	2026-10-03T16:05:09.7975669Z           "test-only-signing-key-at-least-32-bytes",
source_go	Real Go source ownership and AST dependency graph	2026-10-03T16:05:09.7975841Z           "local-test-password",
source_go	Real Go source ownership and AST dependency graph	2026-10-03T16:05:09.7976055Z           "credential files were not loaded",
source_go	Real Go source ownership and AST dependency graph	2026-10-03T16:05:09.7976219Z           "local-test-password",
source_go	Real Go source ownership and AST dependency graph	2026-10-03T16:05:09.7976446Z           "credential embedded in configuration",
source_go	Real Go source ownership and AST dependency graph	2026-10-03T16:05:09.7976568Z           "/jwt_key",
source_go	Real Go source ownership and AST dependency graph	2026-10-03T16:05:09.7976706Z           "/config.json",
source_go	Real Go source ownership and AST dependency graph	2026-10-03T16:05:09.7976892Z           "missing signing key accepted"
source_go	Real Go source ownership and AST dependency graph	2026-10-03T16:05:09.7976988Z         ]
source_go	Real Go source ownership and AST dependency graph	2026-10-03T16:05:09.7977072Z       },
source_go	Real Go source ownership and AST dependency graph	2026-10-03T16:05:09.7977156Z       {
source_go	Real Go source ownership and AST dependency graph	2026-10-03T16:05:09.7977318Z         "path": "shared/infra.go",
source_go	Real Go source ownership and AST dependency graph	2026-10-03T16:05:09.7977456Z         "package": "shared",
source_go	Real Go source ownership and AST dependency graph	2026-10-03T16:05:09.7977578Z         "imports": [
source_go	Real Go source ownership and AST dependency graph	2026-10-03T16:05:09.7977687Z           "fmt",
source_go	Real Go source ownership and AST dependency graph	2026-10-03T16:05:09.7977807Z           "net/http"
source_go	Real Go source ownership and AST dependency graph	2026-10-03T16:05:09.7977895Z         ],
source_go	Real Go source ownership and AST dependency graph	2026-10-03T16:05:09.7978017Z         "functions": [
source_go	Real Go source ownership and AST dependency graph	2026-10-03T16:05:09.7978135Z           "InfraMux"
source_go	Real Go source ownership and AST dependency graph	2026-10-03T16:05:09.7978220Z         ],
source_go	Real Go source ownership and AST dependency graph	2026-10-03T16:05:09.7978341Z         "types": null,
source_go	Real Go source ownership and AST dependency graph	2026-10-03T16:05:09.7978556Z         "calls": [
source_go	Real Go source ownership and AST dependency graph	2026-10-03T16:05:09.7978712Z           "http.NewServeMux",
source_go	Real Go source ownership and AST dependency graph	2026-10-03T16:05:09.7978845Z           "m.HandleFunc",
source_go	Real Go source ownership and AST dependency graph	2026-10-03T16:05:09.7978976Z           "http.Error",
source_go	Real Go source ownership and AST dependency graph	2026-10-03T16:05:09.7979082Z           ".Set",
source_go	Real Go source ownership and AST dependency graph	2026-10-03T16:05:09.7979204Z           "w.Header",
source_go	Real Go source ownership and AST dependency graph	2026-10-03T16:05:09.7979333Z           "fmt.Fprintf"
source_go	Real Go source ownership and AST dependency graph	2026-10-03T16:05:09.7979424Z         ],
source_go	Real Go source ownership and AST dependency graph	2026-10-03T16:05:09.7979540Z         "strings": [
source_go	Real Go source ownership and AST dependency graph	2026-10-03T16:05:09.7979643Z           "fmt",
source_go	Real Go source ownership and AST dependency graph	2026-10-03T16:05:09.7979769Z           "net/http",
source_go	Real Go source ownership and AST dependency graph	2026-10-03T16:05:09.7979913Z           "/__infra/health",
source_go	Real Go source ownership and AST dependency graph	2026-10-03T16:05:09.7980020Z           "GET",
source_go	Real Go source ownership and AST dependency graph	2026-10-03T16:05:09.7980181Z           "method not allowed",
source_go	Real Go source ownership and AST dependency graph	2026-10-03T16:05:09.7980322Z           "Content-Type",
source_go	Real Go source ownership and AST dependency graph	2026-10-03T16:05:09.7980509Z           "text/plain; charset=utf-8",
source_go	Real Go source ownership and AST dependency graph	2026-10-03T16:05:09.7980670Z           "profile=go role=%s\n"
source_go	Real Go source ownership and AST dependency graph	2026-10-03T16:05:09.7980759Z         ]
source_go	Real Go source ownership and AST dependency graph	2026-10-03T16:05:09.7980841Z       },
source_go	Real Go source ownership and AST dependency graph	2026-10-03T16:05:09.7980923Z       {
source_go	Real Go source ownership and AST dependency graph	2026-10-03T16:05:09.7981095Z         "path": "shared/security.go",
source_go	Real Go source ownership and AST dependency graph	2026-10-03T16:05:09.7981233Z         "package": "shared",
source_go	Real Go source ownership and AST dependency graph	2026-10-03T16:05:09.7981350Z         "imports": [
source_go	Real Go source ownership and AST dependency graph	2026-10-03T16:05:09.7981484Z           "crypto/hmac",
source_go	Real Go source ownership and AST dependency graph	2026-10-03T16:05:09.7981620Z           "crypto/rand",
source_go	Real Go source ownership and AST dependency graph	2026-10-03T16:05:09.7981759Z           "crypto/sha256",
source_go	Real Go source ownership and AST dependency graph	2026-10-03T16:05:09.7981906Z           "encoding/base64",
source_go	Real Go source ownership and AST dependency graph	2026-10-03T16:05:09.7982156Z           "encoding/hex",
source_go	Real Go source ownership and AST dependency graph	2026-10-03T16:05:09.7982299Z           "encoding/json",
source_go	Real Go source ownership and AST dependency graph	2026-10-03T16:05:09.7982415Z           "strings",
source_go	Real Go source ownership and AST dependency graph	2026-10-03T16:05:09.7982522Z           "time"
source_go	Real Go source ownership and AST dependency graph	2026-10-03T16:05:09.7982612Z         ],
source_go	Real Go source ownership and AST dependency graph	2026-10-03T16:05:09.7982831Z         "functions": [
source_go	Real Go source ownership and AST dependency graph	2026-10-03T16:05:09.7982943Z           "Error",
source_go	Real Go source ownership and AST dependency graph	2026-10-03T16:05:09.7983049Z           "Fail",
source_go	Real Go source ownership and AST dependency graph	2026-10-03T16:05:09.7983186Z           "RandomToken",
source_go	Real Go source ownership and AST dependency graph	2026-10-03T16:05:09.7983290Z           "UUID",
source_go	Real Go source ownership and AST dependency graph	2026-10-03T16:05:09.7983418Z           "HashToken",
source_go	Real Go source ownership and AST dependency graph	2026-10-03T16:05:09.7983524Z           "Sign",
source_go	Real Go source ownership and AST dependency graph	2026-10-03T16:05:09.7983636Z           "Parse",
source_go	Real Go source ownership and AST dependency graph	2026-10-03T16:05:09.7983766Z           "ValidClient"
source_go	Real Go source ownership and AST dependency graph	2026-10-03T16:05:09.7983854Z         ],
source_go	Real Go source ownership and AST dependency graph	2026-10-03T16:05:09.7983964Z         "types": [
source_go	Real Go source ownership and AST dependency graph	2026-10-03T16:05:09.7984075Z           "Claims",
source_go	Real Go source ownership and AST dependency graph	2026-10-03T16:05:09.7984188Z           "Error",
source_go	Real Go source ownership and AST dependency graph	2026-10-03T16:05:09.7984295Z           "Codec"
source_go	Real Go source ownership and AST dependency graph	2026-10-03T16:05:09.7984386Z         ],
source_go	Real Go source ownership and AST dependency graph	2026-10-03T16:05:09.7984494Z         "calls": [
source_go	Real Go source ownership and AST dependency graph	2026-10-03T16:05:09.7984609Z           "make",
source_go	Real Go source ownership and AST dependency graph	2026-10-03T16:05:09.7984734Z           "rand.Read",
source_go	Real Go source ownership and AST dependency graph	2026-10-03T16:05:09.7984972Z           "base64.RawURLEncoding.EncodeToString",
source_go	Real Go source ownership and AST dependency graph	2026-10-03T16:05:09.7985083Z           "make",
source_go	Real Go source ownership and AST dependency graph	2026-10-03T16:05:09.7985206Z           "rand.Read",
source_go	Real Go source ownership and AST dependency graph	2026-10-03T16:05:09.7985380Z           "hex.EncodeToString",
source_go	Real Go source ownership and AST dependency graph	2026-10-03T16:05:09.7985516Z           "sha256.Sum256",
source_go	Real Go source ownership and AST dependency graph	2026-10-03T16:05:09.7985617Z           "",
source_go	Real Go source ownership and AST dependency graph	2026-10-03T16:05:09.7985779Z           "hex.EncodeToString",
source_go	Real Go source ownership and AST dependency graph	2026-10-03T16:05:09.7986008Z           "base64.RawURLEncoding.EncodeToString",
source_go	Real Go source ownership and AST dependency graph	2026-10-03T16:05:09.7986106Z           "",
source_go	Real Go source ownership and AST dependency graph	2026-10-03T16:05:09.7986240Z           "json.Marshal",
source_go	Real Go source ownership and AST dependency graph	2026-10-03T16:05:09.7986472Z           "base64.RawURLEncoding.EncodeToString",
source_go	Real Go source ownership and AST dependency graph	2026-10-03T16:05:09.7986591Z           "hmac.New",
source_go	Real Go source ownership and AST dependency graph	2026-10-03T16:05:09.7986713Z           "mac.Write",
source_go	Real Go source ownership and AST dependency graph	2026-10-03T16:05:09.7986810Z           "",
source_go	Real Go source ownership and AST dependency graph	2026-10-03T16:05:09.7987045Z           "base64.RawURLEncoding.EncodeToString",
source_go	Real Go source ownership and AST dependency graph	2026-10-03T16:05:09.7987163Z           "mac.Sum",
source_go	Real Go source ownership and AST dependency graph	2026-10-03T16:05:09.7987304Z           "strings.Split",
source_go	Real Go source ownership and AST dependency graph	2026-10-03T16:05:09.7987411Z           "len",
source_go	Real Go source ownership and AST dependency graph	2026-10-03T16:05:09.7987639Z           "base64.RawURLEncoding.EncodeToString",
source_go	Real Go source ownership and AST dependency graph	2026-10-03T16:05:09.7987737Z           "",
source_go	Real Go source ownership and AST dependency graph	2026-10-03T16:05:09.7987842Z           "Fail",
source_go	Real Go source ownership and AST dependency graph	2026-10-03T16:05:09.7987971Z           "hmac.New",
source_go	Real Go source ownership and AST dependency graph	2026-10-03T16:05:09.7988095Z           "mac.Write",
source_go	Real Go source ownership and AST dependency graph	2026-10-03T16:05:09.7988188Z           "",
source_go	Real Go source ownership and AST dependency graph	2026-10-03T16:05:09.7988417Z           "base64.RawURLEncoding.DecodeString",
source_go	Real Go source ownership and AST dependency graph	2026-10-03T16:05:09.7988656Z           "hmac.Equal",
source_go	Real Go source ownership and AST dependency graph	2026-10-03T16:05:09.7988777Z           "mac.Sum",
source_go	Real Go source ownership and AST dependency graph	2026-10-03T16:05:09.7988884Z           "Fail",
source_go	Real Go source ownership and AST dependency graph	2026-10-03T16:05:09.7989114Z           "base64.RawURLEncoding.DecodeString",
source_go	Real Go source ownership and AST dependency graph	2026-10-03T16:05:09.7989259Z           "json.Unmarshal",
source_go	Real Go source ownership and AST dependency graph	2026-10-03T16:05:09.7989396Z           "ValidClient",
source_go	Real Go source ownership and AST dependency graph	2026-10-03T16:05:09.7989507Z           "Fail",
source_go	Real Go source ownership and AST dependency graph	2026-10-03T16:05:09.7989620Z           ".Unix",
source_go	Real Go source ownership and AST dependency graph	2026-10-03T16:05:09.7989733Z           "s.Now",
source_go	Real Go source ownership and AST dependency graph	2026-10-03T16:05:09.7989837Z           "Fail"
source_go	Real Go source ownership and AST dependency graph	2026-10-03T16:05:09.7989931Z         ],
source_go	Real Go source ownership and AST dependency graph	2026-10-03T16:05:09.7990044Z         "strings": [
source_go	Real Go source ownership and AST dependency graph	2026-10-03T16:05:09.7990182Z           "crypto/hmac",
source_go	Real Go source ownership and AST dependency graph	2026-10-03T16:05:09.7990312Z           "crypto/rand",
source_go	Real Go source ownership and AST dependency graph	2026-10-03T16:05:09.7990454Z           "crypto/sha256",
source_go	Real Go source ownership and AST dependency graph	2026-10-03T16:05:09.7990606Z           "encoding/base64",
source_go	Real Go source ownership and AST dependency graph	2026-10-03T16:05:09.7990741Z           "encoding/hex",
source_go	Real Go source ownership and AST dependency graph	2026-10-03T16:05:09.7990881Z           "encoding/json",
source_go	Real Go source ownership and AST dependency graph	2026-10-03T16:05:09.7990999Z           "strings",
source_go	Real Go source ownership and AST dependency graph	2026-10-03T16:05:09.7991108Z           "time",
source_go	Real Go source ownership and AST dependency graph	2026-10-03T16:05:09.7991267Z           "json:\"user_id\"",
source_go	Real Go source ownership and AST dependency graph	2026-10-03T16:05:09.7991428Z           "json:\"session_id\"",
source_go	Real Go source ownership and AST dependency graph	2026-10-03T16:05:09.7991593Z           "json:\"client_type\"",
source_go	Real Go source ownership and AST dependency graph	2026-10-03T16:05:09.7991765Z           "json:\"session_epoch\"",
source_go	Real Go source ownership and AST dependency graph	2026-10-03T16:05:09.7991902Z           "json:\"iat\"",
source_go	Real Go source ownership and AST dependency graph	2026-10-03T16:05:09.7992035Z           "json:\"exp\"",
source_go	Real Go source ownership and AST dependency graph	2026-10-03T16:05:09.7992131Z           "",
source_go	Real Go source ownership and AST dependency graph	2026-10-03T16:05:09.7992231Z           "",
source_go	Real Go source ownership and AST dependency graph	2026-10-03T16:05:09.7992335Z           "-",
source_go	Real Go source ownership and AST dependency graph	2026-10-03T16:05:09.7992546Z           "-",
source_go	Real Go source ownership and AST dependency graph	2026-10-03T16:05:09.7992646Z           "-",
source_go	Real Go source ownership and AST dependency graph	2026-10-03T16:05:09.7992742Z           "-",
source_go	Real Go source ownership and AST dependency graph	2026-10-03T16:05:09.7992954Z           "{\"alg\":\"HS256\",\"typ\":\"JWT\"}",
source_go	Real Go source ownership and AST dependency graph	2026-10-03T16:05:09.7993053Z           "",
source_go	Real Go source ownership and AST dependency graph	2026-10-03T16:05:09.7993246Z           ".",
source_go	Real Go source ownership and AST dependency graph	2026-10-03T16:05:09.7993346Z           ".",
source_go	Real Go source ownership and AST dependency graph	2026-10-03T16:05:09.7993441Z           ".",
source_go	Real Go source ownership and AST dependency graph	2026-10-03T16:05:09.7993647Z           "{\"alg\":\"HS256\",\"typ\":\"JWT\"}",
source_go	Real Go source ownership and AST dependency graph	2026-10-03T16:05:09.7993799Z           "AUTH_TOKEN_INVALID",
source_go	Real Go source ownership and AST dependency graph	2026-10-03T16:05:09.7993981Z           "Access token is invalid.",
source_go	Real Go source ownership and AST dependency graph	2026-10-03T16:05:09.7994079Z           ".",
source_go	Real Go source ownership and AST dependency graph	2026-10-03T16:05:09.7994234Z           "AUTH_TOKEN_INVALID",
source_go	Real Go source ownership and AST dependency graph	2026-10-03T16:05:09.7994409Z           "Access token is invalid.",
source_go	Real Go source ownership and AST dependency graph	2026-10-03T16:05:09.7994503Z           "",
source_go	Real Go source ownership and AST dependency graph	2026-10-03T16:05:09.7994600Z           "",
source_go	Real Go source ownership and AST dependency graph	2026-10-03T16:05:09.7994750Z           "AUTH_TOKEN_INVALID",
source_go	Real Go source ownership and AST dependency graph	2026-10-03T16:05:09.7994924Z           "Access token is invalid.",
source_go	Real Go source ownership and AST dependency graph	2026-10-03T16:05:09.7995074Z           "AUTH_TOKEN_EXPIRED",
source_go	Real Go source ownership and AST dependency graph	2026-10-03T16:05:09.7995258Z           "Access token has expired.",
source_go	Real Go source ownership and AST dependency graph	2026-10-03T16:05:09.7995363Z           "WEB",
source_go	Real Go source ownership and AST dependency graph	2026-10-03T16:05:09.7995481Z           "DESKTOP",
source_go	Real Go source ownership and AST dependency graph	2026-10-03T16:05:09.7995590Z           "MOBILE"
source_go	Real Go source ownership and AST dependency graph	2026-10-03T16:05:09.7995674Z         ]
source_go	Real Go source ownership and AST dependency graph	2026-10-03T16:05:09.7995763Z       },
source_go	Real Go source ownership and AST dependency graph	2026-10-03T16:05:09.7995842Z       {
source_go	Real Go source ownership and AST dependency graph	2026-10-03T16:05:09.7996029Z         "path": "shared/security_test.go",
source_go	Real Go source ownership and AST dependency graph	2026-10-03T16:05:09.7996166Z         "package": "shared",
source_go	Real Go source ownership and AST dependency graph	2026-10-03T16:05:09.7996285Z         "imports": [
source_go	Real Go source ownership and AST dependency graph	2026-10-03T16:05:09.7996405Z           "testing",
source_go	Real Go source ownership and AST dependency graph	2026-10-03T16:05:09.7996512Z           "time"
source_go	Real Go source ownership and AST dependency graph	2026-10-03T16:05:09.7996603Z         ],
source_go	Real Go source ownership and AST dependency graph	2026-10-03T16:05:09.7996725Z         "functions": [
source_go	Real Go source ownership and AST dependency graph	2026-10-03T16:05:09.7996910Z           "TestTokenTamperAndExpiry"
source_go	Real Go source ownership and AST dependency graph	2026-10-03T16:05:09.7996996Z         ],
source_go	Real Go source ownership and AST dependency graph	2026-10-03T16:05:09.7997117Z         "types": null,
source_go	Real Go source ownership and AST dependency graph	2026-10-03T16:05:09.7997223Z         "calls": [
source_go	Real Go source ownership and AST dependency graph	2026-10-03T16:05:09.7997322Z           "",
source_go	Real Go source ownership and AST dependency graph	2026-10-03T16:05:09.7997447Z           "time.Unix",
source_go	Real Go source ownership and AST dependency graph	2026-10-03T16:05:09.7997558Z           "s.Sign",
source_go	Real Go source ownership and AST dependency graph	2026-10-03T16:05:09.7997681Z           "t.Fatal",
source_go	Real Go source ownership and AST dependency graph	2026-10-03T16:05:09.7997796Z           "s.Parse",
source_go	Real Go source ownership and AST dependency graph	2026-10-03T16:05:09.7997914Z           "t.Fatal",
source_go	Real Go source ownership and AST dependency graph	2026-10-03T16:05:09.7998030Z           "s.Parse",
source_go	Real Go source ownership and AST dependency graph	2026-10-03T16:05:09.7998148Z           "t.Fatal",
source_go	Real Go source ownership and AST dependency graph	2026-10-03T16:05:09.7998274Z           "time.Unix",
source_go	Real Go source ownership and AST dependency graph	2026-10-03T16:05:09.7998393Z           "s.Parse",
source_go	Real Go source ownership and AST dependency graph	2026-10-03T16:05:09.7998626Z           "t.Fatalf"
source_go	Real Go source ownership and AST dependency graph	2026-10-03T16:05:09.7998713Z         ],
source_go	Real Go source ownership and AST dependency graph	2026-10-03T16:05:09.7998827Z         "strings": [
source_go	Real Go source ownership and AST dependency graph	2026-10-03T16:05:09.7998942Z           "testing",
source_go	Real Go source ownership and AST dependency graph	2026-10-03T16:05:09.7999052Z           "time",
source_go	Real Go source ownership and AST dependency graph	2026-10-03T16:05:09.7999304Z           "test-only-signing-key-at-least-32-bytes",
source_go	Real Go source ownership and AST dependency graph	2026-10-03T16:05:09.7999508Z           "10000000-0000-4000-8000-000000000001",
source_go	Real Go source ownership and AST dependency graph	2026-10-03T16:05:09.7999710Z           "50000000-0000-4000-8000-000000000001",
source_go	Real Go source ownership and AST dependency graph	2026-10-03T16:05:09.7999814Z           "WEB",
source_go	Real Go source ownership and AST dependency graph	2026-10-03T16:05:09.7999918Z           "x",
source_go	Real Go source ownership and AST dependency graph	2026-10-03T16:05:09.8000106Z           "tampered signature accepted",
source_go	Real Go source ownership and AST dependency graph	2026-10-03T16:05:09.8000266Z           "AUTH_TOKEN_EXPIRED",
source_go	Real Go source ownership and AST dependency graph	2026-10-03T16:05:09.8000415Z           "expired token: %v"
source_go	Real Go source ownership and AST dependency graph	2026-10-03T16:05:09.8000504Z         ]
source_go	Real Go source ownership and AST dependency graph	2026-10-03T16:05:09.8000587Z       },
source_go	Real Go source ownership and AST dependency graph	2026-10-03T16:05:09.8000670Z       {
source_go	Real Go source ownership and AST dependency graph	2026-10-03T16:05:09.8000841Z         "path": "tests/auth_test.go",
source_go	Real Go source ownership and AST dependency graph	2026-10-03T16:05:09.8000976Z         "package": "tests",
source_go	Real Go source ownership and AST dependency graph	2026-10-03T16:05:09.8001094Z         "imports": [
source_go	Real Go source ownership and AST dependency graph	2026-10-03T16:05:09.8001202Z           "bytes",
source_go	Real Go source ownership and AST dependency graph	2026-10-03T16:05:09.8001319Z           "context",
source_go	Real Go source ownership and AST dependency graph	2026-10-03T16:05:09.8001458Z           "encoding/json",
source_go	Real Go source ownership and AST dependency graph	2026-10-03T16:05:09.8001563Z           "fmt",
source_go	Real Go source ownership and AST dependency graph	2026-10-03T16:05:09.8001683Z           "net/http",
source_go	Real Go source ownership and AST dependency graph	2026-10-03T16:05:09.8001839Z           "net/http/httptest",
source_go	Real Go source ownership and AST dependency graph	2026-10-03T16:05:09.8001948Z           "os",
source_go	Real Go source ownership and AST dependency graph	2026-10-03T16:05:09.8002064Z           "strings",
source_go	Real Go source ownership and AST dependency graph	2026-10-03T16:05:09.8002173Z           "sync",
source_go	Real Go source ownership and AST dependency graph	2026-10-03T16:05:09.8002288Z           "testing",
source_go	Real Go source ownership and AST dependency graph	2026-10-03T16:05:09.8002395Z           "time",
source_go	Real Go source ownership and AST dependency graph	2026-10-03T16:05:09.8002591Z           "github.com/gorilla/websocket",
source_go	Real Go source ownership and AST dependency graph	2026-10-03T16:05:09.8002916Z           "github.com/jackc/pgx/v5/pgxpool",
source_go	Real Go source ownership and AST dependency graph	2026-10-03T16:05:09.8003112Z           "github.com/nats-io/nats.go",
source_go	Real Go source ownership and AST dependency graph	2026-10-03T16:05:09.8003303Z           "im-platform/backend/go/core",
source_go	Real Go source ownership and AST dependency graph	2026-10-03T16:05:09.8003505Z           "im-platform/backend/go/gateway",
source_go	Real Go source ownership and AST dependency graph	2026-10-03T16:05:09.8003792Z           "im-platform/backend/go/shared"
source_go	Real Go source ownership and AST dependency graph	2026-10-03T16:05:09.8003884Z         ],
source_go	Real Go source ownership and AST dependency graph	2026-10-03T16:05:09.8004005Z         "functions": [
source_go	Real Go source ownership and AST dependency graph	2026-10-03T16:05:09.8004116Z           "call",
source_go	Real Go source ownership and AST dependency graph	2026-10-03T16:05:09.8004244Z           "readResult",
source_go	Real Go source ownership and AST dependency graph	2026-10-03T16:05:09.8004367Z           "getToken",
source_go	Real Go source ownership and AST dependency graph	2026-10-03T16:05:09.8004498Z           "getSession",
source_go	Real Go source ownership and AST dependency graph	2026-10-03T16:05:09.8004611Z           "expect",
source_go	Real Go source ownership and AST dependency graph	2026-10-03T16:05:09.8004815Z           "TestPostgresAuthSessionAndWSS"
source_go	Real Go source ownership and AST dependency graph	2026-10-03T16:05:09.8004902Z         ],
source_go	Real Go source ownership and AST dependency graph	2026-10-03T16:05:09.8005025Z         "types": null,
source_go	Real Go source ownership and AST dependency graph	2026-10-03T16:05:09.8005130Z         "calls": [
source_go	Real Go source ownership and AST dependency graph	2026-10-03T16:05:09.8005252Z           "t.Helper",
source_go	Real Go source ownership and AST dependency graph	2026-10-03T16:05:09.8005400Z           "json.Marshal",
source_go	Real Go source ownership and AST dependency graph	2026-10-03T16:05:09.8005564Z           "httptest.NewRequest",
source_go	Real Go source ownership and AST dependency graph	2026-10-03T16:05:09.8005711Z           "bytes.NewReader",
source_go	Real Go source ownership and AST dependency graph	2026-10-03T16:05:09.8005844Z           "r.Header.Set",
source_go	Real Go source ownership and AST dependency graph	2026-10-03T16:05:09.8005979Z           "r.Header.Set",
source_go	Real Go source ownership and AST dependency graph	2026-10-03T16:05:09.8006110Z           "r.AddCookie",
source_go	Real Go source ownership and AST dependency graph	2026-10-03T16:05:09.8006283Z           "httptest.NewRecorder",
source_go	Real Go source ownership and AST dependency graph	2026-10-03T16:05:09.8006413Z           "h.ServeHTTP",
source_go	Real Go source ownership and AST dependency graph	2026-10-03T16:05:09.8006537Z           "t.Helper",
source_go	Real Go source ownership and AST dependency graph	2026-10-03T16:05:09.8006687Z           "json.Unmarshal",
source_go	Real Go source ownership and AST dependency graph	2026-10-03T16:05:09.8006821Z           "w.Body.Bytes",
source_go	Real Go source ownership and AST dependency graph	2026-10-03T16:05:09.8006940Z           "t.Fatal",
source_go	Real Go source ownership and AST dependency graph	2026-10-03T16:05:09.8007058Z           "t.Helper",
source_go	Real Go source ownership and AST dependency graph	2026-10-03T16:05:09.8007186Z           "readResult",
source_go	Real Go source ownership and AST dependency graph	2026-10-03T16:05:09.8007305Z           "t.Helper",
source_go	Real Go source ownership and AST dependency graph	2026-10-03T16:05:09.8007434Z           "readResult",
source_go	Real Go source ownership and AST dependency graph	2026-10-03T16:05:09.8007552Z           "t.Helper",
source_go	Real Go source ownership and AST dependency graph	2026-10-03T16:05:09.8007674Z           "t.Fatalf",
source_go	Real Go source ownership and AST dependency graph	2026-10-03T16:05:09.8007814Z           "w.Body.String",
source_go	Real Go source ownership and AST dependency graph	2026-10-03T16:05:09.8007936Z           "os.Getenv",
source_go	Real Go source ownership and AST dependency graph	2026-10-03T16:05:09.8008056Z           "t.Skip",
source_go	Real Go source ownership and AST dependency graph	2026-10-03T16:05:09.8008215Z           "context.Background",
source_go	Real Go source ownership and AST dependency graph	2026-10-03T16:05:09.8008353Z           "pgxpool.New",
source_go	Real Go source ownership and AST dependency graph	2026-10-03T16:05:09.8008577Z           "t.Fatal",
source_go	Real Go source ownership and AST dependency graph	2026-10-03T16:05:09.8008701Z           "db.Close",
source_go	Real Go source ownership and AST dependency graph	2026-10-03T16:05:09.8008826Z           "db.Ping",
source_go	Real Go source ownership and AST dependency graph	2026-10-03T16:05:09.8008940Z           "t.Fatal",
source_go	Real Go source ownership and AST dependency graph	2026-10-03T16:05:09.8009068Z           "newService",
source_go	Real Go source ownership and AST dependency graph	2026-10-03T16:05:09.8009164Z           "",
source_go	Real Go source ownership and AST dependency graph	2026-10-03T16:05:09.8009322Z           "httptest.NewServer",
source_go	Real Go source ownership and AST dependency graph	2026-10-03T16:05:09.8009473Z           "coreServer.Close",
source_go	Real Go source ownership and AST dependency graph	2026-10-03T16:05:09.8009629Z           "gateway.NewHandler",
source_go	Real Go source ownership and AST dependency graph	2026-10-03T16:05:09.8009747Z           "testNATS",
source_go	Real Go source ownership and AST dependency graph	2026-10-03T16:05:09.8009866Z           "t.Fatal",
source_go	Real Go source ownership and AST dependency graph	2026-10-03T16:05:09.8009991Z           "os.Getenv",
source_go	Real Go source ownership and AST dependency graph	2026-10-03T16:05:09.8010127Z           "nats.Connect",
source_go	Real Go source ownership and AST dependency graph	2026-10-03T16:05:09.8010245Z           "t.Fatal",
source_go	Real Go source ownership and AST dependency graph	2026-10-03T16:05:09.8010361Z           "nc.Close",
source_go	Real Go source ownership and AST dependency graph	2026-10-03T16:05:09.8010481Z           "nc.Flush",
source_go	Real Go source ownership and AST dependency graph	2026-10-03T16:05:09.8010595Z           "t.Fatal",
source_go	Real Go source ownership and AST dependency graph	2026-10-03T16:05:09.8010756Z           "context.WithCancel",
source_go	Real Go source ownership and AST dependency graph	2026-10-03T16:05:09.8010880Z           "stopRelay",
source_go	Real Go source ownership and AST dependency graph	2026-10-03T16:05:09.8011088Z           "core.RelaySessionRevocations",
source_go	Real Go source ownership and AST dependency graph	2026-10-03T16:05:09.8011249Z           "shared.RandomToken",
source_go	Real Go source ownership and AST dependency graph	2026-10-03T16:05:09.8011398Z           "strings.ToLower",
source_go	Real Go source ownership and AST dependency graph	2026-10-03T16:05:09.8011505Z           "call",
source_go	Real Go source ownership and AST dependency graph	2026-10-03T16:05:09.8011617Z           "expect",
source_go	Real Go source ownership and AST dependency graph	2026-10-03T16:05:09.8011745Z           "readResult",
source_go	Real Go source ownership and AST dependency graph	2026-10-03T16:05:09.8011840Z           "",
source_go	Real Go source ownership and AST dependency graph	2026-10-03T16:05:09.8011958Z           "db.Exec",
source_go	Real Go source ownership and AST dependency graph	2026-10-03T16:05:09.8012077Z           "db.Exec",
source_go	Real Go source ownership and AST dependency graph	2026-10-03T16:05:09.8012192Z           "db.Exec",
source_go	Real Go source ownership and AST dependency graph	2026-10-03T16:05:09.8012309Z           "db.Exec",
source_go	Real Go source ownership and AST dependency graph	2026-10-03T16:05:09.8012416Z           "call",
source_go	Real Go source ownership and AST dependency graph	2026-10-03T16:05:09.8012530Z           "login",
source_go	Real Go source ownership and AST dependency graph	2026-10-03T16:05:09.8012643Z           "expect",
source_go	Real Go source ownership and AST dependency graph	2026-10-03T16:05:09.8012768Z           "getToken",
source_go	Real Go source ownership and AST dependency graph	2026-10-03T16:05:09.8012895Z           "getSession",
source_go	Real Go source ownership and AST dependency graph	2026-10-03T16:05:09.8013007Z           "call",
source_go	Real Go source ownership and AST dependency graph	2026-10-03T16:05:09.8013269Z           "strings.ToUpper",
source_go	Real Go source ownership and AST dependency graph	2026-10-03T16:05:09.8013382Z           "expect",
source_go	Real Go source ownership and AST dependency graph	2026-10-03T16:05:09.8013508Z           "readResult",
source_go	Real Go source ownership and AST dependency graph	2026-10-03T16:05:09.8013611Z           "len",
source_go	Real Go source ownership and AST dependency graph	2026-10-03T16:05:09.8013735Z           "t.Fatalf",
source_go	Real Go source ownership and AST dependency graph	2026-10-03T16:05:09.8013947Z           "expect",
source_go	Real Go source ownership and AST dependency graph	2026-10-03T16:05:09.8014057Z           "call",
source_go	Real Go source ownership and AST dependency graph	2026-10-03T16:05:09.8014206Z           "strings.Contains",
source_go	Real Go source ownership and AST dependency graph	2026-10-03T16:05:09.8014354Z           "web.Body.String",
source_go	Real Go source ownership and AST dependency graph	2026-10-03T16:05:09.8014473Z           "t.Fatal",
source_go	Real Go source ownership and AST dependency graph	2026-10-03T16:05:09.8014576Z           "len",
source_go	Real Go source ownership and AST dependency graph	2026-10-03T16:05:09.8014699Z           ".Cookies",
source_go	Real Go source ownership and AST dependency graph	2026-10-03T16:05:09.8014825Z           "web.Result",
source_go	Real Go source ownership and AST dependency graph	2026-10-03T16:05:09.8014947Z           ".Cookies",
source_go	Real Go source ownership and AST dependency graph	2026-10-03T16:05:09.8015071Z           "web.Result",
source_go	Real Go source ownership and AST dependency graph	2026-10-03T16:05:09.8015200Z           ".Cookies",
source_go	Real Go source ownership and AST dependency graph	2026-10-03T16:05:09.8015329Z           "web.Result",
source_go	Real Go source ownership and AST dependency graph	2026-10-03T16:05:09.8015442Z           "t.Fatal",
source_go	Real Go source ownership and AST dependency graph	2026-10-03T16:05:09.8015549Z           "call",
source_go	Real Go source ownership and AST dependency graph	2026-10-03T16:05:09.8015663Z           "expect",
source_go	Real Go source ownership and AST dependency graph	2026-10-03T16:05:09.8015818Z           "strings.Contains",
source_go	Real Go source ownership and AST dependency graph	2026-10-03T16:05:09.8015984Z           "badLogin.Body.String",
source_go	Real Go source ownership and AST dependency graph	2026-10-03T16:05:09.8016103Z           "t.Fatal",
source_go	Real Go source ownership and AST dependency graph	2026-10-03T16:05:09.8016207Z           "call",
source_go	Real Go source ownership and AST dependency graph	2026-10-03T16:05:09.8016322Z           "expect",
source_go	Real Go source ownership and AST dependency graph	2026-10-03T16:05:09.8016475Z           "strings.Contains",
source_go	Real Go source ownership and AST dependency graph	2026-10-03T16:05:09.8016627Z           "query.Body.String",
source_go	Real Go source ownership and AST dependency graph	2026-10-03T16:05:09.8016744Z           "t.Fatal",
source_go	Real Go source ownership and AST dependency graph	2026-10-03T16:05:09.8016855Z           "login",
source_go	Real Go source ownership and AST dependency graph	2026-10-03T16:05:09.8016970Z           "expect",
source_go	Real Go source ownership and AST dependency graph	2026-10-03T16:05:09.8017089Z           "getToken",
source_go	Real Go source ownership and AST dependency graph	2026-10-03T16:05:09.8017202Z           "login",
source_go	Real Go source ownership and AST dependency graph	2026-10-03T16:05:09.8017316Z           "expect",
source_go	Real Go source ownership and AST dependency graph	2026-10-03T16:05:09.8017446Z           "readResult",
source_go	Real Go source ownership and AST dependency graph	2026-10-03T16:05:09.8017603Z           "httptest.NewServer",
source_go	Real Go source ownership and AST dependency graph	2026-10-03T16:05:09.8017735Z           "server.Close",
source_go	Real Go source ownership and AST dependency graph	2026-10-03T16:05:09.8017893Z           "strings.TrimPrefix",
source_go	Real Go source ownership and AST dependency graph	2026-10-03T16:05:09.8018093Z           "websocket.DefaultDialer.Dial",
source_go	Real Go source ownership and AST dependency graph	2026-10-03T16:05:09.8018212Z           "t.Fatal",
source_go	Real Go source ownership and AST dependency graph	2026-10-03T16:05:09.8018351Z           "pre.WriteJSON",
source_go	Real Go source ownership and AST dependency graph	2026-10-03T16:05:09.8018568Z           "frame",
source_go	Real Go source ownership and AST dependency graph	2026-10-03T16:05:09.8018710Z           "pre.ReadJSON",
source_go	Real Go source ownership and AST dependency graph	2026-10-03T16:05:09.8018825Z           "t.Fatal",
source_go	Real Go source ownership and AST dependency graph	2026-10-03T16:05:09.8018945Z           "t.Fatalf",
source_go	Real Go source ownership and AST dependency graph	2026-10-03T16:05:09.8019071Z           "pre.Close",
source_go	Real Go source ownership and AST dependency graph	2026-10-03T16:05:09.8019268Z           "websocket.DefaultDialer.Dial",
source_go	Real Go source ownership and AST dependency graph	2026-10-03T16:05:09.8019383Z           "t.Fatal",
source_go	Real Go source ownership and AST dependency graph	2026-10-03T16:05:09.8019516Z           "conn.Close",
source_go	Real Go source ownership and AST dependency graph	2026-10-03T16:05:09.8019657Z           "conn.WriteJSON",
source_go	Real Go source ownership and AST dependency graph	2026-10-03T16:05:09.8019769Z           "frame",
source_go	Real Go source ownership and AST dependency graph	2026-10-03T16:05:09.8019910Z           "conn.ReadJSON",
source_go	Real Go source ownership and AST dependency graph	2026-10-03T16:05:09.8020024Z           "t.Fatal",
source_go	Real Go source ownership and AST dependency graph	2026-10-03T16:05:09.8020145Z           "t.Fatalf",
source_go	Real Go source ownership and AST dependency graph	2026-10-03T16:05:09.8020263Z           "db.Begin",
source_go	Real Go source ownership and AST dependency graph	2026-10-03T16:05:09.8020380Z           "t.Fatal",
source_go	Real Go source ownership and AST dependency graph	2026-10-03T16:05:09.8020503Z           "lock.Exec",
source_go	Real Go source ownership and AST dependency graph	2026-10-03T16:05:09.8020621Z           "t.Fatal",
source_go	Real Go source ownership and AST dependency graph	2026-10-03T16:05:09.8020785Z           "conn.SetReadDeadline",
source_go	Real Go source ownership and AST dependency graph	2026-10-03T16:05:09.8020900Z           ".Add",
source_go	Real Go source ownership and AST dependency graph	2026-10-03T16:05:09.8021021Z           "time.Now",
source_go	Real Go source ownership and AST dependency graph	2026-10-03T16:05:09.8021324Z           "conn.WriteJSON",
source_go	Real Go source ownership and AST dependency graph	2026-10-03T16:05:09.8021446Z           "frame",
source_go	Real Go source ownership and AST dependency graph	2026-10-03T16:05:09.8021589Z           "conn.ReadJSON",
source_go	Real Go source ownership and AST dependency graph	2026-10-03T16:05:09.8021736Z           "lock.Rollback",
source_go	Real Go source ownership and AST dependency graph	2026-10-03T16:05:09.8021855Z           "t.Fatalf",
source_go	Real Go source ownership and AST dependency graph	2026-10-03T16:05:09.8021976Z           "t.Fatalf",
source_go	Real Go source ownership and AST dependency graph	2026-10-03T16:05:09.8022142Z           "conn.SetReadDeadline",
source_go	Real Go source ownership and AST dependency graph	2026-10-03T16:05:09.8022253Z           "login",
source_go	Real Go source ownership and AST dependency graph	2026-10-03T16:05:09.8022369Z           "expect",
source_go	Real Go source ownership and AST dependency graph	2026-10-03T16:05:09.8022493Z           "getSession",
source_go	Real Go source ownership and AST dependency graph	2026-10-03T16:05:09.8022614Z           "float64",
source_go	Real Go source ownership and AST dependency graph	2026-10-03T16:05:09.8022729Z           "t.Fatal",
source_go	Real Go source ownership and AST dependency graph	2026-10-03T16:05:09.8022852Z           ".Cookies",
source_go	Real Go source ownership and AST dependency graph	2026-10-03T16:05:09.8022978Z           "web.Result",
source_go	Real Go source ownership and AST dependency graph	2026-10-03T16:05:09.8023094Z           "expect",
source_go	Real Go source ownership and AST dependency graph	2026-10-03T16:05:09.8023205Z           "call",
source_go	Real Go source ownership and AST dependency graph	2026-10-03T16:05:09.8023369Z           "conn.SetReadDeadline",
source_go	Real Go source ownership and AST dependency graph	2026-10-03T16:05:09.8023477Z           ".Add",
source_go	Real Go source ownership and AST dependency graph	2026-10-03T16:05:09.8023714Z           "time.Now",
source_go	Real Go source ownership and AST dependency graph	2026-10-03T16:05:09.8023857Z           "conn.ReadJSON",
source_go	Real Go source ownership and AST dependency graph	2026-10-03T16:05:09.8023972Z           "t.Fatal",
source_go	Real Go source ownership and AST dependency graph	2026-10-03T16:05:09.8024093Z           "t.Fatalf",
source_go	Real Go source ownership and AST dependency graph	2026-10-03T16:05:09.8024231Z           "conn.ReadJSON",
source_go	Real Go source ownership and AST dependency graph	2026-10-03T16:05:09.8024491Z           "t.Fatal",
source_go	Real Go source ownership and AST dependency graph	2026-10-03T16:05:09.8024608Z           "expect",
source_go	Real Go source ownership and AST dependency graph	2026-10-03T16:05:09.8024715Z           "call",
source_go	Real Go source ownership and AST dependency graph	2026-10-03T16:05:09.8024829Z           "expect",
source_go	Real Go source ownership and AST dependency graph	2026-10-03T16:05:09.8024934Z           "call",
source_go	Real Go source ownership and AST dependency graph	2026-10-03T16:05:09.8025042Z           "make",
source_go	Real Go source ownership and AST dependency graph	2026-10-03T16:05:09.8025154Z           "wg.Add",
source_go	Real Go source ownership and AST dependency graph	2026-10-03T16:05:09.8025256Z           "",
source_go	Real Go source ownership and AST dependency graph	2026-10-03T16:05:09.8025375Z           "wg.Done",
source_go	Real Go source ownership and AST dependency graph	2026-10-03T16:05:09.8025494Z           "login",
source_go	Real Go source ownership and AST dependency graph	2026-10-03T16:05:09.8025629Z           "fmt.Sprintf",
source_go	Real Go source ownership and AST dependency graph	2026-10-03T16:05:09.8025744Z           "wg.Wait",
source_go	Real Go source ownership and AST dependency graph	2026-10-03T16:05:09.8025857Z           "close",
source_go	Real Go source ownership and AST dependency graph	2026-10-03T16:05:09.8025969Z           "expect",
source_go	Real Go source ownership and AST dependency graph	2026-10-03T16:05:09.8026097Z           "getSession",
source_go	Real Go source ownership and AST dependency graph	2026-10-03T16:05:09.8026216Z           "t.Fatalf",
source_go	Real Go source ownership and AST dependency graph	2026-10-03T16:05:09.8026329Z           "call",
source_go	Real Go source ownership and AST dependency graph	2026-10-03T16:05:09.8026444Z           "expect",
source_go	Real Go source ownership and AST dependency graph	2026-10-03T16:05:09.8026556Z           "expect",
source_go	Real Go source ownership and AST dependency graph	2026-10-03T16:05:09.8026666Z           "call",
source_go	Real Go source ownership and AST dependency graph	2026-10-03T16:05:09.8026791Z           "readResult",
source_go	Real Go source ownership and AST dependency graph	2026-10-03T16:05:09.8026996Z           "websocket.DefaultDialer.Dial",
source_go	Real Go source ownership and AST dependency graph	2026-10-03T16:05:09.8027110Z           "t.Fatal",
source_go	Real Go source ownership and AST dependency graph	2026-10-03T16:05:09.8027271Z           "mobileSocket.Close",
source_go	Real Go source ownership and AST dependency graph	2026-10-03T16:05:09.8027448Z           "mobileSocket.WriteJSON",
source_go	Real Go source ownership and AST dependency graph	2026-10-03T16:05:09.8027561Z           "frame",
source_go	Real Go source ownership and AST dependency graph	2026-10-03T16:05:09.8027684Z           "getToken",
source_go	Real Go source ownership and AST dependency graph	2026-10-03T16:05:09.8027858Z           "mobileSocket.ReadJSON",
source_go	Real Go source ownership and AST dependency graph	2026-10-03T16:05:09.8027974Z           "t.Fatal",
source_go	Real Go source ownership and AST dependency graph	2026-10-03T16:05:09.8028088Z           "t.Fatal",
source_go	Real Go source ownership and AST dependency graph	2026-10-03T16:05:09.8028196Z           "call",
source_go	Real Go source ownership and AST dependency graph	2026-10-03T16:05:09.8028315Z           "getToken",
source_go	Real Go source ownership and AST dependency graph	2026-10-03T16:05:09.8028429Z           "expect",
source_go	Real Go source ownership and AST dependency graph	2026-10-03T16:05:09.8028755Z           "mobileSocket.SetReadDeadline",
source_go	Real Go source ownership and AST dependency graph	2026-10-03T16:05:09.8028860Z           ".Add",
source_go	Real Go source ownership and AST dependency graph	2026-10-03T16:05:09.8028991Z           "time.Now",
source_go	Real Go source ownership and AST dependency graph	2026-10-03T16:05:09.8029160Z           "mobileSocket.ReadJSON",
source_go	Real Go source ownership and AST dependency graph	2026-10-03T16:05:09.8029276Z           "t.Fatal",
source_go	Real Go source ownership and AST dependency graph	2026-10-03T16:05:09.8029393Z           "t.Fatalf",
source_go	Real Go source ownership and AST dependency graph	2026-10-03T16:05:09.8029567Z           "mobileSocket.ReadJSON",
source_go	Real Go source ownership and AST dependency graph	2026-10-03T16:05:09.8029681Z           "t.Fatal",
source_go	Real Go source ownership and AST dependency graph	2026-10-03T16:05:09.8029798Z           "expect",
source_go	Real Go source ownership and AST dependency graph	2026-10-03T16:05:09.8029906Z           "call",
source_go	Real Go source ownership and AST dependency graph	2026-10-03T16:05:09.8030014Z           ".Scan",
source_go	Real Go source ownership and AST dependency graph	2026-10-03T16:05:09.8030147Z           "db.QueryRow",
source_go	Real Go source ownership and AST dependency graph	2026-10-03T16:05:09.8030266Z           "t.Fatalf",
source_go	Real Go source ownership and AST dependency graph	2026-10-03T16:05:09.8030375Z           ".Scan",
source_go	Real Go source ownership and AST dependency graph	2026-10-03T16:05:09.8030505Z           "db.QueryRow",
source_go	Real Go source ownership and AST dependency graph	2026-10-03T16:05:09.8030621Z           "t.Fatalf"
source_go	Real Go source ownership and AST dependency graph	2026-10-03T16:05:09.8030708Z         ],
source_go	Real Go source ownership and AST dependency graph	2026-10-03T16:05:09.8030823Z         "strings": [
source_go	Real Go source ownership and AST dependency graph	2026-10-03T16:05:09.8030934Z           "bytes",
source_go	Real Go source ownership and AST dependency graph	2026-10-03T16:05:09.8031050Z           "context",
source_go	Real Go source ownership and AST dependency graph	2026-10-03T16:05:09.8031193Z           "encoding/json",
source_go	Real Go source ownership and AST dependency graph	2026-10-03T16:05:09.8031297Z           "fmt",
source_go	Real Go source ownership and AST dependency graph	2026-10-03T16:05:09.8031424Z           "net/http",
source_go	Real Go source ownership and AST dependency graph	2026-10-03T16:05:09.8031575Z           "net/http/httptest",
source_go	Real Go source ownership and AST dependency graph	2026-10-03T16:05:09.8031681Z           "os",
source_go	Real Go source ownership and AST dependency graph	2026-10-03T16:05:09.8031802Z           "strings",
source_go	Real Go source ownership and AST dependency graph	2026-10-03T16:05:09.8031908Z           "sync",
source_go	Real Go source ownership and AST dependency graph	2026-10-03T16:05:09.8032030Z           "testing",
source_go	Real Go source ownership and AST dependency graph	2026-10-03T16:05:09.8032137Z           "time",
source_go	Real Go source ownership and AST dependency graph	2026-10-03T16:05:09.8032333Z           "github.com/gorilla/websocket",
source_go	Real Go source ownership and AST dependency graph	2026-10-03T16:05:09.8032539Z           "github.com/jackc/pgx/v5/pgxpool",
source_go	Real Go source ownership and AST dependency graph	2026-10-03T16:05:09.8032735Z           "github.com/nats-io/nats.go",
source_go	Real Go source ownership and AST dependency graph	2026-10-03T16:05:09.8032928Z           "im-platform/backend/go/core",
source_go	Real Go source ownership and AST dependency graph	2026-10-03T16:05:09.8033132Z           "im-platform/backend/go/gateway",
source_go	Real Go source ownership and AST dependency graph	2026-10-03T16:05:09.8033329Z           "im-platform/backend/go/shared",
source_go	Real Go source ownership and AST dependency graph	2026-10-03T16:05:09.8033470Z           "Content-Type",
source_go	Real Go source ownership and AST dependency graph	2026-10-03T16:05:09.8033623Z           "application/json",
source_go	Real Go source ownership and AST dependency graph	2026-10-03T16:05:09.8033722Z           "",
source_go	Real Go source ownership and AST dependency graph	2026-10-03T16:05:09.8033864Z           "Authorization",
source_go	Real Go source ownership and AST dependency graph	2026-10-03T16:05:09.8034102Z           "Bearer ",
source_go	Real Go source ownership and AST dependency graph	2026-10-03T16:05:09.8034220Z           "tokens",
source_go	Real Go source ownership and AST dependency graph	2026-10-03T16:05:09.8034355Z           "accessToken",
source_go	Real Go source ownership and AST dependency graph	2026-10-03T16:05:09.8034470Z           "session",
source_go	Real Go source ownership and AST dependency graph	2026-10-03T16:05:09.8034634Z           "status %d want %d: %s",
source_go	Real Go source ownership and AST dependency graph	2026-10-03T16:05:09.8034873Z           "DB_TEST_ENABLE",
source_go	Real Go source ownership and AST dependency graph	2026-10-03T16:05:09.8034974Z           "1",
source_go	Real Go source ownership and AST dependency graph	2026-10-03T16:05:09.8035304Z           "set DB_TEST_ENABLE=1 with migrated disposable PostgreSQL",
source_go	Real Go source ownership and AST dependency graph	2026-10-03T16:05:09.8035413Z           "",
source_go	Real Go source ownership and AST dependency graph	2026-10-03T16:05:09.8035668Z           "test-only-signing-key-at-least-32-bytes",
source_go	Real Go source ownership and AST dependency graph	2026-10-03T16:05:09.8035793Z           "NATS_URL",
source_go	Real Go source ownership and AST dependency graph	2026-10-03T16:05:09.8035890Z           "",
source_go	Real Go source ownership and AST dependency graph	2026-10-03T16:05:09.8036061Z           "nats://127.0.0.1:4222",
source_go	Real Go source ownership and AST dependency graph	2026-10-03T16:05:09.8036171Z           "auth",
source_go	Real Go source ownership and AST dependency graph	2026-10-03T16:05:09.8036402Z           "fixture-password-not-a-real-secret",
source_go	Real Go source ownership and AST dependency graph	2026-10-03T16:05:09.8036514Z           "POST",
source_go	Real Go source ownership and AST dependency graph	2026-10-03T16:05:09.8036671Z           "/v1/auth/register",
source_go	Real Go source ownership and AST dependency graph	2026-10-03T16:05:09.8036796Z           "username",
source_go	Real Go source ownership and AST dependency graph	2026-10-03T16:05:09.8036927Z           "password",
source_go	Real Go source ownership and AST dependency graph	2026-10-03T16:05:09.8037061Z           "displayName",
source_go	Real Go source ownership and AST dependency graph	2026-10-03T16:05:09.8037188Z           "Auth Test",
source_go	Real Go source ownership and AST dependency graph	2026-10-03T16:05:09.8037284Z           "",
source_go	Real Go source ownership and AST dependency graph	2026-10-03T16:05:09.8037396Z           "user",
source_go	Real Go source ownership and AST dependency graph	2026-10-03T16:05:09.8037513Z           "userId",
source_go	Real Go source ownership and AST dependency graph	2026-10-03T16:05:09.8038729Z           "DELETE FROM outbox_events WHERE aggregate_type='session' AND aggregate_id IN (SELECT (payload->>'sessionId')::uuid FROM user_sync_events WHERE user_id=$1 AND event_type='session.revoked')",
source_go	Real Go source ownership and AST dependency graph	2026-10-03T16:05:09.8039000Z           "DELETE FROM user_sync_events WHERE user_id=$1",
source_go	Real Go source ownership and AST dependency graph	2026-10-03T16:05:09.8039227Z           "DELETE FROM sessions WHERE user_id=$1",
source_go	Real Go source ownership and AST dependency graph	2026-10-03T16:05:09.8039436Z           "DELETE FROM users WHERE user_id=$1",
source_go	Real Go source ownership and AST dependency graph	2026-10-03T16:05:09.8039543Z           "POST",
source_go	Real Go source ownership and AST dependency graph	2026-10-03T16:05:09.8039689Z           "/v1/auth/login",
source_go	Real Go source ownership and AST dependency graph	2026-10-03T16:05:09.8039810Z           "username",
source_go	Real Go source ownership and AST dependency graph	2026-10-03T16:05:09.8039934Z           "password",
source_go	Real Go source ownership and AST dependency graph	2026-10-03T16:05:09.8040064Z           "clientType",
source_go	Real Go source ownership and AST dependency graph	2026-10-03T16:05:09.8040187Z           "deviceId",
source_go	Real Go source ownership and AST dependency graph	2026-10-03T16:05:09.8040329Z           "clientVersion",
source_go	Real Go source ownership and AST dependency graph	2026-10-03T16:05:09.8040438Z           "1.0.0",
source_go	Real Go source ownership and AST dependency graph	2026-10-03T16:05:09.8040594Z           "protocolVersion",
source_go	Real Go source ownership and AST dependency graph	2026-10-03T16:05:09.8040693Z           "1",
source_go	Real Go source ownership and AST dependency graph	2026-10-03T16:05:09.8040795Z           "",
source_go	Real Go source ownership and AST dependency graph	2026-10-03T16:05:09.8040899Z           "WEB",
source_go	Real Go source ownership and AST dependency graph	2026-10-03T16:05:09.8041029Z           "browser-1",
source_go	Real Go source ownership and AST dependency graph	2026-10-03T16:05:09.8041137Z           "GET",
source_go	Real Go source ownership and AST dependency graph	2026-10-03T16:05:09.8041320Z           "/v1/users/search?username=",
source_go	Real Go source ownership and AST dependency graph	2026-10-03T16:05:09.8041437Z           "users",
source_go	Real Go source ownership and AST dependency graph	2026-10-03T16:05:09.8041550Z           "userId",
source_go	Real Go source ownership and AST dependency graph	2026-10-03T16:05:09.8041713Z           "search mismatch: %v",
source_go	Real Go source ownership and AST dependency graph	2026-10-03T16:05:09.8041819Z           "GET",
source_go	Real Go source ownership and AST dependency graph	2026-10-03T16:05:09.8042044Z           "/v1/users/search?username=missinguser",
source_go	Real Go source ownership and AST dependency graph	2026-10-03T16:05:09.8042194Z           "refreshToken\"",
source_go	Real Go source ownership and AST dependency graph	2026-10-03T16:05:09.8042410Z           "WEB refresh token leaked into JSON",
source_go	Real Go source ownership and AST dependency graph	2026-10-03T16:05:09.8042674Z           "WEB refresh cookie lacks security attributes",
source_go	Real Go source ownership and AST dependency graph	2026-10-03T16:05:09.8042787Z           "POST",
source_go	Real Go source ownership and AST dependency graph	2026-10-03T16:05:09.8042931Z           "/v1/auth/login",
source_go	Real Go source ownership and AST dependency graph	2026-10-03T16:05:09.8043052Z           "username",
source_go	Real Go source ownership and AST dependency graph	2026-10-03T16:05:09.8043177Z           "password",
source_go	Real Go source ownership and AST dependency graph	2026-10-03T16:05:09.8043371Z           "wrong-password-not-secret",
source_go	Real Go source ownership and AST dependency graph	2026-10-03T16:05:09.8043511Z           "clientType",
source_go	Real Go source ownership and AST dependency graph	2026-10-03T16:05:09.8043622Z           "WEB",
source_go	Real Go source ownership and AST dependency graph	2026-10-03T16:05:09.8043740Z           "deviceId",
source_go	Real Go source ownership and AST dependency graph	2026-10-03T16:05:09.8043869Z           "browser-1",
source_go	Real Go source ownership and AST dependency graph	2026-10-03T16:05:09.8044009Z           "clientVersion",
source_go	Real Go source ownership and AST dependency graph	2026-10-03T16:05:09.8044123Z           "1.0.0",
source_go	Real Go source ownership and AST dependency graph	2026-10-03T16:05:09.8044278Z           "protocolVersion",
source_go	Real Go source ownership and AST dependency graph	2026-10-03T16:05:09.8044381Z           "1",
source_go	Real Go source ownership and AST dependency graph	2026-10-03T16:05:09.8044476Z           "",
source_go	Real Go source ownership and AST dependency graph	2026-10-03T16:05:09.8044670Z           "wrong-password-not-secret",
source_go	Real Go source ownership and AST dependency graph	2026-10-03T16:05:09.8044860Z           "password appeared in error",
source_go	Real Go source ownership and AST dependency graph	2026-10-03T16:05:09.8044966Z           "GET",
source_go	Real Go source ownership and AST dependency graph	2026-10-03T16:05:09.8045225Z           "/v1/users/me?accessToken=untrusted-secret",
source_go	Real Go source ownership and AST dependency graph	2026-10-03T16:05:09.8045321Z           "",
source_go	Real Go source ownership and AST dependency graph	2026-10-03T16:05:09.8045613Z           "untrusted-secret",
source_go	Real Go source ownership and AST dependency graph	2026-10-03T16:05:09.8045814Z           "query secret appeared in error",
source_go	Real Go source ownership and AST dependency graph	2026-10-03T16:05:09.8045937Z           "DESKTOP",
source_go	Real Go source ownership and AST dependency graph	2026-10-03T16:05:09.8046067Z           "desktop-1",
source_go	Real Go source ownership and AST dependency graph	2026-10-03T16:05:09.8046280Z           "MOBILE",
source_go	Real Go source ownership and AST dependency graph	2026-10-03T16:05:09.8046405Z           "mobile-1",
source_go	Real Go source ownership and AST dependency graph	2026-10-03T16:05:09.8046517Z           "tokens",
source_go	Real Go source ownership and AST dependency graph	2026-10-03T16:05:09.8046659Z           "refreshToken",
source_go	Real Go source ownership and AST dependency graph	2026-10-03T16:05:09.8046762Z           "ws",
source_go	Real Go source ownership and AST dependency graph	2026-10-03T16:05:09.8046873Z           "http",
source_go	Real Go source ownership and AST dependency graph	2026-10-03T16:05:09.8046984Z           "/v1/ws",
source_go	Real Go source ownership and AST dependency graph	2026-10-03T16:05:09.8047122Z           "message.send",
source_go	Real Go source ownership and AST dependency graph	2026-10-03T16:05:09.8047333Z           "80000000-0000-4000-8000-000000000001",
source_go	Real Go source ownership and AST dependency graph	2026-10-03T16:05:09.8047478Z           "conversationId",
source_go	Real Go source ownership and AST dependency graph	2026-10-03T16:05:09.8047598Z           "content",
source_go	Real Go source ownership and AST dependency graph	2026-10-03T16:05:09.8047705Z           "kind",
source_go	Real Go source ownership and AST dependency graph	2026-10-03T16:05:09.8047816Z           "TEXT",
source_go	Real Go source ownership and AST dependency graph	2026-10-03T16:05:09.8047921Z           "text",
source_go	Real Go source ownership and AST dependency graph	2026-10-03T16:05:09.8048023Z           "x",
source_go	Real Go source ownership and AST dependency graph	2026-10-03T16:05:09.8048137Z           "type",
source_go	Real Go source ownership and AST dependency graph	2026-10-03T16:05:09.8048269Z           "message.ack",
source_go	Real Go source ownership and AST dependency graph	2026-10-03T16:05:09.8048392Z           "payload",
source_go	Real Go source ownership and AST dependency graph	2026-10-03T16:05:09.8048616Z           "status",
source_go	Real Go source ownership and AST dependency graph	2026-10-03T16:05:09.8048740Z           "rejected",
source_go	Real Go source ownership and AST dependency graph	2026-10-03T16:05:09.8048909Z           "prebind accepted: %v",
source_go	Real Go source ownership and AST dependency graph	2026-10-03T16:05:09.8049037Z           "auth.bind",
source_go	Real Go source ownership and AST dependency graph	2026-10-03T16:05:09.8049239Z           "80000000-0000-4000-8000-000000000002",
source_go	Real Go source ownership and AST dependency graph	2026-10-03T16:05:09.8049377Z           "accessToken",
source_go	Real Go source ownership and AST dependency graph	2026-10-03T16:05:09.8049488Z           "type",
source_go	Real Go source ownership and AST dependency graph	2026-10-03T16:05:09.8049608Z           "auth.ack",
source_go	Real Go source ownership and AST dependency graph	2026-10-03T16:05:09.8049733Z           "payload",
source_go	Real Go source ownership and AST dependency graph	2026-10-03T16:05:09.8049845Z           "status",
source_go	Real Go source ownership and AST dependency graph	2026-10-03T16:05:09.8049960Z           "bound",
source_go	Real Go source ownership and AST dependency graph	2026-10-03T16:05:09.8050104Z           "bind failed: %v",
source_go	Real Go source ownership and AST dependency graph	2026-10-03T16:05:09.8050367Z           "LOCK TABLE sessions IN ACCESS EXCLUSIVE MODE",
source_go	Real Go source ownership and AST dependency graph	2026-10-03T16:05:09.8050507Z           "message.send",
source_go	Real Go source ownership and AST dependency graph	2026-10-03T16:05:09.8050713Z           "80000000-0000-4000-8000-000000000010",
source_go	Real Go source ownership and AST dependency graph	2026-10-03T16:05:09.8050972Z           "bound operation blocked by PostgreSQL: %v",
source_go	Real Go source ownership and AST dependency graph	2026-10-03T16:05:09.8051079Z           "type",
source_go	Real Go source ownership and AST dependency graph	2026-10-03T16:05:09.8051214Z           "message.ack",
source_go	Real Go source ownership and AST dependency graph	2026-10-03T16:05:09.8051331Z           "payload",
source_go	Real Go source ownership and AST dependency graph	2026-10-03T16:05:09.8051448Z           "error",
source_go	Real Go source ownership and AST dependency graph	2026-10-03T16:05:09.8051559Z           "code",
source_go	Real Go source ownership and AST dependency graph	2026-10-03T16:05:09.8051716Z           "VALIDATION_FAILED",
source_go	Real Go source ownership and AST dependency graph	2026-10-03T16:05:09.8051919Z           "bound operation response: %v",
source_go	Real Go source ownership and AST dependency graph	2026-10-03T16:05:09.8052023Z           "WEB",
source_go	Real Go source ownership and AST dependency graph	2026-10-03T16:05:09.8052155Z           "browser-2",
source_go	Real Go source ownership and AST dependency graph	2026-10-03T16:05:09.8052292Z           "sessionEpoch",
source_go	Real Go source ownership and AST dependency graph	2026-10-03T16:05:09.8052478Z           "WEB epoch did not advance",
source_go	Real Go source ownership and AST dependency graph	2026-10-03T16:05:09.8052608Z           "clientType",
source_go	Real Go source ownership and AST dependency graph	2026-10-03T16:05:09.8052717Z           "WEB",
source_go	Real Go source ownership and AST dependency graph	2026-10-03T16:05:09.8052844Z           "deviceId",
source_go	Real Go source ownership and AST dependency graph	2026-10-03T16:05:09.8052969Z           "browser-1",
source_go	Real Go source ownership and AST dependency graph	2026-10-03T16:05:09.8053112Z           "clientVersion",
source_go	Real Go source ownership and AST dependency graph	2026-10-03T16:05:09.8053222Z           "1.0.0",
source_go	Real Go source ownership and AST dependency graph	2026-10-03T16:05:09.8053378Z           "protocolVersion",
source_go	Real Go source ownership and AST dependency graph	2026-10-03T16:05:09.8053480Z           "1",
source_go	Real Go source ownership and AST dependency graph	2026-10-03T16:05:09.8053592Z           "POST",
source_go	Real Go source ownership and AST dependency graph	2026-10-03T16:05:09.8053751Z           "/v1/auth/refresh/web",
source_go	Real Go source ownership and AST dependency graph	2026-10-03T16:05:09.8053850Z           "",
source_go	Real Go source ownership and AST dependency graph	2026-10-03T16:05:09.8053960Z           "type",
source_go	Real Go source ownership and AST dependency graph	2026-10-03T16:05:09.8054113Z           "session.revoked",
source_go	Real Go source ownership and AST dependency graph	2026-10-03T16:05:09.8054231Z           "payload",
source_go	Real Go source ownership and AST dependency graph	2026-10-03T16:05:09.8054343Z           "reason",
source_go	Real Go source ownership and AST dependency graph	2026-10-03T16:05:09.8054465Z           "REPLACED",
source_go	Real Go source ownership and AST dependency graph	2026-10-03T16:05:09.8054637Z           "revocation missing: %v",
source_go	Real Go source ownership and AST dependency graph	2026-10-03T16:05:09.8054832Z           "replaced socket stayed open",
source_go	Real Go source ownership and AST dependency graph	2026-10-03T16:05:09.8054939Z           "GET",
source_go	Real Go source ownership and AST dependency graph	2026-10-03T16:05:09.8055074Z           "/v1/users/me",
source_go	Real Go source ownership and AST dependency graph	2026-10-03T16:05:09.8055180Z           "GET",
source_go	Real Go source ownership and AST dependency graph	2026-10-03T16:05:09.8055319Z           "/v1/users/me",
source_go	Real Go source ownership and AST dependency graph	2026-10-03T16:05:09.8055424Z           "WEB",
source_go	Real Go source ownership and AST dependency graph	2026-10-03T16:05:09.8055553Z           "browser-%d",
source_go	Real Go source ownership and AST dependency graph	2026-10-03T16:05:09.8055693Z           "sessionEpoch",
source_go	Real Go source ownership and AST dependency graph	2026-10-03T16:05:09.8055861Z           "concurrent epochs: %v",
source_go	Real Go source ownership and AST dependency graph	2026-10-03T16:05:09.8056102Z           "clientType",
source_go	Real Go source ownership and AST dependency graph	2026-10-03T16:05:09.8056217Z           "MOBILE",
source_go	Real Go source ownership and AST dependency graph	2026-10-03T16:05:09.8056335Z           "deviceId",
source_go	Real Go source ownership and AST dependency graph	2026-10-03T16:05:09.8056458Z           "mobile-1",
source_go	Real Go source ownership and AST dependency graph	2026-10-03T16:05:09.8056596Z           "clientVersion",
source_go	Real Go source ownership and AST dependency graph	2026-10-03T16:05:09.8056803Z           "1.0.0",
source_go	Real Go source ownership and AST dependency graph	2026-10-03T16:05:09.8056955Z           "protocolVersion",
source_go	Real Go source ownership and AST dependency graph	2026-10-03T16:05:09.8057058Z           "1",
source_go	Real Go source ownership and AST dependency graph	2026-10-03T16:05:09.8057193Z           "refreshToken",
source_go	Real Go source ownership and AST dependency graph	2026-10-03T16:05:09.8057305Z           "POST",
source_go	Real Go source ownership and AST dependency graph	2026-10-03T16:05:09.8057478Z           "/v1/auth/refresh/native",
source_go	Real Go source ownership and AST dependency graph	2026-10-03T16:05:09.8057573Z           "",
source_go	Real Go source ownership and AST dependency graph	2026-10-03T16:05:09.8057684Z           "POST",
source_go	Real Go source ownership and AST dependency graph	2026-10-03T16:05:09.8057852Z           "/v1/auth/refresh/native",
source_go	Real Go source ownership and AST dependency graph	2026-10-03T16:05:09.8057950Z           "",
source_go	Real Go source ownership and AST dependency graph	2026-10-03T16:05:09.8058064Z           "tokens",
source_go	Real Go source ownership and AST dependency graph	2026-10-03T16:05:09.8058202Z           "refreshToken",
source_go	Real Go source ownership and AST dependency graph	2026-10-03T16:05:09.8058323Z           "auth.bind",
source_go	Real Go source ownership and AST dependency graph	2026-10-03T16:05:09.8058637Z           "80000000-0000-4000-8000-000000000011",
source_go	Real Go source ownership and AST dependency graph	2026-10-03T16:05:09.8058779Z           "accessToken",
source_go	Real Go source ownership and AST dependency graph	2026-10-03T16:05:09.8058896Z           "payload",
source_go	Real Go source ownership and AST dependency graph	2026-10-03T16:05:09.8059012Z           "status",
source_go	Real Go source ownership and AST dependency graph	2026-10-03T16:05:09.8059122Z           "bound",
source_go	Real Go source ownership and AST dependency graph	2026-10-03T16:05:09.8059282Z           "mobile bind failed",
source_go	Real Go source ownership and AST dependency graph	2026-10-03T16:05:09.8059393Z           "POST",
source_go	Real Go source ownership and AST dependency graph	2026-10-03T16:05:09.8059538Z           "/v1/auth/logout",
source_go	Real Go source ownership and AST dependency graph	2026-10-03T16:05:09.8059648Z           "type",
source_go	Real Go source ownership and AST dependency graph	2026-10-03T16:05:09.8059794Z           "session.revoked",
source_go	Real Go source ownership and AST dependency graph	2026-10-03T16:05:09.8059919Z           "payload",
source_go	Real Go source ownership and AST dependency graph	2026-10-03T16:05:09.8060032Z           "reason",
source_go	Real Go source ownership and AST dependency graph	2026-10-03T16:05:09.8060150Z           "LOGOUT",
source_go	Real Go source ownership and AST dependency graph	2026-10-03T16:05:09.8060322Z           "logout revocation: %v",
source_go	Real Go source ownership and AST dependency graph	2026-10-03T16:05:09.8060509Z           "logout socket stayed open",
source_go	Real Go source ownership and AST dependency graph	2026-10-03T16:05:09.8060645Z           "refreshToken",
source_go	Real Go source ownership and AST dependency graph	2026-10-03T16:05:09.8060756Z           "POST",
source_go	Real Go source ownership and AST dependency graph	2026-10-03T16:05:09.8060926Z           "/v1/auth/refresh/native",
source_go	Real Go source ownership and AST dependency graph	2026-10-03T16:05:09.8061021Z           "",
source_go	Real Go source ownership and AST dependency graph	2026-10-03T16:05:09.8061541Z           "SELECT status,refresh_token_hash FROM sessions WHERE user_id=$1 AND client_type='MOBILE'",
source_go	Real Go source ownership and AST dependency graph	2026-10-03T16:05:09.8061664Z           "REVOKED",
source_go	Real Go source ownership and AST dependency graph	2026-10-03T16:05:09.8061835Z           "logout state: %s %v %v",
source_go	Real Go source ownership and AST dependency graph	2026-10-03T16:05:09.8062318Z           "SELECT count(*) FROM outbox_events WHERE aggregate_type='session' AND aggregate_id=$1",
source_go	Real Go source ownership and AST dependency graph	2026-10-03T16:05:09.8062454Z           "sessionId",
source_go	Real Go source ownership and AST dependency graph	2026-10-03T16:05:09.8062638Z           "replacement outbox: %d %v"
source_go	Real Go source ownership and AST dependency graph	2026-10-03T16:05:09.8062726Z         ]
source_go	Real Go source ownership and AST dependency graph	2026-10-03T16:05:09.8062815Z       },
source_go	Real Go source ownership and AST dependency graph	2026-10-03T16:05:09.8062896Z       {
source_go	Real Go source ownership and AST dependency graph	2026-10-03T16:05:09.8063112Z         "path": "tests/contract_fixture_test.go",
source_go	Real Go source ownership and AST dependency graph	2026-10-03T16:05:09.8063248Z         "package": "tests",
source_go	Real Go source ownership and AST dependency graph	2026-10-03T16:05:09.8063369Z         "imports": [
source_go	Real Go source ownership and AST dependency graph	2026-10-03T16:05:09.8063487Z           "context",
source_go	Real Go source ownership and AST dependency graph	2026-10-03T16:05:09.8063631Z           "encoding/json",
source_go	Real Go source ownership and AST dependency graph	2026-10-03T16:05:09.8063741Z           "fmt",
source_go	Real Go source ownership and AST dependency graph	2026-10-03T16:05:09.8063865Z           "net/http",
source_go	Real Go source ownership and AST dependency graph	2026-10-03T16:05:09.8064020Z           "net/http/httptest",
source_go	Real Go source ownership and AST dependency graph	2026-10-03T16:05:09.8064137Z           "net/url",
source_go	Real Go source ownership and AST dependency graph	2026-10-03T16:05:09.8064246Z           "os",
source_go	Real Go source ownership and AST dependency graph	2026-10-03T16:05:09.8064361Z           "reflect",
source_go	Real Go source ownership and AST dependency graph	2026-10-03T16:05:09.8064478Z           "strings",
source_go	Real Go source ownership and AST dependency graph	2026-10-03T16:05:09.8064594Z           "testing",
source_go	Real Go source ownership and AST dependency graph	2026-10-03T16:05:09.8064699Z           "time",
source_go	Real Go source ownership and AST dependency graph	2026-10-03T16:05:09.8064901Z           "github.com/gorilla/websocket",
source_go	Real Go source ownership and AST dependency graph	2026-10-03T16:05:09.8065106Z           "github.com/jackc/pgx/v5/pgxpool",
source_go	Real Go source ownership and AST dependency graph	2026-10-03T16:05:09.8065303Z           "im-platform/backend/go/shared"
source_go	Real Go source ownership and AST dependency graph	2026-10-03T16:05:09.8065399Z         ],
source_go	Real Go source ownership and AST dependency graph	2026-10-03T16:05:09.8065521Z         "functions": [
source_go	Real Go source ownership and AST dependency graph	2026-10-03T16:05:09.8065652Z           "readFixture",
source_go	Real Go source ownership and AST dependency graph	2026-10-03T16:05:09.8065771Z           "fixture",
source_go	Real Go source ownership and AST dependency graph	2026-10-03T16:05:09.8065943Z           "newFixtureNormalizer",
source_go	Real Go source ownership and AST dependency graph	2026-10-03T16:05:09.8066052Z           "check",
source_go	Real Go source ownership and AST dependency graph	2026-10-03T16:05:09.8066186Z           "fixtureBody",
source_go	Real Go source ownership and AST dependency graph	2026-10-03T16:05:09.8066328Z           "runFixtureHTTP",
source_go	Real Go source ownership and AST dependency graph	2026-10-03T16:05:09.8066536Z           "TestCanonicalAuthHTTPFixtures",
source_go	Real Go source ownership and AST dependency graph	2026-10-03T16:05:09.8066691Z           "openFixtureSocket",
source_go	Real Go source ownership and AST dependency graph	2026-10-03T16:05:09.8066948Z           "assertWSSStep",
source_go	Real Go source ownership and AST dependency graph	2026-10-03T16:05:09.8067294Z           "TestCanonicalWSSPrebindFixturesAndMalformedRequestID",
source_go	Real Go source ownership and AST dependency graph	2026-10-03T16:05:09.8067559Z           "TestCanonicalWSSAuthSessionFixtures"
source_go	Real Go source ownership and AST dependency graph	2026-10-03T16:05:09.8067651Z         ],
source_go	Real Go source ownership and AST dependency graph	2026-10-03T16:05:09.8067861Z         "types": [
source_go	Real Go source ownership and AST dependency graph	2026-10-03T16:05:09.8068013Z           "fixtureDocument",
source_go	Real Go source ownership and AST dependency graph	2026-10-03T16:05:09.8068158Z           "fixtureScenario",
source_go	Real Go source ownership and AST dependency graph	2026-10-03T16:05:09.8068296Z           "fixtureStep",
source_go	Real Go source ownership and AST dependency graph	2026-10-03T16:05:09.8068550Z           "fixtureRequest",
source_go	Real Go source ownership and AST dependency graph	2026-10-03T16:05:09.8068712Z           "fixtureNormalizer"
source_go	Real Go source ownership and AST dependency graph	2026-10-03T16:05:09.8068803Z         ],
source_go	Real Go source ownership and AST dependency graph	2026-10-03T16:05:09.8068909Z         "calls": [
source_go	Real Go source ownership and AST dependency graph	2026-10-03T16:05:09.8069035Z           "t.Helper",
source_go	Real Go source ownership and AST dependency graph	2026-10-03T16:05:09.8069167Z           "os.ReadFile",
source_go	Real Go source ownership and AST dependency graph	2026-10-03T16:05:09.8069287Z           "t.Fatal",
source_go	Real Go source ownership and AST dependency graph	2026-10-03T16:05:09.8069428Z           "json.Unmarshal",
source_go	Real Go source ownership and AST dependency graph	2026-10-03T16:05:09.8069545Z           "t.Fatal",
source_go	Real Go source ownership and AST dependency graph	2026-10-03T16:05:09.8069655Z           "make",
source_go	Real Go source ownership and AST dependency graph	2026-10-03T16:05:09.8069759Z           "len",
source_go	Real Go source ownership and AST dependency graph	2026-10-03T16:05:09.8069885Z           "t.Fatalf",
source_go	Real Go source ownership and AST dependency graph	2026-10-03T16:05:09.8070004Z           "t.Helper",
source_go	Real Go source ownership and AST dependency graph	2026-10-03T16:05:09.8070126Z           "t.Fatalf",
source_go	Real Go source ownership and AST dependency graph	2026-10-03T16:05:09.8070233Z           "make",
source_go	Real Go source ownership and AST dependency graph	2026-10-03T16:05:09.8070343Z           "make",
source_go	Real Go source ownership and AST dependency graph	2026-10-03T16:05:09.8070465Z           "t.Helper",
source_go	Real Go source ownership and AST dependency graph	2026-10-03T16:05:09.8070591Z           "t.Fatalf",
source_go	Real Go source ownership and AST dependency graph	2026-10-03T16:05:09.8070712Z           "t.Fatalf",
source_go	Real Go source ownership and AST dependency graph	2026-10-03T16:05:09.8070827Z           "n.check",
source_go	Real Go source ownership and AST dependency graph	2026-10-03T16:05:09.8070935Z           "len",
source_go	Real Go source ownership and AST dependency graph	2026-10-03T16:05:09.8071037Z           "len",
source_go	Real Go source ownership and AST dependency graph	2026-10-03T16:05:09.8071158Z           "t.Fatalf",
source_go	Real Go source ownership and AST dependency graph	2026-10-03T16:05:09.8071262Z           "len",
source_go	Real Go source ownership and AST dependency graph	2026-10-03T16:05:09.8071381Z           "n.check",
source_go	Real Go source ownership and AST dependency graph	2026-10-03T16:05:09.8071512Z           "fmt.Sprintf",
source_go	Real Go source ownership and AST dependency graph	2026-10-03T16:05:09.8071634Z           "t.Fatalf",
source_go	Real Go source ownership and AST dependency graph	2026-10-03T16:05:09.8071760Z           "validUUID",
source_go	Real Go source ownership and AST dependency graph	2026-10-03T16:05:09.8071883Z           "validUUID",
source_go	Real Go source ownership and AST dependency graph	2026-10-03T16:05:09.8072005Z           "t.Fatalf",
source_go	Real Go source ownership and AST dependency graph	2026-10-03T16:05:09.8072122Z           "t.Fatalf",
source_go	Real Go source ownership and AST dependency graph	2026-10-03T16:05:09.8072283Z           "strings.HasPrefix",
source_go	Real Go source ownership and AST dependency graph	2026-10-03T16:05:09.8072436Z           "strings.HasSuffix",
source_go	Real Go source ownership and AST dependency graph	2026-10-03T16:05:09.8072560Z           "t.Fatalf",
source_go	Real Go source ownership and AST dependency graph	2026-10-03T16:05:09.8072676Z           "t.Fatalf",
source_go	Real Go source ownership and AST dependency graph	2026-10-03T16:05:09.8072799Z           "t.Fatalf",
source_go	Real Go source ownership and AST dependency graph	2026-10-03T16:05:09.8072928Z           "validUUID",
source_go	Real Go source ownership and AST dependency graph	2026-10-03T16:05:09.8073049Z           "t.Fatalf",
source_go	Real Go source ownership and AST dependency graph	2026-10-03T16:05:09.8073171Z           "t.Fatalf",
source_go	Real Go source ownership and AST dependency graph	2026-10-03T16:05:09.8073321Z           "reflect.DeepEqual",
source_go	Real Go source ownership and AST dependency graph	2026-10-03T16:05:09.8073442Z           "t.Fatalf",
source_go	Real Go source ownership and AST dependency graph	2026-10-03T16:05:09.8073577Z           "json.Marshal",
source_go	Real Go source ownership and AST dependency graph	2026-10-03T16:05:09.8073722Z           "json.Unmarshal",
source_go	Real Go source ownership and AST dependency graph	2026-10-03T16:05:09.8073878Z           "strings.EqualFold",
source_go	Real Go source ownership and AST dependency graph	2026-10-03T16:05:09.8074026Z           "strings.ToUpper",
source_go	Real Go source ownership and AST dependency graph	2026-10-03T16:05:09.8074175Z           "strings.ToUpper",
source_go	Real Go source ownership and AST dependency graph	2026-10-03T16:05:09.8074294Z           "t.Helper",
source_go	Real Go source ownership and AST dependency graph	2026-10-03T16:05:09.8074413Z           "t.Fatal",
source_go	Real Go source ownership and AST dependency graph	2026-10-03T16:05:09.8074516Z           "len",
source_go	Real Go source ownership and AST dependency graph	2026-10-03T16:05:09.8074670Z           "strings.EqualFold",
source_go	Real Go source ownership and AST dependency graph	2026-10-03T16:05:09.8074797Z           "query.Set",
source_go	Real Go source ownership and AST dependency graph	2026-10-03T16:05:09.8074934Z           "query.Encode",
source_go	Real Go source ownership and AST dependency graph	2026-10-03T16:05:09.8075070Z           "fixtureBody",
source_go	Real Go source ownership and AST dependency graph	2026-10-03T16:05:09.8075178Z           "call",
source_go	Real Go source ownership and AST dependency graph	2026-10-03T16:05:09.8075300Z           "t.Fatalf",
source_go	Real Go source ownership and AST dependency graph	2026-10-03T16:05:09.8075449Z           "w.Body.String",
source_go	Real Go source ownership and AST dependency graph	2026-10-03T16:05:09.8075568Z           "n.check",
source_go	Real Go source ownership and AST dependency graph	2026-10-03T16:05:09.8075694Z           "readResult",
source_go	Real Go source ownership and AST dependency graph	2026-10-03T16:05:09.8075817Z           ".Cookies",
source_go	Real Go source ownership and AST dependency graph	2026-10-03T16:05:09.8075937Z           "w.Result",
source_go	Real Go source ownership and AST dependency graph	2026-10-03T16:05:09.8076039Z           "len",
source_go	Real Go source ownership and AST dependency graph	2026-10-03T16:05:09.8076159Z           "t.Fatalf",
source_go	Real Go source ownership and AST dependency graph	2026-10-03T16:05:09.8076281Z           "os.Getenv",
source_go	Real Go source ownership and AST dependency graph	2026-10-03T16:05:09.8076398Z           "t.Skip",
source_go	Real Go source ownership and AST dependency graph	2026-10-03T16:05:09.8076531Z           "readFixture",
source_go	Real Go source ownership and AST dependency graph	2026-10-03T16:05:09.8076663Z           "readFixture",
source_go	Real Go source ownership and AST dependency graph	2026-10-03T16:05:09.8076824Z           "context.Background",
source_go	Real Go source ownership and AST dependency graph	2026-10-03T16:05:09.8076965Z           "pgxpool.New",
source_go	Real Go source ownership and AST dependency graph	2026-10-03T16:05:09.8077084Z           "t.Fatal",
source_go	Real Go source ownership and AST dependency graph	2026-10-03T16:05:09.8077203Z           "db.Close",
source_go	Real Go source ownership and AST dependency graph	2026-10-03T16:05:09.8077438Z           "db.Ping",
source_go	Real Go source ownership and AST dependency graph	2026-10-03T16:05:09.8077553Z           "t.Fatal",
source_go	Real Go source ownership and AST dependency graph	2026-10-03T16:05:09.8077681Z           "newService",
source_go	Real Go source ownership and AST dependency graph	2026-10-03T16:05:09.8077777Z           "",
source_go	Real Go source ownership and AST dependency graph	2026-10-03T16:05:09.8077943Z           "shared.RandomToken",
source_go	Real Go source ownership and AST dependency graph	2026-10-03T16:05:09.8078206Z           "strings.ToLower",
source_go	Real Go source ownership and AST dependency graph	2026-10-03T16:05:09.8078375Z           "newFixtureNormalizer",
source_go	Real Go source ownership and AST dependency graph	2026-10-03T16:05:09.8078582Z           "",
source_go	Real Go source ownership and AST dependency graph	2026-10-03T16:05:09.8078695Z           ".Scan",
source_go	Real Go source ownership and AST dependency graph	2026-10-03T16:05:09.8078834Z           "db.QueryRow",
source_go	Real Go source ownership and AST dependency graph	2026-10-03T16:05:09.8078949Z           "db.Exec",
source_go	Real Go source ownership and AST dependency graph	2026-10-03T16:05:09.8079070Z           "db.Exec",
source_go	Real Go source ownership and AST dependency graph	2026-10-03T16:05:09.8079184Z           "db.Exec",
source_go	Real Go source ownership and AST dependency graph	2026-10-03T16:05:09.8079301Z           "db.Exec",
source_go	Real Go source ownership and AST dependency graph	2026-10-03T16:05:09.8079416Z           "fixture",
source_go	Real Go source ownership and AST dependency graph	2026-10-03T16:05:09.8079561Z           "runFixtureHTTP",
source_go	Real Go source ownership and AST dependency graph	2026-10-03T16:05:09.8079695Z           "fixtureBody",
source_go	Real Go source ownership and AST dependency graph	2026-10-03T16:05:09.8079809Z           "fixture",
source_go	Real Go source ownership and AST dependency graph	2026-10-03T16:05:09.8079918Z           "call",
source_go	Real Go source ownership and AST dependency graph	2026-10-03T16:05:09.8080031Z           "expect",
source_go	Real Go source ownership and AST dependency graph	2026-10-03T16:05:09.8080180Z           "runFixtureHTTP",
source_go	Real Go source ownership and AST dependency graph	2026-10-03T16:05:09.8080306Z           "getToken",
source_go	Real Go source ownership and AST dependency graph	2026-10-03T16:05:09.8080426Z           "fixture",
source_go	Real Go source ownership and AST dependency graph	2026-10-03T16:05:09.8080549Z           "n.check",
source_go	Real Go source ownership and AST dependency graph	2026-10-03T16:05:09.8080676Z           "readResult",
source_go	Real Go source ownership and AST dependency graph	2026-10-03T16:05:09.8080825Z           "runFixtureHTTP",
source_go	Real Go source ownership and AST dependency graph	2026-10-03T16:05:09.8080968Z           "runFixtureHTTP",
source_go	Real Go source ownership and AST dependency graph	2026-10-03T16:05:09.8081109Z           "runFixtureHTTP",
source_go	Real Go source ownership and AST dependency graph	2026-10-03T16:05:09.8081231Z           "getToken",
source_go	Real Go source ownership and AST dependency graph	2026-10-03T16:05:09.8081378Z           "runFixtureHTTP",
source_go	Real Go source ownership and AST dependency graph	2026-10-03T16:05:09.8081499Z           "getToken",
source_go	Real Go source ownership and AST dependency graph	2026-10-03T16:05:09.8081625Z           "getToken",
source_go	Real Go source ownership and AST dependency graph	2026-10-03T16:05:09.8081758Z           "getSession",
source_go	Real Go source ownership and AST dependency graph	2026-10-03T16:05:09.8081869Z           ".Scan",
source_go	Real Go source ownership and AST dependency graph	2026-10-03T16:05:09.8082004Z           "db.QueryRow",
source_go	Real Go source ownership and AST dependency graph	2026-10-03T16:05:09.8082122Z           "t.Fatalf",
source_go	Real Go source ownership and AST dependency graph	2026-10-03T16:05:09.8082237Z           ".Scan",
source_go	Real Go source ownership and AST dependency graph	2026-10-03T16:05:09.8082369Z           "db.QueryRow",
source_go	Real Go source ownership and AST dependency graph	2026-10-03T16:05:09.8082491Z           "t.Fatalf",
source_go	Real Go source ownership and AST dependency graph	2026-10-03T16:05:09.8082625Z           "fixtureBody",
source_go	Real Go source ownership and AST dependency graph	2026-10-03T16:05:09.8082735Z           "call",
source_go	Real Go source ownership and AST dependency graph	2026-10-03T16:05:09.8082856Z           "expect",
source_go	Real Go source ownership and AST dependency graph	2026-10-03T16:05:09.8082983Z           "readResult",
source_go	Real Go source ownership and AST dependency graph	2026-10-03T16:05:09.8083104Z           "fixture",
source_go	Real Go source ownership and AST dependency graph	2026-10-03T16:05:09.8083248Z           "runFixtureHTTP",
source_go	Real Go source ownership and AST dependency graph	2026-10-03T16:05:09.8083379Z           "readResult",
source_go	Real Go source ownership and AST dependency graph	2026-10-03T16:05:09.8083494Z           "t.Fatal",
source_go	Real Go source ownership and AST dependency graph	2026-10-03T16:05:09.8083609Z           "call",
source_go	Real Go source ownership and AST dependency graph	2026-10-03T16:05:09.8083726Z           "expect",
source_go	Real Go source ownership and AST dependency graph	2026-10-03T16:05:09.8083841Z           "fixture",
source_go	Real Go source ownership and AST dependency graph	2026-10-03T16:05:09.8083985Z           "runFixtureHTTP",
source_go	Real Go source ownership and AST dependency graph	2026-10-03T16:05:09.8084105Z           ".Cookies",
source_go	Real Go source ownership and AST dependency graph	2026-10-03T16:05:09.8084237Z           "web2.Result",
source_go	Real Go source ownership and AST dependency graph	2026-10-03T16:05:09.8084356Z           ".Cookies",
source_go	Real Go source ownership and AST dependency graph	2026-10-03T16:05:09.8084486Z           "web2.Result",
source_go	Real Go source ownership and AST dependency graph	2026-10-03T16:05:09.8084605Z           ".Cookies",
source_go	Real Go source ownership and AST dependency graph	2026-10-03T16:05:09.8084769Z           "webRefreshed.Result",
source_go	Real Go source ownership and AST dependency graph	2026-10-03T16:05:09.8084889Z           "t.Fatal",
source_go	Real Go source ownership and AST dependency graph	2026-10-03T16:05:09.8084997Z           "t.Run",
source_go	Real Go source ownership and AST dependency graph	2026-10-03T16:05:09.8085122Z           "fixture",
source_go	Real Go source ownership and AST dependency graph	2026-10-03T16:05:09.8085249Z           "readResult",
source_go	Real Go source ownership and AST dependency graph	2026-10-03T16:05:09.8085393Z           "s.codec.Parse",
source_go	Real Go source ownership and AST dependency graph	2026-10-03T16:05:09.8085520Z           "getToken",
source_go	Real Go source ownership and AST dependency graph	2026-10-03T16:05:09.8085654Z           "shared.UUID",
source_go	Real Go source ownership and AST dependency graph	2026-10-03T16:05:09.8085793Z           "s.codec.Sign",
source_go	Real Go source ownership and AST dependency graph	2026-10-03T16:05:09.8085919Z           "getToken",
source_go	Real Go source ownership and AST dependency graph	2026-10-03T16:05:09.8086063Z           "s.codec.Parse",
source_go	Real Go source ownership and AST dependency graph	2026-10-03T16:05:09.8086182Z           "getToken",
source_go	Real Go source ownership and AST dependency graph	2026-10-03T16:05:09.8086299Z           ".Unix",
source_go	Real Go source ownership and AST dependency graph	2026-10-03T16:05:09.8086406Z           ".Add",
source_go	Real Go source ownership and AST dependency graph	2026-10-03T16:05:09.8086528Z           "time.Now",
source_go	Real Go source ownership and AST dependency graph	2026-10-03T16:05:09.8086637Z           ".Unix",
source_go	Real Go source ownership and AST dependency graph	2026-10-03T16:05:09.8086748Z           ".Add",
source_go	Real Go source ownership and AST dependency graph	2026-10-03T16:05:09.8086870Z           "time.Now",
source_go	Real Go source ownership and AST dependency graph	2026-10-03T16:05:09.8087007Z           "s.codec.Sign",
source_go	Real Go source ownership and AST dependency graph	2026-10-03T16:05:09.8087152Z           "runFixtureHTTP",
source_go	Real Go source ownership and AST dependency graph	2026-10-03T16:05:09.8087267Z           "fixture",
source_go	Real Go source ownership and AST dependency graph	2026-10-03T16:05:09.8087414Z           "runFixtureHTTP",
source_go	Real Go source ownership and AST dependency graph	2026-10-03T16:05:09.8087534Z           "getToken",
source_go	Real Go source ownership and AST dependency graph	2026-10-03T16:05:09.8087792Z           "runFixtureHTTP",
source_go	Real Go source ownership and AST dependency graph	2026-10-03T16:05:09.8087908Z           "fixture",
source_go	Real Go source ownership and AST dependency graph	2026-10-03T16:05:09.8088030Z           "getToken",
source_go	Real Go source ownership and AST dependency graph	2026-10-03T16:05:09.8088140Z           ".Scan",
source_go	Real Go source ownership and AST dependency graph	2026-10-03T16:05:09.8088270Z           "db.QueryRow",
source_go	Real Go source ownership and AST dependency graph	2026-10-03T16:05:09.8088593Z           "t.Fatalf",
source_go	Real Go source ownership and AST dependency graph	2026-10-03T16:05:09.8088716Z           "t.Helper",
source_go	Real Go source ownership and AST dependency graph	2026-10-03T16:05:09.8088920Z           "websocket.DefaultDialer.Dial",
source_go	Real Go source ownership and AST dependency graph	2026-10-03T16:05:09.8089036Z           "t.Fatal",
source_go	Real Go source ownership and AST dependency graph	2026-10-03T16:05:09.8089157Z           "t.Helper",
source_go	Real Go source ownership and AST dependency graph	2026-10-03T16:05:09.8089272Z           "t.Fatal",
source_go	Real Go source ownership and AST dependency graph	2026-10-03T16:05:09.8089416Z           "json.Marshal",
source_go	Real Go source ownership and AST dependency graph	2026-10-03T16:05:09.8089561Z           "json.Unmarshal",
source_go	Real Go source ownership and AST dependency graph	2026-10-03T16:05:09.8089691Z           "c.WriteJSON",
source_go	Real Go source ownership and AST dependency graph	2026-10-03T16:05:09.8089809Z           "t.Fatal",
source_go	Real Go source ownership and AST dependency graph	2026-10-03T16:05:09.8089961Z           "c.SetReadDeadline",
source_go	Real Go source ownership and AST dependency graph	2026-10-03T16:05:09.8090072Z           ".Add",
source_go	Real Go source ownership and AST dependency graph	2026-10-03T16:05:09.8090193Z           "time.Now",
source_go	Real Go source ownership and AST dependency graph	2026-10-03T16:05:09.8090325Z           "c.ReadJSON",
source_go	Real Go source ownership and AST dependency graph	2026-10-03T16:05:09.8090448Z           "t.Fatal",
source_go	Real Go source ownership and AST dependency graph	2026-10-03T16:05:09.8090561Z           "n.check",
source_go	Real Go source ownership and AST dependency graph	2026-10-03T16:05:09.8090694Z           "readFixture",
source_go	Real Go source ownership and AST dependency graph	2026-10-03T16:05:09.8090851Z           "httptest.NewServer",
source_go	Real Go source ownership and AST dependency graph	2026-10-03T16:05:09.8090981Z           "newGateway",
source_go	Real Go source ownership and AST dependency graph	2026-10-03T16:05:09.8091082Z           "",
source_go	Real Go source ownership and AST dependency graph	2026-10-03T16:05:09.8091221Z           "server.Close",
source_go	Real Go source ownership and AST dependency graph	2026-10-03T16:05:09.8091376Z           "strings.TrimPrefix",
source_go	Real Go source ownership and AST dependency graph	2026-10-03T16:05:09.8091545Z           "newFixtureNormalizer",
source_go	Real Go source ownership and AST dependency graph	2026-10-03T16:05:09.8091659Z           "t.Run",
source_go	Real Go source ownership and AST dependency graph	2026-10-03T16:05:09.8091814Z           "openFixtureSocket",
source_go	Real Go source ownership and AST dependency graph	2026-10-03T16:05:09.8091936Z           "c.Close",
source_go	Real Go source ownership and AST dependency graph	2026-10-03T16:05:09.8092063Z           "newService",
source_go	Real Go source ownership and AST dependency graph	2026-10-03T16:05:09.8092164Z           "",
source_go	Real Go source ownership and AST dependency graph	2026-10-03T16:05:09.8092299Z           "s.codec.Sign",
source_go	Real Go source ownership and AST dependency graph	2026-10-03T16:05:09.8092412Z           ".Unix",
source_go	Real Go source ownership and AST dependency graph	2026-10-03T16:05:09.8092518Z           ".Add",
source_go	Real Go source ownership and AST dependency graph	2026-10-03T16:05:09.8092642Z           "time.Now",
source_go	Real Go source ownership and AST dependency graph	2026-10-03T16:05:09.8092755Z           ".Unix",
source_go	Real Go source ownership and AST dependency graph	2026-10-03T16:05:09.8092863Z           ".Add",
source_go	Real Go source ownership and AST dependency graph	2026-10-03T16:05:09.8092986Z           "time.Now",
source_go	Real Go source ownership and AST dependency graph	2026-10-03T16:05:09.8093124Z           "assertWSSStep",
source_go	Real Go source ownership and AST dependency graph	2026-10-03T16:05:09.8093245Z           "fixture",
source_go	Real Go source ownership and AST dependency graph	2026-10-03T16:05:09.8093353Z           "t.Run",
source_go	Real Go source ownership and AST dependency graph	2026-10-03T16:05:09.8093513Z           "openFixtureSocket",
source_go	Real Go source ownership and AST dependency graph	2026-10-03T16:05:09.8093634Z           "c.Close",
source_go	Real Go source ownership and AST dependency graph	2026-10-03T16:05:09.8093765Z           "c.WriteJSON",
source_go	Real Go source ownership and AST dependency graph	2026-10-03T16:05:09.8093878Z           "frame",
source_go	Real Go source ownership and AST dependency graph	2026-10-03T16:05:09.8093992Z           "t.Fatal",
source_go	Real Go source ownership and AST dependency graph	2026-10-03T16:05:09.8094144Z           "c.SetReadDeadline",
source_go	Real Go source ownership and AST dependency graph	2026-10-03T16:05:09.8094252Z           ".Add",
source_go	Real Go source ownership and AST dependency graph	2026-10-03T16:05:09.8094374Z           "time.Now",
source_go	Real Go source ownership and AST dependency graph	2026-10-03T16:05:09.8094501Z           "c.ReadJSON",
source_go	Real Go source ownership and AST dependency graph	2026-10-03T16:05:09.8094623Z           "t.Fatalf",
source_go	Real Go source ownership and AST dependency graph	2026-10-03T16:05:09.8094753Z           "os.Getenv",
source_go	Real Go source ownership and AST dependency graph	2026-10-03T16:05:09.8094866Z           "t.Skip",
source_go	Real Go source ownership and AST dependency graph	2026-10-03T16:05:09.8095000Z           "readFixture",
source_go	Real Go source ownership and AST dependency graph	2026-10-03T16:05:09.8095163Z           "context.Background",
source_go	Real Go source ownership and AST dependency graph	2026-10-03T16:05:09.8095302Z           "pgxpool.New",
source_go	Real Go source ownership and AST dependency graph	2026-10-03T16:05:09.8095420Z           "t.Fatal",
source_go	Real Go source ownership and AST dependency graph	2026-10-03T16:05:09.8095549Z           "db.Close",
source_go	Real Go source ownership and AST dependency graph	2026-10-03T16:05:09.8095667Z           "db.Ping",
source_go	Real Go source ownership and AST dependency graph	2026-10-03T16:05:09.8095785Z           "t.Fatal",
source_go	Real Go source ownership and AST dependency graph	2026-10-03T16:05:09.8095917Z           "newService",
source_go	Real Go source ownership and AST dependency graph	2026-10-03T16:05:09.8096016Z           "",
source_go	Real Go source ownership and AST dependency graph	2026-10-03T16:05:09.8096145Z           "newGateway",
source_go	Real Go source ownership and AST dependency graph	2026-10-03T16:05:09.8096302Z           "httptest.NewServer",
source_go	Real Go source ownership and AST dependency graph	2026-10-03T16:05:09.8096439Z           "server.Close",
source_go	Real Go source ownership and AST dependency graph	2026-10-03T16:05:09.8096596Z           "strings.TrimPrefix",
source_go	Real Go source ownership and AST dependency graph	2026-10-03T16:05:09.8096754Z           "shared.RandomToken",
source_go	Real Go source ownership and AST dependency graph	2026-10-03T16:05:09.8096903Z           "strings.ToLower",
source_go	Real Go source ownership and AST dependency graph	2026-10-03T16:05:09.8097010Z           "call",
source_go	Real Go source ownership and AST dependency graph	2026-10-03T16:05:09.8097124Z           "expect",
source_go	Real Go source ownership and AST dependency graph	2026-10-03T16:05:09.8097249Z           "readResult",
source_go	Real Go source ownership and AST dependency graph	2026-10-03T16:05:09.8097349Z           "",
source_go	Real Go source ownership and AST dependency graph	2026-10-03T16:05:09.8097463Z           "db.Exec",
source_go	Real Go source ownership and AST dependency graph	2026-10-03T16:05:09.8097580Z           "db.Exec",
source_go	Real Go source ownership and AST dependency graph	2026-10-03T16:05:09.8097696Z           "db.Exec",
source_go	Real Go source ownership and AST dependency graph	2026-10-03T16:05:09.8097819Z           "db.Exec",
source_go	Real Go source ownership and AST dependency graph	2026-10-03T16:05:09.8098042Z           "call",
source_go	Real Go source ownership and AST dependency graph	2026-10-03T16:05:09.8098157Z           "expect",
source_go	Real Go source ownership and AST dependency graph	2026-10-03T16:05:09.8098284Z           "getToken",
source_go	Real Go source ownership and AST dependency graph	2026-10-03T16:05:09.8098414Z           "getSession",
source_go	Real Go source ownership and AST dependency graph	2026-10-03T16:05:09.8098710Z           "newFixtureNormalizer",
source_go	Real Go source ownership and AST dependency graph	2026-10-03T16:05:09.8098977Z           "openFixtureSocket",
source_go	Real Go source ownership and AST dependency graph	2026-10-03T16:05:09.8099116Z           "bound.Close",
source_go	Real Go source ownership and AST dependency graph	2026-10-03T16:05:09.8099257Z           "assertWSSStep",
source_go	Real Go source ownership and AST dependency graph	2026-10-03T16:05:09.8099378Z           "fixture",
source_go	Real Go source ownership and AST dependency graph	2026-10-03T16:05:09.8099486Z           "call",
source_go	Real Go source ownership and AST dependency graph	2026-10-03T16:05:09.8099600Z           "expect",
source_go	Real Go source ownership and AST dependency graph	2026-10-03T16:05:09.8099758Z           "openFixtureSocket",
source_go	Real Go source ownership and AST dependency graph	2026-10-03T16:05:09.8099888Z           "stale.Close",
source_go	Real Go source ownership and AST dependency graph	2026-10-03T16:05:09.8100028Z           "assertWSSStep",
source_go	Real Go source ownership and AST dependency graph	2026-10-03T16:05:09.8100144Z           "fixture",
source_go	Real Go source ownership and AST dependency graph	2026-10-03T16:05:09.8100286Z           "s.codec.Parse",
source_go	Real Go source ownership and AST dependency graph	2026-10-03T16:05:09.8100543Z           "getToken",
source_go	Real Go source ownership and AST dependency graph	2026-10-03T16:05:09.8100773Z           "t.Fatal",
source_go	Real Go source ownership and AST dependency graph	2026-10-03T16:05:09.8100961Z           "s.codec.Sign",
source_go	Real Go source ownership and AST dependency graph	2026-10-03T16:05:09.8101085Z           "t.Fatal",
source_go	Real Go source ownership and AST dependency graph	2026-10-03T16:05:09.8101245Z           "openFixtureSocket",
source_go	Real Go source ownership and AST dependency graph	2026-10-03T16:05:09.8101378Z           "wrong.Close",
source_go	Real Go source ownership and AST dependency graph	2026-10-03T16:05:09.8101520Z           "assertWSSStep",
source_go	Real Go source ownership and AST dependency graph	2026-10-03T16:05:09.8101636Z           "fixture",
source_go	Real Go source ownership and AST dependency graph	2026-10-03T16:05:09.8101781Z           "publishEvent",
source_go	Real Go source ownership and AST dependency graph	2026-10-03T16:05:09.8101900Z           "fixture",
source_go	Real Go source ownership and AST dependency graph	2026-10-03T16:05:09.8102073Z           "bound.SetReadDeadline",
source_go	Real Go source ownership and AST dependency graph	2026-10-03T16:05:09.8102183Z           ".Add",
source_go	Real Go source ownership and AST dependency graph	2026-10-03T16:05:09.8102304Z           "time.Now",
source_go	Real Go source ownership and AST dependency graph	2026-10-03T16:05:09.8102450Z           "bound.ReadJSON",
source_go	Real Go source ownership and AST dependency graph	2026-10-03T16:05:09.8102566Z           "t.Fatal",
source_go	Real Go source ownership and AST dependency graph	2026-10-03T16:05:09.8102684Z           "n.check",
source_go	Real Go source ownership and AST dependency graph	2026-10-03T16:05:09.8102827Z           "bound.ReadJSON",
source_go	Real Go source ownership and AST dependency graph	2026-10-03T16:05:09.8102952Z           "t.Fatalf",
source_go	Real Go source ownership and AST dependency graph	2026-10-03T16:05:09.8103066Z           ".Scan",
source_go	Real Go source ownership and AST dependency graph	2026-10-03T16:05:09.8103197Z           "db.QueryRow",
source_go	Real Go source ownership and AST dependency graph	2026-10-03T16:05:09.8103307Z           "new",
source_go	Real Go source ownership and AST dependency graph	2026-10-03T16:05:09.8103420Z           "t.Fatal"
source_go	Real Go source ownership and AST dependency graph	2026-10-03T16:05:09.8103516Z         ],
source_go	Real Go source ownership and AST dependency graph	2026-10-03T16:05:09.8103634Z         "strings": [
source_go	Real Go source ownership and AST dependency graph	2026-10-03T16:05:09.8103756Z           "context",
source_go	Real Go source ownership and AST dependency graph	2026-10-03T16:05:09.8103902Z           "encoding/json",
source_go	Real Go source ownership and AST dependency graph	2026-10-03T16:05:09.8104008Z           "fmt",
source_go	Real Go source ownership and AST dependency graph	2026-10-03T16:05:09.8104137Z           "net/http",
source_go	Real Go source ownership and AST dependency graph	2026-10-03T16:05:09.8104293Z           "net/http/httptest",
source_go	Real Go source ownership and AST dependency graph	2026-10-03T16:05:09.8104413Z           "net/url",
source_go	Real Go source ownership and AST dependency graph	2026-10-03T16:05:09.8104517Z           "os",
source_go	Real Go source ownership and AST dependency graph	2026-10-03T16:05:09.8104636Z           "reflect",
source_go	Real Go source ownership and AST dependency graph	2026-10-03T16:05:09.8104751Z           "strings",
source_go	Real Go source ownership and AST dependency graph	2026-10-03T16:05:09.8104870Z           "testing",
source_go	Real Go source ownership and AST dependency graph	2026-10-03T16:05:09.8104983Z           "time",
source_go	Real Go source ownership and AST dependency graph	2026-10-03T16:05:09.8105182Z           "github.com/gorilla/websocket",
source_go	Real Go source ownership and AST dependency graph	2026-10-03T16:05:09.8105397Z           "github.com/jackc/pgx/v5/pgxpool",
source_go	Real Go source ownership and AST dependency graph	2026-10-03T16:05:09.8105598Z           "im-platform/backend/go/shared",
source_go	Real Go source ownership and AST dependency graph	2026-10-03T16:05:09.8105761Z           "json:\"scenarios\"",
source_go	Real Go source ownership and AST dependency graph	2026-10-03T16:05:09.8105894Z           "json:\"id\"",
source_go	Real Go source ownership and AST dependency graph	2026-10-03T16:05:09.8106054Z           "json:\"polarity\"",
source_go	Real Go source ownership and AST dependency graph	2026-10-03T16:05:09.8106204Z           "json:\"steps\"",
source_go	Real Go source ownership and AST dependency graph	2026-10-03T16:05:09.8106351Z           "json:\"request\"",
source_go	Real Go source ownership and AST dependency graph	2026-10-03T16:05:09.8106501Z           "json:\"status\"",
source_go	Real Go source ownership and AST dependency graph	2026-10-03T16:05:09.8106639Z           "json:\"body\"",
source_go	Real Go source ownership and AST dependency graph	2026-10-03T16:05:09.8106789Z           "json:\"headers\"",
source_go	Real Go source ownership and AST dependency graph	2026-10-03T16:05:09.8106943Z           "json:\"expected\"",
source_go	Real Go source ownership and AST dependency graph	2026-10-03T16:05:09.8107077Z           "json:\"in\"",
source_go	Real Go source ownership and AST dependency graph	2026-10-03T16:05:09.8107212Z           "json:\"out\"",
source_go	Real Go source ownership and AST dependency graph	2026-10-03T16:05:09.8107361Z           "json:\"method\"",
source_go	Real Go source ownership and AST dependency graph	2026-10-03T16:05:09.8107502Z           "json:\"path\"",
source_go	Real Go source ownership and AST dependency graph	2026-10-03T16:05:09.8107650Z           "json:\"headers\"",
source_go	Real Go source ownership and AST dependency graph	2026-10-03T16:05:09.8107795Z           "json:\"query\"",
source_go	Real Go source ownership and AST dependency graph	2026-10-03T16:05:09.8107934Z           "json:\"body\"",
source_go	Real Go source ownership and AST dependency graph	2026-10-03T16:05:09.8108101Z           "duplicate fixture %s",
source_go	Real Go source ownership and AST dependency graph	2026-10-03T16:05:09.8108291Z           "canonical fixture %s missing",
source_go	Real Go source ownership and AST dependency graph	2026-10-03T16:05:09.8108608Z           "%s: expected object, got %T",
source_go	Real Go source ownership and AST dependency graph	2026-10-03T16:05:09.8108773Z           "%s.%s missing in %v",
source_go	Real Go source ownership and AST dependency graph	2026-10-03T16:05:09.8108873Z           ".",
source_go	Real Go source ownership and AST dependency graph	2026-10-03T16:05:09.8109200Z           "%s: expected %d items, got %v",
source_go	Real Go source ownership and AST dependency graph	2026-10-03T16:05:09.8109315Z           "%s[%d]",
source_go	Real Go source ownership and AST dependency graph	2026-10-03T16:05:09.8109498Z           "%s: expected string, got %T",
source_go	Real Go source ownership and AST dependency graph	2026-10-03T16:05:09.8109660Z           "%s: %q is not a UUID",
source_go	Real Go source ownership and AST dependency graph	2026-10-03T16:05:09.8109963Z           "%s: fixture ID changed",
source_go	Real Go source ownership and AST dependency graph	2026-10-03T16:05:09.8110064Z           "<",
source_go	Real Go source ownership and AST dependency graph	2026-10-03T16:05:09.8110166Z           ">",
source_go	Real Go source ownership and AST dependency graph	2026-10-03T16:05:09.8110266Z           "",
source_go	Real Go source ownership and AST dependency graph	2026-10-03T16:05:09.8110427Z           "%s: empty credential",
source_go	Real Go source ownership and AST dependency graph	2026-10-03T16:05:09.8110625Z           "%s: fixture credential changed",
source_go	Real Go source ownership and AST dependency graph	2026-10-03T16:05:09.8110736Z           "alice",
source_go	Real Go source ownership and AST dependency graph	2026-10-03T16:05:09.8110900Z           "body.error.message",
source_go	Real Go source ownership and AST dependency graph	2026-10-03T16:05:09.8111074Z           "%s: username %q, want %q",
source_go	Real Go source ownership and AST dependency graph	2026-10-03T16:05:09.8111221Z           "body.requestId",
source_go	Real Go source ownership and AST dependency graph	2026-10-03T16:05:09.8111411Z           "%s: request ID %q is not UUID",
source_go	Real Go source ownership and AST dependency graph	2026-10-03T16:05:09.8111591Z           "%s: got %q, want fixture %q",
source_go	Real Go source ownership and AST dependency graph	2026-10-03T16:05:09.8111774Z           "%s: got %v, want fixture %v",
source_go	Real Go source ownership and AST dependency graph	2026-10-03T16:05:09.8111902Z           "username",
source_go	Real Go source ownership and AST dependency graph	2026-10-03T16:05:09.8112016Z           "alice",
source_go	Real Go source ownership and AST dependency graph	2026-10-03T16:05:09.8112137Z           "username",
source_go	Real Go source ownership and AST dependency graph	2026-10-03T16:05:09.8112262Z           "username",
source_go	Real Go source ownership and AST dependency graph	2026-10-03T16:05:09.8112449Z           "fixture is not an HTTP step",
source_go	Real Go source ownership and AST dependency graph	2026-10-03T16:05:09.8112570Z           "alice",
source_go	Real Go source ownership and AST dependency graph	2026-10-03T16:05:09.8112674Z           "?",
source_go	Real Go source ownership and AST dependency graph	2026-10-03T16:05:09.8112899Z           "%s %s: status %d, want fixture %d: %s",
source_go	Real Go source ownership and AST dependency graph	2026-10-03T16:05:09.8113010Z           "body",
source_go	Real Go source ownership and AST dependency graph	2026-10-03T16:05:09.8113143Z           "Set-Cookie",
source_go	Real Go source ownership and AST dependency graph	2026-10-03T16:05:09.8113300Z           "__Host-im_refresh",
source_go	Real Go source ownership and AST dependency graph	2026-10-03T16:05:09.8113395Z           "",
source_go	Real Go source ownership and AST dependency graph	2026-10-03T16:05:09.8113497Z           "/",
source_go	Real Go source ownership and AST dependency graph	2026-10-03T16:05:09.8113750Z           "Set-Cookie does not match fixture %q: %v",
source_go	Real Go source ownership and AST dependency graph	2026-10-03T16:05:09.8113891Z           "DB_TEST_ENABLE",
source_go	Real Go source ownership and AST dependency graph	2026-10-03T16:05:09.8113995Z           "1",
source_go	Real Go source ownership and AST dependency graph	2026-10-03T16:05:09.8114323Z           "set DB_TEST_ENABLE=1 with migrated disposable PostgreSQL",
source_go	Real Go source ownership and AST dependency graph	2026-10-03T16:05:09.8114663Z           "../../../contracts/fixtures/auth-user-friend/positive.json",
source_go	Real Go source ownership and AST dependency graph	2026-10-03T16:05:09.8114987Z           "../../../contracts/fixtures/auth-user-friend/negative.json",
source_go	Real Go source ownership and AST dependency graph	2026-10-03T16:05:09.8115089Z           "",
source_go	Real Go source ownership and AST dependency graph	2026-10-03T16:05:09.8115351Z           "test-only-signing-key-at-least-32-bytes",
source_go	Real Go source ownership and AST dependency graph	2026-10-03T16:05:09.8115475Z           "fixture",
source_go	Real Go source ownership and AST dependency graph	2026-10-03T16:05:09.8115732Z           "SELECT user_id FROM users WHERE username=$1",
source_go	Real Go source ownership and AST dependency graph	2026-10-03T16:05:09.8116820Z           "DELETE FROM outbox_events WHERE aggregate_type='session' AND aggregate_id IN (SELECT (payload->>'sessionId')::uuid FROM user_sync_events WHERE user_id=$1 AND event_type='session.revoked')",
source_go	Real Go source ownership and AST dependency graph	2026-10-03T16:05:09.8117087Z           "DELETE FROM user_sync_events WHERE user_id=$1",
source_go	Real Go source ownership and AST dependency graph	2026-10-03T16:05:09.8117311Z           "DELETE FROM sessions WHERE user_id=$1",
source_go	Real Go source ownership and AST dependency graph	2026-10-03T16:05:09.8117525Z           "DELETE FROM users WHERE user_id=$1",
source_go	Real Go source ownership and AST dependency graph	2026-10-03T16:05:09.8117779Z           "registration-and-authorized-user-search",
source_go	Real Go source ownership and AST dependency graph	2026-10-03T16:05:09.8117877Z           "",
source_go	Real Go source ownership and AST dependency graph	2026-10-03T16:05:09.8118134Z           "same-slot-login-replaces-only-that-slot",
source_go	Real Go source ownership and AST dependency graph	2026-10-03T16:05:09.8118244Z           "POST",
source_go	Real Go source ownership and AST dependency graph	2026-10-03T16:05:09.8118397Z           "/v1/auth/login",
source_go	Real Go source ownership and AST dependency graph	2026-10-03T16:05:09.8118615Z           "",
source_go	Real Go source ownership and AST dependency graph	2026-10-03T16:05:09.8118873Z           "same-slot-login-replaces-only-that-slot",
source_go	Real Go source ownership and AST dependency graph	2026-10-03T16:05:09.8118988Z           "body",
source_go	Real Go source ownership and AST dependency graph	2026-10-03T16:05:09.8119085Z           "",
source_go	Real Go source ownership and AST dependency graph	2026-10-03T16:05:09.8119185Z           "",
source_go	Real Go source ownership and AST dependency graph	2026-10-03T16:05:09.8119299Z           "userId",
source_go	Real Go source ownership and AST dependency graph	2026-10-03T16:05:09.8119799Z           "SELECT count(*) FROM sessions WHERE user_id=$1 AND client_type='WEB' AND status='ACTIVE'",
source_go	Real Go source ownership and AST dependency graph	2026-10-03T16:05:09.8119968Z           "WEB slot state %d: %v",
source_go	Real Go source ownership and AST dependency graph	2026-10-03T16:05:09.8120486Z           "SELECT count(*) FROM sessions WHERE user_id=$1 AND client_type='DESKTOP' AND status='ACTIVE'",
source_go	Real Go source ownership and AST dependency graph	2026-10-03T16:05:09.8120674Z           "DESKTOP slot state %d: %v",
source_go	Real Go source ownership and AST dependency graph	2026-10-03T16:05:09.8120805Z           "clientType",
source_go	Real Go source ownership and AST dependency graph	2026-10-03T16:05:09.8120922Z           "MOBILE",
source_go	Real Go source ownership and AST dependency graph	2026-10-03T16:05:09.8121161Z           "deviceId",
source_go	Real Go source ownership and AST dependency graph	2026-10-03T16:05:09.8121288Z           "mobile-1",
source_go	Real Go source ownership and AST dependency graph	2026-10-03T16:05:09.8121397Z           "POST",
source_go	Real Go source ownership and AST dependency graph	2026-10-03T16:05:09.8121541Z           "/v1/auth/login",
source_go	Real Go source ownership and AST dependency graph	2026-10-03T16:05:09.8121639Z           "",
source_go	Real Go source ownership and AST dependency graph	2026-10-03T16:05:09.8121752Z           "tokens",
source_go	Real Go source ownership and AST dependency graph	2026-10-03T16:05:09.8121993Z           "refreshToken",
source_go	Real Go source ownership and AST dependency graph	2026-10-03T16:05:09.8122305Z           "native-refresh-rotates-current-session-credential",
source_go	Real Go source ownership and AST dependency graph	2026-10-03T16:05:09.8122409Z           "",
source_go	Real Go source ownership and AST dependency graph	2026-10-03T16:05:09.8122546Z           "refreshToken",
source_go	Real Go source ownership and AST dependency graph	2026-10-03T16:05:09.8122663Z           "tokens",
source_go	Real Go source ownership and AST dependency graph	2026-10-03T16:05:09.8122799Z           "refreshToken",
source_go	Real Go source ownership and AST dependency graph	2026-10-03T16:05:09.8123045Z           "native refresh did not rotate credential",
source_go	Real Go source ownership and AST dependency graph	2026-10-03T16:05:09.8123169Z           "deviceId",
source_go	Real Go source ownership and AST dependency graph	2026-10-03T16:05:09.8123295Z           "browser-5",
source_go	Real Go source ownership and AST dependency graph	2026-10-03T16:05:09.8123406Z           "POST",
source_go	Real Go source ownership and AST dependency graph	2026-10-03T16:05:09.8123546Z           "/v1/auth/login",
source_go	Real Go source ownership and AST dependency graph	2026-10-03T16:05:09.8123646Z           "",
source_go	Real Go source ownership and AST dependency graph	2026-10-03T16:05:09.8123873Z           "web-refresh-rotates-secure-cookie",
source_go	Real Go source ownership and AST dependency graph	2026-10-03T16:05:09.8123976Z           "",
source_go	Real Go source ownership and AST dependency graph	2026-10-03T16:05:09.8124195Z           "WEB refresh did not rotate cookie",
source_go	Real Go source ownership and AST dependency graph	2026-10-03T16:05:09.8124361Z           "invalid-credentials",
source_go	Real Go source ownership and AST dependency graph	2026-10-03T16:05:09.8124542Z           "token-in-query-rejected",
source_go	Real Go source ownership and AST dependency graph	2026-10-03T16:05:09.8124708Z           "invalid-client-type",
source_go	Real Go source ownership and AST dependency graph	2026-10-03T16:05:09.8124909Z           "refresh-client-type-mismatch",
source_go	Real Go source ownership and AST dependency graph	2026-10-03T16:05:09.8125112Z           "unsupported-protocol-version",
source_go	Real Go source ownership and AST dependency graph	2026-10-03T16:05:09.8125323Z           "authorization-binding-mismatch",
source_go	Real Go source ownership and AST dependency graph	2026-10-03T16:05:09.8125491Z           "invalid-access-token",
source_go	Real Go source ownership and AST dependency graph	2026-10-03T16:05:09.8125669Z           "expired-access-token",
source_go	Real Go source ownership and AST dependency graph	2026-10-03T16:05:09.8125850Z           "username-already-exists",
source_go	Real Go source ownership and AST dependency graph	2026-10-03T16:05:09.8126041Z           "web-refresh-missing-cookie",
source_go	Real Go source ownership and AST dependency graph	2026-10-03T16:05:09.8126238Z           "native-refresh-missing-token",
source_go	Real Go source ownership and AST dependency graph	2026-10-03T16:05:09.8126433Z           "stale-session-epoch-rejected",
source_go	Real Go source ownership and AST dependency graph	2026-10-03T16:05:09.8126641Z           "revoked-refresh-token-rejected",
source_go	Real Go source ownership and AST dependency graph	2026-10-03T16:05:09.8126836Z           "refresh-client-type-mismatch",
source_go	Real Go source ownership and AST dependency graph	2026-10-03T16:05:09.8126976Z           "refreshToken",
source_go	Real Go source ownership and AST dependency graph	2026-10-03T16:05:09.8127094Z           "tokens",
source_go	Real Go source ownership and AST dependency graph	2026-10-03T16:05:09.8127230Z           "refreshToken",
source_go	Real Go source ownership and AST dependency graph	2026-10-03T16:05:09.8127440Z           "authorization-binding-mismatch",
source_go	Real Go source ownership and AST dependency graph	2026-10-03T16:05:09.8127611Z           "invalid-access-token",
source_go	Real Go source ownership and AST dependency graph	2026-10-03T16:05:09.8127715Z           "x",
source_go	Real Go source ownership and AST dependency graph	2026-10-03T16:05:09.8127882Z           "expired-access-token",
source_go	Real Go source ownership and AST dependency graph	2026-10-03T16:05:09.8128080Z           "stale-session-epoch-rejected",
source_go	Real Go source ownership and AST dependency graph	2026-10-03T16:05:09.8128287Z           "revoked-refresh-token-rejected",
source_go	Real Go source ownership and AST dependency graph	2026-10-03T16:05:09.8128423Z           "refreshToken",
source_go	Real Go source ownership and AST dependency graph	2026-10-03T16:05:09.8128830Z           "logout-revokes-session-refresh-and-connection",
source_go	Real Go source ownership and AST dependency graph	2026-10-03T16:05:09.8129005Z           "revoked-session-token",
source_go	Real Go source ownership and AST dependency graph	2026-10-03T16:05:09.8129526Z           "SELECT status,refresh_token_hash FROM sessions WHERE user_id=$1 AND client_type='DESKTOP'",
source_go	Real Go source ownership and AST dependency graph	2026-10-03T16:05:09.8129644Z           "REVOKED",
source_go	Real Go source ownership and AST dependency graph	2026-10-03T16:05:09.8129841Z           "logout persistence: %s %v %v",
source_go	Real Go source ownership and AST dependency graph	2026-10-03T16:05:09.8130023Z           "fixture lacks WSS input",
source_go	Real Go source ownership and AST dependency graph	2026-10-03T16:05:09.8130120Z           "",
source_go	Real Go source ownership and AST dependency graph	2026-10-03T16:05:09.8130244Z           "payload",
source_go	Real Go source ownership and AST dependency graph	2026-10-03T16:05:09.8130379Z           "accessToken",
source_go	Real Go source ownership and AST dependency graph	2026-10-03T16:05:09.8130494Z           "wss",
source_go	Real Go source ownership and AST dependency graph	2026-10-03T16:05:09.8130777Z           "../../../contracts/fixtures/websocket/golden.json",
source_go	Real Go source ownership and AST dependency graph	2026-10-03T16:05:09.8131028Z           "test-only-signing-key-at-least-32-bytes",
source_go	Real Go source ownership and AST dependency graph	2026-10-03T16:05:09.8131132Z           "ws",
source_go	Real Go source ownership and AST dependency graph	2026-10-03T16:05:09.8131243Z           "http",
source_go	Real Go source ownership and AST dependency graph	2026-10-03T16:05:09.8131360Z           "/v1/ws",
source_go	Real Go source ownership and AST dependency graph	2026-10-03T16:05:09.8131469Z           "alice",
source_go	Real Go source ownership and AST dependency graph	2026-10-03T16:05:09.8131628Z           "ping-before-bind",
source_go	Real Go source ownership and AST dependency graph	2026-10-03T16:05:09.8131792Z           "unauthenticated-send",
source_go	Real Go source ownership and AST dependency graph	2026-10-03T16:05:09.8131972Z           "invalid-signature-bind",
source_go	Real Go source ownership and AST dependency graph	2026-10-03T16:05:09.8132132Z           "expired-token-bind",
source_go	Real Go source ownership and AST dependency graph	2026-10-03T16:05:09.8132306Z           "invalid-signature-bind",
source_go	Real Go source ownership and AST dependency graph	2026-10-03T16:05:09.8132457Z           "not-a-valid-JWT",
source_go	Real Go source ownership and AST dependency graph	2026-10-03T16:05:09.8132727Z           "expired-token-bind",
source_go	Real Go source ownership and AST dependency graph	2026-10-03T16:05:09.8132981Z           "test-only-signing-key-at-least-32-bytes",
source_go	Real Go source ownership and AST dependency graph	2026-10-03T16:05:09.8133185Z           "10000000-0000-4000-8000-000000000001",
source_go	Real Go source ownership and AST dependency graph	2026-10-03T16:05:09.8133386Z           "50000000-0000-4000-8000-000000000001",
source_go	Real Go source ownership and AST dependency graph	2026-10-03T16:05:09.8133591Z           "WEB",
source_go	Real Go source ownership and AST dependency graph	2026-10-03T16:05:09.8133701Z           "ping",
source_go	Real Go source ownership and AST dependency graph	2026-10-03T16:05:09.8133824Z           "auth.bind",
source_go	Real Go source ownership and AST dependency graph	2026-10-03T16:05:09.8133994Z           "malformed-requestId-",
source_go	Real Go source ownership and AST dependency graph	2026-10-03T16:05:09.8134121Z           "auth.bind",
source_go	Real Go source ownership and AST dependency graph	2026-10-03T16:05:09.8134256Z           "accessToken",
source_go	Real Go source ownership and AST dependency graph	2026-10-03T16:05:09.8134408Z           "not-a-valid-JWT",
source_go	Real Go source ownership and AST dependency graph	2026-10-03T16:05:09.8134852Z           "not-a-uuid",
source_go	Real Go source ownership and AST dependency graph	2026-10-03T16:05:09.8135281Z           "malformed requestId accepted: %v",
source_go	Real Go source ownership and AST dependency graph	2026-10-03T16:05:09.8135438Z           "DB_TEST_ENABLE",
source_go	Real Go source ownership and AST dependency graph	2026-10-03T16:05:09.8135552Z           "1",
source_go	Real Go source ownership and AST dependency graph	2026-10-03T16:05:09.8135894Z           "set DB_TEST_ENABLE=1 with migrated disposable PostgreSQL",
source_go	Real Go source ownership and AST dependency graph	2026-10-03T16:05:09.8136392Z           "../../../contracts/fixtures/websocket/golden.json",
source_go	Real Go source ownership and AST dependency graph	2026-10-03T16:05:09.8136503Z           "",
source_go	Real Go source ownership and AST dependency graph	2026-10-03T16:05:09.8136912Z           "test-only-signing-key-at-least-32-bytes",
source_go	Real Go source ownership and AST dependency graph	2026-10-03T16:05:09.8137028Z           "ws",
source_go	Real Go source ownership and AST dependency graph	2026-10-03T16:05:09.8137196Z           "http",
source_go	Real Go source ownership and AST dependency graph	2026-10-03T16:05:09.8137424Z           "/v1/ws",
source_go	Real Go source ownership and AST dependency graph	2026-10-03T16:05:09.8137618Z           "wssfixture",
source_go	Real Go source ownership and AST dependency graph	2026-10-03T16:05:09.8137815Z           "POST",
source_go	Real Go source ownership and AST dependency graph	2026-10-03T16:05:09.8137977Z           "/v1/auth/register",
source_go	Real Go source ownership and AST dependency graph	2026-10-03T16:05:09.8138100Z           "username",
source_go	Real Go source ownership and AST dependency graph	2026-10-03T16:05:09.8138339Z           "password",
source_go	Real Go source ownership and AST dependency graph	2026-10-03T16:05:09.8138927Z           "fixture-password-not-a-real-secret",
source_go	Real Go source ownership and AST dependency graph	2026-10-03T16:05:09.8139079Z           "displayName",
source_go	Real Go source ownership and AST dependency graph	2026-10-03T16:05:09.8139192Z           "Alice",
source_go	Real Go source ownership and AST dependency graph	2026-10-03T16:05:09.8139293Z           "",
source_go	Real Go source ownership and AST dependency graph	2026-10-03T16:05:09.8139402Z           "user",
source_go	Real Go source ownership and AST dependency graph	2026-10-03T16:05:09.8139515Z           "userId",
source_go	Real Go source ownership and AST dependency graph	2026-10-03T16:05:09.8140625Z           "DELETE FROM outbox_events WHERE aggregate_type='session' AND aggregate_id IN (SELECT (payload->>'sessionId')::uuid FROM user_sync_events WHERE user_id=$1 AND event_type='session.revoked')",
source_go	Real Go source ownership and AST dependency graph	2026-10-03T16:05:09.8140902Z           "DELETE FROM user_sync_events WHERE user_id=$1",
source_go	Real Go source ownership and AST dependency graph	2026-10-03T16:05:09.8141133Z           "DELETE FROM sessions WHERE user_id=$1",
source_go	Real Go source ownership and AST dependency graph	2026-10-03T16:05:09.8141349Z           "DELETE FROM users WHERE user_id=$1",
source_go	Real Go source ownership and AST dependency graph	2026-10-03T16:05:09.8141474Z           "username",
source_go	Real Go source ownership and AST dependency graph	2026-10-03T16:05:09.8141602Z           "password",
source_go	Real Go source ownership and AST dependency graph	2026-10-03T16:05:09.8141829Z           "fixture-password-not-a-real-secret",
source_go	Real Go source ownership and AST dependency graph	2026-10-03T16:05:09.8141963Z           "clientType",
source_go	Real Go source ownership and AST dependency graph	2026-10-03T16:05:09.8142069Z           "WEB",
source_go	Real Go source ownership and AST dependency graph	2026-10-03T16:05:09.8142192Z           "deviceId",
source_go	Real Go source ownership and AST dependency graph	2026-10-03T16:05:09.8142320Z           "browser-1",
source_go	Real Go source ownership and AST dependency graph	2026-10-03T16:05:09.8142468Z           "clientVersion",
source_go	Real Go source ownership and AST dependency graph	2026-10-03T16:05:09.8142584Z           "1.0.0",
source_go	Real Go source ownership and AST dependency graph	2026-10-03T16:05:09.8142738Z           "protocolVersion",
source_go	Real Go source ownership and AST dependency graph	2026-10-03T16:05:09.8142844Z           "1",
source_go	Real Go source ownership and AST dependency graph	2026-10-03T16:05:09.8142953Z           "POST",
source_go	Real Go source ownership and AST dependency graph	2026-10-03T16:05:09.8143104Z           "/v1/auth/login",
source_go	Real Go source ownership and AST dependency graph	2026-10-03T16:05:09.8143201Z           "",
source_go	Real Go source ownership and AST dependency graph	2026-10-03T16:05:09.8143330Z           "sessionId",
source_go	Real Go source ownership and AST dependency graph	2026-10-03T16:05:09.8143491Z           "bind-valid-session",
source_go	Real Go source ownership and AST dependency graph	2026-10-03T16:05:09.8143601Z           "POST",
source_go	Real Go source ownership and AST dependency graph	2026-10-03T16:05:09.8143747Z           "/v1/auth/login",
source_go	Real Go source ownership and AST dependency graph	2026-10-03T16:05:09.8143845Z           "",
source_go	Real Go source ownership and AST dependency graph	2026-10-03T16:05:09.8144005Z           "stale-epoch-bind",
source_go	Real Go source ownership and AST dependency graph	2026-10-03T16:05:09.8144124Z           "DESKTOP",
source_go	Real Go source ownership and AST dependency graph	2026-10-03T16:05:09.8144304Z           "wrong-client-type-bind",
source_go	Real Go source ownership and AST dependency graph	2026-10-03T16:05:09.8144424Z           "REPLACED",
source_go	Real Go source ownership and AST dependency graph	2026-10-03T16:05:09.8144571Z           "revoked-socket",
source_go	Real Go source ownership and AST dependency graph	2026-10-03T16:05:09.8144679Z           "wss",
source_go	Real Go source ownership and AST dependency graph	2026-10-03T16:05:09.8144891Z           "revoked socket remained open: %v",
source_go	Real Go source ownership and AST dependency graph	2026-10-03T16:05:09.8145272Z           "SELECT status FROM sessions WHERE user_id=$1 AND client_type='WEB'"
source_go	Real Go source ownership and AST dependency graph	2026-10-03T16:05:09.8145362Z         ]
source_go	Real Go source ownership and AST dependency graph	2026-10-03T16:05:09.8145449Z       },
source_go	Real Go source ownership and AST dependency graph	2026-10-03T16:05:09.8145532Z       {
source_go	Real Go source ownership and AST dependency graph	2026-10-03T16:05:09.8145718Z         "path": "tests/message_test.go",
source_go	Real Go source ownership and AST dependency graph	2026-10-03T16:05:09.8146008Z         "package": "tests",
source_go	Real Go source ownership and AST dependency graph	2026-10-03T16:05:09.8146124Z         "imports": [
source_go	Real Go source ownership and AST dependency graph	2026-10-03T16:05:09.8146248Z           "context",
source_go	Real Go source ownership and AST dependency graph	2026-10-03T16:05:09.8146390Z           "encoding/json",
source_go	Real Go source ownership and AST dependency graph	2026-10-03T16:05:09.8146499Z           "fmt",
source_go	Real Go source ownership and AST dependency graph	2026-10-03T16:05:09.8146796Z           "github.com/gorilla/websocket",
source_go	Real Go source ownership and AST dependency graph	2026-10-03T16:05:09.8147007Z           "github.com/jackc/pgx/v5/pgxpool",
source_go	Real Go source ownership and AST dependency graph	2026-10-03T16:05:09.8147197Z           "github.com/nats-io/nats.go",
source_go	Real Go source ownership and AST dependency graph	2026-10-03T16:05:09.8147391Z           "im-platform/backend/go/core",
source_go	Real Go source ownership and AST dependency graph	2026-10-03T16:05:09.8147593Z           "im-platform/backend/go/gateway",
source_go	Real Go source ownership and AST dependency graph	2026-10-03T16:05:09.8147789Z           "im-platform/backend/go/shared",
source_go	Real Go source ownership and AST dependency graph	2026-10-03T16:05:09.8147946Z           "net/http/httptest",
source_go	Real Go source ownership and AST dependency graph	2026-10-03T16:05:09.8148050Z           "os",
source_go	Real Go source ownership and AST dependency graph	2026-10-03T16:05:09.8156705Z           "reflect",
source_go	Real Go source ownership and AST dependency graph	2026-10-03T16:05:09.8156887Z           "strings",
source_go	Real Go source ownership and AST dependency graph	2026-10-03T16:05:09.8157014Z           "testing",
source_go	Real Go source ownership and AST dependency graph	2026-10-03T16:05:09.8157126Z           "time"
source_go	Real Go source ownership and AST dependency graph	2026-10-03T16:05:09.8157227Z         ],
source_go	Real Go source ownership and AST dependency graph	2026-10-03T16:05:09.8157356Z         "functions": [
source_go	Real Go source ownership and AST dependency graph	2026-10-03T16:05:09.8157466Z           "check",
source_go	Real Go source ownership and AST dependency graph	2026-10-03T16:05:09.8157634Z           "newMessagingHarness",
source_go	Real Go source ownership and AST dependency graph	2026-10-03T16:05:09.8157786Z           "readMessageFrame",
source_go	Real Go source ownership and AST dependency graph	2026-10-03T16:05:09.8157929Z           "cloneFrame",
source_go	Real Go source ownership and AST dependency graph	2026-10-03T16:05:09.8158045Z           "input",
source_go	Real Go source ownership and AST dependency graph	2026-10-03T16:05:09.8158152Z           "send",
source_go	Real Go source ownership and AST dependency graph	2026-10-03T16:05:09.8158262Z           "rows",
source_go	Real Go source ownership and AST dependency graph	2026-10-03T16:05:09.8158373Z           "relay",
source_go	Real Go source ownership and AST dependency graph	2026-10-03T16:05:09.8158661Z           "group",
source_go	Real Go source ownership and AST dependency graph	2026-10-03T16:05:09.8158914Z           "TestCanonicalLiveMessageSendFixtures",
source_go	Real Go source ownership and AST dependency graph	2026-10-03T16:05:09.8159231Z           "TestCanonicalDuplicateOutOfOrderAndSyncRecovery",
source_go	Real Go source ownership and AST dependency graph	2026-10-03T16:05:09.8159476Z           "TestLiveConflictingRetryDelayedOrigin"
source_go	Real Go source ownership and AST dependency graph	2026-10-03T16:05:09.8159568Z         ],
source_go	Real Go source ownership and AST dependency graph	2026-10-03T16:05:09.8159683Z         "types": [
source_go	Real Go source ownership and AST dependency graph	2026-10-03T16:05:09.8159836Z           "messagingHarness",
source_go	Real Go source ownership and AST dependency graph	2026-10-03T16:05:09.8159992Z           "messageNormalizer"
source_go	Real Go source ownership and AST dependency graph	2026-10-03T16:05:09.8160080Z         ],
source_go	Real Go source ownership and AST dependency graph	2026-10-03T16:05:09.8160195Z         "calls": [
source_go	Real Go source ownership and AST dependency graph	2026-10-03T16:05:09.8160317Z           "t.Helper",
source_go	Real Go source ownership and AST dependency graph	2026-10-03T16:05:09.8160428Z           "len",
source_go	Real Go source ownership and AST dependency graph	2026-10-03T16:05:09.8160540Z           "len",
source_go	Real Go source ownership and AST dependency graph	2026-10-03T16:05:09.8160659Z           "t.Fatalf",
source_go	Real Go source ownership and AST dependency graph	2026-10-03T16:05:09.8160787Z           ".MapKeys",
source_go	Real Go source ownership and AST dependency graph	2026-10-03T16:05:09.8160936Z           "reflect.ValueOf",
source_go	Real Go source ownership and AST dependency graph	2026-10-03T16:05:09.8161084Z           "reflect.ValueOf",
source_go	Real Go source ownership and AST dependency graph	2026-10-03T16:05:09.8161201Z           "n.check",
source_go	Real Go source ownership and AST dependency graph	2026-10-03T16:05:09.8161308Z           "len",
source_go	Real Go source ownership and AST dependency graph	2026-10-03T16:05:09.8161411Z           "len",
source_go	Real Go source ownership and AST dependency graph	2026-10-03T16:05:09.8161529Z           "t.Fatal",
source_go	Real Go source ownership and AST dependency graph	2026-10-03T16:05:09.8161647Z           "n.check",
source_go	Real Go source ownership and AST dependency graph	2026-10-03T16:05:09.8161762Z           "t.Fatal",
source_go	Real Go source ownership and AST dependency graph	2026-10-03T16:05:09.8161886Z           "validUUID",
source_go	Real Go source ownership and AST dependency graph	2026-10-03T16:05:09.8162008Z           "validUUID",
source_go	Real Go source ownership and AST dependency graph	2026-10-03T16:05:09.8162126Z           "t.Fatal",
source_go	Real Go source ownership and AST dependency graph	2026-10-03T16:05:09.8162240Z           "t.Fatal",
source_go	Real Go source ownership and AST dependency graph	2026-10-03T16:05:09.8162375Z           "time.Parse",
source_go	Real Go source ownership and AST dependency graph	2026-10-03T16:05:09.8162510Z           "time.Parse",
source_go	Real Go source ownership and AST dependency graph	2026-10-03T16:05:09.8162628Z           "t.Fatal",
source_go	Real Go source ownership and AST dependency graph	2026-10-03T16:05:09.8162750Z           "t.Fatal",
source_go	Real Go source ownership and AST dependency graph	2026-10-03T16:05:09.8162870Z           "t.Fatalf",
source_go	Real Go source ownership and AST dependency graph	2026-10-03T16:05:09.8163030Z           "reflect.DeepEqual",
source_go	Real Go source ownership and AST dependency graph	2026-10-03T16:05:09.8163150Z           "t.Fatalf",
source_go	Real Go source ownership and AST dependency graph	2026-10-03T16:05:09.8163280Z           "t.Helper",
source_go	Real Go source ownership and AST dependency graph	2026-10-03T16:05:09.8163409Z           "os.Getenv",
source_go	Real Go source ownership and AST dependency graph	2026-10-03T16:05:09.8163527Z           "t.Skip",
source_go	Real Go source ownership and AST dependency graph	2026-10-03T16:05:09.8163670Z           "pgxpool.New",
source_go	Real Go source ownership and AST dependency graph	2026-10-03T16:05:09.8163832Z           "context.Background",
source_go	Real Go source ownership and AST dependency graph	2026-10-03T16:05:09.8163952Z           "t.Fatal",
source_go	Real Go source ownership and AST dependency graph	2026-10-03T16:05:09.8164068Z           "db.Ping",
source_go	Real Go source ownership and AST dependency graph	2026-10-03T16:05:09.8164229Z           "context.Background",
source_go	Real Go source ownership and AST dependency graph	2026-10-03T16:05:09.8164345Z           "t.Fatal",
source_go	Real Go source ownership and AST dependency graph	2026-10-03T16:05:09.8164474Z           "t.Cleanup",
source_go	Real Go source ownership and AST dependency graph	2026-10-03T16:05:09.8164600Z           "newService",
source_go	Real Go source ownership and AST dependency graph	2026-10-03T16:05:09.8164701Z           "",
source_go	Real Go source ownership and AST dependency graph	2026-10-03T16:05:09.8164822Z           "testNATS",
source_go	Real Go source ownership and AST dependency graph	2026-10-03T16:05:09.8164952Z           "shared.UUID",
source_go	Real Go source ownership and AST dependency graph	2026-10-03T16:05:09.8165109Z           "strings.ReplaceAll",
source_go	Real Go source ownership and AST dependency graph	2026-10-03T16:05:09.8165390Z           "call",
source_go	Real Go source ownership and AST dependency graph	2026-10-03T16:05:09.8165509Z           "expect",
source_go	Real Go source ownership and AST dependency graph	2026-10-03T16:05:09.8165629Z           "append",
source_go	Real Go source ownership and AST dependency graph	2026-10-03T16:05:09.8165760Z           "readResult",
source_go	Real Go source ownership and AST dependency graph	2026-10-03T16:05:09.8165870Z           "call",
source_go	Real Go source ownership and AST dependency graph	2026-10-03T16:05:09.8166086Z           "expect",
source_go	Real Go source ownership and AST dependency graph	2026-10-03T16:05:09.8166202Z           "append",
source_go	Real Go source ownership and AST dependency graph	2026-10-03T16:05:09.8166323Z           "getToken",
source_go	Real Go source ownership and AST dependency graph	2026-10-03T16:05:09.8166433Z           "call",
source_go	Real Go source ownership and AST dependency graph	2026-10-03T16:05:09.8166543Z           "expect",
source_go	Real Go source ownership and AST dependency graph	2026-10-03T16:05:09.8166659Z           "append",
source_go	Real Go source ownership and AST dependency graph	2026-10-03T16:05:09.8166778Z           "getToken",
source_go	Real Go source ownership and AST dependency graph	2026-10-03T16:05:09.8166887Z           "call",
source_go	Real Go source ownership and AST dependency graph	2026-10-03T16:05:09.8167005Z           "expect",
source_go	Real Go source ownership and AST dependency graph	2026-10-03T16:05:09.8167131Z           "readResult",
source_go	Real Go source ownership and AST dependency graph	2026-10-03T16:05:09.8167245Z           "append",
source_go	Real Go source ownership and AST dependency graph	2026-10-03T16:05:09.8167446Z           "httptest.NewServer",
source_go	Real Go source ownership and AST dependency graph	2026-10-03T16:05:09.8167573Z           "t.Cleanup",
source_go	Real Go source ownership and AST dependency graph	2026-10-03T16:05:09.8167725Z           "gateway.NewHandler",
source_go	Real Go source ownership and AST dependency graph	2026-10-03T16:05:09.8167843Z           "t.Fatal",
source_go	Real Go source ownership and AST dependency graph	2026-10-03T16:05:09.8168000Z           "httptest.NewServer",
source_go	Real Go source ownership and AST dependency graph	2026-10-03T16:05:09.8168127Z           "t.Cleanup",
source_go	Real Go source ownership and AST dependency graph	2026-10-03T16:05:09.8168287Z           "openFixtureSocket",
source_go	Real Go source ownership and AST dependency graph	2026-10-03T16:05:09.8168440Z           "strings.TrimPrefix",
source_go	Real Go source ownership and AST dependency graph	2026-10-03T16:05:09.8168697Z           "t.Cleanup",
source_go	Real Go source ownership and AST dependency graph	2026-10-03T16:05:09.8168814Z           "c.Close",
source_go	Real Go source ownership and AST dependency graph	2026-10-03T16:05:09.8168950Z           "shared.UUID",
source_go	Real Go source ownership and AST dependency graph	2026-10-03T16:05:09.8169078Z           "c.WriteJSON",
source_go	Real Go source ownership and AST dependency graph	2026-10-03T16:05:09.8169192Z           "frame",
source_go	Real Go source ownership and AST dependency graph	2026-10-03T16:05:09.8169309Z           "t.Fatal",
source_go	Real Go source ownership and AST dependency graph	2026-10-03T16:05:09.8169457Z           "readMessageFrame",
source_go	Real Go source ownership and AST dependency graph	2026-10-03T16:05:09.8169575Z           "t.Fatal",
source_go	Real Go source ownership and AST dependency graph	2026-10-03T16:05:09.8169683Z           "bind",
source_go	Real Go source ownership and AST dependency graph	2026-10-03T16:05:09.8169791Z           "bind",
source_go	Real Go source ownership and AST dependency graph	2026-10-03T16:05:09.8169895Z           "bind",
source_go	Real Go source ownership and AST dependency graph	2026-10-03T16:05:09.8170003Z           "bind",
source_go	Real Go source ownership and AST dependency graph	2026-10-03T16:05:09.8170126Z           "t.Cleanup",
source_go	Real Go source ownership and AST dependency graph	2026-10-03T16:05:09.8170285Z           "context.Background",
source_go	Real Go source ownership and AST dependency graph	2026-10-03T16:05:09.8170404Z           "db.Exec",
source_go	Real Go source ownership and AST dependency graph	2026-10-03T16:05:09.8170522Z           "db.Exec",
source_go	Real Go source ownership and AST dependency graph	2026-10-03T16:05:09.8170640Z           "db.Exec",
source_go	Real Go source ownership and AST dependency graph	2026-10-03T16:05:09.8170755Z           "db.Exec",
source_go	Real Go source ownership and AST dependency graph	2026-10-03T16:05:09.8170873Z           "db.Exec",
source_go	Real Go source ownership and AST dependency graph	2026-10-03T16:05:09.8170988Z           "db.Exec",
source_go	Real Go source ownership and AST dependency graph	2026-10-03T16:05:09.8171110Z           "db.Exec",
source_go	Real Go source ownership and AST dependency graph	2026-10-03T16:05:09.8171228Z           "db.Exec",
source_go	Real Go source ownership and AST dependency graph	2026-10-03T16:05:09.8171347Z           "db.Exec",
source_go	Real Go source ownership and AST dependency graph	2026-10-03T16:05:09.8171471Z           "t.Helper",
source_go	Real Go source ownership and AST dependency graph	2026-10-03T16:05:09.8171623Z           "c.SetReadDeadline",
source_go	Real Go source ownership and AST dependency graph	2026-10-03T16:05:09.8171734Z           ".Add",
source_go	Real Go source ownership and AST dependency graph	2026-10-03T16:05:09.8171852Z           "time.Now",
source_go	Real Go source ownership and AST dependency graph	2026-10-03T16:05:09.8171983Z           "c.ReadJSON",
source_go	Real Go source ownership and AST dependency graph	2026-10-03T16:05:09.8172100Z           "t.Fatal",
source_go	Real Go source ownership and AST dependency graph	2026-10-03T16:05:09.8172243Z           "json.Marshal",
source_go	Real Go source ownership and AST dependency graph	2026-10-03T16:05:09.8172387Z           "json.Unmarshal",
source_go	Real Go source ownership and AST dependency graph	2026-10-03T16:05:09.8172523Z           "cloneFrame",
source_go	Real Go source ownership and AST dependency graph	2026-10-03T16:05:09.8172647Z           "t.Helper",
source_go	Real Go source ownership and AST dependency graph	2026-10-03T16:05:09.8172775Z           "c.WriteJSON",
source_go	Real Go source ownership and AST dependency graph	2026-10-03T16:05:09.8172894Z           "h.input",
source_go	Real Go source ownership and AST dependency graph	2026-10-03T16:05:09.8173011Z           "t.Fatal",
source_go	Real Go source ownership and AST dependency graph	2026-10-03T16:05:09.8173163Z           "readMessageFrame",
source_go	Real Go source ownership and AST dependency graph	2026-10-03T16:05:09.8173282Z           "t.Helper",
source_go	Real Go source ownership and AST dependency graph	2026-10-03T16:05:09.8173442Z           "context.Background",
source_go	Real Go source ownership and AST dependency graph	2026-10-03T16:05:09.8173556Z           ".Scan",
source_go	Real Go source ownership and AST dependency graph	2026-10-03T16:05:09.8173697Z           "h.db.QueryRow",
source_go	Real Go source ownership and AST dependency graph	2026-10-03T16:05:09.8173815Z           "t.Fatal",
source_go	Real Go source ownership and AST dependency graph	2026-10-03T16:05:09.8173924Z           ".Scan",
source_go	Real Go source ownership and AST dependency graph	2026-10-03T16:05:09.8174066Z           "h.db.QueryRow",
source_go	Real Go source ownership and AST dependency graph	2026-10-03T16:05:09.8174180Z           "t.Fatal",
source_go	Real Go source ownership and AST dependency graph	2026-10-03T16:05:09.8174291Z           ".Scan",
source_go	Real Go source ownership and AST dependency graph	2026-10-03T16:05:09.8174426Z           "h.db.QueryRow",
source_go	Real Go source ownership and AST dependency graph	2026-10-03T16:05:09.8174541Z           "t.Fatal",
source_go	Real Go source ownership and AST dependency graph	2026-10-03T16:05:09.8174661Z           "t.Helper",
source_go	Real Go source ownership and AST dependency graph	2026-10-03T16:05:09.8174815Z           "context.WithCancel",
source_go	Real Go source ownership and AST dependency graph	2026-10-03T16:05:09.8174973Z           "context.Background",
source_go	Real Go source ownership and AST dependency graph	2026-10-03T16:05:09.8175078Z           "make",
source_go	Real Go source ownership and AST dependency graph	2026-10-03T16:05:09.8175177Z           "",
source_go	Real Go source ownership and AST dependency graph	2026-10-03T16:05:09.8175287Z           "close",
source_go	Real Go source ownership and AST dependency graph	2026-10-03T16:05:09.8175496Z           "core.RelaySessionRevocations",
source_go	Real Go source ownership and AST dependency graph	2026-10-03T16:05:09.8175746Z           "t.Cleanup",
source_go	Real Go source ownership and AST dependency graph	2026-10-03T16:05:09.8175862Z           "cancel",
source_go	Real Go source ownership and AST dependency graph	2026-10-03T16:05:09.8175985Z           "t.Helper",
source_go	Real Go source ownership and AST dependency graph	2026-10-03T16:05:09.8176140Z           "context.Background",
source_go	Real Go source ownership and AST dependency graph	2026-10-03T16:05:09.8176382Z           "shared.UUID",
source_go	Real Go source ownership and AST dependency graph	2026-10-03T16:05:09.8176512Z           "shared.UUID",
source_go	Real Go source ownership and AST dependency graph	2026-10-03T16:05:09.8176636Z           "h.db.Exec",
source_go	Real Go source ownership and AST dependency graph	2026-10-03T16:05:09.8176751Z           "t.Fatal",
source_go	Real Go source ownership and AST dependency graph	2026-10-03T16:05:09.8176869Z           "append",
source_go	Real Go source ownership and AST dependency graph	2026-10-03T16:05:09.8177002Z           "shared.UUID",
source_go	Real Go source ownership and AST dependency graph	2026-10-03T16:05:09.8177125Z           "h.db.Exec",
source_go	Real Go source ownership and AST dependency graph	2026-10-03T16:05:09.8177243Z           "t.Fatal",
source_go	Real Go source ownership and AST dependency graph	2026-10-03T16:05:09.8177354Z           "append",
source_go	Real Go source ownership and AST dependency graph	2026-10-03T16:05:09.8177476Z           "h.db.Exec",
source_go	Real Go source ownership and AST dependency graph	2026-10-03T16:05:09.8177589Z           "t.Fatal",
source_go	Real Go source ownership and AST dependency graph	2026-10-03T16:05:09.8177721Z           "readFixture",
source_go	Real Go source ownership and AST dependency graph	2026-10-03T16:05:09.8177829Z           "t.Run",
source_go	Real Go source ownership and AST dependency graph	2026-10-03T16:05:09.8177994Z           "newMessagingHarness",
source_go	Real Go source ownership and AST dependency graph	2026-10-03T16:05:09.8178112Z           "fixture",
source_go	Real Go source ownership and AST dependency graph	2026-10-03T16:05:09.8178232Z           "h.group",
source_go	Real Go source ownership and AST dependency graph	2026-10-03T16:05:09.8178350Z           "h.group",
source_go	Real Go source ownership and AST dependency graph	2026-10-03T16:05:09.8178592Z           "fmt.Sprint",
source_go	Real Go source ownership and AST dependency graph	2026-10-03T16:05:09.8178723Z           ".UnixNano",
source_go	Real Go source ownership and AST dependency graph	2026-10-03T16:05:09.8178843Z           "time.Now",
source_go	Real Go source ownership and AST dependency graph	2026-10-03T16:05:09.8178982Z           "fmt.Sprintf",
source_go	Real Go source ownership and AST dependency graph	2026-10-03T16:05:09.8179104Z           "h.db.Exec",
source_go	Real Go source ownership and AST dependency graph	2026-10-03T16:05:09.8179265Z           "context.Background",
source_go	Real Go source ownership and AST dependency graph	2026-10-03T16:05:09.8179385Z           "t.Fatal",
source_go	Real Go source ownership and AST dependency graph	2026-10-03T16:05:09.8179506Z           "t.Cleanup",
source_go	Real Go source ownership and AST dependency graph	2026-10-03T16:05:09.8179630Z           "h.db.Exec",
source_go	Real Go source ownership and AST dependency graph	2026-10-03T16:05:09.8179785Z           "context.Background",
source_go	Real Go source ownership and AST dependency graph	2026-10-03T16:05:09.8179920Z           "fmt.Sprintf",
source_go	Real Go source ownership and AST dependency graph	2026-10-03T16:05:09.8180032Z           "h.send",
source_go	Real Go source ownership and AST dependency graph	2026-10-03T16:05:09.8180177Z           "h.normal.check",
source_go	Real Go source ownership and AST dependency graph	2026-10-03T16:05:09.8180293Z           "h.rows",
source_go	Real Go source ownership and AST dependency graph	2026-10-03T16:05:09.8180408Z           "t.Fatal",
source_go	Real Go source ownership and AST dependency graph	2026-10-03T16:05:09.8180526Z           "h.relay",
source_go	Real Go source ownership and AST dependency graph	2026-10-03T16:05:09.8180665Z           "h.normal.check",
source_go	Real Go source ownership and AST dependency graph	2026-10-03T16:05:09.8180821Z           "readMessageFrame",
source_go	Real Go source ownership and AST dependency graph	2026-10-03T16:05:09.8180962Z           "h.normal.check",
source_go	Real Go source ownership and AST dependency graph	2026-10-03T16:05:09.8181114Z           "readMessageFrame",
source_go	Real Go source ownership and AST dependency graph	2026-10-03T16:05:09.8181243Z           "shared.UUID",
source_go	Real Go source ownership and AST dependency graph	2026-10-03T16:05:09.8181375Z           "c.WriteJSON",
source_go	Real Go source ownership and AST dependency graph	2026-10-03T16:05:09.8181491Z           "frame",
source_go	Real Go source ownership and AST dependency graph	2026-10-03T16:05:09.8181637Z           "readMessageFrame",
source_go	Real Go source ownership and AST dependency graph	2026-10-03T16:05:09.8181756Z           "t.Fatal",
source_go	Real Go source ownership and AST dependency graph	2026-10-03T16:05:09.8181870Z           "h.rows",
source_go	Real Go source ownership and AST dependency graph	2026-10-03T16:05:09.8181990Z           "t.Fatalf",
source_go	Real Go source ownership and AST dependency graph	2026-10-03T16:05:09.8182119Z           "readFixture",
source_go	Real Go source ownership and AST dependency graph	2026-10-03T16:05:09.8182231Z           "t.Run",
source_go	Real Go source ownership and AST dependency graph	2026-10-03T16:05:09.8182392Z           "newMessagingHarness",
source_go	Real Go source ownership and AST dependency graph	2026-10-03T16:05:09.8182511Z           "fixture",
source_go	Real Go source ownership and AST dependency graph	2026-10-03T16:05:09.8182627Z           "t.Fatal",
source_go	Real Go source ownership and AST dependency graph	2026-10-03T16:05:09.8182742Z           "h.group",
source_go	Real Go source ownership and AST dependency graph	2026-10-03T16:05:09.8182867Z           "h.db.Exec",
source_go	Real Go source ownership and AST dependency graph	2026-10-03T16:05:09.8183022Z           "context.Background",
source_go	Real Go source ownership and AST dependency graph	2026-10-03T16:05:09.8183140Z           "t.Fatal",
source_go	Real Go source ownership and AST dependency graph	2026-10-03T16:05:09.8183263Z           "h.db.Exec",
source_go	Real Go source ownership and AST dependency graph	2026-10-03T16:05:09.8183421Z           "context.Background",
source_go	Real Go source ownership and AST dependency graph	2026-10-03T16:05:09.8183539Z           "t.Fatal",
source_go	Real Go source ownership and AST dependency graph	2026-10-03T16:05:09.8183668Z           "cloneFrame",
source_go	Real Go source ownership and AST dependency graph	2026-10-03T16:05:09.8183786Z           "fixture",
source_go	Real Go source ownership and AST dependency graph	2026-10-03T16:05:09.8183901Z           "h.send",
source_go	Real Go source ownership and AST dependency graph	2026-10-03T16:05:09.8184018Z           "h.relay",
source_go	Real Go source ownership and AST dependency graph	2026-10-03T16:05:09.8184156Z           "h.normal.check",
source_go	Real Go source ownership and AST dependency graph	2026-10-03T16:05:09.8184311Z           "readMessageFrame",
source_go	Real Go source ownership and AST dependency graph	2026-10-03T16:05:09.8184451Z           "h.normal.check",
source_go	Real Go source ownership and AST dependency graph	2026-10-03T16:05:09.8184602Z           "readMessageFrame",
source_go	Real Go source ownership and AST dependency graph	2026-10-03T16:05:09.8184737Z           "shared.UUID",
source_go	Real Go source ownership and AST dependency graph	2026-10-03T16:05:09.8184903Z           "h.receiver.WriteJSON",
source_go	Real Go source ownership and AST dependency graph	2026-10-03T16:05:09.8185021Z           "frame",
source_go	Real Go source ownership and AST dependency graph	2026-10-03T16:05:09.8185170Z           "readMessageFrame",
source_go	Real Go source ownership and AST dependency graph	2026-10-03T16:05:09.8185287Z           "t.Fatal",
source_go	Real Go source ownership and AST dependency graph	2026-10-03T16:05:09.8185399Z           "h.rows",
source_go	Real Go source ownership and AST dependency graph	2026-10-03T16:05:09.8185536Z           "t.Fatal",
source_go	Real Go source ownership and AST dependency graph	2026-10-03T16:05:09.8185658Z           "fixture",
source_go	Real Go source ownership and AST dependency graph	2026-10-03T16:05:09.8185772Z           "h.send",
source_go	Real Go source ownership and AST dependency graph	2026-10-03T16:05:09.8186037Z           "h.normal.check",
source_go	Real Go source ownership and AST dependency graph	2026-10-03T16:05:09.8186153Z           "fixture",
source_go	Real Go source ownership and AST dependency graph	2026-10-03T16:05:09.8186264Z           ".Scan",
source_go	Real Go source ownership and AST dependency graph	2026-10-03T16:05:09.8186398Z           "h.db.QueryRow",
source_go	Real Go source ownership and AST dependency graph	2026-10-03T16:05:09.8186560Z           "context.Background",
source_go	Real Go source ownership and AST dependency graph	2026-10-03T16:05:09.8186777Z           "t.Fatal",
source_go	Real Go source ownership and AST dependency graph	2026-10-03T16:05:09.8186908Z           "cloneFrame",
source_go	Real Go source ownership and AST dependency graph	2026-10-03T16:05:09.8187023Z           "h.send",
source_go	Real Go source ownership and AST dependency graph	2026-10-03T16:05:09.8187131Z           ".Scan",
source_go	Real Go source ownership and AST dependency graph	2026-10-03T16:05:09.8187269Z           "h.db.QueryRow",
source_go	Real Go source ownership and AST dependency graph	2026-10-03T16:05:09.8187426Z           "context.Background",
source_go	Real Go source ownership and AST dependency graph	2026-10-03T16:05:09.8187544Z           "t.Fatal",
source_go	Real Go source ownership and AST dependency graph	2026-10-03T16:05:09.8187657Z           "append",
source_go	Real Go source ownership and AST dependency graph	2026-10-03T16:05:09.8187794Z           "h.nc.Publish",
source_go	Real Go source ownership and AST dependency graph	2026-10-03T16:05:09.8187918Z           "h.nc.Flush",
source_go	Real Go source ownership and AST dependency graph	2026-10-03T16:05:09.8188068Z           "readMessageFrame",
source_go	Real Go source ownership and AST dependency graph	2026-10-03T16:05:09.8188209Z           "h.normal.check",
source_go	Real Go source ownership and AST dependency graph	2026-10-03T16:05:09.8188313Z           "int",
source_go	Real Go source ownership and AST dependency graph	2026-10-03T16:05:09.8188425Z           "len",
source_go	Real Go source ownership and AST dependency graph	2026-10-03T16:05:09.8188665Z           "t.Fatal",
source_go	Real Go source ownership and AST dependency graph	2026-10-03T16:05:09.8188796Z           "cloneFrame",
source_go	Real Go source ownership and AST dependency graph	2026-10-03T16:05:09.8188925Z           "shared.UUID",
source_go	Real Go source ownership and AST dependency graph	2026-10-03T16:05:09.8189041Z           "h.send",
source_go	Real Go source ownership and AST dependency graph	2026-10-03T16:05:09.8189169Z           "shared.UUID",
source_go	Real Go source ownership and AST dependency graph	2026-10-03T16:05:09.8189284Z           "call",
source_go	Real Go source ownership and AST dependency graph	2026-10-03T16:05:09.8189400Z           "expect",
source_go	Real Go source ownership and AST dependency graph	2026-10-03T16:05:09.8189524Z           "readResult",
source_go	Real Go source ownership and AST dependency graph	2026-10-03T16:05:09.8189639Z           "t.Fatal",
source_go	Real Go source ownership and AST dependency graph	2026-10-03T16:05:09.8189741Z           "len",
source_go	Real Go source ownership and AST dependency graph	2026-10-03T16:05:09.8189848Z           "int",
source_go	Real Go source ownership and AST dependency graph	2026-10-03T16:05:09.8189960Z           "t.Fatal",
source_go	Real Go source ownership and AST dependency graph	2026-10-03T16:05:09.8190076Z           "len",
source_go	Real Go source ownership and AST dependency graph	2026-10-03T16:05:09.8190184Z           "len",
source_go	Real Go source ownership and AST dependency graph	2026-10-03T16:05:09.8190299Z           "t.Fatal",
source_go	Real Go source ownership and AST dependency graph	2026-10-03T16:05:09.8190407Z           "call",
source_go	Real Go source ownership and AST dependency graph	2026-10-03T16:05:09.8190519Z           "expect",
source_go	Real Go source ownership and AST dependency graph	2026-10-03T16:05:09.8190679Z           "newMessagingHarness",
source_go	Real Go source ownership and AST dependency graph	2026-10-03T16:05:09.8190810Z           "readFixture",
source_go	Real Go source ownership and AST dependency graph	2026-10-03T16:05:09.8190932Z           "fixture",
source_go	Real Go source ownership and AST dependency graph	2026-10-03T16:05:09.8191075Z           "h.normal.check",
source_go	Real Go source ownership and AST dependency graph	2026-10-03T16:05:09.8191197Z           "h.send",
source_go	Real Go source ownership and AST dependency graph	2026-10-03T16:05:09.8191311Z           "h.rows",
source_go	Real Go source ownership and AST dependency graph	2026-10-03T16:05:09.8191430Z           "t.Fatal",
source_go	Real Go source ownership and AST dependency graph	2026-10-03T16:05:09.8191543Z           "h.relay",
source_go	Real Go source ownership and AST dependency graph	2026-10-03T16:05:09.8191663Z           "fixture",
source_go	Real Go source ownership and AST dependency graph	2026-10-03T16:05:09.8191807Z           "h.normal.check",
source_go	Real Go source ownership and AST dependency graph	2026-10-03T16:05:09.8191952Z           "readMessageFrame",
source_go	Real Go source ownership and AST dependency graph	2026-10-03T16:05:09.8192094Z           "h.normal.check",
source_go	Real Go source ownership and AST dependency graph	2026-10-03T16:05:09.8192241Z           "readMessageFrame",
source_go	Real Go source ownership and AST dependency graph	2026-10-03T16:05:09.8192356Z           ".Scan",
source_go	Real Go source ownership and AST dependency graph	2026-10-03T16:05:09.8192491Z           "h.db.QueryRow",
source_go	Real Go source ownership and AST dependency graph	2026-10-03T16:05:09.8192653Z           "context.Background",
source_go	Real Go source ownership and AST dependency graph	2026-10-03T16:05:09.8192776Z           "t.Fatal",
source_go	Real Go source ownership and AST dependency graph	2026-10-03T16:05:09.8192913Z           "h.nc.Publish",
source_go	Real Go source ownership and AST dependency graph	2026-10-03T16:05:09.8193031Z           "t.Fatal",
source_go	Real Go source ownership and AST dependency graph	2026-10-03T16:05:09.8193156Z           "h.nc.Flush",
source_go	Real Go source ownership and AST dependency graph	2026-10-03T16:05:09.8193275Z           "t.Fatal",
source_go	Real Go source ownership and AST dependency graph	2026-10-03T16:05:09.8193414Z           "h.normal.check",
source_go	Real Go source ownership and AST dependency graph	2026-10-03T16:05:09.8193570Z           "readMessageFrame",
source_go	Real Go source ownership and AST dependency graph	2026-10-03T16:05:09.8193753Z           "h.sender.SetReadDeadline",
source_go	Real Go source ownership and AST dependency graph	2026-10-03T16:05:09.8193865Z           ".Add",
source_go	Real Go source ownership and AST dependency graph	2026-10-03T16:05:09.8193990Z           "time.Now",
source_go	Real Go source ownership and AST dependency graph	2026-10-03T16:05:09.8194139Z           "h.sender.ReadJSON",
source_go	Real Go source ownership and AST dependency graph	2026-10-03T16:05:09.8194267Z           "t.Fatalf",
source_go	Real Go source ownership and AST dependency graph	2026-10-03T16:05:09.8194413Z           "strings.Contains",
source_go	Real Go source ownership and AST dependency graph	2026-10-03T16:05:09.8194544Z           "err.Error",
source_go	Real Go source ownership and AST dependency graph	2026-10-03T16:05:09.8194659Z           "t.Fatalf"
source_go	Real Go source ownership and AST dependency graph	2026-10-03T16:05:09.8194753Z         ],
source_go	Real Go source ownership and AST dependency graph	2026-10-03T16:05:09.8194866Z         "strings": [
source_go	Real Go source ownership and AST dependency graph	2026-10-03T16:05:09.8194987Z           "context",
source_go	Real Go source ownership and AST dependency graph	2026-10-03T16:05:09.8195132Z           "encoding/json",
source_go	Real Go source ownership and AST dependency graph	2026-10-03T16:05:09.8195237Z           "fmt",
source_go	Real Go source ownership and AST dependency graph	2026-10-03T16:05:09.8195438Z           "github.com/gorilla/websocket",
source_go	Real Go source ownership and AST dependency graph	2026-10-03T16:05:09.8195644Z           "github.com/jackc/pgx/v5/pgxpool",
source_go	Real Go source ownership and AST dependency graph	2026-10-03T16:05:09.8195845Z           "github.com/nats-io/nats.go",
source_go	Real Go source ownership and AST dependency graph	2026-10-03T16:05:09.8196037Z           "im-platform/backend/go/core",
source_go	Real Go source ownership and AST dependency graph	2026-10-03T16:05:09.8196362Z           "im-platform/backend/go/gateway",
source_go	Real Go source ownership and AST dependency graph	2026-10-03T16:05:09.8196559Z           "im-platform/backend/go/shared",
source_go	Real Go source ownership and AST dependency graph	2026-10-03T16:05:09.8196712Z           "net/http/httptest",
source_go	Real Go source ownership and AST dependency graph	2026-10-03T16:05:09.8196823Z           "os",
source_go	Real Go source ownership and AST dependency graph	2026-10-03T16:05:09.8196938Z           "reflect",
source_go	Real Go source ownership and AST dependency graph	2026-10-03T16:05:09.8197163Z           "strings",
source_go	Real Go source ownership and AST dependency graph	2026-10-03T16:05:09.8197278Z           "testing",
source_go	Real Go source ownership and AST dependency graph	2026-10-03T16:05:09.8197387Z           "time",
source_go	Real Go source ownership and AST dependency graph	2026-10-03T16:05:09.8197768Z           "canonical object shape differs: expected keys %v, actual keys %v",
source_go	Real Go source ownership and AST dependency graph	2026-10-03T16:05:09.8197953Z           "canonical array differs",
source_go	Real Go source ownership and AST dependency graph	2026-10-03T16:05:09.8198155Z           "canonical string type differs",
source_go	Real Go source ownership and AST dependency graph	2026-10-03T16:05:09.8198318Z           "invalid runtime UUID",
source_go	Real Go source ownership and AST dependency graph	2026-10-03T16:05:09.8198626Z           "canonical identity changed",
source_go	Real Go source ownership and AST dependency graph	2026-10-03T16:05:09.8198792Z           "invalid runtime time",
source_go	Real Go source ownership and AST dependency graph	2026-10-03T16:05:09.8198986Z           "committed timestamp changed",
source_go	Real Go source ownership and AST dependency graph	2026-10-03T16:05:09.8199196Z           "canonical scalar differs %q vs %q",
source_go	Real Go source ownership and AST dependency graph	2026-10-03T16:05:09.8199405Z           "canonical value differs %v vs %v",
source_go	Real Go source ownership and AST dependency graph	2026-10-03T16:05:09.8199551Z           "DB_TEST_ENABLE",
source_go	Real Go source ownership and AST dependency graph	2026-10-03T16:05:09.8199654Z           "1",
source_go	Real Go source ownership and AST dependency graph	2026-10-03T16:05:09.8200011Z           "set DB_TEST_ENABLE=1 with migrated disposable PostgreSQL/NATS",
source_go	Real Go source ownership and AST dependency graph	2026-10-03T16:05:09.8200115Z           "",
source_go	Real Go source ownership and AST dependency graph	2026-10-03T16:05:09.8200374Z           "test-only-signing-key-at-least-32-bytes",
source_go	Real Go source ownership and AST dependency graph	2026-10-03T16:05:09.8200480Z           "msg",
source_go	Real Go source ownership and AST dependency graph	2026-10-03T16:05:09.8200583Z           "-",
source_go	Real Go source ownership and AST dependency graph	2026-10-03T16:05:09.8200682Z           "",
source_go	Real Go source ownership and AST dependency graph	2026-10-03T16:05:09.8200789Z           "POST",
source_go	Real Go source ownership and AST dependency graph	2026-10-03T16:05:09.8200944Z           "/v1/auth/register",
source_go	Real Go source ownership and AST dependency graph	2026-10-03T16:05:09.8201067Z           "username",
source_go	Real Go source ownership and AST dependency graph	2026-10-03T16:05:09.8201194Z           "password",
source_go	Real Go source ownership and AST dependency graph	2026-10-03T16:05:09.8201426Z           "fixture-password-not-a-real-secret",
source_go	Real Go source ownership and AST dependency graph	2026-10-03T16:05:09.8201566Z           "displayName",
source_go	Real Go source ownership and AST dependency graph	2026-10-03T16:05:09.8201710Z           "Message Fixture",
source_go	Real Go source ownership and AST dependency graph	2026-10-03T16:05:09.8201810Z           "",
source_go	Real Go source ownership and AST dependency graph	2026-10-03T16:05:09.8201920Z           "user",
source_go	Real Go source ownership and AST dependency graph	2026-10-03T16:05:09.8202035Z           "userId",
source_go	Real Go source ownership and AST dependency graph	2026-10-03T16:05:09.8202145Z           "POST",
source_go	Real Go source ownership and AST dependency graph	2026-10-03T16:05:09.8202284Z           "/v1/auth/login",
source_go	Real Go source ownership and AST dependency graph	2026-10-03T16:05:09.8202409Z           "username",
source_go	Real Go source ownership and AST dependency graph	2026-10-03T16:05:09.8202531Z           "password",
source_go	Real Go source ownership and AST dependency graph	2026-10-03T16:05:09.8202761Z           "fixture-password-not-a-real-secret",
source_go	Real Go source ownership and AST dependency graph	2026-10-03T16:05:09.8202896Z           "clientType",
source_go	Real Go source ownership and AST dependency graph	2026-10-03T16:05:09.8202999Z           "WEB",
source_go	Real Go source ownership and AST dependency graph	2026-10-03T16:05:09.8203121Z           "deviceId",
source_go	Real Go source ownership and AST dependency graph	2026-10-03T16:05:09.8203238Z           "msg-web",
source_go	Real Go source ownership and AST dependency graph	2026-10-03T16:05:09.8203378Z           "clientVersion",
source_go	Real Go source ownership and AST dependency graph	2026-10-03T16:05:09.8203491Z           "1.0.0",
source_go	Real Go source ownership and AST dependency graph	2026-10-03T16:05:09.8203648Z           "protocolVersion",
source_go	Real Go source ownership and AST dependency graph	2026-10-03T16:05:09.8203747Z           "1",
source_go	Real Go source ownership and AST dependency graph	2026-10-03T16:05:09.8203849Z           "",
source_go	Real Go source ownership and AST dependency graph	2026-10-03T16:05:09.8203961Z           "POST",
source_go	Real Go source ownership and AST dependency graph	2026-10-03T16:05:09.8204099Z           "/v1/auth/login",
source_go	Real Go source ownership and AST dependency graph	2026-10-03T16:05:09.8204221Z           "username",
source_go	Real Go source ownership and AST dependency graph	2026-10-03T16:05:09.8204342Z           "password",
source_go	Real Go source ownership and AST dependency graph	2026-10-03T16:05:09.8204569Z           "fixture-password-not-a-real-secret",
source_go	Real Go source ownership and AST dependency graph	2026-10-03T16:05:09.8204702Z           "clientType",
source_go	Real Go source ownership and AST dependency graph	2026-10-03T16:05:09.8204821Z           "DESKTOP",
source_go	Real Go source ownership and AST dependency graph	2026-10-03T16:05:09.8204942Z           "deviceId",
source_go	Real Go source ownership and AST dependency graph	2026-10-03T16:05:09.8205079Z           "msg-desktop",
source_go	Real Go source ownership and AST dependency graph	2026-10-03T16:05:09.8205229Z           "clientVersion",
source_go	Real Go source ownership and AST dependency graph	2026-10-03T16:05:09.8205346Z           "1.0.0",
source_go	Real Go source ownership and AST dependency graph	2026-10-03T16:05:09.8205500Z           "protocolVersion",
source_go	Real Go source ownership and AST dependency graph	2026-10-03T16:05:09.8205601Z           "1",
source_go	Real Go source ownership and AST dependency graph	2026-10-03T16:05:09.8205702Z           "",
source_go	Real Go source ownership and AST dependency graph	2026-10-03T16:05:09.8205809Z           "PUT",
source_go	Real Go source ownership and AST dependency graph	2026-10-03T16:05:09.8205946Z           "/v1/friends/",
source_go	Real Go source ownership and AST dependency graph	2026-10-03T16:05:09.8206116Z           "directConversationId",
source_go	Real Go source ownership and AST dependency graph	2026-10-03T16:05:09.8206321Z           "30000000-0000-4000-8000-000000000001",
source_go	Real Go source ownership and AST dependency graph	2026-10-03T16:05:09.8206521Z           "10000000-0000-4000-8000-000000000001",
source_go	Real Go source ownership and AST dependency graph	2026-10-03T16:05:09.8206622Z           "ws",
source_go	Real Go source ownership and AST dependency graph	2026-10-03T16:05:09.8206734Z           "http",
source_go	Real Go source ownership and AST dependency graph	2026-10-03T16:05:09.8206847Z           "/v1/ws",
source_go	Real Go source ownership and AST dependency graph	2026-10-03T16:05:09.8206975Z           "auth.bind",
source_go	Real Go source ownership and AST dependency graph	2026-10-03T16:05:09.8207107Z           "accessToken",
source_go	Real Go source ownership and AST dependency graph	2026-10-03T16:05:09.8207397Z           "bind write",
source_go	Real Go source ownership and AST dependency graph	2026-10-03T16:05:09.8207521Z           "payload",
source_go	Real Go source ownership and AST dependency graph	2026-10-03T16:05:09.8207632Z           "status",
source_go	Real Go source ownership and AST dependency graph	2026-10-03T16:05:09.8207746Z           "bound",
source_go	Real Go source ownership and AST dependency graph	2026-10-03T16:05:09.8207882Z           "bind rejected",
source_go	Real Go source ownership and AST dependency graph	2026-10-03T16:05:09.8208291Z           "DELETE FROM outbox_events WHERE conversation_id=$1",
source_go	Real Go source ownership and AST dependency graph	2026-10-03T16:05:09.8208678Z           "DELETE FROM messages WHERE conversation_id=$1",
source_go	Real Go source ownership and AST dependency graph	2026-10-03T16:05:09.8208999Z           "DELETE FROM friendships WHERE direct_conversation_id=$1",
source_go	Real Go source ownership and AST dependency graph	2026-10-03T16:05:09.8209334Z           "DELETE FROM conversation_members WHERE conversation_id=$1",
source_go	Real Go source ownership and AST dependency graph	2026-10-03T16:05:09.8209625Z           "DELETE FROM conversations WHERE conversation_id=$1",
source_go	Real Go source ownership and AST dependency graph	2026-10-03T16:05:09.8210296Z           "DELETE FROM outbox_events WHERE aggregate_id=$1 OR aggregate_id IN (SELECT session_id FROM sessions WHERE user_id=$1)",
source_go	Real Go source ownership and AST dependency graph	2026-10-03T16:05:09.8210552Z           "DELETE FROM user_sync_events WHERE user_id=$1",
source_go	Real Go source ownership and AST dependency graph	2026-10-03T16:05:09.8210783Z           "DELETE FROM sessions WHERE user_id=$1",
source_go	Real Go source ownership and AST dependency graph	2026-10-03T16:05:09.8210993Z           "DELETE FROM users WHERE user_id=$1",
source_go	Real Go source ownership and AST dependency graph	2026-10-03T16:05:09.8211112Z           "payload",
source_go	Real Go source ownership and AST dependency graph	2026-10-03T16:05:09.8211261Z           "conversationId",
source_go	Real Go source ownership and AST dependency graph	2026-10-03T16:05:09.8211406Z           "conversationId",
source_go	Real Go source ownership and AST dependency graph	2026-10-03T16:05:09.8211717Z           "SELECT count(*) FROM messages WHERE conversation_id=$1",
source_go	Real Go source ownership and AST dependency graph	2026-10-03T16:05:09.8212241Z           "SELECT count(*) FROM outbox_events WHERE conversation_id=$1 AND event_type='message.created'",
source_go	Real Go source ownership and AST dependency graph	2026-10-03T16:05:09.8212585Z           "SELECT next_seq FROM conversations WHERE conversation_id=$1",
source_go	Real Go source ownership and AST dependency graph	2026-10-03T16:05:09.8213206Z           "INSERT INTO conversations(conversation_id,kind,created_by,group_create_request_id) VALUES($1,'GROUP',$2,$3)",
source_go	Real Go source ownership and AST dependency graph	2026-10-03T16:05:09.8213878Z           "INSERT INTO users(user_id,username,display_name,password_hash) VALUES($1::uuid,$1::text,'Group fixture','test-only')",
source_go	Real Go source ownership and AST dependency graph	2026-10-03T16:05:09.8214368Z           "INSERT INTO conversation_members(conversation_id,user_id,role) VALUES($1,$2,'MEMBER')",
source_go	Real Go source ownership and AST dependency graph	2026-10-03T16:05:09.8214654Z           "../../../contracts/fixtures/websocket/golden.json",
source_go	Real Go source ownership and AST dependency graph	2026-10-03T16:05:09.8214843Z           "durable-send-and-created",
source_go	Real Go source ownership and AST dependency graph	2026-10-03T16:05:09.8215002Z           "idempotent-retry",
source_go	Real Go source ownership and AST dependency graph	2026-10-03T16:05:09.8215233Z           "same-request-different-conversation",
source_go	Real Go source ownership and AST dependency graph	2026-10-03T16:05:09.8215404Z           "group-single-message",
source_go	Real Go source ownership and AST dependency graph	2026-10-03T16:05:09.8215555Z           "non-member-send",
source_go	Real Go source ownership and AST dependency graph	2026-10-03T16:05:09.8215717Z           "conflicting-retry",
source_go	Real Go source ownership and AST dependency graph	2026-10-03T16:05:09.8215879Z           "rollback-before-ack",
source_go	Real Go source ownership and AST dependency graph	2026-10-03T16:05:09.8216107Z           "same-request-different-conversation",
source_go	Real Go source ownership and AST dependency graph	2026-10-03T16:05:09.8216308Z           "30000000-0000-4000-8000-000000000002",
source_go	Real Go source ownership and AST dependency graph	2026-10-03T16:05:09.8216477Z           "group-single-message",
source_go	Real Go source ownership and AST dependency graph	2026-10-03T16:05:09.8216678Z           "30000000-0000-4000-8000-000000000001",
source_go	Real Go source ownership and AST dependency graph	2026-10-03T16:05:09.8216839Z           "rollback-before-ack",
source_go	Real Go source ownership and AST dependency graph	2026-10-03T16:05:09.8216980Z           "fixtureprobe",
source_go	Real Go source ownership and AST dependency graph	2026-10-03T16:05:09.8218404Z           "CREATE FUNCTION %s() RETURNS trigger LANGUAGE plpgsql AS $$ BEGIN IF NEW.conversation_id='%s'::uuid THEN RAISE EXCEPTION 'injected rollback'; END IF; RETURN NEW; END $$; CREATE TRIGGER %s BEFORE INSERT ON outbox_events FOR EACH ROW EXECUTE FUNCTION %s()",
source_go	Real Go source ownership and AST dependency graph	2026-10-03T16:05:09.8218924Z           "DROP TRIGGER IF EXISTS %s ON outbox_events;DROP FUNCTION IF EXISTS %s()",
source_go	Real Go source ownership and AST dependency graph	2026-10-03T16:05:09.8219079Z           "non-member-send",
source_go	Real Go source ownership and AST dependency graph	2026-10-03T16:05:09.8219258Z           "durable-send-and-created",
source_go	Real Go source ownership and AST dependency graph	2026-10-03T16:05:09.8219433Z           "ACK before durable rows",
source_go	Real Go source ownership and AST dependency graph	2026-10-03T16:05:09.8219542Z           "ping",
source_go	Real Go source ownership and AST dependency graph	2026-10-03T16:05:09.8219657Z           "type",
source_go	Real Go source ownership and AST dependency graph	2026-10-03T16:05:09.8219766Z           "pong",
source_go	Real Go source ownership and AST dependency graph	2026-10-03T16:05:09.8219978Z           "origin/wrong Conversation event",
source_go	Real Go source ownership and AST dependency graph	2026-10-03T16:05:09.8220146Z           "group-single-message",
source_go	Real Go source ownership and AST dependency graph	2026-10-03T16:05:09.8220292Z           "non-member-send",
source_go	Real Go source ownership and AST dependency graph	2026-10-03T16:05:09.8220456Z           "rollback-before-ack",
source_go	Real Go source ownership and AST dependency graph	2026-10-03T16:05:09.8220691Z           "fixture %s logical effects %d/%d want %d",
source_go	Real Go source ownership and AST dependency graph	2026-10-03T16:05:09.8221099Z           "../../../contracts/fixtures/websocket/golden.json",
source_go	Real Go source ownership and AST dependency graph	2026-10-03T16:05:09.8221250Z           "duplicate-fanout",
source_go	Real Go source ownership and AST dependency graph	2026-10-03T16:05:09.8221416Z           "out-of-order-fanout",
source_go	Real Go source ownership and AST dependency graph	2026-10-03T16:05:09.8221712Z           "wrong-conversation-fanout",
source_go	Real Go source ownership and AST dependency graph	2026-10-03T16:05:09.8221912Z           "canonical scenario unavailable",
source_go	Real Go source ownership and AST dependency graph	2026-10-03T16:05:09.8222101Z           "wrong-conversation-fanout",
source_go	Real Go source ownership and AST dependency graph	2026-10-03T16:05:09.8222300Z           "30000000-0000-4000-8000-000000000002",
source_go	Real Go source ownership and AST dependency graph	2026-10-03T16:05:09.8222713Z           "DELETE FROM conversation_members WHERE conversation_id=$1 AND user_id=$2",
source_go	Real Go source ownership and AST dependency graph	2026-10-03T16:05:09.8223198Z           "INSERT INTO conversation_members(conversation_id,user_id,role) VALUES($1,$2,'MEMBER')",
source_go	Real Go source ownership and AST dependency graph	2026-10-03T16:05:09.8223379Z           "durable-send-and-created",
source_go	Real Go source ownership and AST dependency graph	2026-10-03T16:05:09.8223506Z           "requestId",
source_go	Real Go source ownership and AST dependency graph	2026-10-03T16:05:09.8223629Z           "requestId",
source_go	Real Go source ownership and AST dependency graph	2026-10-03T16:05:09.8223751Z           "payload",
source_go	Real Go source ownership and AST dependency graph	2026-10-03T16:05:09.8223900Z           "conversationId",
source_go	Real Go source ownership and AST dependency graph	2026-10-03T16:05:09.8224011Z           "ping",
source_go	Real Go source ownership and AST dependency graph	2026-10-03T16:05:09.8224116Z           "type",
source_go	Real Go source ownership and AST dependency graph	2026-10-03T16:05:09.8224228Z           "pong",
source_go	Real Go source ownership and AST dependency graph	2026-10-03T16:05:09.8224481Z           "wrong Conversation delivered to nonmember",
source_go	Real Go source ownership and AST dependency graph	2026-10-03T16:05:09.8224722Z           "wrong Conversation fixture persistence",
source_go	Real Go source ownership and AST dependency graph	2026-10-03T16:05:09.8224906Z           "durable-send-and-created",
source_go	Real Go source ownership and AST dependency graph	2026-10-03T16:05:09.8225081Z           "durable-send-and-created",
source_go	Real Go source ownership and AST dependency graph	2026-10-03T16:05:09.8225607Z           "SELECT payload FROM outbox_events WHERE conversation_id=$1 AND event_type='message.created'",
source_go	Real Go source ownership and AST dependency graph	2026-10-03T16:05:09.8225772Z           "out-of-order-fanout",
source_go	Real Go source ownership and AST dependency graph	2026-10-03T16:05:09.8225909Z           "requestId",
source_go	Real Go source ownership and AST dependency graph	2026-10-03T16:05:09.8226110Z           "40000000-0000-4000-8000-000000000002",
source_go	Real Go source ownership and AST dependency graph	2026-10-03T16:05:09.8226227Z           "payload",
source_go	Real Go source ownership and AST dependency graph	2026-10-03T16:05:09.8226348Z           "content",
source_go	Real Go source ownership and AST dependency graph	2026-10-03T16:05:09.8226463Z           "payload",
source_go	Real Go source ownership and AST dependency graph	2026-10-03T16:05:09.8226585Z           "content",
source_go	Real Go source ownership and AST dependency graph	2026-10-03T16:05:09.8227300Z           "SELECT payload FROM outbox_events WHERE conversation_id=$1 AND event_type='message.created' ORDER BY created_at DESC LIMIT 1",
source_go	Real Go source ownership and AST dependency graph	2026-10-03T16:05:09.8227456Z           "duplicate-fanout",
source_go	Real Go source ownership and AST dependency graph	2026-10-03T16:05:09.8227606Z           "message.created.",
source_go	Real Go source ownership and AST dependency graph	2026-10-03T16:05:09.8227730Z           "payload",
source_go	Real Go source ownership and AST dependency graph	2026-10-03T16:05:09.8227877Z           "conversationId",
source_go	Real Go source ownership and AST dependency graph	2026-10-03T16:05:09.8227978Z           ":",
source_go	Real Go source ownership and AST dependency graph	2026-10-03T16:05:09.8228108Z           "requestId",
source_go	Real Go source ownership and AST dependency graph	2026-10-03T16:05:09.8228211Z           "seq",
source_go	Real Go source ownership and AST dependency graph	2026-10-03T16:05:09.8228378Z           "out-of-order-fanout",
source_go	Real Go source ownership and AST dependency graph	2026-10-03T16:05:09.8228710Z           "duplicate logical materialization",
source_go	Real Go source ownership and AST dependency graph	2026-10-03T16:05:09.8228839Z           "requestId",
source_go	Real Go source ownership and AST dependency graph	2026-10-03T16:05:09.8228958Z           "payload",
source_go	Real Go source ownership and AST dependency graph	2026-10-03T16:05:09.8229077Z           "content",
source_go	Real Go source ownership and AST dependency graph	2026-10-03T16:05:09.8229186Z           "text",
source_go	Real Go source ownership and AST dependency graph	2026-10-03T16:05:09.8229297Z           "missed",
source_go	Real Go source ownership and AST dependency graph	2026-10-03T16:05:09.8229407Z           "POST",
source_go	Real Go source ownership and AST dependency graph	2026-10-03T16:05:09.8229552Z           "/__core/history",
source_go	Real Go source ownership and AST dependency graph	2026-10-03T16:05:09.8229696Z           "syncVersion",
source_go	Real Go source ownership and AST dependency graph	2026-10-03T16:05:09.8229799Z           "1.0",
source_go	Real Go source ownership and AST dependency graph	2026-10-03T16:05:09.8229914Z           "type",
source_go	Real Go source ownership and AST dependency graph	2026-10-03T16:05:09.8230104Z           "sync.conversation.request",
source_go	Real Go source ownership and AST dependency graph	2026-10-03T16:05:09.8230225Z           "requestId",
source_go	Real Go source ownership and AST dependency graph	2026-10-03T16:05:09.8230374Z           "conversationId",
source_go	Real Go source ownership and AST dependency graph	2026-10-03T16:05:09.8230494Z           "afterSeq",
source_go	Real Go source ownership and AST dependency graph	2026-10-03T16:05:09.8230610Z           "limit",
source_go	Real Go source ownership and AST dependency graph	2026-10-03T16:05:09.8230741Z           "syncVersion",
source_go	Real Go source ownership and AST dependency graph	2026-10-03T16:05:09.8230847Z           "1.0",
source_go	Real Go source ownership and AST dependency graph	2026-10-03T16:05:09.8230957Z           "type",
source_go	Real Go source ownership and AST dependency graph	2026-10-03T16:05:09.8231135Z           "sync.conversation.page",
source_go	Real Go source ownership and AST dependency graph	2026-10-03T16:05:09.8231280Z           "conversationId",
source_go	Real Go source ownership and AST dependency graph	2026-10-03T16:05:09.8231403Z           "requestId",
source_go	Real Go source ownership and AST dependency graph	2026-10-03T16:05:09.8231522Z           "hasMore",
source_go	Real Go source ownership and AST dependency graph	2026-10-03T16:05:09.8231713Z           "canonical history envelope",
source_go	Real Go source ownership and AST dependency graph	2026-10-03T16:05:09.8231837Z           "messages",
source_go	Real Go source ownership and AST dependency graph	2026-10-03T16:05:09.8231941Z           "seq",
source_go	Real Go source ownership and AST dependency graph	2026-10-03T16:05:09.8232119Z           "history shape/order gap",
source_go	Real Go source ownership and AST dependency graph	2026-10-03T16:05:09.8232385Z           "conversationId",
source_go	Real Go source ownership and AST dependency graph	2026-10-03T16:05:09.8232485Z           ":",
source_go	Real Go source ownership and AST dependency graph	2026-10-03T16:05:09.8232610Z           "requestId",
source_go	Real Go source ownership and AST dependency graph	2026-10-03T16:05:09.8232808Z           "Sync failed to close missed gap",
source_go	Real Go source ownership and AST dependency graph	2026-10-03T16:05:09.8232916Z           "POST",
source_go	Real Go source ownership and AST dependency graph	2026-10-03T16:05:09.8233164Z           "/__core/history",
source_go	Real Go source ownership and AST dependency graph	2026-10-03T16:05:09.8233299Z           "syncVersion",
source_go	Real Go source ownership and AST dependency graph	2026-10-03T16:05:09.8233402Z           "1.0",
source_go	Real Go source ownership and AST dependency graph	2026-10-03T16:05:09.8233513Z           "type",
source_go	Real Go source ownership and AST dependency graph	2026-10-03T16:05:09.8233700Z           "sync.conversation.request",
source_go	Real Go source ownership and AST dependency graph	2026-10-03T16:05:09.8233822Z           "requestId",
source_go	Real Go source ownership and AST dependency graph	2026-10-03T16:05:09.8233971Z           "conversationId",
source_go	Real Go source ownership and AST dependency graph	2026-10-03T16:05:09.8234089Z           "afterSeq",
source_go	Real Go source ownership and AST dependency graph	2026-10-03T16:05:09.8234203Z           "limit",
source_go	Real Go source ownership and AST dependency graph	2026-10-03T16:05:09.8234482Z           "../../../contracts/fixtures/websocket/golden.json",
source_go	Real Go source ownership and AST dependency graph	2026-10-03T16:05:09.8234642Z           "conflicting-retry",
source_go	Real Go source ownership and AST dependency graph	2026-10-03T16:05:09.8234887Z           "conflicting retry changed durable effects",
source_go	Real Go source ownership and AST dependency graph	2026-10-03T16:05:09.8235064Z           "durable-send-and-created",
source_go	Real Go source ownership and AST dependency graph	2026-10-03T16:05:09.8235596Z           "SELECT payload FROM outbox_events WHERE conversation_id=$1 AND event_type='message.created'",
source_go	Real Go source ownership and AST dependency graph	2026-10-03T16:05:09.8235749Z           "message.created.",
source_go	Real Go source ownership and AST dependency graph	2026-10-03T16:05:09.8235985Z           "origin received %v after rejected retry",
source_go	Real Go source ownership and AST dependency graph	2026-10-03T16:05:09.8236098Z           "type",
source_go	Real Go source ownership and AST dependency graph	2026-10-03T16:05:09.8236225Z           "timeout",
source_go	Real Go source ownership and AST dependency graph	2026-10-03T16:05:09.8236420Z           "unexpected origin failure: %v"
source_go	Real Go source ownership and AST dependency graph	2026-10-03T16:05:09.8236510Z         ]
source_go	Real Go source ownership and AST dependency graph	2026-10-03T16:05:09.8236597Z       },
source_go	Real Go source ownership and AST dependency graph	2026-10-03T16:05:09.8236681Z       {
source_go	Real Go source ownership and AST dependency graph	2026-10-03T16:05:09.8236907Z         "path": "tests/revocation_fallback_test.go",
source_go	Real Go source ownership and AST dependency graph	2026-10-03T16:05:09.8237041Z         "package": "tests",
source_go	Real Go source ownership and AST dependency graph	2026-10-03T16:05:09.8237162Z         "imports": [
source_go	Real Go source ownership and AST dependency graph	2026-10-03T16:05:09.8237285Z           "context",
source_go	Real Go source ownership and AST dependency graph	2026-10-03T16:05:09.8237444Z           "net/http/httptest",
source_go	Real Go source ownership and AST dependency graph	2026-10-03T16:05:09.8237552Z           "os",
source_go	Real Go source ownership and AST dependency graph	2026-10-03T16:05:09.8237666Z           "strings",
source_go	Real Go source ownership and AST dependency graph	2026-10-03T16:05:09.8237785Z           "testing",
source_go	Real Go source ownership and AST dependency graph	2026-10-03T16:05:09.8237895Z           "time",
source_go	Real Go source ownership and AST dependency graph	2026-10-03T16:05:09.8238093Z           "github.com/gorilla/websocket",
source_go	Real Go source ownership and AST dependency graph	2026-10-03T16:05:09.8238298Z           "github.com/jackc/pgx/v5/pgxpool",
source_go	Real Go source ownership and AST dependency graph	2026-10-03T16:05:09.8238619Z           "im-platform/backend/go/gateway",
source_go	Real Go source ownership and AST dependency graph	2026-10-03T16:05:09.8238822Z           "im-platform/backend/go/shared"
source_go	Real Go source ownership and AST dependency graph	2026-10-03T16:05:09.8238911Z         ],
source_go	Real Go source ownership and AST dependency graph	2026-10-03T16:05:09.8239034Z         "functions": [
source_go	Real Go source ownership and AST dependency graph	2026-10-03T16:05:09.8239304Z           "TestPostgresRevocationFallbackWithoutNATS",
source_go	Real Go source ownership and AST dependency graph	2026-10-03T16:05:09.8239618Z           "TestPostgresFallbackExpiryAndDatabaseFailureClose"
source_go	Real Go source ownership and AST dependency graph	2026-10-03T16:05:09.8239707Z         ],
source_go	Real Go source ownership and AST dependency graph	2026-10-03T16:05:09.8239830Z         "types": null,
source_go	Real Go source ownership and AST dependency graph	2026-10-03T16:05:09.8239936Z         "calls": [
source_go	Real Go source ownership and AST dependency graph	2026-10-03T16:05:09.8240063Z           "os.Getenv",
source_go	Real Go source ownership and AST dependency graph	2026-10-03T16:05:09.8240180Z           "t.Skip",
source_go	Real Go source ownership and AST dependency graph	2026-10-03T16:05:09.8240317Z           "pgxpool.New",
source_go	Real Go source ownership and AST dependency graph	2026-10-03T16:05:09.8240480Z           "context.Background",
source_go	Real Go source ownership and AST dependency graph	2026-10-03T16:05:09.8240596Z           "t.Fatal",
source_go	Real Go source ownership and AST dependency graph	2026-10-03T16:05:09.8240721Z           "db.Close",
source_go	Real Go source ownership and AST dependency graph	2026-10-03T16:05:09.8240838Z           "db.Ping",
source_go	Real Go source ownership and AST dependency graph	2026-10-03T16:05:09.8240999Z           "context.Background",
source_go	Real Go source ownership and AST dependency graph	2026-10-03T16:05:09.8241117Z           "t.Fatal",
source_go	Real Go source ownership and AST dependency graph	2026-10-03T16:05:09.8241212Z           "",
source_go	Real Go source ownership and AST dependency graph	2026-10-03T16:05:09.8241342Z           "newService",
source_go	Real Go source ownership and AST dependency graph	2026-10-03T16:05:09.8241499Z           "gateway.NewHandler",
source_go	Real Go source ownership and AST dependency graph	2026-10-03T16:05:09.8241615Z           "t.Fatal",
source_go	Real Go source ownership and AST dependency graph	2026-10-03T16:05:09.8241770Z           "httptest.NewServer",
source_go	Real Go source ownership and AST dependency graph	2026-10-03T16:05:09.8241910Z           "server.Close",
source_go	Real Go source ownership and AST dependency graph	2026-10-03T16:05:09.8242063Z           "strings.TrimPrefix",
source_go	Real Go source ownership and AST dependency graph	2026-10-03T16:05:09.8242176Z           "t.Run",
source_go	Real Go source ownership and AST dependency graph	2026-10-03T16:05:09.8242337Z           "shared.RandomToken",
source_go	Real Go source ownership and AST dependency graph	2026-10-03T16:05:09.8242484Z           "strings.ToLower",
source_go	Real Go source ownership and AST dependency graph	2026-10-03T16:05:09.8242593Z           "call",
source_go	Real Go source ownership and AST dependency graph	2026-10-03T16:05:09.8242704Z           "expect",
source_go	Real Go source ownership and AST dependency graph	2026-10-03T16:05:09.8242834Z           "readResult",
source_go	Real Go source ownership and AST dependency graph	2026-10-03T16:05:09.8242929Z           "",
source_go	Real Go source ownership and AST dependency graph	2026-10-03T16:05:09.8243089Z           "context.Background",
source_go	Real Go source ownership and AST dependency graph	2026-10-03T16:05:09.8243204Z           "db.Exec",
source_go	Real Go source ownership and AST dependency graph	2026-10-03T16:05:09.8243444Z           "db.Exec",
source_go	Real Go source ownership and AST dependency graph	2026-10-03T16:05:09.8243563Z           "db.Exec",
source_go	Real Go source ownership and AST dependency graph	2026-10-03T16:05:09.8243677Z           "db.Exec",
source_go	Real Go source ownership and AST dependency graph	2026-10-03T16:05:09.8243785Z           "call",
source_go	Real Go source ownership and AST dependency graph	2026-10-03T16:05:09.8243896Z           "login",
source_go	Real Go source ownership and AST dependency graph	2026-10-03T16:05:09.8244118Z           "expect",
source_go	Real Go source ownership and AST dependency graph	2026-10-03T16:05:09.8244239Z           "getToken",
source_go	Real Go source ownership and AST dependency graph	2026-10-03T16:05:09.8244369Z           "getSession",
source_go	Real Go source ownership and AST dependency graph	2026-10-03T16:05:09.8244568Z           "websocket.DefaultDialer.Dial",
source_go	Real Go source ownership and AST dependency graph	2026-10-03T16:05:09.8244684Z           "t.Fatal",
source_go	Real Go source ownership and AST dependency graph	2026-10-03T16:05:09.8244815Z           "conn.Close",
source_go	Real Go source ownership and AST dependency graph	2026-10-03T16:05:09.8244956Z           "conn.WriteJSON",
source_go	Real Go source ownership and AST dependency graph	2026-10-03T16:05:09.8245068Z           "frame",
source_go	Real Go source ownership and AST dependency graph	2026-10-03T16:05:09.8245207Z           "conn.ReadJSON",
source_go	Real Go source ownership and AST dependency graph	2026-10-03T16:05:09.8245322Z           "t.Fatal",
source_go	Real Go source ownership and AST dependency graph	2026-10-03T16:05:09.8245439Z           "t.Fatalf",
source_go	Real Go source ownership and AST dependency graph	2026-10-03T16:05:09.8245600Z           "strings.HasPrefix",
source_go	Real Go source ownership and AST dependency graph	2026-10-03T16:05:09.8245713Z           "login",
source_go	Real Go source ownership and AST dependency graph	2026-10-03T16:05:09.8245826Z           "expect",
source_go	Real Go source ownership and AST dependency graph	2026-10-03T16:05:09.8245946Z           "expect",
source_go	Real Go source ownership and AST dependency graph	2026-10-03T16:05:09.8246052Z           "call",
source_go	Real Go source ownership and AST dependency graph	2026-10-03T16:05:09.8246176Z           "getToken",
source_go	Real Go source ownership and AST dependency graph	2026-10-03T16:05:09.8246287Z           "expect",
source_go	Real Go source ownership and AST dependency graph	2026-10-03T16:05:09.8246396Z           "call",
source_go	Real Go source ownership and AST dependency graph	2026-10-03T16:05:09.8246506Z           ".Scan",
source_go	Real Go source ownership and AST dependency graph	2026-10-03T16:05:09.8246648Z           "db.QueryRow",
source_go	Real Go source ownership and AST dependency graph	2026-10-03T16:05:09.8246808Z           "context.Background",
source_go	Real Go source ownership and AST dependency graph	2026-10-03T16:05:09.8246925Z           "t.Fatalf",
source_go	Real Go source ownership and AST dependency graph	2026-10-03T16:05:09.8247092Z           "conn.SetReadDeadline",
source_go	Real Go source ownership and AST dependency graph	2026-10-03T16:05:09.8247199Z           ".Add",
source_go	Real Go source ownership and AST dependency graph	2026-10-03T16:05:09.8247328Z           "time.Now",
source_go	Real Go source ownership and AST dependency graph	2026-10-03T16:05:09.8247467Z           "conn.ReadJSON",
source_go	Real Go source ownership and AST dependency graph	2026-10-03T16:05:09.8247589Z           "t.Fatal",
source_go	Real Go source ownership and AST dependency graph	2026-10-03T16:05:09.8247712Z           "t.Fatalf",
source_go	Real Go source ownership and AST dependency graph	2026-10-03T16:05:09.8247851Z           "conn.ReadJSON",
source_go	Real Go source ownership and AST dependency graph	2026-10-03T16:05:09.8247969Z           "t.Fatal",
source_go	Real Go source ownership and AST dependency graph	2026-10-03T16:05:09.8248164Z           "websocket.DefaultDialer.Dial",
source_go	Real Go source ownership and AST dependency graph	2026-10-03T16:05:09.8248284Z           "t.Fatal",
source_go	Real Go source ownership and AST dependency graph	2026-10-03T16:05:09.8248415Z           "stale.Close",
source_go	Real Go source ownership and AST dependency graph	2026-10-03T16:05:09.8248713Z           "stale.SetReadDeadline",
source_go	Real Go source ownership and AST dependency graph	2026-10-03T16:05:09.8248821Z           ".Add",
source_go	Real Go source ownership and AST dependency graph	2026-10-03T16:05:09.8248944Z           "time.Now",
source_go	Real Go source ownership and AST dependency graph	2026-10-03T16:05:09.8249090Z           "stale.WriteJSON",
source_go	Real Go source ownership and AST dependency graph	2026-10-03T16:05:09.8249202Z           "frame",
source_go	Real Go source ownership and AST dependency graph	2026-10-03T16:05:09.8249347Z           "stale.ReadJSON",
source_go	Real Go source ownership and AST dependency graph	2026-10-03T16:05:09.8249463Z           "t.Fatal",
source_go	Real Go source ownership and AST dependency graph	2026-10-03T16:05:09.8249578Z           "t.Fatal",
source_go	Real Go source ownership and AST dependency graph	2026-10-03T16:05:09.8249701Z           "os.Getenv",
source_go	Real Go source ownership and AST dependency graph	2026-10-03T16:05:09.8249817Z           "t.Skip",
source_go	Real Go source ownership and AST dependency graph	2026-10-03T16:05:09.8249926Z           "t.Run",
source_go	Real Go source ownership and AST dependency graph	2026-10-03T16:05:09.8250087Z           "context.Background",
source_go	Real Go source ownership and AST dependency graph	2026-10-03T16:05:09.8250227Z           "pgxpool.New",
source_go	Real Go source ownership and AST dependency graph	2026-10-03T16:05:09.8250340Z           "t.Fatal",
source_go	Real Go source ownership and AST dependency graph	2026-10-03T16:05:09.8250461Z           "db.Close",
source_go	Real Go source ownership and AST dependency graph	2026-10-03T16:05:09.8250578Z           "db.Ping",
source_go	Real Go source ownership and AST dependency graph	2026-10-03T16:05:09.8250700Z           "t.Fatal",
source_go	Real Go source ownership and AST dependency graph	2026-10-03T16:05:09.8250837Z           "pgxpool.New",
source_go	Real Go source ownership and AST dependency graph	2026-10-03T16:05:09.8250956Z           "t.Fatal",
source_go	Real Go source ownership and AST dependency graph	2026-10-03T16:05:09.8251110Z           "gatewayDB.Close",
source_go	Real Go source ownership and AST dependency graph	2026-10-03T16:05:09.8251207Z           "",
source_go	Real Go source ownership and AST dependency graph	2026-10-03T16:05:09.8251337Z           "newService",
source_go	Real Go source ownership and AST dependency graph	2026-10-03T16:05:09.8251495Z           "shared.RandomToken",
source_go	Real Go source ownership and AST dependency graph	2026-10-03T16:05:09.8251645Z           "strings.ToLower",
source_go	Real Go source ownership and AST dependency graph	2026-10-03T16:05:09.8251756Z           "call",
source_go	Real Go source ownership and AST dependency graph	2026-10-03T16:05:09.8251873Z           "expect",
source_go	Real Go source ownership and AST dependency graph	2026-10-03T16:05:09.8252000Z           "readResult",
source_go	Real Go source ownership and AST dependency graph	2026-10-03T16:05:09.8252099Z           "",
source_go	Real Go source ownership and AST dependency graph	2026-10-03T16:05:09.8252219Z           "db.Exec",
source_go	Real Go source ownership and AST dependency graph	2026-10-03T16:05:09.8252333Z           "db.Exec",
source_go	Real Go source ownership and AST dependency graph	2026-10-03T16:05:09.8252442Z           "call",
source_go	Real Go source ownership and AST dependency graph	2026-10-03T16:05:09.8252555Z           "expect",
source_go	Real Go source ownership and AST dependency graph	2026-10-03T16:05:09.8252679Z           "getToken",
source_go	Real Go source ownership and AST dependency graph	2026-10-03T16:05:09.8252820Z           "s.codec.Parse",
source_go	Real Go source ownership and AST dependency graph	2026-10-03T16:05:09.8252938Z           "t.Fatal",
source_go	Real Go source ownership and AST dependency graph	2026-10-03T16:05:09.8253048Z           ".Unix",
source_go	Real Go source ownership and AST dependency graph	2026-10-03T16:05:09.8253173Z           "time.Now",
source_go	Real Go source ownership and AST dependency graph	2026-10-03T16:05:09.8253311Z           "s.codec.Sign",
source_go	Real Go source ownership and AST dependency graph	2026-10-03T16:05:09.8253427Z           "t.Fatal",
source_go	Real Go source ownership and AST dependency graph	2026-10-03T16:05:09.8253707Z           "gateway.NewHandler",
source_go	Real Go source ownership and AST dependency graph	2026-10-03T16:05:09.8253822Z           "t.Fatal",
source_go	Real Go source ownership and AST dependency graph	2026-10-03T16:05:09.8253983Z           "httptest.NewServer",
source_go	Real Go source ownership and AST dependency graph	2026-10-03T16:05:09.8254117Z           "server.Close",
source_go	Real Go source ownership and AST dependency graph	2026-10-03T16:05:09.8254318Z           "websocket.DefaultDialer.Dial",
source_go	Real Go source ownership and AST dependency graph	2026-10-03T16:05:09.8254589Z           "strings.TrimPrefix",
source_go	Real Go source ownership and AST dependency graph	2026-10-03T16:05:09.8254705Z           "t.Fatal",
source_go	Real Go source ownership and AST dependency graph	2026-10-03T16:05:09.8254836Z           "conn.Close",
source_go	Real Go source ownership and AST dependency graph	2026-10-03T16:05:09.8254976Z           "conn.WriteJSON",
source_go	Real Go source ownership and AST dependency graph	2026-10-03T16:05:09.8255090Z           "frame",
source_go	Real Go source ownership and AST dependency graph	2026-10-03T16:05:09.8255227Z           "conn.ReadJSON",
source_go	Real Go source ownership and AST dependency graph	2026-10-03T16:05:09.8255345Z           "t.Fatal",
source_go	Real Go source ownership and AST dependency graph	2026-10-03T16:05:09.8255459Z           "t.Fatal",
source_go	Real Go source ownership and AST dependency graph	2026-10-03T16:05:09.8255607Z           "gatewayDB.Close",
source_go	Real Go source ownership and AST dependency graph	2026-10-03T16:05:09.8255778Z           "conn.SetReadDeadline",
source_go	Real Go source ownership and AST dependency graph	2026-10-03T16:05:09.8255885Z           ".Add",
source_go	Real Go source ownership and AST dependency graph	2026-10-03T16:05:09.8256010Z           "time.Now",
source_go	Real Go source ownership and AST dependency graph	2026-10-03T16:05:09.8256146Z           "conn.ReadJSON",
source_go	Real Go source ownership and AST dependency graph	2026-10-03T16:05:09.8256271Z           "t.Fatal",
source_go	Real Go source ownership and AST dependency graph	2026-10-03T16:05:09.8256393Z           "t.Fatalf",
source_go	Real Go source ownership and AST dependency graph	2026-10-03T16:05:09.8256533Z           "conn.ReadJSON",
source_go	Real Go source ownership and AST dependency graph	2026-10-03T16:05:09.8256650Z           "t.Fatal"
source_go	Real Go source ownership and AST dependency graph	2026-10-03T16:05:09.8256741Z         ],
source_go	Real Go source ownership and AST dependency graph	2026-10-03T16:05:09.8256861Z         "strings": [
source_go	Real Go source ownership and AST dependency graph	2026-10-03T16:05:09.8256982Z           "context",
source_go	Real Go source ownership and AST dependency graph	2026-10-03T16:05:09.8257141Z           "net/http/httptest",
source_go	Real Go source ownership and AST dependency graph	2026-10-03T16:05:09.8257244Z           "os",
source_go	Real Go source ownership and AST dependency graph	2026-10-03T16:05:09.8257365Z           "strings",
source_go	Real Go source ownership and AST dependency graph	2026-10-03T16:05:09.8257479Z           "testing",
source_go	Real Go source ownership and AST dependency graph	2026-10-03T16:05:09.8257589Z           "time",
source_go	Real Go source ownership and AST dependency graph	2026-10-03T16:05:09.8257784Z           "github.com/gorilla/websocket",
source_go	Real Go source ownership and AST dependency graph	2026-10-03T16:05:09.8257987Z           "github.com/jackc/pgx/v5/pgxpool",
source_go	Real Go source ownership and AST dependency graph	2026-10-03T16:05:09.8258192Z           "im-platform/backend/go/gateway",
source_go	Real Go source ownership and AST dependency graph	2026-10-03T16:05:09.8258387Z           "im-platform/backend/go/shared",
source_go	Real Go source ownership and AST dependency graph	2026-10-03T16:05:09.8258645Z           "DB_TEST_ENABLE",
source_go	Real Go source ownership and AST dependency graph	2026-10-03T16:05:09.8258747Z           "1",
source_go	Real Go source ownership and AST dependency graph	2026-10-03T16:05:09.8259076Z           "set DB_TEST_ENABLE=1 with migrated disposable PostgreSQL",
source_go	Real Go source ownership and AST dependency graph	2026-10-03T16:05:09.8259182Z           "",
source_go	Real Go source ownership and AST dependency graph	2026-10-03T16:05:09.8259430Z           "test-only-signing-key-at-least-32-bytes",
source_go	Real Go source ownership and AST dependency graph	2026-10-03T16:05:09.8259623Z           "http://localhost:1",
source_go	Real Go source ownership and AST dependency graph	2026-10-03T16:05:09.8259729Z           "ws",
source_go	Real Go source ownership and AST dependency graph	2026-10-03T16:05:09.8259845Z           "http",
source_go	Real Go source ownership and AST dependency graph	2026-10-03T16:05:09.8259959Z           "/v1/ws",
source_go	Real Go source ownership and AST dependency graph	2026-10-03T16:05:09.8260085Z           "REPLACED",
source_go	Real Go source ownership and AST dependency graph	2026-10-03T16:05:09.8260198Z           "LOGOUT",
source_go	Real Go source ownership and AST dependency graph	2026-10-03T16:05:09.8260366Z           "REPLACED_THEN_LOGOUT",
source_go	Real Go source ownership and AST dependency graph	2026-10-03T16:05:09.8260491Z           "fallback",
source_go	Real Go source ownership and AST dependency graph	2026-10-03T16:05:09.8260724Z           "fixture-password-not-a-real-secret",
source_go	Real Go source ownership and AST dependency graph	2026-10-03T16:05:09.8260838Z           "POST",
source_go	Real Go source ownership and AST dependency graph	2026-10-03T16:05:09.8260989Z           "/v1/auth/register",
source_go	Real Go source ownership and AST dependency graph	2026-10-03T16:05:09.8261114Z           "username",
source_go	Real Go source ownership and AST dependency graph	2026-10-03T16:05:09.8261237Z           "password",
source_go	Real Go source ownership and AST dependency graph	2026-10-03T16:05:09.8261375Z           "displayName",
source_go	Real Go source ownership and AST dependency graph	2026-10-03T16:05:09.8261495Z           "Fallback",
source_go	Real Go source ownership and AST dependency graph	2026-10-03T16:05:09.8261597Z           "",
source_go	Real Go source ownership and AST dependency graph	2026-10-03T16:05:09.8261712Z           "user",
source_go	Real Go source ownership and AST dependency graph	2026-10-03T16:05:09.8261824Z           "userId",
source_go	Real Go source ownership and AST dependency graph	2026-10-03T16:05:09.8262920Z           "DELETE FROM outbox_events WHERE aggregate_type='session' AND aggregate_id IN (SELECT (payload->>'sessionId')::uuid FROM user_sync_events WHERE user_id=$1 AND event_type='session.revoked')",
source_go	Real Go source ownership and AST dependency graph	2026-10-03T16:05:09.8263192Z           "DELETE FROM user_sync_events WHERE user_id=$1",
source_go	Real Go source ownership and AST dependency graph	2026-10-03T16:05:09.8263423Z           "DELETE FROM sessions WHERE user_id=$1",
source_go	Real Go source ownership and AST dependency graph	2026-10-03T16:05:09.8263638Z           "DELETE FROM users WHERE user_id=$1",
source_go	Real Go source ownership and AST dependency graph	2026-10-03T16:05:09.8263746Z           "POST",
source_go	Real Go source ownership and AST dependency graph	2026-10-03T16:05:09.8263891Z           "/v1/auth/login",
source_go	Real Go source ownership and AST dependency graph	2026-10-03T16:05:09.8264012Z           "username",
source_go	Real Go source ownership and AST dependency graph	2026-10-03T16:05:09.8264141Z           "password",
source_go	Real Go source ownership and AST dependency graph	2026-10-03T16:05:09.8264271Z           "clientType",
source_go	Real Go source ownership and AST dependency graph	2026-10-03T16:05:09.8264382Z           "WEB",
source_go	Real Go source ownership and AST dependency graph	2026-10-03T16:05:09.8264500Z           "deviceId",
source_go	Real Go source ownership and AST dependency graph	2026-10-03T16:05:09.8264640Z           "clientVersion",
source_go	Real Go source ownership and AST dependency graph	2026-10-03T16:05:09.8264753Z           "1.0.0",
source_go	Real Go source ownership and AST dependency graph	2026-10-03T16:05:09.8265032Z           "protocolVersion",
source_go	Real Go source ownership and AST dependency graph	2026-10-03T16:05:09.8265134Z           "1",
source_go	Real Go source ownership and AST dependency graph	2026-10-03T16:05:09.8265228Z           "",
source_go	Real Go source ownership and AST dependency graph	2026-10-03T16:05:09.8265373Z           "fallback-first",
source_go	Real Go source ownership and AST dependency graph	2026-10-03T16:05:09.8265498Z           "sessionId",
source_go	Real Go source ownership and AST dependency graph	2026-10-03T16:05:09.8265732Z           "auth.bind",
source_go	Real Go source ownership and AST dependency graph	2026-10-03T16:05:09.8265939Z           "80000000-0000-4000-8000-000000000020",
source_go	Real Go source ownership and AST dependency graph	2026-10-03T16:05:09.8266071Z           "accessToken",
source_go	Real Go source ownership and AST dependency graph	2026-10-03T16:05:09.8266192Z           "payload",
source_go	Real Go source ownership and AST dependency graph	2026-10-03T16:05:09.8266303Z           "status",
source_go	Real Go source ownership and AST dependency graph	2026-10-03T16:05:09.8266415Z           "bound",
source_go	Real Go source ownership and AST dependency graph	2026-10-03T16:05:09.8266534Z           "bind: %v",
source_go	Real Go source ownership and AST dependency graph	2026-10-03T16:05:09.8266657Z           "REPLACED",
source_go	Real Go source ownership and AST dependency graph	2026-10-03T16:05:09.8266824Z           "fallback-replacement",
source_go	Real Go source ownership and AST dependency graph	2026-10-03T16:05:09.8266987Z           "REPLACED_THEN_LOGOUT",
source_go	Real Go source ownership and AST dependency graph	2026-10-03T16:05:09.8267099Z           "POST",
source_go	Real Go source ownership and AST dependency graph	2026-10-03T16:05:09.8267243Z           "/v1/auth/logout",
source_go	Real Go source ownership and AST dependency graph	2026-10-03T16:05:09.8267398Z           "REPLACED",
source_go	Real Go source ownership and AST dependency graph	2026-10-03T16:05:09.8267507Z           "POST",
source_go	Real Go source ownership and AST dependency graph	2026-10-03T16:05:09.8267660Z           "/v1/auth/logout",
source_go	Real Go source ownership and AST dependency graph	2026-10-03T16:05:09.8268392Z           "SELECT payload->>'reason' FROM user_sync_events WHERE user_id=$1 AND event_type='session.revoked' AND payload->>'sessionId'=$2",
source_go	Real Go source ownership and AST dependency graph	2026-10-03T16:05:09.8268707Z           "Core committed reason %q: %v",
source_go	Real Go source ownership and AST dependency graph	2026-10-03T16:05:09.8268839Z           "payload",
source_go	Real Go source ownership and AST dependency graph	2026-10-03T16:05:09.8268948Z           "type",
source_go	Real Go source ownership and AST dependency graph	2026-10-03T16:05:09.8269103Z           "session.revoked",
source_go	Real Go source ownership and AST dependency graph	2026-10-03T16:05:09.8269226Z           "sessionId",
source_go	Real Go source ownership and AST dependency graph	2026-10-03T16:05:09.8269342Z           "reason",
source_go	Real Go source ownership and AST dependency graph	2026-10-03T16:05:09.8269546Z           "fallback reason: got %v want %s",
source_go	Real Go source ownership and AST dependency graph	2026-10-03T16:05:09.8269743Z           "revoked socket remained open",
source_go	Real Go source ownership and AST dependency graph	2026-10-03T16:05:09.8269871Z           "auth.bind",
source_go	Real Go source ownership and AST dependency graph	2026-10-03T16:05:09.8270074Z           "80000000-0000-4000-8000-000000000021",
source_go	Real Go source ownership and AST dependency graph	2026-10-03T16:05:09.8270211Z           "accessToken",
source_go	Real Go source ownership and AST dependency graph	2026-10-03T16:05:09.8270331Z           "payload",
source_go	Real Go source ownership and AST dependency graph	2026-10-03T16:05:09.8270448Z           "status",
source_go	Real Go source ownership and AST dependency graph	2026-10-03T16:05:09.8270571Z           "rejected",
source_go	Real Go source ownership and AST dependency graph	2026-10-03T16:05:09.8270752Z           "old credential rebound",
source_go	Real Go source ownership and AST dependency graph	2026-10-03T16:05:09.8270891Z           "DB_TEST_ENABLE",
source_go	Real Go source ownership and AST dependency graph	2026-10-03T16:05:09.8270994Z           "1",
source_go	Real Go source ownership and AST dependency graph	2026-10-03T16:05:09.8271323Z           "set DB_TEST_ENABLE=1 with migrated disposable PostgreSQL",
source_go	Real Go source ownership and AST dependency graph	2026-10-03T16:05:09.8271441Z           "expiry",
source_go	Real Go source ownership and AST dependency graph	2026-10-03T16:05:09.8271566Z           "database",
source_go	Real Go source ownership and AST dependency graph	2026-10-03T16:05:09.8271663Z           "",
source_go	Real Go source ownership and AST dependency graph	2026-10-03T16:05:09.8271763Z           "",
source_go	Real Go source ownership and AST dependency graph	2026-10-03T16:05:09.8272011Z           "test-only-signing-key-at-least-32-bytes",
source_go	Real Go source ownership and AST dependency graph	2026-10-03T16:05:09.8272140Z           "failclose",
source_go	Real Go source ownership and AST dependency graph	2026-10-03T16:05:09.8272374Z           "fixture-password-not-a-real-secret",
source_go	Real Go source ownership and AST dependency graph	2026-10-03T16:05:09.8272483Z           "POST",
source_go	Real Go source ownership and AST dependency graph	2026-10-03T16:05:09.8272635Z           "/v1/auth/register",
source_go	Real Go source ownership and AST dependency graph	2026-10-03T16:05:09.8272755Z           "username",
source_go	Real Go source ownership and AST dependency graph	2026-10-03T16:05:09.8272879Z           "password",
source_go	Real Go source ownership and AST dependency graph	2026-10-03T16:05:09.8273012Z           "displayName",
source_go	Real Go source ownership and AST dependency graph	2026-10-03T16:05:09.8273158Z           "Close control",
source_go	Real Go source ownership and AST dependency graph	2026-10-03T16:05:09.8273253Z           "",
source_go	Real Go source ownership and AST dependency graph	2026-10-03T16:05:09.8273367Z           "user",
source_go	Real Go source ownership and AST dependency graph	2026-10-03T16:05:09.8273483Z           "userId",
source_go	Real Go source ownership and AST dependency graph	2026-10-03T16:05:09.8273710Z           "DELETE FROM sessions WHERE user_id=$1",
source_go	Real Go source ownership and AST dependency graph	2026-10-03T16:05:09.8273925Z           "DELETE FROM users WHERE user_id=$1",
source_go	Real Go source ownership and AST dependency graph	2026-10-03T16:05:09.8274039Z           "POST",
source_go	Real Go source ownership and AST dependency graph	2026-10-03T16:05:09.8274183Z           "/v1/auth/login",
source_go	Real Go source ownership and AST dependency graph	2026-10-03T16:05:09.8274302Z           "username",
source_go	Real Go source ownership and AST dependency graph	2026-10-03T16:05:09.8274431Z           "password",
source_go	Real Go source ownership and AST dependency graph	2026-10-03T16:05:09.8274563Z           "clientType",
source_go	Real Go source ownership and AST dependency graph	2026-10-03T16:05:09.8274668Z           "WEB",
source_go	Real Go source ownership and AST dependency graph	2026-10-03T16:05:09.8274789Z           "deviceId",
source_go	Real Go source ownership and AST dependency graph	2026-10-03T16:05:09.8274907Z           "control",
source_go	Real Go source ownership and AST dependency graph	2026-10-03T16:05:09.8275050Z           "clientVersion",
source_go	Real Go source ownership and AST dependency graph	2026-10-03T16:05:09.8275160Z           "1.0.0",
source_go	Real Go source ownership and AST dependency graph	2026-10-03T16:05:09.8275314Z           "protocolVersion",
source_go	Real Go source ownership and AST dependency graph	2026-10-03T16:05:09.8275412Z           "1",
source_go	Real Go source ownership and AST dependency graph	2026-10-03T16:05:09.8275511Z           "",
source_go	Real Go source ownership and AST dependency graph	2026-10-03T16:05:09.8275626Z           "expiry",
source_go	Real Go source ownership and AST dependency graph	2026-10-03T16:05:09.8275793Z           "http://localhost:1",
source_go	Real Go source ownership and AST dependency graph	2026-10-03T16:05:09.8276023Z           "ws",
source_go	Real Go source ownership and AST dependency graph	2026-10-03T16:05:09.8276130Z           "http",
source_go	Real Go source ownership and AST dependency graph	2026-10-03T16:05:09.8276244Z           "/v1/ws",
source_go	Real Go source ownership and AST dependency graph	2026-10-03T16:05:09.8276366Z           "auth.bind",
source_go	Real Go source ownership and AST dependency graph	2026-10-03T16:05:09.8276571Z           "80000000-0000-4000-8000-000000000022",
source_go	Real Go source ownership and AST dependency graph	2026-10-03T16:05:09.8276811Z           "accessToken",
source_go	Real Go source ownership and AST dependency graph	2026-10-03T16:05:09.8276935Z           "payload",
source_go	Real Go source ownership and AST dependency graph	2026-10-03T16:05:09.8277048Z           "status",
source_go	Real Go source ownership and AST dependency graph	2026-10-03T16:05:09.8277158Z           "bound",
source_go	Real Go source ownership and AST dependency graph	2026-10-03T16:05:09.8277291Z           "bind failed",
source_go	Real Go source ownership and AST dependency graph	2026-10-03T16:05:09.8277409Z           "database",
source_go	Real Go source ownership and AST dependency graph	2026-10-03T16:05:09.8277523Z           "type",
source_go	Real Go source ownership and AST dependency graph	2026-10-03T16:05:09.8277671Z           "session.revoked",
source_go	Real Go source ownership and AST dependency graph	2026-10-03T16:05:09.8277796Z           "payload",
source_go	Real Go source ownership and AST dependency graph	2026-10-03T16:05:09.8277907Z           "reason",
source_go	Real Go source ownership and AST dependency graph	2026-10-03T16:05:09.8278028Z           "REVOKED",
source_go	Real Go source ownership and AST dependency graph	2026-10-03T16:05:09.8278189Z           "unsafe cause %s: %v",
source_go	Real Go source ownership and AST dependency graph	2026-10-03T16:05:09.8278378Z           "unsafe socket remained open"
source_go	Real Go source ownership and AST dependency graph	2026-10-03T16:05:09.8278581Z         ]
source_go	Real Go source ownership and AST dependency graph	2026-10-03T16:05:09.8278669Z       },
source_go	Real Go source ownership and AST dependency graph	2026-10-03T16:05:09.8278757Z       {
source_go	Real Go source ownership and AST dependency graph	2026-10-03T16:05:09.8278937Z         "path": "tests/runtime_test.go",
source_go	Real Go source ownership and AST dependency graph	2026-10-03T16:05:09.8279075Z         "package": "tests",
source_go	Real Go source ownership and AST dependency graph	2026-10-03T16:05:09.8279194Z         "imports": [
source_go	Real Go source ownership and AST dependency graph	2026-10-03T16:05:09.8279333Z           "encoding/json",
source_go	Real Go source ownership and AST dependency graph	2026-10-03T16:05:09.8279547Z           "github.com/jackc/pgx/v5/pgxpool",
source_go	Real Go source ownership and AST dependency graph	2026-10-03T16:05:09.8279735Z           "github.com/nats-io/nats.go",
source_go	Real Go source ownership and AST dependency graph	2026-10-03T16:05:09.8279927Z           "im-platform/backend/go/core",
source_go	Real Go source ownership and AST dependency graph	2026-10-03T16:05:09.8280124Z           "im-platform/backend/go/gateway",
source_go	Real Go source ownership and AST dependency graph	2026-10-03T16:05:09.8280323Z           "im-platform/backend/go/shared",
source_go	Real Go source ownership and AST dependency graph	2026-10-03T16:05:09.8280444Z           "net/http",
source_go	Real Go source ownership and AST dependency graph	2026-10-03T16:05:09.8280553Z           "os",
source_go	Real Go source ownership and AST dependency graph	2026-10-03T16:05:09.8280670Z           "regexp",
source_go	Real Go source ownership and AST dependency graph	2026-10-03T16:05:09.8280785Z           "testing",
source_go	Real Go source ownership and AST dependency graph	2026-10-03T16:05:09.8280896Z           "time"
source_go	Real Go source ownership and AST dependency graph	2026-10-03T16:05:09.8280983Z         ],
source_go	Real Go source ownership and AST dependency graph	2026-10-03T16:05:09.8281108Z         "functions": [
source_go	Real Go source ownership and AST dependency graph	2026-10-03T16:05:09.8281236Z           "newService",
source_go	Real Go source ownership and AST dependency graph	2026-10-03T16:05:09.8281361Z           "testNATS",
source_go	Real Go source ownership and AST dependency graph	2026-10-03T16:05:09.8281492Z           "newGateway",
source_go	Real Go source ownership and AST dependency graph	2026-10-03T16:05:09.8281649Z           "publishRevocation",
source_go	Real Go source ownership and AST dependency graph	2026-10-03T16:05:09.8281789Z           "publishEvent",
source_go	Real Go source ownership and AST dependency graph	2026-10-03T16:05:09.8281899Z           "frame",
source_go	Real Go source ownership and AST dependency graph	2026-10-03T16:05:09.8282026Z           "validUUID"
source_go	Real Go source ownership and AST dependency graph	2026-10-03T16:05:09.8282114Z         ],
source_go	Real Go source ownership and AST dependency graph	2026-10-03T16:05:09.8282226Z         "types": [
source_go	Real Go source ownership and AST dependency graph	2026-10-03T16:05:09.8282353Z           "testService"
source_go	Real Go source ownership and AST dependency graph	2026-10-03T16:05:09.8282446Z         ],
source_go	Real Go source ownership and AST dependency graph	2026-10-03T16:05:09.8282555Z         "calls": [
source_go	Real Go source ownership and AST dependency graph	2026-10-03T16:05:09.8282702Z           "core.NewHandler",
source_go	Real Go source ownership and AST dependency graph	2026-10-03T16:05:09.8282832Z           "t.Helper",
source_go	Real Go source ownership and AST dependency graph	2026-10-03T16:05:09.8282956Z           "os.Getenv",
source_go	Real Go source ownership and AST dependency graph	2026-10-03T16:05:09.8283099Z           "nats.Connect",
source_go	Real Go source ownership and AST dependency graph	2026-10-03T16:05:09.8283215Z           "t.Fatal",
source_go	Real Go source ownership and AST dependency graph	2026-10-03T16:05:09.8283342Z           "t.Cleanup",
source_go	Real Go source ownership and AST dependency graph	2026-10-03T16:05:09.8283460Z           "t.Helper",
source_go	Real Go source ownership and AST dependency graph	2026-10-03T16:05:09.8283586Z           "testNATS",
source_go	Real Go source ownership and AST dependency graph	2026-10-03T16:05:09.8283752Z           "gateway.NewHandler",
source_go	Real Go source ownership and AST dependency graph	2026-10-03T16:05:09.8283871Z           "t.Fatal",
source_go	Real Go source ownership and AST dependency graph	2026-10-03T16:05:09.8283995Z           "t.Helper",
source_go	Real Go source ownership and AST dependency graph	2026-10-03T16:05:09.8284130Z           "json.Marshal",
source_go	Real Go source ownership and AST dependency graph	2026-10-03T16:05:09.8284261Z           "nc.Publish",
source_go	Real Go source ownership and AST dependency graph	2026-10-03T16:05:09.8284376Z           "t.Fatal",
source_go	Real Go source ownership and AST dependency graph	2026-10-03T16:05:09.8284503Z           "nc.Flush",
source_go	Real Go source ownership and AST dependency graph	2026-10-03T16:05:09.8284623Z           "t.Fatal",
source_go	Real Go source ownership and AST dependency graph	2026-10-03T16:05:09.8284780Z           "publishRevocation",
source_go	Real Go source ownership and AST dependency graph	2026-10-03T16:05:09.8284902Z           "testNATS",
source_go	Real Go source ownership and AST dependency graph	2026-10-03T16:05:09.8285038Z           ".MatchString",
source_go	Real Go source ownership and AST dependency graph	2026-10-03T16:05:09.8285195Z           "regexp.MustCompile"
source_go	Real Go source ownership and AST dependency graph	2026-10-03T16:05:09.8285281Z         ],
source_go	Real Go source ownership and AST dependency graph	2026-10-03T16:05:09.8285400Z         "strings": [
source_go	Real Go source ownership and AST dependency graph	2026-10-03T16:05:09.8285540Z           "encoding/json",
source_go	Real Go source ownership and AST dependency graph	2026-10-03T16:05:09.8285751Z           "github.com/jackc/pgx/v5/pgxpool",
source_go	Real Go source ownership and AST dependency graph	2026-10-03T16:05:09.8285943Z           "github.com/nats-io/nats.go",
source_go	Real Go source ownership and AST dependency graph	2026-10-03T16:05:09.8286132Z           "im-platform/backend/go/core",
source_go	Real Go source ownership and AST dependency graph	2026-10-03T16:05:09.8286335Z           "im-platform/backend/go/gateway",
source_go	Real Go source ownership and AST dependency graph	2026-10-03T16:05:09.8286651Z           "im-platform/backend/go/shared",
source_go	Real Go source ownership and AST dependency graph	2026-10-03T16:05:09.8286775Z           "net/http",
source_go	Real Go source ownership and AST dependency graph	2026-10-03T16:05:09.8286878Z           "os",
source_go	Real Go source ownership and AST dependency graph	2026-10-03T16:05:09.8286995Z           "regexp",
source_go	Real Go source ownership and AST dependency graph	2026-10-03T16:05:09.8287113Z           "testing",
source_go	Real Go source ownership and AST dependency graph	2026-10-03T16:05:09.8287322Z           "time",
source_go	Real Go source ownership and AST dependency graph	2026-10-03T16:05:09.8287444Z           "NATS_URL",
source_go	Real Go source ownership and AST dependency graph	2026-10-03T16:05:09.8287538Z           "",
source_go	Real Go source ownership and AST dependency graph	2026-10-03T16:05:09.8287709Z           "nats://127.0.0.1:4222",
source_go	Real Go source ownership and AST dependency graph	2026-10-03T16:05:09.8287871Z           "http://localhost:1",
source_go	Real Go source ownership and AST dependency graph	2026-10-03T16:05:09.8288000Z           "sessionId",
source_go	Real Go source ownership and AST dependency graph	2026-10-03T16:05:09.8288114Z           "reason",
source_go	Real Go source ownership and AST dependency graph	2026-10-03T16:05:09.8288264Z           "session.revoked",
source_go	Real Go source ownership and AST dependency graph	2026-10-03T16:05:09.8288418Z           "protocolVersion",
source_go	Real Go source ownership and AST dependency graph	2026-10-03T16:05:09.8288637Z           "1.0",
source_go	Real Go source ownership and AST dependency graph	2026-10-03T16:05:09.8288750Z           "type",
source_go	Real Go source ownership and AST dependency graph	2026-10-03T16:05:09.8288872Z           "requestId",
source_go	Real Go source ownership and AST dependency graph	2026-10-03T16:05:09.8288994Z           "payload",
source_go	Real Go source ownership and AST dependency graph	2026-10-03T16:05:09.8289394Z           "^[0-9a-fA-F]{8}-[0-9a-fA-F]{4}-[0-9a-fA-F]{4}-[0-9a-fA-F]{4}-[0-9a-fA-F]{12}$"
source_go	Real Go source ownership and AST dependency graph	2026-10-03T16:05:09.8289489Z         ]
source_go	Real Go source ownership and AST dependency graph	2026-10-03T16:05:09.8289572Z       },
source_go	Real Go source ownership and AST dependency graph	2026-10-03T16:05:09.8289655Z       {
source_go	Real Go source ownership and AST dependency graph	2026-10-03T16:05:09.8289832Z         "path": "tests/social_test.go",
source_go	Real Go source ownership and AST dependency graph	2026-10-03T16:05:09.8289965Z         "package": "tests",
source_go	Real Go source ownership and AST dependency graph	2026-10-03T16:05:09.8290086Z         "imports": [
source_go	Real Go source ownership and AST dependency graph	2026-10-03T16:05:09.8290203Z           "context",
source_go	Real Go source ownership and AST dependency graph	2026-10-03T16:05:09.8290344Z           "encoding/json",
source_go	Real Go source ownership and AST dependency graph	2026-10-03T16:05:09.8290447Z           "fmt",
source_go	Real Go source ownership and AST dependency graph	2026-10-03T16:05:09.8290645Z           "im-platform/backend/go/shared",
source_go	Real Go source ownership and AST dependency graph	2026-10-03T16:05:09.8290800Z           "net/http/httptest",
source_go	Real Go source ownership and AST dependency graph	2026-10-03T16:05:09.8290901Z           "os",
source_go	Real Go source ownership and AST dependency graph	2026-10-03T16:05:09.8291020Z           "strings",
source_go	Real Go source ownership and AST dependency graph	2026-10-03T16:05:09.8291125Z           "sync",
source_go	Real Go source ownership and AST dependency graph	2026-10-03T16:05:09.8291245Z           "testing",
source_go	Real Go source ownership and AST dependency graph	2026-10-03T16:05:09.8291352Z           "time",
source_go	Real Go source ownership and AST dependency graph	2026-10-03T16:05:09.8291554Z           "github.com/jackc/pgx/v5/pgxpool"
source_go	Real Go source ownership and AST dependency graph	2026-10-03T16:05:09.8291641Z         ],
source_go	Real Go source ownership and AST dependency graph	2026-10-03T16:05:09.8291767Z         "functions": [
source_go	Real Go source ownership and AST dependency graph	2026-10-03T16:05:09.8291918Z           "socialDatabase",
source_go	Real Go source ownership and AST dependency graph	2026-10-03T16:05:09.8292047Z           "socialUser",
source_go	Real Go source ownership and AST dependency graph	2026-10-03T16:05:09.8292218Z           "cleanupSocialUsers",
source_go	Real Go source ownership and AST dependency graph	2026-10-03T16:05:09.8292353Z           "socialCount",
source_go	Real Go source ownership and AST dependency graph	2026-10-03T16:05:09.8292615Z           "TestCanonicalSocialFixturesAndAtomicity",
source_go	Real Go source ownership and AST dependency graph	2026-10-03T16:05:09.8292823Z           "TestConcurrentReverseFriendAdd",
source_go	Real Go source ownership and AST dependency graph	2026-10-03T16:05:09.8293029Z           "TestSocialLoop1Applicability",
source_go	Real Go source ownership and AST dependency graph	2026-10-03T16:05:09.8293332Z           "TestSocialMutationRechecksSessionAfterUserLock"
source_go	Real Go source ownership and AST dependency graph	2026-10-03T16:05:09.8293421Z         ],
source_go	Real Go source ownership and AST dependency graph	2026-10-03T16:05:09.8293546Z         "types": null,
source_go	Real Go source ownership and AST dependency graph	2026-10-03T16:05:09.8293655Z         "calls": [
source_go	Real Go source ownership and AST dependency graph	2026-10-03T16:05:09.8293780Z           "t.Helper",
source_go	Real Go source ownership and AST dependency graph	2026-10-03T16:05:09.8293903Z           "os.Getenv",
source_go	Real Go source ownership and AST dependency graph	2026-10-03T16:05:09.8294020Z           "t.Skip",
source_go	Real Go source ownership and AST dependency graph	2026-10-03T16:05:09.8294180Z           "context.Background",
source_go	Real Go source ownership and AST dependency graph	2026-10-03T16:05:09.8294320Z           "pgxpool.New",
source_go	Real Go source ownership and AST dependency graph	2026-10-03T16:05:09.8294440Z           "t.Fatal",
source_go	Real Go source ownership and AST dependency graph	2026-10-03T16:05:09.8294564Z           "t.Cleanup",
source_go	Real Go source ownership and AST dependency graph	2026-10-03T16:05:09.8294693Z           "db.Ping",
source_go	Real Go source ownership and AST dependency graph	2026-10-03T16:05:09.8294808Z           "t.Fatal",
source_go	Real Go source ownership and AST dependency graph	2026-10-03T16:05:09.8294938Z           "newService",
source_go	Real Go source ownership and AST dependency graph	2026-10-03T16:05:09.8295034Z           "",
source_go	Real Go source ownership and AST dependency graph	2026-10-03T16:05:09.8295160Z           "t.Helper",
source_go	Real Go source ownership and AST dependency graph	2026-10-03T16:05:09.8295323Z           "shared.RandomToken",
source_go	Real Go source ownership and AST dependency graph	2026-10-03T16:05:09.8295474Z           "strings.ToLower",
source_go	Real Go source ownership and AST dependency graph	2026-10-03T16:05:09.8295585Z           "call",
source_go	Real Go source ownership and AST dependency graph	2026-10-03T16:05:09.8295698Z           "expect",
source_go	Real Go source ownership and AST dependency graph	2026-10-03T16:05:09.8295829Z           "readResult",
source_go	Real Go source ownership and AST dependency graph	2026-10-03T16:05:09.8295935Z           "call",
source_go	Real Go source ownership and AST dependency graph	2026-10-03T16:05:09.8296053Z           "expect",
source_go	Real Go source ownership and AST dependency graph	2026-10-03T16:05:09.8296174Z           "getToken",
source_go	Real Go source ownership and AST dependency graph	2026-10-03T16:05:09.8296299Z           "t.Helper",
source_go	Real Go source ownership and AST dependency graph	2026-10-03T16:05:09.8296425Z           "t.Cleanup",
source_go	Real Go source ownership and AST dependency graph	2026-10-03T16:05:09.8296582Z           "context.Background",
source_go	Real Go source ownership and AST dependency graph	2026-10-03T16:05:09.8296703Z           "db.Exec",
source_go	Real Go source ownership and AST dependency graph	2026-10-03T16:05:09.8296818Z           "db.Exec",
source_go	Real Go source ownership and AST dependency graph	2026-10-03T16:05:09.8296940Z           "db.Exec",
source_go	Real Go source ownership and AST dependency graph	2026-10-03T16:05:09.8297054Z           "db.Exec",
source_go	Real Go source ownership and AST dependency graph	2026-10-03T16:05:09.8297326Z           "db.Exec",
source_go	Real Go source ownership and AST dependency graph	2026-10-03T16:05:09.8297440Z           "db.Exec",
source_go	Real Go source ownership and AST dependency graph	2026-10-03T16:05:09.8297558Z           "db.Exec",
source_go	Real Go source ownership and AST dependency graph	2026-10-03T16:05:09.8297676Z           "db.Exec",
source_go	Real Go source ownership and AST dependency graph	2026-10-03T16:05:09.8297793Z           "t.Helper",
source_go	Real Go source ownership and AST dependency graph	2026-10-03T16:05:09.8298015Z           ".Scan",
source_go	Real Go source ownership and AST dependency graph	2026-10-03T16:05:09.8298146Z           "db.QueryRow",
source_go	Real Go source ownership and AST dependency graph	2026-10-03T16:05:09.8298306Z           "context.Background",
source_go	Real Go source ownership and AST dependency graph	2026-10-03T16:05:09.8298419Z           "t.Fatal",
source_go	Real Go source ownership and AST dependency graph	2026-10-03T16:05:09.8298683Z           "socialDatabase",
source_go	Real Go source ownership and AST dependency graph	2026-10-03T16:05:09.8298813Z           "socialUser",
source_go	Real Go source ownership and AST dependency graph	2026-10-03T16:05:09.8298944Z           "socialUser",
source_go	Real Go source ownership and AST dependency graph	2026-10-03T16:05:09.8299105Z           "cleanupSocialUsers",
source_go	Real Go source ownership and AST dependency graph	2026-10-03T16:05:09.8299234Z           "readFixture",
source_go	Real Go source ownership and AST dependency graph	2026-10-03T16:05:09.8299368Z           "readFixture",
source_go	Real Go source ownership and AST dependency graph	2026-10-03T16:05:09.8299537Z           "newFixtureNormalizer",
source_go	Real Go source ownership and AST dependency graph	2026-10-03T16:05:09.8299661Z           "fixture",
source_go	Real Go source ownership and AST dependency graph	2026-10-03T16:05:09.8299767Z           "call",
source_go	Real Go source ownership and AST dependency graph	2026-10-03T16:05:09.8299886Z           "expect",
source_go	Real Go source ownership and AST dependency graph	2026-10-03T16:05:09.8300009Z           "n.check",
source_go	Real Go source ownership and AST dependency graph	2026-10-03T16:05:09.8300138Z           "readResult",
source_go	Real Go source ownership and AST dependency graph	2026-10-03T16:05:09.8300247Z           "call",
source_go	Real Go source ownership and AST dependency graph	2026-10-03T16:05:09.8300360Z           "expect",
source_go	Real Go source ownership and AST dependency graph	2026-10-03T16:05:09.8300478Z           "n.check",
source_go	Real Go source ownership and AST dependency graph	2026-10-03T16:05:09.8300604Z           "readResult",
source_go	Real Go source ownership and AST dependency graph	2026-10-03T16:05:09.8300737Z           "readResult",
source_go	Real Go source ownership and AST dependency graph	2026-10-03T16:05:09.8300872Z           "socialCount",
source_go	Real Go source ownership and AST dependency graph	2026-10-03T16:05:09.8301009Z           "socialCount",
source_go	Real Go source ownership and AST dependency graph	2026-10-03T16:05:09.8301146Z           "socialCount",
source_go	Real Go source ownership and AST dependency graph	2026-10-03T16:05:09.8301260Z           "t.Fatal",
source_go	Real Go source ownership and AST dependency graph	2026-10-03T16:05:09.8301398Z           "socialCount",
source_go	Real Go source ownership and AST dependency graph	2026-10-03T16:05:09.8301529Z           "socialCount",
source_go	Real Go source ownership and AST dependency graph	2026-10-03T16:05:09.8301652Z           "t.Fatal",
source_go	Real Go source ownership and AST dependency graph	2026-10-03T16:05:09.8301758Z           "call",
source_go	Real Go source ownership and AST dependency graph	2026-10-03T16:05:09.8301875Z           "expect",
source_go	Real Go source ownership and AST dependency graph	2026-10-03T16:05:09.8302001Z           "readResult",
source_go	Real Go source ownership and AST dependency graph	2026-10-03T16:05:09.8302139Z           "len",
source_go	Real Go source ownership and AST dependency graph	2026-10-03T16:05:09.8302262Z           "t.Fatalf",
source_go	Real Go source ownership and AST dependency graph	2026-10-03T16:05:09.8302370Z           "t.Run",
source_go	Real Go source ownership and AST dependency graph	2026-10-03T16:05:09.8302494Z           "fixture",
source_go	Real Go source ownership and AST dependency graph	2026-10-03T16:05:09.8302600Z           "call",
source_go	Real Go source ownership and AST dependency graph	2026-10-03T16:05:09.8302719Z           "expect",
source_go	Real Go source ownership and AST dependency graph	2026-10-03T16:05:09.8302833Z           "n.check",
source_go	Real Go source ownership and AST dependency graph	2026-10-03T16:05:09.8302966Z           "readResult",
source_go	Real Go source ownership and AST dependency graph	2026-10-03T16:05:09.8303081Z           "db.Exec",
source_go	Real Go source ownership and AST dependency graph	2026-10-03T16:05:09.8303250Z           "context.Background",
source_go	Real Go source ownership and AST dependency graph	2026-10-03T16:05:09.8303369Z           "t.Fatal",
source_go	Real Go source ownership and AST dependency graph	2026-10-03T16:05:09.8303485Z           "fixture",
source_go	Real Go source ownership and AST dependency graph	2026-10-03T16:05:09.8303595Z           "call",
source_go	Real Go source ownership and AST dependency graph	2026-10-03T16:05:09.8303708Z           "expect",
source_go	Real Go source ownership and AST dependency graph	2026-10-03T16:05:09.8303826Z           "n.check",
source_go	Real Go source ownership and AST dependency graph	2026-10-03T16:05:09.8303953Z           "readResult",
source_go	Real Go source ownership and AST dependency graph	2026-10-03T16:05:09.8304088Z           "socialCount",
source_go	Real Go source ownership and AST dependency graph	2026-10-03T16:05:09.8304205Z           "t.Fatal",
source_go	Real Go source ownership and AST dependency graph	2026-10-03T16:05:09.8304346Z           "socialDatabase",
source_go	Real Go source ownership and AST dependency graph	2026-10-03T16:05:09.8304478Z           "socialUser",
source_go	Real Go source ownership and AST dependency graph	2026-10-03T16:05:09.8304606Z           "socialUser",
source_go	Real Go source ownership and AST dependency graph	2026-10-03T16:05:09.8304767Z           "cleanupSocialUsers",
source_go	Real Go source ownership and AST dependency graph	2026-10-03T16:05:09.8304873Z           "make",
source_go	Real Go source ownership and AST dependency graph	2026-10-03T16:05:09.8304994Z           "wg.Add",
source_go	Real Go source ownership and AST dependency graph	2026-10-03T16:05:09.8305090Z           "",
source_go	Real Go source ownership and AST dependency graph	2026-10-03T16:05:09.8305212Z           "wg.Done",
source_go	Real Go source ownership and AST dependency graph	2026-10-03T16:05:09.8305322Z           "call",
source_go	Real Go source ownership and AST dependency graph	2026-10-03T16:05:09.8305438Z           "wg.Wait",
source_go	Real Go source ownership and AST dependency graph	2026-10-03T16:05:09.8305557Z           "close",
source_go	Real Go source ownership and AST dependency graph	2026-10-03T16:05:09.8305680Z           "t.Fatalf",
source_go	Real Go source ownership and AST dependency graph	2026-10-03T16:05:09.8305824Z           "r.Body.String",
source_go	Real Go source ownership and AST dependency graph	2026-10-03T16:05:09.8305952Z           "readResult",
source_go	Real Go source ownership and AST dependency graph	2026-10-03T16:05:09.8306076Z           "t.Fatalf",
source_go	Real Go source ownership and AST dependency graph	2026-10-03T16:05:09.8306195Z           "t.Fatalf",
source_go	Real Go source ownership and AST dependency graph	2026-10-03T16:05:09.8306332Z           "socialCount",
source_go	Real Go source ownership and AST dependency graph	2026-10-03T16:05:09.8306473Z           "socialCount",
source_go	Real Go source ownership and AST dependency graph	2026-10-03T16:05:09.8306606Z           "socialCount",
source_go	Real Go source ownership and AST dependency graph	2026-10-03T16:05:09.8306725Z           "t.Fatal",
source_go	Real Go source ownership and AST dependency graph	2026-10-03T16:05:09.8306856Z           "fmt.Sprintf",
source_go	Real Go source ownership and AST dependency graph	2026-10-03T16:05:09.8306990Z           "os.ReadFile",
source_go	Real Go source ownership and AST dependency graph	2026-10-03T16:05:09.8307105Z           "t.Fatal",
source_go	Real Go source ownership and AST dependency graph	2026-10-03T16:05:09.8307252Z           "json.Unmarshal",
source_go	Real Go source ownership and AST dependency graph	2026-10-03T16:05:09.8307375Z           "t.Fatal",
source_go	Real Go source ownership and AST dependency graph	2026-10-03T16:05:09.8307603Z           "len",
source_go	Real Go source ownership and AST dependency graph	2026-10-03T16:05:09.8307722Z           "t.Fatal",
source_go	Real Go source ownership and AST dependency graph	2026-10-03T16:05:09.8307836Z           "t.Fatal",
source_go	Real Go source ownership and AST dependency graph	2026-10-03T16:05:09.8307958Z           "fixture",
source_go	Real Go source ownership and AST dependency graph	2026-10-03T16:05:09.8308088Z           "readFixture",
source_go	Real Go source ownership and AST dependency graph	2026-10-03T16:05:09.8308305Z           "t.Log",
source_go	Real Go source ownership and AST dependency graph	2026-10-03T16:05:09.8308558Z           "socialDatabase",
source_go	Real Go source ownership and AST dependency graph	2026-10-03T16:05:09.8308692Z           "socialUser",
source_go	Real Go source ownership and AST dependency graph	2026-10-03T16:05:09.8308824Z           "socialUser",
source_go	Real Go source ownership and AST dependency graph	2026-10-03T16:05:09.8308981Z           "cleanupSocialUsers",
source_go	Real Go source ownership and AST dependency graph	2026-10-03T16:05:09.8309141Z           "context.Background",
source_go	Real Go source ownership and AST dependency graph	2026-10-03T16:05:09.8309260Z           "db.Begin",
source_go	Real Go source ownership and AST dependency graph	2026-10-03T16:05:09.8309379Z           "t.Fatal",
source_go	Real Go source ownership and AST dependency graph	2026-10-03T16:05:09.8309510Z           "tx.Rollback",
source_go	Real Go source ownership and AST dependency graph	2026-10-03T16:05:09.8309628Z           "tx.Exec",
source_go	Real Go source ownership and AST dependency graph	2026-10-03T16:05:09.8309743Z           "t.Fatal",
source_go	Real Go source ownership and AST dependency graph	2026-10-03T16:05:09.8309853Z           "make",
source_go	Real Go source ownership and AST dependency graph	2026-10-03T16:05:09.8309951Z           "",
source_go	Real Go source ownership and AST dependency graph	2026-10-03T16:05:09.8310057Z           "call",
source_go	Real Go source ownership and AST dependency graph	2026-10-03T16:05:09.8310168Z           ".Add",
source_go	Real Go source ownership and AST dependency graph	2026-10-03T16:05:09.8310293Z           "time.Now",
source_go	Real Go source ownership and AST dependency graph	2026-10-03T16:05:09.8310413Z           ".Before",
source_go	Real Go source ownership and AST dependency graph	2026-10-03T16:05:09.8310533Z           "time.Now",
source_go	Real Go source ownership and AST dependency graph	2026-10-03T16:05:09.8310646Z           ".Scan",
source_go	Real Go source ownership and AST dependency graph	2026-10-03T16:05:09.8310777Z           "db.QueryRow",
source_go	Real Go source ownership and AST dependency graph	2026-10-03T16:05:09.8310903Z           "t.Fatal",
source_go	Real Go source ownership and AST dependency graph	2026-10-03T16:05:09.8311035Z           "time.Sleep",
source_go	Real Go source ownership and AST dependency graph	2026-10-03T16:05:09.8311151Z           "t.Fatal",
source_go	Real Go source ownership and AST dependency graph	2026-10-03T16:05:09.8311271Z           "tx.Exec",
source_go	Real Go source ownership and AST dependency graph	2026-10-03T16:05:09.8311384Z           "t.Fatal",
source_go	Real Go source ownership and AST dependency graph	2026-10-03T16:05:09.8311512Z           "tx.Commit",
source_go	Real Go source ownership and AST dependency graph	2026-10-03T16:05:09.8311626Z           "t.Fatal",
source_go	Real Go source ownership and AST dependency graph	2026-10-03T16:05:09.8311742Z           "expect",
source_go	Real Go source ownership and AST dependency graph	2026-10-03T16:05:09.8311875Z           "readResult",
source_go	Real Go source ownership and AST dependency graph	2026-10-03T16:05:09.8311990Z           "t.Fatal",
source_go	Real Go source ownership and AST dependency graph	2026-10-03T16:05:09.8312120Z           "time.After",
source_go	Real Go source ownership and AST dependency graph	2026-10-03T16:05:09.8312234Z           "t.Fatal",
source_go	Real Go source ownership and AST dependency graph	2026-10-03T16:05:09.8312371Z           "socialCount",
source_go	Real Go source ownership and AST dependency graph	2026-10-03T16:05:09.8312505Z           "socialCount",
source_go	Real Go source ownership and AST dependency graph	2026-10-03T16:05:09.8312642Z           "socialCount",
source_go	Real Go source ownership and AST dependency graph	2026-10-03T16:05:09.8312756Z           "t.Fatal"
source_go	Real Go source ownership and AST dependency graph	2026-10-03T16:05:09.8312846Z         ],
source_go	Real Go source ownership and AST dependency graph	2026-10-03T16:05:09.8312961Z         "strings": [
source_go	Real Go source ownership and AST dependency graph	2026-10-03T16:05:09.8313077Z           "context",
source_go	Real Go source ownership and AST dependency graph	2026-10-03T16:05:09.8313221Z           "encoding/json",
source_go	Real Go source ownership and AST dependency graph	2026-10-03T16:05:09.8313330Z           "fmt",
source_go	Real Go source ownership and AST dependency graph	2026-10-03T16:05:09.8313533Z           "im-platform/backend/go/shared",
source_go	Real Go source ownership and AST dependency graph	2026-10-03T16:05:09.8313686Z           "net/http/httptest",
source_go	Real Go source ownership and AST dependency graph	2026-10-03T16:05:09.8313791Z           "os",
source_go	Real Go source ownership and AST dependency graph	2026-10-03T16:05:09.8313907Z           "strings",
source_go	Real Go source ownership and AST dependency graph	2026-10-03T16:05:09.8314016Z           "sync",
source_go	Real Go source ownership and AST dependency graph	2026-10-03T16:05:09.8314134Z           "testing",
source_go	Real Go source ownership and AST dependency graph	2026-10-03T16:05:09.8314239Z           "time",
source_go	Real Go source ownership and AST dependency graph	2026-10-03T16:05:09.8314449Z           "github.com/jackc/pgx/v5/pgxpool",
source_go	Real Go source ownership and AST dependency graph	2026-10-03T16:05:09.8314590Z           "DB_TEST_ENABLE",
source_go	Real Go source ownership and AST dependency graph	2026-10-03T16:05:09.8314694Z           "1",
source_go	Real Go source ownership and AST dependency graph	2026-10-03T16:05:09.8315019Z           "set DB_TEST_ENABLE=1 with migrated disposable PostgreSQL",
source_go	Real Go source ownership and AST dependency graph	2026-10-03T16:05:09.8315124Z           "",
source_go	Real Go source ownership and AST dependency graph	2026-10-03T16:05:09.8315381Z           "test-only-signing-key-at-least-32-bytes",
source_go	Real Go source ownership and AST dependency graph	2026-10-03T16:05:09.8315504Z           "social",
source_go	Real Go source ownership and AST dependency graph	2026-10-03T16:05:09.8315618Z           "POST",
source_go	Real Go source ownership and AST dependency graph	2026-10-03T16:05:09.8315772Z           "/v1/auth/register",
source_go	Real Go source ownership and AST dependency graph	2026-10-03T16:05:09.8315897Z           "username",
source_go	Real Go source ownership and AST dependency graph	2026-10-03T16:05:09.8316024Z           "password",
source_go	Real Go source ownership and AST dependency graph	2026-10-03T16:05:09.8316259Z           "fixture-password-not-a-real-secret",
source_go	Real Go source ownership and AST dependency graph	2026-10-03T16:05:09.8316395Z           "displayName",
source_go	Real Go source ownership and AST dependency graph	2026-10-03T16:05:09.8316496Z           "",
source_go	Real Go source ownership and AST dependency graph	2026-10-03T16:05:09.8316610Z           "user",
source_go	Real Go source ownership and AST dependency graph	2026-10-03T16:05:09.8316722Z           "userId",
source_go	Real Go source ownership and AST dependency graph	2026-10-03T16:05:09.8316834Z           "POST",
source_go	Real Go source ownership and AST dependency graph	2026-10-03T16:05:09.8316976Z           "/v1/auth/login",
source_go	Real Go source ownership and AST dependency graph	2026-10-03T16:05:09.8317100Z           "username",
source_go	Real Go source ownership and AST dependency graph	2026-10-03T16:05:09.8317222Z           "password",
source_go	Real Go source ownership and AST dependency graph	2026-10-03T16:05:09.8317454Z           "fixture-password-not-a-real-secret",
source_go	Real Go source ownership and AST dependency graph	2026-10-03T16:05:09.8317585Z           "clientType",
source_go	Real Go source ownership and AST dependency graph	2026-10-03T16:05:09.8317689Z           "WEB",
source_go	Real Go source ownership and AST dependency graph	2026-10-03T16:05:09.8317812Z           "deviceId",
source_go	Real Go source ownership and AST dependency graph	2026-10-03T16:05:09.8317938Z           "browser-1",
source_go	Real Go source ownership and AST dependency graph	2026-10-03T16:05:09.8318203Z           "clientVersion",
source_go	Real Go source ownership and AST dependency graph	2026-10-03T16:05:09.8318312Z           "1.0.0",
source_go	Real Go source ownership and AST dependency graph	2026-10-03T16:05:09.8318579Z           "protocolVersion",
source_go	Real Go source ownership and AST dependency graph	2026-10-03T16:05:09.8318682Z           "1",
source_go	Real Go source ownership and AST dependency graph	2026-10-03T16:05:09.8318780Z           "",
source_go	Real Go source ownership and AST dependency graph	2026-10-03T16:05:09.8319328Z           "DELETE FROM outbox_events WHERE aggregate_type='user' AND aggregate_id=$1",
source_go	Real Go source ownership and AST dependency graph	2026-10-03T16:05:09.8320414Z           "DELETE FROM outbox_events WHERE aggregate_type='session' AND aggregate_id IN (SELECT (payload->>'sessionId')::uuid FROM user_sync_events WHERE user_id=$1 AND event_type='session.revoked')",
source_go	Real Go source ownership and AST dependency graph	2026-10-03T16:05:09.8320679Z           "DELETE FROM user_sync_events WHERE user_id=$1",
source_go	Real Go source ownership and AST dependency graph	2026-10-03T16:05:09.8321041Z           "DELETE FROM friendships WHERE user_low_id=$1 OR user_high_id=$1",
source_go	Real Go source ownership and AST dependency graph	2026-10-03T16:05:09.8321400Z           "DELETE FROM conversation_members WHERE user_id=$1 OR user_id=$2",
source_go	Real Go source ownership and AST dependency graph	2026-10-03T16:05:09.8321858Z           "DELETE FROM conversations WHERE direct_user_low_id=$1 OR direct_user_high_id=$1",
source_go	Real Go source ownership and AST dependency graph	2026-10-03T16:05:09.8322089Z           "DELETE FROM sessions WHERE user_id=$1",
source_go	Real Go source ownership and AST dependency graph	2026-10-03T16:05:09.8322301Z           "DELETE FROM users WHERE user_id=$1",
source_go	Real Go source ownership and AST dependency graph	2026-10-03T16:05:09.8322634Z           "../../../contracts/fixtures/auth-user-friend/positive.json",
source_go	Real Go source ownership and AST dependency graph	2026-10-03T16:05:09.8322960Z           "../../../contracts/fixtures/auth-user-friend/negative.json",
source_go	Real Go source ownership and AST dependency graph	2026-10-03T16:05:09.8323213Z           "friend-add-normalizes-and-reuses-direct",
source_go	Real Go source ownership and AST dependency graph	2026-10-03T16:05:09.8323326Z           "PUT",
source_go	Real Go source ownership and AST dependency graph	2026-10-03T16:05:09.8323467Z           "/v1/friends/",
source_go	Real Go source ownership and AST dependency graph	2026-10-03T16:05:09.8323577Z           "body",
source_go	Real Go source ownership and AST dependency graph	2026-10-03T16:05:09.8323687Z           "PUT",
source_go	Real Go source ownership and AST dependency graph	2026-10-03T16:05:09.8323819Z           "/v1/friends/",
source_go	Real Go source ownership and AST dependency graph	2026-10-03T16:05:09.8323933Z           "body",
source_go	Real Go source ownership and AST dependency graph	2026-10-03T16:05:09.8324104Z           "directConversationId",
source_go	Real Go source ownership and AST dependency graph	2026-10-03T16:05:09.8324516Z           "SELECT count(*) FROM friendships WHERE user_low_id=$1 AND user_high_id=$2",
source_go	Real Go source ownership and AST dependency graph	2026-10-03T16:05:09.8325131Z           "SELECT count(*) FROM conversations WHERE kind='DIRECT' AND direct_user_low_id=$1 AND direct_user_high_id=$2",
source_go	Real Go source ownership and AST dependency graph	2026-10-03T16:05:09.8325629Z           "SELECT count(*) FROM conversation_members WHERE conversation_id=$1 AND left_at IS NULL",
source_go	Real Go source ownership and AST dependency graph	2026-10-03T16:05:09.8325976Z           "friendship, conversation, or memberships did not converge",
source_go	Real Go source ownership and AST dependency graph	2026-10-03T16:05:09.8326745Z           "SELECT count(*) FROM user_sync_events WHERE user_id=$1 AND event_type IN ('friend.changed','conversation.changed','membership.changed')",
source_go	Real Go source ownership and AST dependency graph	2026-10-03T16:05:09.8327681Z           "SELECT count(*) FROM outbox_events WHERE aggregate_type='user' AND aggregate_id=$1 AND event_type IN ('friend.changed','conversation.changed','membership.changed')",
source_go	Real Go source ownership and AST dependency graph	2026-10-03T16:05:09.8327980Z           "sync or outbox effects missing from friend commit",
source_go	Real Go source ownership and AST dependency graph	2026-10-03T16:05:09.8328088Z           "GET",
source_go	Real Go source ownership and AST dependency graph	2026-10-03T16:05:09.8328224Z           "/v1/friends",
source_go	Real Go source ownership and AST dependency graph	2026-10-03T16:05:09.8328341Z           "friends",
source_go	Real Go source ownership and AST dependency graph	2026-10-03T16:05:09.8328661Z           "directConversationId",
source_go	Real Go source ownership and AST dependency graph	2026-10-03T16:05:09.8328879Z           "friend list not bidirectional: %v",
source_go	Real Go source ownership and AST dependency graph	2026-10-03T16:05:09.8329066Z           "missing-authentication",
source_go	Real Go source ownership and AST dependency graph	2026-10-03T16:05:09.8329201Z           "/v1/friends",
source_go	Real Go source ownership and AST dependency graph	2026-10-03T16:05:09.8329299Z           "",
source_go	Real Go source ownership and AST dependency graph	2026-10-03T16:05:09.8329482Z           "friend-target-not-found",
source_go	Real Go source ownership and AST dependency graph	2026-10-03T16:05:09.8329747Z           "/v1/friends/20000000-0000-4000-8000-000000000002",
source_go	Real Go source ownership and AST dependency graph	2026-10-03T16:05:09.8329919Z           "friend-self-rejected",
source_go	Real Go source ownership and AST dependency graph	2026-10-03T16:05:09.8330053Z           "/v1/friends/",
source_go	Real Go source ownership and AST dependency graph	2026-10-03T16:05:09.8330170Z           "body",
source_go	Real Go source ownership and AST dependency graph	2026-10-03T16:05:09.8330592Z           "DELETE FROM conversation_members WHERE conversation_id=$1 AND user_id=$2",
source_go	Real Go source ownership and AST dependency graph	2026-10-03T16:05:09.8330783Z           "friendship-state-conflict",
source_go	Real Go source ownership and AST dependency graph	2026-10-03T16:05:09.8330896Z           "PUT",
source_go	Real Go source ownership and AST dependency graph	2026-10-03T16:05:09.8331030Z           "/v1/friends/",
source_go	Real Go source ownership and AST dependency graph	2026-10-03T16:05:09.8331143Z           "body",
source_go	Real Go source ownership and AST dependency graph	2026-10-03T16:05:09.8331520Z           "SELECT count(*) FROM conversation_members WHERE conversation_id=$1",
source_go	Real Go source ownership and AST dependency graph	2026-10-03T16:05:09.8331730Z           "conflicting state was rewritten",
source_go	Real Go source ownership and AST dependency graph	2026-10-03T16:05:09.8331963Z           "PUT",
source_go	Real Go source ownership and AST dependency graph	2026-10-03T16:05:09.8332097Z           "/v1/friends/",
source_go	Real Go source ownership and AST dependency graph	2026-10-03T16:05:09.8332281Z           "concurrent add failed: %s",
source_go	Real Go source ownership and AST dependency graph	2026-10-03T16:05:09.8332449Z           "directConversationId",
source_go	Real Go source ownership and AST dependency graph	2026-10-03T16:05:09.8332552Z           "",
source_go	Real Go source ownership and AST dependency graph	2026-10-03T16:05:09.8332866Z           "concurrent IDs diverged: %s vs %s",
source_go	Real Go source ownership and AST dependency graph	2026-10-03T16:05:09.8333044Z           "concurrent statuses: %v",
source_go	Real Go source ownership and AST dependency graph	2026-10-03T16:05:09.8333448Z           "SELECT count(*) FROM friendships WHERE user_low_id=$1 AND user_high_id=$2",
source_go	Real Go source ownership and AST dependency graph	2026-10-03T16:05:09.8333965Z           "SELECT count(*) FROM conversations WHERE direct_user_low_id=$1 AND direct_user_high_id=$2",
source_go	Real Go source ownership and AST dependency graph	2026-10-03T16:05:09.8334346Z           "SELECT count(*) FROM conversation_members WHERE conversation_id=$1",
source_go	Real Go source ownership and AST dependency graph	2026-10-03T16:05:09.8334622Z           "reverse concurrent add did not converge for %s",
source_go	Real Go source ownership and AST dependency graph	2026-10-03T16:05:09.8335003Z           "../../../contracts/fixtures/auth-user-friend/loop1-exceptions.json",
source_go	Real Go source ownership and AST dependency graph	2026-10-03T16:05:09.8335151Z           "json:\"loop\"",
source_go	Real Go source ownership and AST dependency graph	2026-10-03T16:05:09.8335321Z           "json:\"scenarioId\"",
source_go	Real Go source ownership and AST dependency graph	2026-10-03T16:05:09.8335475Z           "json:\"status\"",
source_go	Real Go source ownership and AST dependency graph	2026-10-03T16:05:09.8335698Z           "json:\"runtimeAcceptanceRequired\"",
source_go	Real Go source ownership and AST dependency graph	2026-10-03T16:05:09.8335872Z           "json:\"countsAsPass\"",
source_go	Real Go source ownership and AST dependency graph	2026-10-03T16:05:09.8336038Z           "json:\"exceptions\"",
source_go	Real Go source ownership and AST dependency graph	2026-10-03T16:05:09.8336166Z           "Loop1",
source_go	Real Go source ownership and AST dependency graph	2026-10-03T16:05:09.8336378Z           "unexpected applicability profile",
source_go	Real Go source ownership and AST dependency graph	2026-10-03T16:05:09.8336595Z           "friend-add-authorization-denied",
source_go	Real Go source ownership and AST dependency graph	2026-10-03T16:05:09.8336748Z           "DEFERRED_BY_HUMAN",
source_go	Real Go source ownership and AST dependency graph	2026-10-03T16:05:09.8336916Z           "unapproved exception",
source_go	Real Go source ownership and AST dependency graph	2026-10-03T16:05:09.8337247Z           "../../../contracts/fixtures/auth-user-friend/negative.json",
source_go	Real Go source ownership and AST dependency graph	2026-10-03T16:05:09.8337961Z           "DISPOSITION friend-add-authorization-denied DEFERRED_BY_HUMAN; runtime not executed; does not count as canonical PASS",
source_go	Real Go source ownership and AST dependency graph	2026-10-03T16:05:09.8338267Z           "SELECT user_id FROM users WHERE user_id=$1 FOR UPDATE",
source_go	Real Go source ownership and AST dependency graph	2026-10-03T16:05:09.8338378Z           "PUT",
source_go	Real Go source ownership and AST dependency graph	2026-10-03T16:05:09.8338631Z           "/v1/friends/",
source_go	Real Go source ownership and AST dependency graph	2026-10-03T16:05:09.8339512Z           "SELECT count(*) FROM pg_stat_activity WHERE datname=current_database() AND wait_event_type='Lock' AND query LIKE 'SELECT user_id FROM users WHERE user_id=%'",
source_go	Real Go source ownership and AST dependency graph	2026-10-03T16:05:09.8339784Z           "Social request did not wait for account lock",
source_go	Real Go source ownership and AST dependency graph	2026-10-03T16:05:09.8340329Z           "UPDATE sessions SET expires_at=now()-interval '1 second' WHERE user_id=$1 AND client_type='WEB'",
source_go	Real Go source ownership and AST dependency graph	2026-10-03T16:05:09.8340442Z           "error",
source_go	Real Go source ownership and AST dependency graph	2026-10-03T16:05:09.8340558Z           "code",
source_go	Real Go source ownership and AST dependency graph	2026-10-03T16:05:09.8340719Z           "AUTH_SESSION_REVOKED",
source_go	Real Go source ownership and AST dependency graph	2026-10-03T16:05:09.8340946Z           "expired Session accepted after lock",
source_go	Real Go source ownership and AST dependency graph	2026-10-03T16:05:09.8341125Z           "request did not unblock",
source_go	Real Go source ownership and AST dependency graph	2026-10-03T16:05:09.8341524Z           "SELECT count(*) FROM friendships WHERE user_low_id=$1 OR user_high_id=$1",
source_go	Real Go source ownership and AST dependency graph	2026-10-03T16:05:09.8341833Z           "SELECT count(*) FROM user_sync_events WHERE user_id=$1",
source_go	Real Go source ownership and AST dependency graph	2026-10-03T16:05:09.8342296Z           "SELECT count(*) FROM outbox_events WHERE aggregate_type='user' AND aggregate_id=$1",
source_go	Real Go source ownership and AST dependency graph	2026-10-03T16:05:09.8342517Z           "rejected Session left social effects"
source_go	Real Go source ownership and AST dependency graph	2026-10-03T16:05:09.8342607Z         ]
source_go	Real Go source ownership and AST dependency graph	2026-10-03T16:05:09.8342694Z       }
source_go	Real Go source ownership and AST dependency graph	2026-10-03T16:05:09.8342771Z     ]
source_go	Real Go source ownership and AST dependency graph	2026-10-03T16:05:09.8342840Z   }
source_go	Real Go source ownership and AST dependency graph	2026-10-03T16:05:09.8342915Z }
source_go	Post Run actions/setup-go@v5	﻿2026-10-03T16:05:09.8443161Z Post job cleanup.
source_go	Post Run actions/setup-go@v5	2026-10-03T16:05:09.9719911Z (node:3019) [DEP0040] DeprecationWarning: The `punycode` module is deprecated. Please use a userland alternative instead.
source_go	Post Run actions/setup-go@v5	2026-10-03T16:05:09.9720780Z (Use `node --trace-deprecation ...` to show where the warning was created)
source_go	Post Run actions/setup-go@v5	2026-10-03T16:05:09.9812103Z [command]/opt/hostedtoolcache/go/1.23.12/x64/bin/go env GOMODCACHE
source_go	Post Run actions/setup-go@v5	2026-10-03T16:05:09.9871180Z [command]/opt/hostedtoolcache/go/1.23.12/x64/bin/go env GOCACHE
source_go	Post Run actions/setup-go@v5	2026-10-03T16:05:09.9919266Z /home/runner/go/pkg/mod
source_go	Post Run actions/setup-go@v5	2026-10-03T16:05:09.9929629Z /home/runner/.cache/go-build
source_go	Post Run actions/setup-go@v5	2026-10-03T16:05:09.9938340Z [warning]Cache folder path is retrieved but doesn't exist on disk: /home/runner/go/pkg/mod
source_go	Post Run actions/setup-go@v5	2026-10-03T16:05:09.9950205Z Primary key was not generated. Please check the log messages above for more errors or information
source_go	Post Run actions/checkout@v4	﻿2026-10-03T16:05:10.0150959Z Post job cleanup.
source_go	Post Run actions/checkout@v4	2026-10-03T16:05:10.0989148Z [command]/usr/bin/git version
source_go	Post Run actions/checkout@v4	2026-10-03T16:05:10.1026579Z git version 2.55.0
source_go	Post Run actions/checkout@v4	2026-10-03T16:05:10.1068239Z Temporarily overriding HOME='/home/runner/work/_temp/8408b360-c3ca-4514-8f99-d1efc9792ea2' before making global git config changes
source_go	Post Run actions/checkout@v4	2026-10-03T16:05:10.1070268Z Adding repository directory to the temporary git global config as a safe directory
source_go	Post Run actions/checkout@v4	2026-10-03T16:05:10.1075295Z [command]/usr/bin/git config --global --add safe.directory /home/runner/work/IM-platform/IM-platform
source_go	Post Run actions/checkout@v4	2026-10-03T16:05:10.1115591Z [command]/usr/bin/git config --local --name-only --get-regexp core\.sshCommand
source_go	Post Run actions/checkout@v4	2026-10-03T16:05:10.1159080Z [command]/usr/bin/git submodule foreach --recursive sh -c "git config --local --name-only --get-regexp 'core\.sshCommand' && git config --local --unset-all 'core.sshCommand' || :"
source_go	Post Run actions/checkout@v4	2026-10-03T16:05:10.1441454Z [command]/usr/bin/git config --local --name-only --get-regexp http\.https\:\/\/github\.com\/\.extraheader
source_go	Post Run actions/checkout@v4	2026-10-03T16:05:10.1478886Z http.https://github.com/.extraheader
source_go	Post Run actions/checkout@v4	2026-10-03T16:05:10.1493230Z [command]/usr/bin/git config --local --unset-all http.https://github.com/.extraheader
source_go	Post Run actions/checkout@v4	2026-10-03T16:05:10.1532917Z [command]/usr/bin/git submodule foreach --recursive sh -c "git config --local --name-only --get-regexp 'http\.https\:\/\/github\.com\/\.extraheader' && git config --local --unset-all 'http.https://github.com/.extraheader' || :"
source_go	Post Run actions/checkout@v4	2026-10-03T16:05:10.1819419Z [command]/usr/bin/git config --local --name-only --get-regexp ^includeIf\.gitdir:
source_go	Post Run actions/checkout@v4	2026-10-03T16:05:10.1845804Z [command]/usr/bin/git submodule foreach --recursive git config --local --show-origin --name-only --get-regexp remote.origin.url
source_go	Complete job	﻿2026-10-03T16:05:10.2236320Z Cleaning up orphan processes
source_go	Complete job	2026-10-03T16:05:10.2524569Z ##[warning]Node.js 20 is deprecated. The following actions target Node.js 20 but are being forced to run on Node.js 24: actions/checkout@v4, actions/setup-go@v5. For more information see: https://github.blog/changelog/2025-09-19-deprecation-of-node-20-on-github-actions-runners/
