classify	Set up job	﻿2026-10-03T16:04:22.7400719Z Current runner version: '2.337.0'
classify	Set up job	2026-10-03T16:04:22.7429364Z ##[group]Runner Image Provisioner
classify	Set up job	2026-10-03T16:04:22.7430345Z Hosted Compute Agent
classify	Set up job	2026-10-03T16:04:22.7430940Z Version: 20260901.588
classify	Set up job	2026-10-03T16:04:22.7431921Z Commit: f88ec8081b781fac6c440065ac7ff9e710ce3d0b
classify	Set up job	2026-10-03T16:04:22.7432710Z Build Date: 2026-09-01T19:56:44Z
classify	Set up job	2026-10-03T16:04:22.7433456Z Worker ID: {5c6f0944-fc6f-42f7-b7df-474d92afedc1}
classify	Set up job	2026-10-03T16:04:22.7434223Z Azure Region: eastus2
classify	Set up job	2026-10-03T16:04:22.7434796Z ##[endgroup]
classify	Set up job	2026-10-03T16:04:22.7436402Z ##[group]Operating System
classify	Set up job	2026-10-03T16:04:22.7437066Z Ubuntu
classify	Set up job	2026-10-03T16:04:22.7437651Z 24.04.5
classify	Set up job	2026-10-03T16:04:22.7438226Z LTS
classify	Set up job	2026-10-03T16:04:22.7438748Z ##[endgroup]
classify	Set up job	2026-10-03T16:04:22.7439346Z ##[group]Runner Image
classify	Set up job	2026-10-03T16:04:22.7439951Z Image: ubuntu-24.04
classify	Set up job	2026-10-03T16:04:22.7440565Z Version: 20260927.320.1
classify	Set up job	2026-10-03T16:04:22.7441917Z Included Software: https://github.com/actions/runner-images/blob/ubuntu24/20260927.320/images/ubuntu/Ubuntu2404-Readme.md
classify	Set up job	2026-10-03T16:04:22.7443756Z Image Release: https://github.com/actions/runner-images/releases/tag/ubuntu24%2F20260927.320
classify	Set up job	2026-10-03T16:04:22.7444736Z ##[endgroup]
classify	Set up job	2026-10-03T16:04:22.7446305Z ##[group]GITHUB_TOKEN Permissions
classify	Set up job	2026-10-03T16:04:22.7448505Z Contents: read
classify	Set up job	2026-10-03T16:04:22.7449134Z Metadata: read
classify	Set up job	2026-10-03T16:04:22.7449834Z ##[endgroup]
classify	Set up job	2026-10-03T16:04:22.7452345Z Secret source: Actions
classify	Set up job	2026-10-03T16:04:22.7453494Z Cache mode: write
classify	Set up job	2026-10-03T16:04:22.7454429Z Prepare workflow directory
classify	Set up job	2026-10-03T16:04:22.7786058Z Prepare all required actions
classify	Set up job	2026-10-03T16:04:22.7833943Z Getting action download info
classify	Set up job	2026-10-03T16:04:23.0257092Z Download action repository 'actions/checkout@v4' (SHA:11d5960a326750d5838078e36cf38b85af677262)
classify	Set up job	2026-10-03T16:04:23.2403123Z Complete job name: classify
classify	Run actions/checkout@v4	﻿2026-10-03T16:04:23.3199663Z ##[group]Run actions/checkout@v4
classify	Run actions/checkout@v4	2026-10-03T16:04:23.3200567Z with:
classify	Run actions/checkout@v4	2026-10-03T16:04:23.3201005Z   fetch-depth: 0
classify	Run actions/checkout@v4	2026-10-03T16:04:23.3201503Z   ref: 8bcc7321bba05a70404d1e16bbd2fa0465da696f
classify	Run actions/checkout@v4	2026-10-03T16:04:23.3202648Z   repository: nilesthump/IM-platform
classify	Run actions/checkout@v4	2026-10-03T16:04:23.3206676Z   token: ***
classify	Run actions/checkout@v4	2026-10-03T16:04:23.3207113Z   ssh-strict: true
classify	Run actions/checkout@v4	2026-10-03T16:04:23.3207561Z   ssh-user: git
classify	Run actions/checkout@v4	2026-10-03T16:04:23.3208014Z   persist-credentials: true
classify	Run actions/checkout@v4	2026-10-03T16:04:23.3208511Z   clean: true
classify	Run actions/checkout@v4	2026-10-03T16:04:23.3208965Z   sparse-checkout-cone-mode: true
classify	Run actions/checkout@v4	2026-10-03T16:04:23.3209489Z   fetch-tags: false
classify	Run actions/checkout@v4	2026-10-03T16:04:23.3209930Z   show-progress: true
classify	Run actions/checkout@v4	2026-10-03T16:04:23.3210384Z   lfs: false
classify	Run actions/checkout@v4	2026-10-03T16:04:23.3210807Z   submodules: false
classify	Run actions/checkout@v4	2026-10-03T16:04:23.3211253Z   set-safe-directory: true
classify	Run actions/checkout@v4	2026-10-03T16:04:23.3211912Z   allow-unsafe-pr-checkout: false
classify	Run actions/checkout@v4	2026-10-03T16:04:23.3212763Z ##[endgroup]
classify	Run actions/checkout@v4	2026-10-03T16:04:23.4230416Z Syncing repository: nilesthump/IM-platform
classify	Run actions/checkout@v4	2026-10-03T16:04:23.4233391Z ##[group]Getting Git version info
classify	Run actions/checkout@v4	2026-10-03T16:04:23.4234694Z Working directory is '/home/runner/work/IM-platform/IM-platform'
classify	Run actions/checkout@v4	2026-10-03T16:04:23.4236414Z [command]/usr/bin/git version
classify	Run actions/checkout@v4	2026-10-03T16:04:23.4286659Z git version 2.55.0
classify	Run actions/checkout@v4	2026-10-03T16:04:23.4309620Z ##[endgroup]
classify	Run actions/checkout@v4	2026-10-03T16:04:23.4324921Z Temporarily overriding HOME='/home/runner/work/_temp/959b19c0-a968-4618-b30e-1682a038a565' before making global git config changes
classify	Run actions/checkout@v4	2026-10-03T16:04:23.4327379Z Adding repository directory to the temporary git global config as a safe directory
classify	Run actions/checkout@v4	2026-10-03T16:04:23.4330288Z [command]/usr/bin/git config --global --add safe.directory /home/runner/work/IM-platform/IM-platform
classify	Run actions/checkout@v4	2026-10-03T16:04:23.4386599Z Deleting the contents of '/home/runner/work/IM-platform/IM-platform'
classify	Run actions/checkout@v4	2026-10-03T16:04:23.4400625Z ##[group]Initializing the repository
classify	Run actions/checkout@v4	2026-10-03T16:04:23.4402153Z [command]/usr/bin/git init /home/runner/work/IM-platform/IM-platform
classify	Run actions/checkout@v4	2026-10-03T16:04:23.4508336Z hint: Using 'master' as the name for the initial branch. This default branch name
classify	Run actions/checkout@v4	2026-10-03T16:04:23.4510397Z hint: will change to "main" in Git 3.0. To configure the initial branch name
classify	Run actions/checkout@v4	2026-10-03T16:04:23.4512814Z hint: to use in all of your new repositories, which will suppress this warning,
classify	Run actions/checkout@v4	2026-10-03T16:04:23.4514663Z hint: call:
classify	Run actions/checkout@v4	2026-10-03T16:04:23.4515519Z hint:
classify	Run actions/checkout@v4	2026-10-03T16:04:23.4516518Z hint: 	git config --global init.defaultBranch <name>
classify	Run actions/checkout@v4	2026-10-03T16:04:23.4517687Z hint:
classify	Run actions/checkout@v4	2026-10-03T16:04:23.4518829Z hint: Names commonly chosen instead of 'master' are 'main', 'trunk' and
classify	Run actions/checkout@v4	2026-10-03T16:04:23.4520593Z hint: 'development'. The just-created branch can be renamed via this command:
classify	Run actions/checkout@v4	2026-10-03T16:04:23.4522280Z hint:
classify	Run actions/checkout@v4	2026-10-03T16:04:23.4523194Z hint: 	git branch -m <name>
classify	Run actions/checkout@v4	2026-10-03T16:04:23.4524555Z hint:
classify	Run actions/checkout@v4	2026-10-03T16:04:23.4525845Z hint: Disable this message with "git config set advice.defaultBranchName false"
classify	Run actions/checkout@v4	2026-10-03T16:04:23.4527834Z Initialized empty Git repository in /home/runner/work/IM-platform/IM-platform/.git/
classify	Run actions/checkout@v4	2026-10-03T16:04:23.4533169Z [command]/usr/bin/git remote add origin https://github.com/nilesthump/IM-platform
classify	Run actions/checkout@v4	2026-10-03T16:04:23.4573538Z ##[endgroup]
classify	Run actions/checkout@v4	2026-10-03T16:04:23.4574801Z ##[group]Disabling automatic garbage collection
classify	Run actions/checkout@v4	2026-10-03T16:04:23.4578064Z [command]/usr/bin/git config --local gc.auto 0
classify	Run actions/checkout@v4	2026-10-03T16:04:23.4616529Z ##[endgroup]
classify	Run actions/checkout@v4	2026-10-03T16:04:23.4617910Z ##[group]Setting up auth
classify	Run actions/checkout@v4	2026-10-03T16:04:23.4623668Z [command]/usr/bin/git config --local --name-only --get-regexp core\.sshCommand
classify	Run actions/checkout@v4	2026-10-03T16:04:23.4656998Z [command]/usr/bin/git submodule foreach --recursive sh -c "git config --local --name-only --get-regexp 'core\.sshCommand' && git config --local --unset-all 'core.sshCommand' || :"
classify	Run actions/checkout@v4	2026-10-03T16:04:23.5022441Z [command]/usr/bin/git config --local --name-only --get-regexp http\.https\:\/\/github\.com\/\.extraheader
classify	Run actions/checkout@v4	2026-10-03T16:04:23.5062505Z [command]/usr/bin/git submodule foreach --recursive sh -c "git config --local --name-only --get-regexp 'http\.https\:\/\/github\.com\/\.extraheader' && git config --local --unset-all 'http.https://github.com/.extraheader' || :"
classify	Run actions/checkout@v4	2026-10-03T16:04:23.5309028Z [command]/usr/bin/git config --local --name-only --get-regexp ^includeIf\.gitdir:
classify	Run actions/checkout@v4	2026-10-03T16:04:23.5345233Z [command]/usr/bin/git submodule foreach --recursive git config --local --show-origin --name-only --get-regexp remote.origin.url
classify	Run actions/checkout@v4	2026-10-03T16:04:23.5568240Z [command]/usr/bin/git config --local http.https://github.com/.extraheader AUTHORIZATION: basic ***
classify	Run actions/checkout@v4	2026-10-03T16:04:23.5608748Z ##[endgroup]
classify	Run actions/checkout@v4	2026-10-03T16:04:23.5609573Z ##[group]Fetching the repository
classify	Run actions/checkout@v4	2026-10-03T16:04:23.5619171Z [command]/usr/bin/git -c protocol.version=2 fetch --prune --no-recurse-submodules origin +refs/heads/*:refs/remotes/origin/* +refs/tags/*:refs/tags/*
classify	Run actions/checkout@v4	2026-10-03T16:04:25.2597924Z From https://github.com/nilesthump/IM-platform
classify	Run actions/checkout@v4	2026-10-03T16:04:25.2601328Z  * [new branch]      docs/workspace-constraints-20261003 -> origin/docs/workspace-constraints-20261003
classify	Run actions/checkout@v4	2026-10-03T16:04:25.2604869Z  * [new branch]      fix/LOOP1-CI-001-s0-placeholder -> origin/fix/LOOP1-CI-001-s0-placeholder
classify	Run actions/checkout@v4	2026-10-03T16:04:25.2607579Z  * [new branch]      main                   -> origin/main
classify	Run actions/checkout@v4	2026-10-03T16:04:25.2609910Z  * [new branch]      recovery/s1-handoff-20261001 -> origin/recovery/s1-handoff-20261001
classify	Run actions/checkout@v4	2026-10-03T16:04:25.2613527Z  * [new branch]      recovery/s2-open-record-20261001 -> origin/recovery/s2-open-record-20261001
classify	Run actions/checkout@v4	2026-10-03T16:04:25.2616662Z  * [new branch]      rollback/pr7-20261001  -> origin/rollback/pr7-20261001
classify	Run actions/checkout@v4	2026-10-03T16:04:25.2619549Z  * [new branch]      task/LOOP1-ARCH-REMEDIATION -> origin/task/LOOP1-ARCH-REMEDIATION
classify	Run actions/checkout@v4	2026-10-03T16:04:25.2622480Z  * [new branch]      task/LOOP1-CI-001      -> origin/task/LOOP1-CI-001
classify	Run actions/checkout@v4	2026-10-03T16:04:25.2625249Z  * [new branch]      task/LOOP1-CLIENT-ARCH-CLARIFICATION-001 -> origin/task/LOOP1-CLIENT-ARCH-CLARIFICATION-001
classify	Run actions/checkout@v4	2026-10-03T16:04:25.2627870Z  * [new branch]      task/LOOP1-CLIENT-MVP-PLAN-20261003 -> origin/task/LOOP1-CLIENT-MVP-PLAN-20261003
classify	Run actions/checkout@v4	2026-10-03T16:04:25.2630273Z  * [new branch]      task/LOOP1-CLIENT-SEND-001 -> origin/task/LOOP1-CLIENT-SEND-001
classify	Run actions/checkout@v4	2026-10-03T16:04:25.2633655Z  * [new branch]      task/LOOP1-CLIENT-SQLITE-001 -> origin/task/LOOP1-CLIENT-SQLITE-001
classify	Run actions/checkout@v4	2026-10-03T16:04:25.2636588Z  * [new branch]      task/LOOP1-CLIENT-SQLITE-001-ts-kotlin -> origin/task/LOOP1-CLIENT-SQLITE-001-ts-kotlin
classify	Run actions/checkout@v4	2026-10-03T16:04:25.2639715Z  * [new branch]      task/LOOP1-CLIENT-UI-ARCH-001 -> origin/task/LOOP1-CLIENT-UI-ARCH-001
classify	Run actions/checkout@v4	2026-10-03T16:04:25.2642638Z  * [new branch]      task/LOOP1-E2E-001     -> origin/task/LOOP1-E2E-001
classify	Run actions/checkout@v4	2026-10-03T16:04:25.2646014Z  * [new branch]      task/LOOP1-GO-AUTH-001 -> origin/task/LOOP1-GO-AUTH-001
classify	Run actions/checkout@v4	2026-10-03T16:04:25.2649574Z  * [new branch]      task/LOOP1-GO-MSG-001  -> origin/task/LOOP1-GO-MSG-001
classify	Run actions/checkout@v4	2026-10-03T16:04:25.2653742Z  * [new branch]      task/LOOP1-GO-SOCIAL-001-v1.1 -> origin/task/LOOP1-GO-SOCIAL-001-v1.1
classify	Run actions/checkout@v4	2026-10-03T16:04:25.2657668Z  * [new branch]      task/LOOP1-SYNC-001    -> origin/task/LOOP1-SYNC-001
classify	Run actions/checkout@v4	2026-10-03T16:04:25.2664088Z [command]/usr/bin/git rev-parse --verify --quiet 8bcc7321bba05a70404d1e16bbd2fa0465da696f^{object}
classify	Run actions/checkout@v4	2026-10-03T16:04:25.2668152Z 8bcc7321bba05a70404d1e16bbd2fa0465da696f
classify	Run actions/checkout@v4	2026-10-03T16:04:25.2673938Z ##[endgroup]
classify	Run actions/checkout@v4	2026-10-03T16:04:25.2677075Z ##[group]Determining the checkout info
classify	Run actions/checkout@v4	2026-10-03T16:04:25.2679394Z ##[endgroup]
classify	Run actions/checkout@v4	2026-10-03T16:04:25.2680695Z [command]/usr/bin/git sparse-checkout disable
classify	Run actions/checkout@v4	2026-10-03T16:04:25.2719542Z [command]/usr/bin/git config --local --unset-all extensions.worktreeConfig
classify	Run actions/checkout@v4	2026-10-03T16:04:25.2751998Z ##[group]Checking out the ref
classify	Run actions/checkout@v4	2026-10-03T16:04:25.2755076Z [command]/usr/bin/git checkout --progress --force 8bcc7321bba05a70404d1e16bbd2fa0465da696f
classify	Run actions/checkout@v4	2026-10-03T16:04:25.8531654Z Note: switching to '8bcc7321bba05a70404d1e16bbd2fa0465da696f'.
classify	Run actions/checkout@v4	2026-10-03T16:04:25.8533672Z 
classify	Run actions/checkout@v4	2026-10-03T16:04:25.8534117Z You are in 'detached HEAD' state. You can look around, make experimental
classify	Run actions/checkout@v4	2026-10-03T16:04:25.8535095Z changes and commit them, and you can discard any commits you make in this
classify	Run actions/checkout@v4	2026-10-03T16:04:25.8536071Z state without impacting any branches by switching back to a branch.
classify	Run actions/checkout@v4	2026-10-03T16:04:25.8536966Z 
classify	Run actions/checkout@v4	2026-10-03T16:04:25.8537343Z If you want to create a new branch to retain commits you create, you may
classify	Run actions/checkout@v4	2026-10-03T16:04:25.8538217Z do so (now or later) by using -c with the switch command. Example:
classify	Run actions/checkout@v4	2026-10-03T16:04:25.8538760Z 
classify	Run actions/checkout@v4	2026-10-03T16:04:25.8538973Z   git switch -c <new-branch-name>
classify	Run actions/checkout@v4	2026-10-03T16:04:25.8539311Z 
classify	Run actions/checkout@v4	2026-10-03T16:04:25.8539516Z Or undo this operation with:
classify	Run actions/checkout@v4	2026-10-03T16:04:25.8539828Z 
classify	Run actions/checkout@v4	2026-10-03T16:04:25.8540014Z   git switch -
classify	Run actions/checkout@v4	2026-10-03T16:04:25.8540265Z 
classify	Run actions/checkout@v4	2026-10-03T16:04:25.8540733Z Turn off this advice by setting config variable advice.detachedHead to false
classify	Run actions/checkout@v4	2026-10-03T16:04:25.8541320Z 
classify	Run actions/checkout@v4	2026-10-03T16:04:25.8541985Z HEAD is now at 8bcc732 docs(sync): complete original Fix prompt evidence archive
classify	Run actions/checkout@v4	2026-10-03T16:04:25.8565213Z ##[endgroup]
classify	Run actions/checkout@v4	2026-10-03T16:04:25.8611144Z [command]/usr/bin/git log -1 --format=%H
classify	Run actions/checkout@v4	2026-10-03T16:04:25.8639581Z 8bcc7321bba05a70404d1e16bbd2fa0465da696f
classify	Diagnose checkout status	﻿2026-10-03T16:04:25.8852164Z ##[group]Run $status = @(git -c core.excludesFile=.git/info/exclude status --porcelain=v1 --untracked-files=all 2>&1)
classify	Diagnose checkout status	2026-10-03T16:04:25.8853245Z ^[[36;1m$status = @(git -c core.excludesFile=.git/info/exclude status --porcelain=v1 --untracked-files=all 2>&1)^[[0m
classify	Diagnose checkout status	2026-10-03T16:04:25.8853957Z ^[[36;1mif ($LASTEXITCODE -ne 0) { exit $LASTEXITCODE }^[[0m
classify	Diagnose checkout status	2026-10-03T16:04:25.8854414Z ^[[36;1mWrite-Host "checkout_status_entries=$($status.Count)"^[[0m
classify	Diagnose checkout status	2026-10-03T16:04:25.8854926Z ^[[36;1mforeach ($entry in $status) { Write-Host "checkout_status=$entry" }^[[0m
classify	Diagnose checkout status	2026-10-03T16:04:25.8884045Z shell: /usr/bin/pwsh -command ". '{0}'"
classify	Diagnose checkout status	2026-10-03T16:04:25.8884419Z ##[endgroup]
classify	Diagnose checkout status	2026-10-03T16:04:31.5776829Z checkout_status_entries=0
classify	Verify clean repository recovery	﻿2026-10-03T16:04:31.8280302Z ##[group]Run ./tools/verify-loop1-ctrl-002.ps1 -Mode Acceptance
classify	Verify clean repository recovery	2026-10-03T16:04:31.8280848Z ^[[36;1m./tools/verify-loop1-ctrl-002.ps1 -Mode Acceptance^[[0m
classify	Verify clean repository recovery	2026-10-03T16:04:31.8307089Z shell: /usr/bin/pwsh -command ". '{0}'"
classify	Verify clean repository recovery	2026-10-03T16:04:31.8307405Z ##[endgroup]
classify	Verify clean repository recovery	2026-10-03T16:04:50.2818013Z PASS: generic repository recovery verified task=LOOP1-SYNC-001 state=review mode=Acceptance queues=5 task_specs=30.
classify	Verify clean repository recovery	2026-10-03T16:04:50.2828804Z GIT: branch=HEAD status_entries=0 diff_lines=0 recent_commits=5.
classify	Test path matrix	﻿2026-10-03T16:04:50.3320387Z ##[group]Run python3 -m unittest discover -s tests/ci -v
classify	Test path matrix	2026-10-03T16:04:50.3320866Z ^[[36;1mpython3 -m unittest discover -s tests/ci -v^[[0m
classify	Test path matrix	2026-10-03T16:04:50.3383778Z shell: /usr/bin/bash -e {0}
classify	Test path matrix	2026-10-03T16:04:50.3384046Z env:
classify	Test path matrix	2026-10-03T16:04:50.3384261Z   PYTHONDONTWRITEBYTECODE: 1
classify	Test path matrix	2026-10-03T16:04:50.3384528Z ##[endgroup]
classify	Test path matrix	2026-10-03T16:04:50.5082919Z test_actual_storage_runner_and_deleted_fixture_select_actual_clients (test_classify.ClientStoragePaths.test_actual_storage_runner_and_deleted_fixture_select_actual_clients) ... ok
classify	Test path matrix	2026-10-03T16:04:50.5085058Z test_ci_changes_run_all_jobs (test_classify.PathMatrixTests.test_ci_changes_run_all_jobs) ... ok
classify	Test path matrix	2026-10-03T16:04:50.5086317Z test_client_changes_always_select_architecture (test_classify.PathMatrixTests.test_client_changes_always_select_architecture) ... ok
classify	Test path matrix	2026-10-03T16:04:50.5451290Z test_deleted_e2e_path_still_selects_live_checks (test_classify.PathMatrixTests.test_deleted_e2e_path_still_selects_live_checks) ... ok
classify	Test path matrix	2026-10-03T16:04:50.5690857Z test_deleted_send_fixture_still_runs_actual_checks (test_classify.PathMatrixTests.test_deleted_send_fixture_still_runs_actual_checks) ... ok
classify	Test path matrix	2026-10-03T16:04:50.5692893Z test_deploy_changes_run_deploy_validation (test_classify.PathMatrixTests.test_deploy_changes_run_deploy_validation) ... ok
classify	Test path matrix	2026-10-03T16:04:50.5694005Z test_e2e_paths_select_go_deploy_and_boundaries (test_classify.PathMatrixTests.test_e2e_paths_select_go_deploy_and_boundaries) ... ok
classify	Test path matrix	2026-10-03T16:04:50.6467261Z test_git_diff_includes_both_sides_of_shared_renames (test_classify.PathMatrixTests.test_git_diff_includes_both_sides_of_shared_renames) ... ok
classify	Test path matrix	2026-10-03T16:04:50.6706419Z test_git_diff_includes_deleted_shared_file (test_classify.PathMatrixTests.test_git_diff_includes_deleted_shared_file) ... ok
classify	Test path matrix	2026-10-03T16:04:50.6715122Z test_github_outputs_are_lowercase_booleans (test_classify.PathMatrixTests.test_github_outputs_are_lowercase_booleans) ... ok
classify	Test path matrix	2026-10-03T16:04:50.6717649Z test_governance_changes_cannot_skip_architecture (test_classify.PathMatrixTests.test_governance_changes_cannot_skip_architecture) ... ok
classify	Test path matrix	2026-10-03T16:04:50.6973452Z test_governance_deleted_and_renamed_paths_still_trigger (test_classify.PathMatrixTests.test_governance_deleted_and_renamed_paths_still_trigger) ... ok
classify	Test path matrix	2026-10-03T16:04:50.6975432Z test_profile_and_client_changes_are_local (test_classify.PathMatrixTests.test_profile_and_client_changes_are_local) ... ok
classify	Test path matrix	2026-10-03T16:04:50.6976968Z test_rejects_paths_outside_repo (test_classify.PathMatrixTests.test_rejects_paths_outside_repo) ... ok
classify	Test path matrix	2026-10-03T16:04:50.6978686Z test_send_verification_paths_select_actual_runtimes (test_classify.PathMatrixTests.test_send_verification_paths_select_actual_runtimes) ... ok
classify	Test path matrix	2026-10-03T16:04:50.6980591Z test_shared_changes_fan_out_to_full_compatibility (test_classify.PathMatrixTests.test_shared_changes_fan_out_to_full_compatibility) ... ok
classify	Test path matrix	2026-10-03T16:04:50.6984507Z test_union_and_deleted_paths (test_classify.PathMatrixTests.test_union_and_deleted_paths) ... ok
classify	Test path matrix	2026-10-03T16:04:50.6986295Z test_unrelated_files_do_not_schedule_product_jobs (test_classify.PathMatrixTests.test_unrelated_files_do_not_schedule_product_jobs) ... ok
classify	Test path matrix	2026-10-03T16:04:50.6988328Z test_architecture_jobs_missing_invalid_skipped_failed_cancelled (test_gate.GateTests.test_architecture_jobs_missing_invalid_skipped_failed_cancelled) ... ok
classify	Test path matrix	2026-10-03T16:04:50.6990102Z test_classifier_failure_fails_gate (test_gate.GateTests.test_classifier_failure_fails_gate) ... ok
classify	Test path matrix	2026-10-03T16:04:50.6991300Z test_selected_job_must_succeed (test_gate.GateTests.test_selected_job_must_succeed) ... ok
classify	Test path matrix	2026-10-03T16:04:50.6992958Z test_shared_subchecks_require_compatibility (test_gate.GateTests.test_shared_subchecks_require_compatibility) ... ok
classify	Test path matrix	2026-10-03T16:04:50.6994868Z test_recursive_live_go_verification_and_role_smoke_present (test_go_regression.GoRegressionTests.test_recursive_live_go_verification_and_role_smoke_present) ... ok
classify	Test path matrix	2026-10-03T16:04:50.6996989Z test_role_smoke_change_and_deletion_select_actual_jobs (test_go_regression.GoRegressionTests.test_role_smoke_change_and_deletion_select_actual_jobs) ... ok
classify	Test path matrix	2026-10-03T16:04:50.7147030Z test_websocket_upgrade_eof_terminates (test_go_regression.GoRegressionTests.test_websocket_upgrade_eof_terminates) ... ok
classify	Test path matrix	2026-10-03T16:04:50.7149155Z test_all_affected_workflow_jobs_use_boundary_checker (test_s0_boundary.S0BoundaryTests.test_all_affected_workflow_jobs_use_boundary_checker) ... ok
classify	Test path matrix	2026-10-03T16:04:50.7158820Z test_allowed_entry_name_is_only_allowed_at_profile_root (test_s0_boundary.S0BoundaryTests.test_allowed_entry_name_is_only_allowed_at_profile_root) ... ok
classify	Test path matrix	2026-10-03T16:04:50.7166623Z test_allowed_name_and_profile_root_symlink_checks_without_os_link_privilege (test_s0_boundary.S0BoundaryTests.test_allowed_name_and_profile_root_symlink_checks_without_os_link_privilege) ... ok
classify	Test path matrix	2026-10-03T16:04:50.7229211Z test_committed_skeleton_contains_no_unexpected_source (test_s0_boundary.S0BoundaryTests.test_committed_skeleton_contains_no_unexpected_source) ... ok
classify	Test path matrix	2026-10-03T16:04:50.7306299Z test_empty_markers_are_ignored_but_new_source_is_rejected (test_s0_boundary.S0BoundaryTests.test_empty_markers_are_ignored_but_new_source_is_rejected) ... ok
classify	Test path matrix	2026-10-03T16:04:50.7332283Z test_symlinks_cannot_hide_behind_allowed_names_or_profile_root (test_s0_boundary.S0BoundaryTests.test_symlinks_cannot_hide_behind_allowed_names_or_profile_root) ... ok
classify	Test path matrix	2026-10-03T16:04:50.7335661Z test_rejects_runner_context_at_deploy_job_env (test_workflow_context.WorkflowContextTests.test_rejects_runner_context_at_deploy_job_env) ... ok
classify	Test path matrix	2026-10-03T16:04:50.7338058Z test_runner_context_is_absent_from_job_env (test_workflow_context.WorkflowContextTests.test_runner_context_is_absent_from_job_env) ... ok
classify	Test path matrix	2026-10-03T16:04:50.7339078Z 
classify	Test path matrix	2026-10-03T16:04:50.7339319Z ----------------------------------------------------------------------
classify	Test path matrix	2026-10-03T16:04:50.7339844Z Ran 33 tests in 0.226s
classify	Test path matrix	2026-10-03T16:04:50.7340056Z 
classify	Test path matrix	2026-10-03T16:04:50.7340164Z OK
classify	Test path matrix	2026-10-03T16:04:50.7340406Z {
classify	Test path matrix	2026-10-03T16:04:50.7340697Z   "paths": [
classify	Test path matrix	2026-10-03T16:04:50.7341012Z     "contracts/errors/x.json"
classify	Test path matrix	2026-10-03T16:04:50.7341358Z   ],
classify	Test path matrix	2026-10-03T16:04:50.7341855Z   "jobs": {
classify	Test path matrix	2026-10-03T16:04:50.7342127Z     "go": true,
classify	Test path matrix	2026-10-03T16:04:50.7342419Z     "java": true,
classify	Test path matrix	2026-10-03T16:04:50.7342713Z     "web": true,
classify	Test path matrix	2026-10-03T16:04:50.7342997Z     "desktop": true,
classify	Test path matrix	2026-10-03T16:04:50.7343342Z     "mobile": true,
classify	Test path matrix	2026-10-03T16:04:50.7343642Z     "shared": true,
classify	Test path matrix	2026-10-03T16:04:50.7343940Z     "old_client": true,
classify	Test path matrix	2026-10-03T16:04:50.7344261Z     "plugin": true,
classify	Test path matrix	2026-10-03T16:04:50.7344560Z     "migration": true,
classify	Test path matrix	2026-10-03T16:04:50.7344889Z     "compatibility": true,
classify	Test path matrix	2026-10-03T16:04:50.7345245Z     "deploy": false,
classify	Test path matrix	2026-10-03T16:04:50.7345572Z     "architecture": true,
classify	Test path matrix	2026-10-03T16:04:50.7345909Z     "source_go": true,
classify	Test path matrix	2026-10-03T16:04:50.7346254Z     "source_java": true
classify	Test path matrix	2026-10-03T16:04:50.7346575Z   }
classify	Test path matrix	2026-10-03T16:04:50.7346813Z }
classify	Classify full diff, including deletions	﻿2026-10-03T16:04:50.7516170Z ##[group]Run base="$BASE_SHA"
classify	Classify full diff, including deletions	2026-10-03T16:04:50.7516511Z ^[[36;1mbase="$BASE_SHA"^[[0m
classify	Classify full diff, including deletions	2026-10-03T16:04:50.7516790Z ^[[36;1mif [[ -z "$base" || "$base" =~ ^0+$ ]]; then^[[0m
classify	Classify full diff, including deletions	2026-10-03T16:04:50.7517138Z ^[[36;1m  base=$(git hash-object -t tree /dev/null)^[[0m
classify	Classify full diff, including deletions	2026-10-03T16:04:50.7517429Z ^[[36;1mfi^[[0m
classify	Classify full diff, including deletions	2026-10-03T16:04:50.7517819Z ^[[36;1mpython3 ci/classify.py --base "$base" --head "$HEAD_SHA" --github-output "$GITHUB_OUTPUT"^[[0m
classify	Classify full diff, including deletions	2026-10-03T16:04:50.7580435Z shell: /usr/bin/bash --noprofile --norc -e -o pipefail {0}
classify	Classify full diff, including deletions	2026-10-03T16:04:50.7580788Z env:
classify	Classify full diff, including deletions	2026-10-03T16:04:50.7581027Z   BASE_SHA: 0fe4fccc3deacd492895967cff9cc40cf34321d4
classify	Classify full diff, including deletions	2026-10-03T16:04:50.7581378Z   HEAD_SHA: 8bcc7321bba05a70404d1e16bbd2fa0465da696f
classify	Classify full diff, including deletions	2026-10-03T16:04:50.7581964Z   PYTHONDONTWRITEBYTECODE: 1
classify	Classify full diff, including deletions	2026-10-03T16:04:50.7582240Z ##[endgroup]
classify	Classify full diff, including deletions	2026-10-03T16:04:50.7979649Z {
classify	Classify full diff, including deletions	2026-10-03T16:04:50.7979985Z   "paths": [
classify	Classify full diff, including deletions	2026-10-03T16:04:50.7980346Z     ".github/workflows/ci.yml",
classify	Classify full diff, including deletions	2026-10-03T16:04:50.7980841Z     "clients/desktop/src/application/send.ts",
classify	Classify full diff, including deletions	2026-10-03T16:04:50.7981454Z     "clients/desktop/src/application/sync/accountSync.ts",
classify	Classify full diff, including deletions	2026-10-03T16:04:50.7982483Z     "clients/desktop/src/application/sync/application.ts",
classify	Classify full diff, including deletions	2026-10-03T16:04:50.7983042Z     "clients/mobile/app/src/androidTest/kotlin/im/platform/client/sync/SyncInstrumentation.kt",
classify	Classify full diff, including deletions	2026-10-03T16:04:50.7983704Z     "clients/mobile/app/src/main/kotlin/im/platform/client/send/SendViewModel.kt",
classify	Classify full diff, including deletions	2026-10-03T16:04:50.7984249Z     "clients/mobile/app/src/main/kotlin/im/platform/client/send/Wire.kt",
classify	Classify full diff, including deletions	2026-10-03T16:04:50.7984781Z     "clients/mobile/app/src/main/kotlin/im/platform/client/storage/Repository.kt",
classify	Classify full diff, including deletions	2026-10-03T16:04:50.7985322Z     "clients/mobile/app/src/main/kotlin/im/platform/client/sync/Https.kt",
classify	Classify full diff, including deletions	2026-10-03T16:04:50.7985844Z     "clients/mobile/app/src/main/kotlin/im/platform/client/sync/SyncViewModel.kt",
classify	Classify full diff, including deletions	2026-10-03T16:04:50.7986358Z     "clients/mobile/app/src/main/kotlin/im/platform/client/sync/Wire.kt",
classify	Classify full diff, including deletions	2026-10-03T16:04:50.7986768Z     "clients/shared/protocol-sdk/src/send/wire.ts",
classify	Classify full diff, including deletions	2026-10-03T16:04:50.7987143Z     "clients/shared/protocol-sdk/src/storage/repository.ts",
classify	Classify full diff, including deletions	2026-10-03T16:04:50.7987511Z     "clients/shared/protocol-sdk/src/sync/http.ts",
classify	Classify full diff, including deletions	2026-10-03T16:04:50.7987842Z     "clients/shared/protocol-sdk/src/sync/wire.ts",
classify	Classify full diff, including deletions	2026-10-03T16:04:50.7988169Z     "clients/shared/protocol-sdk/tsconfig.json",
classify	Classify full diff, including deletions	2026-10-03T16:04:50.7988576Z     "spec/progress/checkpoints/2026-10-03-loop1-sync-001-client-local.md",
classify	Classify full diff, including deletions	2026-10-03T16:04:50.7988971Z     "spec/progress/current.md",
classify	Classify full diff, including deletions	2026-10-03T16:04:50.7989349Z     "spec/progress/evidence/LOOP1-SYNC-001/client-fix/archive-manifest.json",
classify	Classify full diff, including deletions	2026-10-03T16:04:50.7989866Z     "spec/progress/evidence/LOOP1-SYNC-001/client-fix/command-index.json",
classify	Classify full diff, including deletions	2026-10-03T16:04:50.7990595Z     "spec/progress/evidence/LOOP1-SYNC-001/client-fix/failed-review/prompts/P-58bd1023-e145-4cf5-a5cd-4baa33b52ff8/metadata.json",
classify	Classify full diff, including deletions	2026-10-03T16:04:50.7991511Z     "spec/progress/evidence/LOOP1-SYNC-001/client-fix/failed-review/prompts/P-58bd1023-e145-4cf5-a5cd-4baa33b52ff8/prompt.txt",
classify	Classify full diff, including deletions	2026-10-03T16:04:50.7992509Z     "spec/progress/evidence/LOOP1-SYNC-001/client-fix/failed-review/review.md",
classify	Classify full diff, including deletions	2026-10-03T16:04:50.7993488Z     "spec/progress/evidence/LOOP1-SYNC-001/client-fix/failed-review/runs/R-20261003T154043Z-b21579c7-4f71-457b-9fa7-bf2d38dd69ff/blobs/C-08c43f24-5e59-4855-8cbb-a61a6c7f3414.stderr.txt",
classify	Classify full diff, including deletions	2026-10-03T16:04:50.7994821Z     "spec/progress/evidence/LOOP1-SYNC-001/client-fix/failed-review/runs/R-20261003T154043Z-b21579c7-4f71-457b-9fa7-bf2d38dd69ff/blobs/C-08c43f24-5e59-4855-8cbb-a61a6c7f3414.stdout.txt",
classify	Classify full diff, including deletions	2026-10-03T16:04:50.7996133Z     "spec/progress/evidence/LOOP1-SYNC-001/client-fix/failed-review/runs/R-20261003T154043Z-b21579c7-4f71-457b-9fa7-bf2d38dd69ff/blobs/C-18b500cb-fb4e-47f3-9cd7-e79e1a0ec6d6.stderr.txt",
classify	Classify full diff, including deletions	2026-10-03T16:04:50.7997568Z     "spec/progress/evidence/LOOP1-SYNC-001/client-fix/failed-review/runs/R-20261003T154043Z-b21579c7-4f71-457b-9fa7-bf2d38dd69ff/blobs/C-18b500cb-fb4e-47f3-9cd7-e79e1a0ec6d6.stdout.txt",
classify	Classify full diff, including deletions	2026-10-03T16:04:50.7998897Z     "spec/progress/evidence/LOOP1-SYNC-001/client-fix/failed-review/runs/R-20261003T154043Z-b21579c7-4f71-457b-9fa7-bf2d38dd69ff/blobs/C-399fafc6-be83-45c1-a630-896323dc5393.stderr.txt",
classify	Classify full diff, including deletions	2026-10-03T16:04:50.8000398Z     "spec/progress/evidence/LOOP1-SYNC-001/client-fix/failed-review/runs/R-20261003T154043Z-b21579c7-4f71-457b-9fa7-bf2d38dd69ff/blobs/C-399fafc6-be83-45c1-a630-896323dc5393.stdout.txt",
classify	Classify full diff, including deletions	2026-10-03T16:04:50.8002001Z     "spec/progress/evidence/LOOP1-SYNC-001/client-fix/failed-review/runs/R-20261003T154043Z-b21579c7-4f71-457b-9fa7-bf2d38dd69ff/blobs/C-437766c8-063d-4559-ae11-c97133782ec5.stderr.txt",
classify	Classify full diff, including deletions	2026-10-03T16:04:50.8003319Z     "spec/progress/evidence/LOOP1-SYNC-001/client-fix/failed-review/runs/R-20261003T154043Z-b21579c7-4f71-457b-9fa7-bf2d38dd69ff/blobs/C-437766c8-063d-4559-ae11-c97133782ec5.stdout.txt",
classify	Classify full diff, including deletions	2026-10-03T16:04:50.8004626Z     "spec/progress/evidence/LOOP1-SYNC-001/client-fix/failed-review/runs/R-20261003T154043Z-b21579c7-4f71-457b-9fa7-bf2d38dd69ff/blobs/C-44d799fd-2478-4d37-aac7-0054119f1b9e.stderr.txt",
classify	Classify full diff, including deletions	2026-10-03T16:04:50.8005950Z     "spec/progress/evidence/LOOP1-SYNC-001/client-fix/failed-review/runs/R-20261003T154043Z-b21579c7-4f71-457b-9fa7-bf2d38dd69ff/blobs/C-44d799fd-2478-4d37-aac7-0054119f1b9e.stdout.txt",
classify	Classify full diff, including deletions	2026-10-03T16:04:50.8007428Z     "spec/progress/evidence/LOOP1-SYNC-001/client-fix/failed-review/runs/R-20261003T154043Z-b21579c7-4f71-457b-9fa7-bf2d38dd69ff/blobs/C-4504f3ab-e509-4d52-a07d-b1a5b87423e2.stderr.txt",
classify	Classify full diff, including deletions	2026-10-03T16:04:50.8008783Z     "spec/progress/evidence/LOOP1-SYNC-001/client-fix/failed-review/runs/R-20261003T154043Z-b21579c7-4f71-457b-9fa7-bf2d38dd69ff/blobs/C-4504f3ab-e509-4d52-a07d-b1a5b87423e2.stdout.txt",
classify	Classify full diff, including deletions	2026-10-03T16:04:50.8010313Z     "spec/progress/evidence/LOOP1-SYNC-001/client-fix/failed-review/runs/R-20261003T154043Z-b21579c7-4f71-457b-9fa7-bf2d38dd69ff/blobs/C-47af06be-fa8f-4a70-8613-bd24e5f322a7.stderr.txt",
classify	Classify full diff, including deletions	2026-10-03T16:04:50.8011772Z     "spec/progress/evidence/LOOP1-SYNC-001/client-fix/failed-review/runs/R-20261003T154043Z-b21579c7-4f71-457b-9fa7-bf2d38dd69ff/blobs/C-47af06be-fa8f-4a70-8613-bd24e5f322a7.stdout.txt",
classify	Classify full diff, including deletions	2026-10-03T16:04:50.8013114Z     "spec/progress/evidence/LOOP1-SYNC-001/client-fix/failed-review/runs/R-20261003T154043Z-b21579c7-4f71-457b-9fa7-bf2d38dd69ff/blobs/C-4efc8d04-28dc-4146-8ea2-c0be0865a2e7.stderr.txt",
classify	Classify full diff, including deletions	2026-10-03T16:04:50.8014442Z     "spec/progress/evidence/LOOP1-SYNC-001/client-fix/failed-review/runs/R-20261003T154043Z-b21579c7-4f71-457b-9fa7-bf2d38dd69ff/blobs/C-4efc8d04-28dc-4146-8ea2-c0be0865a2e7.stdout.txt",
classify	Classify full diff, including deletions	2026-10-03T16:04:50.8015760Z     "spec/progress/evidence/LOOP1-SYNC-001/client-fix/failed-review/runs/R-20261003T154043Z-b21579c7-4f71-457b-9fa7-bf2d38dd69ff/blobs/C-56b5f109-5e51-4ce7-9083-fb8aae59dad9.stderr.txt",
classify	Classify full diff, including deletions	2026-10-03T16:04:50.8017078Z     "spec/progress/evidence/LOOP1-SYNC-001/client-fix/failed-review/runs/R-20261003T154043Z-b21579c7-4f71-457b-9fa7-bf2d38dd69ff/blobs/C-56b5f109-5e51-4ce7-9083-fb8aae59dad9.stdout.txt",
classify	Classify full diff, including deletions	2026-10-03T16:04:50.8018432Z     "spec/progress/evidence/LOOP1-SYNC-001/client-fix/failed-review/runs/R-20261003T154043Z-b21579c7-4f71-457b-9fa7-bf2d38dd69ff/blobs/C-6100912f-cdcc-456f-ac1c-a5948057b9e9.stderr.txt",
classify	Classify full diff, including deletions	2026-10-03T16:04:50.8019760Z     "spec/progress/evidence/LOOP1-SYNC-001/client-fix/failed-review/runs/R-20261003T154043Z-b21579c7-4f71-457b-9fa7-bf2d38dd69ff/blobs/C-6100912f-cdcc-456f-ac1c-a5948057b9e9.stdout.txt",
classify	Classify full diff, including deletions	2026-10-03T16:04:50.8021097Z     "spec/progress/evidence/LOOP1-SYNC-001/client-fix/failed-review/runs/R-20261003T154043Z-b21579c7-4f71-457b-9fa7-bf2d38dd69ff/blobs/C-709e4dc2-4348-4c59-8db5-7303e257d992.stderr.txt",
classify	Classify full diff, including deletions	2026-10-03T16:04:50.8022746Z     "spec/progress/evidence/LOOP1-SYNC-001/client-fix/failed-review/runs/R-20261003T154043Z-b21579c7-4f71-457b-9fa7-bf2d38dd69ff/blobs/C-709e4dc2-4348-4c59-8db5-7303e257d992.stdout.txt",
classify	Classify full diff, including deletions	2026-10-03T16:04:50.8024098Z     "spec/progress/evidence/LOOP1-SYNC-001/client-fix/failed-review/runs/R-20261003T154043Z-b21579c7-4f71-457b-9fa7-bf2d38dd69ff/blobs/C-9184671c-00dd-4c76-b3dc-d687a350d69b.stderr.txt",
classify	Classify full diff, including deletions	2026-10-03T16:04:50.8025434Z     "spec/progress/evidence/LOOP1-SYNC-001/client-fix/failed-review/runs/R-20261003T154043Z-b21579c7-4f71-457b-9fa7-bf2d38dd69ff/blobs/C-9184671c-00dd-4c76-b3dc-d687a350d69b.stdout.txt",
classify	Classify full diff, including deletions	2026-10-03T16:04:50.8027948Z     "spec/progress/evidence/LOOP1-SYNC-001/client-fix/failed-review/runs/R-20261003T154043Z-b21579c7-4f71-457b-9fa7-bf2d38dd69ff/blobs/C-932aa8ff-2ee8-4c76-9f9d-0553ebc39b8c.stderr.txt",
classify	Classify full diff, including deletions	2026-10-03T16:04:50.8029461Z     "spec/progress/evidence/LOOP1-SYNC-001/client-fix/failed-review/runs/R-20261003T154043Z-b21579c7-4f71-457b-9fa7-bf2d38dd69ff/blobs/C-932aa8ff-2ee8-4c76-9f9d-0553ebc39b8c.stdout.txt",
classify	Classify full diff, including deletions	2026-10-03T16:04:50.8030798Z     "spec/progress/evidence/LOOP1-SYNC-001/client-fix/failed-review/runs/R-20261003T154043Z-b21579c7-4f71-457b-9fa7-bf2d38dd69ff/blobs/C-990d778b-ad08-45d1-a3ac-199094f74f58.stderr.txt",
classify	Classify full diff, including deletions	2026-10-03T16:04:50.8032293Z     "spec/progress/evidence/LOOP1-SYNC-001/client-fix/failed-review/runs/R-20261003T154043Z-b21579c7-4f71-457b-9fa7-bf2d38dd69ff/blobs/C-990d778b-ad08-45d1-a3ac-199094f74f58.stdout.txt",
classify	Classify full diff, including deletions	2026-10-03T16:04:50.8033634Z     "spec/progress/evidence/LOOP1-SYNC-001/client-fix/failed-review/runs/R-20261003T154043Z-b21579c7-4f71-457b-9fa7-bf2d38dd69ff/blobs/C-b041dc40-2510-4a77-ba78-d0db028a3cbb.stderr.txt",
classify	Classify full diff, including deletions	2026-10-03T16:04:50.8035110Z     "spec/progress/evidence/LOOP1-SYNC-001/client-fix/failed-review/runs/R-20261003T154043Z-b21579c7-4f71-457b-9fa7-bf2d38dd69ff/blobs/C-b041dc40-2510-4a77-ba78-d0db028a3cbb.stdout.txt",
classify	Classify full diff, including deletions	2026-10-03T16:04:50.8036430Z     "spec/progress/evidence/LOOP1-SYNC-001/client-fix/failed-review/runs/R-20261003T154043Z-b21579c7-4f71-457b-9fa7-bf2d38dd69ff/blobs/C-b7ffc7f7-ee07-43c3-b8cb-a39e6cbdc893.stderr.txt",
classify	Classify full diff, including deletions	2026-10-03T16:04:50.8037761Z     "spec/progress/evidence/LOOP1-SYNC-001/client-fix/failed-review/runs/R-20261003T154043Z-b21579c7-4f71-457b-9fa7-bf2d38dd69ff/blobs/C-b7ffc7f7-ee07-43c3-b8cb-a39e6cbdc893.stdout.txt",
classify	Classify full diff, including deletions	2026-10-03T16:04:50.8039079Z     "spec/progress/evidence/LOOP1-SYNC-001/client-fix/failed-review/runs/R-20261003T154043Z-b21579c7-4f71-457b-9fa7-bf2d38dd69ff/blobs/C-c3a14826-7732-4f9c-9dda-3e02df168ed1.stderr.txt",
classify	Classify full diff, including deletions	2026-10-03T16:04:50.8040399Z     "spec/progress/evidence/LOOP1-SYNC-001/client-fix/failed-review/runs/R-20261003T154043Z-b21579c7-4f71-457b-9fa7-bf2d38dd69ff/blobs/C-c3a14826-7732-4f9c-9dda-3e02df168ed1.stdout.txt",
classify	Classify full diff, including deletions	2026-10-03T16:04:50.8041839Z     "spec/progress/evidence/LOOP1-SYNC-001/client-fix/failed-review/runs/R-20261003T154043Z-b21579c7-4f71-457b-9fa7-bf2d38dd69ff/blobs/C-c42ebd18-feb6-4a22-8b85-c977f79206cc.stderr.txt",
classify	Classify full diff, including deletions	2026-10-03T16:04:50.8043151Z     "spec/progress/evidence/LOOP1-SYNC-001/client-fix/failed-review/runs/R-20261003T154043Z-b21579c7-4f71-457b-9fa7-bf2d38dd69ff/blobs/C-c42ebd18-feb6-4a22-8b85-c977f79206cc.stdout.txt",
classify	Classify full diff, including deletions	2026-10-03T16:04:50.8044477Z     "spec/progress/evidence/LOOP1-SYNC-001/client-fix/failed-review/runs/R-20261003T154043Z-b21579c7-4f71-457b-9fa7-bf2d38dd69ff/blobs/C-dae7b8cb-1b62-4f05-abea-de9404dc3a9d.stderr.txt",
classify	Classify full diff, including deletions	2026-10-03T16:04:50.8045836Z     "spec/progress/evidence/LOOP1-SYNC-001/client-fix/failed-review/runs/R-20261003T154043Z-b21579c7-4f71-457b-9fa7-bf2d38dd69ff/blobs/C-dae7b8cb-1b62-4f05-abea-de9404dc3a9d.stdout.txt",
classify	Classify full diff, including deletions	2026-10-03T16:04:50.8047172Z     "spec/progress/evidence/LOOP1-SYNC-001/client-fix/failed-review/runs/R-20261003T154043Z-b21579c7-4f71-457b-9fa7-bf2d38dd69ff/blobs/C-e317caef-8514-467a-ba3b-c3afaf502f0c.stderr.txt",
classify	Classify full diff, including deletions	2026-10-03T16:04:50.8048485Z     "spec/progress/evidence/LOOP1-SYNC-001/client-fix/failed-review/runs/R-20261003T154043Z-b21579c7-4f71-457b-9fa7-bf2d38dd69ff/blobs/C-e317caef-8514-467a-ba3b-c3afaf502f0c.stdout.txt",
classify	Classify full diff, including deletions	2026-10-03T16:04:50.8049806Z     "spec/progress/evidence/LOOP1-SYNC-001/client-fix/failed-review/runs/R-20261003T154043Z-b21579c7-4f71-457b-9fa7-bf2d38dd69ff/blobs/C-eacc8c91-928c-4283-9cd9-6c627f7f7b2d.stderr.txt",
classify	Classify full diff, including deletions	2026-10-03T16:04:50.8051116Z     "spec/progress/evidence/LOOP1-SYNC-001/client-fix/failed-review/runs/R-20261003T154043Z-b21579c7-4f71-457b-9fa7-bf2d38dd69ff/blobs/C-eacc8c91-928c-4283-9cd9-6c627f7f7b2d.stdout.txt",
classify	Classify full diff, including deletions	2026-10-03T16:04:50.8052550Z     "spec/progress/evidence/LOOP1-SYNC-001/client-fix/failed-review/runs/R-20261003T154043Z-b21579c7-4f71-457b-9fa7-bf2d38dd69ff/diff.patch",
classify	Classify full diff, including deletions	2026-10-03T16:04:50.8053690Z     "spec/progress/evidence/LOOP1-SYNC-001/client-fix/failed-review/runs/R-20261003T154043Z-b21579c7-4f71-457b-9fa7-bf2d38dd69ff/events.jsonl",
classify	Classify full diff, including deletions	2026-10-03T16:04:50.8054716Z     "spec/progress/evidence/LOOP1-SYNC-001/client-fix/failed-review/runs/R-20261003T154043Z-b21579c7-4f71-457b-9fa7-bf2d38dd69ff/final_state.json",
classify	Classify full diff, including deletions	2026-10-03T16:04:50.8055752Z     "spec/progress/evidence/LOOP1-SYNC-001/client-fix/failed-review/runs/R-20261003T154043Z-b21579c7-4f71-457b-9fa7-bf2d38dd69ff/initial_state.json",
classify	Classify full diff, including deletions	2026-10-03T16:04:50.8056774Z     "spec/progress/evidence/LOOP1-SYNC-001/client-fix/failed-review/runs/R-20261003T154043Z-b21579c7-4f71-457b-9fa7-bf2d38dd69ff/metadata.json",
classify	Classify full diff, including deletions	2026-10-03T16:04:50.8057768Z     "spec/progress/evidence/LOOP1-SYNC-001/client-fix/failed-review/runs/R-20261003T154043Z-b21579c7-4f71-457b-9fa7-bf2d38dd69ff/summary.json",
classify	Classify full diff, including deletions	2026-10-03T16:04:50.8058576Z     "spec/progress/evidence/LOOP1-SYNC-001/client-fix/fix-research/generated-receipt.json",
classify	Classify full diff, including deletions	2026-10-03T16:04:50.8059381Z     "spec/progress/evidence/LOOP1-SYNC-001/client-fix/fix-research/prompts/P-SYNC-CLIENT-FIX/metadata.json",
classify	Classify full diff, including deletions	2026-10-03T16:04:50.8060117Z     "spec/progress/evidence/LOOP1-SYNC-001/client-fix/fix-research/prompts/P-SYNC-CLIENT-FIX/prompt.txt",
classify	Classify full diff, including deletions	2026-10-03T16:04:50.8061044Z     "spec/progress/evidence/LOOP1-SYNC-001/client-fix/fix-research/runs/R-SYNC-CLIENT-FIX-20261003/blobs/C-05e201eb-b2a1-427e-aaad-741df2c8c9ca.stderr.txt",
classify	Classify full diff, including deletions	2026-10-03T16:04:50.8062501Z     "spec/progress/evidence/LOOP1-SYNC-001/client-fix/fix-research/runs/R-SYNC-CLIENT-FIX-20261003/blobs/C-05e201eb-b2a1-427e-aaad-741df2c8c9ca.stdout.txt",
classify	Classify full diff, including deletions	2026-10-03T16:04:50.8063624Z     "spec/progress/evidence/LOOP1-SYNC-001/client-fix/fix-research/runs/R-SYNC-CLIENT-FIX-20261003/blobs/C-0b1aa95f-25a0-43ac-9624-416aed527cfc.stderr.txt",
classify	Classify full diff, including deletions	2026-10-03T16:04:50.8064712Z     "spec/progress/evidence/LOOP1-SYNC-001/client-fix/fix-research/runs/R-SYNC-CLIENT-FIX-20261003/blobs/C-0b1aa95f-25a0-43ac-9624-416aed527cfc.stdout.txt",
classify	Classify full diff, including deletions	2026-10-03T16:04:50.8065818Z     "spec/progress/evidence/LOOP1-SYNC-001/client-fix/fix-research/runs/R-SYNC-CLIENT-FIX-20261003/blobs/C-0ca70223-223a-4ebc-8396-1871668bbbb3.stderr.txt",
classify	Classify full diff, including deletions	2026-10-03T16:04:50.8066900Z     "spec/progress/evidence/LOOP1-SYNC-001/client-fix/fix-research/runs/R-SYNC-CLIENT-FIX-20261003/blobs/C-0ca70223-223a-4ebc-8396-1871668bbbb3.stdout.txt",
classify	Classify full diff, including deletions	2026-10-03T16:04:50.8067978Z     "spec/progress/evidence/LOOP1-SYNC-001/client-fix/fix-research/runs/R-SYNC-CLIENT-FIX-20261003/blobs/C-161b14a4-dc18-4476-a095-4f49c664ed3c.stderr.txt",
classify	Classify full diff, including deletions	2026-10-03T16:04:50.8069050Z     "spec/progress/evidence/LOOP1-SYNC-001/client-fix/fix-research/runs/R-SYNC-CLIENT-FIX-20261003/blobs/C-161b14a4-dc18-4476-a095-4f49c664ed3c.stdout.txt",
classify	Classify full diff, including deletions	2026-10-03T16:04:50.8070134Z     "spec/progress/evidence/LOOP1-SYNC-001/client-fix/fix-research/runs/R-SYNC-CLIENT-FIX-20261003/blobs/C-16b62c8d-b4e2-4357-aaf1-e3b4108e4bc4.stderr.txt",
classify	Classify full diff, including deletions	2026-10-03T16:04:50.8071214Z     "spec/progress/evidence/LOOP1-SYNC-001/client-fix/fix-research/runs/R-SYNC-CLIENT-FIX-20261003/blobs/C-16b62c8d-b4e2-4357-aaf1-e3b4108e4bc4.stdout.txt",
classify	Classify full diff, including deletions	2026-10-03T16:04:50.8072645Z     "spec/progress/evidence/LOOP1-SYNC-001/client-fix/fix-research/runs/R-SYNC-CLIENT-FIX-20261003/blobs/C-1fb2dcc1-372e-457d-b4b8-f2da78944018.stderr.txt",
classify	Classify full diff, including deletions	2026-10-03T16:04:50.8073746Z     "spec/progress/evidence/LOOP1-SYNC-001/client-fix/fix-research/runs/R-SYNC-CLIENT-FIX-20261003/blobs/C-1fb2dcc1-372e-457d-b4b8-f2da78944018.stdout.txt",
classify	Classify full diff, including deletions	2026-10-03T16:04:50.8074818Z     "spec/progress/evidence/LOOP1-SYNC-001/client-fix/fix-research/runs/R-SYNC-CLIENT-FIX-20261003/blobs/C-414f83a6-0c5a-48d8-a029-68784f35230c.stderr.txt",
classify	Classify full diff, including deletions	2026-10-03T16:04:50.8075903Z     "spec/progress/evidence/LOOP1-SYNC-001/client-fix/fix-research/runs/R-SYNC-CLIENT-FIX-20261003/blobs/C-414f83a6-0c5a-48d8-a029-68784f35230c.stdout.txt",
classify	Classify full diff, including deletions	2026-10-03T16:04:50.8076983Z     "spec/progress/evidence/LOOP1-SYNC-001/client-fix/fix-research/runs/R-SYNC-CLIENT-FIX-20261003/blobs/C-4943076f-9f47-4a89-b7b4-51b403331a26.stderr.txt",
classify	Classify full diff, including deletions	2026-10-03T16:04:50.8078200Z     "spec/progress/evidence/LOOP1-SYNC-001/client-fix/fix-research/runs/R-SYNC-CLIENT-FIX-20261003/blobs/C-4943076f-9f47-4a89-b7b4-51b403331a26.stdout.txt",
classify	Classify full diff, including deletions	2026-10-03T16:04:50.8079278Z     "spec/progress/evidence/LOOP1-SYNC-001/client-fix/fix-research/runs/R-SYNC-CLIENT-FIX-20261003/blobs/C-4e9a01ed-7ab4-4677-81a0-f1051a0834ab.stderr.txt",
classify	Classify full diff, including deletions	2026-10-03T16:04:50.8080357Z     "spec/progress/evidence/LOOP1-SYNC-001/client-fix/fix-research/runs/R-SYNC-CLIENT-FIX-20261003/blobs/C-4e9a01ed-7ab4-4677-81a0-f1051a0834ab.stdout.txt",
classify	Classify full diff, including deletions	2026-10-03T16:04:50.8081431Z     "spec/progress/evidence/LOOP1-SYNC-001/client-fix/fix-research/runs/R-SYNC-CLIENT-FIX-20261003/blobs/C-65484c04-ec61-4120-bfa0-d8c7c861cbb4.stderr.txt",
classify	Classify full diff, including deletions	2026-10-03T16:04:50.8082774Z     "spec/progress/evidence/LOOP1-SYNC-001/client-fix/fix-research/runs/R-SYNC-CLIENT-FIX-20261003/blobs/C-65484c04-ec61-4120-bfa0-d8c7c861cbb4.stdout.txt",
classify	Classify full diff, including deletions	2026-10-03T16:04:50.8083870Z     "spec/progress/evidence/LOOP1-SYNC-001/client-fix/fix-research/runs/R-SYNC-CLIENT-FIX-20261003/blobs/C-6ad74137-1dff-4c19-8b54-27c4fde713ec.stderr.txt",
classify	Classify full diff, including deletions	2026-10-03T16:04:50.8085086Z     "spec/progress/evidence/LOOP1-SYNC-001/client-fix/fix-research/runs/R-SYNC-CLIENT-FIX-20261003/blobs/C-6ad74137-1dff-4c19-8b54-27c4fde713ec.stdout.txt",
classify	Classify full diff, including deletions	2026-10-03T16:04:50.8086163Z     "spec/progress/evidence/LOOP1-SYNC-001/client-fix/fix-research/runs/R-SYNC-CLIENT-FIX-20261003/blobs/C-81e07804-78ef-4976-83bd-6eb374e61833.stderr.txt",
classify	Classify full diff, including deletions	2026-10-03T16:04:50.8087235Z     "spec/progress/evidence/LOOP1-SYNC-001/client-fix/fix-research/runs/R-SYNC-CLIENT-FIX-20261003/blobs/C-81e07804-78ef-4976-83bd-6eb374e61833.stdout.txt",
classify	Classify full diff, including deletions	2026-10-03T16:04:50.8088324Z     "spec/progress/evidence/LOOP1-SYNC-001/client-fix/fix-research/runs/R-SYNC-CLIENT-FIX-20261003/blobs/C-89b05ac0-fa3f-4343-88f1-6ebbd340a9eb.stderr.txt",
classify	Classify full diff, including deletions	2026-10-03T16:04:50.8089422Z     "spec/progress/evidence/LOOP1-SYNC-001/client-fix/fix-research/runs/R-SYNC-CLIENT-FIX-20261003/blobs/C-89b05ac0-fa3f-4343-88f1-6ebbd340a9eb.stdout.txt",
classify	Classify full diff, including deletions	2026-10-03T16:04:50.8090526Z     "spec/progress/evidence/LOOP1-SYNC-001/client-fix/fix-research/runs/R-SYNC-CLIENT-FIX-20261003/blobs/C-8a6160c5-eacf-445f-8e97-5c174cdc3370.stderr.txt",
classify	Classify full diff, including deletions	2026-10-03T16:04:50.8091830Z     "spec/progress/evidence/LOOP1-SYNC-001/client-fix/fix-research/runs/R-SYNC-CLIENT-FIX-20261003/blobs/C-8a6160c5-eacf-445f-8e97-5c174cdc3370.stdout.txt",
classify	Classify full diff, including deletions	2026-10-03T16:04:50.8093001Z     "spec/progress/evidence/LOOP1-SYNC-001/client-fix/fix-research/runs/R-SYNC-CLIENT-FIX-20261003/blobs/C-8e3326bf-2293-4bf1-be78-8278ba7f88cf.stderr.txt",
classify	Classify full diff, including deletions	2026-10-03T16:04:50.8094089Z     "spec/progress/evidence/LOOP1-SYNC-001/client-fix/fix-research/runs/R-SYNC-CLIENT-FIX-20261003/blobs/C-8e3326bf-2293-4bf1-be78-8278ba7f88cf.stdout.txt",
classify	Classify full diff, including deletions	2026-10-03T16:04:50.8095181Z     "spec/progress/evidence/LOOP1-SYNC-001/client-fix/fix-research/runs/R-SYNC-CLIENT-FIX-20261003/blobs/C-8fcaab43-86b1-41c9-b3bb-a327a36e1581.stderr.txt",
classify	Classify full diff, including deletions	2026-10-03T16:04:50.8096278Z     "spec/progress/evidence/LOOP1-SYNC-001/client-fix/fix-research/runs/R-SYNC-CLIENT-FIX-20261003/blobs/C-8fcaab43-86b1-41c9-b3bb-a327a36e1581.stdout.txt",
classify	Classify full diff, including deletions	2026-10-03T16:04:50.8097364Z     "spec/progress/evidence/LOOP1-SYNC-001/client-fix/fix-research/runs/R-SYNC-CLIENT-FIX-20261003/blobs/C-975c0ce0-03a4-4d38-ab62-00d95962af81.stderr.txt",
classify	Classify full diff, including deletions	2026-10-03T16:04:50.8098441Z     "spec/progress/evidence/LOOP1-SYNC-001/client-fix/fix-research/runs/R-SYNC-CLIENT-FIX-20261003/blobs/C-975c0ce0-03a4-4d38-ab62-00d95962af81.stdout.txt",
classify	Classify full diff, including deletions	2026-10-03T16:04:50.8099529Z     "spec/progress/evidence/LOOP1-SYNC-001/client-fix/fix-research/runs/R-SYNC-CLIENT-FIX-20261003/blobs/C-a98cbe5a-b367-4ec7-b37e-74dfa83fa3fb.stderr.txt",
classify	Classify full diff, including deletions	2026-10-03T16:04:50.8100664Z     "spec/progress/evidence/LOOP1-SYNC-001/client-fix/fix-research/runs/R-SYNC-CLIENT-FIX-20261003/blobs/C-a98cbe5a-b367-4ec7-b37e-74dfa83fa3fb.stdout.txt",
classify	Classify full diff, including deletions	2026-10-03T16:04:50.8102070Z     "spec/progress/evidence/LOOP1-SYNC-001/client-fix/fix-research/runs/R-SYNC-CLIENT-FIX-20261003/blobs/C-c7cc82c0-5222-4d44-bf00-2bb06a836ef6.stderr.txt",
classify	Classify full diff, including deletions	2026-10-03T16:04:50.8103344Z     "spec/progress/evidence/LOOP1-SYNC-001/client-fix/fix-research/runs/R-SYNC-CLIENT-FIX-20261003/blobs/C-c7cc82c0-5222-4d44-bf00-2bb06a836ef6.stdout.txt",
classify	Classify full diff, including deletions	2026-10-03T16:04:50.8104431Z     "spec/progress/evidence/LOOP1-SYNC-001/client-fix/fix-research/runs/R-SYNC-CLIENT-FIX-20261003/blobs/C-cd3fb5fe-4a3f-46f6-86c9-afa5081a3427.stderr.txt",
classify	Classify full diff, including deletions	2026-10-03T16:04:50.8105523Z     "spec/progress/evidence/LOOP1-SYNC-001/client-fix/fix-research/runs/R-SYNC-CLIENT-FIX-20261003/blobs/C-cd3fb5fe-4a3f-46f6-86c9-afa5081a3427.stdout.txt",
classify	Classify full diff, including deletions	2026-10-03T16:04:50.8106610Z     "spec/progress/evidence/LOOP1-SYNC-001/client-fix/fix-research/runs/R-SYNC-CLIENT-FIX-20261003/blobs/C-cfc46c4c-bcc4-4479-8a0f-e57343535305.stderr.txt",
classify	Classify full diff, including deletions	2026-10-03T16:04:50.8107697Z     "spec/progress/evidence/LOOP1-SYNC-001/client-fix/fix-research/runs/R-SYNC-CLIENT-FIX-20261003/blobs/C-cfc46c4c-bcc4-4479-8a0f-e57343535305.stdout.txt",
classify	Classify full diff, including deletions	2026-10-03T16:04:50.8108780Z     "spec/progress/evidence/LOOP1-SYNC-001/client-fix/fix-research/runs/R-SYNC-CLIENT-FIX-20261003/blobs/C-d75824bc-9237-4e39-91dd-1a34e194be8e.stderr.txt",
classify	Classify full diff, including deletions	2026-10-03T16:04:50.8109980Z     "spec/progress/evidence/LOOP1-SYNC-001/client-fix/fix-research/runs/R-SYNC-CLIENT-FIX-20261003/blobs/C-d75824bc-9237-4e39-91dd-1a34e194be8e.stdout.txt",
classify	Classify full diff, including deletions	2026-10-03T16:04:50.8111079Z     "spec/progress/evidence/LOOP1-SYNC-001/client-fix/fix-research/runs/R-SYNC-CLIENT-FIX-20261003/blobs/C-dbcf2ccb-54a3-4c2c-8051-a447cb5a0f3e.stderr.txt",
classify	Classify full diff, including deletions	2026-10-03T16:04:50.8112298Z     "spec/progress/evidence/LOOP1-SYNC-001/client-fix/fix-research/runs/R-SYNC-CLIENT-FIX-20261003/blobs/C-dbcf2ccb-54a3-4c2c-8051-a447cb5a0f3e.stdout.txt",
classify	Classify full diff, including deletions	2026-10-03T16:04:50.8113396Z     "spec/progress/evidence/LOOP1-SYNC-001/client-fix/fix-research/runs/R-SYNC-CLIENT-FIX-20261003/blobs/C-f94604ee-d771-4faf-a228-fa60ff158827.stderr.txt",
classify	Classify full diff, including deletions	2026-10-03T16:04:50.8114473Z     "spec/progress/evidence/LOOP1-SYNC-001/client-fix/fix-research/runs/R-SYNC-CLIENT-FIX-20261003/blobs/C-f94604ee-d771-4faf-a228-fa60ff158827.stdout.txt",
classify	Classify full diff, including deletions	2026-10-03T16:04:50.8115427Z     "spec/progress/evidence/LOOP1-SYNC-001/client-fix/fix-research/runs/R-SYNC-CLIENT-FIX-20261003/diff.patch",
classify	Classify full diff, including deletions	2026-10-03T16:04:50.8116207Z     "spec/progress/evidence/LOOP1-SYNC-001/client-fix/fix-research/runs/R-SYNC-CLIENT-FIX-20261003/events.jsonl",
classify	Classify full diff, including deletions	2026-10-03T16:04:50.8117004Z     "spec/progress/evidence/LOOP1-SYNC-001/client-fix/fix-research/runs/R-SYNC-CLIENT-FIX-20261003/final_state.json",
classify	Classify full diff, including deletions	2026-10-03T16:04:50.8117821Z     "spec/progress/evidence/LOOP1-SYNC-001/client-fix/fix-research/runs/R-SYNC-CLIENT-FIX-20261003/initial_state.json",
classify	Classify full diff, including deletions	2026-10-03T16:04:50.8118621Z     "spec/progress/evidence/LOOP1-SYNC-001/client-fix/fix-research/runs/R-SYNC-CLIENT-FIX-20261003/metadata.json",
classify	Classify full diff, including deletions	2026-10-03T16:04:50.8119409Z     "spec/progress/evidence/LOOP1-SYNC-001/client-fix/fix-research/runs/R-SYNC-CLIENT-FIX-20261003/summary.json",
classify	Classify full diff, including deletions	2026-10-03T16:04:50.8120058Z     "spec/progress/evidence/LOOP1-SYNC-001/client-fix/local-verification.md",
classify	Classify full diff, including deletions	2026-10-03T16:04:50.8120665Z     "spec/progress/evidence/LOOP1-SYNC-001/client-implementation/artifact-manifest-sha256.txt",
classify	Classify full diff, including deletions	2026-10-03T16:04:50.8121296Z     "spec/progress/evidence/LOOP1-SYNC-001/client-implementation/command-index.json",
classify	Classify full diff, including deletions	2026-10-03T16:04:50.8122228Z     "spec/progress/evidence/LOOP1-SYNC-001/client-implementation/local-verification.md",
classify	Classify full diff, including deletions	2026-10-03T16:04:50.8122886Z     "spec/progress/evidence/LOOP1-SYNC-001/client-implementation/research-archive-manifest.json",
classify	Classify full diff, including deletions	2026-10-03T16:04:50.8123708Z     "spec/progress/evidence/LOOP1-SYNC-001/client-implementation/research/prompts/P-4f7122e3-d9f2-433c-bc56-81047aa774be/metadata.json",
classify	Classify full diff, including deletions	2026-10-03T16:04:50.8124667Z     "spec/progress/evidence/LOOP1-SYNC-001/client-implementation/research/prompts/P-4f7122e3-d9f2-433c-bc56-81047aa774be/prompt.txt",
classify	Classify full diff, including deletions	2026-10-03T16:04:50.8125835Z     "spec/progress/evidence/LOOP1-SYNC-001/client-implementation/research/runs/R-20261003T143811Z-f75093f7-8424-4f4b-8736-3ae171ac3d15/blobs/C-00dd4347-d1d8-4887-9ba8-230f6613b86a.stderr.txt",
classify	Classify full diff, including deletions	2026-10-03T16:04:50.8127362Z     "spec/progress/evidence/LOOP1-SYNC-001/client-implementation/research/runs/R-20261003T143811Z-f75093f7-8424-4f4b-8736-3ae171ac3d15/blobs/C-00dd4347-d1d8-4887-9ba8-230f6613b86a.stdout.txt",
classify	Classify full diff, including deletions	2026-10-03T16:04:50.8128714Z     "spec/progress/evidence/LOOP1-SYNC-001/client-implementation/research/runs/R-20261003T143811Z-f75093f7-8424-4f4b-8736-3ae171ac3d15/blobs/C-01b50565-b3e7-492d-8a33-a4489539a0a5.stderr.txt",
classify	Classify full diff, including deletions	2026-10-03T16:04:50.8130072Z     "spec/progress/evidence/LOOP1-SYNC-001/client-implementation/research/runs/R-20261003T143811Z-f75093f7-8424-4f4b-8736-3ae171ac3d15/blobs/C-01b50565-b3e7-492d-8a33-a4489539a0a5.stdout.txt",
classify	Classify full diff, including deletions	2026-10-03T16:04:50.8131426Z     "spec/progress/evidence/LOOP1-SYNC-001/client-implementation/research/runs/R-20261003T143811Z-f75093f7-8424-4f4b-8736-3ae171ac3d15/blobs/C-0a00ce58-f7ac-47e0-8ba3-03a03b600726.stderr.txt",
classify	Classify full diff, including deletions	2026-10-03T16:04:50.8132921Z     "spec/progress/evidence/LOOP1-SYNC-001/client-implementation/research/runs/R-20261003T143811Z-f75093f7-8424-4f4b-8736-3ae171ac3d15/blobs/C-0a00ce58-f7ac-47e0-8ba3-03a03b600726.stdout.txt",
classify	Classify full diff, including deletions	2026-10-03T16:04:50.8134499Z     "spec/progress/evidence/LOOP1-SYNC-001/client-implementation/research/runs/R-20261003T143811Z-f75093f7-8424-4f4b-8736-3ae171ac3d15/blobs/C-0c985987-c825-4f4f-9c7c-c9e31eab1132.stderr.txt",
classify	Classify full diff, including deletions	2026-10-03T16:04:50.8135882Z     "spec/progress/evidence/LOOP1-SYNC-001/client-implementation/research/runs/R-20261003T143811Z-f75093f7-8424-4f4b-8736-3ae171ac3d15/blobs/C-0c985987-c825-4f4f-9c7c-c9e31eab1132.stdout.txt",
classify	Classify full diff, including deletions	2026-10-03T16:04:50.8137268Z     "spec/progress/evidence/LOOP1-SYNC-001/client-implementation/research/runs/R-20261003T143811Z-f75093f7-8424-4f4b-8736-3ae171ac3d15/blobs/C-0d4e5e60-d848-46b0-bd84-d4c8746f1f47.stderr.txt",
classify	Classify full diff, including deletions	2026-10-03T16:04:50.8138637Z     "spec/progress/evidence/LOOP1-SYNC-001/client-implementation/research/runs/R-20261003T143811Z-f75093f7-8424-4f4b-8736-3ae171ac3d15/blobs/C-0d4e5e60-d848-46b0-bd84-d4c8746f1f47.stdout.txt",
classify	Classify full diff, including deletions	2026-10-03T16:04:50.8140013Z     "spec/progress/evidence/LOOP1-SYNC-001/client-implementation/research/runs/R-20261003T143811Z-f75093f7-8424-4f4b-8736-3ae171ac3d15/blobs/C-103f3795-ae52-4d3e-8573-57f2d23c8018.stderr.txt",
classify	Classify full diff, including deletions	2026-10-03T16:04:50.8141382Z     "spec/progress/evidence/LOOP1-SYNC-001/client-implementation/research/runs/R-20261003T143811Z-f75093f7-8424-4f4b-8736-3ae171ac3d15/blobs/C-103f3795-ae52-4d3e-8573-57f2d23c8018.stdout.txt",
classify	Classify full diff, including deletions	2026-10-03T16:04:50.8142861Z     "spec/progress/evidence/LOOP1-SYNC-001/client-implementation/research/runs/R-20261003T143811Z-f75093f7-8424-4f4b-8736-3ae171ac3d15/blobs/C-10fdde67-f346-43d9-a2b6-005232e0fed1.stderr.txt",
classify	Classify full diff, including deletions	2026-10-03T16:04:50.8144226Z     "spec/progress/evidence/LOOP1-SYNC-001/client-implementation/research/runs/R-20261003T143811Z-f75093f7-8424-4f4b-8736-3ae171ac3d15/blobs/C-10fdde67-f346-43d9-a2b6-005232e0fed1.stdout.txt",
classify	Classify full diff, including deletions	2026-10-03T16:04:50.8145584Z     "spec/progress/evidence/LOOP1-SYNC-001/client-implementation/research/runs/R-20261003T143811Z-f75093f7-8424-4f4b-8736-3ae171ac3d15/blobs/C-14f44bb9-8484-4d47-bbfc-716d030f7eb8.stderr.txt",
classify	Classify full diff, including deletions	2026-10-03T16:04:50.8146949Z     "spec/progress/evidence/LOOP1-SYNC-001/client-implementation/research/runs/R-20261003T143811Z-f75093f7-8424-4f4b-8736-3ae171ac3d15/blobs/C-14f44bb9-8484-4d47-bbfc-716d030f7eb8.stdout.txt",
classify	Classify full diff, including deletions	2026-10-03T16:04:50.8148313Z     "spec/progress/evidence/LOOP1-SYNC-001/client-implementation/research/runs/R-20261003T143811Z-f75093f7-8424-4f4b-8736-3ae171ac3d15/blobs/C-15ef5e7a-5066-44df-ad1b-267d2553d9d9.stderr.txt",
classify	Classify full diff, including deletions	2026-10-03T16:04:50.8149665Z     "spec/progress/evidence/LOOP1-SYNC-001/client-implementation/research/runs/R-20261003T143811Z-f75093f7-8424-4f4b-8736-3ae171ac3d15/blobs/C-15ef5e7a-5066-44df-ad1b-267d2553d9d9.stdout.txt",
classify	Classify full diff, including deletions	2026-10-03T16:04:50.8151020Z     "spec/progress/evidence/LOOP1-SYNC-001/client-implementation/research/runs/R-20261003T143811Z-f75093f7-8424-4f4b-8736-3ae171ac3d15/blobs/C-16de356c-eb58-4926-9875-657a38656aa0.stderr.txt",
classify	Classify full diff, including deletions	2026-10-03T16:04:50.8152656Z     "spec/progress/evidence/LOOP1-SYNC-001/client-implementation/research/runs/R-20261003T143811Z-f75093f7-8424-4f4b-8736-3ae171ac3d15/blobs/C-16de356c-eb58-4926-9875-657a38656aa0.stdout.txt",
classify	Classify full diff, including deletions	2026-10-03T16:04:50.8154168Z     "spec/progress/evidence/LOOP1-SYNC-001/client-implementation/research/runs/R-20261003T143811Z-f75093f7-8424-4f4b-8736-3ae171ac3d15/blobs/C-1a5c9772-78b5-4291-96e1-d98897657276.stderr.txt",
classify	Classify full diff, including deletions	2026-10-03T16:04:50.8155511Z     "spec/progress/evidence/LOOP1-SYNC-001/client-implementation/research/runs/R-20261003T143811Z-f75093f7-8424-4f4b-8736-3ae171ac3d15/blobs/C-1a5c9772-78b5-4291-96e1-d98897657276.stdout.txt",
classify	Classify full diff, including deletions	2026-10-03T16:04:50.8156865Z     "spec/progress/evidence/LOOP1-SYNC-001/client-implementation/research/runs/R-20261003T143811Z-f75093f7-8424-4f4b-8736-3ae171ac3d15/blobs/C-25a73969-d1db-43ec-8eab-32727d907edc.stderr.txt",
classify	Classify full diff, including deletions	2026-10-03T16:04:50.8158222Z     "spec/progress/evidence/LOOP1-SYNC-001/client-implementation/research/runs/R-20261003T143811Z-f75093f7-8424-4f4b-8736-3ae171ac3d15/blobs/C-25a73969-d1db-43ec-8eab-32727d907edc.stdout.txt",
classify	Classify full diff, including deletions	2026-10-03T16:04:50.8159705Z     "spec/progress/evidence/LOOP1-SYNC-001/client-implementation/research/runs/R-20261003T143811Z-f75093f7-8424-4f4b-8736-3ae171ac3d15/blobs/C-28497a7a-d2ca-4db0-9d34-b891a5db128a.stderr.txt",
classify	Classify full diff, including deletions	2026-10-03T16:04:50.8161076Z     "spec/progress/evidence/LOOP1-SYNC-001/client-implementation/research/runs/R-20261003T143811Z-f75093f7-8424-4f4b-8736-3ae171ac3d15/blobs/C-28497a7a-d2ca-4db0-9d34-b891a5db128a.stdout.txt",
classify	Classify full diff, including deletions	2026-10-03T16:04:50.8162793Z     "spec/progress/evidence/LOOP1-SYNC-001/client-implementation/research/runs/R-20261003T143811Z-f75093f7-8424-4f4b-8736-3ae171ac3d15/blobs/C-291fac9e-1148-4c2d-afb4-534f191b0f65.stderr.txt",
classify	Classify full diff, including deletions	2026-10-03T16:04:50.8164190Z     "spec/progress/evidence/LOOP1-SYNC-001/client-implementation/research/runs/R-20261003T143811Z-f75093f7-8424-4f4b-8736-3ae171ac3d15/blobs/C-291fac9e-1148-4c2d-afb4-534f191b0f65.stdout.txt",
classify	Classify full diff, including deletions	2026-10-03T16:04:50.8165571Z     "spec/progress/evidence/LOOP1-SYNC-001/client-implementation/research/runs/R-20261003T143811Z-f75093f7-8424-4f4b-8736-3ae171ac3d15/blobs/C-2988b2bf-104b-4e7e-9b0b-cf9f48e130e9.stderr.txt",
classify	Classify full diff, including deletions	2026-10-03T16:04:50.8166956Z     "spec/progress/evidence/LOOP1-SYNC-001/client-implementation/research/runs/R-20261003T143811Z-f75093f7-8424-4f4b-8736-3ae171ac3d15/blobs/C-2988b2bf-104b-4e7e-9b0b-cf9f48e130e9.stdout.txt",
classify	Classify full diff, including deletions	2026-10-03T16:04:50.8168343Z     "spec/progress/evidence/LOOP1-SYNC-001/client-implementation/research/runs/R-20261003T143811Z-f75093f7-8424-4f4b-8736-3ae171ac3d15/blobs/C-2c500e3e-94a9-4fef-970d-deafd1023c0c.stderr.txt",
classify	Classify full diff, including deletions	2026-10-03T16:04:50.8169725Z     "spec/progress/evidence/LOOP1-SYNC-001/client-implementation/research/runs/R-20261003T143811Z-f75093f7-8424-4f4b-8736-3ae171ac3d15/blobs/C-2c500e3e-94a9-4fef-970d-deafd1023c0c.stdout.txt",
classify	Classify full diff, including deletions	2026-10-03T16:04:50.8171092Z     "spec/progress/evidence/LOOP1-SYNC-001/client-implementation/research/runs/R-20261003T143811Z-f75093f7-8424-4f4b-8736-3ae171ac3d15/blobs/C-2e317723-f93b-4c0f-b553-92c21d2fd7ec.stderr.txt",
classify	Classify full diff, including deletions	2026-10-03T16:04:50.8172577Z     "spec/progress/evidence/LOOP1-SYNC-001/client-implementation/research/runs/R-20261003T143811Z-f75093f7-8424-4f4b-8736-3ae171ac3d15/blobs/C-2e317723-f93b-4c0f-b553-92c21d2fd7ec.stdout.txt",
classify	Classify full diff, including deletions	2026-10-03T16:04:50.8173945Z     "spec/progress/evidence/LOOP1-SYNC-001/client-implementation/research/runs/R-20261003T143811Z-f75093f7-8424-4f4b-8736-3ae171ac3d15/blobs/C-2f9c30a1-8635-420f-b4eb-77d858a4ea3f.stderr.txt",
classify	Classify full diff, including deletions	2026-10-03T16:04:50.8175318Z     "spec/progress/evidence/LOOP1-SYNC-001/client-implementation/research/runs/R-20261003T143811Z-f75093f7-8424-4f4b-8736-3ae171ac3d15/blobs/C-2f9c30a1-8635-420f-b4eb-77d858a4ea3f.stdout.txt",
classify	Classify full diff, including deletions	2026-10-03T16:04:50.8176694Z     "spec/progress/evidence/LOOP1-SYNC-001/client-implementation/research/runs/R-20261003T143811Z-f75093f7-8424-4f4b-8736-3ae171ac3d15/blobs/C-2faa55fa-d3ca-4d55-a179-f6b1daec9dcc.stderr.txt",
classify	Classify full diff, including deletions	2026-10-03T16:04:50.8178071Z     "spec/progress/evidence/LOOP1-SYNC-001/client-implementation/research/runs/R-20261003T143811Z-f75093f7-8424-4f4b-8736-3ae171ac3d15/blobs/C-2faa55fa-d3ca-4d55-a179-f6b1daec9dcc.stdout.txt",
classify	Classify full diff, including deletions	2026-10-03T16:04:50.8179587Z     "spec/progress/evidence/LOOP1-SYNC-001/client-implementation/research/runs/R-20261003T143811Z-f75093f7-8424-4f4b-8736-3ae171ac3d15/blobs/C-30789cfb-10ae-441e-a1f6-33b11362c33c.stderr.txt",
classify	Classify full diff, including deletions	2026-10-03T16:04:50.8180962Z     "spec/progress/evidence/LOOP1-SYNC-001/client-implementation/research/runs/R-20261003T143811Z-f75093f7-8424-4f4b-8736-3ae171ac3d15/blobs/C-30789cfb-10ae-441e-a1f6-33b11362c33c.stdout.txt",
classify	Classify full diff, including deletions	2026-10-03T16:04:50.8182674Z     "spec/progress/evidence/LOOP1-SYNC-001/client-implementation/research/runs/R-20261003T143811Z-f75093f7-8424-4f4b-8736-3ae171ac3d15/blobs/C-33f80bfb-df5c-452f-be0a-eb6955c98db8.stderr.txt",
classify	Classify full diff, including deletions	2026-10-03T16:04:50.8184061Z     "spec/progress/evidence/LOOP1-SYNC-001/client-implementation/research/runs/R-20261003T143811Z-f75093f7-8424-4f4b-8736-3ae171ac3d15/blobs/C-33f80bfb-df5c-452f-be0a-eb6955c98db8.stdout.txt",
classify	Classify full diff, including deletions	2026-10-03T16:04:50.8185431Z     "spec/progress/evidence/LOOP1-SYNC-001/client-implementation/research/runs/R-20261003T143811Z-f75093f7-8424-4f4b-8736-3ae171ac3d15/blobs/C-3a5b2990-ace4-4907-92eb-25cb9639510b.stderr.txt",
classify	Classify full diff, including deletions	2026-10-03T16:04:50.8186921Z     "spec/progress/evidence/LOOP1-SYNC-001/client-implementation/research/runs/R-20261003T143811Z-f75093f7-8424-4f4b-8736-3ae171ac3d15/blobs/C-3a5b2990-ace4-4907-92eb-25cb9639510b.stdout.txt",
classify	Classify full diff, including deletions	2026-10-03T16:04:50.8188294Z     "spec/progress/evidence/LOOP1-SYNC-001/client-implementation/research/runs/R-20261003T143811Z-f75093f7-8424-4f4b-8736-3ae171ac3d15/blobs/C-3d5e3d5e-7f0f-4b31-9a0f-ef607bdc5857.stderr.txt",
classify	Classify full diff, including deletions	2026-10-03T16:04:50.8189659Z     "spec/progress/evidence/LOOP1-SYNC-001/client-implementation/research/runs/R-20261003T143811Z-f75093f7-8424-4f4b-8736-3ae171ac3d15/blobs/C-3d5e3d5e-7f0f-4b31-9a0f-ef607bdc5857.stdout.txt",
classify	Classify full diff, including deletions	2026-10-03T16:04:50.8191035Z     "spec/progress/evidence/LOOP1-SYNC-001/client-implementation/research/runs/R-20261003T143811Z-f75093f7-8424-4f4b-8736-3ae171ac3d15/blobs/C-420645ce-b77c-496b-96bb-c002c2f7ced8.stderr.txt",
classify	Classify full diff, including deletions	2026-10-03T16:04:50.8192667Z     "spec/progress/evidence/LOOP1-SYNC-001/client-implementation/research/runs/R-20261003T143811Z-f75093f7-8424-4f4b-8736-3ae171ac3d15/blobs/C-420645ce-b77c-496b-96bb-c002c2f7ced8.stdout.txt",
classify	Classify full diff, including deletions	2026-10-03T16:04:50.8194036Z     "spec/progress/evidence/LOOP1-SYNC-001/client-implementation/research/runs/R-20261003T143811Z-f75093f7-8424-4f4b-8736-3ae171ac3d15/blobs/C-47912fbd-c0b4-49b4-848b-626c245681d6.stderr.txt",
classify	Classify full diff, including deletions	2026-10-03T16:04:50.8195401Z     "spec/progress/evidence/LOOP1-SYNC-001/client-implementation/research/runs/R-20261003T143811Z-f75093f7-8424-4f4b-8736-3ae171ac3d15/blobs/C-47912fbd-c0b4-49b4-848b-626c245681d6.stdout.txt",
classify	Classify full diff, including deletions	2026-10-03T16:04:50.8196774Z     "spec/progress/evidence/LOOP1-SYNC-001/client-implementation/research/runs/R-20261003T143811Z-f75093f7-8424-4f4b-8736-3ae171ac3d15/blobs/C-4ae1ddb5-abaa-422c-ba3d-2e6984cc6267.stderr.txt",
classify	Classify full diff, including deletions	2026-10-03T16:04:50.8198148Z     "spec/progress/evidence/LOOP1-SYNC-001/client-implementation/research/runs/R-20261003T143811Z-f75093f7-8424-4f4b-8736-3ae171ac3d15/blobs/C-4ae1ddb5-abaa-422c-ba3d-2e6984cc6267.stdout.txt",
classify	Classify full diff, including deletions	2026-10-03T16:04:50.8199541Z     "spec/progress/evidence/LOOP1-SYNC-001/client-implementation/research/runs/R-20261003T143811Z-f75093f7-8424-4f4b-8736-3ae171ac3d15/blobs/C-4bed53a6-1172-4344-a8a3-aac88f953423.stderr.txt",
classify	Classify full diff, including deletions	2026-10-03T16:04:50.8200936Z     "spec/progress/evidence/LOOP1-SYNC-001/client-implementation/research/runs/R-20261003T143811Z-f75093f7-8424-4f4b-8736-3ae171ac3d15/blobs/C-4bed53a6-1172-4344-a8a3-aac88f953423.stdout.txt",
classify	Classify full diff, including deletions	2026-10-03T16:04:50.8202532Z     "spec/progress/evidence/LOOP1-SYNC-001/client-implementation/research/runs/R-20261003T143811Z-f75093f7-8424-4f4b-8736-3ae171ac3d15/blobs/C-4c49f0a0-830c-4f6b-ad7a-cc90cde7d720.stderr.txt",
classify	Classify full diff, including deletions	2026-10-03T16:04:50.8203915Z     "spec/progress/evidence/LOOP1-SYNC-001/client-implementation/research/runs/R-20261003T143811Z-f75093f7-8424-4f4b-8736-3ae171ac3d15/blobs/C-4c49f0a0-830c-4f6b-ad7a-cc90cde7d720.stdout.txt",
classify	Classify full diff, including deletions	2026-10-03T16:04:50.8205417Z     "spec/progress/evidence/LOOP1-SYNC-001/client-implementation/research/runs/R-20261003T143811Z-f75093f7-8424-4f4b-8736-3ae171ac3d15/blobs/C-4d87529b-aff3-4450-b141-a38c85a526c9.stderr.txt",
classify	Classify full diff, including deletions	2026-10-03T16:04:50.8206778Z     "spec/progress/evidence/LOOP1-SYNC-001/client-implementation/research/runs/R-20261003T143811Z-f75093f7-8424-4f4b-8736-3ae171ac3d15/blobs/C-4d87529b-aff3-4450-b141-a38c85a526c9.stdout.txt",
classify	Classify full diff, including deletions	2026-10-03T16:04:50.8208159Z     "spec/progress/evidence/LOOP1-SYNC-001/client-implementation/research/runs/R-20261003T143811Z-f75093f7-8424-4f4b-8736-3ae171ac3d15/blobs/C-4e1a9768-efa1-49be-a5ac-f38fc899ee62.stderr.txt",
classify	Classify full diff, including deletions	2026-10-03T16:04:50.8209534Z     "spec/progress/evidence/LOOP1-SYNC-001/client-implementation/research/runs/R-20261003T143811Z-f75093f7-8424-4f4b-8736-3ae171ac3d15/blobs/C-4e1a9768-efa1-49be-a5ac-f38fc899ee62.stdout.txt",
classify	Classify full diff, including deletions	2026-10-03T16:04:50.8210906Z     "spec/progress/evidence/LOOP1-SYNC-001/client-implementation/research/runs/R-20261003T143811Z-f75093f7-8424-4f4b-8736-3ae171ac3d15/blobs/C-4ea2b918-f0ca-48f9-b5c1-710a722aef60.stderr.txt",
classify	Classify full diff, including deletions	2026-10-03T16:04:50.8212494Z     "spec/progress/evidence/LOOP1-SYNC-001/client-implementation/research/runs/R-20261003T143811Z-f75093f7-8424-4f4b-8736-3ae171ac3d15/blobs/C-4ea2b918-f0ca-48f9-b5c1-710a722aef60.stdout.txt",
classify	Classify full diff, including deletions	2026-10-03T16:04:50.8213872Z     "spec/progress/evidence/LOOP1-SYNC-001/client-implementation/research/runs/R-20261003T143811Z-f75093f7-8424-4f4b-8736-3ae171ac3d15/blobs/C-50aea46c-107e-4307-a344-8da23ba629b3.stderr.txt",
classify	Classify full diff, including deletions	2026-10-03T16:04:50.8215249Z     "spec/progress/evidence/LOOP1-SYNC-001/client-implementation/research/runs/R-20261003T143811Z-f75093f7-8424-4f4b-8736-3ae171ac3d15/blobs/C-50aea46c-107e-4307-a344-8da23ba629b3.stdout.txt",
classify	Classify full diff, including deletions	2026-10-03T16:04:50.8216620Z     "spec/progress/evidence/LOOP1-SYNC-001/client-implementation/research/runs/R-20261003T143811Z-f75093f7-8424-4f4b-8736-3ae171ac3d15/blobs/C-50c92ee6-8232-4bda-a223-ff0e9c00d6cd.stderr.txt",
classify	Classify full diff, including deletions	2026-10-03T16:04:50.8217979Z     "spec/progress/evidence/LOOP1-SYNC-001/client-implementation/research/runs/R-20261003T143811Z-f75093f7-8424-4f4b-8736-3ae171ac3d15/blobs/C-50c92ee6-8232-4bda-a223-ff0e9c00d6cd.stdout.txt",
classify	Classify full diff, including deletions	2026-10-03T16:04:50.8219361Z     "spec/progress/evidence/LOOP1-SYNC-001/client-implementation/research/runs/R-20261003T143811Z-f75093f7-8424-4f4b-8736-3ae171ac3d15/blobs/C-50fca8ba-89e9-40e9-ab77-611b0ab2396e.stderr.txt",
classify	Classify full diff, including deletions	2026-10-03T16:04:50.8220722Z     "spec/progress/evidence/LOOP1-SYNC-001/client-implementation/research/runs/R-20261003T143811Z-f75093f7-8424-4f4b-8736-3ae171ac3d15/blobs/C-50fca8ba-89e9-40e9-ab77-611b0ab2396e.stdout.txt",
classify	Classify full diff, including deletions	2026-10-03T16:04:50.8222354Z     "spec/progress/evidence/LOOP1-SYNC-001/client-implementation/research/runs/R-20261003T143811Z-f75093f7-8424-4f4b-8736-3ae171ac3d15/blobs/C-50ffe04f-96ca-4288-b56c-6b0331886ccb.stderr.txt",
classify	Classify full diff, including deletions	2026-10-03T16:04:50.8223757Z     "spec/progress/evidence/LOOP1-SYNC-001/client-implementation/research/runs/R-20261003T143811Z-f75093f7-8424-4f4b-8736-3ae171ac3d15/blobs/C-50ffe04f-96ca-4288-b56c-6b0331886ccb.stdout.txt",
classify	Classify full diff, including deletions	2026-10-03T16:04:50.8225134Z     "spec/progress/evidence/LOOP1-SYNC-001/client-implementation/research/runs/R-20261003T143811Z-f75093f7-8424-4f4b-8736-3ae171ac3d15/blobs/C-52f5f01e-39db-427f-9174-9a3b7302c158.stderr.txt",
classify	Classify full diff, including deletions	2026-10-03T16:04:50.8226508Z     "spec/progress/evidence/LOOP1-SYNC-001/client-implementation/research/runs/R-20261003T143811Z-f75093f7-8424-4f4b-8736-3ae171ac3d15/blobs/C-52f5f01e-39db-427f-9174-9a3b7302c158.stdout.txt",
classify	Classify full diff, including deletions	2026-10-03T16:04:50.8227884Z     "spec/progress/evidence/LOOP1-SYNC-001/client-implementation/research/runs/R-20261003T143811Z-f75093f7-8424-4f4b-8736-3ae171ac3d15/blobs/C-54026c26-a672-4d19-afbf-286a04bfe4b9.stderr.txt",
classify	Classify full diff, including deletions	2026-10-03T16:04:50.8229262Z     "spec/progress/evidence/LOOP1-SYNC-001/client-implementation/research/runs/R-20261003T143811Z-f75093f7-8424-4f4b-8736-3ae171ac3d15/blobs/C-54026c26-a672-4d19-afbf-286a04bfe4b9.stdout.txt",
classify	Classify full diff, including deletions	2026-10-03T16:04:50.8230621Z     "spec/progress/evidence/LOOP1-SYNC-001/client-implementation/research/runs/R-20261003T143811Z-f75093f7-8424-4f4b-8736-3ae171ac3d15/blobs/C-5451252d-0872-40cf-a58f-27308b7f97ec.stderr.txt",
classify	Classify full diff, including deletions	2026-10-03T16:04:50.8232427Z     "spec/progress/evidence/LOOP1-SYNC-001/client-implementation/research/runs/R-20261003T143811Z-f75093f7-8424-4f4b-8736-3ae171ac3d15/blobs/C-5451252d-0872-40cf-a58f-27308b7f97ec.stdout.txt",
classify	Classify full diff, including deletions	2026-10-03T16:04:50.8233808Z     "spec/progress/evidence/LOOP1-SYNC-001/client-implementation/research/runs/R-20261003T143811Z-f75093f7-8424-4f4b-8736-3ae171ac3d15/blobs/C-58e84141-456d-4e05-ba65-b5a85abc902a.stderr.txt",
classify	Classify full diff, including deletions	2026-10-03T16:04:50.8235176Z     "spec/progress/evidence/LOOP1-SYNC-001/client-implementation/research/runs/R-20261003T143811Z-f75093f7-8424-4f4b-8736-3ae171ac3d15/blobs/C-58e84141-456d-4e05-ba65-b5a85abc902a.stdout.txt",
classify	Classify full diff, including deletions	2026-10-03T16:04:50.8236550Z     "spec/progress/evidence/LOOP1-SYNC-001/client-implementation/research/runs/R-20261003T143811Z-f75093f7-8424-4f4b-8736-3ae171ac3d15/blobs/C-5b40cd9c-cd74-4e7f-9456-b3ab7eda6ff0.stderr.txt",
classify	Classify full diff, including deletions	2026-10-03T16:04:50.8237937Z     "spec/progress/evidence/LOOP1-SYNC-001/client-implementation/research/runs/R-20261003T143811Z-f75093f7-8424-4f4b-8736-3ae171ac3d15/blobs/C-5b40cd9c-cd74-4e7f-9456-b3ab7eda6ff0.stdout.txt",
classify	Classify full diff, including deletions	2026-10-03T16:04:50.8239423Z     "spec/progress/evidence/LOOP1-SYNC-001/client-implementation/research/runs/R-20261003T143811Z-f75093f7-8424-4f4b-8736-3ae171ac3d15/blobs/C-6189a8c8-0d6a-4f39-96b7-3883366d7b07.stderr.txt",
classify	Classify full diff, including deletions	2026-10-03T16:04:50.8240768Z     "spec/progress/evidence/LOOP1-SYNC-001/client-implementation/research/runs/R-20261003T143811Z-f75093f7-8424-4f4b-8736-3ae171ac3d15/blobs/C-6189a8c8-0d6a-4f39-96b7-3883366d7b07.stdout.txt",
classify	Classify full diff, including deletions	2026-10-03T16:04:50.8242362Z     "spec/progress/evidence/LOOP1-SYNC-001/client-implementation/research/runs/R-20261003T143811Z-f75093f7-8424-4f4b-8736-3ae171ac3d15/blobs/C-61ebe07f-9917-4c0a-b6cf-719ba06480f2.stderr.txt",
classify	Classify full diff, including deletions	2026-10-03T16:04:50.8243758Z     "spec/progress/evidence/LOOP1-SYNC-001/client-implementation/research/runs/R-20261003T143811Z-f75093f7-8424-4f4b-8736-3ae171ac3d15/blobs/C-61ebe07f-9917-4c0a-b6cf-719ba06480f2.stdout.txt",
classify	Classify full diff, including deletions	2026-10-03T16:04:50.8245159Z     "spec/progress/evidence/LOOP1-SYNC-001/client-implementation/research/runs/R-20261003T143811Z-f75093f7-8424-4f4b-8736-3ae171ac3d15/blobs/C-651985c2-4fb6-4c7e-93d9-3b1cb892f5cf.stderr.txt",
classify	Classify full diff, including deletions	2026-10-03T16:04:50.8246512Z     "spec/progress/evidence/LOOP1-SYNC-001/client-implementation/research/runs/R-20261003T143811Z-f75093f7-8424-4f4b-8736-3ae171ac3d15/blobs/C-651985c2-4fb6-4c7e-93d9-3b1cb892f5cf.stdout.txt",
classify	Classify full diff, including deletions	2026-10-03T16:04:50.8247875Z     "spec/progress/evidence/LOOP1-SYNC-001/client-implementation/research/runs/R-20261003T143811Z-f75093f7-8424-4f4b-8736-3ae171ac3d15/blobs/C-676d3626-e5d5-4cf5-a324-95fead48459d.stderr.txt",
classify	Classify full diff, including deletions	2026-10-03T16:04:50.8249233Z     "spec/progress/evidence/LOOP1-SYNC-001/client-implementation/research/runs/R-20261003T143811Z-f75093f7-8424-4f4b-8736-3ae171ac3d15/blobs/C-676d3626-e5d5-4cf5-a324-95fead48459d.stdout.txt",
classify	Classify full diff, including deletions	2026-10-03T16:04:50.8250582Z     "spec/progress/evidence/LOOP1-SYNC-001/client-implementation/research/runs/R-20261003T143811Z-f75093f7-8424-4f4b-8736-3ae171ac3d15/blobs/C-683b6070-f795-4be1-9147-0bde3b499f45.stderr.txt",
classify	Classify full diff, including deletions	2026-10-03T16:04:50.8252052Z     "spec/progress/evidence/LOOP1-SYNC-001/client-implementation/research/runs/R-20261003T143811Z-f75093f7-8424-4f4b-8736-3ae171ac3d15/blobs/C-683b6070-f795-4be1-9147-0bde3b499f45.stdout.txt",
classify	Classify full diff, including deletions	2026-10-03T16:04:50.8253428Z     "spec/progress/evidence/LOOP1-SYNC-001/client-implementation/research/runs/R-20261003T143811Z-f75093f7-8424-4f4b-8736-3ae171ac3d15/blobs/C-6d176bf6-137b-4005-8894-03d6f349c6a0.stderr.txt",
classify	Classify full diff, including deletions	2026-10-03T16:04:50.8254777Z     "spec/progress/evidence/LOOP1-SYNC-001/client-implementation/research/runs/R-20261003T143811Z-f75093f7-8424-4f4b-8736-3ae171ac3d15/blobs/C-6d176bf6-137b-4005-8894-03d6f349c6a0.stdout.txt",
classify	Classify full diff, including deletions	2026-10-03T16:04:50.8256140Z     "spec/progress/evidence/LOOP1-SYNC-001/client-implementation/research/runs/R-20261003T143811Z-f75093f7-8424-4f4b-8736-3ae171ac3d15/blobs/C-725267c5-eec9-44f6-9cda-3f3bdb37c316.stderr.txt",
classify	Classify full diff, including deletions	2026-10-03T16:04:50.8257634Z     "spec/progress/evidence/LOOP1-SYNC-001/client-implementation/research/runs/R-20261003T143811Z-f75093f7-8424-4f4b-8736-3ae171ac3d15/blobs/C-725267c5-eec9-44f6-9cda-3f3bdb37c316.stdout.txt",
classify	Classify full diff, including deletions	2026-10-03T16:04:50.8259001Z     "spec/progress/evidence/LOOP1-SYNC-001/client-implementation/research/runs/R-20261003T143811Z-f75093f7-8424-4f4b-8736-3ae171ac3d15/blobs/C-7fe143bc-0963-4b6e-906d-2ff4c0962926.stderr.txt",
classify	Classify full diff, including deletions	2026-10-03T16:04:50.8260368Z     "spec/progress/evidence/LOOP1-SYNC-001/client-implementation/research/runs/R-20261003T143811Z-f75093f7-8424-4f4b-8736-3ae171ac3d15/blobs/C-7fe143bc-0963-4b6e-906d-2ff4c0962926.stdout.txt",
classify	Classify full diff, including deletions	2026-10-03T16:04:50.8261925Z     "spec/progress/evidence/LOOP1-SYNC-001/client-implementation/research/runs/R-20261003T143811Z-f75093f7-8424-4f4b-8736-3ae171ac3d15/blobs/C-84f6dc9d-5ac0-4a3a-a661-f8740dbbed0d.stderr.txt",
classify	Classify full diff, including deletions	2026-10-03T16:04:50.8263402Z     "spec/progress/evidence/LOOP1-SYNC-001/client-implementation/research/runs/R-20261003T143811Z-f75093f7-8424-4f4b-8736-3ae171ac3d15/blobs/C-84f6dc9d-5ac0-4a3a-a661-f8740dbbed0d.stdout.txt",
classify	Classify full diff, including deletions	2026-10-03T16:04:50.8264902Z     "spec/progress/evidence/LOOP1-SYNC-001/client-implementation/research/runs/R-20261003T143811Z-f75093f7-8424-4f4b-8736-3ae171ac3d15/blobs/C-857c0b87-2e74-4d43-ae42-89e4c77095f0.stderr.txt",
classify	Classify full diff, including deletions	2026-10-03T16:04:50.8266260Z     "spec/progress/evidence/LOOP1-SYNC-001/client-implementation/research/runs/R-20261003T143811Z-f75093f7-8424-4f4b-8736-3ae171ac3d15/blobs/C-857c0b87-2e74-4d43-ae42-89e4c77095f0.stdout.txt",
classify	Classify full diff, including deletions	2026-10-03T16:04:50.8267607Z     "spec/progress/evidence/LOOP1-SYNC-001/client-implementation/research/runs/R-20261003T143811Z-f75093f7-8424-4f4b-8736-3ae171ac3d15/blobs/C-867d56fa-1152-47a3-9dd2-8c0c6d2166ab.stderr.txt",
classify	Classify full diff, including deletions	2026-10-03T16:04:50.8268980Z     "spec/progress/evidence/LOOP1-SYNC-001/client-implementation/research/runs/R-20261003T143811Z-f75093f7-8424-4f4b-8736-3ae171ac3d15/blobs/C-867d56fa-1152-47a3-9dd2-8c0c6d2166ab.stdout.txt",
classify	Classify full diff, including deletions	2026-10-03T16:04:50.8270356Z     "spec/progress/evidence/LOOP1-SYNC-001/client-implementation/research/runs/R-20261003T143811Z-f75093f7-8424-4f4b-8736-3ae171ac3d15/blobs/C-8a39e8ba-edf8-4eab-82df-77ea8c9a419a.stderr.txt",
classify	Classify full diff, including deletions	2026-10-03T16:04:50.8271857Z     "spec/progress/evidence/LOOP1-SYNC-001/client-implementation/research/runs/R-20261003T143811Z-f75093f7-8424-4f4b-8736-3ae171ac3d15/blobs/C-8a39e8ba-edf8-4eab-82df-77ea8c9a419a.stdout.txt",
classify	Classify full diff, including deletions	2026-10-03T16:04:50.8273222Z     "spec/progress/evidence/LOOP1-SYNC-001/client-implementation/research/runs/R-20261003T143811Z-f75093f7-8424-4f4b-8736-3ae171ac3d15/blobs/C-8b5022a2-665a-47ce-8037-9dc439ea559a.stderr.txt",
classify	Classify full diff, including deletions	2026-10-03T16:04:50.8274576Z     "spec/progress/evidence/LOOP1-SYNC-001/client-implementation/research/runs/R-20261003T143811Z-f75093f7-8424-4f4b-8736-3ae171ac3d15/blobs/C-8b5022a2-665a-47ce-8037-9dc439ea559a.stdout.txt",
classify	Classify full diff, including deletions	2026-10-03T16:04:50.8275931Z     "spec/progress/evidence/LOOP1-SYNC-001/client-implementation/research/runs/R-20261003T143811Z-f75093f7-8424-4f4b-8736-3ae171ac3d15/blobs/C-8c691fc5-4e82-414a-aea9-578cc5211c36.stderr.txt",
classify	Classify full diff, including deletions	2026-10-03T16:04:50.8277331Z     "spec/progress/evidence/LOOP1-SYNC-001/client-implementation/research/runs/R-20261003T143811Z-f75093f7-8424-4f4b-8736-3ae171ac3d15/blobs/C-8c691fc5-4e82-414a-aea9-578cc5211c36.stdout.txt",
classify	Classify full diff, including deletions	2026-10-03T16:04:50.8278731Z     "spec/progress/evidence/LOOP1-SYNC-001/client-implementation/research/runs/R-20261003T143811Z-f75093f7-8424-4f4b-8736-3ae171ac3d15/blobs/C-920a9179-7494-469e-974a-df08513f5eb3.stderr.txt",
classify	Classify full diff, including deletions	2026-10-03T16:04:50.8280105Z     "spec/progress/evidence/LOOP1-SYNC-001/client-implementation/research/runs/R-20261003T143811Z-f75093f7-8424-4f4b-8736-3ae171ac3d15/blobs/C-920a9179-7494-469e-974a-df08513f5eb3.stdout.txt",
classify	Classify full diff, including deletions	2026-10-03T16:04:50.8281468Z     "spec/progress/evidence/LOOP1-SYNC-001/client-implementation/research/runs/R-20261003T143811Z-f75093f7-8424-4f4b-8736-3ae171ac3d15/blobs/C-93984a50-0e0f-4989-a526-1b9d698f9677.stderr.txt",
classify	Classify full diff, including deletions	2026-10-03T16:04:50.8283078Z     "spec/progress/evidence/LOOP1-SYNC-001/client-implementation/research/runs/R-20261003T143811Z-f75093f7-8424-4f4b-8736-3ae171ac3d15/blobs/C-93984a50-0e0f-4989-a526-1b9d698f9677.stdout.txt",
classify	Classify full diff, including deletions	2026-10-03T16:04:50.8284583Z     "spec/progress/evidence/LOOP1-SYNC-001/client-implementation/research/runs/R-20261003T143811Z-f75093f7-8424-4f4b-8736-3ae171ac3d15/blobs/C-94a8ca7b-dd60-40ca-aabe-abc16adfe45a.stderr.txt",
classify	Classify full diff, including deletions	2026-10-03T16:04:50.8285973Z     "spec/progress/evidence/LOOP1-SYNC-001/client-implementation/research/runs/R-20261003T143811Z-f75093f7-8424-4f4b-8736-3ae171ac3d15/blobs/C-94a8ca7b-dd60-40ca-aabe-abc16adfe45a.stdout.txt",
classify	Classify full diff, including deletions	2026-10-03T16:04:50.8287362Z     "spec/progress/evidence/LOOP1-SYNC-001/client-implementation/research/runs/R-20261003T143811Z-f75093f7-8424-4f4b-8736-3ae171ac3d15/blobs/C-953bc121-0b80-44cd-b032-d20d6dbd61ac.stderr.txt",
classify	Classify full diff, including deletions	2026-10-03T16:04:50.8288729Z     "spec/progress/evidence/LOOP1-SYNC-001/client-implementation/research/runs/R-20261003T143811Z-f75093f7-8424-4f4b-8736-3ae171ac3d15/blobs/C-953bc121-0b80-44cd-b032-d20d6dbd61ac.stdout.txt",
classify	Classify full diff, including deletions	2026-10-03T16:04:50.8290121Z     "spec/progress/evidence/LOOP1-SYNC-001/client-implementation/research/runs/R-20261003T143811Z-f75093f7-8424-4f4b-8736-3ae171ac3d15/blobs/C-966b7d9f-d9a7-4439-979f-4c219136da2b.stderr.txt",
classify	Classify full diff, including deletions	2026-10-03T16:04:50.8291725Z     "spec/progress/evidence/LOOP1-SYNC-001/client-implementation/research/runs/R-20261003T143811Z-f75093f7-8424-4f4b-8736-3ae171ac3d15/blobs/C-966b7d9f-d9a7-4439-979f-4c219136da2b.stdout.txt",
classify	Classify full diff, including deletions	2026-10-03T16:04:50.8293093Z     "spec/progress/evidence/LOOP1-SYNC-001/client-implementation/research/runs/R-20261003T143811Z-f75093f7-8424-4f4b-8736-3ae171ac3d15/blobs/C-9859f8fe-2912-4564-9656-6084d1fc20b6.stderr.txt",
classify	Classify full diff, including deletions	2026-10-03T16:04:50.8294455Z     "spec/progress/evidence/LOOP1-SYNC-001/client-implementation/research/runs/R-20261003T143811Z-f75093f7-8424-4f4b-8736-3ae171ac3d15/blobs/C-9859f8fe-2912-4564-9656-6084d1fc20b6.stdout.txt",
classify	Classify full diff, including deletions	2026-10-03T16:04:50.8295823Z     "spec/progress/evidence/LOOP1-SYNC-001/client-implementation/research/runs/R-20261003T143811Z-f75093f7-8424-4f4b-8736-3ae171ac3d15/blobs/C-9b580aa1-7b49-4032-8bd7-a8654802045b.stderr.txt",
classify	Classify full diff, including deletions	2026-10-03T16:04:50.8297220Z     "spec/progress/evidence/LOOP1-SYNC-001/client-implementation/research/runs/R-20261003T143811Z-f75093f7-8424-4f4b-8736-3ae171ac3d15/blobs/C-9b580aa1-7b49-4032-8bd7-a8654802045b.stdout.txt",
classify	Classify full diff, including deletions	2026-10-03T16:04:50.8298579Z     "spec/progress/evidence/LOOP1-SYNC-001/client-implementation/research/runs/R-20261003T143811Z-f75093f7-8424-4f4b-8736-3ae171ac3d15/blobs/C-9d370653-f38c-466c-84dc-84178320e975.stderr.txt",
classify	Classify full diff, including deletions	2026-10-03T16:04:50.8299965Z     "spec/progress/evidence/LOOP1-SYNC-001/client-implementation/research/runs/R-20261003T143811Z-f75093f7-8424-4f4b-8736-3ae171ac3d15/blobs/C-9d370653-f38c-466c-84dc-84178320e975.stdout.txt",
classify	Classify full diff, including deletions	2026-10-03T16:04:50.8301347Z     "spec/progress/evidence/LOOP1-SYNC-001/client-implementation/research/runs/R-20261003T143811Z-f75093f7-8424-4f4b-8736-3ae171ac3d15/blobs/C-9e07daa7-819f-4d39-a995-b3d89f1ce310.stderr.txt",
classify	Classify full diff, including deletions	2026-10-03T16:04:50.8303047Z     "spec/progress/evidence/LOOP1-SYNC-001/client-implementation/research/runs/R-20261003T143811Z-f75093f7-8424-4f4b-8736-3ae171ac3d15/blobs/C-9e07daa7-819f-4d39-a995-b3d89f1ce310.stdout.txt",
classify	Classify full diff, including deletions	2026-10-03T16:04:50.8304445Z     "spec/progress/evidence/LOOP1-SYNC-001/client-implementation/research/runs/R-20261003T143811Z-f75093f7-8424-4f4b-8736-3ae171ac3d15/blobs/C-a5011d37-f72b-489f-92a3-62d48bd3edc1.stderr.txt",
classify	Classify full diff, including deletions	2026-10-03T16:04:50.8305823Z     "spec/progress/evidence/LOOP1-SYNC-001/client-implementation/research/runs/R-20261003T143811Z-f75093f7-8424-4f4b-8736-3ae171ac3d15/blobs/C-a5011d37-f72b-489f-92a3-62d48bd3edc1.stdout.txt",
classify	Classify full diff, including deletions	2026-10-03T16:04:50.8307195Z     "spec/progress/evidence/LOOP1-SYNC-001/client-implementation/research/runs/R-20261003T143811Z-f75093f7-8424-4f4b-8736-3ae171ac3d15/blobs/C-a76928ce-35ed-4001-b2ae-4ece5ae5a248.stderr.txt",
classify	Classify full diff, including deletions	2026-10-03T16:04:50.8308581Z     "spec/progress/evidence/LOOP1-SYNC-001/client-implementation/research/runs/R-20261003T143811Z-f75093f7-8424-4f4b-8736-3ae171ac3d15/blobs/C-a76928ce-35ed-4001-b2ae-4ece5ae5a248.stdout.txt",
classify	Classify full diff, including deletions	2026-10-03T16:04:50.8310106Z     "spec/progress/evidence/LOOP1-SYNC-001/client-implementation/research/runs/R-20261003T143811Z-f75093f7-8424-4f4b-8736-3ae171ac3d15/blobs/C-a7a206ec-015b-4f0c-b49a-53a493aa71d6.stderr.txt",
classify	Classify full diff, including deletions	2026-10-03T16:04:50.8311479Z     "spec/progress/evidence/LOOP1-SYNC-001/client-implementation/research/runs/R-20261003T143811Z-f75093f7-8424-4f4b-8736-3ae171ac3d15/blobs/C-a7a206ec-015b-4f0c-b49a-53a493aa71d6.stdout.txt",
classify	Classify full diff, including deletions	2026-10-03T16:04:50.8312984Z     "spec/progress/evidence/LOOP1-SYNC-001/client-implementation/research/runs/R-20261003T143811Z-f75093f7-8424-4f4b-8736-3ae171ac3d15/blobs/C-a81971d2-39ea-4729-9618-21435dec6801.stderr.txt",
classify	Classify full diff, including deletions	2026-10-03T16:04:50.8314345Z     "spec/progress/evidence/LOOP1-SYNC-001/client-implementation/research/runs/R-20261003T143811Z-f75093f7-8424-4f4b-8736-3ae171ac3d15/blobs/C-a81971d2-39ea-4729-9618-21435dec6801.stdout.txt",
classify	Classify full diff, including deletions	2026-10-03T16:04:50.8315721Z     "spec/progress/evidence/LOOP1-SYNC-001/client-implementation/research/runs/R-20261003T143811Z-f75093f7-8424-4f4b-8736-3ae171ac3d15/blobs/C-aa4dde4e-22e7-4b09-9f46-28fbaf44e034.stderr.txt",
classify	Classify full diff, including deletions	2026-10-03T16:04:50.8317216Z     "spec/progress/evidence/LOOP1-SYNC-001/client-implementation/research/runs/R-20261003T143811Z-f75093f7-8424-4f4b-8736-3ae171ac3d15/blobs/C-aa4dde4e-22e7-4b09-9f46-28fbaf44e034.stdout.txt",
classify	Classify full diff, including deletions	2026-10-03T16:04:50.8318585Z     "spec/progress/evidence/LOOP1-SYNC-001/client-implementation/research/runs/R-20261003T143811Z-f75093f7-8424-4f4b-8736-3ae171ac3d15/blobs/C-ab1c11d5-3fe5-4c21-9e41-3a5dbd7f4518.stderr.txt",
classify	Classify full diff, including deletions	2026-10-03T16:04:50.8319957Z     "spec/progress/evidence/LOOP1-SYNC-001/client-implementation/research/runs/R-20261003T143811Z-f75093f7-8424-4f4b-8736-3ae171ac3d15/blobs/C-ab1c11d5-3fe5-4c21-9e41-3a5dbd7f4518.stdout.txt",
classify	Classify full diff, including deletions	2026-10-03T16:04:50.8321315Z     "spec/progress/evidence/LOOP1-SYNC-001/client-implementation/research/runs/R-20261003T143811Z-f75093f7-8424-4f4b-8736-3ae171ac3d15/blobs/C-ac8eb197-9d42-4a20-8500-3233c225bc44.stderr.txt",
classify	Classify full diff, including deletions	2026-10-03T16:04:50.8322795Z     "spec/progress/evidence/LOOP1-SYNC-001/client-implementation/research/runs/R-20261003T143811Z-f75093f7-8424-4f4b-8736-3ae171ac3d15/blobs/C-ac8eb197-9d42-4a20-8500-3233c225bc44.stdout.txt",
classify	Classify full diff, including deletions	2026-10-03T16:04:50.8324182Z     "spec/progress/evidence/LOOP1-SYNC-001/client-implementation/research/runs/R-20261003T143811Z-f75093f7-8424-4f4b-8736-3ae171ac3d15/blobs/C-b1239e98-cc38-456b-a3ee-a734f7b7a2d6.stderr.txt",
classify	Classify full diff, including deletions	2026-10-03T16:04:50.8325546Z     "spec/progress/evidence/LOOP1-SYNC-001/client-implementation/research/runs/R-20261003T143811Z-f75093f7-8424-4f4b-8736-3ae171ac3d15/blobs/C-b1239e98-cc38-456b-a3ee-a734f7b7a2d6.stdout.txt",
classify	Classify full diff, including deletions	2026-10-03T16:04:50.8326910Z     "spec/progress/evidence/LOOP1-SYNC-001/client-implementation/research/runs/R-20261003T143811Z-f75093f7-8424-4f4b-8736-3ae171ac3d15/blobs/C-b13d92a8-84d7-4972-98c3-66b17c996940.stderr.txt",
classify	Classify full diff, including deletions	2026-10-03T16:04:50.8328274Z     "spec/progress/evidence/LOOP1-SYNC-001/client-implementation/research/runs/R-20261003T143811Z-f75093f7-8424-4f4b-8736-3ae171ac3d15/blobs/C-b13d92a8-84d7-4972-98c3-66b17c996940.stdout.txt",
classify	Classify full diff, including deletions	2026-10-03T16:04:50.8329640Z     "spec/progress/evidence/LOOP1-SYNC-001/client-implementation/research/runs/R-20261003T143811Z-f75093f7-8424-4f4b-8736-3ae171ac3d15/blobs/C-b23608e2-9657-4c39-9920-8dd82d1ec894.stderr.txt",
classify	Classify full diff, including deletions	2026-10-03T16:04:50.8331014Z     "spec/progress/evidence/LOOP1-SYNC-001/client-implementation/research/runs/R-20261003T143811Z-f75093f7-8424-4f4b-8736-3ae171ac3d15/blobs/C-b23608e2-9657-4c39-9920-8dd82d1ec894.stdout.txt",
classify	Classify full diff, including deletions	2026-10-03T16:04:50.8332493Z     "spec/progress/evidence/LOOP1-SYNC-001/client-implementation/research/runs/R-20261003T143811Z-f75093f7-8424-4f4b-8736-3ae171ac3d15/blobs/C-b49ded78-bca7-409a-9a78-0c568d4bc767.stderr.txt",
classify	Classify full diff, including deletions	2026-10-03T16:04:50.8333867Z     "spec/progress/evidence/LOOP1-SYNC-001/client-implementation/research/runs/R-20261003T143811Z-f75093f7-8424-4f4b-8736-3ae171ac3d15/blobs/C-b49ded78-bca7-409a-9a78-0c568d4bc767.stdout.txt",
classify	Classify full diff, including deletions	2026-10-03T16:04:50.8335234Z     "spec/progress/evidence/LOOP1-SYNC-001/client-implementation/research/runs/R-20261003T143811Z-f75093f7-8424-4f4b-8736-3ae171ac3d15/blobs/C-b6344691-54ae-47de-b11d-a19dc9af123d.stderr.txt",
classify	Classify full diff, including deletions	2026-10-03T16:04:50.8336737Z     "spec/progress/evidence/LOOP1-SYNC-001/client-implementation/research/runs/R-20261003T143811Z-f75093f7-8424-4f4b-8736-3ae171ac3d15/blobs/C-b6344691-54ae-47de-b11d-a19dc9af123d.stdout.txt",
classify	Classify full diff, including deletions	2026-10-03T16:04:50.8338122Z     "spec/progress/evidence/LOOP1-SYNC-001/client-implementation/research/runs/R-20261003T143811Z-f75093f7-8424-4f4b-8736-3ae171ac3d15/blobs/C-be26e5c7-eb70-4f33-9ae6-5f1835ee20d1.stderr.txt",
classify	Classify full diff, including deletions	2026-10-03T16:04:50.8339478Z     "spec/progress/evidence/LOOP1-SYNC-001/client-implementation/research/runs/R-20261003T143811Z-f75093f7-8424-4f4b-8736-3ae171ac3d15/blobs/C-be26e5c7-eb70-4f33-9ae6-5f1835ee20d1.stdout.txt",
classify	Classify full diff, including deletions	2026-10-03T16:04:50.8340849Z     "spec/progress/evidence/LOOP1-SYNC-001/client-implementation/research/runs/R-20261003T143811Z-f75093f7-8424-4f4b-8736-3ae171ac3d15/blobs/C-bea5a21d-14f9-4193-b485-1dd3a086b845.stderr.txt",
classify	Classify full diff, including deletions	2026-10-03T16:04:50.8342530Z     "spec/progress/evidence/LOOP1-SYNC-001/client-implementation/research/runs/R-20261003T143811Z-f75093f7-8424-4f4b-8736-3ae171ac3d15/blobs/C-bea5a21d-14f9-4193-b485-1dd3a086b845.stdout.txt",
classify	Classify full diff, including deletions	2026-10-03T16:04:50.8344047Z     "spec/progress/evidence/LOOP1-SYNC-001/client-implementation/research/runs/R-20261003T143811Z-f75093f7-8424-4f4b-8736-3ae171ac3d15/blobs/C-bf8edb6f-43ef-4a8d-a784-09ea154bad65.stderr.txt",
classify	Classify full diff, including deletions	2026-10-03T16:04:50.8345430Z     "spec/progress/evidence/LOOP1-SYNC-001/client-implementation/research/runs/R-20261003T143811Z-f75093f7-8424-4f4b-8736-3ae171ac3d15/blobs/C-bf8edb6f-43ef-4a8d-a784-09ea154bad65.stdout.txt",
classify	Classify full diff, including deletions	2026-10-03T16:04:50.8346806Z     "spec/progress/evidence/LOOP1-SYNC-001/client-implementation/research/runs/R-20261003T143811Z-f75093f7-8424-4f4b-8736-3ae171ac3d15/blobs/C-c06b528c-1eaa-41e4-9935-f95d32d3b303.stderr.txt",
classify	Classify full diff, including deletions	2026-10-03T16:04:50.8348165Z     "spec/progress/evidence/LOOP1-SYNC-001/client-implementation/research/runs/R-20261003T143811Z-f75093f7-8424-4f4b-8736-3ae171ac3d15/blobs/C-c06b528c-1eaa-41e4-9935-f95d32d3b303.stdout.txt",
classify	Classify full diff, including deletions	2026-10-03T16:04:50.8349534Z     "spec/progress/evidence/LOOP1-SYNC-001/client-implementation/research/runs/R-20261003T143811Z-f75093f7-8424-4f4b-8736-3ae171ac3d15/blobs/C-c696a9ab-0b14-4e5f-b194-11ac0cc7f72f.stderr.txt",
classify	Classify full diff, including deletions	2026-10-03T16:04:50.8350920Z     "spec/progress/evidence/LOOP1-SYNC-001/client-implementation/research/runs/R-20261003T143811Z-f75093f7-8424-4f4b-8736-3ae171ac3d15/blobs/C-c696a9ab-0b14-4e5f-b194-11ac0cc7f72f.stdout.txt",
classify	Classify full diff, including deletions	2026-10-03T16:04:50.8352415Z     "spec/progress/evidence/LOOP1-SYNC-001/client-implementation/research/runs/R-20261003T143811Z-f75093f7-8424-4f4b-8736-3ae171ac3d15/blobs/C-c76ac7c9-9623-44ae-82bc-8eb6c634e894.stderr.txt",
classify	Classify full diff, including deletions	2026-10-03T16:04:50.8353778Z     "spec/progress/evidence/LOOP1-SYNC-001/client-implementation/research/runs/R-20261003T143811Z-f75093f7-8424-4f4b-8736-3ae171ac3d15/blobs/C-c76ac7c9-9623-44ae-82bc-8eb6c634e894.stdout.txt",
classify	Classify full diff, including deletions	2026-10-03T16:04:50.8355135Z     "spec/progress/evidence/LOOP1-SYNC-001/client-implementation/research/runs/R-20261003T143811Z-f75093f7-8424-4f4b-8736-3ae171ac3d15/blobs/C-d10b1f6f-b08f-49e8-afb9-5a059936b685.stderr.txt",
classify	Classify full diff, including deletions	2026-10-03T16:04:50.8356503Z     "spec/progress/evidence/LOOP1-SYNC-001/client-implementation/research/runs/R-20261003T143811Z-f75093f7-8424-4f4b-8736-3ae171ac3d15/blobs/C-d10b1f6f-b08f-49e8-afb9-5a059936b685.stdout.txt",
classify	Classify full diff, including deletions	2026-10-03T16:04:50.8357867Z     "spec/progress/evidence/LOOP1-SYNC-001/client-implementation/research/runs/R-20261003T143811Z-f75093f7-8424-4f4b-8736-3ae171ac3d15/blobs/C-d41b12ab-2d53-48fb-a6a0-67bb296e1db9.stderr.txt",
classify	Classify full diff, including deletions	2026-10-03T16:04:50.8359225Z     "spec/progress/evidence/LOOP1-SYNC-001/client-implementation/research/runs/R-20261003T143811Z-f75093f7-8424-4f4b-8736-3ae171ac3d15/blobs/C-d41b12ab-2d53-48fb-a6a0-67bb296e1db9.stdout.txt",
classify	Classify full diff, including deletions	2026-10-03T16:04:50.8360585Z     "spec/progress/evidence/LOOP1-SYNC-001/client-implementation/research/runs/R-20261003T143811Z-f75093f7-8424-4f4b-8736-3ae171ac3d15/blobs/C-d7d4ecd0-b2a2-4422-b62c-66ef2baa7e11.stderr.txt",
classify	Classify full diff, including deletions	2026-10-03T16:04:50.8362193Z     "spec/progress/evidence/LOOP1-SYNC-001/client-implementation/research/runs/R-20261003T143811Z-f75093f7-8424-4f4b-8736-3ae171ac3d15/blobs/C-d7d4ecd0-b2a2-4422-b62c-66ef2baa7e11.stdout.txt",
classify	Classify full diff, including deletions	2026-10-03T16:04:50.8363573Z     "spec/progress/evidence/LOOP1-SYNC-001/client-implementation/research/runs/R-20261003T143811Z-f75093f7-8424-4f4b-8736-3ae171ac3d15/blobs/C-d87e887b-28a2-439c-99a3-d79a1a00f187.stderr.txt",
classify	Classify full diff, including deletions	2026-10-03T16:04:50.8364941Z     "spec/progress/evidence/LOOP1-SYNC-001/client-implementation/research/runs/R-20261003T143811Z-f75093f7-8424-4f4b-8736-3ae171ac3d15/blobs/C-d87e887b-28a2-439c-99a3-d79a1a00f187.stdout.txt",
classify	Classify full diff, including deletions	2026-10-03T16:04:50.8366306Z     "spec/progress/evidence/LOOP1-SYNC-001/client-implementation/research/runs/R-20261003T143811Z-f75093f7-8424-4f4b-8736-3ae171ac3d15/blobs/C-d967f65d-8a6d-4cc9-9622-1f5dfbfe9522.stderr.txt",
classify	Classify full diff, including deletions	2026-10-03T16:04:50.8367677Z     "spec/progress/evidence/LOOP1-SYNC-001/client-implementation/research/runs/R-20261003T143811Z-f75093f7-8424-4f4b-8736-3ae171ac3d15/blobs/C-d967f65d-8a6d-4cc9-9622-1f5dfbfe9522.stdout.txt",
classify	Classify full diff, including deletions	2026-10-03T16:04:50.8369173Z     "spec/progress/evidence/LOOP1-SYNC-001/client-implementation/research/runs/R-20261003T143811Z-f75093f7-8424-4f4b-8736-3ae171ac3d15/blobs/C-d9bd7d11-d5be-466c-aa8c-006f2c4a856d.stderr.txt",
classify	Classify full diff, including deletions	2026-10-03T16:04:50.8370579Z     "spec/progress/evidence/LOOP1-SYNC-001/client-implementation/research/runs/R-20261003T143811Z-f75093f7-8424-4f4b-8736-3ae171ac3d15/blobs/C-d9bd7d11-d5be-466c-aa8c-006f2c4a856d.stdout.txt",
classify	Classify full diff, including deletions	2026-10-03T16:04:50.8372076Z     "spec/progress/evidence/LOOP1-SYNC-001/client-implementation/research/runs/R-20261003T143811Z-f75093f7-8424-4f4b-8736-3ae171ac3d15/blobs/C-de7b8640-c0bc-4b97-a2c9-380db75860fd.stderr.txt",
classify	Classify full diff, including deletions	2026-10-03T16:04:50.8373441Z     "spec/progress/evidence/LOOP1-SYNC-001/client-implementation/research/runs/R-20261003T143811Z-f75093f7-8424-4f4b-8736-3ae171ac3d15/blobs/C-de7b8640-c0bc-4b97-a2c9-380db75860fd.stdout.txt",
classify	Classify full diff, including deletions	2026-10-03T16:04:50.8374810Z     "spec/progress/evidence/LOOP1-SYNC-001/client-implementation/research/runs/R-20261003T143811Z-f75093f7-8424-4f4b-8736-3ae171ac3d15/blobs/C-dfe34f12-ccf6-407c-bb27-4d784a21a265.stderr.txt",
classify	Classify full diff, including deletions	2026-10-03T16:04:50.8376191Z     "spec/progress/evidence/LOOP1-SYNC-001/client-implementation/research/runs/R-20261003T143811Z-f75093f7-8424-4f4b-8736-3ae171ac3d15/blobs/C-dfe34f12-ccf6-407c-bb27-4d784a21a265.stdout.txt",
classify	Classify full diff, including deletions	2026-10-03T16:04:50.8377582Z     "spec/progress/evidence/LOOP1-SYNC-001/client-implementation/research/runs/R-20261003T143811Z-f75093f7-8424-4f4b-8736-3ae171ac3d15/blobs/C-dffa2a9e-cf77-4180-a343-d3d194ada184.stderr.txt",
classify	Classify full diff, including deletions	2026-10-03T16:04:50.8378956Z     "spec/progress/evidence/LOOP1-SYNC-001/client-implementation/research/runs/R-20261003T143811Z-f75093f7-8424-4f4b-8736-3ae171ac3d15/blobs/C-dffa2a9e-cf77-4180-a343-d3d194ada184.stdout.txt",
classify	Classify full diff, including deletions	2026-10-03T16:04:50.8380344Z     "spec/progress/evidence/LOOP1-SYNC-001/client-implementation/research/runs/R-20261003T143811Z-f75093f7-8424-4f4b-8736-3ae171ac3d15/blobs/C-e212560e-5929-439f-af9a-3deb18e9d26c.stderr.txt",
classify	Classify full diff, including deletions	2026-10-03T16:04:50.8381813Z     "spec/progress/evidence/LOOP1-SYNC-001/client-implementation/research/runs/R-20261003T143811Z-f75093f7-8424-4f4b-8736-3ae171ac3d15/blobs/C-e212560e-5929-439f-af9a-3deb18e9d26c.stdout.txt",
classify	Classify full diff, including deletions	2026-10-03T16:04:50.8383185Z     "spec/progress/evidence/LOOP1-SYNC-001/client-implementation/research/runs/R-20261003T143811Z-f75093f7-8424-4f4b-8736-3ae171ac3d15/blobs/C-e5214951-0c3b-484f-83fe-74a38dcf88f2.stderr.txt",
classify	Classify full diff, including deletions	2026-10-03T16:04:50.8384572Z     "spec/progress/evidence/LOOP1-SYNC-001/client-implementation/research/runs/R-20261003T143811Z-f75093f7-8424-4f4b-8736-3ae171ac3d15/blobs/C-e5214951-0c3b-484f-83fe-74a38dcf88f2.stdout.txt",
classify	Classify full diff, including deletions	2026-10-03T16:04:50.8385941Z     "spec/progress/evidence/LOOP1-SYNC-001/client-implementation/research/runs/R-20261003T143811Z-f75093f7-8424-4f4b-8736-3ae171ac3d15/blobs/C-e8f63b67-4a12-4a9e-8c1f-4977172075b0.stderr.txt",
classify	Classify full diff, including deletions	2026-10-03T16:04:50.8387301Z     "spec/progress/evidence/LOOP1-SYNC-001/client-implementation/research/runs/R-20261003T143811Z-f75093f7-8424-4f4b-8736-3ae171ac3d15/blobs/C-e8f63b67-4a12-4a9e-8c1f-4977172075b0.stdout.txt",
classify	Classify full diff, including deletions	2026-10-03T16:04:50.8388793Z     "spec/progress/evidence/LOOP1-SYNC-001/client-implementation/research/runs/R-20261003T143811Z-f75093f7-8424-4f4b-8736-3ae171ac3d15/blobs/C-ea1b1c50-1e0b-457b-a91e-360db9b274e1.stderr.txt",
classify	Classify full diff, including deletions	2026-10-03T16:04:50.8390157Z     "spec/progress/evidence/LOOP1-SYNC-001/client-implementation/research/runs/R-20261003T143811Z-f75093f7-8424-4f4b-8736-3ae171ac3d15/blobs/C-ea1b1c50-1e0b-457b-a91e-360db9b274e1.stdout.txt",
classify	Classify full diff, including deletions	2026-10-03T16:04:50.8391534Z     "spec/progress/evidence/LOOP1-SYNC-001/client-implementation/research/runs/R-20261003T143811Z-f75093f7-8424-4f4b-8736-3ae171ac3d15/blobs/C-eb132897-e367-4624-82cc-0dc6b4a96fe7.stderr.txt",
classify	Classify full diff, including deletions	2026-10-03T16:04:50.8393017Z     "spec/progress/evidence/LOOP1-SYNC-001/client-implementation/research/runs/R-20261003T143811Z-f75093f7-8424-4f4b-8736-3ae171ac3d15/blobs/C-eb132897-e367-4624-82cc-0dc6b4a96fe7.stdout.txt",
classify	Classify full diff, including deletions	2026-10-03T16:04:50.8394542Z     "spec/progress/evidence/LOOP1-SYNC-001/client-implementation/research/runs/R-20261003T143811Z-f75093f7-8424-4f4b-8736-3ae171ac3d15/blobs/C-ebf5ec34-59e3-4f48-96ab-d2fb178d45eb.stderr.txt",
classify	Classify full diff, including deletions	2026-10-03T16:04:50.8395912Z     "spec/progress/evidence/LOOP1-SYNC-001/client-implementation/research/runs/R-20261003T143811Z-f75093f7-8424-4f4b-8736-3ae171ac3d15/blobs/C-ebf5ec34-59e3-4f48-96ab-d2fb178d45eb.stdout.txt",
classify	Classify full diff, including deletions	2026-10-03T16:04:50.8397296Z     "spec/progress/evidence/LOOP1-SYNC-001/client-implementation/research/runs/R-20261003T143811Z-f75093f7-8424-4f4b-8736-3ae171ac3d15/blobs/C-ee84d777-b1d6-45ce-ae52-3ae5dfdf99be.stderr.txt",
classify	Classify full diff, including deletions	2026-10-03T16:04:50.8398692Z     "spec/progress/evidence/LOOP1-SYNC-001/client-implementation/research/runs/R-20261003T143811Z-f75093f7-8424-4f4b-8736-3ae171ac3d15/blobs/C-ee84d777-b1d6-45ce-ae52-3ae5dfdf99be.stdout.txt",
classify	Classify full diff, including deletions	2026-10-03T16:04:50.8400111Z     "spec/progress/evidence/LOOP1-SYNC-001/client-implementation/research/runs/R-20261003T143811Z-f75093f7-8424-4f4b-8736-3ae171ac3d15/blobs/C-eff8bc32-69f3-4047-b25b-45d6e84dad4e.stderr.txt",
classify	Classify full diff, including deletions	2026-10-03T16:04:50.8401501Z     "spec/progress/evidence/LOOP1-SYNC-001/client-implementation/research/runs/R-20261003T143811Z-f75093f7-8424-4f4b-8736-3ae171ac3d15/blobs/C-eff8bc32-69f3-4047-b25b-45d6e84dad4e.stdout.txt",
classify	Classify full diff, including deletions	2026-10-03T16:04:50.8402987Z     "spec/progress/evidence/LOOP1-SYNC-001/client-implementation/research/runs/R-20261003T143811Z-f75093f7-8424-4f4b-8736-3ae171ac3d15/blobs/C-f337c08a-086d-41d0-9c0b-64191a99c709.stderr.txt",
classify	Classify full diff, including deletions	2026-10-03T16:04:50.8404344Z     "spec/progress/evidence/LOOP1-SYNC-001/client-implementation/research/runs/R-20261003T143811Z-f75093f7-8424-4f4b-8736-3ae171ac3d15/blobs/C-f337c08a-086d-41d0-9c0b-64191a99c709.stdout.txt",
classify	Classify full diff, including deletions	2026-10-03T16:04:50.8405715Z     "spec/progress/evidence/LOOP1-SYNC-001/client-implementation/research/runs/R-20261003T143811Z-f75093f7-8424-4f4b-8736-3ae171ac3d15/blobs/C-f361a04e-ca1f-4c0f-81d4-12bc146270d3.stderr.txt",
classify	Classify full diff, including deletions	2026-10-03T16:04:50.8407078Z     "spec/progress/evidence/LOOP1-SYNC-001/client-implementation/research/runs/R-20261003T143811Z-f75093f7-8424-4f4b-8736-3ae171ac3d15/blobs/C-f361a04e-ca1f-4c0f-81d4-12bc146270d3.stdout.txt",
classify	Classify full diff, including deletions	2026-10-03T16:04:50.8408467Z     "spec/progress/evidence/LOOP1-SYNC-001/client-implementation/research/runs/R-20261003T143811Z-f75093f7-8424-4f4b-8736-3ae171ac3d15/blobs/C-f47be06f-8eb7-4b96-bade-4ae282fbf5e1.stderr.txt",
classify	Classify full diff, including deletions	2026-10-03T16:04:50.8409848Z     "spec/progress/evidence/LOOP1-SYNC-001/client-implementation/research/runs/R-20261003T143811Z-f75093f7-8424-4f4b-8736-3ae171ac3d15/blobs/C-f47be06f-8eb7-4b96-bade-4ae282fbf5e1.stdout.txt",
classify	Classify full diff, including deletions	2026-10-03T16:04:50.8411219Z     "spec/progress/evidence/LOOP1-SYNC-001/client-implementation/research/runs/R-20261003T143811Z-f75093f7-8424-4f4b-8736-3ae171ac3d15/blobs/C-f7676860-8b0e-473d-a4b0-d80f3eaf3132.stderr.txt",
classify	Classify full diff, including deletions	2026-10-03T16:04:50.8412681Z     "spec/progress/evidence/LOOP1-SYNC-001/client-implementation/research/runs/R-20261003T143811Z-f75093f7-8424-4f4b-8736-3ae171ac3d15/blobs/C-f7676860-8b0e-473d-a4b0-d80f3eaf3132.stdout.txt",
classify	Classify full diff, including deletions	2026-10-03T16:04:50.8414174Z     "spec/progress/evidence/LOOP1-SYNC-001/client-implementation/research/runs/R-20261003T143811Z-f75093f7-8424-4f4b-8736-3ae171ac3d15/blobs/C-fef74df1-e648-4c5c-9b43-d512136763d0.stderr.txt",
classify	Classify full diff, including deletions	2026-10-03T16:04:50.8415546Z     "spec/progress/evidence/LOOP1-SYNC-001/client-implementation/research/runs/R-20261003T143811Z-f75093f7-8424-4f4b-8736-3ae171ac3d15/blobs/C-fef74df1-e648-4c5c-9b43-d512136763d0.stdout.txt",
classify	Classify full diff, including deletions	2026-10-03T16:04:50.8416761Z     "spec/progress/evidence/LOOP1-SYNC-001/client-implementation/research/runs/R-20261003T143811Z-f75093f7-8424-4f4b-8736-3ae171ac3d15/diff.patch",
classify	Classify full diff, including deletions	2026-10-03T16:04:50.8417831Z     "spec/progress/evidence/LOOP1-SYNC-001/client-implementation/research/runs/R-20261003T143811Z-f75093f7-8424-4f4b-8736-3ae171ac3d15/events.jsonl",
classify	Classify full diff, including deletions	2026-10-03T16:04:50.8418900Z     "spec/progress/evidence/LOOP1-SYNC-001/client-implementation/research/runs/R-20261003T143811Z-f75093f7-8424-4f4b-8736-3ae171ac3d15/final_state.json",
classify	Classify full diff, including deletions	2026-10-03T16:04:50.8420136Z     "spec/progress/evidence/LOOP1-SYNC-001/client-implementation/research/runs/R-20261003T143811Z-f75093f7-8424-4f4b-8736-3ae171ac3d15/initial_state.json",
classify	Classify full diff, including deletions	2026-10-03T16:04:50.8421214Z     "spec/progress/evidence/LOOP1-SYNC-001/client-implementation/research/runs/R-20261003T143811Z-f75093f7-8424-4f4b-8736-3ae171ac3d15/metadata.json",
classify	Classify full diff, including deletions	2026-10-03T16:04:50.8422374Z     "spec/progress/evidence/LOOP1-SYNC-001/client-implementation/research/runs/R-20261003T143811Z-f75093f7-8424-4f4b-8736-3ae171ac3d15/summary.json",
classify	Classify full diff, including deletions	2026-10-03T16:04:50.8423188Z     "spec/progress/evidence/LOOP1-SYNC-001/client-implementation/run_native.py.txt",
classify	Classify full diff, including deletions	2026-10-03T16:04:50.8423644Z     "spec/tasks/backlog/LOOP1-SYNC-001.md",
classify	Classify full diff, including deletions	2026-10-03T16:04:50.8423937Z     "spec/tasks/review/LOOP1-SYNC-001.md",
classify	Classify full diff, including deletions	2026-10-03T16:04:50.8424223Z     "tests/clients/sync/desktop.mjs",
classify	Classify full diff, including deletions	2026-10-03T16:04:50.8424497Z     "tests/clients/sync/go_client.mjs",
classify	Classify full diff, including deletions	2026-10-03T16:04:50.8424768Z     "tests/clients/sync/go_smoke.py",
classify	Classify full diff, including deletions	2026-10-03T16:04:50.8425035Z     "tests/clients/sync/shared.mjs",
classify	Classify full diff, including deletions	2026-10-03T16:04:50.8425306Z     "tests/clients/sync/tls_fixture.py",
classify	Classify full diff, including deletions	2026-10-03T16:04:50.8425576Z     "tools/verify_client_sync.py"
classify	Classify full diff, including deletions	2026-10-03T16:04:50.8425805Z   ],
classify	Classify full diff, including deletions	2026-10-03T16:04:50.8425969Z   "jobs": {
classify	Classify full diff, including deletions	2026-10-03T16:04:50.8426147Z     "go": true,
classify	Classify full diff, including deletions	2026-10-03T16:04:50.8426334Z     "java": true,
classify	Classify full diff, including deletions	2026-10-03T16:04:50.8426521Z     "web": true,
classify	Classify full diff, including deletions	2026-10-03T16:04:50.8426710Z     "desktop": true,
classify	Classify full diff, including deletions	2026-10-03T16:04:50.8426909Z     "mobile": true,
classify	Classify full diff, including deletions	2026-10-03T16:04:50.8427101Z     "shared": true,
classify	Classify full diff, including deletions	2026-10-03T16:04:50.8427294Z     "old_client": true,
classify	Classify full diff, including deletions	2026-10-03T16:04:50.8427504Z     "plugin": true,
classify	Classify full diff, including deletions	2026-10-03T16:04:50.8427696Z     "migration": true,
classify	Classify full diff, including deletions	2026-10-03T16:04:50.8427914Z     "compatibility": true,
classify	Classify full diff, including deletions	2026-10-03T16:04:50.8428135Z     "deploy": true,
classify	Classify full diff, including deletions	2026-10-03T16:04:50.8428334Z     "architecture": true,
classify	Classify full diff, including deletions	2026-10-03T16:04:50.8428558Z     "source_go": true,
classify	Classify full diff, including deletions	2026-10-03T16:04:50.8428761Z     "source_java": true
classify	Classify full diff, including deletions	2026-10-03T16:04:50.8428963Z   }
classify	Classify full diff, including deletions	2026-10-03T16:04:50.8429132Z }
classify	Post Run actions/checkout@v4	﻿2026-10-03T16:04:50.8582293Z Post job cleanup.
classify	Post Run actions/checkout@v4	2026-10-03T16:04:50.9448952Z [command]/usr/bin/git version
classify	Post Run actions/checkout@v4	2026-10-03T16:04:50.9494006Z git version 2.55.0
classify	Post Run actions/checkout@v4	2026-10-03T16:04:50.9534934Z Temporarily overriding HOME='/home/runner/work/_temp/58bc469b-e059-4d27-aa96-1a4c81257203' before making global git config changes
classify	Post Run actions/checkout@v4	2026-10-03T16:04:50.9536531Z Adding repository directory to the temporary git global config as a safe directory
classify	Post Run actions/checkout@v4	2026-10-03T16:04:50.9540459Z [command]/usr/bin/git config --global --add safe.directory /home/runner/work/IM-platform/IM-platform
classify	Post Run actions/checkout@v4	2026-10-03T16:04:50.9592402Z [command]/usr/bin/git config --local --name-only --get-regexp core\.sshCommand
classify	Post Run actions/checkout@v4	2026-10-03T16:04:50.9617864Z [command]/usr/bin/git submodule foreach --recursive sh -c "git config --local --name-only --get-regexp 'core\.sshCommand' && git config --local --unset-all 'core.sshCommand' || :"
classify	Post Run actions/checkout@v4	2026-10-03T16:04:50.9895790Z [command]/usr/bin/git config --local --name-only --get-regexp http\.https\:\/\/github\.com\/\.extraheader
classify	Post Run actions/checkout@v4	2026-10-03T16:04:50.9925278Z http.https://github.com/.extraheader
classify	Post Run actions/checkout@v4	2026-10-03T16:04:50.9935980Z [command]/usr/bin/git config --local --unset-all http.https://github.com/.extraheader
classify	Post Run actions/checkout@v4	2026-10-03T16:04:50.9973394Z [command]/usr/bin/git submodule foreach --recursive sh -c "git config --local --name-only --get-regexp 'http\.https\:\/\/github\.com\/\.extraheader' && git config --local --unset-all 'http.https://github.com/.extraheader' || :"
classify	Post Run actions/checkout@v4	2026-10-03T16:04:51.0249858Z [command]/usr/bin/git config --local --name-only --get-regexp ^includeIf\.gitdir:
classify	Post Run actions/checkout@v4	2026-10-03T16:04:51.0292101Z [command]/usr/bin/git submodule foreach --recursive git config --local --show-origin --name-only --get-regexp remote.origin.url
classify	Complete job	﻿2026-10-03T16:04:51.0712657Z Evaluate and set job outputs
classify	Complete job	2026-10-03T16:04:51.0722740Z Set output 'go'
classify	Complete job	2026-10-03T16:04:51.0724870Z Set output 'java'
classify	Complete job	2026-10-03T16:04:51.0725531Z Set output 'web'
classify	Complete job	2026-10-03T16:04:51.0725823Z Set output 'desktop'
classify	Complete job	2026-10-03T16:04:51.0726128Z Set output 'mobile'
classify	Complete job	2026-10-03T16:04:51.0726406Z Set output 'shared'
classify	Complete job	2026-10-03T16:04:51.0726889Z Set output 'old_client'
classify	Complete job	2026-10-03T16:04:51.0727176Z Set output 'plugin'
classify	Complete job	2026-10-03T16:04:51.0727448Z Set output 'migration'
classify	Complete job	2026-10-03T16:04:51.0727737Z Set output 'compatibility'
classify	Complete job	2026-10-03T16:04:51.0728033Z Set output 'deploy'
classify	Complete job	2026-10-03T16:04:51.0728309Z Set output 'architecture'
classify	Complete job	2026-10-03T16:04:51.0728598Z Set output 'source_go'
classify	Complete job	2026-10-03T16:04:51.0728876Z Set output 'source_java'
classify	Complete job	2026-10-03T16:04:51.0729570Z Cleaning up orphan processes
classify	Complete job	2026-10-03T16:04:51.1010118Z ##[warning]Node.js 20 is deprecated. The following actions target Node.js 20 but are being forced to run on Node.js 24: actions/checkout@v4. For more information see: https://github.blog/changelog/2025-09-19-deprecation-of-node-20-on-github-actions-runners/
