desktop	Set up job	﻿2026-10-03T16:04:56.2568633Z Current runner version: '2.337.0'
desktop	Set up job	2026-10-03T16:04:56.2595431Z ##[group]Runner Image Provisioner
desktop	Set up job	2026-10-03T16:04:56.2596279Z Hosted Compute Agent
desktop	Set up job	2026-10-03T16:04:56.2597017Z Version: 20260901.588
desktop	Set up job	2026-10-03T16:04:56.2597660Z Commit: f88ec8081b781fac6c440065ac7ff9e710ce3d0b
desktop	Set up job	2026-10-03T16:04:56.2598439Z Build Date: 2026-09-01T19:56:44Z
desktop	Set up job	2026-10-03T16:04:56.2599164Z Worker ID: {59cf22c7-8d9f-443d-a4b6-049df84b1ce9}
desktop	Set up job	2026-10-03T16:04:56.2599896Z Azure Region: eastus
desktop	Set up job	2026-10-03T16:04:56.2600551Z ##[endgroup]
desktop	Set up job	2026-10-03T16:04:56.2601974Z ##[group]Operating System
desktop	Set up job	2026-10-03T16:04:56.2602718Z Ubuntu
desktop	Set up job	2026-10-03T16:04:56.2603266Z 24.04.5
desktop	Set up job	2026-10-03T16:04:56.2603791Z LTS
desktop	Set up job	2026-10-03T16:04:56.2604779Z ##[endgroup]
desktop	Set up job	2026-10-03T16:04:56.2605376Z ##[group]Runner Image
desktop	Set up job	2026-10-03T16:04:56.2606004Z Image: ubuntu-24.04
desktop	Set up job	2026-10-03T16:04:56.2606665Z Version: 20260927.320.1
desktop	Set up job	2026-10-03T16:04:56.2607747Z Included Software: https://github.com/actions/runner-images/blob/ubuntu24/20260927.320/images/ubuntu/Ubuntu2404-Readme.md
desktop	Set up job	2026-10-03T16:04:56.2609711Z Image Release: https://github.com/actions/runner-images/releases/tag/ubuntu24%2F20260927.320
desktop	Set up job	2026-10-03T16:04:56.2610735Z ##[endgroup]
desktop	Set up job	2026-10-03T16:04:56.2612009Z ##[group]GITHUB_TOKEN Permissions
desktop	Set up job	2026-10-03T16:04:56.2614411Z Contents: read
desktop	Set up job	2026-10-03T16:04:56.2615187Z Metadata: read
desktop	Set up job	2026-10-03T16:04:56.2615763Z ##[endgroup]
desktop	Set up job	2026-10-03T16:04:56.2617925Z Secret source: Actions
desktop	Set up job	2026-10-03T16:04:56.2618884Z Cache mode: write
desktop	Set up job	2026-10-03T16:04:56.2619917Z Prepare workflow directory
desktop	Set up job	2026-10-03T16:04:56.2946251Z Prepare all required actions
desktop	Set up job	2026-10-03T16:04:56.2994211Z Getting action download info
desktop	Set up job	2026-10-03T16:04:56.5386005Z Download action repository 'actions/checkout@v4' (SHA:11d5960a326750d5838078e36cf38b85af677262)
desktop	Set up job	2026-10-03T16:04:56.6612880Z Download action repository 'actions/setup-node@v4' (SHA:49933ea5288caeca8642d1e84afbd3f7d6820020)
desktop	Set up job	2026-10-03T16:04:56.8537006Z Complete job name: desktop
desktop	Run actions/checkout@v4	﻿2026-10-03T16:04:56.9325044Z ##[group]Run actions/checkout@v4
desktop	Run actions/checkout@v4	2026-10-03T16:04:56.9325994Z with:
desktop	Run actions/checkout@v4	2026-10-03T16:04:56.9326536Z   ref: 8bcc7321bba05a70404d1e16bbd2fa0465da696f
desktop	Run actions/checkout@v4	2026-10-03T16:04:56.9327195Z   repository: nilesthump/IM-platform
desktop	Run actions/checkout@v4	2026-10-03T16:04:56.9331226Z   token: ***
desktop	Run actions/checkout@v4	2026-10-03T16:04:56.9331694Z   ssh-strict: true
desktop	Run actions/checkout@v4	2026-10-03T16:04:56.9332168Z   ssh-user: git
desktop	Run actions/checkout@v4	2026-10-03T16:04:56.9332644Z   persist-credentials: true
desktop	Run actions/checkout@v4	2026-10-03T16:04:56.9333167Z   clean: true
desktop	Run actions/checkout@v4	2026-10-03T16:04:56.9333640Z   sparse-checkout-cone-mode: true
desktop	Run actions/checkout@v4	2026-10-03T16:04:56.9334392Z   fetch-depth: 1
desktop	Run actions/checkout@v4	2026-10-03T16:04:56.9334865Z   fetch-tags: false
desktop	Run actions/checkout@v4	2026-10-03T16:04:56.9335352Z   show-progress: true
desktop	Run actions/checkout@v4	2026-10-03T16:04:56.9335829Z   lfs: false
desktop	Run actions/checkout@v4	2026-10-03T16:04:56.9336271Z   submodules: false
desktop	Run actions/checkout@v4	2026-10-03T16:04:56.9336745Z   set-safe-directory: true
desktop	Run actions/checkout@v4	2026-10-03T16:04:56.9337287Z   allow-unsafe-pr-checkout: false
desktop	Run actions/checkout@v4	2026-10-03T16:04:56.9338101Z ##[endgroup]
desktop	Run actions/checkout@v4	2026-10-03T16:04:57.0370410Z Syncing repository: nilesthump/IM-platform
desktop	Run actions/checkout@v4	2026-10-03T16:04:57.0373042Z ##[group]Getting Git version info
desktop	Run actions/checkout@v4	2026-10-03T16:04:57.0374669Z Working directory is '/home/runner/work/IM-platform/IM-platform'
desktop	Run actions/checkout@v4	2026-10-03T16:04:57.0376440Z [command]/usr/bin/git version
desktop	Run actions/checkout@v4	2026-10-03T16:04:57.0486295Z git version 2.55.0
desktop	Run actions/checkout@v4	2026-10-03T16:04:57.0516830Z ##[endgroup]
desktop	Run actions/checkout@v4	2026-10-03T16:04:57.0528353Z Temporarily overriding HOME='/home/runner/work/_temp/dcd17178-101a-418b-8159-fabde6c9f25a' before making global git config changes
desktop	Run actions/checkout@v4	2026-10-03T16:04:57.0530775Z Adding repository directory to the temporary git global config as a safe directory
desktop	Run actions/checkout@v4	2026-10-03T16:04:57.0533662Z [command]/usr/bin/git config --global --add safe.directory /home/runner/work/IM-platform/IM-platform
desktop	Run actions/checkout@v4	2026-10-03T16:04:57.0585726Z Deleting the contents of '/home/runner/work/IM-platform/IM-platform'
desktop	Run actions/checkout@v4	2026-10-03T16:04:57.0595621Z ##[group]Initializing the repository
desktop	Run actions/checkout@v4	2026-10-03T16:04:57.0597064Z [command]/usr/bin/git init /home/runner/work/IM-platform/IM-platform
desktop	Run actions/checkout@v4	2026-10-03T16:04:57.0737776Z hint: Using 'master' as the name for the initial branch. This default branch name
desktop	Run actions/checkout@v4	2026-10-03T16:04:57.0739647Z hint: will change to "main" in Git 3.0. To configure the initial branch name
desktop	Run actions/checkout@v4	2026-10-03T16:04:57.0741874Z hint: to use in all of your new repositories, which will suppress this warning,
desktop	Run actions/checkout@v4	2026-10-03T16:04:57.0743319Z hint: call:
desktop	Run actions/checkout@v4	2026-10-03T16:04:57.0744292Z hint:
desktop	Run actions/checkout@v4	2026-10-03T16:04:57.0745065Z hint: 	git config --global init.defaultBranch <name>
desktop	Run actions/checkout@v4	2026-10-03T16:04:57.0746049Z hint:
desktop	Run actions/checkout@v4	2026-10-03T16:04:57.0746893Z hint: Names commonly chosen instead of 'master' are 'main', 'trunk' and
desktop	Run actions/checkout@v4	2026-10-03T16:04:57.0748618Z hint: 'development'. The just-created branch can be renamed via this command:
desktop	Run actions/checkout@v4	2026-10-03T16:04:57.0749911Z hint:
desktop	Run actions/checkout@v4	2026-10-03T16:04:57.0750527Z hint: 	git branch -m <name>
desktop	Run actions/checkout@v4	2026-10-03T16:04:57.0751042Z hint:
desktop	Run actions/checkout@v4	2026-10-03T16:04:57.0751750Z hint: Disable this message with "git config set advice.defaultBranchName false"
desktop	Run actions/checkout@v4	2026-10-03T16:04:57.0752915Z Initialized empty Git repository in /home/runner/work/IM-platform/IM-platform/.git/
desktop	Run actions/checkout@v4	2026-10-03T16:04:57.0756039Z [command]/usr/bin/git remote add origin https://github.com/nilesthump/IM-platform
desktop	Run actions/checkout@v4	2026-10-03T16:04:57.0813507Z ##[endgroup]
desktop	Run actions/checkout@v4	2026-10-03T16:04:57.0814636Z ##[group]Disabling automatic garbage collection
desktop	Run actions/checkout@v4	2026-10-03T16:04:57.0819121Z [command]/usr/bin/git config --local gc.auto 0
desktop	Run actions/checkout@v4	2026-10-03T16:04:57.0851699Z ##[endgroup]
desktop	Run actions/checkout@v4	2026-10-03T16:04:57.0852602Z ##[group]Setting up auth
desktop	Run actions/checkout@v4	2026-10-03T16:04:57.0860135Z [command]/usr/bin/git config --local --name-only --get-regexp core\.sshCommand
desktop	Run actions/checkout@v4	2026-10-03T16:04:57.0894278Z [command]/usr/bin/git submodule foreach --recursive sh -c "git config --local --name-only --get-regexp 'core\.sshCommand' && git config --local --unset-all 'core.sshCommand' || :"
desktop	Run actions/checkout@v4	2026-10-03T16:04:57.1281681Z [command]/usr/bin/git config --local --name-only --get-regexp http\.https\:\/\/github\.com\/\.extraheader
desktop	Run actions/checkout@v4	2026-10-03T16:04:57.1319560Z [command]/usr/bin/git submodule foreach --recursive sh -c "git config --local --name-only --get-regexp 'http\.https\:\/\/github\.com\/\.extraheader' && git config --local --unset-all 'http.https://github.com/.extraheader' || :"
desktop	Run actions/checkout@v4	2026-10-03T16:04:57.1543267Z [command]/usr/bin/git config --local --name-only --get-regexp ^includeIf\.gitdir:
desktop	Run actions/checkout@v4	2026-10-03T16:04:57.1579083Z [command]/usr/bin/git submodule foreach --recursive git config --local --show-origin --name-only --get-regexp remote.origin.url
desktop	Run actions/checkout@v4	2026-10-03T16:04:57.1800669Z [command]/usr/bin/git config --local http.https://github.com/.extraheader AUTHORIZATION: basic ***
desktop	Run actions/checkout@v4	2026-10-03T16:04:57.1841241Z ##[endgroup]
desktop	Run actions/checkout@v4	2026-10-03T16:04:57.1842130Z ##[group]Fetching the repository
desktop	Run actions/checkout@v4	2026-10-03T16:04:57.1851382Z [command]/usr/bin/git -c protocol.version=2 fetch --no-tags --prune --no-recurse-submodules --depth=1 origin 8bcc7321bba05a70404d1e16bbd2fa0465da696f
desktop	Run actions/checkout@v4	2026-10-03T16:04:58.0294257Z From https://github.com/nilesthump/IM-platform
desktop	Run actions/checkout@v4	2026-10-03T16:04:58.0297269Z  * branch            8bcc7321bba05a70404d1e16bbd2fa0465da696f -> FETCH_HEAD
desktop	Run actions/checkout@v4	2026-10-03T16:04:58.0300934Z ##[endgroup]
desktop	Run actions/checkout@v4	2026-10-03T16:04:58.0302315Z ##[group]Determining the checkout info
desktop	Run actions/checkout@v4	2026-10-03T16:04:58.0304825Z ##[endgroup]
desktop	Run actions/checkout@v4	2026-10-03T16:04:58.0306707Z [command]/usr/bin/git sparse-checkout disable
desktop	Run actions/checkout@v4	2026-10-03T16:04:58.0366880Z [command]/usr/bin/git config --local --unset-all extensions.worktreeConfig
desktop	Run actions/checkout@v4	2026-10-03T16:04:58.0403920Z ##[group]Checking out the ref
desktop	Run actions/checkout@v4	2026-10-03T16:04:58.0406696Z [command]/usr/bin/git checkout --progress --force 8bcc7321bba05a70404d1e16bbd2fa0465da696f
desktop	Run actions/checkout@v4	2026-10-03T16:04:58.6182073Z Note: switching to '8bcc7321bba05a70404d1e16bbd2fa0465da696f'.
desktop	Run actions/checkout@v4	2026-10-03T16:04:58.6184357Z 
desktop	Run actions/checkout@v4	2026-10-03T16:04:58.6185223Z You are in 'detached HEAD' state. You can look around, make experimental
desktop	Run actions/checkout@v4	2026-10-03T16:04:58.6186241Z changes and commit them, and you can discard any commits you make in this
desktop	Run actions/checkout@v4	2026-10-03T16:04:58.6187187Z state without impacting any branches by switching back to a branch.
desktop	Run actions/checkout@v4	2026-10-03T16:04:58.6187749Z 
desktop	Run actions/checkout@v4	2026-10-03T16:04:58.6188145Z If you want to create a new branch to retain commits you create, you may
desktop	Run actions/checkout@v4	2026-10-03T16:04:58.6188985Z do so (now or later) by using -c with the switch command. Example:
desktop	Run actions/checkout@v4	2026-10-03T16:04:58.6189523Z 
desktop	Run actions/checkout@v4	2026-10-03T16:04:58.6190066Z   git switch -c <new-branch-name>
desktop	Run actions/checkout@v4	2026-10-03T16:04:58.6190425Z 
desktop	Run actions/checkout@v4	2026-10-03T16:04:58.6190654Z Or undo this operation with:
desktop	Run actions/checkout@v4	2026-10-03T16:04:58.6190980Z 
desktop	Run actions/checkout@v4	2026-10-03T16:04:58.6191176Z   git switch -
desktop	Run actions/checkout@v4	2026-10-03T16:04:58.6191447Z 
desktop	Run actions/checkout@v4	2026-10-03T16:04:58.6191955Z Turn off this advice by setting config variable advice.detachedHead to false
desktop	Run actions/checkout@v4	2026-10-03T16:04:58.6192526Z 
desktop	Run actions/checkout@v4	2026-10-03T16:04:58.6192937Z HEAD is now at 8bcc732 docs(sync): complete original Fix prompt evidence archive
desktop	Run actions/checkout@v4	2026-10-03T16:04:58.6217789Z ##[endgroup]
desktop	Run actions/checkout@v4	2026-10-03T16:04:58.6263047Z [command]/usr/bin/git log -1 --format=%H
desktop	Run actions/checkout@v4	2026-10-03T16:04:58.6290610Z 8bcc7321bba05a70404d1e16bbd2fa0465da696f
desktop	Run actions/setup-node@v4	﻿2026-10-03T16:04:58.6552405Z ##[group]Run actions/setup-node@v4
desktop	Run actions/setup-node@v4	2026-10-03T16:04:58.6552795Z with:
desktop	Run actions/setup-node@v4	2026-10-03T16:04:58.6553061Z   node-version: 22
desktop	Run actions/setup-node@v4	2026-10-03T16:04:58.6553325Z   always-auth: false
desktop	Run actions/setup-node@v4	2026-10-03T16:04:58.6553595Z   check-latest: false
desktop	Run actions/setup-node@v4	2026-10-03T16:04:58.6556596Z   token: ***
desktop	Run actions/setup-node@v4	2026-10-03T16:04:58.6556879Z ##[endgroup]
desktop	Run actions/setup-node@v4	2026-10-03T16:04:58.8057550Z Found in cache @ /opt/hostedtoolcache/node/22.23.3/x64
desktop	Run actions/setup-node@v4	2026-10-03T16:04:58.8061420Z (node:2305) [DEP0040] DeprecationWarning: The `punycode` module is deprecated. Please use a userland alternative instead.
desktop	Run actions/setup-node@v4	2026-10-03T16:04:58.8062840Z (Use `node --trace-deprecation ...` to show where the warning was created)
desktop	Run actions/setup-node@v4	2026-10-03T16:04:58.8065144Z ##[group]Environment details
desktop	Run actions/setup-node@v4	2026-10-03T16:04:59.2268088Z node: v22.23.3
desktop	Run actions/setup-node@v4	2026-10-03T16:04:59.2268535Z npm: 10.9.9
desktop	Run actions/setup-node@v4	2026-10-03T16:04:59.2268861Z yarn: 1.22.22
desktop	Run actions/setup-node@v4	2026-10-03T16:04:59.2269904Z ##[endgroup]
desktop	Native Tauri prerequisites and approved Rust compiler	﻿2026-10-03T16:04:59.2407887Z ##[group]Run sudo apt-get update -qq
desktop	Native Tauri prerequisites and approved Rust compiler	2026-10-03T16:04:59.2408313Z ^[[36;1msudo apt-get update -qq^[[0m
desktop	Native Tauri prerequisites and approved Rust compiler	2026-10-03T16:04:59.2408831Z ^[[36;1msudo apt-get install -y libwebkit2gtk-4.1-dev libappindicator3-dev librsvg2-dev patchelf^[[0m
desktop	Native Tauri prerequisites and approved Rust compiler	2026-10-03T16:04:59.2409415Z ^[[36;1mrustup toolchain install stable --profile minimal^[[0m
desktop	Native Tauri prerequisites and approved Rust compiler	2026-10-03T16:04:59.2409770Z ^[[36;1mrustup default stable^[[0m
desktop	Native Tauri prerequisites and approved Rust compiler	2026-10-03T16:04:59.2745092Z shell: /usr/bin/bash -e {0}
desktop	Native Tauri prerequisites and approved Rust compiler	2026-10-03T16:04:59.2745442Z ##[endgroup]
desktop	Native Tauri prerequisites and approved Rust compiler	2026-10-03T16:05:04.6907290Z Reading package lists...
desktop	Native Tauri prerequisites and approved Rust compiler	2026-10-03T16:05:04.8619134Z Building dependency tree...
desktop	Native Tauri prerequisites and approved Rust compiler	2026-10-03T16:05:04.8626692Z Reading state information...
desktop	Native Tauri prerequisites and approved Rust compiler	2026-10-03T16:05:05.0049831Z patchelf is already the newest version (0.18.0-1.1build1).
desktop	Native Tauri prerequisites and approved Rust compiler	2026-10-03T16:05:05.0051040Z The following additional packages will be installed:
desktop	Native Tauri prerequisites and approved Rust compiler	2026-10-03T16:05:05.0052260Z   bubblewrap build-essential bzip2-doc gir1.2-appindicator3-0.1 gir1.2-atk-1.0
desktop	Native Tauri prerequisites and approved Rust compiler	2026-10-03T16:05:05.0053457Z   gir1.2-atspi-2.0 gir1.2-dbusmenu-glib-0.4 gir1.2-freedesktop
desktop	Native Tauri prerequisites and approved Rust compiler	2026-10-03T16:05:05.0055047Z   gir1.2-freedesktop-dev gir1.2-gdkpixbuf-2.0 gir1.2-girepository-2.0-dev
desktop	Native Tauri prerequisites and approved Rust compiler	2026-10-03T16:05:05.0056090Z   gir1.2-glib-2.0-dev gir1.2-gtk-3.0 gir1.2-harfbuzz-0.0
desktop	Native Tauri prerequisites and approved Rust compiler	2026-10-03T16:05:05.0057119Z   gir1.2-javascriptcoregtk-4.1 gir1.2-pango-1.0 gir1.2-rsvg-2.0
desktop	Native Tauri prerequisites and approved Rust compiler	2026-10-03T16:05:05.0058213Z   gir1.2-soup-3.0 gir1.2-webkit2-4.1 glib-networking glib-networking-common
desktop	Native Tauri prerequisites and approved Rust compiler	2026-10-03T16:05:05.0059336Z   glib-networking-services gobject-introspection gobject-introspection-bin
desktop	Native Tauri prerequisites and approved Rust compiler	2026-10-03T16:05:05.0060788Z   gsettings-desktop-schemas gstreamer1.0-gl gstreamer1.0-plugins-base
desktop	Native Tauri prerequisites and approved Rust compiler	2026-10-03T16:05:05.0061952Z   gstreamer1.0-plugins-good gstreamer1.0-x libaa1 libappindicator3-1
desktop	Native Tauri prerequisites and approved Rust compiler	2026-10-03T16:05:05.0063172Z   libasyncns0 libatk-bridge2.0-dev libatk1.0-dev libatspi2.0-dev libavc1394-0
desktop	Native Tauri prerequisites and approved Rust compiler	2026-10-03T16:05:05.0064555Z   libblkid-dev libbrotli-dev libbz2-dev libcaca0 libcairo-script-interpreter2
desktop	Native Tauri prerequisites and approved Rust compiler	2026-10-03T16:05:05.0065635Z   libcairo2-dev libcdparanoia0 libdatrie-dev libdbus-1-dev libdbus-glib-1-2
desktop	Native Tauri prerequisites and approved Rust compiler	2026-10-03T16:05:05.0066341Z   libdbus-glib-1-dev libdbus-glib-1-dev-bin libdbusmenu-glib-dev
desktop	Native Tauri prerequisites and approved Rust compiler	2026-10-03T16:05:05.0068366Z   libdeflate-dev libdv4t64 libegl-dev libegl-mesa0 libegl1 libegl1-mesa-dev
desktop	Native Tauri prerequisites and approved Rust compiler	2026-10-03T16:05:05.0069526Z   libepoxy-dev libflac12t64 libfontconfig-dev libfreetype-dev libfribidi-dev
desktop	Native Tauri prerequisites and approved Rust compiler	2026-10-03T16:05:05.0070176Z   libgbm1 libgdk-pixbuf-2.0-dev libgdk-pixbuf2.0-bin libgirepository-1.0-dev
desktop	Native Tauri prerequisites and approved Rust compiler	2026-10-03T16:05:05.0070797Z   libgirepository-2.0-0 libgirepository1.0-dev libgl-dev libgl1-mesa-dri
desktop	Native Tauri prerequisites and approved Rust compiler	2026-10-03T16:05:05.0071966Z   libgles-dev libgles1 libgles2 libglib2.0-dev libglib2.0-dev-bin
desktop	Native Tauri prerequisites and approved Rust compiler	2026-10-03T16:05:05.0072535Z   libglvnd-core-dev libglvnd-dev libglx-dev libglx-mesa0 libgraphene-1.0-0
desktop	Native Tauri prerequisites and approved Rust compiler	2026-10-03T16:05:05.0073112Z   libgraphite2-dev libgstreamer-gl1.0-0 libgstreamer-plugins-base1.0-0
desktop	Native Tauri prerequisites and approved Rust compiler	2026-10-03T16:05:05.0073655Z   libgstreamer-plugins-good1.0-0 libgtk-3-dev libharfbuzz-cairo0
desktop	Native Tauri prerequisites and approved Rust compiler	2026-10-03T16:05:05.0074686Z   libharfbuzz-dev libharfbuzz-gobject0 libharfbuzz-icu0 libharfbuzz-subset0
desktop	Native Tauri prerequisites and approved Rust compiler	2026-10-03T16:05:05.0075656Z   libhyphen0 libice-dev libiec61883-0 libjavascriptcoregtk-4.1-0
desktop	Native Tauri prerequisites and approved Rust compiler	2026-10-03T16:05:05.0076623Z   libjavascriptcoregtk-4.1-dev libjbig-dev libjpeg-dev libjpeg-turbo8-dev
desktop	Native Tauri prerequisites and approved Rust compiler	2026-10-03T16:05:05.0077543Z   libjpeg8-dev liblerc-dev liblzma-dev libmanette-0.2-0 libmount-dev
desktop	Native Tauri prerequisites and approved Rust compiler	2026-10-03T16:05:05.0078119Z   libmp3lame0 libmpg123-0t64 libnghttp2-dev libopengl-dev libopengl0 libopus0
desktop	Native Tauri prerequisites and approved Rust compiler	2026-10-03T16:05:05.0078708Z   liborc-0.4-0t64 libpango1.0-dev libpangoxft-1.0-0 libpipewire-0.3-0t64
desktop	Native Tauri prerequisites and approved Rust compiler	2026-10-03T16:05:05.0079329Z   libpipewire-0.3-common libpixman-1-dev libpng-dev libpng-tools libproxy1v5
desktop	Native Tauri prerequisites and approved Rust compiler	2026-10-03T16:05:05.0079890Z   libpsl-dev libpthread-stubs0-dev libpulse0 libraw1394-11 librsvg2-2
desktop	Native Tauri prerequisites and approved Rust compiler	2026-10-03T16:05:05.0080536Z   librsvg2-common libsecret-1-0 libsecret-common libselinux1-dev libsepol-dev
desktop	Native Tauri prerequisites and approved Rust compiler	2026-10-03T16:05:05.0081515Z   libsharpyuv-dev libshout3 libsm-dev libsndfile1 libsoup-3.0-0
desktop	Native Tauri prerequisites and approved Rust compiler	2026-10-03T16:05:05.0082379Z   libsoup-3.0-common libsoup-3.0-dev libspa-0.2-modules libspeex1
desktop	Native Tauri prerequisites and approved Rust compiler	2026-10-03T16:05:05.0083007Z   libsysprof-capture-4-dev libtag1v5 libtag1v5-vanilla libthai-dev libtheora0
desktop	Native Tauri prerequisites and approved Rust compiler	2026-10-03T16:05:05.0083825Z   libtiff-dev libtiffxx6 libtwolame0 libv4l-0t64 libv4lconvert0t64
desktop	Native Tauri prerequisites and approved Rust compiler	2026-10-03T16:05:05.0084880Z   libvisual-0.4-0 libvorbisenc2 libvpx9 libwavpack1 libwayland-bin
desktop	Native Tauri prerequisites and approved Rust compiler	2026-10-03T16:05:05.0085853Z   libwayland-dev libwayland-server0 libwebkit2gtk-4.1-0 libwebp-dev
desktop	Native Tauri prerequisites and approved Rust compiler	2026-10-03T16:05:05.0086951Z   libwebpdecoder3 libwebrtc-audio-processing1 libx11-dev libxau-dev
desktop	Native Tauri prerequisites and approved Rust compiler	2026-10-03T16:05:05.0087935Z   libxcb-render0-dev libxcb-shm0-dev libxcb1-dev libxcomposite-dev
desktop	Native Tauri prerequisites and approved Rust compiler	2026-10-03T16:05:05.0088921Z   libxcursor-dev libxdamage-dev libxdmcp-dev libxext-dev libxfixes-dev
desktop	Native Tauri prerequisites and approved Rust compiler	2026-10-03T16:05:05.0089850Z   libxft-dev libxi-dev libxinerama-dev libxkbcommon-dev libxrandr-dev
desktop	Native Tauri prerequisites and approved Rust compiler	2026-10-03T16:05:05.0090766Z   libxrender-dev libxtst-dev libxv1 mesa-libgallium pango1.0-tools
desktop	Native Tauri prerequisites and approved Rust compiler	2026-10-03T16:05:05.0091737Z   python3-mako python3-markdown session-migration uuid-dev wayland-protocols
desktop	Native Tauri prerequisites and approved Rust compiler	2026-10-03T16:05:05.0092761Z   x11proto-dev xdg-dbus-proxy xdg-desktop-portal xdg-desktop-portal-gtk
desktop	Native Tauri prerequisites and approved Rust compiler	2026-10-03T16:05:05.0093541Z   xorg-sgml-doctools xtrans-dev
desktop	Native Tauri prerequisites and approved Rust compiler	2026-10-03T16:05:05.0094243Z Suggested packages:
desktop	Native Tauri prerequisites and approved Rust compiler	2026-10-03T16:05:05.0095024Z   gvfs indicator-application libcairo2-doc libdatrie-doc libdv-bin oss-compat
desktop	Native Tauri prerequisites and approved Rust compiler	2026-10-03T16:05:05.0096011Z   freetype2-doc libgirepository1.0-doc libglib2.0-doc libxml2-utils
desktop	Native Tauri prerequisites and approved Rust compiler	2026-10-03T16:05:05.0097015Z   libgraphite2-utils libvisual-0.4-plugins libgtk-3-doc libice-doc liblzma-doc
desktop	Native Tauri prerequisites and approved Rust compiler	2026-10-03T16:05:05.0098096Z   libnghttp2-doc opus-tools libpango1.0-doc pipewire pulseaudio libraw1394-doc
desktop	Native Tauri prerequisites and approved Rust compiler	2026-10-03T16:05:05.0099105Z   librsvg2-bin librsvg2-doc libsm-doc libsoup-3.0-doc speex libthai-doc
desktop	Native Tauri prerequisites and approved Rust compiler	2026-10-03T16:05:05.0100122Z   libwayland-doc gstreamer1.0-libav gstreamer1.0-plugins-bad gstreamer1.0-alsa
desktop	Native Tauri prerequisites and approved Rust compiler	2026-10-03T16:05:05.0101080Z   libx11-doc libxcb-doc libxext-doc graphicsmagick python-mako-doc
desktop	Native Tauri prerequisites and approved Rust compiler	2026-10-03T16:05:05.0101917Z   python3-beaker python-markdown-doc accountsservice evince
desktop	Native Tauri prerequisites and approved Rust compiler	2026-10-03T16:05:05.0102562Z   xdg-desktop-portal-gnome
desktop	Native Tauri prerequisites and approved Rust compiler	2026-10-03T16:05:05.0861626Z The following NEW packages will be installed:
desktop	Native Tauri prerequisites and approved Rust compiler	2026-10-03T16:05:05.0862960Z   bubblewrap build-essential bzip2-doc gir1.2-appindicator3-0.1 gir1.2-atk-1.0
desktop	Native Tauri prerequisites and approved Rust compiler	2026-10-03T16:05:05.0864515Z   gir1.2-atspi-2.0 gir1.2-dbusmenu-glib-0.4 gir1.2-freedesktop
desktop	Native Tauri prerequisites and approved Rust compiler	2026-10-03T16:05:05.0865799Z   gir1.2-freedesktop-dev gir1.2-gdkpixbuf-2.0 gir1.2-girepository-2.0-dev
desktop	Native Tauri prerequisites and approved Rust compiler	2026-10-03T16:05:05.0866940Z   gir1.2-glib-2.0-dev gir1.2-gtk-3.0 gir1.2-harfbuzz-0.0
desktop	Native Tauri prerequisites and approved Rust compiler	2026-10-03T16:05:05.0868468Z   gir1.2-javascriptcoregtk-4.1 gir1.2-pango-1.0 gir1.2-rsvg-2.0
desktop	Native Tauri prerequisites and approved Rust compiler	2026-10-03T16:05:05.0869670Z   gir1.2-soup-3.0 gir1.2-webkit2-4.1 glib-networking glib-networking-common
desktop	Native Tauri prerequisites and approved Rust compiler	2026-10-03T16:05:05.0870993Z   glib-networking-services gobject-introspection gobject-introspection-bin
desktop	Native Tauri prerequisites and approved Rust compiler	2026-10-03T16:05:05.0872132Z   gsettings-desktop-schemas gstreamer1.0-gl gstreamer1.0-plugins-base
desktop	Native Tauri prerequisites and approved Rust compiler	2026-10-03T16:05:05.0873159Z   gstreamer1.0-plugins-good gstreamer1.0-x libaa1 libappindicator3-1
desktop	Native Tauri prerequisites and approved Rust compiler	2026-10-03T16:05:05.0874395Z   libappindicator3-dev libasyncns0 libatk-bridge2.0-dev libatk1.0-dev
desktop	Native Tauri prerequisites and approved Rust compiler	2026-10-03T16:05:05.0875416Z   libatspi2.0-dev libavc1394-0 libblkid-dev libbrotli-dev libbz2-dev libcaca0
desktop	Native Tauri prerequisites and approved Rust compiler	2026-10-03T16:05:05.0876198Z   libcairo-script-interpreter2 libcairo2-dev libcdparanoia0 libdatrie-dev
desktop	Native Tauri prerequisites and approved Rust compiler	2026-10-03T16:05:05.0876869Z   libdbus-1-dev libdbus-glib-1-2 libdbus-glib-1-dev libdbus-glib-1-dev-bin
desktop	Native Tauri prerequisites and approved Rust compiler	2026-10-03T16:05:05.0877837Z   libdbusmenu-glib-dev libdeflate-dev libdv4t64 libegl-dev libegl-mesa0
desktop	Native Tauri prerequisites and approved Rust compiler	2026-10-03T16:05:05.0878530Z   libegl1 libegl1-mesa-dev libepoxy-dev libflac12t64 libfontconfig-dev
desktop	Native Tauri prerequisites and approved Rust compiler	2026-10-03T16:05:05.0879176Z   libfreetype-dev libfribidi-dev libgdk-pixbuf-2.0-dev libgdk-pixbuf2.0-bin
desktop	Native Tauri prerequisites and approved Rust compiler	2026-10-03T16:05:05.0879819Z   libgirepository-1.0-dev libgirepository-2.0-0 libgirepository1.0-dev
desktop	Native Tauri prerequisites and approved Rust compiler	2026-10-03T16:05:05.0880452Z   libgl-dev libgles-dev libgles1 libgles2 libglib2.0-dev libglib2.0-dev-bin
desktop	Native Tauri prerequisites and approved Rust compiler	2026-10-03T16:05:05.0881103Z   libglvnd-core-dev libglvnd-dev libglx-dev libgraphene-1.0-0 libgraphite2-dev
desktop	Native Tauri prerequisites and approved Rust compiler	2026-10-03T16:05:05.0882002Z   libgstreamer-gl1.0-0 libgstreamer-plugins-base1.0-0
desktop	Native Tauri prerequisites and approved Rust compiler	2026-10-03T16:05:05.0882835Z   libgstreamer-plugins-good1.0-0 libgtk-3-dev libharfbuzz-cairo0
desktop	Native Tauri prerequisites and approved Rust compiler	2026-10-03T16:05:05.0883386Z   libharfbuzz-dev libharfbuzz-gobject0 libharfbuzz-icu0 libharfbuzz-subset0
desktop	Native Tauri prerequisites and approved Rust compiler	2026-10-03T16:05:05.0883928Z   libhyphen0 libice-dev libiec61883-0 libjavascriptcoregtk-4.1-0
desktop	Native Tauri prerequisites and approved Rust compiler	2026-10-03T16:05:05.0884853Z   libjavascriptcoregtk-4.1-dev libjbig-dev libjpeg-dev libjpeg-turbo8-dev
desktop	Native Tauri prerequisites and approved Rust compiler	2026-10-03T16:05:05.0885462Z   libjpeg8-dev liblerc-dev liblzma-dev libmanette-0.2-0 libmount-dev
desktop	Native Tauri prerequisites and approved Rust compiler	2026-10-03T16:05:05.0886032Z   libmp3lame0 libmpg123-0t64 libnghttp2-dev libopengl-dev libopengl0 libopus0
desktop	Native Tauri prerequisites and approved Rust compiler	2026-10-03T16:05:05.0886605Z   liborc-0.4-0t64 libpango1.0-dev libpangoxft-1.0-0 libpipewire-0.3-0t64
desktop	Native Tauri prerequisites and approved Rust compiler	2026-10-03T16:05:05.0887176Z   libpipewire-0.3-common libpixman-1-dev libpng-dev libpng-tools libproxy1v5
desktop	Native Tauri prerequisites and approved Rust compiler	2026-10-03T16:05:05.0887731Z   libpsl-dev libpthread-stubs0-dev libpulse0 libraw1394-11 librsvg2-2
desktop	Native Tauri prerequisites and approved Rust compiler	2026-10-03T16:05:05.0888289Z   librsvg2-common librsvg2-dev libsecret-1-0 libsecret-common libselinux1-dev
desktop	Native Tauri prerequisites and approved Rust compiler	2026-10-03T16:05:05.0888878Z   libsepol-dev libsharpyuv-dev libshout3 libsm-dev libsndfile1 libsoup-3.0-0
desktop	Native Tauri prerequisites and approved Rust compiler	2026-10-03T16:05:05.0889411Z   libsoup-3.0-common libsoup-3.0-dev libspa-0.2-modules libspeex1
desktop	Native Tauri prerequisites and approved Rust compiler	2026-10-03T16:05:05.0889947Z   libsysprof-capture-4-dev libtag1v5 libtag1v5-vanilla libthai-dev libtheora0
desktop	Native Tauri prerequisites and approved Rust compiler	2026-10-03T16:05:05.0890489Z   libtiff-dev libtiffxx6 libtwolame0 libv4l-0t64 libv4lconvert0t64
desktop	Native Tauri prerequisites and approved Rust compiler	2026-10-03T16:05:05.0890983Z   libvisual-0.4-0 libvorbisenc2 libvpx9 libwavpack1 libwayland-bin
desktop	Native Tauri prerequisites and approved Rust compiler	2026-10-03T16:05:05.0891525Z   libwayland-dev libwayland-server0 libwebkit2gtk-4.1-0 libwebkit2gtk-4.1-dev
desktop	Native Tauri prerequisites and approved Rust compiler	2026-10-03T16:05:05.0892100Z   libwebp-dev libwebpdecoder3 libwebrtc-audio-processing1 libx11-dev
desktop	Native Tauri prerequisites and approved Rust compiler	2026-10-03T16:05:05.0892667Z   libxau-dev libxcb-render0-dev libxcb-shm0-dev libxcb1-dev libxcomposite-dev
desktop	Native Tauri prerequisites and approved Rust compiler	2026-10-03T16:05:05.0893223Z   libxcursor-dev libxdamage-dev libxdmcp-dev libxext-dev libxfixes-dev
desktop	Native Tauri prerequisites and approved Rust compiler	2026-10-03T16:05:05.0893749Z   libxft-dev libxi-dev libxinerama-dev libxkbcommon-dev libxrandr-dev
desktop	Native Tauri prerequisites and approved Rust compiler	2026-10-03T16:05:05.0894502Z   libxrender-dev libxtst-dev libxv1 pango1.0-tools python3-mako
desktop	Native Tauri prerequisites and approved Rust compiler	2026-10-03T16:05:05.0895062Z   python3-markdown session-migration uuid-dev wayland-protocols x11proto-dev
desktop	Native Tauri prerequisites and approved Rust compiler	2026-10-03T16:05:05.0895660Z   xdg-dbus-proxy xdg-desktop-portal xdg-desktop-portal-gtk xorg-sgml-doctools
desktop	Native Tauri prerequisites and approved Rust compiler	2026-10-03T16:05:05.0896087Z   xtrans-dev
desktop	Native Tauri prerequisites and approved Rust compiler	2026-10-03T16:05:05.0896387Z The following packages will be upgraded:
desktop	Native Tauri prerequisites and approved Rust compiler	2026-10-03T16:05:05.0896779Z   libgbm1 libgl1-mesa-dri libglx-mesa0 mesa-libgallium
desktop	Native Tauri prerequisites and approved Rust compiler	2026-10-03T16:05:05.1101789Z 4 upgraded, 187 newly installed, 0 to remove and 21 not upgraded.
desktop	Native Tauri prerequisites and approved Rust compiler	2026-10-03T16:05:05.1102422Z Need to get 72.9 MB of archives.
desktop	Native Tauri prerequisites and approved Rust compiler	2026-10-03T16:05:05.1102894Z After this operation, 268 MB of additional disk space will be used.
desktop	Native Tauri prerequisites and approved Rust compiler	2026-10-03T16:05:05.1103447Z Get:1 file:/etc/apt/apt-mirrors.txt Mirrorlist [144 B]
desktop	Native Tauri prerequisites and approved Rust compiler	2026-10-03T16:05:05.2066120Z Get:2 http://azure.archive.ubuntu.com/ubuntu noble-updates/main amd64 bubblewrap amd64 0.9.0-1ubuntu0.3 [50.4 kB]
desktop	Native Tauri prerequisites and approved Rust compiler	2026-10-03T16:05:05.2945981Z Get:3 http://azure.archive.ubuntu.com/ubuntu noble/main amd64 build-essential amd64 12.10ubuntu1 [4928 B]
desktop	Native Tauri prerequisites and approved Rust compiler	2026-10-03T16:05:05.3758349Z Get:4 http://azure.archive.ubuntu.com/ubuntu noble-updates/main amd64 bzip2-doc all 1.0.8-5.1ubuntu0.1 [499 kB]
desktop	Native Tauri prerequisites and approved Rust compiler	2026-10-03T16:05:05.5300147Z Get:5 http://azure.archive.ubuntu.com/ubuntu noble/main amd64 gir1.2-atk-1.0 amd64 2.52.0-1build1 [23.1 kB]
desktop	Native Tauri prerequisites and approved Rust compiler	2026-10-03T16:05:05.6125064Z Get:6 http://azure.archive.ubuntu.com/ubuntu noble/main amd64 gir1.2-freedesktop amd64 1.80.1-1 [49.7 kB]
desktop	Native Tauri prerequisites and approved Rust compiler	2026-10-03T16:05:05.6981742Z Get:7 http://azure.archive.ubuntu.com/ubuntu noble-updates/main amd64 gir1.2-gdkpixbuf-2.0 amd64 2.42.10+dfsg-3ubuntu3.3 [9482 B]
desktop	Native Tauri prerequisites and approved Rust compiler	2026-10-03T16:05:05.7805248Z Get:8 http://azure.archive.ubuntu.com/ubuntu noble/main amd64 libharfbuzz-gobject0 amd64 8.3.0-2build2 [34.3 kB]
desktop	Native Tauri prerequisites and approved Rust compiler	2026-10-03T16:05:05.8644526Z Get:9 http://azure.archive.ubuntu.com/ubuntu noble/main amd64 gir1.2-harfbuzz-0.0 amd64 8.3.0-2build2 [44.5 kB]
desktop	Native Tauri prerequisites and approved Rust compiler	2026-10-03T16:05:05.9495386Z Get:10 http://azure.archive.ubuntu.com/ubuntu noble/main amd64 libpangoxft-1.0-0 amd64 1.52.1+ds-1build1 [20.3 kB]
desktop	Native Tauri prerequisites and approved Rust compiler	2026-10-03T16:05:06.0316488Z Get:11 http://azure.archive.ubuntu.com/ubuntu noble/main amd64 gir1.2-pango-1.0 amd64 1.52.1+ds-1build1 [34.8 kB]
desktop	Native Tauri prerequisites and approved Rust compiler	2026-10-03T16:05:06.1158150Z Get:12 http://azure.archive.ubuntu.com/ubuntu noble-updates/main amd64 gir1.2-gtk-3.0 amd64 3.24.41-4ubuntu1.3 [245 kB]
desktop	Native Tauri prerequisites and approved Rust compiler	2026-10-03T16:05:06.2224730Z Get:13 http://azure.archive.ubuntu.com/ubuntu noble/universe amd64 libappindicator3-1 amd64 12.10.1+20.10.20200706.1-0ubuntu5 [23.3 kB]
desktop	Native Tauri prerequisites and approved Rust compiler	2026-10-03T16:05:06.3099200Z Get:14 http://azure.archive.ubuntu.com/ubuntu noble/universe amd64 gir1.2-appindicator3-0.1 amd64 12.10.1+20.10.20200706.1-0ubuntu5 [3520 B]
desktop	Native Tauri prerequisites and approved Rust compiler	2026-10-03T16:05:06.3916238Z Get:15 http://azure.archive.ubuntu.com/ubuntu noble/main amd64 gir1.2-atspi-2.0 amd64 2.52.0-1build1 [19.8 kB]
desktop	Native Tauri prerequisites and approved Rust compiler	2026-10-03T16:05:06.4738993Z Get:16 http://azure.archive.ubuntu.com/ubuntu noble/main amd64 gir1.2-dbusmenu-glib-0.4 amd64 18.10.20180917~bzr492+repack1-3.1ubuntu5 [7088 B]
desktop	Native Tauri prerequisites and approved Rust compiler	2026-10-03T16:05:06.5563292Z Get:17 http://azure.archive.ubuntu.com/ubuntu noble-updates/main amd64 gir1.2-glib-2.0-dev amd64 2.80.0-6ubuntu3.9 [848 kB]
desktop	Native Tauri prerequisites and approved Rust compiler	2026-10-03T16:05:06.7279853Z Get:18 http://azure.archive.ubuntu.com/ubuntu noble/main amd64 gir1.2-freedesktop-dev amd64 1.80.1-1 [28.8 kB]
desktop	Native Tauri prerequisites and approved Rust compiler	2026-10-03T16:05:06.8100094Z Get:19 http://azure.archive.ubuntu.com/ubuntu noble/main amd64 gir1.2-girepository-2.0-dev amd64 1.80.1-1 [41.5 kB]
desktop	Native Tauri prerequisites and approved Rust compiler	2026-10-03T16:05:06.8922653Z Get:20 http://azure.archive.ubuntu.com/ubuntu noble-updates/main amd64 libjavascriptcoregtk-4.1-0 amd64 2.52.6-0ubuntu0.24.04.1 [8156 kB]
desktop	Native Tauri prerequisites and approved Rust compiler	2026-10-03T16:05:07.2483847Z Get:21 http://azure.archive.ubuntu.com/ubuntu noble-updates/main amd64 gir1.2-javascriptcoregtk-4.1 amd64 2.52.6-0ubuntu0.24.04.1 [38.6 kB]
desktop	Native Tauri prerequisites and approved Rust compiler	2026-10-03T16:05:07.3299333Z Get:22 http://azure.archive.ubuntu.com/ubuntu noble/main amd64 librsvg2-2 amd64 2.58.0+dfsg-1build1 [2135 kB]
desktop	Native Tauri prerequisites and approved Rust compiler	2026-10-03T16:05:07.4437702Z Get:23 http://azure.archive.ubuntu.com/ubuntu noble/main amd64 gir1.2-rsvg-2.0 amd64 2.58.0+dfsg-1build1 [11.1 kB]
desktop	Native Tauri prerequisites and approved Rust compiler	2026-10-03T16:05:07.5250141Z Get:24 http://azure.archive.ubuntu.com/ubuntu noble/main amd64 libproxy1v5 amd64 0.5.4-4build1 [26.5 kB]
desktop	Native Tauri prerequisites and approved Rust compiler	2026-10-03T16:05:07.6065452Z Get:25 http://azure.archive.ubuntu.com/ubuntu noble/main amd64 glib-networking-common all 2.80.0-1build1 [6702 B]
desktop	Native Tauri prerequisites and approved Rust compiler	2026-10-03T16:05:07.6877054Z Get:26 http://azure.archive.ubuntu.com/ubuntu noble/main amd64 glib-networking-services amd64 2.80.0-1build1 [12.8 kB]
desktop	Native Tauri prerequisites and approved Rust compiler	2026-10-03T16:05:07.7688864Z Get:27 http://azure.archive.ubuntu.com/ubuntu noble/main amd64 session-migration amd64 0.3.9build1 [9034 B]
desktop	Native Tauri prerequisites and approved Rust compiler	2026-10-03T16:05:07.8500937Z Get:28 http://azure.archive.ubuntu.com/ubuntu noble-updates/main amd64 gsettings-desktop-schemas all 46.1-0ubuntu1 [35.6 kB]
desktop	Native Tauri prerequisites and approved Rust compiler	2026-10-03T16:05:07.9315676Z Get:29 http://azure.archive.ubuntu.com/ubuntu noble/main amd64 glib-networking amd64 2.80.0-1build1 [64.1 kB]
desktop	Native Tauri prerequisites and approved Rust compiler	2026-10-03T16:05:08.0133861Z Get:30 http://azure.archive.ubuntu.com/ubuntu noble-updates/main amd64 libsoup-3.0-common all 3.4.4-5ubuntu0.8 [11.7 kB]
desktop	Native Tauri prerequisites and approved Rust compiler	2026-10-03T16:05:08.0947769Z Get:31 http://azure.archive.ubuntu.com/ubuntu noble-updates/main amd64 libsoup-3.0-0 amd64 3.4.4-5ubuntu0.8 [290 kB]
desktop	Native Tauri prerequisites and approved Rust compiler	2026-10-03T16:05:08.1781849Z Get:32 http://azure.archive.ubuntu.com/ubuntu noble-updates/main amd64 gir1.2-soup-3.0 amd64 3.4.4-5ubuntu0.8 [22.5 kB]
desktop	Native Tauri prerequisites and approved Rust compiler	2026-10-03T16:05:08.2597599Z Get:33 http://azure.archive.ubuntu.com/ubuntu noble/main amd64 libcdparanoia0 amd64 3.10.2+debian-14build3 [48.5 kB]
desktop	Native Tauri prerequisites and approved Rust compiler	2026-10-03T16:05:08.3418167Z Get:34 http://azure.archive.ubuntu.com/ubuntu noble-updates/main amd64 liborc-0.4-0t64 amd64 1:0.4.38-1ubuntu0.1 [207 kB]
desktop	Native Tauri prerequisites and approved Rust compiler	2026-10-03T16:05:08.4255903Z Get:35 http://azure.archive.ubuntu.com/ubuntu noble-updates/main amd64 libgstreamer-plugins-base1.0-0 amd64 1.24.2-1ubuntu0.5 [862 kB]
desktop	Native Tauri prerequisites and approved Rust compiler	2026-10-03T16:05:08.5146198Z Get:36 http://azure.archive.ubuntu.com/ubuntu noble/main amd64 libopus0 amd64 1.4-1build1 [208 kB]
desktop	Native Tauri prerequisites and approved Rust compiler	2026-10-03T16:05:08.5980744Z Get:37 http://azure.archive.ubuntu.com/ubuntu noble/main amd64 libtheora0 amd64 1.1.1+dfsg.1-16.1build3 [211 kB]
desktop	Native Tauri prerequisites and approved Rust compiler	2026-10-03T16:05:08.6813247Z Get:38 http://azure.archive.ubuntu.com/ubuntu noble/main amd64 libvisual-0.4-0 amd64 0.4.2-2build1 [115 kB]
desktop	Native Tauri prerequisites and approved Rust compiler	2026-10-03T16:05:08.7640473Z Get:39 http://azure.archive.ubuntu.com/ubuntu noble/main amd64 libvorbisenc2 amd64 1.3.7-1build3 [80.8 kB]
desktop	Native Tauri prerequisites and approved Rust compiler	2026-10-03T16:05:08.8464821Z Get:40 http://azure.archive.ubuntu.com/ubuntu noble-updates/main amd64 gstreamer1.0-plugins-base amd64 1.24.2-1ubuntu0.5 [721 kB]
desktop	Native Tauri prerequisites and approved Rust compiler	2026-10-03T16:05:08.9340842Z Get:41 http://azure.archive.ubuntu.com/ubuntu noble/main amd64 libaa1 amd64 1.4p5-51.1 [49.9 kB]
desktop	Native Tauri prerequisites and approved Rust compiler	2026-10-03T16:05:09.0160907Z Get:42 http://azure.archive.ubuntu.com/ubuntu noble/main amd64 libraw1394-11 amd64 2.1.2-2build3 [26.2 kB]
desktop	Native Tauri prerequisites and approved Rust compiler	2026-10-03T16:05:09.0981193Z Get:43 http://azure.archive.ubuntu.com/ubuntu noble/main amd64 libavc1394-0 amd64 0.5.4-5build3 [15.4 kB]
desktop	Native Tauri prerequisites and approved Rust compiler	2026-10-03T16:05:09.1800376Z Get:44 http://azure.archive.ubuntu.com/ubuntu noble-updates/main amd64 libcaca0 amd64 0.99.beta20-4ubuntu0.2 [209 kB]
desktop	Native Tauri prerequisites and approved Rust compiler	2026-10-03T16:05:09.2631961Z Get:45 http://azure.archive.ubuntu.com/ubuntu noble/main amd64 libdv4t64 amd64 1.0.0-17.1build1 [63.2 kB]
desktop	Native Tauri prerequisites and approved Rust compiler	2026-10-03T16:05:09.3456961Z Get:46 http://azure.archive.ubuntu.com/ubuntu noble/main amd64 libflac12t64 amd64 1.4.3+ds-2.1ubuntu2 [197 kB]
desktop	Native Tauri prerequisites and approved Rust compiler	2026-10-03T16:05:09.4286888Z Get:47 http://azure.archive.ubuntu.com/ubuntu noble-updates/main amd64 libgstreamer-plugins-good1.0-0 amd64 1.24.2-1ubuntu1.8 [34.3 kB]
desktop	Native Tauri prerequisites and approved Rust compiler	2026-10-03T16:05:09.5108043Z Get:48 http://azure.archive.ubuntu.com/ubuntu noble/main amd64 libiec61883-0 amd64 1.2.0-6build1 [24.5 kB]
desktop	Native Tauri prerequisites and approved Rust compiler	2026-10-03T16:05:09.5927402Z Get:49 http://azure.archive.ubuntu.com/ubuntu noble/main amd64 libmp3lame0 amd64 3.100-6build1 [142 kB]
desktop	Native Tauri prerequisites and approved Rust compiler	2026-10-03T16:05:09.6755569Z Get:50 http://azure.archive.ubuntu.com/ubuntu noble-updates/main amd64 libmpg123-0t64 amd64 1.32.5-1ubuntu1.1 [169 kB]
desktop	Native Tauri prerequisites and approved Rust compiler	2026-10-03T16:05:09.7583183Z Get:51 http://azure.archive.ubuntu.com/ubuntu noble/main amd64 libasyncns0 amd64 0.8-6build4 [11.3 kB]
desktop	Native Tauri prerequisites and approved Rust compiler	2026-10-03T16:05:09.8406709Z Get:52 http://azure.archive.ubuntu.com/ubuntu noble-updates/main amd64 libsndfile1 amd64 1.2.2-1ubuntu5.24.04.1 [209 kB]
desktop	Native Tauri prerequisites and approved Rust compiler	2026-10-03T16:05:09.9237288Z Get:53 http://azure.archive.ubuntu.com/ubuntu noble-updates/main amd64 libpulse0 amd64 1:16.1+dfsg1-2ubuntu10.1 [292 kB]
desktop	Native Tauri prerequisites and approved Rust compiler	2026-10-03T16:05:10.0208643Z Get:54 http://azure.archive.ubuntu.com/ubuntu noble-updates/main amd64 libspeex1 amd64 1.2.1-2ubuntu2.24.04.1 [59.6 kB]
desktop	Native Tauri prerequisites and approved Rust compiler	2026-10-03T16:05:10.1028596Z Get:55 http://azure.archive.ubuntu.com/ubuntu noble/main amd64 libshout3 amd64 2.4.6-1build2 [50.3 kB]
desktop	Native Tauri prerequisites and approved Rust compiler	2026-10-03T16:05:10.1856408Z Get:56 http://azure.archive.ubuntu.com/ubuntu noble/main amd64 libtag1v5-vanilla amd64 1.13.1-1build1 [326 kB]
desktop	Native Tauri prerequisites and approved Rust compiler	2026-10-03T16:05:10.2748342Z Get:57 http://azure.archive.ubuntu.com/ubuntu noble/main amd64 libtag1v5 amd64 1.13.1-1build1 [11.7 kB]
desktop	Native Tauri prerequisites and approved Rust compiler	2026-10-03T16:05:10.3573419Z Get:58 http://azure.archive.ubuntu.com/ubuntu noble/main amd64 libtwolame0 amd64 0.4.0-2build3 [52.3 kB]
desktop	Native Tauri prerequisites and approved Rust compiler	2026-10-03T16:05:10.4395176Z Get:59 http://azure.archive.ubuntu.com/ubuntu noble/main amd64 libv4lconvert0t64 amd64 1.26.1-4build3 [87.6 kB]
desktop	Native Tauri prerequisites and approved Rust compiler	2026-10-03T16:05:10.5218862Z Get:60 http://azure.archive.ubuntu.com/ubuntu noble/main amd64 libv4l-0t64 amd64 1.26.1-4build3 [46.9 kB]
desktop	Native Tauri prerequisites and approved Rust compiler	2026-10-03T16:05:10.6040864Z Get:61 http://azure.archive.ubuntu.com/ubuntu noble-updates/main amd64 libvpx9 amd64 1.14.0-1ubuntu2.3 [1143 kB]
desktop	Native Tauri prerequisites and approved Rust compiler	2026-10-03T16:05:10.6954975Z Get:62 http://azure.archive.ubuntu.com/ubuntu noble/main amd64 libwavpack1 amd64 5.6.0-1build1 [84.6 kB]
desktop	Native Tauri prerequisites and approved Rust compiler	2026-10-03T16:05:10.7779017Z Get:63 http://azure.archive.ubuntu.com/ubuntu noble-updates/main amd64 gstreamer1.0-plugins-good amd64 1.24.2-1ubuntu1.8 [2236 kB]
desktop	Native Tauri prerequisites and approved Rust compiler	2026-10-03T16:05:10.8793719Z Get:64 http://azure.archive.ubuntu.com/ubuntu noble/main amd64 libgles2 amd64 1.7.0-1build1 [17.1 kB]
desktop	Native Tauri prerequisites and approved Rust compiler	2026-10-03T16:05:10.9613688Z Get:65 http://azure.archive.ubuntu.com/ubuntu noble-updates/main amd64 xdg-dbus-proxy amd64 0.1.5-1ubuntu0.2 [26.4 kB]
desktop	Native Tauri prerequisites and approved Rust compiler	2026-10-03T16:05:11.0434455Z Get:66 http://azure.archive.ubuntu.com/ubuntu noble-updates/main amd64 libgl1-mesa-dri amd64 25.2.8-0ubuntu0.24.04.4 [38.0 kB]
desktop	Native Tauri prerequisites and approved Rust compiler	2026-10-03T16:05:11.1253190Z Get:67 http://azure.archive.ubuntu.com/ubuntu noble-updates/main amd64 libglx-mesa0 amd64 25.2.8-0ubuntu0.24.04.4 [110 kB]
desktop	Native Tauri prerequisites and approved Rust compiler	2026-10-03T16:05:11.2079248Z Get:68 http://azure.archive.ubuntu.com/ubuntu noble-updates/main amd64 libgbm1 amd64 25.2.8-0ubuntu0.24.04.4 [34.2 kB]
desktop	Native Tauri prerequisites and approved Rust compiler	2026-10-03T16:05:11.2900364Z Get:69 http://azure.archive.ubuntu.com/ubuntu noble-updates/main amd64 mesa-libgallium amd64 25.2.8-0ubuntu0.24.04.4 [10.8 MB]
desktop	Native Tauri prerequisites and approved Rust compiler	2026-10-03T16:05:11.6511700Z Get:70 http://azure.archive.ubuntu.com/ubuntu noble-updates/main amd64 libegl-mesa0 amd64 25.2.8-0ubuntu0.24.04.4 [117 kB]
desktop	Native Tauri prerequisites and approved Rust compiler	2026-10-03T16:05:11.7349947Z Get:71 http://azure.archive.ubuntu.com/ubuntu noble/main amd64 libegl1 amd64 1.7.0-1build1 [28.7 kB]
desktop	Native Tauri prerequisites and approved Rust compiler	2026-10-03T16:05:11.8171011Z Get:72 http://azure.archive.ubuntu.com/ubuntu noble-updates/main amd64 libgstreamer-gl1.0-0 amd64 1.24.2-1ubuntu0.5 [214 kB]
desktop	Native Tauri prerequisites and approved Rust compiler	2026-10-03T16:05:11.9087732Z Get:73 http://azure.archive.ubuntu.com/ubuntu noble/main amd64 libharfbuzz-icu0 amd64 8.3.0-2build2 [13.3 kB]
desktop	Native Tauri prerequisites and approved Rust compiler	2026-10-03T16:05:11.9909118Z Get:74 http://azure.archive.ubuntu.com/ubuntu noble/main amd64 libhyphen0 amd64 2.8.8-7build3 [26.5 kB]
desktop	Native Tauri prerequisites and approved Rust compiler	2026-10-03T16:05:12.0734271Z Get:75 http://azure.archive.ubuntu.com/ubuntu noble/main amd64 libmanette-0.2-0 amd64 0.2.7-1build2 [30.6 kB]
desktop	Native Tauri prerequisites and approved Rust compiler	2026-10-03T16:05:12.1553966Z Get:76 http://azure.archive.ubuntu.com/ubuntu noble/main amd64 libsecret-common all 0.21.4-1build3 [4962 B]
desktop	Native Tauri prerequisites and approved Rust compiler	2026-10-03T16:05:12.2372253Z Get:77 http://azure.archive.ubuntu.com/ubuntu noble/main amd64 libsecret-1-0 amd64 0.21.4-1build3 [116 kB]
desktop	Native Tauri prerequisites and approved Rust compiler	2026-10-03T16:05:12.3204823Z Get:78 http://azure.archive.ubuntu.com/ubuntu noble/main amd64 libwayland-server0 amd64 1.22.0-2.1build1 [33.9 kB]
desktop	Native Tauri prerequisites and approved Rust compiler	2026-10-03T16:05:12.4025337Z Get:79 http://azure.archive.ubuntu.com/ubuntu noble-updates/main amd64 libwebkit2gtk-4.1-0 amd64 2.52.6-0ubuntu0.24.04.1 [25.5 MB]
desktop	Native Tauri prerequisites and approved Rust compiler	2026-10-03T16:05:13.1636799Z Get:80 http://azure.archive.ubuntu.com/ubuntu noble-updates/main amd64 gir1.2-webkit2-4.1 amd64 2.52.6-0ubuntu0.24.04.1 [105 kB]
desktop	Native Tauri prerequisites and approved Rust compiler	2026-10-03T16:05:13.2474532Z Get:81 http://azure.archive.ubuntu.com/ubuntu noble-updates/main amd64 python3-mako all 1.3.2-1ubuntu0.1 [63.4 kB]
desktop	Native Tauri prerequisites and approved Rust compiler	2026-10-03T16:05:13.3309386Z Get:82 http://azure.archive.ubuntu.com/ubuntu noble/main amd64 python3-markdown all 3.5.2-1 [72.0 kB]
desktop	Native Tauri prerequisites and approved Rust compiler	2026-10-03T16:05:13.4140642Z Get:83 http://azure.archive.ubuntu.com/ubuntu noble/main amd64 gobject-introspection-bin amd64 1.80.1-1 [254 kB]
desktop	Native Tauri prerequisites and approved Rust compiler	2026-10-03T16:05:13.5015288Z Get:84 http://azure.archive.ubuntu.com/ubuntu noble-updates/main amd64 libglib2.0-dev-bin amd64 2.80.0-6ubuntu3.9 [138 kB]
desktop	Native Tauri prerequisites and approved Rust compiler	2026-10-03T16:05:13.5863510Z Get:85 http://azure.archive.ubuntu.com/ubuntu noble-updates/main amd64 uuid-dev amd64 2.39.3-9ubuntu6.6 [33.5 kB]
desktop	Native Tauri prerequisites and approved Rust compiler	2026-10-03T16:05:13.6686838Z Get:86 http://azure.archive.ubuntu.com/ubuntu noble-updates/main amd64 libblkid-dev amd64 2.39.3-9ubuntu6.6 [205 kB]
desktop	Native Tauri prerequisites and approved Rust compiler	2026-10-03T16:05:13.7549513Z Get:87 http://azure.archive.ubuntu.com/ubuntu noble/main amd64 libsepol-dev amd64 3.5-2build1 [384 kB]
desktop	Native Tauri prerequisites and approved Rust compiler	2026-10-03T16:05:13.8456041Z Get:88 http://azure.archive.ubuntu.com/ubuntu noble-updates/main amd64 libselinux1-dev amd64 3.5-2ubuntu2.1 [164 kB]
desktop	Native Tauri prerequisites and approved Rust compiler	2026-10-03T16:05:13.9307812Z Get:89 http://azure.archive.ubuntu.com/ubuntu noble-updates/main amd64 libmount-dev amd64 2.39.3-9ubuntu6.6 [14.9 kB]
desktop	Native Tauri prerequisites and approved Rust compiler	2026-10-03T16:05:14.0129808Z Get:90 http://azure.archive.ubuntu.com/ubuntu noble-updates/main amd64 libgirepository-2.0-0 amd64 2.80.0-6ubuntu3.9 [73.5 kB]
desktop	Native Tauri prerequisites and approved Rust compiler	2026-10-03T16:05:14.0957581Z Get:91 http://azure.archive.ubuntu.com/ubuntu noble-updates/main amd64 libglib2.0-dev amd64 2.80.0-6ubuntu3.9 [1860 kB]
desktop	Native Tauri prerequisites and approved Rust compiler	2026-10-03T16:05:14.2243803Z Get:92 http://azure.archive.ubuntu.com/ubuntu noble/main amd64 gobject-introspection amd64 1.80.1-1 [105 kB]
desktop	Native Tauri prerequisites and approved Rust compiler	2026-10-03T16:05:14.3088020Z Get:93 http://azure.archive.ubuntu.com/ubuntu noble/main amd64 libgraphene-1.0-0 amd64 1.10.8-3build2 [46.2 kB]
desktop	Native Tauri prerequisites and approved Rust compiler	2026-10-03T16:05:14.3916977Z Get:94 http://azure.archive.ubuntu.com/ubuntu noble-updates/main amd64 gstreamer1.0-gl amd64 1.24.2-1ubuntu0.5 [116 kB]
desktop	Native Tauri prerequisites and approved Rust compiler	2026-10-03T16:05:14.4751623Z Get:95 http://azure.archive.ubuntu.com/ubuntu noble/main amd64 libxv1 amd64 2:1.0.11-1.1build1 [10.7 kB]
desktop	Native Tauri prerequisites and approved Rust compiler	2026-10-03T16:05:14.5573913Z Get:96 http://azure.archive.ubuntu.com/ubuntu noble-updates/main amd64 gstreamer1.0-x amd64 1.24.2-1ubuntu0.5 [85.1 kB]
desktop	Native Tauri prerequisites and approved Rust compiler	2026-10-03T16:05:14.6407519Z Get:97 http://azure.archive.ubuntu.com/ubuntu noble/main amd64 libdbusmenu-glib-dev amd64 18.10.20180917~bzr492+repack1-3.1ubuntu5 [70.6 kB]
desktop	Native Tauri prerequisites and approved Rust compiler	2026-10-03T16:05:14.7231977Z Get:98 http://azure.archive.ubuntu.com/ubuntu noble-updates/main amd64 libdbus-1-dev amd64 1.14.10-4ubuntu4.1 [190 kB]
desktop	Native Tauri prerequisites and approved Rust compiler	2026-10-03T16:05:14.8089889Z Get:99 http://azure.archive.ubuntu.com/ubuntu noble/main amd64 libdbus-glib-1-2 amd64 0.112-3build2 [64.2 kB]
desktop	Native Tauri prerequisites and approved Rust compiler	2026-10-03T16:05:14.8920996Z Get:100 http://azure.archive.ubuntu.com/ubuntu noble/universe amd64 libdbus-glib-1-dev-bin amd64 0.112-3build2 [43.5 kB]
desktop	Native Tauri prerequisites and approved Rust compiler	2026-10-03T16:05:14.9752770Z Get:101 http://azure.archive.ubuntu.com/ubuntu noble/universe amd64 libdbus-glib-1-dev amd64 0.112-3build2 [81.2 kB]
desktop	Native Tauri prerequisites and approved Rust compiler	2026-10-03T16:05:15.0594951Z Get:102 http://azure.archive.ubuntu.com/ubuntu noble/main amd64 libatk1.0-dev amd64 2.52.0-1build1 [100 kB]
desktop	Native Tauri prerequisites and approved Rust compiler	2026-10-03T16:05:15.2674832Z Get:103 http://azure.archive.ubuntu.com/ubuntu noble/main amd64 xorg-sgml-doctools all 1:1.11-1.1 [10.9 kB]
desktop	Native Tauri prerequisites and approved Rust compiler	2026-10-03T16:05:15.3707547Z Get:104 http://azure.archive.ubuntu.com/ubuntu noble/main amd64 x11proto-dev all 2023.2-1 [602 kB]
desktop	Native Tauri prerequisites and approved Rust compiler	2026-10-03T16:05:15.9849568Z Get:105 http://azure.archive.ubuntu.com/ubuntu noble/main amd64 libxau-dev amd64 1:1.0.9-1build6 [9570 B]
desktop	Native Tauri prerequisites and approved Rust compiler	2026-10-03T16:05:16.0876713Z Get:106 http://azure.archive.ubuntu.com/ubuntu noble/main amd64 libxdmcp-dev amd64 1:1.1.3-0ubuntu6 [26.5 kB]
desktop	Native Tauri prerequisites and approved Rust compiler	2026-10-03T16:05:16.1924210Z Get:107 http://azure.archive.ubuntu.com/ubuntu noble/main amd64 xtrans-dev all 1.4.0-1 [68.9 kB]
desktop	Native Tauri prerequisites and approved Rust compiler	2026-10-03T16:05:16.3021063Z Get:108 http://azure.archive.ubuntu.com/ubuntu noble/main amd64 libpthread-stubs0-dev amd64 0.4-1build3 [4746 B]
desktop	Native Tauri prerequisites and approved Rust compiler	2026-10-03T16:05:16.4059035Z Get:109 http://azure.archive.ubuntu.com/ubuntu noble/main amd64 libxcb1-dev amd64 1.15-1ubuntu2 [85.8 kB]
desktop	Native Tauri prerequisites and approved Rust compiler	2026-10-03T16:05:16.5184621Z Get:110 http://azure.archive.ubuntu.com/ubuntu noble/main amd64 libx11-dev amd64 2:1.8.7-1build1 [732 kB]
desktop	Native Tauri prerequisites and approved Rust compiler	2026-10-03T16:05:16.7076145Z Get:111 http://azure.archive.ubuntu.com/ubuntu noble/main amd64 libxext-dev amd64 2:1.3.4-1build2 [83.5 kB]
desktop	Native Tauri prerequisites and approved Rust compiler	2026-10-03T16:05:16.8165434Z Get:112 http://azure.archive.ubuntu.com/ubuntu noble/main amd64 libxfixes-dev amd64 1:6.0.0-2build1 [12.1 kB]
desktop	Native Tauri prerequisites and approved Rust compiler	2026-10-03T16:05:16.9195961Z Get:113 http://azure.archive.ubuntu.com/ubuntu noble/main amd64 libxi-dev amd64 2:1.8.1-1build1 [194 kB]
desktop	Native Tauri prerequisites and approved Rust compiler	2026-10-03T16:05:17.0385032Z Get:114 http://azure.archive.ubuntu.com/ubuntu noble/main amd64 libxtst-dev amd64 2:1.2.3-1.1build1 [15.9 kB]
desktop	Native Tauri prerequisites and approved Rust compiler	2026-10-03T16:05:17.1417783Z Get:115 http://azure.archive.ubuntu.com/ubuntu noble/main amd64 libatspi2.0-dev amd64 2.52.0-1build1 [76.2 kB]
desktop	Native Tauri prerequisites and approved Rust compiler	2026-10-03T16:05:17.2497863Z Get:116 http://azure.archive.ubuntu.com/ubuntu noble/main amd64 libatk-bridge2.0-dev amd64 2.52.0-1build1 [4284 B]
desktop	Native Tauri prerequisites and approved Rust compiler	2026-10-03T16:05:17.3522358Z Get:117 http://azure.archive.ubuntu.com/ubuntu noble/main amd64 libcairo-script-interpreter2 amd64 1.18.0-3build1 [60.3 kB]
desktop	Native Tauri prerequisites and approved Rust compiler	2026-10-03T16:05:17.4599364Z Get:118 http://azure.archive.ubuntu.com/ubuntu noble/main amd64 libbrotli-dev amd64 1.1.0-2build2 [353 kB]
desktop	Native Tauri prerequisites and approved Rust compiler	2026-10-03T16:05:17.5929699Z Get:119 http://azure.archive.ubuntu.com/ubuntu noble-updates/main amd64 libbz2-dev amd64 1.0.8-5.1ubuntu0.1 [33.6 kB]
desktop	Native Tauri prerequisites and approved Rust compiler	2026-10-03T16:05:17.6976362Z Get:120 http://azure.archive.ubuntu.com/ubuntu noble-updates/main amd64 libpng-dev amd64 1.6.43-5ubuntu0.6 [265 kB]
desktop	Native Tauri prerequisites and approved Rust compiler	2026-10-03T16:05:17.8233041Z Get:121 http://azure.archive.ubuntu.com/ubuntu noble-updates/main amd64 libfreetype-dev amd64 2.13.2+dfsg-1ubuntu0.1 [575 kB]
desktop	Native Tauri prerequisites and approved Rust compiler	2026-10-03T16:05:17.9759347Z Get:122 http://azure.archive.ubuntu.com/ubuntu noble/main amd64 libfontconfig-dev amd64 2.15.0-1.1ubuntu2 [161 kB]
desktop	Native Tauri prerequisites and approved Rust compiler	2026-10-03T16:05:18.0918231Z Get:123 http://azure.archive.ubuntu.com/ubuntu noble/main amd64 libpixman-1-dev amd64 0.42.2-1build1 [296 kB]
desktop	Native Tauri prerequisites and approved Rust compiler	2026-10-03T16:05:18.2199000Z Get:124 http://azure.archive.ubuntu.com/ubuntu noble/main amd64 libice-dev amd64 2:1.0.10-1build3 [51.0 kB]
desktop	Native Tauri prerequisites and approved Rust compiler	2026-10-03T16:05:18.3261232Z Get:125 http://azure.archive.ubuntu.com/ubuntu noble/main amd64 libsm-dev amd64 2:1.2.3-1build3 [17.8 kB]
desktop	Native Tauri prerequisites and approved Rust compiler	2026-10-03T16:05:18.4293886Z Get:126 http://azure.archive.ubuntu.com/ubuntu noble/main amd64 libxcb-render0-dev amd64 1.15-1ubuntu2 [19.6 kB]
desktop	Native Tauri prerequisites and approved Rust compiler	2026-10-03T16:05:18.5329668Z Get:127 http://azure.archive.ubuntu.com/ubuntu noble/main amd64 libxcb-shm0-dev amd64 1.15-1ubuntu2 [8246 B]
desktop	Native Tauri prerequisites and approved Rust compiler	2026-10-03T16:05:18.6354931Z Get:128 http://azure.archive.ubuntu.com/ubuntu noble/main amd64 libxrender-dev amd64 1:0.9.10-1.1build1 [26.3 kB]
desktop	Native Tauri prerequisites and approved Rust compiler	2026-10-03T16:05:18.7395319Z Get:129 http://azure.archive.ubuntu.com/ubuntu noble/main amd64 libcairo2-dev amd64 1.18.0-3build1 [41.1 kB]
desktop	Native Tauri prerequisites and approved Rust compiler	2026-10-03T16:05:18.8479845Z Get:130 http://azure.archive.ubuntu.com/ubuntu noble/main amd64 libglx-dev amd64 1.7.0-1build1 [14.2 kB]
desktop	Native Tauri prerequisites and approved Rust compiler	2026-10-03T16:05:18.9512730Z Get:131 http://azure.archive.ubuntu.com/ubuntu noble/main amd64 libgl-dev amd64 1.7.0-1build1 [102 kB]
desktop	Native Tauri prerequisites and approved Rust compiler	2026-10-03T16:05:19.0617647Z Get:132 http://azure.archive.ubuntu.com/ubuntu noble/main amd64 libegl-dev amd64 1.7.0-1build1 [18.2 kB]
desktop	Native Tauri prerequisites and approved Rust compiler	2026-10-03T16:05:19.1654977Z Get:133 http://azure.archive.ubuntu.com/ubuntu noble/main amd64 libglvnd-core-dev amd64 1.7.0-1build1 [13.6 kB]
desktop	Native Tauri prerequisites and approved Rust compiler	2026-10-03T16:05:19.2684891Z Get:134 http://azure.archive.ubuntu.com/ubuntu noble/main amd64 libgles1 amd64 1.7.0-1build1 [11.6 kB]
desktop	Native Tauri prerequisites and approved Rust compiler	2026-10-03T16:05:19.3712048Z Get:135 http://azure.archive.ubuntu.com/ubuntu noble/main amd64 libgles-dev amd64 1.7.0-1build1 [50.5 kB]
desktop	Native Tauri prerequisites and approved Rust compiler	2026-10-03T16:05:19.4774393Z Get:136 http://azure.archive.ubuntu.com/ubuntu noble/main amd64 libopengl0 amd64 1.7.0-1build1 [32.8 kB]
desktop	Native Tauri prerequisites and approved Rust compiler	2026-10-03T16:05:19.5825352Z Get:137 http://azure.archive.ubuntu.com/ubuntu noble/main amd64 libopengl-dev amd64 1.7.0-1build1 [3454 B]
desktop	Native Tauri prerequisites and approved Rust compiler	2026-10-03T16:05:19.6850352Z Get:138 http://azure.archive.ubuntu.com/ubuntu noble/main amd64 libglvnd-dev amd64 1.7.0-1build1 [3198 B]
desktop	Native Tauri prerequisites and approved Rust compiler	2026-10-03T16:05:19.7875098Z Get:139 http://azure.archive.ubuntu.com/ubuntu noble-updates/main amd64 libegl1-mesa-dev amd64 25.2.8-0ubuntu0.24.04.4 [26.8 kB]
desktop	Native Tauri prerequisites and approved Rust compiler	2026-10-03T16:05:19.8925521Z Get:140 http://azure.archive.ubuntu.com/ubuntu noble/main amd64 libepoxy-dev amd64 1.5.10-1build1 [132 kB]
desktop	Native Tauri prerequisites and approved Rust compiler	2026-10-03T16:05:20.0051456Z Get:141 http://azure.archive.ubuntu.com/ubuntu noble/main amd64 libfribidi-dev amd64 1.0.13-3build1 [64.8 kB]
desktop	Native Tauri prerequisites and approved Rust compiler	2026-10-03T16:05:20.1121583Z Get:142 http://azure.archive.ubuntu.com/ubuntu noble-updates/main amd64 libgdk-pixbuf2.0-bin amd64 2.42.10+dfsg-3ubuntu3.3 [13.9 kB]
desktop	Native Tauri prerequisites and approved Rust compiler	2026-10-03T16:05:20.2153949Z Get:143 http://azure.archive.ubuntu.com/ubuntu noble/main amd64 libjpeg-turbo8-dev amd64 2.1.5-2ubuntu2 [295 kB]
desktop	Native Tauri prerequisites and approved Rust compiler	2026-10-03T16:05:20.3434782Z Get:144 http://azure.archive.ubuntu.com/ubuntu noble/main amd64 libjpeg8-dev amd64 8c-2ubuntu11 [1484 B]
desktop	Native Tauri prerequisites and approved Rust compiler	2026-10-03T16:05:20.4460132Z Get:145 http://azure.archive.ubuntu.com/ubuntu noble/main amd64 libjpeg-dev amd64 8c-2ubuntu11 [1482 B]
desktop	Native Tauri prerequisites and approved Rust compiler	2026-10-03T16:05:20.5485703Z Get:146 http://azure.archive.ubuntu.com/ubuntu noble/main amd64 libjbig-dev amd64 2.1-6.1ubuntu2 [27.9 kB]
desktop	Native Tauri prerequisites and approved Rust compiler	2026-10-03T16:05:20.6528998Z Get:147 http://azure.archive.ubuntu.com/ubuntu noble-updates/main amd64 liblzma-dev amd64 5.6.1+really5.4.5-1ubuntu0.3 [176 kB]
desktop	Native Tauri prerequisites and approved Rust compiler	2026-10-03T16:05:20.7704695Z Get:148 http://azure.archive.ubuntu.com/ubuntu noble/main amd64 libwebpdecoder3 amd64 1.3.2-0.4build3 [114 kB]
desktop	Native Tauri prerequisites and approved Rust compiler	2026-10-03T16:05:20.8785999Z Get:149 http://azure.archive.ubuntu.com/ubuntu noble/main amd64 libsharpyuv-dev amd64 1.3.2-0.4build3 [16.0 kB]
desktop	Native Tauri prerequisites and approved Rust compiler	2026-10-03T16:05:20.9775265Z Get:150 http://azure.archive.ubuntu.com/ubuntu noble/main amd64 libwebp-dev amd64 1.3.2-0.4build3 [367 kB]
desktop	Native Tauri prerequisites and approved Rust compiler	2026-10-03T16:05:21.0861831Z Get:151 http://azure.archive.ubuntu.com/ubuntu noble-updates/main amd64 libtiffxx6 amd64 4.5.1+git230720-4ubuntu2.5 [5642 B]
desktop	Native Tauri prerequisites and approved Rust compiler	2026-10-03T16:05:21.1850183Z Get:152 http://azure.archive.ubuntu.com/ubuntu noble-updates/main amd64 libdeflate-dev amd64 1.19-1build1.1 [50.9 kB]
desktop	Native Tauri prerequisites and approved Rust compiler	2026-10-03T16:05:21.2859342Z Get:153 http://azure.archive.ubuntu.com/ubuntu noble/main amd64 liblerc-dev amd64 4.0.0+ds-4ubuntu2 [182 kB]
desktop	Native Tauri prerequisites and approved Rust compiler	2026-10-03T16:05:21.3873966Z Get:154 http://azure.archive.ubuntu.com/ubuntu noble-updates/main amd64 libtiff-dev amd64 4.5.1+git230720-4ubuntu2.5 [338 kB]
desktop	Native Tauri prerequisites and approved Rust compiler	2026-10-03T16:05:21.4972014Z Get:155 http://azure.archive.ubuntu.com/ubuntu noble-updates/main amd64 libgdk-pixbuf-2.0-dev amd64 2.42.10+dfsg-3ubuntu3.3 [47.9 kB]
desktop	Native Tauri prerequisites and approved Rust compiler	2026-10-03T16:05:21.5966084Z Get:156 http://azure.archive.ubuntu.com/ubuntu noble/main amd64 libharfbuzz-subset0 amd64 8.3.0-2build2 [448 kB]
desktop	Native Tauri prerequisites and approved Rust compiler	2026-10-03T16:05:21.7042290Z Get:157 http://azure.archive.ubuntu.com/ubuntu noble/main amd64 libharfbuzz-cairo0 amd64 8.3.0-2build2 [26.2 kB]
desktop	Native Tauri prerequisites and approved Rust compiler	2026-10-03T16:05:21.7999021Z Get:158 http://azure.archive.ubuntu.com/ubuntu noble-updates/main amd64 libgraphite2-dev amd64 1.3.14-2ubuntu0.24.04.1 [14.7 kB]
desktop	Native Tauri prerequisites and approved Rust compiler	2026-10-03T16:05:21.8955052Z Get:159 http://azure.archive.ubuntu.com/ubuntu noble/main amd64 libharfbuzz-dev amd64 8.3.0-2build2 [142 kB]
desktop	Native Tauri prerequisites and approved Rust compiler	2026-10-03T16:05:21.9937852Z Get:160 http://azure.archive.ubuntu.com/ubuntu noble/main amd64 libdatrie-dev amd64 0.2.13-3build1 [19.4 kB]
desktop	Native Tauri prerequisites and approved Rust compiler	2026-10-03T16:05:22.0889123Z Get:161 http://azure.archive.ubuntu.com/ubuntu noble/main amd64 libthai-dev amd64 0.1.29-2build1 [26.6 kB]
desktop	Native Tauri prerequisites and approved Rust compiler	2026-10-03T16:05:22.1841389Z Get:162 http://azure.archive.ubuntu.com/ubuntu noble/main amd64 libxft-dev amd64 2.3.6-1build1 [64.3 kB]
desktop	Native Tauri prerequisites and approved Rust compiler	2026-10-03T16:05:22.2801833Z Get:163 http://azure.archive.ubuntu.com/ubuntu noble/main amd64 pango1.0-tools amd64 1.52.1+ds-1build1 [36.7 kB]
desktop	Native Tauri prerequisites and approved Rust compiler	2026-10-03T16:05:22.3791500Z Get:164 http://azure.archive.ubuntu.com/ubuntu noble/main amd64 libpango1.0-dev amd64 1.52.1+ds-1build1 [147 kB]
desktop	Native Tauri prerequisites and approved Rust compiler	2026-10-03T16:05:22.4773113Z Get:165 http://azure.archive.ubuntu.com/ubuntu noble/main amd64 libwayland-bin amd64 1.22.0-2.1build1 [20.6 kB]
desktop	Native Tauri prerequisites and approved Rust compiler	2026-10-03T16:05:22.5725294Z Get:166 http://azure.archive.ubuntu.com/ubuntu noble/main amd64 libwayland-dev amd64 1.22.0-2.1build1 [71.3 kB]
desktop	Native Tauri prerequisites and approved Rust compiler	2026-10-03T16:05:22.6687094Z Get:167 http://azure.archive.ubuntu.com/ubuntu noble/main amd64 libxcomposite-dev amd64 1:0.4.5-1build3 [9374 B]
desktop	Native Tauri prerequisites and approved Rust compiler	2026-10-03T16:05:22.7638173Z Get:168 http://azure.archive.ubuntu.com/ubuntu noble/main amd64 libxcursor-dev amd64 1:1.2.1-1build1 [31.8 kB]
desktop	Native Tauri prerequisites and approved Rust compiler	2026-10-03T16:05:22.8590577Z Get:169 http://azure.archive.ubuntu.com/ubuntu noble/main amd64 libxdamage-dev amd64 1:1.1.6-1build1 [5270 B]
desktop	Native Tauri prerequisites and approved Rust compiler	2026-10-03T16:05:22.9540570Z Get:170 http://azure.archive.ubuntu.com/ubuntu noble/main amd64 libxinerama-dev amd64 2:1.1.4-3build1 [7988 B]
desktop	Native Tauri prerequisites and approved Rust compiler	2026-10-03T16:05:23.0505245Z Get:171 http://azure.archive.ubuntu.com/ubuntu noble/main amd64 libxkbcommon-dev amd64 1.6.0-1build1 [56.3 kB]
desktop	Native Tauri prerequisites and approved Rust compiler	2026-10-03T16:05:23.1465337Z Get:172 http://azure.archive.ubuntu.com/ubuntu noble/main amd64 libxrandr-dev amd64 2:1.5.2-2build1 [26.4 kB]
desktop	Native Tauri prerequisites and approved Rust compiler	2026-10-03T16:05:23.2416822Z Get:173 http://azure.archive.ubuntu.com/ubuntu noble-updates/main amd64 wayland-protocols all 1.45-1~ubuntu0.24.04.2 [114 kB]
desktop	Native Tauri prerequisites and approved Rust compiler	2026-10-03T16:05:23.3393635Z Get:174 http://azure.archive.ubuntu.com/ubuntu noble-updates/main amd64 libgtk-3-dev amd64 3.24.41-4ubuntu1.3 [1096 kB]
desktop	Native Tauri prerequisites and approved Rust compiler	2026-10-03T16:05:23.4665038Z Get:175 http://azure.archive.ubuntu.com/ubuntu noble/universe amd64 libappindicator3-dev amd64 12.10.1+20.10.20200706.1-0ubuntu5 [12.1 kB]
desktop	Native Tauri prerequisites and approved Rust compiler	2026-10-03T16:05:23.5617179Z Get:176 http://azure.archive.ubuntu.com/ubuntu noble/main amd64 libgirepository-1.0-dev amd64 1.80.1-1 [28.5 kB]
desktop	Native Tauri prerequisites and approved Rust compiler	2026-10-03T16:05:23.6575410Z Get:177 http://azure.archive.ubuntu.com/ubuntu noble/main amd64 libgirepository1.0-dev amd64 1.80.1-1 [17.0 kB]
desktop	Native Tauri prerequisites and approved Rust compiler	2026-10-03T16:05:23.7526097Z Get:178 http://azure.archive.ubuntu.com/ubuntu noble-updates/universe amd64 libjavascriptcoregtk-4.1-dev amd64 2.52.6-0ubuntu0.24.04.1 [69.8 kB]
desktop	Native Tauri prerequisites and approved Rust compiler	2026-10-03T16:05:23.8481472Z Get:179 http://azure.archive.ubuntu.com/ubuntu noble-updates/main amd64 libnghttp2-dev amd64 1.59.0-1ubuntu0.4 [117 kB]
desktop	Native Tauri prerequisites and approved Rust compiler	2026-10-03T16:05:23.9454561Z Get:180 http://azure.archive.ubuntu.com/ubuntu noble/main amd64 libwebrtc-audio-processing1 amd64 0.3.1-0ubuntu6 [290 kB]
desktop	Native Tauri prerequisites and approved Rust compiler	2026-10-03T16:05:24.0475558Z Get:181 http://azure.archive.ubuntu.com/ubuntu noble-updates/main amd64 libspa-0.2-modules amd64 1.0.5-1ubuntu3.3 [628 kB]
desktop	Native Tauri prerequisites and approved Rust compiler	2026-10-03T16:05:24.1602048Z Get:182 http://azure.archive.ubuntu.com/ubuntu noble-updates/main amd64 libpipewire-0.3-0t64 amd64 1.0.5-1ubuntu3.3 [252 kB]
desktop	Native Tauri prerequisites and approved Rust compiler	2026-10-03T16:05:24.2614146Z Get:183 http://azure.archive.ubuntu.com/ubuntu noble-updates/main amd64 libpipewire-0.3-common all 1.0.5-1ubuntu3.3 [19.5 kB]
desktop	Native Tauri prerequisites and approved Rust compiler	2026-10-03T16:05:24.3567298Z Get:184 http://azure.archive.ubuntu.com/ubuntu noble-updates/main amd64 libpng-tools amd64 1.6.43-5ubuntu0.6 [28.5 kB]
desktop	Native Tauri prerequisites and approved Rust compiler	2026-10-03T16:05:24.4519460Z Get:185 http://azure.archive.ubuntu.com/ubuntu noble/main amd64 libpsl-dev amd64 0.21.2-1.1build1 [76.4 kB]
desktop	Native Tauri prerequisites and approved Rust compiler	2026-10-03T16:05:24.5481584Z Get:186 http://azure.archive.ubuntu.com/ubuntu noble/main amd64 librsvg2-common amd64 2.58.0+dfsg-1build1 [11.8 kB]
desktop	Native Tauri prerequisites and approved Rust compiler	2026-10-03T16:05:24.6431466Z Get:187 http://azure.archive.ubuntu.com/ubuntu noble/universe amd64 librsvg2-dev amd64 2.58.0+dfsg-1build1 [38.0 kB]
desktop	Native Tauri prerequisites and approved Rust compiler	2026-10-03T16:05:24.7382839Z Get:188 http://azure.archive.ubuntu.com/ubuntu noble/universe amd64 libsysprof-capture-4-dev amd64 46.0-1build1 [51.0 kB]
desktop	Native Tauri prerequisites and approved Rust compiler	2026-10-03T16:05:24.8341210Z Get:189 http://azure.archive.ubuntu.com/ubuntu noble-updates/universe amd64 libsoup-3.0-dev amd64 3.4.4-5ubuntu0.8 [105 kB]
desktop	Native Tauri prerequisites and approved Rust compiler	2026-10-03T16:05:24.9316257Z Get:190 http://azure.archive.ubuntu.com/ubuntu noble-updates/universe amd64 libwebkit2gtk-4.1-dev amd64 2.52.6-0ubuntu0.24.04.1 [290 kB]
desktop	Native Tauri prerequisites and approved Rust compiler	2026-10-03T16:05:25.0432200Z Get:191 http://azure.archive.ubuntu.com/ubuntu noble-updates/main amd64 xdg-desktop-portal amd64 1.18.4-1ubuntu2.24.04.3 [307 kB]
desktop	Native Tauri prerequisites and approved Rust compiler	2026-10-03T16:05:25.1562950Z Get:192 http://azure.archive.ubuntu.com/ubuntu noble/main amd64 xdg-desktop-portal-gtk amd64 1.15.1-1build2 [80.3 kB]
desktop	Native Tauri prerequisites and approved Rust compiler	2026-10-03T16:05:25.5617751Z Fetched 72.9 MB in 20s (3636 kB/s)
desktop	Native Tauri prerequisites and approved Rust compiler	2026-10-03T16:05:25.5863804Z Selecting previously unselected package bubblewrap.
desktop	Native Tauri prerequisites and approved Rust compiler	2026-10-03T16:05:25.6151340Z (Reading database ... 
desktop	Native Tauri prerequisites and approved Rust compiler	2026-10-03T16:05:25.6151673Z (Reading database ... 5%
desktop	Native Tauri prerequisites and approved Rust compiler	2026-10-03T16:05:25.6151950Z (Reading database ... 10%
desktop	Native Tauri prerequisites and approved Rust compiler	2026-10-03T16:05:25.6152215Z (Reading database ... 15%
desktop	Native Tauri prerequisites and approved Rust compiler	2026-10-03T16:05:25.6152487Z (Reading database ... 20%
desktop	Native Tauri prerequisites and approved Rust compiler	2026-10-03T16:05:25.6152731Z (Reading database ... 25%
desktop	Native Tauri prerequisites and approved Rust compiler	2026-10-03T16:05:25.6153516Z (Reading database ... 30%
desktop	Native Tauri prerequisites and approved Rust compiler	2026-10-03T16:05:25.6154230Z (Reading database ... 35%
desktop	Native Tauri prerequisites and approved Rust compiler	2026-10-03T16:05:25.6154696Z (Reading database ... 40%
desktop	Native Tauri prerequisites and approved Rust compiler	2026-10-03T16:05:25.6155095Z (Reading database ... 45%
desktop	Native Tauri prerequisites and approved Rust compiler	2026-10-03T16:05:25.6155368Z (Reading database ... 50%
desktop	Native Tauri prerequisites and approved Rust compiler	2026-10-03T16:05:25.6201455Z (Reading database ... 55%
desktop	Native Tauri prerequisites and approved Rust compiler	2026-10-03T16:05:25.7553053Z (Reading database ... 60%
desktop	Native Tauri prerequisites and approved Rust compiler	2026-10-03T16:05:25.9610540Z (Reading database ... 65%
desktop	Native Tauri prerequisites and approved Rust compiler	2026-10-03T16:05:26.1533207Z (Reading database ... 70%
desktop	Native Tauri prerequisites and approved Rust compiler	2026-10-03T16:05:26.3547788Z (Reading database ... 75%
desktop	Native Tauri prerequisites and approved Rust compiler	2026-10-03T16:05:26.5019162Z (Reading database ... 80%
desktop	Native Tauri prerequisites and approved Rust compiler	2026-10-03T16:05:26.7113876Z (Reading database ... 85%
desktop	Native Tauri prerequisites and approved Rust compiler	2026-10-03T16:05:26.9536080Z (Reading database ... 90%
desktop	Native Tauri prerequisites and approved Rust compiler	2026-10-03T16:05:27.1083096Z (Reading database ... 95%
desktop	Native Tauri prerequisites and approved Rust compiler	2026-10-03T16:05:27.1083607Z (Reading database ... 100%
desktop	Native Tauri prerequisites and approved Rust compiler	2026-10-03T16:05:27.1084522Z (Reading database ... 202296 files and directories currently installed.)
desktop	Native Tauri prerequisites and approved Rust compiler	2026-10-03T16:05:27.1126688Z Preparing to unpack .../000-bubblewrap_0.9.0-1ubuntu0.3_amd64.deb ...
desktop	Native Tauri prerequisites and approved Rust compiler	2026-10-03T16:05:27.1152634Z Unpacking bubblewrap (0.9.0-1ubuntu0.3) ...
desktop	Native Tauri prerequisites and approved Rust compiler	2026-10-03T16:05:27.1428488Z Selecting previously unselected package build-essential.
desktop	Native Tauri prerequisites and approved Rust compiler	2026-10-03T16:05:27.1552343Z Preparing to unpack .../001-build-essential_12.10ubuntu1_amd64.deb ...
desktop	Native Tauri prerequisites and approved Rust compiler	2026-10-03T16:05:27.1560537Z Unpacking build-essential (12.10ubuntu1) ...
desktop	Native Tauri prerequisites and approved Rust compiler	2026-10-03T16:05:27.1761590Z Selecting previously unselected package bzip2-doc.
desktop	Native Tauri prerequisites and approved Rust compiler	2026-10-03T16:05:27.1884203Z Preparing to unpack .../002-bzip2-doc_1.0.8-5.1ubuntu0.1_all.deb ...
desktop	Native Tauri prerequisites and approved Rust compiler	2026-10-03T16:05:27.1896366Z Unpacking bzip2-doc (1.0.8-5.1ubuntu0.1) ...
desktop	Native Tauri prerequisites and approved Rust compiler	2026-10-03T16:05:27.2151094Z Selecting previously unselected package gir1.2-atk-1.0:amd64.
desktop	Native Tauri prerequisites and approved Rust compiler	2026-10-03T16:05:27.2274871Z Preparing to unpack .../003-gir1.2-atk-1.0_2.52.0-1build1_amd64.deb ...
desktop	Native Tauri prerequisites and approved Rust compiler	2026-10-03T16:05:27.2289547Z Unpacking gir1.2-atk-1.0:amd64 (2.52.0-1build1) ...
desktop	Native Tauri prerequisites and approved Rust compiler	2026-10-03T16:05:27.2486161Z Selecting previously unselected package gir1.2-freedesktop:amd64.
desktop	Native Tauri prerequisites and approved Rust compiler	2026-10-03T16:05:27.2609077Z Preparing to unpack .../004-gir1.2-freedesktop_1.80.1-1_amd64.deb ...
desktop	Native Tauri prerequisites and approved Rust compiler	2026-10-03T16:05:27.2617373Z Unpacking gir1.2-freedesktop:amd64 (1.80.1-1) ...
desktop	Native Tauri prerequisites and approved Rust compiler	2026-10-03T16:05:27.2826018Z Selecting previously unselected package gir1.2-gdkpixbuf-2.0:amd64.
desktop	Native Tauri prerequisites and approved Rust compiler	2026-10-03T16:05:27.2949232Z Preparing to unpack .../005-gir1.2-gdkpixbuf-2.0_2.42.10+dfsg-3ubuntu3.3_amd64.deb ...
desktop	Native Tauri prerequisites and approved Rust compiler	2026-10-03T16:05:27.2959500Z Unpacking gir1.2-gdkpixbuf-2.0:amd64 (2.42.10+dfsg-3ubuntu3.3) ...
desktop	Native Tauri prerequisites and approved Rust compiler	2026-10-03T16:05:27.3190810Z Selecting previously unselected package libharfbuzz-gobject0:amd64.
desktop	Native Tauri prerequisites and approved Rust compiler	2026-10-03T16:05:27.3312037Z Preparing to unpack .../006-libharfbuzz-gobject0_8.3.0-2build2_amd64.deb ...
desktop	Native Tauri prerequisites and approved Rust compiler	2026-10-03T16:05:27.3340991Z Unpacking libharfbuzz-gobject0:amd64 (8.3.0-2build2) ...
desktop	Native Tauri prerequisites and approved Rust compiler	2026-10-03T16:05:27.3537839Z Selecting previously unselected package gir1.2-harfbuzz-0.0:amd64.
desktop	Native Tauri prerequisites and approved Rust compiler	2026-10-03T16:05:27.3658344Z Preparing to unpack .../007-gir1.2-harfbuzz-0.0_8.3.0-2build2_amd64.deb ...
desktop	Native Tauri prerequisites and approved Rust compiler	2026-10-03T16:05:27.3676379Z Unpacking gir1.2-harfbuzz-0.0:amd64 (8.3.0-2build2) ...
desktop	Native Tauri prerequisites and approved Rust compiler	2026-10-03T16:05:27.3904560Z Selecting previously unselected package libpangoxft-1.0-0:amd64.
desktop	Native Tauri prerequisites and approved Rust compiler	2026-10-03T16:05:27.4024639Z Preparing to unpack .../008-libpangoxft-1.0-0_1.52.1+ds-1build1_amd64.deb ...
desktop	Native Tauri prerequisites and approved Rust compiler	2026-10-03T16:05:27.4037813Z Unpacking libpangoxft-1.0-0:amd64 (1.52.1+ds-1build1) ...
desktop	Native Tauri prerequisites and approved Rust compiler	2026-10-03T16:05:27.4297859Z Selecting previously unselected package gir1.2-pango-1.0:amd64.
desktop	Native Tauri prerequisites and approved Rust compiler	2026-10-03T16:05:27.4416716Z Preparing to unpack .../009-gir1.2-pango-1.0_1.52.1+ds-1build1_amd64.deb ...
desktop	Native Tauri prerequisites and approved Rust compiler	2026-10-03T16:05:27.4432349Z Unpacking gir1.2-pango-1.0:amd64 (1.52.1+ds-1build1) ...
desktop	Native Tauri prerequisites and approved Rust compiler	2026-10-03T16:05:27.4629636Z Selecting previously unselected package gir1.2-gtk-3.0:amd64.
desktop	Native Tauri prerequisites and approved Rust compiler	2026-10-03T16:05:27.4748820Z Preparing to unpack .../010-gir1.2-gtk-3.0_3.24.41-4ubuntu1.3_amd64.deb ...
desktop	Native Tauri prerequisites and approved Rust compiler	2026-10-03T16:05:27.4760818Z Unpacking gir1.2-gtk-3.0:amd64 (3.24.41-4ubuntu1.3) ...
desktop	Native Tauri prerequisites and approved Rust compiler	2026-10-03T16:05:27.5001335Z Selecting previously unselected package libappindicator3-1.
desktop	Native Tauri prerequisites and approved Rust compiler	2026-10-03T16:05:27.5121582Z Preparing to unpack .../011-libappindicator3-1_12.10.1+20.10.20200706.1-0ubuntu5_amd64.deb ...
desktop	Native Tauri prerequisites and approved Rust compiler	2026-10-03T16:05:27.5132990Z Unpacking libappindicator3-1 (12.10.1+20.10.20200706.1-0ubuntu5) ...
desktop	Native Tauri prerequisites and approved Rust compiler	2026-10-03T16:05:27.5390173Z Selecting previously unselected package gir1.2-appindicator3-0.1.
desktop	Native Tauri prerequisites and approved Rust compiler	2026-10-03T16:05:27.5509381Z Preparing to unpack .../012-gir1.2-appindicator3-0.1_12.10.1+20.10.20200706.1-0ubuntu5_amd64.deb ...
desktop	Native Tauri prerequisites and approved Rust compiler	2026-10-03T16:05:27.5520776Z Unpacking gir1.2-appindicator3-0.1 (12.10.1+20.10.20200706.1-0ubuntu5) ...
desktop	Native Tauri prerequisites and approved Rust compiler	2026-10-03T16:05:27.5712089Z Selecting previously unselected package gir1.2-atspi-2.0:amd64.
desktop	Native Tauri prerequisites and approved Rust compiler	2026-10-03T16:05:27.5831453Z Preparing to unpack .../013-gir1.2-atspi-2.0_2.52.0-1build1_amd64.deb ...
desktop	Native Tauri prerequisites and approved Rust compiler	2026-10-03T16:05:27.5840190Z Unpacking gir1.2-atspi-2.0:amd64 (2.52.0-1build1) ...
desktop	Native Tauri prerequisites and approved Rust compiler	2026-10-03T16:05:27.6030331Z Selecting previously unselected package gir1.2-dbusmenu-glib-0.4:amd64.
desktop	Native Tauri prerequisites and approved Rust compiler	2026-10-03T16:05:27.6150330Z Preparing to unpack .../014-gir1.2-dbusmenu-glib-0.4_18.10.20180917~bzr492+repack1-3.1ubuntu5_amd64.deb ...
desktop	Native Tauri prerequisites and approved Rust compiler	2026-10-03T16:05:27.6157819Z Unpacking gir1.2-dbusmenu-glib-0.4:amd64 (18.10.20180917~bzr492+repack1-3.1ubuntu5) ...
desktop	Native Tauri prerequisites and approved Rust compiler	2026-10-03T16:05:27.6346021Z Selecting previously unselected package gir1.2-glib-2.0-dev:amd64.
desktop	Native Tauri prerequisites and approved Rust compiler	2026-10-03T16:05:27.6465526Z Preparing to unpack .../015-gir1.2-glib-2.0-dev_2.80.0-6ubuntu3.9_amd64.deb ...
desktop	Native Tauri prerequisites and approved Rust compiler	2026-10-03T16:05:27.6479289Z Unpacking gir1.2-glib-2.0-dev:amd64 (2.80.0-6ubuntu3.9) ...
desktop	Native Tauri prerequisites and approved Rust compiler	2026-10-03T16:05:27.7003224Z Selecting previously unselected package gir1.2-freedesktop-dev:amd64.
desktop	Native Tauri prerequisites and approved Rust compiler	2026-10-03T16:05:27.7128342Z Preparing to unpack .../016-gir1.2-freedesktop-dev_1.80.1-1_amd64.deb ...
desktop	Native Tauri prerequisites and approved Rust compiler	2026-10-03T16:05:27.7138194Z Unpacking gir1.2-freedesktop-dev:amd64 (1.80.1-1) ...
desktop	Native Tauri prerequisites and approved Rust compiler	2026-10-03T16:05:27.7350534Z Selecting previously unselected package gir1.2-girepository-2.0-dev:amd64.
desktop	Native Tauri prerequisites and approved Rust compiler	2026-10-03T16:05:27.7477316Z Preparing to unpack .../017-gir1.2-girepository-2.0-dev_1.80.1-1_amd64.deb ...
desktop	Native Tauri prerequisites and approved Rust compiler	2026-10-03T16:05:27.7486633Z Unpacking gir1.2-girepository-2.0-dev:amd64 (1.80.1-1) ...
desktop	Native Tauri prerequisites and approved Rust compiler	2026-10-03T16:05:27.7696072Z Selecting previously unselected package libjavascriptcoregtk-4.1-0:amd64.
desktop	Native Tauri prerequisites and approved Rust compiler	2026-10-03T16:05:27.7819138Z Preparing to unpack .../018-libjavascriptcoregtk-4.1-0_2.52.6-0ubuntu0.24.04.1_amd64.deb ...
desktop	Native Tauri prerequisites and approved Rust compiler	2026-10-03T16:05:27.7827301Z Unpacking libjavascriptcoregtk-4.1-0:amd64 (2.52.6-0ubuntu0.24.04.1) ...
desktop	Native Tauri prerequisites and approved Rust compiler	2026-10-03T16:05:27.9013801Z Selecting previously unselected package gir1.2-javascriptcoregtk-4.1:amd64.
desktop	Native Tauri prerequisites and approved Rust compiler	2026-10-03T16:05:27.9139749Z Preparing to unpack .../019-gir1.2-javascriptcoregtk-4.1_2.52.6-0ubuntu0.24.04.1_amd64.deb ...
desktop	Native Tauri prerequisites and approved Rust compiler	2026-10-03T16:05:27.9148869Z Unpacking gir1.2-javascriptcoregtk-4.1:amd64 (2.52.6-0ubuntu0.24.04.1) ...
desktop	Native Tauri prerequisites and approved Rust compiler	2026-10-03T16:05:27.9363111Z Selecting previously unselected package librsvg2-2:amd64.
desktop	Native Tauri prerequisites and approved Rust compiler	2026-10-03T16:05:27.9487952Z Preparing to unpack .../020-librsvg2-2_2.58.0+dfsg-1build1_amd64.deb ...
desktop	Native Tauri prerequisites and approved Rust compiler	2026-10-03T16:05:27.9496645Z Unpacking librsvg2-2:amd64 (2.58.0+dfsg-1build1) ...
desktop	Native Tauri prerequisites and approved Rust compiler	2026-10-03T16:05:27.9924363Z Selecting previously unselected package gir1.2-rsvg-2.0:amd64.
desktop	Native Tauri prerequisites and approved Rust compiler	2026-10-03T16:05:28.0048167Z Preparing to unpack .../021-gir1.2-rsvg-2.0_2.58.0+dfsg-1build1_amd64.deb ...
desktop	Native Tauri prerequisites and approved Rust compiler	2026-10-03T16:05:28.0056198Z Unpacking gir1.2-rsvg-2.0:amd64 (2.58.0+dfsg-1build1) ...
desktop	Native Tauri prerequisites and approved Rust compiler	2026-10-03T16:05:28.0245989Z Selecting previously unselected package libproxy1v5:amd64.
desktop	Native Tauri prerequisites and approved Rust compiler	2026-10-03T16:05:28.0368901Z Preparing to unpack .../022-libproxy1v5_0.5.4-4build1_amd64.deb ...
desktop	Native Tauri prerequisites and approved Rust compiler	2026-10-03T16:05:28.0384402Z Unpacking libproxy1v5:amd64 (0.5.4-4build1) ...
desktop	Native Tauri prerequisites and approved Rust compiler	2026-10-03T16:05:28.0577137Z Selecting previously unselected package glib-networking-common.
desktop	Native Tauri prerequisites and approved Rust compiler	2026-10-03T16:05:28.0699049Z Preparing to unpack .../023-glib-networking-common_2.80.0-1build1_all.deb ...
desktop	Native Tauri prerequisites and approved Rust compiler	2026-10-03T16:05:28.0708677Z Unpacking glib-networking-common (2.80.0-1build1) ...
desktop	Native Tauri prerequisites and approved Rust compiler	2026-10-03T16:05:28.0903549Z Selecting previously unselected package glib-networking-services.
desktop	Native Tauri prerequisites and approved Rust compiler	2026-10-03T16:05:28.1025473Z Preparing to unpack .../024-glib-networking-services_2.80.0-1build1_amd64.deb ...
desktop	Native Tauri prerequisites and approved Rust compiler	2026-10-03T16:05:28.1034820Z Unpacking glib-networking-services (2.80.0-1build1) ...
desktop	Native Tauri prerequisites and approved Rust compiler	2026-10-03T16:05:28.1238507Z Selecting previously unselected package session-migration.
desktop	Native Tauri prerequisites and approved Rust compiler	2026-10-03T16:05:28.1357934Z Preparing to unpack .../025-session-migration_0.3.9build1_amd64.deb ...
desktop	Native Tauri prerequisites and approved Rust compiler	2026-10-03T16:05:28.1369331Z Unpacking session-migration (0.3.9build1) ...
desktop	Native Tauri prerequisites and approved Rust compiler	2026-10-03T16:05:28.1577856Z Selecting previously unselected package gsettings-desktop-schemas.
desktop	Native Tauri prerequisites and approved Rust compiler	2026-10-03T16:05:28.1695652Z Preparing to unpack .../026-gsettings-desktop-schemas_46.1-0ubuntu1_all.deb ...
desktop	Native Tauri prerequisites and approved Rust compiler	2026-10-03T16:05:28.1703926Z Unpacking gsettings-desktop-schemas (46.1-0ubuntu1) ...
desktop	Native Tauri prerequisites and approved Rust compiler	2026-10-03T16:05:28.2140383Z Selecting previously unselected package glib-networking:amd64.
desktop	Native Tauri prerequisites and approved Rust compiler	2026-10-03T16:05:28.2258799Z Preparing to unpack .../027-glib-networking_2.80.0-1build1_amd64.deb ...
desktop	Native Tauri prerequisites and approved Rust compiler	2026-10-03T16:05:28.2266693Z Unpacking glib-networking:amd64 (2.80.0-1build1) ...
desktop	Native Tauri prerequisites and approved Rust compiler	2026-10-03T16:05:28.2480535Z Selecting previously unselected package libsoup-3.0-common.
desktop	Native Tauri prerequisites and approved Rust compiler	2026-10-03T16:05:28.2600349Z Preparing to unpack .../028-libsoup-3.0-common_3.4.4-5ubuntu0.8_all.deb ...
desktop	Native Tauri prerequisites and approved Rust compiler	2026-10-03T16:05:28.2612244Z Unpacking libsoup-3.0-common (3.4.4-5ubuntu0.8) ...
desktop	Native Tauri prerequisites and approved Rust compiler	2026-10-03T16:05:28.2815555Z Selecting previously unselected package libsoup-3.0-0:amd64.
desktop	Native Tauri prerequisites and approved Rust compiler	2026-10-03T16:05:28.2935934Z Preparing to unpack .../029-libsoup-3.0-0_3.4.4-5ubuntu0.8_amd64.deb ...
desktop	Native Tauri prerequisites and approved Rust compiler	2026-10-03T16:05:28.2946802Z Unpacking libsoup-3.0-0:amd64 (3.4.4-5ubuntu0.8) ...
desktop	Native Tauri prerequisites and approved Rust compiler	2026-10-03T16:05:28.3192833Z Selecting previously unselected package gir1.2-soup-3.0:amd64.
desktop	Native Tauri prerequisites and approved Rust compiler	2026-10-03T16:05:28.3312323Z Preparing to unpack .../030-gir1.2-soup-3.0_3.4.4-5ubuntu0.8_amd64.deb ...
desktop	Native Tauri prerequisites and approved Rust compiler	2026-10-03T16:05:28.3320617Z Unpacking gir1.2-soup-3.0:amd64 (3.4.4-5ubuntu0.8) ...
desktop	Native Tauri prerequisites and approved Rust compiler	2026-10-03T16:05:28.3523761Z Selecting previously unselected package libcdparanoia0:amd64.
desktop	Native Tauri prerequisites and approved Rust compiler	2026-10-03T16:05:28.3642429Z Preparing to unpack .../031-libcdparanoia0_3.10.2+debian-14build3_amd64.deb ...
desktop	Native Tauri prerequisites and approved Rust compiler	2026-10-03T16:05:28.3660096Z Unpacking libcdparanoia0:amd64 (3.10.2+debian-14build3) ...
desktop	Native Tauri prerequisites and approved Rust compiler	2026-10-03T16:05:28.3877362Z Selecting previously unselected package liborc-0.4-0t64:amd64.
desktop	Native Tauri prerequisites and approved Rust compiler	2026-10-03T16:05:28.3995299Z Preparing to unpack .../032-liborc-0.4-0t64_1%3a0.4.38-1ubuntu0.1_amd64.deb ...
desktop	Native Tauri prerequisites and approved Rust compiler	2026-10-03T16:05:28.4004279Z Unpacking liborc-0.4-0t64:amd64 (1:0.4.38-1ubuntu0.1) ...
desktop	Native Tauri prerequisites and approved Rust compiler	2026-10-03T16:05:28.4261551Z Selecting previously unselected package libgstreamer-plugins-base1.0-0:amd64.
desktop	Native Tauri prerequisites and approved Rust compiler	2026-10-03T16:05:28.4381448Z Preparing to unpack .../033-libgstreamer-plugins-base1.0-0_1.24.2-1ubuntu0.5_amd64.deb ...
desktop	Native Tauri prerequisites and approved Rust compiler	2026-10-03T16:05:28.4392105Z Unpacking libgstreamer-plugins-base1.0-0:amd64 (1.24.2-1ubuntu0.5) ...
desktop	Native Tauri prerequisites and approved Rust compiler	2026-10-03T16:05:28.4716961Z Selecting previously unselected package libopus0:amd64.
desktop	Native Tauri prerequisites and approved Rust compiler	2026-10-03T16:05:28.4837025Z Preparing to unpack .../034-libopus0_1.4-1build1_amd64.deb ...
desktop	Native Tauri prerequisites and approved Rust compiler	2026-10-03T16:05:28.4846473Z Unpacking libopus0:amd64 (1.4-1build1) ...
desktop	Native Tauri prerequisites and approved Rust compiler	2026-10-03T16:05:28.5078553Z Selecting previously unselected package libtheora0:amd64.
desktop	Native Tauri prerequisites and approved Rust compiler	2026-10-03T16:05:28.5198893Z Preparing to unpack .../035-libtheora0_1.1.1+dfsg.1-16.1build3_amd64.deb ...
desktop	Native Tauri prerequisites and approved Rust compiler	2026-10-03T16:05:28.5205733Z Unpacking libtheora0:amd64 (1.1.1+dfsg.1-16.1build3) ...
desktop	Native Tauri prerequisites and approved Rust compiler	2026-10-03T16:05:28.5503830Z Selecting previously unselected package libvisual-0.4-0:amd64.
desktop	Native Tauri prerequisites and approved Rust compiler	2026-10-03T16:05:28.5623148Z Preparing to unpack .../036-libvisual-0.4-0_0.4.2-2build1_amd64.deb ...
desktop	Native Tauri prerequisites and approved Rust compiler	2026-10-03T16:05:28.5634351Z Unpacking libvisual-0.4-0:amd64 (0.4.2-2build1) ...
desktop	Native Tauri prerequisites and approved Rust compiler	2026-10-03T16:05:28.5863981Z Selecting previously unselected package libvorbisenc2:amd64.
desktop	Native Tauri prerequisites and approved Rust compiler	2026-10-03T16:05:28.5982198Z Preparing to unpack .../037-libvorbisenc2_1.3.7-1build3_amd64.deb ...
desktop	Native Tauri prerequisites and approved Rust compiler	2026-10-03T16:05:28.5989667Z Unpacking libvorbisenc2:amd64 (1.3.7-1build3) ...
desktop	Native Tauri prerequisites and approved Rust compiler	2026-10-03T16:05:28.6193393Z Selecting previously unselected package gstreamer1.0-plugins-base:amd64.
desktop	Native Tauri prerequisites and approved Rust compiler	2026-10-03T16:05:28.6312510Z Preparing to unpack .../038-gstreamer1.0-plugins-base_1.24.2-1ubuntu0.5_amd64.deb ...
desktop	Native Tauri prerequisites and approved Rust compiler	2026-10-03T16:05:28.6319017Z Unpacking gstreamer1.0-plugins-base:amd64 (1.24.2-1ubuntu0.5) ...
desktop	Native Tauri prerequisites and approved Rust compiler	2026-10-03T16:05:28.6643937Z Selecting previously unselected package libaa1:amd64.
desktop	Native Tauri prerequisites and approved Rust compiler	2026-10-03T16:05:28.6764686Z Preparing to unpack .../039-libaa1_1.4p5-51.1_amd64.deb ...
desktop	Native Tauri prerequisites and approved Rust compiler	2026-10-03T16:05:28.6772076Z Unpacking libaa1:amd64 (1.4p5-51.1) ...
desktop	Native Tauri prerequisites and approved Rust compiler	2026-10-03T16:05:28.6977672Z Selecting previously unselected package libraw1394-11:amd64.
desktop	Native Tauri prerequisites and approved Rust compiler	2026-10-03T16:05:28.7097185Z Preparing to unpack .../040-libraw1394-11_2.1.2-2build3_amd64.deb ...
desktop	Native Tauri prerequisites and approved Rust compiler	2026-10-03T16:05:28.7106272Z Unpacking libraw1394-11:amd64 (2.1.2-2build3) ...
desktop	Native Tauri prerequisites and approved Rust compiler	2026-10-03T16:05:28.7312040Z Selecting previously unselected package libavc1394-0:amd64.
desktop	Native Tauri prerequisites and approved Rust compiler	2026-10-03T16:05:28.7431046Z Preparing to unpack .../041-libavc1394-0_0.5.4-5build3_amd64.deb ...
desktop	Native Tauri prerequisites and approved Rust compiler	2026-10-03T16:05:28.7439537Z Unpacking libavc1394-0:amd64 (0.5.4-5build3) ...
desktop	Native Tauri prerequisites and approved Rust compiler	2026-10-03T16:05:28.7663514Z Selecting previously unselected package libcaca0:amd64.
desktop	Native Tauri prerequisites and approved Rust compiler	2026-10-03T16:05:28.7782040Z Preparing to unpack .../042-libcaca0_0.99.beta20-4ubuntu0.2_amd64.deb ...
desktop	Native Tauri prerequisites and approved Rust compiler	2026-10-03T16:05:28.7789480Z Unpacking libcaca0:amd64 (0.99.beta20-4ubuntu0.2) ...
desktop	Native Tauri prerequisites and approved Rust compiler	2026-10-03T16:05:28.8025848Z Selecting previously unselected package libdv4t64:amd64.
desktop	Native Tauri prerequisites and approved Rust compiler	2026-10-03T16:05:28.8143806Z Preparing to unpack .../043-libdv4t64_1.0.0-17.1build1_amd64.deb ...
desktop	Native Tauri prerequisites and approved Rust compiler	2026-10-03T16:05:28.8154284Z Unpacking libdv4t64:amd64 (1.0.0-17.1build1) ...
desktop	Native Tauri prerequisites and approved Rust compiler	2026-10-03T16:05:28.8374354Z Selecting previously unselected package libflac12t64:amd64.
desktop	Native Tauri prerequisites and approved Rust compiler	2026-10-03T16:05:28.8491949Z Preparing to unpack .../044-libflac12t64_1.4.3+ds-2.1ubuntu2_amd64.deb ...
desktop	Native Tauri prerequisites and approved Rust compiler	2026-10-03T16:05:28.8503674Z Unpacking libflac12t64:amd64 (1.4.3+ds-2.1ubuntu2) ...
desktop	Native Tauri prerequisites and approved Rust compiler	2026-10-03T16:05:28.8756280Z Selecting previously unselected package libgstreamer-plugins-good1.0-0:amd64.
desktop	Native Tauri prerequisites and approved Rust compiler	2026-10-03T16:05:28.8875470Z Preparing to unpack .../045-libgstreamer-plugins-good1.0-0_1.24.2-1ubuntu1.8_amd64.deb ...
desktop	Native Tauri prerequisites and approved Rust compiler	2026-10-03T16:05:28.8884655Z Unpacking libgstreamer-plugins-good1.0-0:amd64 (1.24.2-1ubuntu1.8) ...
desktop	Native Tauri prerequisites and approved Rust compiler	2026-10-03T16:05:28.9106768Z Selecting previously unselected package libiec61883-0:amd64.
desktop	Native Tauri prerequisites and approved Rust compiler	2026-10-03T16:05:28.9224956Z Preparing to unpack .../046-libiec61883-0_1.2.0-6build1_amd64.deb ...
desktop	Native Tauri prerequisites and approved Rust compiler	2026-10-03T16:05:28.9234566Z Unpacking libiec61883-0:amd64 (1.2.0-6build1) ...
desktop	Native Tauri prerequisites and approved Rust compiler	2026-10-03T16:05:28.9451925Z Selecting previously unselected package libmp3lame0:amd64.
desktop	Native Tauri prerequisites and approved Rust compiler	2026-10-03T16:05:28.9569475Z Preparing to unpack .../047-libmp3lame0_3.100-6build1_amd64.deb ...
desktop	Native Tauri prerequisites and approved Rust compiler	2026-10-03T16:05:28.9581668Z Unpacking libmp3lame0:amd64 (3.100-6build1) ...
desktop	Native Tauri prerequisites and approved Rust compiler	2026-10-03T16:05:28.9807830Z Selecting previously unselected package libmpg123-0t64:amd64.
desktop	Native Tauri prerequisites and approved Rust compiler	2026-10-03T16:05:28.9925609Z Preparing to unpack .../048-libmpg123-0t64_1.32.5-1ubuntu1.1_amd64.deb ...
desktop	Native Tauri prerequisites and approved Rust compiler	2026-10-03T16:05:28.9941628Z Unpacking libmpg123-0t64:amd64 (1.32.5-1ubuntu1.1) ...
desktop	Native Tauri prerequisites and approved Rust compiler	2026-10-03T16:05:29.0178006Z Selecting previously unselected package libasyncns0:amd64.
desktop	Native Tauri prerequisites and approved Rust compiler	2026-10-03T16:05:29.0295790Z Preparing to unpack .../049-libasyncns0_0.8-6build4_amd64.deb ...
desktop	Native Tauri prerequisites and approved Rust compiler	2026-10-03T16:05:29.0303742Z Unpacking libasyncns0:amd64 (0.8-6build4) ...
desktop	Native Tauri prerequisites and approved Rust compiler	2026-10-03T16:05:29.0500071Z Selecting previously unselected package libsndfile1:amd64.
desktop	Native Tauri prerequisites and approved Rust compiler	2026-10-03T16:05:29.0619082Z Preparing to unpack .../050-libsndfile1_1.2.2-1ubuntu5.24.04.1_amd64.deb ...
desktop	Native Tauri prerequisites and approved Rust compiler	2026-10-03T16:05:29.0628627Z Unpacking libsndfile1:amd64 (1.2.2-1ubuntu5.24.04.1) ...
desktop	Native Tauri prerequisites and approved Rust compiler	2026-10-03T16:05:29.0916961Z Selecting previously unselected package libpulse0:amd64.
desktop	Native Tauri prerequisites and approved Rust compiler	2026-10-03T16:05:29.1036621Z Preparing to unpack .../051-libpulse0_1%3a16.1+dfsg1-2ubuntu10.1_amd64.deb ...
desktop	Native Tauri prerequisites and approved Rust compiler	2026-10-03T16:05:29.1101058Z Unpacking libpulse0:amd64 (1:16.1+dfsg1-2ubuntu10.1) ...
desktop	Native Tauri prerequisites and approved Rust compiler	2026-10-03T16:05:29.1345595Z Selecting previously unselected package libspeex1:amd64.
desktop	Native Tauri prerequisites and approved Rust compiler	2026-10-03T16:05:29.1464457Z Preparing to unpack .../052-libspeex1_1.2.1-2ubuntu2.24.04.1_amd64.deb ...
desktop	Native Tauri prerequisites and approved Rust compiler	2026-10-03T16:05:29.1473876Z Unpacking libspeex1:amd64 (1.2.1-2ubuntu2.24.04.1) ...
desktop	Native Tauri prerequisites and approved Rust compiler	2026-10-03T16:05:29.1677557Z Selecting previously unselected package libshout3:amd64.
desktop	Native Tauri prerequisites and approved Rust compiler	2026-10-03T16:05:29.1796509Z Preparing to unpack .../053-libshout3_2.4.6-1build2_amd64.deb ...
desktop	Native Tauri prerequisites and approved Rust compiler	2026-10-03T16:05:29.1805615Z Unpacking libshout3:amd64 (2.4.6-1build2) ...
desktop	Native Tauri prerequisites and approved Rust compiler	2026-10-03T16:05:29.2029194Z Selecting previously unselected package libtag1v5-vanilla:amd64.
desktop	Native Tauri prerequisites and approved Rust compiler	2026-10-03T16:05:29.2148404Z Preparing to unpack .../054-libtag1v5-vanilla_1.13.1-1build1_amd64.deb ...
desktop	Native Tauri prerequisites and approved Rust compiler	2026-10-03T16:05:29.2156548Z Unpacking libtag1v5-vanilla:amd64 (1.13.1-1build1) ...
desktop	Native Tauri prerequisites and approved Rust compiler	2026-10-03T16:05:29.2378282Z Selecting previously unselected package libtag1v5:amd64.
desktop	Native Tauri prerequisites and approved Rust compiler	2026-10-03T16:05:29.2497048Z Preparing to unpack .../055-libtag1v5_1.13.1-1build1_amd64.deb ...
desktop	Native Tauri prerequisites and approved Rust compiler	2026-10-03T16:05:29.2509581Z Unpacking libtag1v5:amd64 (1.13.1-1build1) ...
desktop	Native Tauri prerequisites and approved Rust compiler	2026-10-03T16:05:29.2708737Z Selecting previously unselected package libtwolame0:amd64.
desktop	Native Tauri prerequisites and approved Rust compiler	2026-10-03T16:05:29.2826601Z Preparing to unpack .../056-libtwolame0_0.4.0-2build3_amd64.deb ...
desktop	Native Tauri prerequisites and approved Rust compiler	2026-10-03T16:05:29.2836375Z Unpacking libtwolame0:amd64 (0.4.0-2build3) ...
desktop	Native Tauri prerequisites and approved Rust compiler	2026-10-03T16:05:29.3048809Z Selecting previously unselected package libv4lconvert0t64:amd64.
desktop	Native Tauri prerequisites and approved Rust compiler	2026-10-03T16:05:29.3167185Z Preparing to unpack .../057-libv4lconvert0t64_1.26.1-4build3_amd64.deb ...
desktop	Native Tauri prerequisites and approved Rust compiler	2026-10-03T16:05:29.3179603Z Unpacking libv4lconvert0t64:amd64 (1.26.1-4build3) ...
desktop	Native Tauri prerequisites and approved Rust compiler	2026-10-03T16:05:29.3399123Z Selecting previously unselected package libv4l-0t64:amd64.
desktop	Native Tauri prerequisites and approved Rust compiler	2026-10-03T16:05:29.3517010Z Preparing to unpack .../058-libv4l-0t64_1.26.1-4build3_amd64.deb ...
desktop	Native Tauri prerequisites and approved Rust compiler	2026-10-03T16:05:29.3529604Z Unpacking libv4l-0t64:amd64 (1.26.1-4build3) ...
desktop	Native Tauri prerequisites and approved Rust compiler	2026-10-03T16:05:29.3757241Z Selecting previously unselected package libvpx9:amd64.
desktop	Native Tauri prerequisites and approved Rust compiler	2026-10-03T16:05:29.3874847Z Preparing to unpack .../059-libvpx9_1.14.0-1ubuntu2.3_amd64.deb ...
desktop	Native Tauri prerequisites and approved Rust compiler	2026-10-03T16:05:29.3884625Z Unpacking libvpx9:amd64 (1.14.0-1ubuntu2.3) ...
desktop	Native Tauri prerequisites and approved Rust compiler	2026-10-03T16:05:29.4316780Z Selecting previously unselected package libwavpack1:amd64.
desktop	Native Tauri prerequisites and approved Rust compiler	2026-10-03T16:05:29.4437115Z Preparing to unpack .../060-libwavpack1_5.6.0-1build1_amd64.deb ...
desktop	Native Tauri prerequisites and approved Rust compiler	2026-10-03T16:05:29.4448880Z Unpacking libwavpack1:amd64 (5.6.0-1build1) ...
desktop	Native Tauri prerequisites and approved Rust compiler	2026-10-03T16:05:29.4656866Z Selecting previously unselected package gstreamer1.0-plugins-good:amd64.
desktop	Native Tauri prerequisites and approved Rust compiler	2026-10-03T16:05:29.4775656Z Preparing to unpack .../061-gstreamer1.0-plugins-good_1.24.2-1ubuntu1.8_amd64.deb ...
desktop	Native Tauri prerequisites and approved Rust compiler	2026-10-03T16:05:29.4792823Z Unpacking gstreamer1.0-plugins-good:amd64 (1.24.2-1ubuntu1.8) ...
desktop	Native Tauri prerequisites and approved Rust compiler	2026-10-03T16:05:29.5366689Z Selecting previously unselected package libgles2:amd64.
desktop	Native Tauri prerequisites and approved Rust compiler	2026-10-03T16:05:29.5491551Z Preparing to unpack .../062-libgles2_1.7.0-1build1_amd64.deb ...
desktop	Native Tauri prerequisites and approved Rust compiler	2026-10-03T16:05:29.5503890Z Unpacking libgles2:amd64 (1.7.0-1build1) ...
desktop	Native Tauri prerequisites and approved Rust compiler	2026-10-03T16:05:29.5706750Z Selecting previously unselected package xdg-dbus-proxy.
desktop	Native Tauri prerequisites and approved Rust compiler	2026-10-03T16:05:29.5830169Z Preparing to unpack .../063-xdg-dbus-proxy_0.1.5-1ubuntu0.2_amd64.deb ...
desktop	Native Tauri prerequisites and approved Rust compiler	2026-10-03T16:05:29.5838438Z Unpacking xdg-dbus-proxy (0.1.5-1ubuntu0.2) ...
desktop	Native Tauri prerequisites and approved Rust compiler	2026-10-03T16:05:29.6197519Z Preparing to unpack .../064-libgl1-mesa-dri_25.2.8-0ubuntu0.24.04.4_amd64.deb ...
desktop	Native Tauri prerequisites and approved Rust compiler	2026-10-03T16:05:29.6341725Z Unpacking libgl1-mesa-dri:amd64 (25.2.8-0ubuntu0.24.04.4) over (25.2.8-0ubuntu0.24.04.2) ...
desktop	Native Tauri prerequisites and approved Rust compiler	2026-10-03T16:05:29.6870568Z Preparing to unpack .../065-libglx-mesa0_25.2.8-0ubuntu0.24.04.4_amd64.deb ...
desktop	Native Tauri prerequisites and approved Rust compiler	2026-10-03T16:05:29.6906536Z Unpacking libglx-mesa0:amd64 (25.2.8-0ubuntu0.24.04.4) over (25.2.8-0ubuntu0.24.04.2) ...
desktop	Native Tauri prerequisites and approved Rust compiler	2026-10-03T16:05:29.7288905Z Preparing to unpack .../066-libgbm1_25.2.8-0ubuntu0.24.04.4_amd64.deb ...
desktop	Native Tauri prerequisites and approved Rust compiler	2026-10-03T16:05:29.7314273Z Unpacking libgbm1:amd64 (25.2.8-0ubuntu0.24.04.4) over (25.2.8-0ubuntu0.24.04.2) ...
desktop	Native Tauri prerequisites and approved Rust compiler	2026-10-03T16:05:29.7706201Z Preparing to unpack .../067-mesa-libgallium_25.2.8-0ubuntu0.24.04.4_amd64.deb ...
desktop	Native Tauri prerequisites and approved Rust compiler	2026-10-03T16:05:29.7738347Z Unpacking mesa-libgallium:amd64 (25.2.8-0ubuntu0.24.04.4) over (25.2.8-0ubuntu0.24.04.2) ...
desktop	Native Tauri prerequisites and approved Rust compiler	2026-10-03T16:05:29.9396939Z Selecting previously unselected package libegl-mesa0:amd64.
desktop	Native Tauri prerequisites and approved Rust compiler	2026-10-03T16:05:29.9522106Z Preparing to unpack .../068-libegl-mesa0_25.2.8-0ubuntu0.24.04.4_amd64.deb ...
desktop	Native Tauri prerequisites and approved Rust compiler	2026-10-03T16:05:29.9533443Z Unpacking libegl-mesa0:amd64 (25.2.8-0ubuntu0.24.04.4) ...
desktop	Native Tauri prerequisites and approved Rust compiler	2026-10-03T16:05:29.9760598Z Selecting previously unselected package libegl1:amd64.
desktop	Native Tauri prerequisites and approved Rust compiler	2026-10-03T16:05:29.9883982Z Preparing to unpack .../069-libegl1_1.7.0-1build1_amd64.deb ...
desktop	Native Tauri prerequisites and approved Rust compiler	2026-10-03T16:05:29.9896229Z Unpacking libegl1:amd64 (1.7.0-1build1) ...
desktop	Native Tauri prerequisites and approved Rust compiler	2026-10-03T16:05:30.0128477Z Selecting previously unselected package libgstreamer-gl1.0-0:amd64.
desktop	Native Tauri prerequisites and approved Rust compiler	2026-10-03T16:05:30.0252009Z Preparing to unpack .../070-libgstreamer-gl1.0-0_1.24.2-1ubuntu0.5_amd64.deb ...
desktop	Native Tauri prerequisites and approved Rust compiler	2026-10-03T16:05:30.0259673Z Unpacking libgstreamer-gl1.0-0:amd64 (1.24.2-1ubuntu0.5) ...
desktop	Native Tauri prerequisites and approved Rust compiler	2026-10-03T16:05:30.0488022Z Selecting previously unselected package libharfbuzz-icu0:amd64.
desktop	Native Tauri prerequisites and approved Rust compiler	2026-10-03T16:05:30.0610768Z Preparing to unpack .../071-libharfbuzz-icu0_8.3.0-2build2_amd64.deb ...
desktop	Native Tauri prerequisites and approved Rust compiler	2026-10-03T16:05:30.0621475Z Unpacking libharfbuzz-icu0:amd64 (8.3.0-2build2) ...
desktop	Native Tauri prerequisites and approved Rust compiler	2026-10-03T16:05:30.0826958Z Selecting previously unselected package libhyphen0:amd64.
desktop	Native Tauri prerequisites and approved Rust compiler	2026-10-03T16:05:30.0949147Z Preparing to unpack .../072-libhyphen0_2.8.8-7build3_amd64.deb ...
desktop	Native Tauri prerequisites and approved Rust compiler	2026-10-03T16:05:30.0962919Z Unpacking libhyphen0:amd64 (2.8.8-7build3) ...
desktop	Native Tauri prerequisites and approved Rust compiler	2026-10-03T16:05:30.1179439Z Selecting previously unselected package libmanette-0.2-0:amd64.
desktop	Native Tauri prerequisites and approved Rust compiler	2026-10-03T16:05:30.1299795Z Preparing to unpack .../073-libmanette-0.2-0_0.2.7-1build2_amd64.deb ...
desktop	Native Tauri prerequisites and approved Rust compiler	2026-10-03T16:05:30.1307869Z Unpacking libmanette-0.2-0:amd64 (0.2.7-1build2) ...
desktop	Native Tauri prerequisites and approved Rust compiler	2026-10-03T16:05:30.1571609Z Selecting previously unselected package libsecret-common.
desktop	Native Tauri prerequisites and approved Rust compiler	2026-10-03T16:05:30.1732025Z Preparing to unpack .../074-libsecret-common_0.21.4-1build3_all.deb ...
desktop	Native Tauri prerequisites and approved Rust compiler	2026-10-03T16:05:30.1767425Z Unpacking libsecret-common (0.21.4-1build3) ...
desktop	Native Tauri prerequisites and approved Rust compiler	2026-10-03T16:05:30.2119783Z Selecting previously unselected package libsecret-1-0:amd64.
desktop	Native Tauri prerequisites and approved Rust compiler	2026-10-03T16:05:30.2263206Z Preparing to unpack .../075-libsecret-1-0_0.21.4-1build3_amd64.deb ...
desktop	Native Tauri prerequisites and approved Rust compiler	2026-10-03T16:05:30.2322329Z Unpacking libsecret-1-0:amd64 (0.21.4-1build3) ...
desktop	Native Tauri prerequisites and approved Rust compiler	2026-10-03T16:05:30.4567921Z Selecting previously unselected package libwayland-server0:amd64.
desktop	Native Tauri prerequisites and approved Rust compiler	2026-10-03T16:05:30.4696894Z Preparing to unpack .../076-libwayland-server0_1.22.0-2.1build1_amd64.deb ...
desktop	Native Tauri prerequisites and approved Rust compiler	2026-10-03T16:05:30.4936690Z Unpacking libwayland-server0:amd64 (1.22.0-2.1build1) ...
desktop	Native Tauri prerequisites and approved Rust compiler	2026-10-03T16:05:30.5147923Z Selecting previously unselected package libwebkit2gtk-4.1-0:amd64.
desktop	Native Tauri prerequisites and approved Rust compiler	2026-10-03T16:05:30.5271981Z Preparing to unpack .../077-libwebkit2gtk-4.1-0_2.52.6-0ubuntu0.24.04.1_amd64.deb ...
desktop	Native Tauri prerequisites and approved Rust compiler	2026-10-03T16:05:30.5282758Z Unpacking libwebkit2gtk-4.1-0:amd64 (2.52.6-0ubuntu0.24.04.1) ...
desktop	Native Tauri prerequisites and approved Rust compiler	2026-10-03T16:05:30.9001758Z Selecting previously unselected package gir1.2-webkit2-4.1:amd64.
desktop	Native Tauri prerequisites and approved Rust compiler	2026-10-03T16:05:30.9126341Z Preparing to unpack .../078-gir1.2-webkit2-4.1_2.52.6-0ubuntu0.24.04.1_amd64.deb ...
desktop	Native Tauri prerequisites and approved Rust compiler	2026-10-03T16:05:30.9146781Z Unpacking gir1.2-webkit2-4.1:amd64 (2.52.6-0ubuntu0.24.04.1) ...
desktop	Native Tauri prerequisites and approved Rust compiler	2026-10-03T16:05:30.9371218Z Selecting previously unselected package python3-mako.
desktop	Native Tauri prerequisites and approved Rust compiler	2026-10-03T16:05:30.9496102Z Preparing to unpack .../079-python3-mako_1.3.2-1ubuntu0.1_all.deb ...
desktop	Native Tauri prerequisites and approved Rust compiler	2026-10-03T16:05:30.9502713Z Unpacking python3-mako (1.3.2-1ubuntu0.1) ...
desktop	Native Tauri prerequisites and approved Rust compiler	2026-10-03T16:05:30.9863832Z Selecting previously unselected package python3-markdown.
desktop	Native Tauri prerequisites and approved Rust compiler	2026-10-03T16:05:30.9989452Z Preparing to unpack .../080-python3-markdown_3.5.2-1_all.deb ...
desktop	Native Tauri prerequisites and approved Rust compiler	2026-10-03T16:05:31.0001566Z Unpacking python3-markdown (3.5.2-1) ...
desktop	Native Tauri prerequisites and approved Rust compiler	2026-10-03T16:05:31.0266406Z Selecting previously unselected package gobject-introspection-bin.
desktop	Native Tauri prerequisites and approved Rust compiler	2026-10-03T16:05:31.0389051Z Preparing to unpack .../081-gobject-introspection-bin_1.80.1-1_amd64.deb ...
desktop	Native Tauri prerequisites and approved Rust compiler	2026-10-03T16:05:31.0396309Z Unpacking gobject-introspection-bin (1.80.1-1) ...
desktop	Native Tauri prerequisites and approved Rust compiler	2026-10-03T16:05:31.0883976Z Selecting previously unselected package libglib2.0-dev-bin.
desktop	Native Tauri prerequisites and approved Rust compiler	2026-10-03T16:05:31.1008012Z Preparing to unpack .../082-libglib2.0-dev-bin_2.80.0-6ubuntu3.9_amd64.deb ...
desktop	Native Tauri prerequisites and approved Rust compiler	2026-10-03T16:05:31.1018259Z Unpacking libglib2.0-dev-bin (2.80.0-6ubuntu3.9) ...
desktop	Native Tauri prerequisites and approved Rust compiler	2026-10-03T16:05:31.1311442Z Selecting previously unselected package uuid-dev:amd64.
desktop	Native Tauri prerequisites and approved Rust compiler	2026-10-03T16:05:31.1433665Z Preparing to unpack .../083-uuid-dev_2.39.3-9ubuntu6.6_amd64.deb ...
desktop	Native Tauri prerequisites and approved Rust compiler	2026-10-03T16:05:31.1446937Z Unpacking uuid-dev:amd64 (2.39.3-9ubuntu6.6) ...
desktop	Native Tauri prerequisites and approved Rust compiler	2026-10-03T16:05:31.1775474Z Selecting previously unselected package libblkid-dev:amd64.
desktop	Native Tauri prerequisites and approved Rust compiler	2026-10-03T16:05:31.1897656Z Preparing to unpack .../084-libblkid-dev_2.39.3-9ubuntu6.6_amd64.deb ...
desktop	Native Tauri prerequisites and approved Rust compiler	2026-10-03T16:05:31.1911461Z Unpacking libblkid-dev:amd64 (2.39.3-9ubuntu6.6) ...
desktop	Native Tauri prerequisites and approved Rust compiler	2026-10-03T16:05:31.2168164Z Selecting previously unselected package libsepol-dev:amd64.
desktop	Native Tauri prerequisites and approved Rust compiler	2026-10-03T16:05:31.2288975Z Preparing to unpack .../085-libsepol-dev_3.5-2build1_amd64.deb ...
desktop	Native Tauri prerequisites and approved Rust compiler	2026-10-03T16:05:31.2296605Z Unpacking libsepol-dev:amd64 (3.5-2build1) ...
desktop	Native Tauri prerequisites and approved Rust compiler	2026-10-03T16:05:31.2587188Z Selecting previously unselected package libselinux1-dev:amd64.
desktop	Native Tauri prerequisites and approved Rust compiler	2026-10-03T16:05:31.2709361Z Preparing to unpack .../086-libselinux1-dev_3.5-2ubuntu2.1_amd64.deb ...
desktop	Native Tauri prerequisites and approved Rust compiler	2026-10-03T16:05:31.2717440Z Unpacking libselinux1-dev:amd64 (3.5-2ubuntu2.1) ...
desktop	Native Tauri prerequisites and approved Rust compiler	2026-10-03T16:05:31.3216720Z Selecting previously unselected package libmount-dev:amd64.
desktop	Native Tauri prerequisites and approved Rust compiler	2026-10-03T16:05:31.3338212Z Preparing to unpack .../087-libmount-dev_2.39.3-9ubuntu6.6_amd64.deb ...
desktop	Native Tauri prerequisites and approved Rust compiler	2026-10-03T16:05:31.3350007Z Unpacking libmount-dev:amd64 (2.39.3-9ubuntu6.6) ...
desktop	Native Tauri prerequisites and approved Rust compiler	2026-10-03T16:05:31.3560513Z Selecting previously unselected package libgirepository-2.0-0:amd64.
desktop	Native Tauri prerequisites and approved Rust compiler	2026-10-03T16:05:31.3681691Z Preparing to unpack .../088-libgirepository-2.0-0_2.80.0-6ubuntu3.9_amd64.deb ...
desktop	Native Tauri prerequisites and approved Rust compiler	2026-10-03T16:05:31.3693231Z Unpacking libgirepository-2.0-0:amd64 (2.80.0-6ubuntu3.9) ...
desktop	Native Tauri prerequisites and approved Rust compiler	2026-10-03T16:05:31.3898410Z Selecting previously unselected package libglib2.0-dev:amd64.
desktop	Native Tauri prerequisites and approved Rust compiler	2026-10-03T16:05:31.4018611Z Preparing to unpack .../089-libglib2.0-dev_2.80.0-6ubuntu3.9_amd64.deb ...
desktop	Native Tauri prerequisites and approved Rust compiler	2026-10-03T16:05:31.4029451Z Unpacking libglib2.0-dev:amd64 (2.80.0-6ubuntu3.9) ...
desktop	Native Tauri prerequisites and approved Rust compiler	2026-10-03T16:05:31.4987791Z Selecting previously unselected package gobject-introspection:amd64.
desktop	Native Tauri prerequisites and approved Rust compiler	2026-10-03T16:05:31.5113862Z Preparing to unpack .../090-gobject-introspection_1.80.1-1_amd64.deb ...
desktop	Native Tauri prerequisites and approved Rust compiler	2026-10-03T16:05:31.5126541Z Unpacking gobject-introspection:amd64 (1.80.1-1) ...
desktop	Native Tauri prerequisites and approved Rust compiler	2026-10-03T16:05:31.5428679Z Selecting previously unselected package libgraphene-1.0-0:amd64.
desktop	Native Tauri prerequisites and approved Rust compiler	2026-10-03T16:05:31.5552996Z Preparing to unpack .../091-libgraphene-1.0-0_1.10.8-3build2_amd64.deb ...
desktop	Native Tauri prerequisites and approved Rust compiler	2026-10-03T16:05:31.5561644Z Unpacking libgraphene-1.0-0:amd64 (1.10.8-3build2) ...
desktop	Native Tauri prerequisites and approved Rust compiler	2026-10-03T16:05:31.5758599Z Selecting previously unselected package gstreamer1.0-gl:amd64.
desktop	Native Tauri prerequisites and approved Rust compiler	2026-10-03T16:05:31.5881928Z Preparing to unpack .../092-gstreamer1.0-gl_1.24.2-1ubuntu0.5_amd64.deb ...
desktop	Native Tauri prerequisites and approved Rust compiler	2026-10-03T16:05:31.5889402Z Unpacking gstreamer1.0-gl:amd64 (1.24.2-1ubuntu0.5) ...
desktop	Native Tauri prerequisites and approved Rust compiler	2026-10-03T16:05:31.6098938Z Selecting previously unselected package libxv1:amd64.
desktop	Native Tauri prerequisites and approved Rust compiler	2026-10-03T16:05:31.6222805Z Preparing to unpack .../093-libxv1_2%3a1.0.11-1.1build1_amd64.deb ...
desktop	Native Tauri prerequisites and approved Rust compiler	2026-10-03T16:05:31.6231396Z Unpacking libxv1:amd64 (2:1.0.11-1.1build1) ...
desktop	Native Tauri prerequisites and approved Rust compiler	2026-10-03T16:05:31.6425001Z Selecting previously unselected package gstreamer1.0-x:amd64.
desktop	Native Tauri prerequisites and approved Rust compiler	2026-10-03T16:05:31.6549460Z Preparing to unpack .../094-gstreamer1.0-x_1.24.2-1ubuntu0.5_amd64.deb ...
desktop	Native Tauri prerequisites and approved Rust compiler	2026-10-03T16:05:31.6560087Z Unpacking gstreamer1.0-x:amd64 (1.24.2-1ubuntu0.5) ...
desktop	Native Tauri prerequisites and approved Rust compiler	2026-10-03T16:05:31.6771504Z Selecting previously unselected package libdbusmenu-glib-dev:amd64.
desktop	Native Tauri prerequisites and approved Rust compiler	2026-10-03T16:05:31.6895842Z Preparing to unpack .../095-libdbusmenu-glib-dev_18.10.20180917~bzr492+repack1-3.1ubuntu5_amd64.deb ...
desktop	Native Tauri prerequisites and approved Rust compiler	2026-10-03T16:05:31.6903550Z Unpacking libdbusmenu-glib-dev:amd64 (18.10.20180917~bzr492+repack1-3.1ubuntu5) ...
desktop	Native Tauri prerequisites and approved Rust compiler	2026-10-03T16:05:31.7155581Z Selecting previously unselected package libdbus-1-dev:amd64.
desktop	Native Tauri prerequisites and approved Rust compiler	2026-10-03T16:05:31.7278139Z Preparing to unpack .../096-libdbus-1-dev_1.14.10-4ubuntu4.1_amd64.deb ...
desktop	Native Tauri prerequisites and approved Rust compiler	2026-10-03T16:05:31.7287685Z Unpacking libdbus-1-dev:amd64 (1.14.10-4ubuntu4.1) ...
desktop	Native Tauri prerequisites and approved Rust compiler	2026-10-03T16:05:31.7676145Z Selecting previously unselected package libdbus-glib-1-2:amd64.
desktop	Native Tauri prerequisites and approved Rust compiler	2026-10-03T16:05:31.7801584Z Preparing to unpack .../097-libdbus-glib-1-2_0.112-3build2_amd64.deb ...
desktop	Native Tauri prerequisites and approved Rust compiler	2026-10-03T16:05:31.7821657Z Unpacking libdbus-glib-1-2:amd64 (0.112-3build2) ...
desktop	Native Tauri prerequisites and approved Rust compiler	2026-10-03T16:05:31.8038110Z Selecting previously unselected package libdbus-glib-1-dev-bin.
desktop	Native Tauri prerequisites and approved Rust compiler	2026-10-03T16:05:31.8160810Z Preparing to unpack .../098-libdbus-glib-1-dev-bin_0.112-3build2_amd64.deb ...
desktop	Native Tauri prerequisites and approved Rust compiler	2026-10-03T16:05:31.8175908Z Unpacking libdbus-glib-1-dev-bin (0.112-3build2) ...
desktop	Native Tauri prerequisites and approved Rust compiler	2026-10-03T16:05:31.8396592Z Selecting previously unselected package libdbus-glib-1-dev:amd64.
desktop	Native Tauri prerequisites and approved Rust compiler	2026-10-03T16:05:31.8516892Z Preparing to unpack .../099-libdbus-glib-1-dev_0.112-3build2_amd64.deb ...
desktop	Native Tauri prerequisites and approved Rust compiler	2026-10-03T16:05:31.8527020Z Unpacking libdbus-glib-1-dev:amd64 (0.112-3build2) ...
desktop	Native Tauri prerequisites and approved Rust compiler	2026-10-03T16:05:31.8747611Z Selecting previously unselected package libatk1.0-dev:amd64.
desktop	Native Tauri prerequisites and approved Rust compiler	2026-10-03T16:05:31.8870047Z Preparing to unpack .../100-libatk1.0-dev_2.52.0-1build1_amd64.deb ...
desktop	Native Tauri prerequisites and approved Rust compiler	2026-10-03T16:05:31.8880263Z Unpacking libatk1.0-dev:amd64 (2.52.0-1build1) ...
desktop	Native Tauri prerequisites and approved Rust compiler	2026-10-03T16:05:31.9165706Z Selecting previously unselected package xorg-sgml-doctools.
desktop	Native Tauri prerequisites and approved Rust compiler	2026-10-03T16:05:31.9286759Z Preparing to unpack .../101-xorg-sgml-doctools_1%3a1.11-1.1_all.deb ...
desktop	Native Tauri prerequisites and approved Rust compiler	2026-10-03T16:05:31.9299451Z Unpacking xorg-sgml-doctools (1:1.11-1.1) ...
desktop	Native Tauri prerequisites and approved Rust compiler	2026-10-03T16:05:31.9583658Z Selecting previously unselected package x11proto-dev.
desktop	Native Tauri prerequisites and approved Rust compiler	2026-10-03T16:05:31.9705840Z Preparing to unpack .../102-x11proto-dev_2023.2-1_all.deb ...
desktop	Native Tauri prerequisites and approved Rust compiler	2026-10-03T16:05:31.9716159Z Unpacking x11proto-dev (2023.2-1) ...
desktop	Native Tauri prerequisites and approved Rust compiler	2026-10-03T16:05:32.0239903Z Selecting previously unselected package libxau-dev:amd64.
desktop	Native Tauri prerequisites and approved Rust compiler	2026-10-03T16:05:32.0362603Z Preparing to unpack .../103-libxau-dev_1%3a1.0.9-1build6_amd64.deb ...
desktop	Native Tauri prerequisites and approved Rust compiler	2026-10-03T16:05:32.0373813Z Unpacking libxau-dev:amd64 (1:1.0.9-1build6) ...
desktop	Native Tauri prerequisites and approved Rust compiler	2026-10-03T16:05:32.0581356Z Selecting previously unselected package libxdmcp-dev:amd64.
desktop	Native Tauri prerequisites and approved Rust compiler	2026-10-03T16:05:32.0701891Z Preparing to unpack .../104-libxdmcp-dev_1%3a1.1.3-0ubuntu6_amd64.deb ...
desktop	Native Tauri prerequisites and approved Rust compiler	2026-10-03T16:05:32.0710692Z Unpacking libxdmcp-dev:amd64 (1:1.1.3-0ubuntu6) ...
desktop	Native Tauri prerequisites and approved Rust compiler	2026-10-03T16:05:32.0914316Z Selecting previously unselected package xtrans-dev.
desktop	Native Tauri prerequisites and approved Rust compiler	2026-10-03T16:05:32.1036016Z Preparing to unpack .../105-xtrans-dev_1.4.0-1_all.deb ...
desktop	Native Tauri prerequisites and approved Rust compiler	2026-10-03T16:05:32.1046590Z Unpacking xtrans-dev (1.4.0-1) ...
desktop	Native Tauri prerequisites and approved Rust compiler	2026-10-03T16:05:32.1282763Z Selecting previously unselected package libpthread-stubs0-dev:amd64.
desktop	Native Tauri prerequisites and approved Rust compiler	2026-10-03T16:05:32.1403569Z Preparing to unpack .../106-libpthread-stubs0-dev_0.4-1build3_amd64.deb ...
desktop	Native Tauri prerequisites and approved Rust compiler	2026-10-03T16:05:32.1411373Z Unpacking libpthread-stubs0-dev:amd64 (0.4-1build3) ...
desktop	Native Tauri prerequisites and approved Rust compiler	2026-10-03T16:05:32.1612304Z Selecting previously unselected package libxcb1-dev:amd64.
desktop	Native Tauri prerequisites and approved Rust compiler	2026-10-03T16:05:32.1732913Z Preparing to unpack .../107-libxcb1-dev_1.15-1ubuntu2_amd64.deb ...
desktop	Native Tauri prerequisites and approved Rust compiler	2026-10-03T16:05:32.1746200Z Unpacking libxcb1-dev:amd64 (1.15-1ubuntu2) ...
desktop	Native Tauri prerequisites and approved Rust compiler	2026-10-03T16:05:32.1980303Z Selecting previously unselected package libx11-dev:amd64.
desktop	Native Tauri prerequisites and approved Rust compiler	2026-10-03T16:05:32.2103194Z Preparing to unpack .../108-libx11-dev_2%3a1.8.7-1build1_amd64.deb ...
desktop	Native Tauri prerequisites and approved Rust compiler	2026-10-03T16:05:32.2115616Z Unpacking libx11-dev:amd64 (2:1.8.7-1build1) ...
desktop	Native Tauri prerequisites and approved Rust compiler	2026-10-03T16:05:32.2419547Z Selecting previously unselected package libxext-dev:amd64.
desktop	Native Tauri prerequisites and approved Rust compiler	2026-10-03T16:05:32.2542792Z Preparing to unpack .../109-libxext-dev_2%3a1.3.4-1build2_amd64.deb ...
desktop	Native Tauri prerequisites and approved Rust compiler	2026-10-03T16:05:32.2550963Z Unpacking libxext-dev:amd64 (2:1.3.4-1build2) ...
desktop	Native Tauri prerequisites and approved Rust compiler	2026-10-03T16:05:32.2848376Z Selecting previously unselected package libxfixes-dev:amd64.
desktop	Native Tauri prerequisites and approved Rust compiler	2026-10-03T16:05:32.2970676Z Preparing to unpack .../110-libxfixes-dev_1%3a6.0.0-2build1_amd64.deb ...
desktop	Native Tauri prerequisites and approved Rust compiler	2026-10-03T16:05:32.2984802Z Unpacking libxfixes-dev:amd64 (1:6.0.0-2build1) ...
desktop	Native Tauri prerequisites and approved Rust compiler	2026-10-03T16:05:32.3187632Z Selecting previously unselected package libxi-dev:amd64.
desktop	Native Tauri prerequisites and approved Rust compiler	2026-10-03T16:05:32.3309438Z Preparing to unpack .../111-libxi-dev_2%3a1.8.1-1build1_amd64.deb ...
desktop	Native Tauri prerequisites and approved Rust compiler	2026-10-03T16:05:32.3318693Z Unpacking libxi-dev:amd64 (2:1.8.1-1build1) ...
desktop	Native Tauri prerequisites and approved Rust compiler	2026-10-03T16:05:32.3620942Z Selecting previously unselected package libxtst-dev:amd64.
desktop	Native Tauri prerequisites and approved Rust compiler	2026-10-03T16:05:32.3743289Z Preparing to unpack .../112-libxtst-dev_2%3a1.2.3-1.1build1_amd64.deb ...
desktop	Native Tauri prerequisites and approved Rust compiler	2026-10-03T16:05:32.3753917Z Unpacking libxtst-dev:amd64 (2:1.2.3-1.1build1) ...
desktop	Native Tauri prerequisites and approved Rust compiler	2026-10-03T16:05:32.3957767Z Selecting previously unselected package libatspi2.0-dev:amd64.
desktop	Native Tauri prerequisites and approved Rust compiler	2026-10-03T16:05:32.4078303Z Preparing to unpack .../113-libatspi2.0-dev_2.52.0-1build1_amd64.deb ...
desktop	Native Tauri prerequisites and approved Rust compiler	2026-10-03T16:05:32.4088092Z Unpacking libatspi2.0-dev:amd64 (2.52.0-1build1) ...
desktop	Native Tauri prerequisites and approved Rust compiler	2026-10-03T16:05:32.4346529Z Selecting previously unselected package libatk-bridge2.0-dev:amd64.
desktop	Native Tauri prerequisites and approved Rust compiler	2026-10-03T16:05:32.4467199Z Preparing to unpack .../114-libatk-bridge2.0-dev_2.52.0-1build1_amd64.deb ...
desktop	Native Tauri prerequisites and approved Rust compiler	2026-10-03T16:05:32.4479018Z Unpacking libatk-bridge2.0-dev:amd64 (2.52.0-1build1) ...
desktop	Native Tauri prerequisites and approved Rust compiler	2026-10-03T16:05:32.4707567Z Selecting previously unselected package libcairo-script-interpreter2:amd64.
desktop	Native Tauri prerequisites and approved Rust compiler	2026-10-03T16:05:32.4831208Z Preparing to unpack .../115-libcairo-script-interpreter2_1.18.0-3build1_amd64.deb ...
desktop	Native Tauri prerequisites and approved Rust compiler	2026-10-03T16:05:32.4843886Z Unpacking libcairo-script-interpreter2:amd64 (1.18.0-3build1) ...
desktop	Native Tauri prerequisites and approved Rust compiler	2026-10-03T16:05:32.5050917Z Selecting previously unselected package libbrotli-dev:amd64.
desktop	Native Tauri prerequisites and approved Rust compiler	2026-10-03T16:05:32.5190361Z Preparing to unpack .../116-libbrotli-dev_1.1.0-2build2_amd64.deb ...
desktop	Native Tauri prerequisites and approved Rust compiler	2026-10-03T16:05:32.5198573Z Unpacking libbrotli-dev:amd64 (1.1.0-2build2) ...
desktop	Native Tauri prerequisites and approved Rust compiler	2026-10-03T16:05:32.5505457Z Selecting previously unselected package libbz2-dev:amd64.
desktop	Native Tauri prerequisites and approved Rust compiler	2026-10-03T16:05:32.5629862Z Preparing to unpack .../117-libbz2-dev_1.0.8-5.1ubuntu0.1_amd64.deb ...
desktop	Native Tauri prerequisites and approved Rust compiler	2026-10-03T16:05:32.5638820Z Unpacking libbz2-dev:amd64 (1.0.8-5.1ubuntu0.1) ...
desktop	Native Tauri prerequisites and approved Rust compiler	2026-10-03T16:05:32.5849005Z Selecting previously unselected package libpng-dev:amd64.
desktop	Native Tauri prerequisites and approved Rust compiler	2026-10-03T16:05:32.5971526Z Preparing to unpack .../118-libpng-dev_1.6.43-5ubuntu0.6_amd64.deb ...
desktop	Native Tauri prerequisites and approved Rust compiler	2026-10-03T16:05:32.5985402Z Unpacking libpng-dev:amd64 (1.6.43-5ubuntu0.6) ...
desktop	Native Tauri prerequisites and approved Rust compiler	2026-10-03T16:05:32.6320208Z Selecting previously unselected package libfreetype-dev:amd64.
desktop	Native Tauri prerequisites and approved Rust compiler	2026-10-03T16:05:32.6442457Z Preparing to unpack .../119-libfreetype-dev_2.13.2+dfsg-1ubuntu0.1_amd64.deb ...
desktop	Native Tauri prerequisites and approved Rust compiler	2026-10-03T16:05:32.6454555Z Unpacking libfreetype-dev:amd64 (2.13.2+dfsg-1ubuntu0.1) ...
desktop	Native Tauri prerequisites and approved Rust compiler	2026-10-03T16:05:32.6780175Z Selecting previously unselected package libfontconfig-dev:amd64.
desktop	Native Tauri prerequisites and approved Rust compiler	2026-10-03T16:05:32.6902609Z Preparing to unpack .../120-libfontconfig-dev_2.15.0-1.1ubuntu2_amd64.deb ...
desktop	Native Tauri prerequisites and approved Rust compiler	2026-10-03T16:05:32.6910971Z Unpacking libfontconfig-dev:amd64 (2.15.0-1.1ubuntu2) ...
desktop	Native Tauri prerequisites and approved Rust compiler	2026-10-03T16:05:32.7156063Z Selecting previously unselected package libpixman-1-dev:amd64.
desktop	Native Tauri prerequisites and approved Rust compiler	2026-10-03T16:05:32.7278362Z Preparing to unpack .../121-libpixman-1-dev_0.42.2-1build1_amd64.deb ...
desktop	Native Tauri prerequisites and approved Rust compiler	2026-10-03T16:05:32.7287189Z Unpacking libpixman-1-dev:amd64 (0.42.2-1build1) ...
desktop	Native Tauri prerequisites and approved Rust compiler	2026-10-03T16:05:32.7516116Z Selecting previously unselected package libice-dev:amd64.
desktop	Native Tauri prerequisites and approved Rust compiler	2026-10-03T16:05:32.7639762Z Preparing to unpack .../122-libice-dev_2%3a1.0.10-1build3_amd64.deb ...
desktop	Native Tauri prerequisites and approved Rust compiler	2026-10-03T16:05:32.7648599Z Unpacking libice-dev:amd64 (2:1.0.10-1build3) ...
desktop	Native Tauri prerequisites and approved Rust compiler	2026-10-03T16:05:32.7851359Z Selecting previously unselected package libsm-dev:amd64.
desktop	Native Tauri prerequisites and approved Rust compiler	2026-10-03T16:05:32.7972398Z Preparing to unpack .../123-libsm-dev_2%3a1.2.3-1build3_amd64.deb ...
desktop	Native Tauri prerequisites and approved Rust compiler	2026-10-03T16:05:32.7979881Z Unpacking libsm-dev:amd64 (2:1.2.3-1build3) ...
desktop	Native Tauri prerequisites and approved Rust compiler	2026-10-03T16:05:32.8175719Z Selecting previously unselected package libxcb-render0-dev:amd64.
desktop	Native Tauri prerequisites and approved Rust compiler	2026-10-03T16:05:32.8296759Z Preparing to unpack .../124-libxcb-render0-dev_1.15-1ubuntu2_amd64.deb ...
desktop	Native Tauri prerequisites and approved Rust compiler	2026-10-03T16:05:32.8306167Z Unpacking libxcb-render0-dev:amd64 (1.15-1ubuntu2) ...
desktop	Native Tauri prerequisites and approved Rust compiler	2026-10-03T16:05:32.8518126Z Selecting previously unselected package libxcb-shm0-dev:amd64.
desktop	Native Tauri prerequisites and approved Rust compiler	2026-10-03T16:05:32.8638243Z Preparing to unpack .../125-libxcb-shm0-dev_1.15-1ubuntu2_amd64.deb ...
desktop	Native Tauri prerequisites and approved Rust compiler	2026-10-03T16:05:32.8647076Z Unpacking libxcb-shm0-dev:amd64 (1.15-1ubuntu2) ...
desktop	Native Tauri prerequisites and approved Rust compiler	2026-10-03T16:05:32.8868056Z Selecting previously unselected package libxrender-dev:amd64.
desktop	Native Tauri prerequisites and approved Rust compiler	2026-10-03T16:05:32.8987798Z Preparing to unpack .../126-libxrender-dev_1%3a0.9.10-1.1build1_amd64.deb ...
desktop	Native Tauri prerequisites and approved Rust compiler	2026-10-03T16:05:32.8996481Z Unpacking libxrender-dev:amd64 (1:0.9.10-1.1build1) ...
desktop	Native Tauri prerequisites and approved Rust compiler	2026-10-03T16:05:32.9188242Z Selecting previously unselected package libcairo2-dev:amd64.
desktop	Native Tauri prerequisites and approved Rust compiler	2026-10-03T16:05:32.9306472Z Preparing to unpack .../127-libcairo2-dev_1.18.0-3build1_amd64.deb ...
desktop	Native Tauri prerequisites and approved Rust compiler	2026-10-03T16:05:32.9312698Z Unpacking libcairo2-dev:amd64 (1.18.0-3build1) ...
desktop	Native Tauri prerequisites and approved Rust compiler	2026-10-03T16:05:32.9548380Z Selecting previously unselected package libglx-dev:amd64.
desktop	Native Tauri prerequisites and approved Rust compiler	2026-10-03T16:05:32.9668976Z Preparing to unpack .../128-libglx-dev_1.7.0-1build1_amd64.deb ...
desktop	Native Tauri prerequisites and approved Rust compiler	2026-10-03T16:05:32.9676082Z Unpacking libglx-dev:amd64 (1.7.0-1build1) ...
desktop	Native Tauri prerequisites and approved Rust compiler	2026-10-03T16:05:32.9915587Z Selecting previously unselected package libgl-dev:amd64.
desktop	Native Tauri prerequisites and approved Rust compiler	2026-10-03T16:05:33.0035512Z Preparing to unpack .../129-libgl-dev_1.7.0-1build1_amd64.deb ...
desktop	Native Tauri prerequisites and approved Rust compiler	2026-10-03T16:05:33.0049849Z Unpacking libgl-dev:amd64 (1.7.0-1build1) ...
desktop	Native Tauri prerequisites and approved Rust compiler	2026-10-03T16:05:33.0278080Z Selecting previously unselected package libegl-dev:amd64.
desktop	Native Tauri prerequisites and approved Rust compiler	2026-10-03T16:05:33.0397560Z Preparing to unpack .../130-libegl-dev_1.7.0-1build1_amd64.deb ...
desktop	Native Tauri prerequisites and approved Rust compiler	2026-10-03T16:05:33.0413680Z Unpacking libegl-dev:amd64 (1.7.0-1build1) ...
desktop	Native Tauri prerequisites and approved Rust compiler	2026-10-03T16:05:33.0605411Z Selecting previously unselected package libglvnd-core-dev:amd64.
desktop	Native Tauri prerequisites and approved Rust compiler	2026-10-03T16:05:33.0723791Z Preparing to unpack .../131-libglvnd-core-dev_1.7.0-1build1_amd64.deb ...
desktop	Native Tauri prerequisites and approved Rust compiler	2026-10-03T16:05:33.0736871Z Unpacking libglvnd-core-dev:amd64 (1.7.0-1build1) ...
desktop	Native Tauri prerequisites and approved Rust compiler	2026-10-03T16:05:33.0971371Z Selecting previously unselected package libgles1:amd64.
desktop	Native Tauri prerequisites and approved Rust compiler	2026-10-03T16:05:33.1089170Z Preparing to unpack .../132-libgles1_1.7.0-1build1_amd64.deb ...
desktop	Native Tauri prerequisites and approved Rust compiler	2026-10-03T16:05:33.1096816Z Unpacking libgles1:amd64 (1.7.0-1build1) ...
desktop	Native Tauri prerequisites and approved Rust compiler	2026-10-03T16:05:33.1297155Z Selecting previously unselected package libgles-dev:amd64.
desktop	Native Tauri prerequisites and approved Rust compiler	2026-10-03T16:05:33.1415037Z Preparing to unpack .../133-libgles-dev_1.7.0-1build1_amd64.deb ...
desktop	Native Tauri prerequisites and approved Rust compiler	2026-10-03T16:05:33.1422702Z Unpacking libgles-dev:amd64 (1.7.0-1build1) ...
desktop	Native Tauri prerequisites and approved Rust compiler	2026-10-03T16:05:33.1672230Z Selecting previously unselected package libopengl0:amd64.
desktop	Native Tauri prerequisites and approved Rust compiler	2026-10-03T16:05:33.1790013Z Preparing to unpack .../134-libopengl0_1.7.0-1build1_amd64.deb ...
desktop	Native Tauri prerequisites and approved Rust compiler	2026-10-03T16:05:33.1798641Z Unpacking libopengl0:amd64 (1.7.0-1build1) ...
desktop	Native Tauri prerequisites and approved Rust compiler	2026-10-03T16:05:33.1999998Z Selecting previously unselected package libopengl-dev:amd64.
desktop	Native Tauri prerequisites and approved Rust compiler	2026-10-03T16:05:33.2118118Z Preparing to unpack .../135-libopengl-dev_1.7.0-1build1_amd64.deb ...
desktop	Native Tauri prerequisites and approved Rust compiler	2026-10-03T16:05:33.2129465Z Unpacking libopengl-dev:amd64 (1.7.0-1build1) ...
desktop	Native Tauri prerequisites and approved Rust compiler	2026-10-03T16:05:33.2323115Z Selecting previously unselected package libglvnd-dev:amd64.
desktop	Native Tauri prerequisites and approved Rust compiler	2026-10-03T16:05:33.2440933Z Preparing to unpack .../136-libglvnd-dev_1.7.0-1build1_amd64.deb ...
desktop	Native Tauri prerequisites and approved Rust compiler	2026-10-03T16:05:33.2449773Z Unpacking libglvnd-dev:amd64 (1.7.0-1build1) ...
desktop	Native Tauri prerequisites and approved Rust compiler	2026-10-03T16:05:33.2647980Z Selecting previously unselected package libegl1-mesa-dev:amd64.
desktop	Native Tauri prerequisites and approved Rust compiler	2026-10-03T16:05:33.2767346Z Preparing to unpack .../137-libegl1-mesa-dev_25.2.8-0ubuntu0.24.04.4_amd64.deb ...
desktop	Native Tauri prerequisites and approved Rust compiler	2026-10-03T16:05:33.2778343Z Unpacking libegl1-mesa-dev:amd64 (25.2.8-0ubuntu0.24.04.4) ...
desktop	Native Tauri prerequisites and approved Rust compiler	2026-10-03T16:05:33.2982275Z Selecting previously unselected package libepoxy-dev:amd64.
desktop	Native Tauri prerequisites and approved Rust compiler	2026-10-03T16:05:33.3104343Z Preparing to unpack .../138-libepoxy-dev_1.5.10-1build1_amd64.deb ...
desktop	Native Tauri prerequisites and approved Rust compiler	2026-10-03T16:05:33.3114113Z Unpacking libepoxy-dev:amd64 (1.5.10-1build1) ...
desktop	Native Tauri prerequisites and approved Rust compiler	2026-10-03T16:05:33.3386725Z Selecting previously unselected package libfribidi-dev:amd64.
desktop	Native Tauri prerequisites and approved Rust compiler	2026-10-03T16:05:33.3509377Z Preparing to unpack .../139-libfribidi-dev_1.0.13-3build1_amd64.deb ...
desktop	Native Tauri prerequisites and approved Rust compiler	2026-10-03T16:05:33.3524256Z Unpacking libfribidi-dev:amd64 (1.0.13-3build1) ...
desktop	Native Tauri prerequisites and approved Rust compiler	2026-10-03T16:05:33.3816850Z Selecting previously unselected package libgdk-pixbuf2.0-bin.
desktop	Native Tauri prerequisites and approved Rust compiler	2026-10-03T16:05:33.3939794Z Preparing to unpack .../140-libgdk-pixbuf2.0-bin_2.42.10+dfsg-3ubuntu3.3_amd64.deb ...
desktop	Native Tauri prerequisites and approved Rust compiler	2026-10-03T16:05:33.3947820Z Unpacking libgdk-pixbuf2.0-bin (2.42.10+dfsg-3ubuntu3.3) ...
desktop	Native Tauri prerequisites and approved Rust compiler	2026-10-03T16:05:33.4151876Z Selecting previously unselected package libjpeg-turbo8-dev:amd64.
desktop	Native Tauri prerequisites and approved Rust compiler	2026-10-03T16:05:33.4276981Z Preparing to unpack .../141-libjpeg-turbo8-dev_2.1.5-2ubuntu2_amd64.deb ...
desktop	Native Tauri prerequisites and approved Rust compiler	2026-10-03T16:05:33.4285981Z Unpacking libjpeg-turbo8-dev:amd64 (2.1.5-2ubuntu2) ...
desktop	Native Tauri prerequisites and approved Rust compiler	2026-10-03T16:05:33.4578351Z Selecting previously unselected package libjpeg8-dev:amd64.
desktop	Native Tauri prerequisites and approved Rust compiler	2026-10-03T16:05:33.4700229Z Preparing to unpack .../142-libjpeg8-dev_8c-2ubuntu11_amd64.deb ...
desktop	Native Tauri prerequisites and approved Rust compiler	2026-10-03T16:05:33.4707220Z Unpacking libjpeg8-dev:amd64 (8c-2ubuntu11) ...
desktop	Native Tauri prerequisites and approved Rust compiler	2026-10-03T16:05:33.4913984Z Selecting previously unselected package libjpeg-dev:amd64.
desktop	Native Tauri prerequisites and approved Rust compiler	2026-10-03T16:05:33.5034864Z Preparing to unpack .../143-libjpeg-dev_8c-2ubuntu11_amd64.deb ...
desktop	Native Tauri prerequisites and approved Rust compiler	2026-10-03T16:05:33.5046558Z Unpacking libjpeg-dev:amd64 (8c-2ubuntu11) ...
desktop	Native Tauri prerequisites and approved Rust compiler	2026-10-03T16:05:33.5242060Z Selecting previously unselected package libjbig-dev:amd64.
desktop	Native Tauri prerequisites and approved Rust compiler	2026-10-03T16:05:33.5363010Z Preparing to unpack .../144-libjbig-dev_2.1-6.1ubuntu2_amd64.deb ...
desktop	Native Tauri prerequisites and approved Rust compiler	2026-10-03T16:05:33.5399272Z Unpacking libjbig-dev:amd64 (2.1-6.1ubuntu2) ...
desktop	Native Tauri prerequisites and approved Rust compiler	2026-10-03T16:05:33.5601337Z Selecting previously unselected package liblzma-dev:amd64.
desktop	Native Tauri prerequisites and approved Rust compiler	2026-10-03T16:05:33.5722131Z Preparing to unpack .../145-liblzma-dev_5.6.1+really5.4.5-1ubuntu0.3_amd64.deb ...
desktop	Native Tauri prerequisites and approved Rust compiler	2026-10-03T16:05:33.5730199Z Unpacking liblzma-dev:amd64 (5.6.1+really5.4.5-1ubuntu0.3) ...
desktop	Native Tauri prerequisites and approved Rust compiler	2026-10-03T16:05:33.5992345Z Selecting previously unselected package libwebpdecoder3:amd64.
desktop	Native Tauri prerequisites and approved Rust compiler	2026-10-03T16:05:33.6112866Z Preparing to unpack .../146-libwebpdecoder3_1.3.2-0.4build3_amd64.deb ...
desktop	Native Tauri prerequisites and approved Rust compiler	2026-10-03T16:05:33.6123777Z Unpacking libwebpdecoder3:amd64 (1.3.2-0.4build3) ...
desktop	Native Tauri prerequisites and approved Rust compiler	2026-10-03T16:05:33.6329075Z Selecting previously unselected package libsharpyuv-dev:amd64.
desktop	Native Tauri prerequisites and approved Rust compiler	2026-10-03T16:05:33.6449534Z Preparing to unpack .../147-libsharpyuv-dev_1.3.2-0.4build3_amd64.deb ...
desktop	Native Tauri prerequisites and approved Rust compiler	2026-10-03T16:05:33.6463348Z Unpacking libsharpyuv-dev:amd64 (1.3.2-0.4build3) ...
desktop	Native Tauri prerequisites and approved Rust compiler	2026-10-03T16:05:33.6727041Z Selecting previously unselected package libwebp-dev:amd64.
desktop	Native Tauri prerequisites and approved Rust compiler	2026-10-03T16:05:33.6848634Z Preparing to unpack .../148-libwebp-dev_1.3.2-0.4build3_amd64.deb ...
desktop	Native Tauri prerequisites and approved Rust compiler	2026-10-03T16:05:33.6861224Z Unpacking libwebp-dev:amd64 (1.3.2-0.4build3) ...
desktop	Native Tauri prerequisites and approved Rust compiler	2026-10-03T16:05:33.7162906Z Selecting previously unselected package libtiffxx6:amd64.
desktop	Native Tauri prerequisites and approved Rust compiler	2026-10-03T16:05:33.7286383Z Preparing to unpack .../149-libtiffxx6_4.5.1+git230720-4ubuntu2.5_amd64.deb ...
desktop	Native Tauri prerequisites and approved Rust compiler	2026-10-03T16:05:33.7299005Z Unpacking libtiffxx6:amd64 (4.5.1+git230720-4ubuntu2.5) ...
desktop	Native Tauri prerequisites and approved Rust compiler	2026-10-03T16:05:33.7483080Z Selecting previously unselected package libdeflate-dev:amd64.
desktop	Native Tauri prerequisites and approved Rust compiler	2026-10-03T16:05:33.7606408Z Preparing to unpack .../150-libdeflate-dev_1.19-1build1.1_amd64.deb ...
desktop	Native Tauri prerequisites and approved Rust compiler	2026-10-03T16:05:33.7630705Z Unpacking libdeflate-dev:amd64 (1.19-1build1.1) ...
desktop	Native Tauri prerequisites and approved Rust compiler	2026-10-03T16:05:33.7844877Z Selecting previously unselected package liblerc-dev:amd64.
desktop	Native Tauri prerequisites and approved Rust compiler	2026-10-03T16:05:33.7967968Z Preparing to unpack .../151-liblerc-dev_4.0.0+ds-4ubuntu2_amd64.deb ...
desktop	Native Tauri prerequisites and approved Rust compiler	2026-10-03T16:05:33.7976328Z Unpacking liblerc-dev:amd64 (4.0.0+ds-4ubuntu2) ...
desktop	Native Tauri prerequisites and approved Rust compiler	2026-10-03T16:05:33.8206861Z Selecting previously unselected package libtiff-dev:amd64.
desktop	Native Tauri prerequisites and approved Rust compiler	2026-10-03T16:05:33.8328904Z Preparing to unpack .../152-libtiff-dev_4.5.1+git230720-4ubuntu2.5_amd64.deb ...
desktop	Native Tauri prerequisites and approved Rust compiler	2026-10-03T16:05:33.8344568Z Unpacking libtiff-dev:amd64 (4.5.1+git230720-4ubuntu2.5) ...
desktop	Native Tauri prerequisites and approved Rust compiler	2026-10-03T16:05:33.8662683Z Selecting previously unselected package libgdk-pixbuf-2.0-dev:amd64.
desktop	Native Tauri prerequisites and approved Rust compiler	2026-10-03T16:05:33.8786126Z Preparing to unpack .../153-libgdk-pixbuf-2.0-dev_2.42.10+dfsg-3ubuntu3.3_amd64.deb ...
desktop	Native Tauri prerequisites and approved Rust compiler	2026-10-03T16:05:33.8796860Z Unpacking libgdk-pixbuf-2.0-dev:amd64 (2.42.10+dfsg-3ubuntu3.3) ...
desktop	Native Tauri prerequisites and approved Rust compiler	2026-10-03T16:05:33.9062420Z Selecting previously unselected package libharfbuzz-subset0:amd64.
desktop	Native Tauri prerequisites and approved Rust compiler	2026-10-03T16:05:33.9184625Z Preparing to unpack .../154-libharfbuzz-subset0_8.3.0-2build2_amd64.deb ...
desktop	Native Tauri prerequisites and approved Rust compiler	2026-10-03T16:05:33.9193050Z Unpacking libharfbuzz-subset0:amd64 (8.3.0-2build2) ...
desktop	Native Tauri prerequisites and approved Rust compiler	2026-10-03T16:05:33.9434507Z Selecting previously unselected package libharfbuzz-cairo0:amd64.
desktop	Native Tauri prerequisites and approved Rust compiler	2026-10-03T16:05:33.9554979Z Preparing to unpack .../155-libharfbuzz-cairo0_8.3.0-2build2_amd64.deb ...
desktop	Native Tauri prerequisites and approved Rust compiler	2026-10-03T16:05:33.9567699Z Unpacking libharfbuzz-cairo0:amd64 (8.3.0-2build2) ...
desktop	Native Tauri prerequisites and approved Rust compiler	2026-10-03T16:05:33.9767533Z Selecting previously unselected package libgraphite2-dev:amd64.
desktop	Native Tauri prerequisites and approved Rust compiler	2026-10-03T16:05:33.9888661Z Preparing to unpack .../156-libgraphite2-dev_1.3.14-2ubuntu0.24.04.1_amd64.deb ...
desktop	Native Tauri prerequisites and approved Rust compiler	2026-10-03T16:05:33.9899827Z Unpacking libgraphite2-dev:amd64 (1.3.14-2ubuntu0.24.04.1) ...
desktop	Native Tauri prerequisites and approved Rust compiler	2026-10-03T16:05:34.0109611Z Selecting previously unselected package libharfbuzz-dev:amd64.
desktop	Native Tauri prerequisites and approved Rust compiler	2026-10-03T16:05:34.0230595Z Preparing to unpack .../157-libharfbuzz-dev_8.3.0-2build2_amd64.deb ...
desktop	Native Tauri prerequisites and approved Rust compiler	2026-10-03T16:05:34.0237665Z Unpacking libharfbuzz-dev:amd64 (8.3.0-2build2) ...
desktop	Native Tauri prerequisites and approved Rust compiler	2026-10-03T16:05:34.0562030Z Selecting previously unselected package libdatrie-dev:amd64.
desktop	Native Tauri prerequisites and approved Rust compiler	2026-10-03T16:05:34.0683226Z Preparing to unpack .../158-libdatrie-dev_0.2.13-3build1_amd64.deb ...
desktop	Native Tauri prerequisites and approved Rust compiler	2026-10-03T16:05:34.0692664Z Unpacking libdatrie-dev:amd64 (0.2.13-3build1) ...
desktop	Native Tauri prerequisites and approved Rust compiler	2026-10-03T16:05:34.0899984Z Selecting previously unselected package libthai-dev:amd64.
desktop	Native Tauri prerequisites and approved Rust compiler	2026-10-03T16:05:34.1021228Z Preparing to unpack .../159-libthai-dev_0.1.29-2build1_amd64.deb ...
desktop	Native Tauri prerequisites and approved Rust compiler	2026-10-03T16:05:34.1028748Z Unpacking libthai-dev:amd64 (0.1.29-2build1) ...
desktop	Native Tauri prerequisites and approved Rust compiler	2026-10-03T16:05:34.1728648Z Selecting previously unselected package libxft-dev:amd64.
desktop	Native Tauri prerequisites and approved Rust compiler	2026-10-03T16:05:34.1851080Z Preparing to unpack .../160-libxft-dev_2.3.6-1build1_amd64.deb ...
desktop	Native Tauri prerequisites and approved Rust compiler	2026-10-03T16:05:34.1866856Z Unpacking libxft-dev:amd64 (2.3.6-1build1) ...
desktop	Native Tauri prerequisites and approved Rust compiler	2026-10-03T16:05:34.2214907Z Selecting previously unselected package pango1.0-tools.
desktop	Native Tauri prerequisites and approved Rust compiler	2026-10-03T16:05:34.2336515Z Preparing to unpack .../161-pango1.0-tools_1.52.1+ds-1build1_amd64.deb ...
desktop	Native Tauri prerequisites and approved Rust compiler	2026-10-03T16:05:34.2344512Z Unpacking pango1.0-tools (1.52.1+ds-1build1) ...
desktop	Native Tauri prerequisites and approved Rust compiler	2026-10-03T16:05:34.2575891Z Selecting previously unselected package libpango1.0-dev:amd64.
desktop	Native Tauri prerequisites and approved Rust compiler	2026-10-03T16:05:34.2695801Z Preparing to unpack .../162-libpango1.0-dev_1.52.1+ds-1build1_amd64.deb ...
desktop	Native Tauri prerequisites and approved Rust compiler	2026-10-03T16:05:34.2708774Z Unpacking libpango1.0-dev:amd64 (1.52.1+ds-1build1) ...
desktop	Native Tauri prerequisites and approved Rust compiler	2026-10-03T16:05:34.3028514Z Selecting previously unselected package libwayland-bin.
desktop	Native Tauri prerequisites and approved Rust compiler	2026-10-03T16:05:34.3151801Z Preparing to unpack .../163-libwayland-bin_1.22.0-2.1build1_amd64.deb ...
desktop	Native Tauri prerequisites and approved Rust compiler	2026-10-03T16:05:34.3164327Z Unpacking libwayland-bin (1.22.0-2.1build1) ...
desktop	Native Tauri prerequisites and approved Rust compiler	2026-10-03T16:05:34.3366240Z Selecting previously unselected package libwayland-dev:amd64.
desktop	Native Tauri prerequisites and approved Rust compiler	2026-10-03T16:05:34.3486961Z Preparing to unpack .../164-libwayland-dev_1.22.0-2.1build1_amd64.deb ...
desktop	Native Tauri prerequisites and approved Rust compiler	2026-10-03T16:05:34.3498921Z Unpacking libwayland-dev:amd64 (1.22.0-2.1build1) ...
desktop	Native Tauri prerequisites and approved Rust compiler	2026-10-03T16:05:34.3734564Z Selecting previously unselected package libxcomposite-dev:amd64.
desktop	Native Tauri prerequisites and approved Rust compiler	2026-10-03T16:05:34.3855847Z Preparing to unpack .../165-libxcomposite-dev_1%3a0.4.5-1build3_amd64.deb ...
desktop	Native Tauri prerequisites and approved Rust compiler	2026-10-03T16:05:34.3865694Z Unpacking libxcomposite-dev:amd64 (1:0.4.5-1build3) ...
desktop	Native Tauri prerequisites and approved Rust compiler	2026-10-03T16:05:34.4072523Z Selecting previously unselected package libxcursor-dev:amd64.
desktop	Native Tauri prerequisites and approved Rust compiler	2026-10-03T16:05:34.4194005Z Preparing to unpack .../166-libxcursor-dev_1%3a1.2.1-1build1_amd64.deb ...
desktop	Native Tauri prerequisites and approved Rust compiler	2026-10-03T16:05:34.4201582Z Unpacking libxcursor-dev:amd64 (1:1.2.1-1build1) ...
desktop	Native Tauri prerequisites and approved Rust compiler	2026-10-03T16:05:34.4470350Z Selecting previously unselected package libxdamage-dev:amd64.
desktop	Native Tauri prerequisites and approved Rust compiler	2026-10-03T16:05:34.4590444Z Preparing to unpack .../167-libxdamage-dev_1%3a1.1.6-1build1_amd64.deb ...
desktop	Native Tauri prerequisites and approved Rust compiler	2026-10-03T16:05:34.4598016Z Unpacking libxdamage-dev:amd64 (1:1.1.6-1build1) ...
desktop	Native Tauri prerequisites and approved Rust compiler	2026-10-03T16:05:34.4809784Z Selecting previously unselected package libxinerama-dev:amd64.
desktop	Native Tauri prerequisites and approved Rust compiler	2026-10-03T16:05:34.4930967Z Preparing to unpack .../168-libxinerama-dev_2%3a1.1.4-3build1_amd64.deb ...
desktop	Native Tauri prerequisites and approved Rust compiler	2026-10-03T16:05:34.4940525Z Unpacking libxinerama-dev:amd64 (2:1.1.4-3build1) ...
desktop	Native Tauri prerequisites and approved Rust compiler	2026-10-03T16:05:34.5165170Z Selecting previously unselected package libxkbcommon-dev:amd64.
desktop	Native Tauri prerequisites and approved Rust compiler	2026-10-03T16:05:34.5284807Z Preparing to unpack .../169-libxkbcommon-dev_1.6.0-1build1_amd64.deb ...
desktop	Native Tauri prerequisites and approved Rust compiler	2026-10-03T16:05:34.5293898Z Unpacking libxkbcommon-dev:amd64 (1.6.0-1build1) ...
desktop	Native Tauri prerequisites and approved Rust compiler	2026-10-03T16:05:34.5525499Z Selecting previously unselected package libxrandr-dev:amd64.
desktop	Native Tauri prerequisites and approved Rust compiler	2026-10-03T16:05:34.5646183Z Preparing to unpack .../170-libxrandr-dev_2%3a1.5.2-2build1_amd64.deb ...
desktop	Native Tauri prerequisites and approved Rust compiler	2026-10-03T16:05:34.5654485Z Unpacking libxrandr-dev:amd64 (2:1.5.2-2build1) ...
desktop	Native Tauri prerequisites and approved Rust compiler	2026-10-03T16:05:34.5887897Z Selecting previously unselected package wayland-protocols.
desktop	Native Tauri prerequisites and approved Rust compiler	2026-10-03T16:05:34.6009368Z Preparing to unpack .../171-wayland-protocols_1.45-1~ubuntu0.24.04.2_all.deb ...
desktop	Native Tauri prerequisites and approved Rust compiler	2026-10-03T16:05:34.6016917Z Unpacking wayland-protocols (1.45-1~ubuntu0.24.04.2) ...
desktop	Native Tauri prerequisites and approved Rust compiler	2026-10-03T16:05:34.6361468Z Selecting previously unselected package libgtk-3-dev:amd64.
desktop	Native Tauri prerequisites and approved Rust compiler	2026-10-03T16:05:34.6484570Z Preparing to unpack .../172-libgtk-3-dev_3.24.41-4ubuntu1.3_amd64.deb ...
desktop	Native Tauri prerequisites and approved Rust compiler	2026-10-03T16:05:34.6502438Z Unpacking libgtk-3-dev:amd64 (3.24.41-4ubuntu1.3) ...
desktop	Native Tauri prerequisites and approved Rust compiler	2026-10-03T16:05:34.7625161Z Selecting previously unselected package libappindicator3-dev.
desktop	Native Tauri prerequisites and approved Rust compiler	2026-10-03T16:05:34.7753305Z Preparing to unpack .../173-libappindicator3-dev_12.10.1+20.10.20200706.1-0ubuntu5_amd64.deb ...
desktop	Native Tauri prerequisites and approved Rust compiler	2026-10-03T16:05:34.7763369Z Unpacking libappindicator3-dev (12.10.1+20.10.20200706.1-0ubuntu5) ...
desktop	Native Tauri prerequisites and approved Rust compiler	2026-10-03T16:05:34.7984562Z Selecting previously unselected package libgirepository-1.0-dev:amd64.
desktop	Native Tauri prerequisites and approved Rust compiler	2026-10-03T16:05:34.8110837Z Preparing to unpack .../174-libgirepository-1.0-dev_1.80.1-1_amd64.deb ...
desktop	Native Tauri prerequisites and approved Rust compiler	2026-10-03T16:05:34.8117812Z Unpacking libgirepository-1.0-dev:amd64 (1.80.1-1) ...
desktop	Native Tauri prerequisites and approved Rust compiler	2026-10-03T16:05:34.8351849Z Selecting previously unselected package libgirepository1.0-dev.
desktop	Native Tauri prerequisites and approved Rust compiler	2026-10-03T16:05:34.8474315Z Preparing to unpack .../175-libgirepository1.0-dev_1.80.1-1_amd64.deb ...
desktop	Native Tauri prerequisites and approved Rust compiler	2026-10-03T16:05:34.8486557Z Unpacking libgirepository1.0-dev (1.80.1-1) ...
desktop	Native Tauri prerequisites and approved Rust compiler	2026-10-03T16:05:34.8676805Z Selecting previously unselected package libjavascriptcoregtk-4.1-dev:amd64.
desktop	Native Tauri prerequisites and approved Rust compiler	2026-10-03T16:05:34.8800143Z Preparing to unpack .../176-libjavascriptcoregtk-4.1-dev_2.52.6-0ubuntu0.24.04.1_amd64.deb ...
desktop	Native Tauri prerequisites and approved Rust compiler	2026-10-03T16:05:34.8808537Z Unpacking libjavascriptcoregtk-4.1-dev:amd64 (2.52.6-0ubuntu0.24.04.1) ...
desktop	Native Tauri prerequisites and approved Rust compiler	2026-10-03T16:05:34.9063703Z Selecting previously unselected package libnghttp2-dev:amd64.
desktop	Native Tauri prerequisites and approved Rust compiler	2026-10-03T16:05:34.9187020Z Preparing to unpack .../177-libnghttp2-dev_1.59.0-1ubuntu0.4_amd64.deb ...
desktop	Native Tauri prerequisites and approved Rust compiler	2026-10-03T16:05:34.9197795Z Unpacking libnghttp2-dev:amd64 (1.59.0-1ubuntu0.4) ...
desktop	Native Tauri prerequisites and approved Rust compiler	2026-10-03T16:05:34.9442456Z Selecting previously unselected package libwebrtc-audio-processing1:amd64.
desktop	Native Tauri prerequisites and approved Rust compiler	2026-10-03T16:05:34.9565469Z Preparing to unpack .../178-libwebrtc-audio-processing1_0.3.1-0ubuntu6_amd64.deb ...
desktop	Native Tauri prerequisites and approved Rust compiler	2026-10-03T16:05:34.9583939Z Unpacking libwebrtc-audio-processing1:amd64 (0.3.1-0ubuntu6) ...
desktop	Native Tauri prerequisites and approved Rust compiler	2026-10-03T16:05:34.9868510Z Selecting previously unselected package libspa-0.2-modules:amd64.
desktop	Native Tauri prerequisites and approved Rust compiler	2026-10-03T16:05:34.9991063Z Preparing to unpack .../179-libspa-0.2-modules_1.0.5-1ubuntu3.3_amd64.deb ...
desktop	Native Tauri prerequisites and approved Rust compiler	2026-10-03T16:05:35.0003513Z Unpacking libspa-0.2-modules:amd64 (1.0.5-1ubuntu3.3) ...
desktop	Native Tauri prerequisites and approved Rust compiler	2026-10-03T16:05:35.0321177Z Selecting previously unselected package libpipewire-0.3-0t64:amd64.
desktop	Native Tauri prerequisites and approved Rust compiler	2026-10-03T16:05:35.0443914Z Preparing to unpack .../180-libpipewire-0.3-0t64_1.0.5-1ubuntu3.3_amd64.deb ...
desktop	Native Tauri prerequisites and approved Rust compiler	2026-10-03T16:05:35.0453073Z Unpacking libpipewire-0.3-0t64:amd64 (1.0.5-1ubuntu3.3) ...
desktop	Native Tauri prerequisites and approved Rust compiler	2026-10-03T16:05:35.0680991Z Selecting previously unselected package libpipewire-0.3-common.
desktop	Native Tauri prerequisites and approved Rust compiler	2026-10-03T16:05:35.0804350Z Preparing to unpack .../181-libpipewire-0.3-common_1.0.5-1ubuntu3.3_all.deb ...
desktop	Native Tauri prerequisites and approved Rust compiler	2026-10-03T16:05:35.0824791Z Unpacking libpipewire-0.3-common (1.0.5-1ubuntu3.3) ...
desktop	Native Tauri prerequisites and approved Rust compiler	2026-10-03T16:05:35.1058877Z Selecting previously unselected package libpng-tools.
desktop	Native Tauri prerequisites and approved Rust compiler	2026-10-03T16:05:35.1180754Z Preparing to unpack .../182-libpng-tools_1.6.43-5ubuntu0.6_amd64.deb ...
desktop	Native Tauri prerequisites and approved Rust compiler	2026-10-03T16:05:35.1189035Z Unpacking libpng-tools (1.6.43-5ubuntu0.6) ...
desktop	Native Tauri prerequisites and approved Rust compiler	2026-10-03T16:05:35.1380723Z Selecting previously unselected package libpsl-dev:amd64.
desktop	Native Tauri prerequisites and approved Rust compiler	2026-10-03T16:05:35.1502039Z Preparing to unpack .../183-libpsl-dev_0.21.2-1.1build1_amd64.deb ...
desktop	Native Tauri prerequisites and approved Rust compiler	2026-10-03T16:05:35.1510167Z Unpacking libpsl-dev:amd64 (0.21.2-1.1build1) ...
desktop	Native Tauri prerequisites and approved Rust compiler	2026-10-03T16:05:35.1743037Z Selecting previously unselected package librsvg2-common:amd64.
desktop	Native Tauri prerequisites and approved Rust compiler	2026-10-03T16:05:35.1863846Z Preparing to unpack .../184-librsvg2-common_2.58.0+dfsg-1build1_amd64.deb ...
desktop	Native Tauri prerequisites and approved Rust compiler	2026-10-03T16:05:35.1886465Z Unpacking librsvg2-common:amd64 (2.58.0+dfsg-1build1) ...
desktop	Native Tauri prerequisites and approved Rust compiler	2026-10-03T16:05:35.2230401Z Selecting previously unselected package librsvg2-dev:amd64.
desktop	Native Tauri prerequisites and approved Rust compiler	2026-10-03T16:05:35.2352784Z Preparing to unpack .../185-librsvg2-dev_2.58.0+dfsg-1build1_amd64.deb ...
desktop	Native Tauri prerequisites and approved Rust compiler	2026-10-03T16:05:35.2364363Z Unpacking librsvg2-dev:amd64 (2.58.0+dfsg-1build1) ...
desktop	Native Tauri prerequisites and approved Rust compiler	2026-10-03T16:05:35.2581535Z Selecting previously unselected package libsysprof-capture-4-dev:amd64.
desktop	Native Tauri prerequisites and approved Rust compiler	2026-10-03T16:05:35.2703278Z Preparing to unpack .../186-libsysprof-capture-4-dev_46.0-1build1_amd64.deb ...
desktop	Native Tauri prerequisites and approved Rust compiler	2026-10-03T16:05:35.2712288Z Unpacking libsysprof-capture-4-dev:amd64 (46.0-1build1) ...
desktop	Native Tauri prerequisites and approved Rust compiler	2026-10-03T16:05:35.2937915Z Selecting previously unselected package libsoup-3.0-dev:amd64.
desktop	Native Tauri prerequisites and approved Rust compiler	2026-10-03T16:05:35.3060086Z Preparing to unpack .../187-libsoup-3.0-dev_3.4.4-5ubuntu0.8_amd64.deb ...
desktop	Native Tauri prerequisites and approved Rust compiler	2026-10-03T16:05:35.3066983Z Unpacking libsoup-3.0-dev:amd64 (3.4.4-5ubuntu0.8) ...
desktop	Native Tauri prerequisites and approved Rust compiler	2026-10-03T16:05:35.3358497Z Selecting previously unselected package libwebkit2gtk-4.1-dev.
desktop	Native Tauri prerequisites and approved Rust compiler	2026-10-03T16:05:35.3481050Z Preparing to unpack .../188-libwebkit2gtk-4.1-dev_2.52.6-0ubuntu0.24.04.1_amd64.deb ...
desktop	Native Tauri prerequisites and approved Rust compiler	2026-10-03T16:05:35.3492919Z Unpacking libwebkit2gtk-4.1-dev (2.52.6-0ubuntu0.24.04.1) ...
desktop	Native Tauri prerequisites and approved Rust compiler	2026-10-03T16:05:35.4159345Z Selecting previously unselected package xdg-desktop-portal.
desktop	Native Tauri prerequisites and approved Rust compiler	2026-10-03T16:05:35.4286402Z Preparing to unpack .../189-xdg-desktop-portal_1.18.4-1ubuntu2.24.04.3_amd64.deb ...
desktop	Native Tauri prerequisites and approved Rust compiler	2026-10-03T16:05:35.4297920Z Unpacking xdg-desktop-portal (1.18.4-1ubuntu2.24.04.3) ...
desktop	Native Tauri prerequisites and approved Rust compiler	2026-10-03T16:05:35.4580379Z Selecting previously unselected package xdg-desktop-portal-gtk.
desktop	Native Tauri prerequisites and approved Rust compiler	2026-10-03T16:05:35.4703691Z Preparing to unpack .../190-xdg-desktop-portal-gtk_1.15.1-1build2_amd64.deb ...
desktop	Native Tauri prerequisites and approved Rust compiler	2026-10-03T16:05:35.4717639Z Unpacking xdg-desktop-portal-gtk (1.15.1-1build2) ...
desktop	Native Tauri prerequisites and approved Rust compiler	2026-10-03T16:05:35.5249654Z Setting up libpipewire-0.3-common (1.0.5-1ubuntu3.3) ...
desktop	Native Tauri prerequisites and approved Rust compiler	2026-10-03T16:05:35.5279491Z Setting up bubblewrap (0.9.0-1ubuntu0.3) ...
desktop	Native Tauri prerequisites and approved Rust compiler	2026-10-03T16:05:35.5321519Z Setting up libcairo-script-interpreter2:amd64 (1.18.0-3build1) ...
desktop	Native Tauri prerequisites and approved Rust compiler	2026-10-03T16:05:35.5348932Z Setting up libglib2.0-dev-bin (2.80.0-6ubuntu3.9) ...
desktop	Native Tauri prerequisites and approved Rust compiler	2026-10-03T16:05:35.6925668Z Setting up libcdparanoia0:amd64 (3.10.2+debian-14build3) ...
desktop	Native Tauri prerequisites and approved Rust compiler	2026-10-03T16:05:35.6949709Z Setting up bzip2-doc (1.0.8-5.1ubuntu0.1) ...
desktop	Native Tauri prerequisites and approved Rust compiler	2026-10-03T16:05:35.6988544Z Setting up libwayland-server0:amd64 (1.22.0-2.1build1) ...
desktop	Native Tauri prerequisites and approved Rust compiler	2026-10-03T16:05:35.7009948Z Setting up libnghttp2-dev:amd64 (1.59.0-1ubuntu0.4) ...
desktop	Native Tauri prerequisites and approved Rust compiler	2026-10-03T16:05:35.7034398Z Setting up mesa-libgallium:amd64 (25.2.8-0ubuntu0.24.04.4) ...
desktop	Native Tauri prerequisites and approved Rust compiler	2026-10-03T16:05:35.7056154Z Setting up session-migration (0.3.9build1) ...
desktop	Native Tauri prerequisites and approved Rust compiler	2026-10-03T16:05:35.8478938Z Created symlink /etc/systemd/user/graphical-session-pre.target.wants/session-migration.service → /usr/lib/systemd/user/session-migration.service.
desktop	Native Tauri prerequisites and approved Rust compiler	2026-10-03T16:05:35.8480025Z 
desktop	Native Tauri prerequisites and approved Rust compiler	2026-10-03T16:05:35.8515133Z Setting up libjpeg-turbo8-dev:amd64 (2.1.5-2ubuntu2) ...
desktop	Native Tauri prerequisites and approved Rust compiler	2026-10-03T16:05:35.8536956Z Setting up libraw1394-11:amd64 (2.1.2-2build3) ...
desktop	Native Tauri prerequisites and approved Rust compiler	2026-10-03T16:05:35.8564526Z Setting up libproxy1v5:amd64 (0.5.4-4build1) ...
desktop	Native Tauri prerequisites and approved Rust compiler	2026-10-03T16:05:35.8585594Z Setting up gir1.2-freedesktop:amd64 (1.80.1-1) ...
desktop	Native Tauri prerequisites and approved Rust compiler	2026-10-03T16:05:35.8611513Z Setting up libtag1v5-vanilla:amd64 (1.13.1-1build1) ...
desktop	Native Tauri prerequisites and approved Rust compiler	2026-10-03T16:05:35.8634937Z Setting up libharfbuzz-icu0:amd64 (8.3.0-2build2) ...
desktop	Native Tauri prerequisites and approved Rust compiler	2026-10-03T16:05:35.8662442Z Setting up libpixman-1-dev:amd64 (0.42.2-1build1) ...
desktop	Native Tauri prerequisites and approved Rust compiler	2026-10-03T16:05:35.8683841Z Setting up libspeex1:amd64 (1.2.1-2ubuntu2.24.04.1) ...
desktop	Native Tauri prerequisites and approved Rust compiler	2026-10-03T16:05:35.8707453Z Setting up libcaca0:amd64 (0.99.beta20-4ubuntu0.2) ...
desktop	Native Tauri prerequisites and approved Rust compiler	2026-10-03T16:05:35.8768315Z Setting up libv4lconvert0t64:amd64 (1.26.1-4build3) ...
desktop	Native Tauri prerequisites and approved Rust compiler	2026-10-03T16:05:35.8806408Z Setting up libpangoxft-1.0-0:amd64 (1.52.1+ds-1build1) ...
desktop	Native Tauri prerequisites and approved Rust compiler	2026-10-03T16:05:35.8833960Z Setting up gir1.2-dbusmenu-glib-0.4:amd64 (18.10.20180917~bzr492+repack1-3.1ubuntu5) ...
desktop	Native Tauri prerequisites and approved Rust compiler	2026-10-03T16:05:35.8863530Z Setting up libglvnd-core-dev:amd64 (1.7.0-1build1) ...
desktop	Native Tauri prerequisites and approved Rust compiler	2026-10-03T16:05:35.8896314Z Setting up libtwolame0:amd64 (0.4.0-2build3) ...
desktop	Native Tauri prerequisites and approved Rust compiler	2026-10-03T16:05:35.8929782Z Setting up gir1.2-gdkpixbuf-2.0:amd64 (2.42.10+dfsg-3ubuntu3.3) ...
desktop	Native Tauri prerequisites and approved Rust compiler	2026-10-03T16:05:35.8960142Z Setting up libhyphen0:amd64 (2.8.8-7build3) ...
desktop	Native Tauri prerequisites and approved Rust compiler	2026-10-03T16:05:35.8981810Z Setting up libgbm1:amd64 (25.2.8-0ubuntu0.24.04.4) ...
desktop	Native Tauri prerequisites and approved Rust compiler	2026-10-03T16:05:35.9003848Z Setting up libpng-tools (1.6.43-5ubuntu0.6) ...
desktop	Native Tauri prerequisites and approved Rust compiler	2026-10-03T16:05:35.9023916Z Setting up libgirepository-2.0-0:amd64 (2.80.0-6ubuntu3.9) ...
desktop	Native Tauri prerequisites and approved Rust compiler	2026-10-03T16:05:35.9050697Z Setting up libvisual-0.4-0:amd64 (0.4.2-2build1) ...
desktop	Native Tauri prerequisites and approved Rust compiler	2026-10-03T16:05:35.9071766Z Setting up gir1.2-atk-1.0:amd64 (2.52.0-1build1) ...
desktop	Native Tauri prerequisites and approved Rust compiler	2026-10-03T16:05:35.9092154Z Setting up libfribidi-dev:amd64 (1.0.13-3build1) ...
desktop	Native Tauri prerequisites and approved Rust compiler	2026-10-03T16:05:35.9122173Z Setting up libmanette-0.2-0:amd64 (0.2.7-1build2) ...
desktop	Native Tauri prerequisites and approved Rust compiler	2026-10-03T16:05:35.9146106Z Setting up libxkbcommon-dev:amd64 (1.6.0-1build1) ...
desktop	Native Tauri prerequisites and approved Rust compiler	2026-10-03T16:05:35.9185550Z Setting up libgl1-mesa-dri:amd64 (25.2.8-0ubuntu0.24.04.4) ...
desktop	Native Tauri prerequisites and approved Rust compiler	2026-10-03T16:05:35.9279121Z Setting up libpng-dev:amd64 (1.6.43-5ubuntu0.6) ...
desktop	Native Tauri prerequisites and approved Rust compiler	2026-10-03T16:05:35.9303622Z Setting up pango1.0-tools (1.52.1+ds-1build1) ...
desktop	Native Tauri prerequisites and approved Rust compiler	2026-10-03T16:05:35.9337962Z Setting up libjbig-dev:amd64 (2.1-6.1ubuntu2) ...
desktop	Native Tauri prerequisites and approved Rust compiler	2026-10-03T16:05:35.9376892Z Setting up libwebrtc-audio-processing1:amd64 (0.3.1-0ubuntu6) ...
desktop	Native Tauri prerequisites and approved Rust compiler	2026-10-03T16:05:35.9401620Z Setting up libwebpdecoder3:amd64 (1.3.2-0.4build3) ...
desktop	Native Tauri prerequisites and approved Rust compiler	2026-10-03T16:05:35.9438360Z Setting up libharfbuzz-gobject0:amd64 (8.3.0-2build2) ...
desktop	Native Tauri prerequisites and approved Rust compiler	2026-10-03T16:05:35.9469712Z Setting up gir1.2-atspi-2.0:amd64 (2.52.0-1build1) ...
desktop	Native Tauri prerequisites and approved Rust compiler	2026-10-03T16:05:35.9503916Z Setting up libsoup-3.0-common (3.4.4-5ubuntu0.8) ...
desktop	Native Tauri prerequisites and approved Rust compiler	2026-10-03T16:05:35.9524658Z Setting up libmpg123-0t64:amd64 (1.32.5-1ubuntu1.1) ...
desktop	Native Tauri prerequisites and approved Rust compiler	2026-10-03T16:05:35.9549311Z Setting up gir1.2-harfbuzz-0.0:amd64 (8.3.0-2build2) ...
desktop	Native Tauri prerequisites and approved Rust compiler	2026-10-03T16:05:35.9577167Z Setting up libpthread-stubs0-dev:amd64 (0.4-1build3) ...
desktop	Native Tauri prerequisites and approved Rust compiler	2026-10-03T16:05:35.9600603Z Setting up libopengl0:amd64 (1.7.0-1build1) ...
desktop	Native Tauri prerequisites and approved Rust compiler	2026-10-03T16:05:35.9623071Z Setting up libappindicator3-1 (12.10.1+20.10.20200706.1-0ubuntu5) ...
desktop	Native Tauri prerequisites and approved Rust compiler	2026-10-03T16:05:35.9644376Z Setting up libpsl-dev:amd64 (0.21.2-1.1build1) ...
desktop	Native Tauri prerequisites and approved Rust compiler	2026-10-03T16:05:35.9671356Z Setting up liborc-0.4-0t64:amd64 (1:0.4.38-1ubuntu0.1) ...
desktop	Native Tauri prerequisites and approved Rust compiler	2026-10-03T16:05:35.9700417Z Setting up librsvg2-2:amd64 (2.58.0+dfsg-1build1) ...
desktop	Native Tauri prerequisites and approved Rust compiler	2026-10-03T16:05:35.9723590Z Setting up libsysprof-capture-4-dev:amd64 (46.0-1build1) ...
desktop	Native Tauri prerequisites and approved Rust compiler	2026-10-03T16:05:35.9743486Z Setting up xtrans-dev (1.4.0-1) ...
desktop	Native Tauri prerequisites and approved Rust compiler	2026-10-03T16:05:35.9765450Z Setting up libwayland-bin (1.22.0-2.1build1) ...
desktop	Native Tauri prerequisites and approved Rust compiler	2026-10-03T16:05:35.9789058Z Setting up libgraphite2-dev:amd64 (1.3.14-2ubuntu0.24.04.1) ...
desktop	Native Tauri prerequisites and approved Rust compiler	2026-10-03T16:05:35.9813507Z Setting up gir1.2-pango-1.0:amd64 (1.52.1+ds-1build1) ...
desktop	Native Tauri prerequisites and approved Rust compiler	2026-10-03T16:05:35.9876300Z Setting up libegl-mesa0:amd64 (25.2.8-0ubuntu0.24.04.4) ...
desktop	Native Tauri prerequisites and approved Rust compiler	2026-10-03T16:05:35.9907766Z Setting up libjavascriptcoregtk-4.1-0:amd64 (2.52.6-0ubuntu0.24.04.1) ...
desktop	Native Tauri prerequisites and approved Rust compiler	2026-10-03T16:05:35.9945267Z Setting up libgles2:amd64 (1.7.0-1build1) ...
desktop	Native Tauri prerequisites and approved Rust compiler	2026-10-03T16:05:35.9970125Z Setting up libharfbuzz-cairo0:amd64 (8.3.0-2build2) ...
desktop	Native Tauri prerequisites and approved Rust compiler	2026-10-03T16:05:36.0002388Z Setting up libdbus-1-dev:amd64 (1.14.10-4ubuntu4.1) ...
desktop	Native Tauri prerequisites and approved Rust compiler	2026-10-03T16:05:36.1542065Z Setting up libspa-0.2-modules:amd64 (1.0.5-1ubuntu3.3) ...
desktop	Native Tauri prerequisites and approved Rust compiler	2026-10-03T16:05:36.1576372Z Setting up libdbus-glib-1-2:amd64 (0.112-3build2) ...
desktop	Native Tauri prerequisites and approved Rust compiler	2026-10-03T16:05:36.1606713Z Setting up uuid-dev:amd64 (2.39.3-9ubuntu6.6) ...
desktop	Native Tauri prerequisites and approved Rust compiler	2026-10-03T16:05:36.1629604Z Setting up libgles1:amd64 (1.7.0-1build1) ...
desktop	Native Tauri prerequisites and approved Rust compiler	2026-10-03T16:05:36.1659130Z Setting up libopus0:amd64 (1.4-1build1) ...
desktop	Native Tauri prerequisites and approved Rust compiler	2026-10-03T16:05:36.1686068Z Setting up libxv1:amd64 (2:1.0.11-1.1build1) ...
desktop	Native Tauri prerequisites and approved Rust compiler	2026-10-03T16:05:36.1710408Z Setting up python3-markdown (3.5.2-1) ...
desktop	Native Tauri prerequisites and approved Rust compiler	2026-10-03T16:05:36.3210548Z Setting up libdv4t64:amd64 (1.0.0-17.1build1) ...
desktop	Native Tauri prerequisites and approved Rust compiler	2026-10-03T16:05:36.3236202Z Setting up libsepol-dev:amd64 (3.5-2build1) ...
desktop	Native Tauri prerequisites and approved Rust compiler	2026-10-03T16:05:36.3263935Z Setting up liblerc-dev:amd64 (4.0.0+ds-4ubuntu2) ...
desktop	Native Tauri prerequisites and approved Rust compiler	2026-10-03T16:05:36.3289834Z Setting up librsvg2-common:amd64 (2.58.0+dfsg-1build1) ...
desktop	Native Tauri prerequisites and approved Rust compiler	2026-10-03T16:05:36.3403718Z Setting up libdbusmenu-glib-dev:amd64 (18.10.20180917~bzr492+repack1-3.1ubuntu5) ...
desktop	Native Tauri prerequisites and approved Rust compiler	2026-10-03T16:05:36.3433913Z Setting up libv4l-0t64:amd64 (1.26.1-4build3) ...
desktop	Native Tauri prerequisites and approved Rust compiler	2026-10-03T16:05:36.3464956Z Setting up liblzma-dev:amd64 (5.6.1+really5.4.5-1ubuntu0.3) ...
desktop	Native Tauri prerequisites and approved Rust compiler	2026-10-03T16:05:36.3496194Z Setting up xdg-dbus-proxy (0.1.5-1ubuntu0.2) ...
desktop	Native Tauri prerequisites and approved Rust compiler	2026-10-03T16:05:36.3518720Z Setting up libvpx9:amd64 (1.14.0-1ubuntu2.3) ...
desktop	Native Tauri prerequisites and approved Rust compiler	2026-10-03T16:05:36.3548582Z Setting up wayland-protocols (1.45-1~ubuntu0.24.04.2) ...
desktop	Native Tauri prerequisites and approved Rust compiler	2026-10-03T16:05:36.3586300Z Setting up libtag1v5:amd64 (1.13.1-1build1) ...
desktop	Native Tauri prerequisites and approved Rust compiler	2026-10-03T16:05:36.3608294Z Setting up libdatrie-dev:amd64 (0.2.13-3build1) ...
desktop	Native Tauri prerequisites and approved Rust compiler	2026-10-03T16:05:36.3636227Z Setting up gir1.2-glib-2.0-dev:amd64 (2.80.0-6ubuntu3.9) ...
desktop	Native Tauri prerequisites and approved Rust compiler	2026-10-03T16:05:36.3661654Z Setting up libasyncns0:amd64 (0.8-6build4) ...
desktop	Native Tauri prerequisites and approved Rust compiler	2026-10-03T16:05:36.3687216Z Setting up libgdk-pixbuf2.0-bin (2.42.10+dfsg-3ubuntu3.3) ...
desktop	Native Tauri prerequisites and approved Rust compiler	2026-10-03T16:05:36.3713608Z Setting up libwavpack1:amd64 (5.6.0-1build1) ...
desktop	Native Tauri prerequisites and approved Rust compiler	2026-10-03T16:05:36.4224984Z Setting up libtheora0:amd64 (1.1.1+dfsg.1-16.1build3) ...
desktop	Native Tauri prerequisites and approved Rust compiler	2026-10-03T16:05:36.4253798Z Setting up libegl1:amd64 (1.7.0-1build1) ...
desktop	Native Tauri prerequisites and approved Rust compiler	2026-10-03T16:05:36.4283935Z Setting up libharfbuzz-subset0:amd64 (8.3.0-2build2) ...
desktop	Native Tauri prerequisites and approved Rust compiler	2026-10-03T16:05:36.4352459Z Setting up build-essential (12.10ubuntu1) ...
desktop	Native Tauri prerequisites and approved Rust compiler	2026-10-03T16:05:36.4383370Z Setting up xorg-sgml-doctools (1:1.11-1.1) ...
desktop	Native Tauri prerequisites and approved Rust compiler	2026-10-03T16:05:36.4411466Z Setting up libflac12t64:amd64 (1.4.3+ds-2.1ubuntu2) ...
desktop	Native Tauri prerequisites and approved Rust compiler	2026-10-03T16:05:36.4453876Z Setting up libopengl-dev:amd64 (1.7.0-1build1) ...
desktop	Native Tauri prerequisites and approved Rust compiler	2026-10-03T16:05:36.4483347Z Setting up glib-networking-common (2.80.0-1build1) ...
desktop	Native Tauri prerequisites and approved Rust compiler	2026-10-03T16:05:36.4521945Z Setting up libjpeg8-dev:amd64 (8c-2ubuntu11) ...
desktop	Native Tauri prerequisites and approved Rust compiler	2026-10-03T16:05:36.4548284Z Setting up gir1.2-rsvg-2.0:amd64 (2.58.0+dfsg-1build1) ...
desktop	Native Tauri prerequisites and approved Rust compiler	2026-10-03T16:05:36.4573870Z Setting up libsharpyuv-dev:amd64 (1.3.2-0.4build3) ...
desktop	Native Tauri prerequisites and approved Rust compiler	2026-10-03T16:05:36.4597390Z Setting up libtiffxx6:amd64 (4.5.1+git230720-4ubuntu2.5) ...
desktop	Native Tauri prerequisites and approved Rust compiler	2026-10-03T16:05:36.4617733Z Setting up libdeflate-dev:amd64 (1.19-1build1.1) ...
desktop	Native Tauri prerequisites and approved Rust compiler	2026-10-03T16:05:36.4641944Z Setting up libpipewire-0.3-0t64:amd64 (1.0.5-1ubuntu3.3) ...
desktop	Native Tauri prerequisites and approved Rust compiler	2026-10-03T16:05:36.4666382Z Setting up libbrotli-dev:amd64 (1.1.0-2build2) ...
desktop	Native Tauri prerequisites and approved Rust compiler	2026-10-03T16:05:36.4687553Z Setting up libsecret-common (0.21.4-1build3) ...
desktop	Native Tauri prerequisites and approved Rust compiler	2026-10-03T16:05:36.4707682Z Setting up libmp3lame0:amd64 (3.100-6build1) ...
desktop	Native Tauri prerequisites and approved Rust compiler	2026-10-03T16:05:36.4742247Z Setting up libgraphene-1.0-0:amd64 (1.10.8-3build2) ...
desktop	Native Tauri prerequisites and approved Rust compiler	2026-10-03T16:05:36.4785309Z Setting up python3-mako (1.3.2-1ubuntu0.1) ...
desktop	Native Tauri prerequisites and approved Rust compiler	2026-10-03T16:05:36.6237936Z Setting up libvorbisenc2:amd64 (1.3.7-1build3) ...
desktop	Native Tauri prerequisites and approved Rust compiler	2026-10-03T16:05:36.6257812Z Setting up libaa1:amd64 (1.4p5-51.1) ...
desktop	Native Tauri prerequisites and approved Rust compiler	2026-10-03T16:05:36.6291467Z Setting up libiec61883-0:amd64 (1.2.0-6build1) ...
desktop	Native Tauri prerequisites and approved Rust compiler	2026-10-03T16:05:36.6324342Z Setting up libbz2-dev:amd64 (1.0.8-5.1ubuntu0.1) ...
desktop	Native Tauri prerequisites and approved Rust compiler	2026-10-03T16:05:36.6352587Z Setting up libavc1394-0:amd64 (0.5.4-5build3) ...
desktop	Native Tauri prerequisites and approved Rust compiler	2026-10-03T16:05:36.6387404Z Setting up gsettings-desktop-schemas (46.1-0ubuntu1) ...
desktop	Native Tauri prerequisites and approved Rust compiler	2026-10-03T16:05:36.6411041Z Setting up glib-networking-services (2.80.0-1build1) ...
desktop	Native Tauri prerequisites and approved Rust compiler	2026-10-03T16:05:36.6450062Z Setting up libblkid-dev:amd64 (2.39.3-9ubuntu6.6) ...
desktop	Native Tauri prerequisites and approved Rust compiler	2026-10-03T16:05:36.6476380Z Setting up libglx-mesa0:amd64 (25.2.8-0ubuntu0.24.04.4) ...
desktop	Native Tauri prerequisites and approved Rust compiler	2026-10-03T16:05:36.6540468Z Setting up xdg-desktop-portal (1.18.4-1ubuntu2.24.04.3) ...
desktop	Native Tauri prerequisites and approved Rust compiler	2026-10-03T16:05:36.7588328Z Created symlink /etc/systemd/user/graphical-session-pre.target.wants/xdg-desktop-portal-rewrite-launchers.service → /usr/lib/systemd/user/xdg-desktop-portal-rewrite-launchers.service.
desktop	Native Tauri prerequisites and approved Rust compiler	2026-10-03T16:05:36.7589617Z 
desktop	Native Tauri prerequisites and approved Rust compiler	2026-10-03T16:05:36.7682767Z Setting up libselinux1-dev:amd64 (3.5-2ubuntu2.1) ...
desktop	Native Tauri prerequisites and approved Rust compiler	2026-10-03T16:05:36.7683765Z Setting up gobject-introspection-bin (1.80.1-1) ...
desktop	Native Tauri prerequisites and approved Rust compiler	2026-10-03T16:05:36.9491952Z Setting up libdbus-glib-1-dev-bin (0.112-3build2) ...
desktop	Native Tauri prerequisites and approved Rust compiler	2026-10-03T16:05:36.9523137Z Setting up gir1.2-gtk-3.0:amd64 (3.24.41-4ubuntu1.3) ...
desktop	Native Tauri prerequisites and approved Rust compiler	2026-10-03T16:05:36.9544653Z Setting up libjpeg-dev:amd64 (8c-2ubuntu11) ...
desktop	Native Tauri prerequisites and approved Rust compiler	2026-10-03T16:05:36.9565752Z Setting up libgstreamer-plugins-base1.0-0:amd64 (1.24.2-1ubuntu0.5) ...
desktop	Native Tauri prerequisites and approved Rust compiler	2026-10-03T16:05:36.9592040Z Setting up gir1.2-girepository-2.0-dev:amd64 (1.80.1-1) ...
desktop	Native Tauri prerequisites and approved Rust compiler	2026-10-03T16:05:36.9614838Z Setting up libwayland-dev:amd64 (1.22.0-2.1build1) ...
desktop	Native Tauri prerequisites and approved Rust compiler	2026-10-03T16:05:36.9635970Z Setting up gir1.2-javascriptcoregtk-4.1:amd64 (2.52.6-0ubuntu0.24.04.1) ...
desktop	Native Tauri prerequisites and approved Rust compiler	2026-10-03T16:05:36.9666442Z Setting up libfreetype-dev:amd64 (2.13.2+dfsg-1ubuntu0.1) ...
desktop	Native Tauri prerequisites and approved Rust compiler	2026-10-03T16:05:36.9689861Z Setting up libsecret-1-0:amd64 (0.21.4-1build3) ...
desktop	Native Tauri prerequisites and approved Rust compiler	2026-10-03T16:05:36.9724205Z Setting up libgstreamer-plugins-good1.0-0:amd64 (1.24.2-1ubuntu1.8) ...
desktop	Native Tauri prerequisites and approved Rust compiler	2026-10-03T16:05:36.9768912Z Setting up libwebp-dev:amd64 (1.3.2-0.4build3) ...
desktop	Native Tauri prerequisites and approved Rust compiler	2026-10-03T16:05:36.9803703Z Setting up libgstreamer-gl1.0-0:amd64 (1.24.2-1ubuntu0.5) ...
desktop	Native Tauri prerequisites and approved Rust compiler	2026-10-03T16:05:36.9873412Z Setting up gstreamer1.0-plugins-base:amd64 (1.24.2-1ubuntu0.5) ...
desktop	Native Tauri prerequisites and approved Rust compiler	2026-10-03T16:05:36.9904661Z Setting up gir1.2-appindicator3-0.1 (12.10.1+20.10.20200706.1-0ubuntu5) ...
desktop	Native Tauri prerequisites and approved Rust compiler	2026-10-03T16:05:36.9947298Z Setting up libtiff-dev:amd64 (4.5.1+git230720-4ubuntu2.5) ...
desktop	Native Tauri prerequisites and approved Rust compiler	2026-10-03T16:05:36.9978605Z Setting up gir1.2-freedesktop-dev:amd64 (1.80.1-1) ...
desktop	Native Tauri prerequisites and approved Rust compiler	2026-10-03T16:05:37.0008885Z Setting up libshout3:amd64 (2.4.6-1build2) ...
desktop	Native Tauri prerequisites and approved Rust compiler	2026-10-03T16:05:37.0031851Z Setting up libthai-dev:amd64 (0.1.29-2build1) ...
desktop	Native Tauri prerequisites and approved Rust compiler	2026-10-03T16:05:37.0060000Z Setting up libsndfile1:amd64 (1.2.2-1ubuntu5.24.04.1) ...
desktop	Native Tauri prerequisites and approved Rust compiler	2026-10-03T16:05:37.0089047Z Setting up libmount-dev:amd64 (2.39.3-9ubuntu6.6) ...
desktop	Native Tauri prerequisites and approved Rust compiler	2026-10-03T16:05:37.0117923Z Setting up gstreamer1.0-gl:amd64 (1.24.2-1ubuntu0.5) ...
desktop	Native Tauri prerequisites and approved Rust compiler	2026-10-03T16:05:37.0140143Z Setting up gstreamer1.0-x:amd64 (1.24.2-1ubuntu0.5) ...
desktop	Native Tauri prerequisites and approved Rust compiler	2026-10-03T16:05:37.0174204Z Setting up libpulse0:amd64 (1:16.1+dfsg1-2ubuntu10.1) ...
desktop	Native Tauri prerequisites and approved Rust compiler	2026-10-03T16:05:37.0256211Z Setting up libfontconfig-dev:amd64 (2.15.0-1.1ubuntu2) ...
desktop	Native Tauri prerequisites and approved Rust compiler	2026-10-03T16:05:37.0283654Z Setting up libglib2.0-dev:amd64 (2.80.0-6ubuntu3.9) ...
desktop	Native Tauri prerequisites and approved Rust compiler	2026-10-03T16:05:37.0896389Z Processing triggers for libgdk-pixbuf-2.0-0:amd64 (2.42.10+dfsg-3ubuntu3.3) ...
desktop	Native Tauri prerequisites and approved Rust compiler	2026-10-03T16:05:37.1811015Z Processing triggers for sgml-base (1.31) ...
desktop	Native Tauri prerequisites and approved Rust compiler	2026-10-03T16:05:37.2423546Z Processing triggers for install-info (7.1-3build2) ...
desktop	Native Tauri prerequisites and approved Rust compiler	2026-10-03T16:05:37.5706435Z Setting up x11proto-dev (2023.2-1) ...
desktop	Native Tauri prerequisites and approved Rust compiler	2026-10-03T16:05:37.5799777Z Setting up libxau-dev:amd64 (1:1.0.9-1build6) ...
desktop	Native Tauri prerequisites and approved Rust compiler	2026-10-03T16:05:37.5851744Z Setting up libice-dev:amd64 (2:1.0.10-1build3) ...
desktop	Native Tauri prerequisites and approved Rust compiler	2026-10-03T16:05:37.5885710Z Setting up libsm-dev:amd64 (2:1.2.3-1build3) ...
desktop	Native Tauri prerequisites and approved Rust compiler	2026-10-03T16:05:37.5958544Z Processing triggers for libc-bin (2.39-0ubuntu8.9) ...
desktop	Native Tauri prerequisites and approved Rust compiler	2026-10-03T16:05:37.6426907Z Processing triggers for man-db (2.12.0-4build2) ...
desktop	Native Tauri prerequisites and approved Rust compiler	2026-10-03T16:05:37.6453521Z Not building database; man-db/auto-update is not 'true'.
desktop	Native Tauri prerequisites and approved Rust compiler	2026-10-03T16:05:37.6470681Z Setting up libxdmcp-dev:amd64 (1:1.1.3-0ubuntu6) ...
desktop	Native Tauri prerequisites and approved Rust compiler	2026-10-03T16:05:37.6518726Z Processing triggers for libglib2.0-0t64:amd64 (2.80.0-6ubuntu3.9) ...
desktop	Native Tauri prerequisites and approved Rust compiler	2026-10-03T16:05:37.7042965Z Setting up glib-networking:amd64 (2.80.0-1build1) ...
desktop	Native Tauri prerequisites and approved Rust compiler	2026-10-03T16:05:37.7088026Z Setting up libjavascriptcoregtk-4.1-dev:amd64 (2.52.6-0ubuntu0.24.04.1) ...
desktop	Native Tauri prerequisites and approved Rust compiler	2026-10-03T16:05:37.7121403Z Setting up libatk1.0-dev:amd64 (2.52.0-1build1) ...
desktop	Native Tauri prerequisites and approved Rust compiler	2026-10-03T16:05:37.7165953Z Setting up libgdk-pixbuf-2.0-dev:amd64 (2.42.10+dfsg-3ubuntu3.3) ...
desktop	Native Tauri prerequisites and approved Rust compiler	2026-10-03T16:05:37.7213753Z Setting up xdg-desktop-portal-gtk (1.15.1-1build2) ...
desktop	Native Tauri prerequisites and approved Rust compiler	2026-10-03T16:05:37.7279623Z Setting up libharfbuzz-dev:amd64 (8.3.0-2build2) ...
desktop	Native Tauri prerequisites and approved Rust compiler	2026-10-03T16:05:37.7304218Z Setting up libxcb1-dev:amd64 (1.15-1ubuntu2) ...
desktop	Native Tauri prerequisites and approved Rust compiler	2026-10-03T16:05:37.7365517Z Setting up libdbus-glib-1-dev:amd64 (0.112-3build2) ...
desktop	Native Tauri prerequisites and approved Rust compiler	2026-10-03T16:05:37.7432177Z Setting up libsoup-3.0-0:amd64 (3.4.4-5ubuntu0.8) ...
desktop	Native Tauri prerequisites and approved Rust compiler	2026-10-03T16:05:37.7522543Z Setting up libx11-dev:amd64 (2:1.8.7-1build1) ...
desktop	Native Tauri prerequisites and approved Rust compiler	2026-10-03T16:05:37.7569659Z Setting up gobject-introspection:amd64 (1.80.1-1) ...
desktop	Native Tauri prerequisites and approved Rust compiler	2026-10-03T16:05:37.7599358Z Setting up libxfixes-dev:amd64 (1:6.0.0-2build1) ...
desktop	Native Tauri prerequisites and approved Rust compiler	2026-10-03T16:05:37.7627714Z Setting up libxcb-shm0-dev:amd64 (1.15-1ubuntu2) ...
desktop	Native Tauri prerequisites and approved Rust compiler	2026-10-03T16:05:37.7723617Z Setting up libgirepository-1.0-dev:amd64 (1.80.1-1) ...
desktop	Native Tauri prerequisites and approved Rust compiler	2026-10-03T16:05:37.7756790Z Setting up libxcb-render0-dev:amd64 (1.15-1ubuntu2) ...
desktop	Native Tauri prerequisites and approved Rust compiler	2026-10-03T16:05:37.7787672Z Setting up libxext-dev:amd64 (2:1.3.4-1build2) ...
desktop	Native Tauri prerequisites and approved Rust compiler	2026-10-03T16:05:37.7824200Z Setting up gir1.2-soup-3.0:amd64 (3.4.4-5ubuntu0.8) ...
desktop	Native Tauri prerequisites and approved Rust compiler	2026-10-03T16:05:37.8421004Z Setting up libglx-dev:amd64 (1.7.0-1build1) ...
desktop	Native Tauri prerequisites and approved Rust compiler	2026-10-03T16:05:37.8458458Z Setting up libxi-dev:amd64 (2:1.8.1-1build1) ...
desktop	Native Tauri prerequisites and approved Rust compiler	2026-10-03T16:05:37.8495569Z Setting up libxrender-dev:amd64 (1:0.9.10-1.1build1) ...
desktop	Native Tauri prerequisites and approved Rust compiler	2026-10-03T16:05:37.8528134Z Setting up libgl-dev:amd64 (1.7.0-1build1) ...
desktop	Native Tauri prerequisites and approved Rust compiler	2026-10-03T16:05:37.8560235Z Setting up libxft-dev:amd64 (2.3.6-1build1) ...
desktop	Native Tauri prerequisites and approved Rust compiler	2026-10-03T16:05:37.8595065Z Setting up libxtst-dev:amd64 (2:1.2.3-1.1build1) ...
desktop	Native Tauri prerequisites and approved Rust compiler	2026-10-03T16:05:37.8624235Z Setting up libxdamage-dev:amd64 (1:1.1.6-1build1) ...
desktop	Native Tauri prerequisites and approved Rust compiler	2026-10-03T16:05:37.8660647Z Setting up libatspi2.0-dev:amd64 (2.52.0-1build1) ...
desktop	Native Tauri prerequisites and approved Rust compiler	2026-10-03T16:05:37.8730214Z Setting up libegl-dev:amd64 (1.7.0-1build1) ...
desktop	Native Tauri prerequisites and approved Rust compiler	2026-10-03T16:05:37.8804568Z Setting up libxcomposite-dev:amd64 (1:0.4.5-1build3) ...
desktop	Native Tauri prerequisites and approved Rust compiler	2026-10-03T16:05:37.8837035Z Setting up libxcursor-dev:amd64 (1:1.2.1-1build1) ...
desktop	Native Tauri prerequisites and approved Rust compiler	2026-10-03T16:05:37.8873831Z Setting up gstreamer1.0-plugins-good:amd64 (1.24.2-1ubuntu1.8) ...
desktop	Native Tauri prerequisites and approved Rust compiler	2026-10-03T16:05:37.8926722Z Setting up libepoxy-dev:amd64 (1.5.10-1build1) ...
desktop	Native Tauri prerequisites and approved Rust compiler	2026-10-03T16:05:37.8971062Z Setting up libatk-bridge2.0-dev:amd64 (2.52.0-1build1) ...
desktop	Native Tauri prerequisites and approved Rust compiler	2026-10-03T16:05:37.9003357Z Setting up libxrandr-dev:amd64 (2:1.5.2-2build1) ...
desktop	Native Tauri prerequisites and approved Rust compiler	2026-10-03T16:05:37.9033189Z Setting up libsoup-3.0-dev:amd64 (3.4.4-5ubuntu0.8) ...
desktop	Native Tauri prerequisites and approved Rust compiler	2026-10-03T16:05:37.9080275Z Setting up libgirepository1.0-dev (1.80.1-1) ...
desktop	Native Tauri prerequisites and approved Rust compiler	2026-10-03T16:05:37.9129362Z Setting up libxinerama-dev:amd64 (2:1.1.4-3build1) ...
desktop	Native Tauri prerequisites and approved Rust compiler	2026-10-03T16:05:37.9172860Z Setting up libcairo2-dev:amd64 (1.18.0-3build1) ...
desktop	Native Tauri prerequisites and approved Rust compiler	2026-10-03T16:05:37.9208050Z Setting up libgles-dev:amd64 (1.7.0-1build1) ...
desktop	Native Tauri prerequisites and approved Rust compiler	2026-10-03T16:05:37.9267177Z Setting up libwebkit2gtk-4.1-0:amd64 (2.52.6-0ubuntu0.24.04.1) ...
desktop	Native Tauri prerequisites and approved Rust compiler	2026-10-03T16:05:37.9322400Z Setting up gir1.2-webkit2-4.1:amd64 (2.52.6-0ubuntu0.24.04.1) ...
desktop	Native Tauri prerequisites and approved Rust compiler	2026-10-03T16:05:37.9376455Z Setting up libglvnd-dev:amd64 (1.7.0-1build1) ...
desktop	Native Tauri prerequisites and approved Rust compiler	2026-10-03T16:05:37.9421837Z Setting up libpango1.0-dev:amd64 (1.52.1+ds-1build1) ...
desktop	Native Tauri prerequisites and approved Rust compiler	2026-10-03T16:05:37.9487971Z Setting up librsvg2-dev:amd64 (2.58.0+dfsg-1build1) ...
desktop	Native Tauri prerequisites and approved Rust compiler	2026-10-03T16:05:37.9523919Z Setting up libegl1-mesa-dev:amd64 (25.2.8-0ubuntu0.24.04.4) ...
desktop	Native Tauri prerequisites and approved Rust compiler	2026-10-03T16:05:37.9566745Z Setting up libgtk-3-dev:amd64 (3.24.41-4ubuntu1.3) ...
desktop	Native Tauri prerequisites and approved Rust compiler	2026-10-03T16:05:37.9602908Z Setting up libappindicator3-dev (12.10.1+20.10.20200706.1-0ubuntu5) ...
desktop	Native Tauri prerequisites and approved Rust compiler	2026-10-03T16:05:37.9654231Z Setting up libwebkit2gtk-4.1-dev (2.52.6-0ubuntu0.24.04.1) ...
desktop	Native Tauri prerequisites and approved Rust compiler	2026-10-03T16:05:37.9680027Z Processing triggers for libc-bin (2.39-0ubuntu8.9) ...
desktop	Native Tauri prerequisites and approved Rust compiler	2026-10-03T16:05:38.6423512Z 
desktop	Native Tauri prerequisites and approved Rust compiler	2026-10-03T16:05:38.6424563Z Running kernel seems to be up-to-date.
desktop	Native Tauri prerequisites and approved Rust compiler	2026-10-03T16:05:38.6425071Z 
desktop	Native Tauri prerequisites and approved Rust compiler	2026-10-03T16:05:38.6425341Z No services need to be restarted.
desktop	Native Tauri prerequisites and approved Rust compiler	2026-10-03T16:05:38.6425605Z 
desktop	Native Tauri prerequisites and approved Rust compiler	2026-10-03T16:05:38.6425810Z No containers need to be restarted.
desktop	Native Tauri prerequisites and approved Rust compiler	2026-10-03T16:05:38.6426322Z 
desktop	Native Tauri prerequisites and approved Rust compiler	2026-10-03T16:05:38.6426629Z No user sessions are running outdated binaries.
desktop	Native Tauri prerequisites and approved Rust compiler	2026-10-03T16:05:38.6426915Z 
desktop	Native Tauri prerequisites and approved Rust compiler	2026-10-03T16:05:38.6427304Z No VM guests are running outdated hypervisor (qemu) binaries on this host.
desktop	Native Tauri prerequisites and approved Rust compiler	2026-10-03T16:05:40.6985737Z info: syncing channel updates for stable-x86_64-unknown-linux-gnu
desktop	Native Tauri prerequisites and approved Rust compiler	2026-10-03T16:05:40.9186145Z info: latest update on 2026-10-01 for version 1.99.0 (b940084d7 2026-09-28)
desktop	Native Tauri prerequisites and approved Rust compiler	2026-10-03T16:05:40.9317651Z info: removing previous version of component rustfmt
desktop	Native Tauri prerequisites and approved Rust compiler	2026-10-03T16:05:40.9427614Z info: removing previous version of component clippy
desktop	Native Tauri prerequisites and approved Rust compiler	2026-10-03T16:05:40.9444561Z info: removing previous version of component cargo
desktop	Native Tauri prerequisites and approved Rust compiler	2026-10-03T16:05:40.9533097Z info: removing previous version of component rust-std
desktop	Native Tauri prerequisites and approved Rust compiler	2026-10-03T16:05:40.9626375Z info: removing previous version of component rustc
desktop	Native Tauri prerequisites and approved Rust compiler	2026-10-03T16:05:40.9717731Z info: downloading 5 components
desktop	Native Tauri prerequisites and approved Rust compiler	2026-10-03T16:05:48.9855197Z 
desktop	Native Tauri prerequisites and approved Rust compiler	2026-10-03T16:05:48.9922344Z   stable-x86_64-unknown-linux-gnu updated - rustc 1.99.0 (b940084d7 2026-09-28) (from rustc 1.98.1 (48a229cea 2026-09-01))
desktop	Native Tauri prerequisites and approved Rust compiler	2026-10-03T16:05:48.9922933Z 
desktop	Native Tauri prerequisites and approved Rust compiler	2026-10-03T16:05:49.0020547Z info: using existing install for stable-x86_64-unknown-linux-gnu
desktop	Native Tauri prerequisites and approved Rust compiler	2026-10-03T16:05:49.0031070Z info: default toolchain set to stable-x86_64-unknown-linux-gnu
desktop	Native Tauri prerequisites and approved Rust compiler	2026-10-03T16:05:49.0031368Z 
desktop	Native Tauri prerequisites and approved Rust compiler	2026-10-03T16:05:49.0091917Z   stable-x86_64-unknown-linux-gnu unchanged - rustc 1.99.0 (b940084d7 2026-09-28)
desktop	Native Tauri prerequisites and approved Rust compiler	2026-10-03T16:05:49.0092508Z 
desktop	Actual TypeScript Repository on SQLx SQLite	﻿2026-10-03T16:05:49.0169586Z ##[group]Run python3 -B tools/verify_client_sqlite.py --scope desktop
desktop	Actual TypeScript Repository on SQLx SQLite	2026-10-03T16:05:49.0170121Z ^[[36;1mpython3 -B tools/verify_client_sqlite.py --scope desktop^[[0m
desktop	Actual TypeScript Repository on SQLx SQLite	2026-10-03T16:05:49.0170573Z ^[[36;1mpython3 -B tools/verify_client_send.py --scope desktop^[[0m
desktop	Actual TypeScript Repository on SQLx SQLite	2026-10-03T16:05:49.0170977Z ^[[36;1mpython3 -B tools/verify_client_sync.py --scope desktop^[[0m
desktop	Actual TypeScript Repository on SQLx SQLite	2026-10-03T16:05:49.0171505Z ^[[36;1mpython3 -B tests/clients/sync/go_smoke.py --probe "$CARGO_TARGET_DIR/debug/storage_probe"^[[0m
desktop	Actual TypeScript Repository on SQLx SQLite	2026-10-03T16:05:49.0238275Z shell: /usr/bin/bash -e {0}
desktop	Actual TypeScript Repository on SQLx SQLite	2026-10-03T16:05:49.0238532Z env:
desktop	Actual TypeScript Repository on SQLx SQLite	2026-10-03T16:05:49.0238810Z   CARGO_TARGET_DIR: /home/runner/work/_temp/client-sqlite-target
desktop	Actual TypeScript Repository on SQLx SQLite	2026-10-03T16:05:49.0239151Z ##[endgroup]
desktop	Actual TypeScript Repository on SQLx SQLite	2026-10-03T16:05:49.0637818Z + npm --prefix clients/shared/protocol-sdk ci --ignore-scripts --no-audit --no-fund
desktop	Actual TypeScript Repository on SQLx SQLite	2026-10-03T16:05:50.6863573Z 
desktop	Actual TypeScript Repository on SQLx SQLite	2026-10-03T16:05:50.6864539Z added 1 package in 2s
desktop	Actual TypeScript Repository on SQLx SQLite	2026-10-03T16:05:50.7259881Z + npm --prefix clients/shared/protocol-sdk run build
desktop	Actual TypeScript Repository on SQLx SQLite	2026-10-03T16:05:50.8191607Z 
desktop	Actual TypeScript Repository on SQLx SQLite	2026-10-03T16:05:50.8192125Z > @im/protocol-sdk@0.1.0 build
desktop	Actual TypeScript Repository on SQLx SQLite	2026-10-03T16:05:50.8192638Z > tsc -p tsconfig.json
desktop	Actual TypeScript Repository on SQLx SQLite	2026-10-03T16:05:50.8192850Z 
desktop	Actual TypeScript Repository on SQLx SQLite	2026-10-03T16:05:52.3412231Z + npm --prefix clients/desktop ci --ignore-scripts --no-audit --no-fund
desktop	Actual TypeScript Repository on SQLx SQLite	2026-10-03T16:05:53.1193745Z 
desktop	Actual TypeScript Repository on SQLx SQLite	2026-10-03T16:05:53.1194483Z added 2 packages in 727ms
desktop	Actual TypeScript Repository on SQLx SQLite	2026-10-03T16:05:53.1283616Z + npm --prefix clients/desktop run build
desktop	Actual TypeScript Repository on SQLx SQLite	2026-10-03T16:05:53.2173767Z 
desktop	Actual TypeScript Repository on SQLx SQLite	2026-10-03T16:05:53.2174282Z > im-desktop@0.1.0 build
desktop	Actual TypeScript Repository on SQLx SQLite	2026-10-03T16:05:53.2175001Z > tsc -p tsconfig.json
desktop	Actual TypeScript Repository on SQLx SQLite	2026-10-03T16:05:53.2175186Z 
desktop	Actual TypeScript Repository on SQLx SQLite	2026-10-03T16:05:54.8456196Z + cargo test --locked
desktop	Actual TypeScript Repository on SQLx SQLite	2026-10-03T16:05:54.8802793Z     Updating crates.io index
desktop	Actual TypeScript Repository on SQLx SQLite	2026-10-03T16:05:55.4531539Z  Downloading crates ...
desktop	Actual TypeScript Repository on SQLx SQLite	2026-10-03T16:05:55.6885904Z   Downloaded glob v0.3.4
desktop	Actual TypeScript Repository on SQLx SQLite	2026-10-03T16:05:55.6903370Z   Downloaded indexmap v2.14.2
desktop	Actual TypeScript Repository on SQLx SQLite	2026-10-03T16:05:55.6946905Z   Downloaded hashbrown v0.12.3
desktop	Actual TypeScript Repository on SQLx SQLite	2026-10-03T16:05:55.6983377Z   Downloaded rustc_version v0.4.1
desktop	Actual TypeScript Repository on SQLx SQLite	2026-10-03T16:05:55.6996075Z   Downloaded gobject-sys v0.18.0
desktop	Actual TypeScript Repository on SQLx SQLite	2026-10-03T16:05:55.7009926Z   Downloaded keyboard-types v0.8.3
desktop	Actual TypeScript Repository on SQLx SQLite	2026-10-03T16:05:55.7039330Z   Downloaded proc-macro-error v1.0.4
desktop	Actual TypeScript Repository on SQLx SQLite	2026-10-03T16:05:55.7073759Z   Downloaded quick-xml v0.42.0
desktop	Actual TypeScript Repository on SQLx SQLite	2026-10-03T16:05:55.7133195Z   Downloaded glib-sys v0.18.1
desktop	Actual TypeScript Repository on SQLx SQLite	2026-10-03T16:05:55.7152889Z   Downloaded phf_shared v0.13.1
desktop	Actual TypeScript Repository on SQLx SQLite	2026-10-03T16:05:55.7161817Z   Downloaded hashbrown v0.15.5
desktop	Actual TypeScript Repository on SQLx SQLite	2026-10-03T16:05:55.7211409Z   Downloaded html5ever v0.39.0
desktop	Actual TypeScript Repository on SQLx SQLite	2026-10-03T16:05:55.7246947Z   Downloaded ident_case v1.0.1
desktop	Actual TypeScript Repository on SQLx SQLite	2026-10-03T16:05:55.7255300Z   Downloaded ref-cast v1.0.27
desktop	Actual TypeScript Repository on SQLx SQLite	2026-10-03T16:05:55.7287578Z   Downloaded heck v0.5.0
desktop	Actual TypeScript Repository on SQLx SQLite	2026-10-03T16:05:55.7300285Z   Downloaded icu_collections v2.3.0
desktop	Actual TypeScript Repository on SQLx SQLite	2026-10-03T16:05:55.7363506Z   Downloaded icu_normalizer_data v2.3.0
desktop	Actual TypeScript Repository on SQLx SQLite	2026-10-03T16:05:55.7384046Z   Downloaded zlib-rs v0.6.8
desktop	Actual TypeScript Repository on SQLx SQLite	2026-10-03T16:05:55.7438409Z   Downloaded icu_provider v2.3.1
desktop	Actual TypeScript Repository on SQLx SQLite	2026-10-03T16:05:55.7465161Z   Downloaded idna_adapter v1.2.2
desktop	Actual TypeScript Repository on SQLx SQLite	2026-10-03T16:05:55.7473672Z   Downloaded schemars v1.2.2
desktop	Actual TypeScript Repository on SQLx SQLite	2026-10-03T16:05:55.7657541Z   Downloaded zerovec v0.11.8
desktop	Actual TypeScript Repository on SQLx SQLite	2026-10-03T16:05:55.7722325Z   Downloaded gdkx11 v0.18.2
desktop	Actual TypeScript Repository on SQLx SQLite	2026-10-03T16:05:55.7742119Z   Downloaded ico v0.5.0
desktop	Actual TypeScript Repository on SQLx SQLite	2026-10-03T16:05:55.7773151Z   Downloaded adler2 v2.0.1
desktop	Actual TypeScript Repository on SQLx SQLite	2026-10-03T16:05:55.7785828Z   Downloaded iana-time-zone v0.1.65
desktop	Actual TypeScript Repository on SQLx SQLite	2026-10-03T16:05:55.7813588Z   Downloaded idna v1.1.0
desktop	Actual TypeScript Repository on SQLx SQLite	2026-10-03T16:05:55.7847826Z   Downloaded serde_repr v0.1.21
desktop	Actual TypeScript Repository on SQLx SQLite	2026-10-03T16:05:55.7868857Z   Downloaded glib-macros v0.18.5
desktop	Actual TypeScript Repository on SQLx SQLite	2026-10-03T16:05:55.7895059Z   Downloaded precomputed-hash v0.1.1
desktop	Actual TypeScript Repository on SQLx SQLite	2026-10-03T16:05:55.7900615Z   Downloaded phf v0.13.1
desktop	Actual TypeScript Repository on SQLx SQLite	2026-10-03T16:05:55.7912659Z   Downloaded indexmap v1.9.3
desktop	Actual TypeScript Repository on SQLx SQLite	2026-10-03T16:05:55.7946581Z   Downloaded infer v0.22.0
desktop	Actual TypeScript Repository on SQLx SQLite	2026-10-03T16:05:55.7968800Z   Downloaded cfg-if v1.0.5
desktop	Actual TypeScript Repository on SQLx SQLite	2026-10-03T16:05:55.7983361Z   Downloaded hashbrown v0.17.1
desktop	Actual TypeScript Repository on SQLx SQLite	2026-10-03T16:05:55.8054932Z   Downloaded http v1.5.0
desktop	Actual TypeScript Repository on SQLx SQLite	2026-10-03T16:05:55.8082021Z   Downloaded icu_normalizer v2.3.0
desktop	Actual TypeScript Repository on SQLx SQLite	2026-10-03T16:05:55.8179186Z   Downloaded cairo-rs v0.18.5
desktop	Actual TypeScript Repository on SQLx SQLite	2026-10-03T16:05:55.8213147Z   Downloaded futures-macro v0.3.34
desktop	Actual TypeScript Repository on SQLx SQLite	2026-10-03T16:05:55.8222726Z   Downloaded hex v0.4.3
desktop	Actual TypeScript Repository on SQLx SQLite	2026-10-03T16:05:55.8239275Z   Downloaded miniz_oxide v0.8.9
desktop	Actual TypeScript Repository on SQLx SQLite	2026-10-03T16:05:55.8263013Z   Downloaded brotli v9.0.0
desktop	Actual TypeScript Repository on SQLx SQLite	2026-10-03T16:05:55.8411305Z   Downloaded cargo-platform v0.1.9
desktop	Actual TypeScript Repository on SQLx SQLite	2026-10-03T16:05:55.8422452Z   Downloaded cfg-expr v0.15.8
desktop	Actual TypeScript Repository on SQLx SQLite	2026-10-03T16:05:55.8451304Z   Downloaded equivalent v1.0.2
desktop	Actual TypeScript Repository on SQLx SQLite	2026-10-03T16:05:55.8460682Z   Downloaded gdk-pixbuf-sys v0.18.0
desktop	Actual TypeScript Repository on SQLx SQLite	2026-10-03T16:05:55.8472231Z   Downloaded icu_properties_data v2.3.0
desktop	Actual TypeScript Repository on SQLx SQLite	2026-10-03T16:05:55.8579933Z   Downloaded memoffset v0.9.1
desktop	Actual TypeScript Repository on SQLx SQLite	2026-10-03T16:05:55.8591594Z   Downloaded zerovec-derive v0.11.6
desktop	Actual TypeScript Repository on SQLx SQLite	2026-10-03T16:05:55.8608033Z   Downloaded bit-set v0.8.0
desktop	Actual TypeScript Repository on SQLx SQLite	2026-10-03T16:05:55.8620251Z   Downloaded bytes v1.12.1
desktop	Actual TypeScript Repository on SQLx SQLite	2026-10-03T16:05:55.8654380Z   Downloaded erased-serde v0.4.10
desktop	Actual TypeScript Repository on SQLx SQLite	2026-10-03T16:05:55.8677988Z   Downloaded libappindicator-sys v0.9.0
desktop	Actual TypeScript Repository on SQLx SQLite	2026-10-03T16:05:55.8684376Z   Downloaded miniz_oxide v0.9.1
desktop	Actual TypeScript Repository on SQLx SQLite	2026-10-03T16:05:55.8708341Z   Downloaded mio v1.2.3
desktop	Actual TypeScript Repository on SQLx SQLite	2026-10-03T16:05:55.8768814Z   Downloaded crossbeam-channel v0.5.17
desktop	Actual TypeScript Repository on SQLx SQLite	2026-10-03T16:05:55.8808351Z   Downloaded dlopen2 v0.8.2
desktop	Actual TypeScript Repository on SQLx SQLite	2026-10-03T16:05:55.8840303Z   Downloaded camino v1.2.6
desktop	Actual TypeScript Repository on SQLx SQLite	2026-10-03T16:05:55.8855712Z   Downloaded cssparser-macros v0.7.1
desktop	Actual TypeScript Repository on SQLx SQLite	2026-10-03T16:05:55.8861773Z   Downloaded atk v0.18.2
desktop	Actual TypeScript Repository on SQLx SQLite	2026-10-03T16:05:55.8896447Z   Downloaded find-msvc-tools v0.1.14
desktop	Actual TypeScript Repository on SQLx SQLite	2026-10-03T16:05:55.8911929Z   Downloaded crc32fast v1.5.2
desktop	Actual TypeScript Repository on SQLx SQLite	2026-10-03T16:05:55.8931620Z   Downloaded dtoa-short v0.3.5
desktop	Actual TypeScript Repository on SQLx SQLite	2026-10-03T16:05:55.8938777Z   Downloaded block-buffer v0.10.4
desktop	Actual TypeScript Repository on SQLx SQLite	2026-10-03T16:05:55.8948431Z   Downloaded fnv v1.0.7
desktop	Actual TypeScript Repository on SQLx SQLite	2026-10-03T16:05:55.8956546Z   Downloaded crypto-common v0.1.7
desktop	Actual TypeScript Repository on SQLx SQLite	2026-10-03T16:05:55.8964946Z   Downloaded dlopen2_derive v0.4.3
desktop	Actual TypeScript Repository on SQLx SQLite	2026-10-03T16:05:55.8973493Z   Downloaded form_urlencoded v1.2.2
desktop	Actual TypeScript Repository on SQLx SQLite	2026-10-03T16:05:55.8980969Z   Downloaded futures-core v0.3.34
desktop	Actual TypeScript Repository on SQLx SQLite	2026-10-03T16:05:55.8993883Z   Downloaded futures-task v0.3.34
desktop	Actual TypeScript Repository on SQLx SQLite	2026-10-03T16:05:55.9005561Z   Downloaded cairo-sys-rs v0.18.2
desktop	Actual TypeScript Repository on SQLx SQLite	2026-10-03T16:05:55.9014645Z   Downloaded crc v3.4.0
desktop	Actual TypeScript Repository on SQLx SQLite	2026-10-03T16:05:55.9031219Z   Downloaded atk-sys v0.18.2
desktop	Actual TypeScript Repository on SQLx SQLite	2026-10-03T16:05:55.9044426Z   Downloaded event-listener v5.4.2
desktop	Actual TypeScript Repository on SQLx SQLite	2026-10-03T16:05:55.9061568Z   Downloaded allocator-api2 v0.2.21
desktop	Actual TypeScript Repository on SQLx SQLite	2026-10-03T16:05:55.9086833Z   Downloaded byteorder v1.5.0
desktop	Actual TypeScript Repository on SQLx SQLite	2026-10-03T16:05:55.9102551Z   Downloaded crossbeam-queue v0.3.14
desktop	Actual TypeScript Repository on SQLx SQLite	2026-10-03T16:05:55.9115208Z   Downloaded darling_macro v0.24.1
desktop	Actual TypeScript Repository on SQLx SQLite	2026-10-03T16:05:55.9121360Z   Downloaded defmt v1.1.1
desktop	Actual TypeScript Repository on SQLx SQLite	2026-10-03T16:05:55.9169731Z   Downloaded defmt-parser v1.0.0
desktop	Actual TypeScript Repository on SQLx SQLite	2026-10-03T16:05:55.9178802Z   Downloaded dpi v0.1.2
desktop	Actual TypeScript Repository on SQLx SQLite	2026-10-03T16:05:55.9188762Z   Downloaded atoi v2.0.0
desktop	Actual TypeScript Repository on SQLx SQLite	2026-10-03T16:05:55.9201897Z   Downloaded dunce v1.0.5
desktop	Actual TypeScript Repository on SQLx SQLite	2026-10-03T16:05:55.9210557Z   Downloaded futures-channel v0.3.34
desktop	Actual TypeScript Repository on SQLx SQLite	2026-10-03T16:05:55.9228760Z   Downloaded stable_deref_trait v1.2.1
desktop	Actual TypeScript Repository on SQLx SQLite	2026-10-03T16:05:55.9237243Z   Downloaded cargo_toml v1.0.1
desktop	Actual TypeScript Repository on SQLx SQLite	2026-10-03T16:05:55.9249453Z   Downloaded either v1.18.0
desktop	Actual TypeScript Repository on SQLx SQLite	2026-10-03T16:05:55.9263674Z   Downloaded tauri-macros v2.7.1
desktop	Actual TypeScript Repository on SQLx SQLite	2026-10-03T16:05:55.9279518Z   Downloaded alloc-no-stdlib v3.0.0
desktop	Actual TypeScript Repository on SQLx SQLite	2026-10-03T16:05:55.9296268Z   Downloaded bit-vec v0.8.0
desktop	Actual TypeScript Repository on SQLx SQLite	2026-10-03T16:05:55.9311249Z   Downloaded anyhow v1.0.104
desktop	Actual TypeScript Repository on SQLx SQLite	2026-10-03T16:05:55.9351145Z   Downloaded crc-catalog v2.5.0
desktop	Actual TypeScript Repository on SQLx SQLite	2026-10-03T16:05:55.9365123Z   Downloaded dirs-sys v0.5.0
desktop	Actual TypeScript Repository on SQLx SQLite	2026-10-03T16:05:55.9375687Z   Downloaded futures-executor v0.3.34
desktop	Actual TypeScript Repository on SQLx SQLite	2026-10-03T16:05:55.9389124Z   Downloaded futures-io v0.3.34
desktop	Actual TypeScript Repository on SQLx SQLite	2026-10-03T16:05:55.9397749Z   Downloaded alloc-stdlib v0.3.0
desktop	Actual TypeScript Repository on SQLx SQLite	2026-10-03T16:05:55.9409140Z   Downloaded time-macros v0.2.32
desktop	Actual TypeScript Repository on SQLx SQLite	2026-10-03T16:05:55.9433073Z   Downloaded bitflags v1.3.2
desktop	Actual TypeScript Repository on SQLx SQLite	2026-10-03T16:05:55.9465730Z   Downloaded crossbeam-utils v0.8.23
desktop	Actual TypeScript Repository on SQLx SQLite	2026-10-03T16:05:55.9494158Z   Downloaded ctor v1.0.13
desktop	Actual TypeScript Repository on SQLx SQLite	2026-10-03T16:05:55.9518873Z   Downloaded deranged v0.5.8
desktop	Actual TypeScript Repository on SQLx SQLite	2026-10-03T16:05:55.9532639Z   Downloaded digest v0.10.7
desktop	Actual TypeScript Repository on SQLx SQLite	2026-10-03T16:05:55.9550478Z   Downloaded png v0.18.1
desktop	Actual TypeScript Repository on SQLx SQLite	2026-10-03T16:05:55.9591036Z   Downloaded dirs v7.0.0
desktop	Actual TypeScript Repository on SQLx SQLite	2026-10-03T16:05:55.9604025Z   Downloaded field-offset v0.3.6
desktop	Actual TypeScript Repository on SQLx SQLite	2026-10-03T16:05:55.9615000Z   Downloaded thiserror v1.0.69
desktop	Actual TypeScript Repository on SQLx SQLite	2026-10-03T16:05:55.9671136Z   Downloaded foldhash v0.1.5
desktop	Actual TypeScript Repository on SQLx SQLite	2026-10-03T16:05:55.9683033Z   Downloaded zmij v1.0.23
desktop	Actual TypeScript Repository on SQLx SQLite	2026-10-03T16:05:55.9700395Z   Downloaded cookie v0.18.2
desktop	Actual TypeScript Repository on SQLx SQLite	2026-10-03T16:05:55.9724512Z   Downloaded defmt-macros v1.1.1
desktop	Actual TypeScript Repository on SQLx SQLite	2026-10-03T16:05:55.9760433Z   Downloaded fastrand v2.5.0
desktop	Actual TypeScript Repository on SQLx SQLite	2026-10-03T16:05:55.9773655Z   Downloaded futures-sink v0.3.34
desktop	Actual TypeScript Repository on SQLx SQLite	2026-10-03T16:05:55.9782132Z   Downloaded gdk-pixbuf v0.18.5
desktop	Actual TypeScript Repository on SQLx SQLite	2026-10-03T16:05:55.9804610Z   Downloaded dtoa v1.0.11
desktop	Actual TypeScript Repository on SQLx SQLite	2026-10-03T16:05:55.9821007Z   Downloaded autocfg v1.5.1
desktop	Actual TypeScript Repository on SQLx SQLite	2026-10-03T16:05:55.9839178Z   Downloaded dyn-clone v1.0.20
desktop	Actual TypeScript Repository on SQLx SQLite	2026-10-03T16:05:55.9855529Z   Downloaded embed-resource v3.0.11
desktop	Actual TypeScript Repository on SQLx SQLite	2026-10-03T16:05:55.9872168Z   Downloaded web_atoms v0.2.6
desktop	Actual TypeScript Repository on SQLx SQLite	2026-10-03T16:05:55.9883025Z   Downloaded bs58 v0.5.1
desktop	Actual TypeScript Repository on SQLx SQLite	2026-10-03T16:05:55.9905147Z   Downloaded dotenvy v0.15.7
desktop	Actual TypeScript Repository on SQLx SQLite	2026-10-03T16:05:55.9932222Z   Downloaded fdeflate v0.3.7
desktop	Actual TypeScript Repository on SQLx SQLite	2026-10-03T16:05:55.9948101Z   Downloaded foldhash v0.2.0
desktop	Actual TypeScript Repository on SQLx SQLite	2026-10-03T16:05:55.9960057Z   Downloaded cpufeatures v0.2.17
desktop	Actual TypeScript Repository on SQLx SQLite	2026-10-03T16:05:55.9973888Z   Downloaded flate2 v1.1.10
desktop	Actual TypeScript Repository on SQLx SQLite	2026-10-03T16:05:56.0022710Z   Downloaded base64 v0.23.1
desktop	Actual TypeScript Repository on SQLx SQLite	2026-10-03T16:05:56.0061823Z   Downloaded dom_query v0.28.0
desktop	Actual TypeScript Repository on SQLx SQLite	2026-10-03T16:05:56.0111394Z   Downloaded flume v0.11.1
desktop	Actual TypeScript Repository on SQLx SQLite	2026-10-03T16:05:56.0146760Z   Downloaded futures-intrusive v0.5.0
desktop	Actual TypeScript Repository on SQLx SQLite	2026-10-03T16:05:56.0191028Z   Downloaded gdk v0.18.2
desktop	Actual TypeScript Repository on SQLx SQLite	2026-10-03T16:05:56.0250998Z   Downloaded toml_writer v1.1.2+spec-1.1.0
desktop	Actual TypeScript Repository on SQLx SQLite	2026-10-03T16:05:56.0265166Z   Downloaded cargo_metadata v0.19.2
desktop	Actual TypeScript Repository on SQLx SQLite	2026-10-03T16:05:56.0282846Z   Downloaded cfb v0.14.0
desktop	Actual TypeScript Repository on SQLx SQLite	2026-10-03T16:05:56.0324232Z   Downloaded displaydoc v0.2.7
desktop	Actual TypeScript Repository on SQLx SQLite	2026-10-03T16:05:56.0344660Z   Downloaded serde_derive_internals v0.29.1
desktop	Actual TypeScript Repository on SQLx SQLite	2026-10-03T16:05:56.0358826Z   Downloaded thiserror v2.0.21
desktop	Actual TypeScript Repository on SQLx SQLite	2026-10-03T16:05:56.0423425Z   Downloaded thiserror-impl v2.0.21
desktop	Actual TypeScript Repository on SQLx SQLite	2026-10-03T16:05:56.0438681Z   Downloaded toml v1.1.6+spec-1.1.0
desktop	Actual TypeScript Repository on SQLx SQLite	2026-10-03T16:05:56.0480741Z   Downloaded zerotrie v0.2.5
desktop	Actual TypeScript Repository on SQLx SQLite	2026-10-03T16:05:56.0519573Z   Downloaded bitflags v2.13.2
desktop	Actual TypeScript Repository on SQLx SQLite	2026-10-03T16:05:56.0564896Z   Downloaded brotli-decompressor v6.0.1
desktop	Actual TypeScript Repository on SQLx SQLite	2026-10-03T16:05:56.0631083Z   Downloaded cc v1.5.1
desktop	Actual TypeScript Repository on SQLx SQLite	2026-10-03T16:05:56.0663563Z   Downloaded cssparser v0.37.0
desktop	Actual TypeScript Repository on SQLx SQLite	2026-10-03T16:05:56.0687066Z   Downloaded darling v0.24.1
desktop	Actual TypeScript Repository on SQLx SQLite	2026-10-03T16:05:56.0755632Z   Downloaded spin v0.9.9
desktop	Actual TypeScript Repository on SQLx SQLite	2026-10-03T16:05:56.0778253Z   Downloaded dbus v0.9.12
desktop	Actual TypeScript Repository on SQLx SQLite	2026-10-03T16:05:56.0819926Z   Downloaded derive_more v2.1.1
desktop	Actual TypeScript Repository on SQLx SQLite	2026-10-03T16:05:56.0950296Z   Downloaded derive_more-impl v2.1.1
desktop	Actual TypeScript Repository on SQLx SQLite	2026-10-03T16:05:56.1002759Z   Downloaded system-deps v6.2.2
desktop	Actual TypeScript Repository on SQLx SQLite	2026-10-03T16:05:56.1023773Z   Downloaded utf8_iter v1.0.4
desktop	Actual TypeScript Repository on SQLx SQLite	2026-10-03T16:05:56.1033853Z   Downloaded x11 v2.21.0
desktop	Actual TypeScript Repository on SQLx SQLite	2026-10-03T16:05:56.1065230Z   Downloaded base64 v0.22.1
desktop	Actual TypeScript Repository on SQLx SQLite	2026-10-03T16:05:56.1102503Z   Downloaded darling_core v0.24.1
desktop	Actual TypeScript Repository on SQLx SQLite	2026-10-03T16:05:56.1162149Z   Downloaded socket2 v0.6.5
desktop	Actual TypeScript Repository on SQLx SQLite	2026-10-03T16:05:56.1179758Z   Downloaded tinystr v0.8.4
desktop	Actual TypeScript Repository on SQLx SQLite	2026-10-03T16:05:56.1200169Z   Downloaded uuid v1.26.1
desktop	Actual TypeScript Repository on SQLx SQLite	2026-10-03T16:05:56.1229633Z   Downloaded aho-corasick v1.1.5
desktop	Actual TypeScript Repository on SQLx SQLite	2026-10-03T16:05:56.1281774Z   Downloaded futures-util v0.3.34
desktop	Actual TypeScript Repository on SQLx SQLite	2026-10-03T16:05:56.1414960Z   Downloaded sqlx v0.8.6
desktop	Actual TypeScript Repository on SQLx SQLite	2026-10-03T16:05:56.1558180Z   Downloaded chrono v0.4.45
desktop	Actual TypeScript Repository on SQLx SQLite	2026-10-03T16:05:56.1624584Z   Downloaded scopeguard v1.2.0
desktop	Actual TypeScript Repository on SQLx SQLite	2026-10-03T16:05:56.1636649Z   Downloaded string_cache v0.9.0
desktop	Actual TypeScript Repository on SQLx SQLite	2026-10-03T16:05:56.1651625Z   Downloaded syn v1.0.109
desktop	Actual TypeScript Repository on SQLx SQLite	2026-10-03T16:05:56.1743895Z   Downloaded time v0.3.55
desktop	Actual TypeScript Repository on SQLx SQLite	2026-10-03T16:05:56.1890226Z   Downloaded webkit2gtk v2.0.2
desktop	Actual TypeScript Repository on SQLx SQLite	2026-10-03T16:05:56.1951934Z   Downloaded generic-array v0.14.7
desktop	Actual TypeScript Repository on SQLx SQLite	2026-10-03T16:05:56.1965700Z   Downloaded phf_codegen v0.13.1
desktop	Actual TypeScript Repository on SQLx SQLite	2026-10-03T16:05:56.1974313Z   Downloaded semver v1.0.28
desktop	Actual TypeScript Repository on SQLx SQLite	2026-10-03T16:05:56.1996981Z   Downloaded tracing v0.1.44
desktop	Actual TypeScript Repository on SQLx SQLite	2026-10-03T16:05:56.2152443Z   Downloaded servo_arc v0.4.3
desktop	Actual TypeScript Repository on SQLx SQLite	2026-10-03T16:05:56.2160461Z   Downloaded toml_edit v0.19.15
desktop	Actual TypeScript Repository on SQLx SQLite	2026-10-03T16:05:56.2361608Z   Downloaded tauri-codegen v2.7.1
desktop	Actual TypeScript Repository on SQLx SQLite	2026-10-03T16:05:56.2383468Z   Downloaded glib v0.18.5
desktop	Actual TypeScript Repository on SQLx SQLite	2026-10-03T16:05:56.2501137Z   Downloaded serialize-to-javascript-impl v0.1.2
desktop	Actual TypeScript Repository on SQLx SQLite	2026-10-03T16:05:56.2508487Z   Downloaded gdkwayland-sys v0.18.2
desktop	Actual TypeScript Repository on SQLx SQLite	2026-10-03T16:05:56.2514942Z   Downloaded same-file v1.0.6
desktop	Actual TypeScript Repository on SQLx SQLite	2026-10-03T16:05:56.2528512Z   Downloaded tauri-runtime v2.12.1
desktop	Actual TypeScript Repository on SQLx SQLite	2026-10-03T16:05:56.2545440Z   Downloaded tauri-build v2.7.1
desktop	Actual TypeScript Repository on SQLx SQLite	2026-10-03T16:05:56.2562296Z   Downloaded selectors v0.38.0
desktop	Actual TypeScript Repository on SQLx SQLite	2026-10-03T16:05:56.2585416Z   Downloaded toml_edit v0.20.2
desktop	Actual TypeScript Repository on SQLx SQLite	2026-10-03T16:05:56.2792139Z   Downloaded javascriptcore-rs-sys v1.1.1
desktop	Actual TypeScript Repository on SQLx SQLite	2026-10-03T16:05:56.2803917Z   Downloaded schemars_derive v0.8.22
desktop	Actual TypeScript Repository on SQLx SQLite	2026-10-03T16:05:56.2819594Z   Downloaded serialize-to-javascript v0.1.2
desktop	Actual TypeScript Repository on SQLx SQLite	2026-10-03T16:05:56.2830191Z   Downloaded string_cache_codegen v0.6.1
desktop	Actual TypeScript Repository on SQLx SQLite	2026-10-03T16:05:56.2837117Z   Downloaded yoke-derive v0.8.4
desktop	Actual TypeScript Repository on SQLx SQLite	2026-10-03T16:05:56.2848485Z   Downloaded new_debug_unreachable v1.0.6
desktop	Actual TypeScript Repository on SQLx SQLite	2026-10-03T16:05:56.2859110Z   Downloaded option-ext v0.2.0
desktop	Actual TypeScript Repository on SQLx SQLite	2026-10-03T16:05:56.2867256Z   Downloaded smallvec v1.16.2
desktop	Actual TypeScript Repository on SQLx SQLite	2026-10-03T16:05:56.2880568Z   Downloaded strsim v0.11.1
desktop	Actual TypeScript Repository on SQLx SQLite	2026-10-03T16:05:56.2893660Z   Downloaded num-conv v0.2.2
desktop	Actual TypeScript Repository on SQLx SQLite	2026-10-03T16:05:56.2902060Z   Downloaded sqlx-macros v0.8.6
desktop	Actual TypeScript Repository on SQLx SQLite	2026-10-03T16:05:56.2910515Z   Downloaded heck v0.4.1
desktop	Actual TypeScript Repository on SQLx SQLite	2026-10-03T16:05:56.2923675Z   Downloaded itoa v1.0.18
desktop	Actual TypeScript Repository on SQLx SQLite	2026-10-03T16:05:56.2938395Z   Downloaded mime v0.3.17
desktop	Actual TypeScript Repository on SQLx SQLite	2026-10-03T16:05:56.2951493Z   Downloaded potential_utf v0.1.6
desktop	Actual TypeScript Repository on SQLx SQLite	2026-10-03T16:05:56.2962762Z   Downloaded proc-macro-error-attr v1.0.4
desktop	Actual TypeScript Repository on SQLx SQLite	2026-10-03T16:05:56.2972874Z   Downloaded ref-cast-impl v1.0.27
desktop	Actual TypeScript Repository on SQLx SQLite	2026-10-03T16:05:56.2980848Z   Downloaded serde_urlencoded v0.7.1
desktop	Actual TypeScript Repository on SQLx SQLite	2026-10-03T16:05:56.2997366Z   Downloaded sqlx-core v0.8.6
desktop	Actual TypeScript Repository on SQLx SQLite	2026-10-03T16:05:56.3078065Z   Downloaded powerfmt v0.2.0
desktop	Actual TypeScript Repository on SQLx SQLite	2026-10-03T16:05:56.3089182Z   Downloaded proc-macro-crate v2.0.2
desktop	Actual TypeScript Repository on SQLx SQLite	2026-10-03T16:05:56.3102054Z   Downloaded serde_spanned v1.1.1
desktop	Actual TypeScript Repository on SQLx SQLite	2026-10-03T16:05:56.3113551Z   Downloaded zerofrom v0.1.8
desktop	Actual TypeScript Repository on SQLx SQLite	2026-10-03T16:05:56.3123391Z   Downloaded parking v2.2.1
desktop	Actual TypeScript Repository on SQLx SQLite	2026-10-03T16:05:56.3134384Z   Downloaded percent-encoding v2.3.2
desktop	Actual TypeScript Repository on SQLx SQLite	2026-10-03T16:05:56.3142796Z   Downloaded rustc-hash v2.1.3
desktop	Actual TypeScript Repository on SQLx SQLite	2026-10-03T16:05:56.3155832Z   Downloaded schemars v0.9.0
desktop	Actual TypeScript Repository on SQLx SQLite	2026-10-03T16:05:56.3301335Z   Downloaded webkit2gtk-sys v2.0.2
desktop	Actual TypeScript Repository on SQLx SQLite	2026-10-03T16:05:56.3315281Z   Downloaded writeable v0.6.4
desktop	Actual TypeScript Repository on SQLx SQLite	2026-10-03T16:05:56.3336850Z   Downloaded icu_locale_core v2.3.0
desktop	Actual TypeScript Repository on SQLx SQLite	2026-10-03T16:05:56.3408161Z   Downloaded walkdir v2.5.0
desktop	Actual TypeScript Repository on SQLx SQLite	2026-10-03T16:05:56.3426483Z   Downloaded quote v1.0.47
desktop	Actual TypeScript Repository on SQLx SQLite	2026-10-03T16:05:56.3453285Z   Downloaded serde-untagged v0.1.9
desktop	Actual TypeScript Repository on SQLx SQLite	2026-10-03T16:05:56.3469863Z   Downloaded sha2 v0.10.9
desktop	Actual TypeScript Repository on SQLx SQLite	2026-10-03T16:05:56.3495276Z   Downloaded x11-dl v2.21.0
desktop	Actual TypeScript Repository on SQLx SQLite	2026-10-03T16:05:56.3526472Z   Downloaded gtk3-macros v0.18.2
desktop	Actual TypeScript Repository on SQLx SQLite	2026-10-03T16:05:56.3535104Z   Downloaded hashlink v0.10.0
desktop	Actual TypeScript Repository on SQLx SQLite	2026-10-03T16:05:56.3552638Z   Downloaded json-patch v4.2.0
desktop	Actual TypeScript Repository on SQLx SQLite	2026-10-03T16:05:56.3562975Z   Downloaded markup5ever v0.39.0
desktop	Actual TypeScript Repository on SQLx SQLite	2026-10-03T16:05:56.3574925Z   Downloaded pango-sys v0.18.0
desktop	Actual TypeScript Repository on SQLx SQLite	2026-10-03T16:05:56.3589065Z   Downloaded phf_generator v0.13.1
desktop	Actual TypeScript Repository on SQLx SQLite	2026-10-03T16:05:56.3600372Z   Downloaded phf_macros v0.13.1
desktop	Actual TypeScript Repository on SQLx SQLite	2026-10-03T16:05:56.3610284Z   Downloaded pkg-config v0.3.34
desktop	Actual TypeScript Repository on SQLx SQLite	2026-10-03T16:05:56.3625320Z   Downloaded proc-macro-crate v1.3.1
desktop	Actual TypeScript Repository on SQLx SQLite	2026-10-03T16:05:56.3636175Z   Downloaded raw-window-handle v0.6.2
desktop	Actual TypeScript Repository on SQLx SQLite	2026-10-03T16:05:56.3653955Z   Downloaded serde_spanned v0.6.9
desktop	Actual TypeScript Repository on SQLx SQLite	2026-10-03T16:05:56.3665301Z   Downloaded toml_parser v1.1.3+spec-1.1.0
desktop	Actual TypeScript Repository on SQLx SQLite	2026-10-03T16:05:56.3688263Z   Downloaded javascriptcore-rs v1.1.2
desktop	Actual TypeScript Repository on SQLx SQLite	2026-10-03T16:05:56.3714316Z   Downloaded libloading v0.7.4
desktop	Actual TypeScript Repository on SQLx SQLite	2026-10-03T16:05:56.3736672Z   Downloaded shlex v2.0.1
desktop	Actual TypeScript Repository on SQLx SQLite	2026-10-03T16:05:56.3749531Z   Downloaded soup3 v0.5.0
desktop	Actual TypeScript Repository on SQLx SQLite	2026-10-03T16:05:56.3790967Z   Downloaded tauri-winres v0.3.6
desktop	Actual TypeScript Repository on SQLx SQLite	2026-10-03T16:05:56.3807387Z   Downloaded tendril v0.5.1
desktop	Actual TypeScript Repository on SQLx SQLite	2026-10-03T16:05:56.3826222Z   Downloaded tokio-stream v0.1.19
desktop	Actual TypeScript Repository on SQLx SQLite	2026-10-03T16:05:56.3877853Z   Downloaded typenum v1.20.1
desktop	Actual TypeScript Repository on SQLx SQLite	2026-10-03T16:05:56.3912237Z   Downloaded lock_api v0.4.14
desktop	Actual TypeScript Repository on SQLx SQLite	2026-10-03T16:05:56.3924410Z   Downloaded parking_lot v0.12.5
desktop	Actual TypeScript Repository on SQLx SQLite	2026-10-03T16:05:56.3949153Z   Downloaded parking_lot_core v0.9.12
desktop	Actual TypeScript Repository on SQLx SQLite	2026-10-03T16:05:56.3969769Z   Downloaded litemap v0.8.3
desktop	Actual TypeScript Repository on SQLx SQLite	2026-10-03T16:05:56.3992783Z   Downloaded icu_properties v2.3.0
desktop	Actual TypeScript Repository on SQLx SQLite	2026-10-03T16:05:56.4024850Z   Downloaded once_cell v1.21.4
desktop	Actual TypeScript Repository on SQLx SQLite	2026-10-03T16:05:56.4049984Z   Downloaded pango v0.18.3
desktop	Actual TypeScript Repository on SQLx SQLite	2026-10-03T16:05:56.4096391Z   Downloaded getrandom v0.3.4
desktop	Actual TypeScript Repository on SQLx SQLite	2026-10-03T16:05:56.4131330Z   Downloaded log v0.4.34
desktop	Actual TypeScript Repository on SQLx SQLite	2026-10-03T16:05:56.4156397Z   Downloaded num-traits v0.2.19
desktop	Actual TypeScript Repository on SQLx SQLite	2026-10-03T16:05:56.4182366Z   Downloaded pin-project-lite v0.2.17
desktop	Actual TypeScript Repository on SQLx SQLite	2026-10-03T16:05:56.4241317Z   Downloaded proc-macro2 v1.0.107
desktop	Actual TypeScript Repository on SQLx SQLite	2026-10-03T16:05:56.4270599Z   Downloaded ryu v1.0.23
desktop	Actual TypeScript Repository on SQLx SQLite	2026-10-03T16:05:56.4302946Z   Downloaded serde_with_macros v3.24.0
desktop	Actual TypeScript Repository on SQLx SQLite	2026-10-03T16:05:56.4322003Z   Downloaded tinyvec v1.13.3
desktop	Actual TypeScript Repository on SQLx SQLite	2026-10-03T16:05:56.4356541Z   Downloaded toml v0.8.2
desktop	Actual TypeScript Repository on SQLx SQLite	2026-10-03T16:05:56.4387915Z   Downloaded toml_datetime v0.6.3
desktop	Actual TypeScript Repository on SQLx SQLite	2026-10-03T16:05:56.4397360Z   Downloaded toml_datetime v1.1.1+spec-1.1.0
desktop	Actual TypeScript Repository on SQLx SQLite	2026-10-03T16:05:56.4410448Z   Downloaded tray-icon v0.25.1
desktop	Actual TypeScript Repository on SQLx SQLite	2026-10-03T16:05:56.4438326Z   Downloaded yoke v0.8.3
desktop	Actual TypeScript Repository on SQLx SQLite	2026-10-03T16:05:56.4456492Z   Downloaded getrandom v0.4.3
desktop	Actual TypeScript Repository on SQLx SQLite	2026-10-03T16:05:56.4494180Z   Downloaded jsonptr v0.7.1
desktop	Actual TypeScript Repository on SQLx SQLite	2026-10-03T16:05:56.4521945Z   Downloaded libappindicator v0.9.0
desktop	Actual TypeScript Repository on SQLx SQLite	2026-10-03T16:05:56.4545569Z   Downloaded plist v1.10.1
desktop	Actual TypeScript Repository on SQLx SQLite	2026-10-03T16:05:56.4586251Z   Downloaded serde_json v1.0.151
desktop	Actual TypeScript Repository on SQLx SQLite	2026-10-03T16:05:56.4659390Z   Downloaded slab v0.4.12
desktop	Actual TypeScript Repository on SQLx SQLite	2026-10-03T16:05:56.4672497Z   Downloaded thiserror-impl v1.0.69
desktop	Actual TypeScript Repository on SQLx SQLite	2026-10-03T16:05:56.4685955Z   Downloaded tracing-core v0.1.36
desktop	Actual TypeScript Repository on SQLx SQLite	2026-10-03T16:05:56.4712341Z   Downloaded unicode-ident v1.0.26
desktop	Actual TypeScript Repository on SQLx SQLite	2026-10-03T16:05:56.4740073Z   Downloaded wry v0.57.0
desktop	Actual TypeScript Repository on SQLx SQLite	2026-10-03T16:05:56.4820630Z   Downloaded zerofrom-derive v0.1.8
desktop	Actual TypeScript Repository on SQLx SQLite	2026-10-03T16:05:56.4831119Z   Downloaded gio-sys v0.18.1
desktop	Actual TypeScript Repository on SQLx SQLite	2026-10-03T16:05:56.4856049Z   Downloaded schemars v0.8.22
desktop	Actual TypeScript Repository on SQLx SQLite	2026-10-03T16:05:56.4988967Z   Downloaded serde v1.0.229
desktop	Actual TypeScript Repository on SQLx SQLite	2026-10-03T16:05:56.5023765Z   Downloaded simd-adler32 v0.3.10
desktop	Actual TypeScript Repository on SQLx SQLite	2026-10-03T16:05:56.5042198Z   Downloaded tao v0.37.1
desktop	Actual TypeScript Repository on SQLx SQLite	2026-10-03T16:05:56.5152505Z   Downloaded gdkx11-sys v0.18.2
desktop	Actual TypeScript Repository on SQLx SQLite	2026-10-03T16:05:56.5161076Z   Downloaded memchr v2.8.3
desktop	Actual TypeScript Repository on SQLx SQLite	2026-10-03T16:05:56.5218696Z   Downloaded png v0.17.16
desktop	Actual TypeScript Repository on SQLx SQLite	2026-10-03T16:05:56.5257523Z   Downloaded tracing-attributes v0.1.31
desktop	Actual TypeScript Repository on SQLx SQLite	2026-10-03T16:05:56.5283760Z   Downloaded gdk-sys v0.18.2
desktop	Actual TypeScript Repository on SQLx SQLite	2026-10-03T16:05:56.5304289Z   Downloaded jiff-core v0.1.1
desktop	Actual TypeScript Repository on SQLx SQLite	2026-10-03T16:05:56.5339367Z   Downloaded time-core v0.1.9
desktop	Actual TypeScript Repository on SQLx SQLite	2026-10-03T16:05:56.5351061Z   Downloaded gtk-sys v0.18.2
desktop	Actual TypeScript Repository on SQLx SQLite	2026-10-03T16:05:56.5384441Z   Downloaded muda v0.20.0
desktop	Actual TypeScript Repository on SQLx SQLite	2026-10-03T16:05:56.5437477Z   Downloaded regex v1.13.1
desktop	Actual TypeScript Repository on SQLx SQLite	2026-10-03T16:05:56.5490568Z   Downloaded typeid v1.0.3
desktop	Actual TypeScript Repository on SQLx SQLite	2026-10-03T16:05:56.5503046Z   Downloaded winnow v0.5.40
desktop	Actual TypeScript Repository on SQLx SQLite	2026-10-03T16:05:56.5590511Z   Downloaded serde_derive v1.0.229
desktop	Actual TypeScript Repository on SQLx SQLite	2026-10-03T16:05:56.5621311Z   Downloaded siphasher v1.0.4
desktop	Actual TypeScript Repository on SQLx SQLite	2026-10-03T16:05:56.5636358Z   Downloaded winnow v1.0.4
desktop	Actual TypeScript Repository on SQLx SQLite	2026-10-03T16:05:56.5734424Z   Downloaded gio v0.18.4
desktop	Actual TypeScript Repository on SQLx SQLite	2026-10-03T16:05:56.5902454Z   Downloaded serde_with v3.24.0
desktop	Actual TypeScript Repository on SQLx SQLite	2026-10-03T16:05:56.6036046Z   Downloaded vcpkg v0.2.15
desktop	Actual TypeScript Repository on SQLx SQLite	2026-10-03T16:05:56.6586806Z   Downloaded version-compare v0.2.1
desktop	Actual TypeScript Repository on SQLx SQLite	2026-10-03T16:05:56.6600284Z   Downloaded target-lexicon v0.12.16
desktop	Actual TypeScript Repository on SQLx SQLite	2026-10-03T16:05:56.6621661Z   Downloaded tokio v1.53.1
desktop	Actual TypeScript Repository on SQLx SQLite	2026-10-03T16:05:56.7078682Z   Downloaded urlpattern v0.6.0
desktop	Actual TypeScript Repository on SQLx SQLite	2026-10-03T16:05:56.7101261Z   Downloaded gtk v0.18.2
desktop	Actual TypeScript Repository on SQLx SQLite	2026-10-03T16:05:56.7356298Z   Downloaded sqlx-macros-core v0.8.6
desktop	Actual TypeScript Repository on SQLx SQLite	2026-10-03T16:05:56.7378213Z   Downloaded syn v2.0.119
desktop	Actual TypeScript Repository on SQLx SQLite	2026-10-03T16:05:56.7484318Z   Downloaded syn v3.0.6
desktop	Actual TypeScript Repository on SQLx SQLite	2026-10-03T16:05:56.7590677Z   Downloaded regex-syntax v0.8.11
desktop	Actual TypeScript Repository on SQLx SQLite	2026-10-03T16:05:56.7657540Z   Downloaded libc v0.2.189
desktop	Actual TypeScript Repository on SQLx SQLite	2026-10-03T16:05:56.8099239Z   Downloaded tauri v2.12.1
desktop	Actual TypeScript Repository on SQLx SQLite	2026-10-03T16:05:56.8253035Z   Downloaded sqlx-sqlite v0.8.6
desktop	Actual TypeScript Repository on SQLx SQLite	2026-10-03T16:05:56.8299724Z   Downloaded url v2.5.8
desktop	Actual TypeScript Repository on SQLx SQLite	2026-10-03T16:05:56.8325474Z   Downloaded serde_core v1.0.229
desktop	Actual TypeScript Repository on SQLx SQLite	2026-10-03T16:05:56.8352683Z   Downloaded regex-automata v0.4.18
desktop	Actual TypeScript Repository on SQLx SQLite	2026-10-03T16:05:56.8492182Z   Downloaded jiff v0.2.37
desktop	Actual TypeScript Repository on SQLx SQLite	2026-10-03T16:05:56.8641846Z   Downloaded tauri-runtime-wry v2.12.1
desktop	Actual TypeScript Repository on SQLx SQLite	2026-10-03T16:05:56.8668661Z   Downloaded version_check v0.9.5
desktop	Actual TypeScript Repository on SQLx SQLite	2026-10-03T16:05:56.8681669Z   Downloaded libsqlite3-sys v0.30.1
desktop	Actual TypeScript Repository on SQLx SQLite	2026-10-03T16:05:56.9256846Z   Downloaded libdbus-sys v0.2.7
desktop	Actual TypeScript Repository on SQLx SQLite	2026-10-03T16:05:56.9569947Z   Downloaded synstructure v0.14.0
desktop	Actual TypeScript Repository on SQLx SQLite	2026-10-03T16:05:56.9580231Z   Downloaded tauri-utils v2.10.1
desktop	Actual TypeScript Repository on SQLx SQLite	2026-10-03T16:05:56.9623589Z   Downloaded soup3-sys v0.5.0
desktop	Actual TypeScript Repository on SQLx SQLite	2026-10-03T16:05:56.9637762Z   Downloaded web-time v1.1.0
desktop	Actual TypeScript Repository on SQLx SQLite	2026-10-03T16:05:57.0727110Z    Compiling proc-macro2 v1.0.107
desktop	Actual TypeScript Repository on SQLx SQLite	2026-10-03T16:05:57.0728289Z    Compiling unicode-ident v1.0.26
desktop	Actual TypeScript Repository on SQLx SQLite	2026-10-03T16:05:57.0728922Z    Compiling quote v1.0.47
desktop	Actual TypeScript Repository on SQLx SQLite	2026-10-03T16:05:57.0729395Z    Compiling serde_core v1.0.229
desktop	Actual TypeScript Repository on SQLx SQLite	2026-10-03T16:05:57.1405729Z    Compiling serde v1.0.229
desktop	Actual TypeScript Repository on SQLx SQLite	2026-10-03T16:05:57.3481307Z    Compiling equivalent v1.0.2
desktop	Actual TypeScript Repository on SQLx SQLite	2026-10-03T16:05:57.3566672Z    Compiling smallvec v1.16.2
desktop	Actual TypeScript Repository on SQLx SQLite	2026-10-03T16:05:57.3805210Z    Compiling hashbrown v0.17.1
desktop	Actual TypeScript Repository on SQLx SQLite	2026-10-03T16:05:57.5013724Z    Compiling pkg-config v0.3.34
desktop	Actual TypeScript Repository on SQLx SQLite	2026-10-03T16:05:57.9130070Z    Compiling indexmap v2.14.2
desktop	Actual TypeScript Repository on SQLx SQLite	2026-10-03T16:05:58.0645314Z    Compiling syn v3.0.6
desktop	Actual TypeScript Repository on SQLx SQLite	2026-10-03T16:05:58.0905227Z    Compiling libc v0.2.189
desktop	Actual TypeScript Repository on SQLx SQLite	2026-10-03T16:05:58.5345242Z    Compiling winnow v0.5.40
desktop	Actual TypeScript Repository on SQLx SQLite	2026-10-03T16:05:59.2415002Z    Compiling heck v0.5.0
desktop	Actual TypeScript Repository on SQLx SQLite	2026-10-03T16:05:59.4055653Z    Compiling target-lexicon v0.12.16
desktop	Actual TypeScript Repository on SQLx SQLite	2026-10-03T16:05:59.5645486Z    Compiling version-compare v0.2.1
desktop	Actual TypeScript Repository on SQLx SQLite	2026-10-03T16:05:59.7045507Z    Compiling syn v2.0.119
desktop	Actual TypeScript Repository on SQLx SQLite	2026-10-03T16:05:59.9682287Z    Compiling cfg-expr v0.15.8
desktop	Actual TypeScript Repository on SQLx SQLite	2026-10-03T16:06:00.0515611Z    Compiling memchr v2.8.3
desktop	Actual TypeScript Repository on SQLx SQLite	2026-10-03T16:06:00.7265444Z    Compiling version_check v0.9.5
desktop	Actual TypeScript Repository on SQLx SQLite	2026-10-03T16:06:00.9265303Z    Compiling cfg-if v1.0.5
desktop	Actual TypeScript Repository on SQLx SQLite	2026-10-03T16:06:00.9565224Z    Compiling writeable v0.6.4
desktop	Actual TypeScript Repository on SQLx SQLite	2026-10-03T16:06:01.1405301Z    Compiling litemap v0.8.3
desktop	Actual TypeScript Repository on SQLx SQLite	2026-10-03T16:06:01.2833463Z    Compiling utf8_iter v1.0.4
desktop	Actual TypeScript Repository on SQLx SQLite	2026-10-03T16:06:01.3635325Z    Compiling synstructure v0.14.0
desktop	Actual TypeScript Repository on SQLx SQLite	2026-10-03T16:06:01.8545287Z    Compiling siphasher v1.0.4
desktop	Actual TypeScript Repository on SQLx SQLite	2026-10-03T16:06:01.9872418Z    Compiling autocfg v1.5.1
desktop	Actual TypeScript Repository on SQLx SQLite	2026-10-03T16:06:02.4047210Z    Compiling phf_shared v0.13.1
desktop	Actual TypeScript Repository on SQLx SQLite	2026-10-03T16:06:02.5969991Z    Compiling icu_properties_data v2.3.0
desktop	Actual TypeScript Repository on SQLx SQLite	2026-10-03T16:06:02.6921069Z    Compiling itoa v1.0.18
desktop	Actual TypeScript Repository on SQLx SQLite	2026-10-03T16:06:02.8255139Z    Compiling icu_normalizer_data v2.3.0
desktop	Actual TypeScript Repository on SQLx SQLite	2026-10-03T16:06:02.8596326Z    Compiling fastrand v2.5.0
desktop	Actual TypeScript Repository on SQLx SQLite	2026-10-03T16:06:02.9508184Z    Compiling phf_generator v0.13.1
desktop	Actual TypeScript Repository on SQLx SQLite	2026-10-03T16:06:03.0645373Z    Compiling serde_derive v1.0.229
desktop	Actual TypeScript Repository on SQLx SQLite	2026-10-03T16:06:03.0752598Z    Compiling zerofrom-derive v0.1.8
desktop	Actual TypeScript Repository on SQLx SQLite	2026-10-03T16:06:03.0835578Z    Compiling yoke-derive v0.8.4
desktop	Actual TypeScript Repository on SQLx SQLite	2026-10-03T16:06:03.9855223Z    Compiling zerovec-derive v0.11.6
desktop	Actual TypeScript Repository on SQLx SQLite	2026-10-03T16:06:04.1662313Z    Compiling zerofrom v0.1.8
desktop	Actual TypeScript Repository on SQLx SQLite	2026-10-03T16:06:04.2395478Z    Compiling displaydoc v0.2.7
desktop	Actual TypeScript Repository on SQLx SQLite	2026-10-03T16:06:04.4275557Z    Compiling futures-core v0.3.34
desktop	Actual TypeScript Repository on SQLx SQLite	2026-10-03T16:06:04.5055249Z    Compiling stable_deref_trait v1.2.1
desktop	Actual TypeScript Repository on SQLx SQLite	2026-10-03T16:06:04.5495297Z    Compiling once_cell v1.21.4
desktop	Actual TypeScript Repository on SQLx SQLite	2026-10-03T16:06:04.6915332Z    Compiling pin-project-lite v0.2.17
desktop	Actual TypeScript Repository on SQLx SQLite	2026-10-03T16:06:04.7345315Z    Compiling futures-sink v0.3.34
desktop	Actual TypeScript Repository on SQLx SQLite	2026-10-03T16:06:04.7515137Z    Compiling scopeguard v1.2.0
desktop	Actual TypeScript Repository on SQLx SQLite	2026-10-03T16:06:04.7778582Z    Compiling parking_lot_core v0.9.12
desktop	Actual TypeScript Repository on SQLx SQLite	2026-10-03T16:06:04.7914884Z    Compiling lock_api v0.4.14
desktop	Actual TypeScript Repository on SQLx SQLite	2026-10-03T16:06:04.8645023Z    Compiling semver v1.0.28
desktop	Actual TypeScript Repository on SQLx SQLite	2026-10-03T16:06:04.9195217Z    Compiling yoke v0.8.3
desktop	Actual TypeScript Repository on SQLx SQLite	2026-10-03T16:06:04.9715681Z    Compiling futures-macro v0.3.34
desktop	Actual TypeScript Repository on SQLx SQLite	2026-10-03T16:06:05.0455711Z    Compiling proc-macro-error-attr v1.0.4
desktop	Actual TypeScript Repository on SQLx SQLite	2026-10-03T16:06:05.0945231Z    Compiling zmij v1.0.23
desktop	Actual TypeScript Repository on SQLx SQLite	2026-10-03T16:06:05.1350228Z    Compiling futures-io v0.3.34
desktop	Actual TypeScript Repository on SQLx SQLite	2026-10-03T16:06:05.2235305Z    Compiling futures-task v0.3.34
desktop	Actual TypeScript Repository on SQLx SQLite	2026-10-03T16:06:05.2304915Z    Compiling slab v0.4.12
desktop	Actual TypeScript Repository on SQLx SQLite	2026-10-03T16:06:05.3165198Z    Compiling syn v1.0.109
desktop	Actual TypeScript Repository on SQLx SQLite	2026-10-03T16:06:05.3808020Z    Compiling proc-macro-error v1.0.4
desktop	Actual TypeScript Repository on SQLx SQLite	2026-10-03T16:06:05.4725445Z    Compiling thiserror v2.0.21
desktop	Actual TypeScript Repository on SQLx SQLite	2026-10-03T16:06:05.5534668Z    Compiling futures-util v0.3.34
desktop	Actual TypeScript Repository on SQLx SQLite	2026-10-03T16:06:06.1561387Z    Compiling zerovec v0.11.8
desktop	Actual TypeScript Repository on SQLx SQLite	2026-10-03T16:06:06.3901841Z    Compiling toml_datetime v0.6.3
desktop	Actual TypeScript Repository on SQLx SQLite	2026-10-03T16:06:06.3985030Z    Compiling serde_spanned v0.6.9
desktop	Actual TypeScript Repository on SQLx SQLite	2026-10-03T16:06:06.4625269Z    Compiling thiserror-impl v2.0.21
desktop	Actual TypeScript Repository on SQLx SQLite	2026-10-03T16:06:06.5185350Z    Compiling toml_edit v0.20.2
desktop	Actual TypeScript Repository on SQLx SQLite	2026-10-03T16:06:06.6725390Z    Compiling log v0.4.34
desktop	Actual TypeScript Repository on SQLx SQLite	2026-10-03T16:06:07.6623813Z    Compiling futures-channel v0.3.34
desktop	Actual TypeScript Repository on SQLx SQLite	2026-10-03T16:06:07.7605399Z    Compiling phf_macros v0.13.1
desktop	Actual TypeScript Repository on SQLx SQLite	2026-10-03T16:06:07.8315643Z    Compiling thiserror v1.0.69
desktop	Actual TypeScript Repository on SQLx SQLite	2026-10-03T16:06:08.2038988Z    Compiling toml v0.8.2
desktop	Actual TypeScript Repository on SQLx SQLite	2026-10-03T16:06:08.3258407Z    Compiling futures-executor v0.3.34
desktop	Actual TypeScript Repository on SQLx SQLite	2026-10-03T16:06:08.4885032Z    Compiling proc-macro-crate v2.0.2
desktop	Actual TypeScript Repository on SQLx SQLite	2026-10-03T16:06:08.5615487Z    Compiling system-deps v6.2.2
desktop	Actual TypeScript Repository on SQLx SQLite	2026-10-03T16:06:08.6327744Z    Compiling thiserror-impl v1.0.69
desktop	Actual TypeScript Repository on SQLx SQLite	2026-10-03T16:06:08.8535379Z    Compiling bitflags v2.13.2
desktop	Actual TypeScript Repository on SQLx SQLite	2026-10-03T16:06:09.0125224Z    Compiling bytes v1.12.1
desktop	Actual TypeScript Repository on SQLx SQLite	2026-10-03T16:06:09.1615766Z    Compiling time-core v0.1.9
desktop	Actual TypeScript Repository on SQLx SQLite	2026-10-03T16:06:09.1775165Z    Compiling glib-sys v0.18.1
desktop	Actual TypeScript Repository on SQLx SQLite	2026-10-03T16:06:09.3185504Z    Compiling gobject-sys v0.18.0
desktop	Actual TypeScript Repository on SQLx SQLite	2026-10-03T16:06:09.4725159Z    Compiling gio-sys v0.18.1
desktop	Actual TypeScript Repository on SQLx SQLite	2026-10-03T16:06:09.5892684Z    Compiling gdk-sys v0.18.2
desktop	Actual TypeScript Repository on SQLx SQLite	2026-10-03T16:06:09.6336070Z    Compiling heck v0.4.1
desktop	Actual TypeScript Repository on SQLx SQLite	2026-10-03T16:06:09.7391520Z    Compiling num-conv v0.2.2
desktop	Actual TypeScript Repository on SQLx SQLite	2026-10-03T16:06:09.7585516Z    Compiling glib-macros v0.18.5
desktop	Actual TypeScript Repository on SQLx SQLite	2026-10-03T16:06:09.8765411Z    Compiling gdk-pixbuf-sys v0.18.0
desktop	Actual TypeScript Repository on SQLx SQLite	2026-10-03T16:06:09.9045215Z    Compiling pango-sys v0.18.0
desktop	Actual TypeScript Repository on SQLx SQLite	2026-10-03T16:06:10.0107805Z    Compiling cairo-sys-rs v0.18.2
desktop	Actual TypeScript Repository on SQLx SQLite	2026-10-03T16:06:10.0505715Z    Compiling tinystr v0.8.4
desktop	Actual TypeScript Repository on SQLx SQLite	2026-10-03T16:06:10.1485182Z    Compiling rustc_version v0.4.1
desktop	Actual TypeScript Repository on SQLx SQLite	2026-10-03T16:06:10.1785327Z    Compiling phf_codegen v0.13.1
desktop	Actual TypeScript Repository on SQLx SQLite	2026-10-03T16:06:10.2560133Z    Compiling typeid v1.0.3
desktop	Actual TypeScript Repository on SQLx SQLite	2026-10-03T16:06:10.3265365Z    Compiling winnow v1.0.4
desktop	Actual TypeScript Repository on SQLx SQLite	2026-10-03T16:06:10.3836253Z    Compiling deranged v0.5.8
desktop	Actual TypeScript Repository on SQLx SQLite	2026-10-03T16:06:10.6475144Z    Compiling powerfmt v0.2.0
desktop	Actual TypeScript Repository on SQLx SQLite	2026-10-03T16:06:10.7825266Z    Compiling strsim v0.11.1
desktop	Actual TypeScript Repository on SQLx SQLite	2026-10-03T16:06:10.9935849Z    Compiling ident_case v1.0.1
desktop	Actual TypeScript Repository on SQLx SQLite	2026-10-03T16:06:11.0455722Z    Compiling darling_core v0.24.1
desktop	Actual TypeScript Repository on SQLx SQLite	2026-10-03T16:06:11.3205696Z    Compiling toml_parser v1.1.3+spec-1.1.0
desktop	Actual TypeScript Repository on SQLx SQLite	2026-10-03T16:06:11.4655116Z    Compiling icu_locale_core v2.3.0
desktop	Actual TypeScript Repository on SQLx SQLite	2026-10-03T16:06:12.0895725Z    Compiling atk-sys v0.18.2
desktop	Actual TypeScript Repository on SQLx SQLite	2026-10-03T16:06:12.2255180Z    Compiling potential_utf v0.1.6
desktop	Actual TypeScript Repository on SQLx SQLite	2026-10-03T16:06:12.3139456Z    Compiling zerotrie v0.2.5
desktop	Actual TypeScript Repository on SQLx SQLite	2026-10-03T16:06:12.5395174Z    Compiling glib v0.18.5
desktop	Actual TypeScript Repository on SQLx SQLite	2026-10-03T16:06:12.5544704Z    Compiling toml_writer v1.1.2+spec-1.1.0
desktop	Actual TypeScript Repository on SQLx SQLite	2026-10-03T16:06:12.6625478Z    Compiling erased-serde v0.4.10
desktop	Actual TypeScript Repository on SQLx SQLite	2026-10-03T16:06:12.6885517Z    Compiling icu_provider v2.3.1
desktop	Actual TypeScript Repository on SQLx SQLite	2026-10-03T16:06:12.8146029Z    Compiling icu_collections v2.3.0
desktop	Actual TypeScript Repository on SQLx SQLite	2026-10-03T16:06:13.3875544Z    Compiling aho-corasick v1.1.5
desktop	Actual TypeScript Repository on SQLx SQLite	2026-10-03T16:06:13.5025150Z    Compiling regex-syntax v0.8.11
desktop	Actual TypeScript Repository on SQLx SQLite	2026-10-03T16:06:14.0435260Z    Compiling darling_macro v0.24.1
desktop	Actual TypeScript Repository on SQLx SQLite	2026-10-03T16:06:14.2545156Z    Compiling fnv v1.0.7
desktop	Actual TypeScript Repository on SQLx SQLite	2026-10-03T16:06:14.2960032Z    Compiling web-time v1.1.0
desktop	Actual TypeScript Repository on SQLx SQLite	2026-10-03T16:06:14.3315634Z    Compiling new_debug_unreachable v1.0.6
desktop	Actual TypeScript Repository on SQLx SQLite	2026-10-03T16:06:14.3685277Z    Compiling darling v0.24.1
desktop	Actual TypeScript Repository on SQLx SQLite	2026-10-03T16:06:15.5235236Z    Compiling regex-automata v0.4.18
desktop	Actual TypeScript Repository on SQLx SQLite	2026-10-03T16:06:15.6855155Z    Compiling phf v0.13.1
desktop	Actual TypeScript Repository on SQLx SQLite	2026-10-03T16:06:16.1945996Z    Compiling string_cache_codegen v0.6.1
desktop	Actual TypeScript Repository on SQLx SQLite	2026-10-03T16:06:16.3325207Z    Compiling generic-array v0.14.7
desktop	Actual TypeScript Repository on SQLx SQLite	2026-10-03T16:06:16.4285366Z    Compiling precomputed-hash v0.1.1
desktop	Actual TypeScript Repository on SQLx SQLite	2026-10-03T16:06:16.4655329Z    Compiling getrandom v0.4.3
desktop	Actual TypeScript Repository on SQLx SQLite	2026-10-03T16:06:16.5103765Z    Compiling serde_json v1.0.151
desktop	Actual TypeScript Repository on SQLx SQLite	2026-10-03T16:06:16.5840803Z    Compiling alloc-no-stdlib v3.0.0
desktop	Actual TypeScript Repository on SQLx SQLite	2026-10-03T16:06:16.6095730Z    Compiling gio v0.18.4
desktop	Actual TypeScript Repository on SQLx SQLite	2026-10-03T16:06:16.6415471Z    Compiling alloc-stdlib v0.3.0
desktop	Actual TypeScript Repository on SQLx SQLite	2026-10-03T16:06:16.7075274Z    Compiling web_atoms v0.2.6
desktop	Actual TypeScript Repository on SQLx SQLite	2026-10-03T16:06:16.7325201Z    Compiling parking_lot v0.12.5
desktop	Actual TypeScript Repository on SQLx SQLite	2026-10-03T16:06:17.3015199Z    Compiling serde_with_macros v3.24.0
desktop	Actual TypeScript Repository on SQLx SQLite	2026-10-03T16:06:17.5285601Z    Compiling regex v1.13.1
desktop	Actual TypeScript Repository on SQLx SQLite	2026-10-03T16:06:18.1165846Z    Compiling icu_properties v2.3.0
desktop	Actual TypeScript Repository on SQLx SQLite	2026-10-03T16:06:18.2825213Z    Compiling icu_normalizer v2.3.0
desktop	Actual TypeScript Repository on SQLx SQLite	2026-10-03T16:06:18.8255212Z    Compiling gtk-sys v0.18.2
desktop	Actual TypeScript Repository on SQLx SQLite	2026-10-03T16:06:18.9625057Z    Compiling quick-xml v0.42.0
desktop	Actual TypeScript Repository on SQLx SQLite	2026-10-03T16:06:19.4535673Z    Compiling anyhow v1.0.104
desktop	Actual TypeScript Repository on SQLx SQLite	2026-10-03T16:06:19.4955189Z    Compiling shlex v2.0.1
desktop	Actual TypeScript Repository on SQLx SQLite	2026-10-03T16:06:19.5945497Z    Compiling base64 v0.23.1
desktop	Actual TypeScript Repository on SQLx SQLite	2026-10-03T16:06:19.6227553Z    Compiling typenum v1.20.1
desktop	Actual TypeScript Repository on SQLx SQLite	2026-10-03T16:06:19.9515253Z    Compiling find-msvc-tools v0.1.14
desktop	Actual TypeScript Repository on SQLx SQLite	2026-10-03T16:06:20.0535153Z    Compiling cc v1.5.1
desktop	Actual TypeScript Repository on SQLx SQLite	2026-10-03T16:06:20.1452009Z    Compiling idna_adapter v1.2.2
desktop	Actual TypeScript Repository on SQLx SQLite	2026-10-03T16:06:20.9185200Z    Compiling string_cache v0.9.0
desktop	Actual TypeScript Repository on SQLx SQLite	2026-10-03T16:06:21.1725420Z    Compiling brotli-decompressor v6.0.1
desktop	Actual TypeScript Repository on SQLx SQLite	2026-10-03T16:06:21.4205067Z    Compiling http v1.5.0
desktop	Actual TypeScript Repository on SQLx SQLite	2026-10-03T16:06:22.1505554Z    Compiling toml_datetime v1.1.1+spec-1.1.0
desktop	Actual TypeScript Repository on SQLx SQLite	2026-10-03T16:06:22.3055509Z    Compiling serde_spanned v1.1.1
desktop	Actual TypeScript Repository on SQLx SQLite	2026-10-03T16:06:22.3734379Z    Compiling dtoa v1.0.11
desktop	Actual TypeScript Repository on SQLx SQLite	2026-10-03T16:06:22.3804896Z    Compiling same-file v1.0.6
desktop	Actual TypeScript Repository on SQLx SQLite	2026-10-03T16:06:22.4615551Z    Compiling percent-encoding v2.3.2
desktop	Actual TypeScript Repository on SQLx SQLite	2026-10-03T16:06:22.4688516Z    Compiling dunce v1.0.5
desktop	Actual TypeScript Repository on SQLx SQLite	2026-10-03T16:06:22.5115288Z    Compiling dtoa-short v0.3.5
desktop	Actual TypeScript Repository on SQLx SQLite	2026-10-03T16:06:22.5539403Z    Compiling form_urlencoded v1.2.2
desktop	Actual TypeScript Repository on SQLx SQLite	2026-10-03T16:06:22.5689018Z    Compiling walkdir v2.5.0
desktop	Actual TypeScript Repository on SQLx SQLite	2026-10-03T16:06:22.5755089Z    Compiling toml v1.1.6+spec-1.1.0
desktop	Actual TypeScript Repository on SQLx SQLite	2026-10-03T16:06:22.6475836Z    Compiling brotli v9.0.0
desktop	Actual TypeScript Repository on SQLx SQLite	2026-10-03T16:06:23.4445268Z    Compiling uuid v1.26.1
desktop	Actual TypeScript Repository on SQLx SQLite	2026-10-03T16:06:23.7755189Z    Compiling idna v1.1.0
desktop	Actual TypeScript Repository on SQLx SQLite	2026-10-03T16:06:25.0695303Z    Compiling tendril v0.5.1
desktop	Actual TypeScript Repository on SQLx SQLite	2026-10-03T16:06:25.2974479Z    Compiling selectors v0.38.0
desktop	Actual TypeScript Repository on SQLx SQLite	2026-10-03T16:06:25.5355287Z    Compiling derive_more-impl v2.1.1
desktop	Actual TypeScript Repository on SQLx SQLite	2026-10-03T16:06:25.5825271Z    Compiling cssparser-macros v0.7.1
desktop	Actual TypeScript Repository on SQLx SQLite	2026-10-03T16:06:25.8165234Z    Compiling indexmap v1.9.3
desktop	Actual TypeScript Repository on SQLx SQLite	2026-10-03T16:06:25.9043423Z    Compiling glob v0.3.4
desktop	Actual TypeScript Repository on SQLx SQLite	2026-10-03T16:06:25.9275402Z    Compiling ctor v1.0.13
desktop	Actual TypeScript Repository on SQLx SQLite	2026-10-03T16:06:26.0073221Z    Compiling camino v1.2.6
desktop	Actual TypeScript Repository on SQLx SQLite	2026-10-03T16:06:26.2905252Z    Compiling derive_more v2.1.1
desktop	Actual TypeScript Repository on SQLx SQLite	2026-10-03T16:06:26.3065579Z    Compiling cssparser v0.37.0
desktop	Actual TypeScript Repository on SQLx SQLite	2026-10-03T16:06:26.3645506Z    Compiling markup5ever v0.39.0
desktop	Actual TypeScript Repository on SQLx SQLite	2026-10-03T16:06:26.4055672Z    Compiling url v2.5.8
desktop	Actual TypeScript Repository on SQLx SQLite	2026-10-03T16:06:27.0125255Z    Compiling servo_arc v0.4.3
desktop	Actual TypeScript Repository on SQLx SQLite	2026-10-03T16:06:27.0295141Z    Compiling serde_derive_internals v0.29.1
desktop	Actual TypeScript Repository on SQLx SQLite	2026-10-03T16:06:27.1115842Z    Compiling memoffset v0.9.1
desktop	Actual TypeScript Repository on SQLx SQLite	2026-10-03T16:06:27.2085358Z    Compiling crossbeam-utils v0.8.23
desktop	Actual TypeScript Repository on SQLx SQLite	2026-10-03T16:06:27.2755502Z    Compiling rustc-hash v2.1.3
desktop	Actual TypeScript Repository on SQLx SQLite	2026-10-03T16:06:27.3285626Z    Compiling bitflags v1.3.2
desktop	Actual TypeScript Repository on SQLx SQLite	2026-10-03T16:06:27.3615431Z    Compiling hashbrown v0.12.3
desktop	Actual TypeScript Repository on SQLx SQLite	2026-10-03T16:06:27.3705222Z    Compiling bit-vec v0.8.0
desktop	Actual TypeScript Repository on SQLx SQLite	2026-10-03T16:06:27.5325180Z    Compiling schemars v0.8.22
desktop	Actual TypeScript Repository on SQLx SQLite	2026-10-03T16:06:27.6485252Z    Compiling bit-set v0.8.0
desktop	Actual TypeScript Repository on SQLx SQLite	2026-10-03T16:06:27.8495310Z    Compiling schemars_derive v0.8.22
desktop	Actual TypeScript Repository on SQLx SQLite	2026-10-03T16:06:28.1775950Z    Compiling html5ever v0.39.0
desktop	Actual TypeScript Repository on SQLx SQLite	2026-10-03T16:06:28.9807373Z    Compiling cfb v0.14.0
desktop	Actual TypeScript Repository on SQLx SQLite	2026-10-03T16:06:29.1629520Z    Compiling jsonptr v0.7.1
desktop	Actual TypeScript Repository on SQLx SQLite	2026-10-03T16:06:29.4685244Z    Compiling block-buffer v0.10.4
desktop	Actual TypeScript Repository on SQLx SQLite	2026-10-03T16:06:29.5435160Z    Compiling cairo-rs v0.18.5
desktop	Actual TypeScript Repository on SQLx SQLite	2026-10-03T16:06:29.7295497Z    Compiling time v0.3.55
desktop	Actual TypeScript Repository on SQLx SQLite	2026-10-03T16:06:30.1645321Z    Compiling field-offset v0.3.6
desktop	Actual TypeScript Repository on SQLx SQLite	2026-10-03T16:06:30.2651973Z    Compiling toml_edit v0.19.15
desktop	Actual TypeScript Repository on SQLx SQLite	2026-10-03T16:06:30.5865092Z    Compiling cargo-platform v0.1.9
desktop	Actual TypeScript Repository on SQLx SQLite	2026-10-03T16:06:30.7405310Z    Compiling dyn-clone v1.0.20
desktop	Actual TypeScript Repository on SQLx SQLite	2026-10-03T16:06:30.8005362Z    Compiling foldhash v0.2.0
desktop	Actual TypeScript Repository on SQLx SQLite	2026-10-03T16:06:30.9135407Z    Compiling option-ext v0.2.0
desktop	Actual TypeScript Repository on SQLx SQLite	2026-10-03T16:06:30.9488599Z    Compiling simd-adler32 v0.3.10
desktop	Actual TypeScript Repository on SQLx SQLite	2026-10-03T16:06:31.0865313Z    Compiling dirs-sys v0.5.0
desktop	Actual TypeScript Repository on SQLx SQLite	2026-10-03T16:06:31.2915117Z    Compiling pango v0.18.3
desktop	Actual TypeScript Repository on SQLx SQLite	2026-10-03T16:06:31.8185187Z    Compiling gdk-pixbuf v0.18.5
desktop	Actual TypeScript Repository on SQLx SQLite	2026-10-03T16:06:32.6005608Z    Compiling proc-macro-crate v1.3.1
desktop	Actual TypeScript Repository on SQLx SQLite	2026-10-03T16:06:32.6935769Z    Compiling plist v1.10.1
desktop	Actual TypeScript Repository on SQLx SQLite	2026-10-03T16:06:32.8799328Z    Compiling gdk v0.18.2
desktop	Actual TypeScript Repository on SQLx SQLite	2026-10-03T16:06:33.6124630Z    Compiling dom_query v0.28.0
desktop	Actual TypeScript Repository on SQLx SQLite	2026-10-03T16:06:34.9645309Z    Compiling cargo_metadata v0.19.2
desktop	Actual TypeScript Repository on SQLx SQLite	2026-10-03T16:06:35.0105487Z    Compiling serde-untagged v0.1.9
desktop	Actual TypeScript Repository on SQLx SQLite	2026-10-03T16:06:35.0445264Z    Compiling infer v0.22.0
desktop	Actual TypeScript Repository on SQLx SQLite	2026-10-03T16:06:35.1945373Z    Compiling json-patch v4.2.0
desktop	Actual TypeScript Repository on SQLx SQLite	2026-10-03T16:06:36.1001306Z    Compiling urlpattern v0.6.0
desktop	Actual TypeScript Repository on SQLx SQLite	2026-10-03T16:06:36.3845174Z    Compiling serde_with v3.24.0
desktop	Actual TypeScript Repository on SQLx SQLite	2026-10-03T16:06:36.8145337Z    Compiling javascriptcore-rs-sys v1.1.1
desktop	Actual TypeScript Repository on SQLx SQLite	2026-10-03T16:06:36.9510764Z    Compiling soup3-sys v0.5.0
desktop	Actual TypeScript Repository on SQLx SQLite	2026-10-03T16:06:36.9573446Z    Compiling gtk v0.18.2
desktop	Actual TypeScript Repository on SQLx SQLite	2026-10-03T16:06:37.0662785Z    Compiling adler2 v2.0.1
desktop	Actual TypeScript Repository on SQLx SQLite	2026-10-03T16:06:37.1220116Z    Compiling crc32fast v1.5.2
desktop	Actual TypeScript Repository on SQLx SQLite	2026-10-03T16:06:37.2815105Z    Compiling gtk3-macros v0.18.2
desktop	Actual TypeScript Repository on SQLx SQLite	2026-10-03T16:06:37.3025341Z    Compiling dirs v7.0.0
desktop	Actual TypeScript Repository on SQLx SQLite	2026-10-03T16:06:37.3595495Z    Compiling atk v0.18.2
desktop	Actual TypeScript Repository on SQLx SQLite	2026-10-03T16:06:37.6175563Z    Compiling time-macros v0.2.32
desktop	Actual TypeScript Repository on SQLx SQLite	2026-10-03T16:06:38.2185831Z    Compiling tauri-utils v2.10.1
desktop	Actual TypeScript Repository on SQLx SQLite	2026-10-03T16:06:38.8185334Z    Compiling webkit2gtk-sys v2.0.2
desktop	Actual TypeScript Repository on SQLx SQLite	2026-10-03T16:06:39.0175635Z    Compiling x11 v2.21.0
desktop	Actual TypeScript Repository on SQLx SQLite	2026-10-03T16:06:39.1345906Z    Compiling cpufeatures v0.2.17
desktop	Actual TypeScript Repository on SQLx SQLite	2026-10-03T16:06:41.2597760Z    Compiling miniz_oxide v0.9.1
desktop	Actual TypeScript Repository on SQLx SQLite	2026-10-03T16:06:41.7675063Z    Compiling embed-resource v3.0.11
desktop	Actual TypeScript Repository on SQLx SQLite	2026-10-03T16:06:41.7855254Z    Compiling gdkx11-sys v0.18.2
desktop	Actual TypeScript Repository on SQLx SQLite	2026-10-03T16:06:41.9445305Z    Compiling tauri-winres v0.3.6
desktop	Actual TypeScript Repository on SQLx SQLite	2026-10-03T16:06:41.9664991Z    Compiling flate2 v1.1.10
desktop	Actual TypeScript Repository on SQLx SQLite	2026-10-03T16:06:42.3095515Z    Compiling miniz_oxide v0.8.9
desktop	Actual TypeScript Repository on SQLx SQLite	2026-10-03T16:06:42.8315578Z    Compiling fdeflate v0.3.7
desktop	Actual TypeScript Repository on SQLx SQLite	2026-10-03T16:06:43.0560269Z    Compiling cargo_toml v1.0.1
desktop	Actual TypeScript Repository on SQLx SQLite	2026-10-03T16:06:43.1684995Z    Compiling dpi v0.1.2
desktop	Actual TypeScript Repository on SQLx SQLite	2026-10-03T16:06:43.7935619Z    Compiling cookie v0.18.2
desktop	Actual TypeScript Repository on SQLx SQLite	2026-10-03T16:06:43.8825245Z    Compiling socket2 v0.6.5
desktop	Actual TypeScript Repository on SQLx SQLite	2026-10-03T16:06:44.3455171Z    Compiling mio v1.2.3
desktop	Actual TypeScript Repository on SQLx SQLite	2026-10-03T16:06:44.8035569Z    Compiling x11-dl v2.21.0
desktop	Actual TypeScript Repository on SQLx SQLite	2026-10-03T16:06:44.9205379Z    Compiling libdbus-sys v0.2.7
desktop	Actual TypeScript Repository on SQLx SQLite	2026-10-03T16:06:45.3005139Z    Compiling tokio v1.53.1
desktop	Actual TypeScript Repository on SQLx SQLite	2026-10-03T16:06:45.9225652Z    Compiling tauri-build v2.7.1
desktop	Actual TypeScript Repository on SQLx SQLite	2026-10-03T16:06:48.9585276Z    Compiling soup3 v0.5.0
desktop	Actual TypeScript Repository on SQLx SQLite	2026-10-03T16:06:51.2815403Z    Compiling javascriptcore-rs v1.1.2
desktop	Actual TypeScript Repository on SQLx SQLite	2026-10-03T16:06:51.7845383Z    Compiling crypto-common v0.1.7
desktop	Actual TypeScript Repository on SQLx SQLite	2026-10-03T16:06:52.1915978Z    Compiling num-traits v0.2.19
desktop	Actual TypeScript Repository on SQLx SQLite	2026-10-03T16:06:52.3995766Z    Compiling allocator-api2 v0.2.21
desktop	Actual TypeScript Repository on SQLx SQLite	2026-10-03T16:06:52.4905671Z    Compiling vcpkg v0.2.15
desktop	Actual TypeScript Repository on SQLx SQLite	2026-10-03T16:06:52.6935398Z    Compiling foldhash v0.1.5
desktop	Actual TypeScript Repository on SQLx SQLite	2026-10-03T16:06:52.7935315Z    Compiling raw-window-handle v0.6.2
desktop	Actual TypeScript Repository on SQLx SQLite	2026-10-03T16:06:52.9635313Z    Compiling hashbrown v0.15.5
desktop	Actual TypeScript Repository on SQLx SQLite	2026-10-03T16:06:53.0215588Z    Compiling libsqlite3-sys v0.30.1
desktop	Actual TypeScript Repository on SQLx SQLite	2026-10-03T16:06:53.4035708Z    Compiling digest v0.10.7
desktop	Actual TypeScript Repository on SQLx SQLite	2026-10-03T16:06:54.8579869Z    Compiling png v0.17.16
desktop	Actual TypeScript Repository on SQLx SQLite	2026-10-03T16:06:55.8515140Z    Compiling crossbeam-channel v0.5.17
desktop	Actual TypeScript Repository on SQLx SQLite	2026-10-03T16:06:56.5285339Z    Compiling tracing-core v0.1.36
desktop	Actual TypeScript Repository on SQLx SQLite	2026-10-03T16:06:57.0755182Z    Compiling dlopen2_derive v0.4.3
desktop	Actual TypeScript Repository on SQLx SQLite	2026-10-03T16:06:57.4365038Z    Compiling tracing-attributes v0.1.31
desktop	Actual TypeScript Repository on SQLx SQLite	2026-10-03T16:06:57.4815877Z    Compiling wry v0.57.0
desktop	Actual TypeScript Repository on SQLx SQLite	2026-10-03T16:06:57.6575292Z    Compiling parking v2.2.1
desktop	Actual TypeScript Repository on SQLx SQLite	2026-10-03T16:06:58.0195393Z    Compiling tauri-runtime v2.12.1
desktop	Actual TypeScript Repository on SQLx SQLite	2026-10-03T16:06:58.1045269Z    Compiling crc-catalog v2.5.0
desktop	Actual TypeScript Repository on SQLx SQLite	2026-10-03T16:06:58.1125650Z    Compiling byteorder v1.5.0
desktop	Actual TypeScript Repository on SQLx SQLite	2026-10-03T16:06:58.1665397Z    Compiling crc v3.4.0
desktop	Actual TypeScript Repository on SQLx SQLite	2026-10-03T16:06:58.2770053Z    Compiling ico v0.5.0
desktop	Actual TypeScript Repository on SQLx SQLite	2026-10-03T16:06:58.4785578Z    Compiling webkit2gtk v2.0.2
desktop	Actual TypeScript Repository on SQLx SQLite	2026-10-03T16:06:58.7395202Z    Compiling tracing v0.1.44
desktop	Actual TypeScript Repository on SQLx SQLite	2026-10-03T16:06:58.9415187Z    Compiling event-listener v5.4.2
desktop	Actual TypeScript Repository on SQLx SQLite	2026-10-03T16:06:59.1335267Z    Compiling dlopen2 v0.8.2
desktop	Actual TypeScript Repository on SQLx SQLite	2026-10-03T16:06:59.2732182Z    Compiling dbus v0.9.12
desktop	Actual TypeScript Repository on SQLx SQLite	2026-10-03T16:07:03.7625138Z    Compiling sha2 v0.10.9
desktop	Actual TypeScript Repository on SQLx SQLite	2026-10-03T16:07:04.0385174Z    Compiling hashlink v0.10.0
desktop	Actual TypeScript Repository on SQLx SQLite	2026-10-03T16:07:04.7314379Z    Compiling tauri v2.12.1
desktop	Actual TypeScript Repository on SQLx SQLite	2026-10-03T16:07:04.7797565Z    Compiling tokio-stream v0.1.19
desktop	Actual TypeScript Repository on SQLx SQLite	2026-10-03T16:07:05.1565213Z    Compiling gdkx11 v0.18.2
desktop	Actual TypeScript Repository on SQLx SQLite	2026-10-03T16:07:05.1883726Z    Compiling png v0.18.1
desktop	Actual TypeScript Repository on SQLx SQLite	2026-10-03T16:07:06.0715111Z    Compiling futures-intrusive v0.5.0
desktop	Actual TypeScript Repository on SQLx SQLite	2026-10-03T16:07:06.2615325Z    Compiling crossbeam-queue v0.3.14
desktop	Actual TypeScript Repository on SQLx SQLite	2026-10-03T16:07:06.3685160Z    Compiling gdkwayland-sys v0.18.2
desktop	Actual TypeScript Repository on SQLx SQLite	2026-10-03T16:07:06.4315326Z    Compiling either v1.18.0
desktop	Actual TypeScript Repository on SQLx SQLite	2026-10-03T16:07:06.4652436Z    Compiling spin v0.9.9
desktop	Actual TypeScript Repository on SQLx SQLite	2026-10-03T16:07:06.5975338Z    Compiling base64 v0.22.1
desktop	Actual TypeScript Repository on SQLx SQLite	2026-10-03T16:07:06.6304953Z    Compiling tauri-runtime-wry v2.12.1
desktop	Actual TypeScript Repository on SQLx SQLite	2026-10-03T16:07:06.7255224Z    Compiling muda v0.20.0
desktop	Actual TypeScript Repository on SQLx SQLite	2026-10-03T16:07:06.8245677Z    Compiling ryu v1.0.23
desktop	Actual TypeScript Repository on SQLx SQLite	2026-10-03T16:07:06.9502706Z    Compiling getrandom v0.3.4
desktop	Actual TypeScript Repository on SQLx SQLite	2026-10-03T16:07:07.1135666Z    Compiling sqlx-core v0.8.6
desktop	Actual TypeScript Repository on SQLx SQLite	2026-10-03T16:07:07.1355843Z    Compiling serde_urlencoded v0.7.1
desktop	Actual TypeScript Repository on SQLx SQLite	2026-10-03T16:07:07.3259919Z    Compiling tauri-codegen v2.7.1
desktop	Actual TypeScript Repository on SQLx SQLite	2026-10-03T16:07:08.7615314Z    Compiling flume v0.11.1
desktop	Actual TypeScript Repository on SQLx SQLite	2026-10-03T16:07:08.9530954Z    Compiling tao v0.37.1
desktop	Actual TypeScript Repository on SQLx SQLite	2026-10-03T16:07:09.7665225Z    Compiling atoi v2.0.0
desktop	Actual TypeScript Repository on SQLx SQLite	2026-10-03T16:07:10.1915321Z    Compiling keyboard-types v0.8.3
desktop	Actual TypeScript Repository on SQLx SQLite	2026-10-03T16:07:10.9745330Z    Compiling serialize-to-javascript-impl v0.1.2
desktop	Actual TypeScript Repository on SQLx SQLite	2026-10-03T16:07:11.2466783Z    Compiling serialize-to-javascript v0.1.2
desktop	Actual TypeScript Repository on SQLx SQLite	2026-10-03T16:07:11.3655069Z    Compiling tauri-macros v2.7.1
desktop	Actual TypeScript Repository on SQLx SQLite	2026-10-03T16:07:12.0685621Z    Compiling im-client-storage v0.1.0 (/home/runner/work/IM-platform/IM-platform/clients/desktop/src-tauri)
desktop	Actual TypeScript Repository on SQLx SQLite	2026-10-03T16:07:12.7177373Z    Compiling serde_repr v0.1.21
desktop	Actual TypeScript Repository on SQLx SQLite	2026-10-03T16:07:12.7495082Z    Compiling mime v0.3.17
desktop	Actual TypeScript Repository on SQLx SQLite	2026-10-03T16:07:20.4415419Z    Compiling sqlx-sqlite v0.8.6
desktop	Actual TypeScript Repository on SQLx SQLite	2026-10-03T16:07:21.2753696Z    Compiling sqlx v0.8.6
desktop	Actual TypeScript Repository on SQLx SQLite	2026-10-03T16:07:27.1339399Z     Finished `test` profile [unoptimized + debuginfo] target(s) in 1m 32s
desktop	Actual TypeScript Repository on SQLx SQLite	2026-10-03T16:07:27.2206987Z      Running unittests src/lib.rs (/home/runner/work/_temp/client-sqlite-target/debug/deps/im_client_storage-a1318bf491449f74)
desktop	Actual TypeScript Repository on SQLx SQLite	2026-10-03T16:07:27.2237567Z 
desktop	Actual TypeScript Repository on SQLx SQLite	2026-10-03T16:07:27.2237942Z running 0 tests
desktop	Actual TypeScript Repository on SQLx SQLite	2026-10-03T16:07:27.2238201Z 
desktop	Actual TypeScript Repository on SQLx SQLite	2026-10-03T16:07:27.2238756Z test result: ok. 0 passed; 0 failed; 0 ignored; 0 measured; 0 filtered out; finished in 0.00s
desktop	Actual TypeScript Repository on SQLx SQLite	2026-10-03T16:07:27.2239332Z 
desktop	Actual TypeScript Repository on SQLx SQLite	2026-10-03T16:07:27.2240877Z      Running unittests src/main.rs (/home/runner/work/_temp/client-sqlite-target/debug/deps/im_client_storage-d54d05094b4c99bc)
desktop	Actual TypeScript Repository on SQLx SQLite	2026-10-03T16:07:27.2271196Z 
desktop	Actual TypeScript Repository on SQLx SQLite	2026-10-03T16:07:27.2271483Z running 0 tests
desktop	Actual TypeScript Repository on SQLx SQLite	2026-10-03T16:07:27.2271772Z 
desktop	Actual TypeScript Repository on SQLx SQLite	2026-10-03T16:07:27.2272533Z test result: ok. 0 passed; 0 failed; 0 ignored; 0 measured; 0 filtered out; finished in 0.00s
desktop	Actual TypeScript Repository on SQLx SQLite	2026-10-03T16:07:27.2273240Z 
desktop	Actual TypeScript Repository on SQLx SQLite	2026-10-03T16:07:27.2275045Z      Running unittests src/bin/storage_probe.rs (/home/runner/work/_temp/client-sqlite-target/debug/deps/storage_probe-f8856a3e36650bdd)
desktop	Actual TypeScript Repository on SQLx SQLite	2026-10-03T16:07:27.2285099Z 
desktop	Actual TypeScript Repository on SQLx SQLite	2026-10-03T16:07:27.2285343Z running 0 tests
desktop	Actual TypeScript Repository on SQLx SQLite	2026-10-03T16:07:27.2285583Z 
desktop	Actual TypeScript Repository on SQLx SQLite	2026-10-03T16:07:27.2286242Z test result: ok. 0 passed; 0 failed; 0 ignored; 0 measured; 0 filtered out; finished in 0.00s
desktop	Actual TypeScript Repository on SQLx SQLite	2026-10-03T16:07:27.2286788Z 
desktop	Actual TypeScript Repository on SQLx SQLite	2026-10-03T16:07:27.2289477Z      Running tests/storage.rs (/home/runner/work/_temp/client-sqlite-target/debug/deps/storage-bdeb318f2ddd680e)
desktop	Actual TypeScript Repository on SQLx SQLite	2026-10-03T16:07:27.2299378Z 
desktop	Actual TypeScript Repository on SQLx SQLite	2026-10-03T16:07:27.2299528Z running 1 test
desktop	Actual TypeScript Repository on SQLx SQLite	2026-10-03T16:07:27.2358432Z test real_atomic_adapter_rolls_back_and_queries_are_read_only ... ok
desktop	Actual TypeScript Repository on SQLx SQLite	2026-10-03T16:07:27.2358938Z 
desktop	Actual TypeScript Repository on SQLx SQLite	2026-10-03T16:07:27.2359553Z test result: ok. 1 passed; 0 failed; 0 ignored; 0 measured; 0 filtered out; finished in 0.01s
desktop	Actual TypeScript Repository on SQLx SQLite	2026-10-03T16:07:27.2359970Z 
desktop	Actual TypeScript Repository on SQLx SQLite	2026-10-03T16:07:27.2362766Z    Doc-tests im_client_storage
desktop	Actual TypeScript Repository on SQLx SQLite	2026-10-03T16:07:27.3392713Z 
desktop	Actual TypeScript Repository on SQLx SQLite	2026-10-03T16:07:27.3393352Z running 0 tests
desktop	Actual TypeScript Repository on SQLx SQLite	2026-10-03T16:07:27.3393710Z 
desktop	Actual TypeScript Repository on SQLx SQLite	2026-10-03T16:07:27.3394781Z test result: ok. 0 passed; 0 failed; 0 ignored; 0 measured; 0 filtered out; finished in 0.00s
desktop	Actual TypeScript Repository on SQLx SQLite	2026-10-03T16:07:27.3395492Z 
desktop	Actual TypeScript Repository on SQLx SQLite	2026-10-03T16:07:27.3623268Z + cargo build --locked --bin storage_probe
desktop	Actual TypeScript Repository on SQLx SQLite	2026-10-03T16:07:27.5462659Z    Compiling im-client-storage v0.1.0 (/home/runner/work/IM-platform/IM-platform/clients/desktop/src-tauri)
desktop	Actual TypeScript Repository on SQLx SQLite	2026-10-03T16:07:31.8990952Z     Finished `dev` profile [unoptimized + debuginfo] target(s) in 4.52s
desktop	Actual TypeScript Repository on SQLx SQLite	2026-10-03T16:07:31.9260070Z + node tests/clients/sqlite/desktop.mjs /home/runner/work/_temp/client-sqlite-target/debug/storage_probe
desktop	Actual TypeScript Repository on SQLx SQLite	2026-10-03T16:07:34.6984539Z {"result":"PASS","engine":"actual SQLx SQLite","canonicalCases":13,"assertions":141,"root":"/tmp/im-desktop-storage-3NedSm"}
desktop	Actual TypeScript Repository on SQLx SQLite	2026-10-03T16:07:34.7416567Z + npm --prefix clients/shared/protocol-sdk ci --ignore-scripts --no-audit --no-fund
desktop	Actual TypeScript Repository on SQLx SQLite	2026-10-03T16:07:35.2044702Z 
desktop	Actual TypeScript Repository on SQLx SQLite	2026-10-03T16:07:35.2045305Z added 1 package in 413ms
desktop	Actual TypeScript Repository on SQLx SQLite	2026-10-03T16:07:35.2152815Z + npm --prefix clients/shared/protocol-sdk run build
desktop	Actual TypeScript Repository on SQLx SQLite	2026-10-03T16:07:35.3070491Z 
desktop	Actual TypeScript Repository on SQLx SQLite	2026-10-03T16:07:35.3071084Z > @im/protocol-sdk@0.1.0 build
desktop	Actual TypeScript Repository on SQLx SQLite	2026-10-03T16:07:35.3071617Z > tsc -p tsconfig.json
desktop	Actual TypeScript Repository on SQLx SQLite	2026-10-03T16:07:35.3071809Z 
desktop	Actual TypeScript Repository on SQLx SQLite	2026-10-03T16:07:36.7615870Z + node tests/clients/send/shared.mjs
desktop	Actual TypeScript Repository on SQLx SQLite	2026-10-03T16:07:36.7932629Z PASS: strict schema fields, duplicate keys, exact integer lexemes, invalid frames, escaped content
desktop	Actual TypeScript Repository on SQLx SQLite	2026-10-03T16:07:36.7977620Z + npm --prefix clients/desktop ci --ignore-scripts --no-audit --no-fund
desktop	Actual TypeScript Repository on SQLx SQLite	2026-10-03T16:07:37.2763287Z 
desktop	Actual TypeScript Repository on SQLx SQLite	2026-10-03T16:07:37.2763840Z added 2 packages in 430ms
desktop	Actual TypeScript Repository on SQLx SQLite	2026-10-03T16:07:37.2869455Z + npm --prefix clients/desktop run build
desktop	Actual TypeScript Repository on SQLx SQLite	2026-10-03T16:07:37.3780778Z 
desktop	Actual TypeScript Repository on SQLx SQLite	2026-10-03T16:07:37.3781340Z > im-desktop@0.1.0 build
desktop	Actual TypeScript Repository on SQLx SQLite	2026-10-03T16:07:37.3781836Z > tsc -p tsconfig.json
desktop	Actual TypeScript Repository on SQLx SQLite	2026-10-03T16:07:37.3782042Z 
desktop	Actual TypeScript Repository on SQLx SQLite	2026-10-03T16:07:38.9405420Z + cargo build --locked --bin storage_probe
desktop	Actual TypeScript Repository on SQLx SQLite	2026-10-03T16:07:39.1189704Z    Compiling im-client-storage v0.1.0 (/home/runner/work/IM-platform/IM-platform/clients/desktop/src-tauri)
desktop	Actual TypeScript Repository on SQLx SQLite	2026-10-03T16:07:43.5306257Z     Finished `dev` profile [unoptimized + debuginfo] target(s) in 4.58s
desktop	Actual TypeScript Repository on SQLx SQLite	2026-10-03T16:07:44.0602088Z + node tests/clients/send/desktop.mjs /home/runner/work/_temp/client-sqlite-target/debug/storage_probe wss://localhost:53639
desktop	Actual TypeScript Repository on SQLx SQLite	2026-10-03T16:07:47.6590236Z PASS: actual SQLx + builtin WSS TLS send, persisted SENDING, timeout/offline/reject, same-ID restart retry, late ACK/realtime/Sync terminal merge, strict invalid/session checks, transactional rollback, stale socket and account isolation
desktop	Actual TypeScript Repository on SQLx SQLite	2026-10-03T16:07:47.6659190Z PASS: controlled TLS fixture actual client behavior; this is distinct from Go durable-ACK E2E
desktop	Actual TypeScript Repository on SQLx SQLite	2026-10-03T16:07:47.7072789Z + npm --prefix clients/shared/protocol-sdk ci --ignore-scripts --no-audit --no-fund
desktop	Actual TypeScript Repository on SQLx SQLite	2026-10-03T16:07:48.1671927Z 
desktop	Actual TypeScript Repository on SQLx SQLite	2026-10-03T16:07:48.1672495Z added 1 package in 410ms
desktop	Actual TypeScript Repository on SQLx SQLite	2026-10-03T16:07:48.1769147Z + npm --prefix clients/shared/protocol-sdk run build
desktop	Actual TypeScript Repository on SQLx SQLite	2026-10-03T16:07:48.2710709Z 
desktop	Actual TypeScript Repository on SQLx SQLite	2026-10-03T16:07:48.2711407Z > @im/protocol-sdk@0.1.0 build
desktop	Actual TypeScript Repository on SQLx SQLite	2026-10-03T16:07:48.2711848Z > tsc -p tsconfig.json
desktop	Actual TypeScript Repository on SQLx SQLite	2026-10-03T16:07:48.2712024Z 
desktop	Actual TypeScript Repository on SQLx SQLite	2026-10-03T16:07:49.7081776Z + node tests/clients/sync/shared.mjs
desktop	Actual TypeScript Repository on SQLx SQLite	2026-10-03T16:07:49.9025980Z PASS: exact Sync correlation/shapes/gap/progress/kinds/numbers, 100x4096 escaped/literal Unicode bounded transport, strict nonstring Sync/WSS enums and WSS bound regression
desktop	Actual TypeScript Repository on SQLx SQLite	2026-10-03T16:07:49.9150199Z + npm --prefix clients/desktop ci --ignore-scripts --no-audit --no-fund
desktop	Actual TypeScript Repository on SQLx SQLite	2026-10-03T16:07:50.4000705Z 
desktop	Actual TypeScript Repository on SQLx SQLite	2026-10-03T16:07:50.4001327Z added 2 packages in 430ms
desktop	Actual TypeScript Repository on SQLx SQLite	2026-10-03T16:07:50.4107222Z + npm --prefix clients/desktop run build
desktop	Actual TypeScript Repository on SQLx SQLite	2026-10-03T16:07:50.5042050Z 
desktop	Actual TypeScript Repository on SQLx SQLite	2026-10-03T16:07:50.5042563Z > im-desktop@0.1.0 build
desktop	Actual TypeScript Repository on SQLx SQLite	2026-10-03T16:07:50.5043067Z > tsc -p tsconfig.json
desktop	Actual TypeScript Repository on SQLx SQLite	2026-10-03T16:07:50.5043252Z 
desktop	Actual TypeScript Repository on SQLx SQLite	2026-10-03T16:07:52.0892586Z + cargo build --locked --bin storage_probe
desktop	Actual TypeScript Repository on SQLx SQLite	2026-10-03T16:07:52.2683893Z    Compiling im-client-storage v0.1.0 (/home/runner/work/IM-platform/IM-platform/clients/desktop/src-tauri)
desktop	Actual TypeScript Repository on SQLx SQLite	2026-10-03T16:07:56.5360508Z     Finished `dev` profile [unoptimized + debuginfo] target(s) in 4.43s
desktop	Actual TypeScript Repository on SQLx SQLite	2026-10-03T16:07:56.7563366Z + node tests/clients/sync/desktop.mjs /home/runner/work/_temp/client-sqlite-target/debug/storage_probe https://localhost:37247
desktop	Actual TypeScript Repository on SQLx SQLite	2026-10-03T16:07:58.2749953Z PASS: actual Desktop SQLx+HTTPS+WSS 205->208 complete pagination, all Conversation gaps/realtime duplicates, FAILED->SENT/local-first/restart/reconnect/403, atomic rollback, in-flight retirement/401/mismatched session and untrusted CA
desktop	Actual TypeScript Repository on SQLx SQLite	2026-10-03T16:08:17.8958685Z PASS: actual native HTTPS/WSS controlled fixture; Go/PostgreSQL runtime acceptance is separately identified
desktop	Actual TypeScript Repository on SQLx SQLite	2026-10-03T16:08:18.4094748Z 
desktop	Actual TypeScript Repository on SQLx SQLite	2026-10-03T16:08:18.4095197Z added 1 package in 404ms
desktop	Actual TypeScript Repository on SQLx SQLite	2026-10-03T16:08:18.5125954Z 
desktop	Actual TypeScript Repository on SQLx SQLite	2026-10-03T16:08:18.5126538Z > @im/protocol-sdk@0.1.0 build
desktop	Actual TypeScript Repository on SQLx SQLite	2026-10-03T16:08:18.5127383Z > tsc -p tsconfig.json
desktop	Actual TypeScript Repository on SQLx SQLite	2026-10-03T16:08:18.5127661Z 
desktop	Actual TypeScript Repository on SQLx SQLite	2026-10-03T16:08:20.4274719Z 
desktop	Actual TypeScript Repository on SQLx SQLite	2026-10-03T16:08:20.4275314Z added 2 packages in 422ms
desktop	Actual TypeScript Repository on SQLx SQLite	2026-10-03T16:08:20.5319954Z 
desktop	Actual TypeScript Repository on SQLx SQLite	2026-10-03T16:08:20.5320368Z > im-desktop@0.1.0 build
desktop	Actual TypeScript Repository on SQLx SQLite	2026-10-03T16:08:20.5320730Z > tsc -p tsconfig.json
desktop	Actual TypeScript Repository on SQLx SQLite	2026-10-03T16:08:20.5320893Z 
desktop	Actual TypeScript Repository on SQLx SQLite	2026-10-03T16:08:22.1030213Z Starting bounded owned actual Go/PostgreSQL/TLS client Sync fixture
desktop	Actual TypeScript Repository on SQLx SQLite	2026-10-03T16:09:02.8339819Z PASS: actual Desktop SQLx orchestration -> trusted TLS/Gateway/Core/PG;208metadata205durableMessages,continuous pages/terminal/restart/new206th/read-only
desktop	Actual TypeScript Repository on SQLx SQLite	2026-10-03T16:09:03.6373365Z PASS: inspected only task-owned Compose containers/volumes cleanup
desktop	Post Run actions/setup-node@v4	﻿2026-10-03T16:09:03.6590602Z Post job cleanup.
desktop	Post Run actions/setup-node@v4	2026-10-03T16:09:03.7816187Z (node:19020) [DEP0040] DeprecationWarning: The `punycode` module is deprecated. Please use a userland alternative instead.
desktop	Post Run actions/setup-node@v4	2026-10-03T16:09:03.7817076Z (Use `node --trace-deprecation ...` to show where the warning was created)
desktop	Post Run actions/checkout@v4	﻿2026-10-03T16:09:03.8040325Z Post job cleanup.
desktop	Post Run actions/checkout@v4	2026-10-03T16:09:03.8926203Z [command]/usr/bin/git version
desktop	Post Run actions/checkout@v4	2026-10-03T16:09:03.8972045Z git version 2.55.0
desktop	Post Run actions/checkout@v4	2026-10-03T16:09:03.9011069Z Temporarily overriding HOME='/home/runner/work/_temp/4a4b2133-a0b9-475d-8b34-7be4eccd1f35' before making global git config changes
desktop	Post Run actions/checkout@v4	2026-10-03T16:09:03.9012536Z Adding repository directory to the temporary git global config as a safe directory
desktop	Post Run actions/checkout@v4	2026-10-03T16:09:03.9020204Z [command]/usr/bin/git config --global --add safe.directory /home/runner/work/IM-platform/IM-platform
desktop	Post Run actions/checkout@v4	2026-10-03T16:09:03.9056324Z [command]/usr/bin/git config --local --name-only --get-regexp core\.sshCommand
desktop	Post Run actions/checkout@v4	2026-10-03T16:09:03.9095006Z [command]/usr/bin/git submodule foreach --recursive sh -c "git config --local --name-only --get-regexp 'core\.sshCommand' && git config --local --unset-all 'core.sshCommand' || :"
desktop	Post Run actions/checkout@v4	2026-10-03T16:09:03.9356299Z [command]/usr/bin/git config --local --name-only --get-regexp http\.https\:\/\/github\.com\/\.extraheader
desktop	Post Run actions/checkout@v4	2026-10-03T16:09:03.9383865Z http.https://github.com/.extraheader
desktop	Post Run actions/checkout@v4	2026-10-03T16:09:03.9396680Z [command]/usr/bin/git config --local --unset-all http.https://github.com/.extraheader
desktop	Post Run actions/checkout@v4	2026-10-03T16:09:03.9431887Z [command]/usr/bin/git submodule foreach --recursive sh -c "git config --local --name-only --get-regexp 'http\.https\:\/\/github\.com\/\.extraheader' && git config --local --unset-all 'http.https://github.com/.extraheader' || :"
desktop	Post Run actions/checkout@v4	2026-10-03T16:09:03.9719155Z [command]/usr/bin/git config --local --name-only --get-regexp ^includeIf\.gitdir:
desktop	Post Run actions/checkout@v4	2026-10-03T16:09:03.9761815Z [command]/usr/bin/git submodule foreach --recursive git config --local --show-origin --name-only --get-regexp remote.origin.url
desktop	Complete job	﻿2026-10-03T16:09:04.0176476Z Cleaning up orphan processes
desktop	Complete job	2026-10-03T16:09:04.0548267Z ##[warning]Node.js 20 is deprecated. The following actions target Node.js 20 but are being forced to run on Node.js 24: actions/checkout@v4, actions/setup-node@v4. For more information see: https://github.blog/changelog/2025-09-19-deprecation-of-node-20-on-github-actions-runners/
