mobile	Set up job	﻿2026-10-03T16:05:00.6033353Z Current runner version: '2.337.0'
mobile	Set up job	2026-10-03T16:05:00.6052105Z ##[group]Runner Image Provisioner
mobile	Set up job	2026-10-03T16:05:00.6052668Z Hosted Compute Agent
mobile	Set up job	2026-10-03T16:05:00.6053094Z Version: 20260901.588
mobile	Set up job	2026-10-03T16:05:00.6053474Z Commit: f88ec8081b781fac6c440065ac7ff9e710ce3d0b
mobile	Set up job	2026-10-03T16:05:00.6054095Z Build Date: 2026-09-01T19:56:44Z
mobile	Set up job	2026-10-03T16:05:00.6054523Z Worker ID: {faa756a8-1787-471d-8b0c-577cf9fa34c2}
mobile	Set up job	2026-10-03T16:05:00.6054943Z Azure Region: centralus
mobile	Set up job	2026-10-03T16:05:00.6055329Z ##[endgroup]
mobile	Set up job	2026-10-03T16:05:00.6056098Z ##[group]Operating System
mobile	Set up job	2026-10-03T16:05:00.6056477Z Ubuntu
mobile	Set up job	2026-10-03T16:05:00.6056877Z 24.04.5
mobile	Set up job	2026-10-03T16:05:00.6057186Z LTS
mobile	Set up job	2026-10-03T16:05:00.6057531Z ##[endgroup]
mobile	Set up job	2026-10-03T16:05:00.6057858Z ##[group]Runner Image
mobile	Set up job	2026-10-03T16:05:00.6058225Z Image: ubuntu-24.04
mobile	Set up job	2026-10-03T16:05:00.6058608Z Version: 20260927.320.1
mobile	Set up job	2026-10-03T16:05:00.6059214Z Included Software: https://github.com/actions/runner-images/blob/ubuntu24/20260927.320/images/ubuntu/Ubuntu2404-Readme.md
mobile	Set up job	2026-10-03T16:05:00.6060261Z Image Release: https://github.com/actions/runner-images/releases/tag/ubuntu24%2F20260927.320
mobile	Set up job	2026-10-03T16:05:00.6060837Z ##[endgroup]
mobile	Set up job	2026-10-03T16:05:00.6061545Z ##[group]GITHUB_TOKEN Permissions
mobile	Set up job	2026-10-03T16:05:00.6062690Z Contents: read
mobile	Set up job	2026-10-03T16:05:00.6063094Z Metadata: read
mobile	Set up job	2026-10-03T16:05:00.6063461Z ##[endgroup]
mobile	Set up job	2026-10-03T16:05:00.6064993Z Secret source: Actions
mobile	Set up job	2026-10-03T16:05:00.6065560Z Cache mode: write
mobile	Set up job	2026-10-03T16:05:00.6066005Z Prepare workflow directory
mobile	Set up job	2026-10-03T16:05:00.6278202Z Prepare all required actions
mobile	Set up job	2026-10-03T16:05:00.6309683Z Getting action download info
mobile	Set up job	2026-10-03T16:05:00.9769737Z Download action repository 'actions/checkout@v4' (SHA:11d5960a326750d5838078e36cf38b85af677262)
mobile	Set up job	2026-10-03T16:05:01.2233456Z Download action repository 'actions/setup-java@v4' (SHA:cf277c60eb25467037889841efdb72551f06f6c3)
mobile	Set up job	2026-10-03T16:05:02.2981350Z Download action repository 'android-actions/setup-android@v3' (SHA:9fc6c4e9069bf8d3d10b2204b1fb8f6ef7065407)
mobile	Set up job	2026-10-03T16:05:02.7460537Z Download action repository 'reactivecircus/android-emulator-runner@v2' (SHA:a421e43855164a8197daf9d8d40fe71c6996bb0d)
mobile	Set up job	2026-10-03T16:05:03.9224892Z Complete job name: mobile
mobile	Run actions/checkout@v4	﻿2026-10-03T16:05:03.9712171Z ##[group]Run actions/checkout@v4
mobile	Run actions/checkout@v4	2026-10-03T16:05:03.9712638Z with:
mobile	Run actions/checkout@v4	2026-10-03T16:05:03.9712915Z   ref: 8bcc7321bba05a70404d1e16bbd2fa0465da696f
mobile	Run actions/checkout@v4	2026-10-03T16:05:03.9713252Z   repository: nilesthump/IM-platform
mobile	Run actions/checkout@v4	2026-10-03T16:05:03.9715207Z   token: ***
mobile	Run actions/checkout@v4	2026-10-03T16:05:03.9715482Z   ssh-strict: true
mobile	Run actions/checkout@v4	2026-10-03T16:05:03.9715718Z   ssh-user: git
mobile	Run actions/checkout@v4	2026-10-03T16:05:03.9715975Z   persist-credentials: true
mobile	Run actions/checkout@v4	2026-10-03T16:05:03.9716248Z   clean: true
mobile	Run actions/checkout@v4	2026-10-03T16:05:03.9716483Z   sparse-checkout-cone-mode: true
mobile	Run actions/checkout@v4	2026-10-03T16:05:03.9716721Z   fetch-depth: 1
mobile	Run actions/checkout@v4	2026-10-03T16:05:03.9716989Z   fetch-tags: false
mobile	Run actions/checkout@v4	2026-10-03T16:05:03.9717263Z   show-progress: true
mobile	Run actions/checkout@v4	2026-10-03T16:05:03.9717508Z   lfs: false
mobile	Run actions/checkout@v4	2026-10-03T16:05:03.9717735Z   submodules: false
mobile	Run actions/checkout@v4	2026-10-03T16:05:03.9717962Z   set-safe-directory: true
mobile	Run actions/checkout@v4	2026-10-03T16:05:03.9718286Z   allow-unsafe-pr-checkout: false
mobile	Run actions/checkout@v4	2026-10-03T16:05:03.9718659Z ##[endgroup]
mobile	Run actions/checkout@v4	2026-10-03T16:05:04.0437657Z Syncing repository: nilesthump/IM-platform
mobile	Run actions/checkout@v4	2026-10-03T16:05:04.0439314Z ##[group]Getting Git version info
mobile	Run actions/checkout@v4	2026-10-03T16:05:04.0439938Z Working directory is '/home/runner/work/IM-platform/IM-platform'
mobile	Run actions/checkout@v4	2026-10-03T16:05:04.0440753Z [command]/usr/bin/git version
mobile	Run actions/checkout@v4	2026-10-03T16:05:04.0488319Z git version 2.55.0
mobile	Run actions/checkout@v4	2026-10-03T16:05:04.0509554Z ##[endgroup]
mobile	Run actions/checkout@v4	2026-10-03T16:05:04.0516682Z Temporarily overriding HOME='/home/runner/work/_temp/92a7e038-0de9-40a6-9496-33b4fd37b579' before making global git config changes
mobile	Run actions/checkout@v4	2026-10-03T16:05:04.0517604Z Adding repository directory to the temporary git global config as a safe directory
mobile	Run actions/checkout@v4	2026-10-03T16:05:04.0520011Z [command]/usr/bin/git config --global --add safe.directory /home/runner/work/IM-platform/IM-platform
mobile	Run actions/checkout@v4	2026-10-03T16:05:04.0808663Z Deleting the contents of '/home/runner/work/IM-platform/IM-platform'
mobile	Run actions/checkout@v4	2026-10-03T16:05:04.0812993Z ##[group]Initializing the repository
mobile	Run actions/checkout@v4	2026-10-03T16:05:04.0817787Z [command]/usr/bin/git init /home/runner/work/IM-platform/IM-platform
mobile	Run actions/checkout@v4	2026-10-03T16:05:04.1044858Z hint: Using 'master' as the name for the initial branch. This default branch name
mobile	Run actions/checkout@v4	2026-10-03T16:05:04.1046034Z hint: will change to "main" in Git 3.0. To configure the initial branch name
mobile	Run actions/checkout@v4	2026-10-03T16:05:04.1048347Z hint: to use in all of your new repositories, which will suppress this warning,
mobile	Run actions/checkout@v4	2026-10-03T16:05:04.1049276Z hint: call:
mobile	Run actions/checkout@v4	2026-10-03T16:05:04.1049890Z hint:
mobile	Run actions/checkout@v4	2026-10-03T16:05:04.1050551Z hint: 	git config --global init.defaultBranch <name>
mobile	Run actions/checkout@v4	2026-10-03T16:05:04.1051126Z hint:
mobile	Run actions/checkout@v4	2026-10-03T16:05:04.1051777Z hint: Names commonly chosen instead of 'master' are 'main', 'trunk' and
mobile	Run actions/checkout@v4	2026-10-03T16:05:04.1052560Z hint: 'development'. The just-created branch can be renamed via this command:
mobile	Run actions/checkout@v4	2026-10-03T16:05:04.1053316Z hint:
mobile	Run actions/checkout@v4	2026-10-03T16:05:04.1053949Z hint: 	git branch -m <name>
mobile	Run actions/checkout@v4	2026-10-03T16:05:04.1054498Z hint:
mobile	Run actions/checkout@v4	2026-10-03T16:05:04.1055172Z hint: Disable this message with "git config set advice.defaultBranchName false"
mobile	Run actions/checkout@v4	2026-10-03T16:05:04.1056168Z Initialized empty Git repository in /home/runner/work/IM-platform/IM-platform/.git/
mobile	Run actions/checkout@v4	2026-10-03T16:05:04.1123022Z [command]/usr/bin/git remote add origin https://github.com/nilesthump/IM-platform
mobile	Run actions/checkout@v4	2026-10-03T16:05:04.1681501Z ##[endgroup]
mobile	Run actions/checkout@v4	2026-10-03T16:05:04.1682128Z ##[group]Disabling automatic garbage collection
mobile	Run actions/checkout@v4	2026-10-03T16:05:04.1685716Z [command]/usr/bin/git config --local gc.auto 0
mobile	Run actions/checkout@v4	2026-10-03T16:05:04.1986059Z ##[endgroup]
mobile	Run actions/checkout@v4	2026-10-03T16:05:04.1986433Z ##[group]Setting up auth
mobile	Run actions/checkout@v4	2026-10-03T16:05:04.1992282Z [command]/usr/bin/git config --local --name-only --get-regexp core\.sshCommand
mobile	Run actions/checkout@v4	2026-10-03T16:05:04.2024272Z [command]/usr/bin/git submodule foreach --recursive sh -c "git config --local --name-only --get-regexp 'core\.sshCommand' && git config --local --unset-all 'core.sshCommand' || :"
mobile	Run actions/checkout@v4	2026-10-03T16:05:04.2556981Z [command]/usr/bin/git config --local --name-only --get-regexp http\.https\:\/\/github\.com\/\.extraheader
mobile	Run actions/checkout@v4	2026-10-03T16:05:04.2587359Z [command]/usr/bin/git submodule foreach --recursive sh -c "git config --local --name-only --get-regexp 'http\.https\:\/\/github\.com\/\.extraheader' && git config --local --unset-all 'http.https://github.com/.extraheader' || :"
mobile	Run actions/checkout@v4	2026-10-03T16:05:04.2767282Z [command]/usr/bin/git config --local --name-only --get-regexp ^includeIf\.gitdir:
mobile	Run actions/checkout@v4	2026-10-03T16:05:04.2798144Z [command]/usr/bin/git submodule foreach --recursive git config --local --show-origin --name-only --get-regexp remote.origin.url
mobile	Run actions/checkout@v4	2026-10-03T16:05:04.2979715Z [command]/usr/bin/git config --local http.https://github.com/.extraheader AUTHORIZATION: basic ***
mobile	Run actions/checkout@v4	2026-10-03T16:05:04.3302496Z ##[endgroup]
mobile	Run actions/checkout@v4	2026-10-03T16:05:04.3303089Z ##[group]Fetching the repository
mobile	Run actions/checkout@v4	2026-10-03T16:05:04.3309839Z [command]/usr/bin/git -c protocol.version=2 fetch --no-tags --prune --no-recurse-submodules --depth=1 origin 8bcc7321bba05a70404d1e16bbd2fa0465da696f
mobile	Run actions/checkout@v4	2026-10-03T16:05:06.5359943Z From https://github.com/nilesthump/IM-platform
mobile	Run actions/checkout@v4	2026-10-03T16:05:06.5360685Z  * branch            8bcc7321bba05a70404d1e16bbd2fa0465da696f -> FETCH_HEAD
mobile	Run actions/checkout@v4	2026-10-03T16:05:06.5378560Z ##[endgroup]
mobile	Run actions/checkout@v4	2026-10-03T16:05:06.5379007Z ##[group]Determining the checkout info
mobile	Run actions/checkout@v4	2026-10-03T16:05:06.5379365Z ##[endgroup]
mobile	Run actions/checkout@v4	2026-10-03T16:05:06.5379611Z [command]/usr/bin/git sparse-checkout disable
mobile	Run actions/checkout@v4	2026-10-03T16:05:06.5418792Z [command]/usr/bin/git config --local --unset-all extensions.worktreeConfig
mobile	Run actions/checkout@v4	2026-10-03T16:05:06.5447395Z ##[group]Checking out the ref
mobile	Run actions/checkout@v4	2026-10-03T16:05:06.5450219Z [command]/usr/bin/git checkout --progress --force 8bcc7321bba05a70404d1e16bbd2fa0465da696f
mobile	Run actions/checkout@v4	2026-10-03T16:05:06.9698828Z Note: switching to '8bcc7321bba05a70404d1e16bbd2fa0465da696f'.
mobile	Run actions/checkout@v4	2026-10-03T16:05:06.9699238Z 
mobile	Run actions/checkout@v4	2026-10-03T16:05:06.9699410Z You are in 'detached HEAD' state. You can look around, make experimental
mobile	Run actions/checkout@v4	2026-10-03T16:05:06.9699799Z changes and commit them, and you can discard any commits you make in this
mobile	Run actions/checkout@v4	2026-10-03T16:05:06.9700204Z state without impacting any branches by switching back to a branch.
mobile	Run actions/checkout@v4	2026-10-03T16:05:06.9700742Z 
mobile	Run actions/checkout@v4	2026-10-03T16:05:06.9700970Z If you want to create a new branch to retain commits you create, you may
mobile	Run actions/checkout@v4	2026-10-03T16:05:06.9701360Z do so (now or later) by using -c with the switch command. Example:
mobile	Run actions/checkout@v4	2026-10-03T16:05:06.9701597Z 
mobile	Run actions/checkout@v4	2026-10-03T16:05:06.9701695Z   git switch -c <new-branch-name>
mobile	Run actions/checkout@v4	2026-10-03T16:05:06.9701849Z 
mobile	Run actions/checkout@v4	2026-10-03T16:05:06.9701942Z Or undo this operation with:
mobile	Run actions/checkout@v4	2026-10-03T16:05:06.9702075Z 
mobile	Run actions/checkout@v4	2026-10-03T16:05:06.9702151Z   git switch -
mobile	Run actions/checkout@v4	2026-10-03T16:05:06.9702346Z 
mobile	Run actions/checkout@v4	2026-10-03T16:05:06.9702529Z Turn off this advice by setting config variable advice.detachedHead to false
mobile	Run actions/checkout@v4	2026-10-03T16:05:06.9702798Z 
mobile	Run actions/checkout@v4	2026-10-03T16:05:06.9702984Z HEAD is now at 8bcc732 docs(sync): complete original Fix prompt evidence archive
mobile	Run actions/checkout@v4	2026-10-03T16:05:06.9728779Z ##[endgroup]
mobile	Run actions/checkout@v4	2026-10-03T16:05:06.9771548Z [command]/usr/bin/git log -1 --format=%H
mobile	Run actions/checkout@v4	2026-10-03T16:05:06.9797553Z 8bcc7321bba05a70404d1e16bbd2fa0465da696f
mobile	Run actions/setup-java@v4	﻿2026-10-03T16:05:06.9998861Z ##[group]Run actions/setup-java@v4
mobile	Run actions/setup-java@v4	2026-10-03T16:05:06.9999065Z with:
mobile	Run actions/setup-java@v4	2026-10-03T16:05:06.9999195Z   distribution: temurin
mobile	Run actions/setup-java@v4	2026-10-03T16:05:06.9999325Z   java-version: 17
mobile	Run actions/setup-java@v4	2026-10-03T16:05:06.9999444Z   java-package: jdk
mobile	Run actions/setup-java@v4	2026-10-03T16:05:06.9999568Z   check-latest: false
mobile	Run actions/setup-java@v4	2026-10-03T16:05:06.9999690Z   server-id: github
mobile	Run actions/setup-java@v4	2026-10-03T16:05:06.9999890Z   server-username: GITHUB_ACTOR
mobile	Run actions/setup-java@v4	2026-10-03T16:05:07.0000043Z   server-password: GITHUB_TOKEN
mobile	Run actions/setup-java@v4	2026-10-03T16:05:07.0000190Z   overwrite-settings: true
mobile	Run actions/setup-java@v4	2026-10-03T16:05:07.0000324Z   job-status: success
mobile	Run actions/setup-java@v4	2026-10-03T16:05:07.0001920Z   token: ***
mobile	Run actions/setup-java@v4	2026-10-03T16:05:07.0002037Z ##[endgroup]
mobile	Run actions/setup-java@v4	2026-10-03T16:05:07.1137801Z ##[warning]setup-java v4 is deprecated and will no longer receive updates. Please migrate to actions/setup-java@v5.
mobile	Run actions/setup-java@v4	2026-10-03T16:05:07.1145663Z ##[group]Installed distributions
mobile	Run actions/setup-java@v4	2026-10-03T16:05:07.1170814Z Resolved Java 17.0.20+1 from tool-cache
mobile	Run actions/setup-java@v4	2026-10-03T16:05:07.1171068Z Setting Java 17.0.20+1 as the default
mobile	Run actions/setup-java@v4	2026-10-03T16:05:07.1177733Z (node:2106) [DEP0040] DeprecationWarning: The `punycode` module is deprecated. Please use a userland alternative instead.
mobile	Run actions/setup-java@v4	2026-10-03T16:05:07.1178213Z (Use `node --trace-deprecation ...` to show where the warning was created)
mobile	Run actions/setup-java@v4	2026-10-03T16:05:07.1180129Z Creating toolchains.xml for JDK version 17 from temurin
mobile	Run actions/setup-java@v4	2026-10-03T16:05:07.1227173Z Writing to /home/runner/.m2/toolchains.xml
mobile	Run actions/setup-java@v4	2026-10-03T16:05:07.1227444Z 
mobile	Run actions/setup-java@v4	2026-10-03T16:05:07.1227638Z Java configuration:
mobile	Run actions/setup-java@v4	2026-10-03T16:05:07.1227858Z   Distribution: temurin
mobile	Run actions/setup-java@v4	2026-10-03T16:05:07.1228056Z   Version: 17.0.20+1
mobile	Run actions/setup-java@v4	2026-10-03T16:05:07.1228337Z   Path: /opt/hostedtoolcache/Java_Temurin-Hotspot_jdk/17.0.20-1/x64
mobile	Run actions/setup-java@v4	2026-10-03T16:05:07.1228597Z 
mobile	Run actions/setup-java@v4	2026-10-03T16:05:07.1228865Z ##[endgroup]
mobile	Run actions/setup-java@v4	2026-10-03T16:05:07.1243405Z Creating settings.xml with server-id: github
mobile	Run actions/setup-java@v4	2026-10-03T16:05:07.1282965Z Writing to /home/runner/.m2/settings.xml
mobile	Run android-actions/setup-android@v3	﻿2026-10-03T16:05:07.1451314Z ##[group]Run android-actions/setup-android@v3
mobile	Run android-actions/setup-android@v3	2026-10-03T16:05:07.1451648Z with:
mobile	Run android-actions/setup-android@v3	2026-10-03T16:05:07.1451842Z   packages: platform-tools
mobile	Run android-actions/setup-android@v3	2026-10-03T16:05:07.1452077Z   cmdline-tools-version: 12266719
mobile	Run android-actions/setup-android@v3	2026-10-03T16:05:07.1452350Z   accept-android-sdk-licenses: true
mobile	Run android-actions/setup-android@v3	2026-10-03T16:05:07.1452623Z   log-accepted-android-sdk-licenses: true
mobile	Run android-actions/setup-android@v3	2026-10-03T16:05:07.1452875Z env:
mobile	Run android-actions/setup-android@v3	2026-10-03T16:05:07.1453144Z   JAVA_HOME: /opt/hostedtoolcache/Java_Temurin-Hotspot_jdk/17.0.20-1/x64
mobile	Run android-actions/setup-android@v3	2026-10-03T16:05:07.1453594Z   JAVA_HOME_17_X64: /opt/hostedtoolcache/Java_Temurin-Hotspot_jdk/17.0.20-1/x64
mobile	Run android-actions/setup-android@v3	2026-10-03T16:05:07.1454260Z ##[endgroup]
mobile	Run android-actions/setup-android@v3	2026-10-03T16:05:07.2309531Z Found preinstalled sdkmanager in /usr/local/lib/android/sdk/cmdline-tools/latest with following source.properties:
mobile	Run android-actions/setup-android@v3	2026-10-03T16:05:07.2310199Z Pkg.Revision=12.0
mobile	Run android-actions/setup-android@v3	2026-10-03T16:05:07.2310469Z Pkg.Path=cmdline-tools;12.0
mobile	Run android-actions/setup-android@v3	2026-10-03T16:05:07.2310706Z Pkg.Desc=Android SDK Command-line Tools
mobile	Run android-actions/setup-android@v3	2026-10-03T16:05:07.2310882Z 
mobile	Run android-actions/setup-android@v3	2026-10-03T16:05:07.2310981Z Wrong version in preinstalled sdkmanager
mobile	Run android-actions/setup-android@v3	2026-10-03T16:05:07.2314819Z Downloading commandline tools from https://dl.google.com/android/repository/commandlinetools-linux-12266719_latest.zip
mobile	Run android-actions/setup-android@v3	2026-10-03T16:05:07.9863044Z [command]/usr/bin/unzip -o -q /home/runner/work/_temp/6e7feb66-f493-4af3-9856-a81b29f0fa78
mobile	Run android-actions/setup-android@v3	2026-10-03T16:05:08.4883287Z Accepting Android SDK licenses
mobile	Run android-actions/setup-android@v3	2026-10-03T16:05:08.4889388Z [command]/usr/local/lib/android/sdk/cmdline-tools/16.0/bin/sdkmanager --licenses
mobile	Run android-actions/setup-android@v3	2026-10-03T16:05:12.9661632Z Loading local repository...                                                     
mobile	Run android-actions/setup-android@v3	2026-10-03T16:05:12.9662131Z [=========                              ] 25% Loading local repository...       
mobile	Run android-actions/setup-android@v3	2026-10-03T16:05:14.6134102Z [=========                              ] 25% Fetch remote repository...        
mobile	Run android-actions/setup-android@v3	2026-10-03T16:05:14.8997545Z [==========                             ] 26% Fetch remote repository...        
mobile	Run android-actions/setup-android@v3	2026-10-03T16:05:14.9056836Z [============                           ] 31% Fetch remote repository...        
mobile	Run android-actions/setup-android@v3	2026-10-03T16:05:14.9407437Z [============                           ] 32% Fetch remote repository...        
mobile	Run android-actions/setup-android@v3	2026-10-03T16:05:14.9435156Z [=============                          ] 33% Fetch remote repository...        
mobile	Run android-actions/setup-android@v3	2026-10-03T16:05:14.9467001Z [=============                          ] 35% Fetch remote repository...        
mobile	Run android-actions/setup-android@v3	2026-10-03T16:05:14.9474782Z [==============                         ] 36% Fetch remote repository...        
mobile	Run android-actions/setup-android@v3	2026-10-03T16:05:14.9564344Z [==============                         ] 37% Fetch remote repository...        
mobile	Run android-actions/setup-android@v3	2026-10-03T16:05:14.9574423Z [===============                        ] 38% Fetch remote repository...        
mobile	Run android-actions/setup-android@v3	2026-10-03T16:05:14.9654250Z [===============                        ] 39% Fetch remote repository...        
mobile	Run android-actions/setup-android@v3	2026-10-03T16:05:14.9654649Z [================                       ] 40% Fetch remote repository...        
mobile	Run android-actions/setup-android@v3	2026-10-03T16:05:14.9747430Z [================                       ] 41% Fetch remote repository...        
mobile	Run android-actions/setup-android@v3	2026-10-03T16:05:14.9749384Z [================                       ] 42% Fetch remote repository...        
mobile	Run android-actions/setup-android@v3	2026-10-03T16:05:14.9811874Z [=================                      ] 44% Fetch remote repository...        
mobile	Run android-actions/setup-android@v3	2026-10-03T16:05:14.9813222Z [=================                      ] 45% Fetch remote repository...        
mobile	Run android-actions/setup-android@v3	2026-10-03T16:05:14.9884036Z [==================                     ] 46% Fetch remote repository...        
mobile	Run android-actions/setup-android@v3	2026-10-03T16:05:14.9885517Z [==================                     ] 47% Fetch remote repository...        
mobile	Run android-actions/setup-android@v3	2026-10-03T16:05:14.9961162Z [===================                    ] 48% Fetch remote repository...        
mobile	Run android-actions/setup-android@v3	2026-10-03T16:05:14.9966105Z [===================                    ] 49% Fetch remote repository...        
mobile	Run android-actions/setup-android@v3	2026-10-03T16:05:15.0022857Z [====================                   ] 50% Fetch remote repository...        
mobile	Run android-actions/setup-android@v3	2026-10-03T16:05:15.0025087Z [====================                   ] 51% Fetch remote repository...        
mobile	Run android-actions/setup-android@v3	2026-10-03T16:05:15.0085502Z [====================                   ] 53% Fetch remote repository...        
mobile	Run android-actions/setup-android@v3	2026-10-03T16:05:15.0088299Z [=====================                  ] 54% Fetch remote repository...        
mobile	Run android-actions/setup-android@v3	2026-10-03T16:05:15.0159062Z [=====================                  ] 55% Fetch remote repository...        
mobile	Run android-actions/setup-android@v3	2026-10-03T16:05:15.0159794Z [======================                 ] 56% Fetch remote repository...        
mobile	Run android-actions/setup-android@v3	2026-10-03T16:05:15.0232174Z [======================                 ] 57% Fetch remote repository...        
mobile	Run android-actions/setup-android@v3	2026-10-03T16:05:15.0239282Z [=======================                ] 58% Fetch remote repository...        
mobile	Run android-actions/setup-android@v3	2026-10-03T16:05:15.0304599Z [=======================                ] 59% Fetch remote repository...        
mobile	Run android-actions/setup-android@v3	2026-10-03T16:05:15.0311758Z [========================               ] 60% Fetch remote repository...        
mobile	Run android-actions/setup-android@v3	2026-10-03T16:05:15.0769863Z [========================               ] 61% Fetch remote repository...        
mobile	Run android-actions/setup-android@v3	2026-10-03T16:05:15.0770626Z [=========================              ] 63% Fetch remote repository...        
mobile	Run android-actions/setup-android@v3	2026-10-03T16:05:15.0839685Z [=========================              ] 64% Fetch remote repository...        
mobile	Run android-actions/setup-android@v3	2026-10-03T16:05:15.0843344Z [=========================              ] 65% Fetch remote repository...        
mobile	Run android-actions/setup-android@v3	2026-10-03T16:05:15.0910638Z [==========================             ] 66% Fetch remote repository...        
mobile	Run android-actions/setup-android@v3	2026-10-03T16:05:15.0913421Z [==========================             ] 67% Fetch remote repository...        
mobile	Run android-actions/setup-android@v3	2026-10-03T16:05:15.1047522Z [===========================            ] 68% Fetch remote repository...        
mobile	Run android-actions/setup-android@v3	2026-10-03T16:05:15.1048299Z [===========================            ] 69% Fetch remote repository...        
mobile	Run android-actions/setup-android@v3	2026-10-03T16:05:15.1259525Z [============================           ] 70% Fetch remote repository...        
mobile	Run android-actions/setup-android@v3	2026-10-03T16:05:15.1260437Z [============================           ] 72% Fetch remote repository...        
mobile	Run android-actions/setup-android@v3	2026-10-03T16:05:15.1561356Z [=============================          ] 73% Fetch remote repository...        
mobile	Run android-actions/setup-android@v3	2026-10-03T16:05:15.1570242Z [=============================          ] 74% Fetch remote repository...        
mobile	Run android-actions/setup-android@v3	2026-10-03T16:05:15.1630721Z [=============================          ] 75% Fetch remote repository...        
mobile	Run android-actions/setup-android@v3	2026-10-03T16:05:15.1707093Z [=============================          ] 75% Computing updates...              
mobile	Run android-actions/setup-android@v3	2026-10-03T16:05:15.1711594Z [=======================================] 100% Computing updates...             
mobile	Run android-actions/setup-android@v3	2026-10-03T16:05:15.2748817Z 6 of 7 SDK package licenses not accepted.
mobile	Run android-actions/setup-android@v3	2026-10-03T16:05:15.2749437Z Review licenses that have not been accepted (y/N)? 
mobile	Run android-actions/setup-android@v3	2026-10-03T16:05:15.2749830Z 1/6: License android-googletv-license:
mobile	Run android-actions/setup-android@v3	2026-10-03T16:05:15.2750071Z ---------------------------------------
mobile	Run android-actions/setup-android@v3	2026-10-03T16:05:15.2752019Z Terms and Conditions
mobile	Run android-actions/setup-android@v3	2026-10-03T16:05:15.2752321Z 
mobile	Run android-actions/setup-android@v3	2026-10-03T16:05:15.2752653Z This is the Google TV Add-on for the Android Software Development Kit License Agreement.
mobile	Run android-actions/setup-android@v3	2026-10-03T16:05:15.2752971Z 
mobile	Run android-actions/setup-android@v3	2026-10-03T16:05:15.2753140Z 1. Introduction
mobile	Run android-actions/setup-android@v3	2026-10-03T16:05:15.2753334Z 
mobile	Run android-actions/setup-android@v3	2026-10-03T16:05:15.2754258Z 1.1 The Google TV Add-on for the Android Software Development Kit (referred to in this License Agreement as the "Google TV Add-on" and specifically including the Android system files, packaged APIs, and Google APIs add-ons) is licensed to you subject to the terms of this License Agreement. This License Agreement forms a legally binding contract between you and Google in relation to your use of the Google TV Add-on.
mobile	Run android-actions/setup-android@v3	2026-10-03T16:05:15.2755187Z 
mobile	Run android-actions/setup-android@v3	2026-10-03T16:05:15.2755561Z 1.2 "Google" means Google Inc., a Delaware corporation with principal place of business at 1600 Amphitheatre Parkway, Mountain View, CA 94043, United States.
mobile	Run android-actions/setup-android@v3	2026-10-03T16:05:15.2755977Z 
mobile	Run android-actions/setup-android@v3	2026-10-03T16:05:15.2756223Z 2. Accepting this License Agreement
mobile	Run android-actions/setup-android@v3	2026-10-03T16:05:15.2756534Z 
mobile	Run android-actions/setup-android@v3	2026-10-03T16:05:15.2757035Z 2.1 In order to use the Google TV Add-on, you must first agree to this License Agreement. You may not use the Google TV Add-on if you do not accept this License Agreement.
mobile	Run android-actions/setup-android@v3	2026-10-03T16:05:15.2757466Z 
mobile	Run android-actions/setup-android@v3	2026-10-03T16:05:15.2757656Z 2.2 You can accept this License Agreement by:
mobile	Run android-actions/setup-android@v3	2026-10-03T16:05:15.2758282Z 
mobile	Run android-actions/setup-android@v3	2026-10-03T16:05:15.2758567Z (A) clicking to accept or agree to this License Agreement, where this option is made available to you; or
mobile	Run android-actions/setup-android@v3	2026-10-03T16:05:15.2758904Z 
mobile	Run android-actions/setup-android@v3	2026-10-03T16:05:15.2759286Z (B) by actually using the Google TV Add-on. In this case, you agree that use of the Google TV Add-on constitutes acceptance of the License Agreement from that point onwards.
mobile	Run android-actions/setup-android@v3	2026-10-03T16:05:15.2759721Z 
mobile	Run android-actions/setup-android@v3	2026-10-03T16:05:15.2760306Z 2.3 You may not use the Google TV Add-on and may not accept the Licensing Agreement if you are a person barred from receiving the Google TV Add-on under the laws of the United States or other countries including the country in which you are resident or from which you use the Google TV Add-on.
mobile	Run android-actions/setup-android@v3	2026-10-03T16:05:15.2760936Z 
mobile	Run android-actions/setup-android@v3	2026-10-03T16:05:15.2761715Z 2.4 If you are agreeing to be bound by this License Agreement on behalf of your employer or other entity, you represent and warrant that you have full legal authority to bind your employer or such entity to this License Agreement. If you do not have the requisite authority, you may not accept the Licensing Agreement or use the Google TV Add-on on behalf of your employer or other entity.
mobile	Run android-actions/setup-android@v3	2026-10-03T16:05:15.2762628Z 
mobile	Run android-actions/setup-android@v3	2026-10-03T16:05:15.2762808Z 3. Google TV Add-on License from Google
mobile	Run android-actions/setup-android@v3	2026-10-03T16:05:15.2763035Z 
mobile	Run android-actions/setup-android@v3	2026-10-03T16:05:15.2763550Z 3.1 Subject to the terms of this License Agreement, Google grants you a limited, worldwide, royalty-free, non- assignable and non-exclusive license to use the Google TV Add-on solely to develop applications to run on the Google TV platform.
mobile	Run android-actions/setup-android@v3	2026-10-03T16:05:15.2764271Z 
mobile	Run android-actions/setup-android@v3	2026-10-03T16:05:15.2765075Z 3.2 You agree that Google or third parties own all legal right, title and interest in and to the Google TV Add-on, including any Intellectual Property Rights that subsist in the Google TV Add-on. "Intellectual Property Rights" means any and all rights under patent law, copyright law, trade secret law, trademark law, and any and all other proprietary rights. Google reserves all rights not expressly granted to you.
mobile	Run android-actions/setup-android@v3	2026-10-03T16:05:15.2765944Z 
mobile	Run android-actions/setup-android@v3	2026-10-03T16:05:15.2767101Z 3.3 Except to the extent required by applicable third party licenses, you may not copy (except for backup purposes), modify, adapt, redistribute, decompile, reverse engineer, disassemble, or create derivative works of the Google TV Add-on or any part of the Google TV Add-on. Except to the extent required by applicable third party licenses, you may not load any part of the Google TV Add-on onto a mobile handset, television, or any other hardware device except a personal computer, combine any part of the Google TV Add-on with other software, or distribute any software or device incorporating a part of the Google TV Add-on.
mobile	Run android-actions/setup-android@v3	2026-10-03T16:05:15.2768302Z 
mobile	Run android-actions/setup-android@v3	2026-10-03T16:05:15.2768780Z 3.4 Use, reproduction and distribution of components of the Google TV Add-on licensed under an open source software license are governed solely by the terms of that open source software license and not this License Agreement.
mobile	Run android-actions/setup-android@v3	2026-10-03T16:05:15.2769312Z 
mobile	Run android-actions/setup-android@v3	2026-10-03T16:05:15.2770770Z 3.5 You agree that the form and nature of the Google TV Add-on that Google provides may change without prior notice to you and that future versions of the Google TV Add-on may be incompatible with applications developed on previous versions of the Google TV Add-on. You agree that Google may stop (permanently or temporarily) providing the Google TV Add-on (or any features within the Google TV Add-on) to you or to users generally at Google's sole discretion, without prior notice to you.
mobile	Run android-actions/setup-android@v3	2026-10-03T16:05:15.2772382Z 
mobile	Run android-actions/setup-android@v3	2026-10-03T16:05:15.2774008Z 3.6 Nothing in this License Agreement gives you a right to use any of Google's or it’s licensors’ trade names, trademarks, service marks, logos, domain names, or other distinctive brand features.
mobile	Run android-actions/setup-android@v3	2026-10-03T16:05:15.2774761Z 
mobile	Run android-actions/setup-android@v3	2026-10-03T16:05:15.2775433Z 3.7 You agree that you will not remove, obscure, or alter any proprietary rights notices (including copyright and trademark notices) that may be affixed to or contained within the Google TV Add-on.
mobile	Run android-actions/setup-android@v3	2026-10-03T16:05:15.2776422Z 
mobile	Run android-actions/setup-android@v3	2026-10-03T16:05:15.2776674Z 4. Use of the Google TV Add-on by You
mobile	Run android-actions/setup-android@v3	2026-10-03T16:05:15.2776981Z 
mobile	Run android-actions/setup-android@v3	2026-10-03T16:05:15.2777943Z 4.1 Google agrees that it obtains no right, title or interest from you (or your licensors) under this License Agreement in or to any software applications that you develop using the Google TV Add-on, including any intellectual property rights that subsist in those applications.
mobile	Run android-actions/setup-android@v3	2026-10-03T16:05:15.2778963Z 
mobile	Run android-actions/setup-android@v3	2026-10-03T16:05:15.2780095Z 4.2 You agree to use the Google TV Add-on and write applications only for purposes that are permitted by (a) this License Agreement and (b) any applicable law, regulation or generally accepted practices or guidelines in the relevant jurisdictions (including any laws regarding the export of data or software to and from the United States or other relevant countries).
mobile	Run android-actions/setup-android@v3	2026-10-03T16:05:15.2781355Z 
mobile	Run android-actions/setup-android@v3	2026-10-03T16:05:15.2783760Z 4.3 You agree that if you use the Google TV Add-on to develop applications for general public users, you will protect the privacy and legal rights of those users. If the users provide you with user names, passwords, or other login information or personal information, your must make the users aware that the information will be available to your application, and you must provide legally adequate privacy notice and protection for those users. If your application stores personal or sensitive information provided by users, it must do so securely. If the user provides your application with Google Account information, your application may only use that information to access the user's Google Account when, and for the limited purposes for which, the user has given you explicit permission to do so.
mobile	Run android-actions/setup-android@v3	2026-10-03T16:05:15.2786724Z 
mobile	Run android-actions/setup-android@v3	2026-10-03T16:05:15.2788063Z 4.4 You agree that you will not engage in any activity with the Google TV Add-on, including the development or distribution of an application, that interferes with, disrupts, damages, or accesses in an unauthorized manner the servers, networks, or other properties or services of any third party including, but not limited to, Google, Multichannel Video Program Distributors or any mobile communications carrier.
mobile	Run android-actions/setup-android@v3	2026-10-03T16:05:15.2789488Z 
mobile	Run android-actions/setup-android@v3	2026-10-03T16:05:15.2790651Z 4.5 You agree that you are solely responsible for (and that Google has no responsibility to you or to any third party for) any data, content, or resources that you create, transmit or display through the Google TV platform and/or applications for the Google TV platform, and for the consequences of your actions (including any loss or damage which Google may suffer) by doing so.
mobile	Run android-actions/setup-android@v3	2026-10-03T16:05:15.2791914Z 
mobile	Run android-actions/setup-android@v3	2026-10-03T16:05:15.2793182Z 4.6 You agree that you are solely responsible for (and that Google has no responsibility to you or to any third party for) any breach of your obligations under this License Agreement, any applicable third party contract or Terms of Service, or any applicable law or regulation, and for the consequences (including any loss or damage which Google or any third party may suffer) of any such breach.
mobile	Run android-actions/setup-android@v3	2026-10-03T16:05:15.2794704Z 
mobile	Run android-actions/setup-android@v3	2026-10-03T16:05:15.2794941Z 5. Your Developer Credentials
mobile	Run android-actions/setup-android@v3	2026-10-03T16:05:15.2795248Z 
mobile	Run android-actions/setup-android@v3	2026-10-03T16:05:15.2796164Z 5.1 You agree that you are responsible for maintaining the confidentiality of any developer credentials that may be issued to you by Google or which you may choose yourself and that you will be solely responsible for all applications that are developed under your developer credentials.
mobile	Run android-actions/setup-android@v3	2026-10-03T16:05:15.2797202Z 
mobile	Run android-actions/setup-android@v3	2026-10-03T16:05:15.2797439Z 6. Privacy and Information
mobile	Run android-actions/setup-android@v3	2026-10-03T16:05:15.2797724Z 
mobile	Run android-actions/setup-android@v3	2026-10-03T16:05:15.2799294Z 6.1 In order to continually innovate and improve the Google TV Add-on, Google may collect certain usage statistics from the software including but not limited to a unique identifier, associated IP address, version number of the software, and information on which tools and/or services in the Google TV Add-on are being used and how they are being used. Before any of this information is collected, the Google TV Add-on will notify you and seek your consent. If you withhold consent, the information will not be collected.
mobile	Run android-actions/setup-android@v3	2026-10-03T16:05:15.2801262Z 
mobile	Run android-actions/setup-android@v3	2026-10-03T16:05:15.2801816Z 6.2 The data collected is examined in the aggregate to improve the Google TV Add-on and is maintained in accordance with Google's Privacy Policy.
mobile	Run android-actions/setup-android@v3	2026-10-03T16:05:15.2802437Z 
mobile	Run android-actions/setup-android@v3	2026-10-03T16:05:15.2802719Z 7. Third Party Applications for the Google TV Platform
mobile	Run android-actions/setup-android@v3	2026-10-03T16:05:15.2803074Z 
mobile	Run android-actions/setup-android@v3	2026-10-03T16:05:15.2805264Z 7.1 If you use the Google TV Add-on to run applications developed by a third party or that access data, content or resources provided by a third party, you agree that Google is not responsible for those applications, data, content, or resources. You understand that all data, content or resources which you may access through such third party applications are the sole responsibility of the person from which they originated and that Google is not liable for any loss or damage that you may experience as a result of the use or access of any of those third party applications, data, content, or resources.
mobile	Run android-actions/setup-android@v3	2026-10-03T16:05:15.2807326Z 
mobile	Run android-actions/setup-android@v3	2026-10-03T16:05:15.2808713Z 7.2 You should be aware the data, content, and resources presented to you through such a third party application may be protected by intellectual property rights which are owned by the providers (or by other persons or companies on their behalf). You may not modify, rent, lease, loan, sell, distribute or create derivative works based on these data, content, or resources (either in whole or in part) unless you have been specifically given permission to do so by the relevant owners.
mobile	Run android-actions/setup-android@v3	2026-10-03T16:05:15.2810469Z 
mobile	Run android-actions/setup-android@v3	2026-10-03T16:05:15.2811378Z 7.3 You acknowledge that your use of such third party applications, data, content, or resources may be subject to separate terms between you and the relevant third party. In that case, this License Agreement does not affect your legal relationship with these third parties.
mobile	Run android-actions/setup-android@v3	2026-10-03T16:05:15.2812563Z 
mobile	Run android-actions/setup-android@v3	2026-10-03T16:05:15.2812935Z 8. Using Google TV APIs
mobile	Run android-actions/setup-android@v3	2026-10-03T16:05:15.2813201Z 
mobile	Run android-actions/setup-android@v3	2026-10-03T16:05:15.2815934Z 8.1 If you use any Google TV API to retrieve data from Google, you acknowledge that the data (“Google TV API Content”) may be protected by intellectual property rights which are owned by Google or those parties that provide the data (or by other persons or companies on their behalf). Your use of any such API may be subject to additional Terms of Service. You may not modify, rent, lease, loan, sell, distribute or create derivative works based on this data (either in whole or in part) unless allowed by the relevant Terms of Service. Some portions of the Google TV API Content are licensed to Google by third parties, including but not limited to Tribune Media Services
mobile	Run android-actions/setup-android@v3	2026-10-03T16:05:15.2818134Z 
mobile	Run android-actions/setup-android@v3	2026-10-03T16:05:15.2818979Z 8.2 If you use any API to retrieve a user's data from Google, you acknowledge and agree that you shall retrieve data only with the user's explicit consent and only when, and for the limited purposes for which, the user has given you permission to do so.
mobile	Run android-actions/setup-android@v3	2026-10-03T16:05:15.2819913Z 
mobile	Run android-actions/setup-android@v3	2026-10-03T16:05:15.2820307Z 8.3 Except as explicitly permitted in Section 3 (Google TV Add-on License from Google), you must:
mobile	Run android-actions/setup-android@v3	2026-10-03T16:05:15.2820854Z 
mobile	Run android-actions/setup-android@v3	2026-10-03T16:05:15.2821496Z (a) not modify nor format the Google TV API Content except to the extent reasonably and technically necessary to optimize the display such Google TV API Content in your application;
mobile	Run android-actions/setup-android@v3	2026-10-03T16:05:15.2822229Z 
mobile	Run android-actions/setup-android@v3	2026-10-03T16:05:15.2822955Z (b) not edit the Google TV API Content in a manner that renders the Google TV API Content inaccurate of alters its inherent meaning (provided that displaying excerpts will not violate the foregoing); or
mobile	Run android-actions/setup-android@v3	2026-10-03T16:05:15.2824081Z 
mobile	Run android-actions/setup-android@v3	2026-10-03T16:05:15.2824494Z (c) not create any commercial audience measurement tool or service using the Google TV API Content
mobile	Run android-actions/setup-android@v3	2026-10-03T16:05:15.2824984Z 
mobile	Run android-actions/setup-android@v3	2026-10-03T16:05:15.2825230Z 9. Terminating this License Agreement
mobile	Run android-actions/setup-android@v3	2026-10-03T16:05:15.2825543Z 
mobile	Run android-actions/setup-android@v3	2026-10-03T16:05:15.2826194Z 9.1 This License Agreement will continue to apply until terminated by either you or Google as set out below.
mobile	Run android-actions/setup-android@v3	2026-10-03T16:05:15.2826712Z 
mobile	Run android-actions/setup-android@v3	2026-10-03T16:05:15.2827248Z 9.2 If you want to terminate this License Agreement, you may do so by ceasing your use of the Google TV Add-on and any relevant developer credentials.
mobile	Run android-actions/setup-android@v3	2026-10-03T16:05:15.2827910Z 
mobile	Run android-actions/setup-android@v3	2026-10-03T16:05:15.2828222Z 9.3 Google may at any time, terminate this License Agreement with you if:
mobile	Run android-actions/setup-android@v3	2026-10-03T16:05:15.2828630Z 
mobile	Run android-actions/setup-android@v3	2026-10-03T16:05:15.2828927Z (A) you have breached any provision of this License Agreement; or
mobile	Run android-actions/setup-android@v3	2026-10-03T16:05:15.2829316Z 
mobile	Run android-actions/setup-android@v3	2026-10-03T16:05:15.2829559Z (B) Google is required to do so by law; or
mobile	Run android-actions/setup-android@v3	2026-10-03T16:05:15.2829873Z 
mobile	Run android-actions/setup-android@v3	2026-10-03T16:05:15.2830595Z (C) the partner with whom Google offered certain parts of Google TV Add-on (such as APIs) to you has terminated its relationship with Google or ceased to offer certain parts of the Google TV Add-on to you; or
mobile	Run android-actions/setup-android@v3	2026-10-03T16:05:15.2831420Z 
mobile	Run android-actions/setup-android@v3	2026-10-03T16:05:15.2832518Z (D) Google decides to no longer providing the Google TV Add-on or certain parts of the Google TV Add-on to users in the country in which you are resident or from which you use the service, or the provision of the Google TV Add-on or certain Google TV Add-on services to you by Google is, in Google's sole discretion, no longer commercially viable.
mobile	Run android-actions/setup-android@v3	2026-10-03T16:05:15.2833988Z 
mobile	Run android-actions/setup-android@v3	2026-10-03T16:05:15.2835561Z 9.4 When this License Agreement comes to an end, all of the legal rights, obligations and liabilities that you and Google have benefited from, been subject to (or which have accrued over time whilst this License Agreement has been in force) or which are expressed to continue indefinitely, shall be unaffected by this cessation, and the provisions of paragraph 14.7 shall continue to apply to such rights, obligations and liabilities indefinitely.
mobile	Run android-actions/setup-android@v3	2026-10-03T16:05:15.2837111Z 
mobile	Run android-actions/setup-android@v3	2026-10-03T16:05:15.2837343Z 10. DISCLAIMER OF WARRANTIES
mobile	Run android-actions/setup-android@v3	2026-10-03T16:05:15.2837629Z 
mobile	Run android-actions/setup-android@v3	2026-10-03T16:05:15.2838332Z 10.1 YOU EXPRESSLY UNDERSTAND AND AGREE THAT YOUR USE OF THE GOOGLE TV ADD-ON IS AT YOUR SOLE RISK AND THAT THE GOOGLE TV ADD-ON IS PROVIDED "AS IS" AND "AS AVAILABLE" WITHOUT WARRANTY OF ANY KIND FROM GOOGLE.
mobile	Run android-actions/setup-android@v3	2026-10-03T16:05:15.2839181Z 
mobile	Run android-actions/setup-android@v3	2026-10-03T16:05:15.2840162Z 10.2 YOUR USE OF THE GOOGLE TV ADD-ON AND ANY MATERIAL DOWNLOADED OR OTHERWISE OBTAINED THROUGH THE USE OF THE GOOGLE TV ADD-ON IS AT YOUR OWN DISCRETION AND RISK AND YOU ARE SOLELY RESPONSIBLE FOR ANY DAMAGE TO YOUR COMPUTER SYSTEM OR OTHER DEVICE OR LOSS OF DATA THAT RESULTS FROM SUCH USE.
mobile	Run android-actions/setup-android@v3	2026-10-03T16:05:15.2841230Z 
mobile	Run android-actions/setup-android@v3	2026-10-03T16:05:15.2842144Z 10.3 GOOGLE FURTHER EXPRESSLY DISCLAIMS ALL WARRANTIES AND CONDITIONS OF ANY KIND, WHETHER EXPRESS OR IMPLIED, INCLUDING, BUT NOT LIMITED TO THE IMPLIED WARRANTIES AND CONDITIONS OF MERCHANTABILITY, FITNESS FOR A PARTICULAR PURPOSE AND NON-INFRINGEMENT.
mobile	Run android-actions/setup-android@v3	2026-10-03T16:05:15.2843135Z 
mobile	Run android-actions/setup-android@v3	2026-10-03T16:05:15.2843366Z 11. LIMITATION OF LIABILITY
mobile	Run android-actions/setup-android@v3	2026-10-03T16:05:15.2843647Z 
mobile	Run android-actions/setup-android@v3	2026-10-03T16:05:15.2845201Z 11.1 YOU EXPRESSLY UNDERSTAND AND AGREE THAT GOOGLE, ITS SUBSIDIARIES AND AFFILIATES, AND ITS LICENSORS SHALL NOT BE LIABLE TO YOU UNDER ANY THEORY OF LIABILITY FOR ANY DIRECT, INDIRECT, INCIDENTAL, SPECIAL CONSEQUENTIAL OR EXEMPLARY DAMAGES THAT MAY BE INCURRED BY YOU, INCLUDING ANY LOSS OF DATA, WHETHER OR NOT GOOGLE OR ITS REPRESENTATIVES HAVE BEEN ADVISED OF OR SHOULD HAVE BEEN AWARE OF THE POSSIBILITY OF ANY SUCH LOSSES ARISING.
mobile	Run android-actions/setup-android@v3	2026-10-03T16:05:15.2848585Z 
mobile	Run android-actions/setup-android@v3	2026-10-03T16:05:15.2848808Z 12. Indemnification
mobile	Run android-actions/setup-android@v3	2026-10-03T16:05:15.2849072Z 
mobile	Run android-actions/setup-android@v3	2026-10-03T16:05:15.2851497Z 12.1 To the maximum extent permitted by law, you agree to defend, indemnify and hold harmless Google, its affiliates and their respective directors, officers, employees and agents from and against any and all claims, actions, suits or proceedings, as well as any and all losses, liabilities, damages, costs and expenses (including reasonable attorneys fees) arising out of or accruing from (a) your use of the Google TV Add-on, (b) any application you develop on the Google TV Add-on that infringes any copyright, trademark, trade secret, trade dress, patent or other intellectual property right of any person or defames any person or violates their rights of publicity or privacy, and (c) any non-compliance by you with this License Agreement.
mobile	Run android-actions/setup-android@v3	2026-10-03T16:05:15.2854217Z 
mobile	Run android-actions/setup-android@v3	2026-10-03T16:05:15.2854441Z 13. Changes to the License Agreement
mobile	Run android-actions/setup-android@v3	2026-10-03T16:05:15.2854747Z 
mobile	Run android-actions/setup-android@v3	2026-10-03T16:05:15.2855160Z 13.1 Google may make changes to the License Agreement as it distributes new versions of the Google TV Add-on.
mobile	Run android-actions/setup-android@v3	2026-10-03T16:05:15.2855666Z 
mobile	Run android-actions/setup-android@v3	2026-10-03T16:05:15.2855884Z 14. General Legal Terms
mobile	Run android-actions/setup-android@v3	2026-10-03T16:05:15.2856151Z 
mobile	Run android-actions/setup-android@v3	2026-10-03T16:05:15.2857224Z 14.1 This License Agreement constitute the whole legal agreement between you and Google and govern your use of the Google TV Add-on (excluding any services which Google may provide to you under a separate written agreement), and completely replace any prior agreements between you and Google in relation to the Google TV Add-on.
mobile	Run android-actions/setup-android@v3	2026-10-03T16:05:15.2858400Z 
mobile	Run android-actions/setup-android@v3	2026-10-03T16:05:15.2859446Z 14.2 You agree that if Google does not exercise or enforce any legal right or remedy which is contained in this License Agreement (or which Google has the benefit of under any applicable law), this will not be taken to be a formal waiver of Google's rights and that those rights or remedies will still be available to Google.
mobile	Run android-actions/setup-android@v3	2026-10-03T16:05:15.2860795Z 
mobile	Run android-actions/setup-android@v3	2026-10-03T16:05:15.2861941Z 14.3 If any court of law, having the jurisdiction to decide on this matter, rules that any provision of this License Agreement is invalid, then that provision will be removed from this License Agreement without affecting the rest of this License Agreement. The remaining provisions of this License Agreement will continue to be valid and enforceable.
mobile	Run android-actions/setup-android@v3	2026-10-03T16:05:15.2863407Z 
mobile	Run android-actions/setup-android@v3	2026-10-03T16:05:15.2865634Z 14.4 You acknowledge and agree that Google’s API data licensors and each member of the group of companies of which Google is the parent shall be third party beneficiaries to this License Agreement and that such other companies shall be entitled to directly enforce, and rely upon, any provision of this License Agreement that confers a benefit on (or rights in favor of) them. Other than this, no other person or company shall be third party beneficiaries to this License Agreement.
mobile	Run android-actions/setup-android@v3	2026-10-03T16:05:15.2867342Z 
mobile	Run android-actions/setup-android@v3	2026-10-03T16:05:15.2868362Z 14.5 EXPORT RESTRICTIONS. THE GOOGLE TV ADD-ON IS SUBJECT TO UNITED STATES EXPORT LAWS AND REGULATIONS. YOU MUST COMPLY WITH ALL DOMESTIC AND INTERNATIONAL EXPORT LAWS AND REGULATIONS THAT APPLY TO THE GOOGLE TV ADD-ON. THESE LAWS INCLUDE RESTRICTIONS ON DESTINATIONS, END USERS AND END USE.
mobile	Run android-actions/setup-android@v3	2026-10-03T16:05:15.2869404Z 
mobile	Run android-actions/setup-android@v3	2026-10-03T16:05:15.2870479Z 14.6 The rights granted in this License Agreement may not be assigned or transferred by either you or Google without the prior written approval of the other party. Neither you nor Google shall be permitted to delegate their responsibilities or obligations under this License Agreement without the prior written approval of the other party.
mobile	Run android-actions/setup-android@v3	2026-10-03T16:05:15.2871930Z 
mobile	Run android-actions/setup-android@v3	2026-10-03T16:05:15.2873706Z 14.7 This License Agreement, and your relationship with Google under this License Agreement, shall be governed by the laws of the State of California without regard to its conflict of laws provisions. You and Google agree to submit to the exclusive jurisdiction of the courts located within the county of Santa Clara, California to resolve any legal matter arising from this License Agreement. Notwithstanding this, you agree that Google shall still be allowed to apply for injunctive remedies (or an equivalent type of urgent legal relief) in any jurisdiction.
mobile	Run android-actions/setup-android@v3	2026-10-03T16:05:15.2875811Z 
mobile	Run android-actions/setup-android@v3	2026-10-03T16:05:15.2875959Z 
mobile	Run android-actions/setup-android@v3	2026-10-03T16:05:15.2876184Z August 15, 2011
mobile	Run android-actions/setup-android@v3	2026-10-03T16:05:15.2876525Z ---------------------------------------
mobile	Run android-actions/setup-android@v3	2026-10-03T16:05:15.2876939Z Accept? (y/N): 
mobile	Run android-actions/setup-android@v3	2026-10-03T16:05:15.2877288Z 2/6: License android-googlexr-license:
mobile	Run android-actions/setup-android@v3	2026-10-03T16:05:15.2877684Z ---------------------------------------
mobile	Run android-actions/setup-android@v3	2026-10-03T16:05:15.2878716Z To get started with the Android XR Emulator System Image SDK, you must agree to the following terms and conditions. As described below, please note that this is a preview, emulated version of the Android XR OS, subject to change, that you use at your own risk.
mobile	Run android-actions/setup-android@v3	2026-10-03T16:05:15.2882734Z 
mobile	Run android-actions/setup-android@v3	2026-10-03T16:05:15.2883117Z This is the Android XR Emulator System Image SDK License Agreement
mobile	Run android-actions/setup-android@v3	2026-10-03T16:05:15.2885137Z 
mobile	Run android-actions/setup-android@v3	2026-10-03T16:05:15.2885363Z 1. Introduction
mobile	Run android-actions/setup-android@v3	2026-10-03T16:05:15.2885569Z 
mobile	Run android-actions/setup-android@v3	2026-10-03T16:05:15.2886433Z 1.1 The Android Android XR Emulator System Image SDK (referred to in the License Agreement as the "SDK" and specifically including the Android system files,, packaged APIs, library files (if and when they are made available), and Google applications and APIs add-ons) is licensed to you subject to the terms of the License Agreement. The License Agreement forms a legally binding contract between you and Google in relation to your use of the SDK.
mobile	Run android-actions/setup-android@v3	2026-10-03T16:05:15.2887331Z 
mobile	Run android-actions/setup-android@v3	2026-10-03T16:05:15.2887825Z 1.2 "Android" means the Android software stack for devices, as made available under the Android Open Source Project, which is located at the following URL: https://source.android.com/, as updated from time to time.
mobile	Run android-actions/setup-android@v3	2026-10-03T16:05:15.2888512Z 
mobile	Run android-actions/setup-android@v3	2026-10-03T16:05:15.2888977Z 1.3 "Google" means Google LLC, organized under the laws of the State of Delaware, USA, and operating under the laws of the USA with principal place of business at 1600 Amphitheatre Parkway, Mountain View, CA 94043, USA.
mobile	Run android-actions/setup-android@v3	2026-10-03T16:05:15.2889492Z 
mobile	Run android-actions/setup-android@v3	2026-10-03T16:05:15.2889677Z 2. Accepting this License Agreement
mobile	Run android-actions/setup-android@v3	2026-10-03T16:05:15.2889895Z 
mobile	Run android-actions/setup-android@v3	2026-10-03T16:05:15.2890233Z 2.1 In order to use the SDK, you must first agree to the License Agreement. You may not use the SDK if you do not accept the License Agreement.
mobile	Run android-actions/setup-android@v3	2026-10-03T16:05:15.2890618Z 
mobile	Run android-actions/setup-android@v3	2026-10-03T16:05:15.2890893Z 2.2 By clicking to accept and/or using this SDK, you hereby agree to the terms of the License Agreement.
mobile	Run android-actions/setup-android@v3	2026-10-03T16:05:15.2891217Z 
mobile	Run android-actions/setup-android@v3	2026-10-03T16:05:15.2891735Z 2.3 You may not use the SDK and may not accept the License Agreement if you are a person barred from receiving the SDK under the laws of the United States or other countries, including the country in which you are resident or from which you use the SDK.
mobile	Run android-actions/setup-android@v3	2026-10-03T16:05:15.2892307Z 
mobile	Run android-actions/setup-android@v3	2026-10-03T16:05:15.2893020Z 2.4 If you are agreeing to be bound by the License Agreement on behalf of your employer or other entity, you represent and warrant that you have full legal authority to bind your employer or such entity to the License Agreement. If you do not have the requisite authority, you may not accept the License Agreement or use the SDK on behalf of your employer or other entity.
mobile	Run android-actions/setup-android@v3	2026-10-03T16:05:15.2893935Z 
mobile	Run android-actions/setup-android@v3	2026-10-03T16:05:15.2894220Z 3. SDK License from Google
mobile	Run android-actions/setup-android@v3	2026-10-03T16:05:15.2894370Z 
mobile	Run android-actions/setup-android@v3	2026-10-03T16:05:15.2895013Z 3.1 Subject to the terms of the License Agreement, Google grants you a limited, worldwide, royalty-free, non-assignable, non-exclusive, and non-sublicensable license to use the SDK solely to develop applications for Android XR.
mobile	Run android-actions/setup-android@v3	2026-10-03T16:05:15.2895770Z 
mobile	Run android-actions/setup-android@v3	2026-10-03T16:05:15.2896286Z 3.2 You may not use this SDK to develop applications for other platforms or to develop another SDK. You are of course free to develop applications for other platforms provided that this SDK is not used for that purpose.
mobile	Run android-actions/setup-android@v3	2026-10-03T16:05:15.2896687Z 
mobile	Run android-actions/setup-android@v3	2026-10-03T16:05:15.2898189Z 3.3 You agree that Google or third parties own all legal right, title and interest in and to the SDK, including any Intellectual Property Rights that subsist in the SDK. "Intellectual Property Rights" means any and all rights under patent law, copyright law, trade secret law, trademark law, and any and all other proprietary rights. Google reserves all rights not expressly granted to you.
mobile	Run android-actions/setup-android@v3	2026-10-03T16:05:15.2899086Z 
mobile	Run android-actions/setup-android@v3	2026-10-03T16:05:15.2900021Z 3.4 You may not use the SDK for any purpose not expressly permitted by the License Agreement. Except to the extent required by applicable third party licenses, you may not (a) copy (except for backup purposes), modify, adapt, redistribute, decompile, reverse engineer, disassemble, or create derivative works of the SDK or any part of the SDK; or (b) load any part of the SDK onto a mobile handset or any other hardware device except a personal computer, combine any part of the SDK with other software, or distribute any software or device incorporating a part of the SDK.
mobile	Run android-actions/setup-android@v3	2026-10-03T16:05:15.2901117Z 
mobile	Run android-actions/setup-android@v3	2026-10-03T16:05:15.2901790Z 3.5 Use, reproduction and distribution of components of the SDK licensed under an open source software license are governed solely by the terms of that open source software license and not the License Agreement. You agree to remain a licensee in good standing in regard to such open source software licenses under all the rights granted and to refrain from any actions that may terminate, suspend, or breach such rights.
mobile	Run android-actions/setup-android@v3	2026-10-03T16:05:15.2902510Z 
mobile	Run android-actions/setup-android@v3	2026-10-03T16:05:15.2903183Z 3.6 You agree that the form and nature of the SDK that Google provides may change without prior notice to you and that future versions of the SDK may be incompatible with applications developed on previous versions of the SDK. You agree that Google may stop (permanently or temporarily) providing the SDK (or any features within the SDK) to you or to users generally at Google's sole discretion, without prior notice to you.
mobile	Run android-actions/setup-android@v3	2026-10-03T16:05:15.2904115Z 
mobile	Run android-actions/setup-android@v3	2026-10-03T16:05:15.2904389Z 3.7 Nothing in the License Agreement gives you a right to use any of Google's trade names, trademarks, service marks, logos, domain names, or other distinctive brand features.
mobile	Run android-actions/setup-android@v3	2026-10-03T16:05:15.2904710Z 
mobile	Run android-actions/setup-android@v3	2026-10-03T16:05:15.2904995Z 3.8 You agree that you will not remove, obscure, or alter any proprietary rights notices (including copyright and trademark notices) that may be affixed to or contained within the SDK.
mobile	Run android-actions/setup-android@v3	2026-10-03T16:05:15.2905335Z 
mobile	Run android-actions/setup-android@v3	2026-10-03T16:05:15.2905385Z 4. Use of the SDK by You
mobile	Run android-actions/setup-android@v3	2026-10-03T16:05:15.2905468Z 
mobile	Run android-actions/setup-android@v3	2026-10-03T16:05:15.2905893Z 4.1 Google agrees that it obtains no right, title or interest from you (or your licensors) under the License Agreement in or to any software applications that you develop using the SDK, including any intellectual property rights that subsist in those applications.
mobile	Run android-actions/setup-android@v3	2026-10-03T16:05:15.2906361Z 
mobile	Run android-actions/setup-android@v3	2026-10-03T16:05:15.2907008Z 4.2 You agree to use the SDK and write applications only for purposes that are permitted by (a) the License Agreement and (b) any applicable law, regulation or generally accepted practices or guidelines in the relevant jurisdictions (including any laws regarding the export of data or software to and from the United States or other relevant countries).
mobile	Run android-actions/setup-android@v3	2026-10-03T16:05:15.2907621Z 
mobile	Run android-actions/setup-android@v3	2026-10-03T16:05:15.2908890Z 4.3 You agree that if you use the SDK to develop applications for general public users, you will protect the privacy and legal rights of those users. If the users provide you with user names, passwords, or other login information or personal information, you must make the users aware that the information will be available to your application, and you must provide legally adequate privacy notice and protection for those users. If your application stores personal or sensitive information provided by users, it must do so securely. If the user provides your application with Google Account information, your application may only use that information to access the user's Google Account when, and for the limited purposes for which, the user has given you permission to do so.
mobile	Run android-actions/setup-android@v3	2026-10-03T16:05:15.2910219Z 
mobile	Run android-actions/setup-android@v3	2026-10-03T16:05:15.2910793Z 4.4 You agree that you will not engage in any activity with the SDK, including the development or distribution of an application, that interferes with, disrupts, damages, or accesses in an unauthorized manner the servers, networks, or other properties or services of any third party including, but not limited to, Google or any mobile communications carrier.
mobile	Run android-actions/setup-android@v3	2026-10-03T16:05:15.2911415Z 
mobile	Run android-actions/setup-android@v3	2026-10-03T16:05:15.2911968Z 4.5 You agree that you are solely responsible for (and that Google has no responsibility to you or to any third party for) any data, content, or resources that you create, transmit or display through Android and/or applications for Android, and for the consequences of your actions (including any loss or damage which Google may suffer) by doing so.
mobile	Run android-actions/setup-android@v3	2026-10-03T16:05:15.2912692Z 
mobile	Run android-actions/setup-android@v3	2026-10-03T16:05:15.2913338Z 4.6 You agree that you are solely responsible for (and that Google has no responsibility to you or to any third party for) any breach of your obligations under the License Agreement, any applicable third party contract or Terms of Service, or any applicable law or regulation, and for the consequences (including any loss or damage which Google or any third party may suffer) of any such breach.
mobile	Run android-actions/setup-android@v3	2026-10-03T16:05:15.2914573Z 
mobile	Run android-actions/setup-android@v3	2026-10-03T16:05:15.2915354Z 4.7 The SDK is in development, and your testing and feedback are an important part of the development process. By using the SDK, you acknowledge that implementation of some features are still under development and that you should not rely on the SDK having the full functionality of a stable release.
mobile	Run android-actions/setup-android@v3	2026-10-03T16:05:15.2916217Z 
mobile	Run android-actions/setup-android@v3	2026-10-03T16:05:15.2916299Z 5. Your Developer Credentials
mobile	Run android-actions/setup-android@v3	2026-10-03T16:05:15.2916440Z 
mobile	Run android-actions/setup-android@v3	2026-10-03T16:05:15.2917190Z 5.1 You agree that you are responsible for maintaining the confidentiality of any developer credentials that may be issued to you by Google or which you may choose yourself and that you will be solely responsible for all applications that are developed under your developer credentials.
mobile	Run android-actions/setup-android@v3	2026-10-03T16:05:15.2918128Z 
mobile	Run android-actions/setup-android@v3	2026-10-03T16:05:15.2918211Z 6. Privacy and Information
mobile	Run android-actions/setup-android@v3	2026-10-03T16:05:15.2918341Z 
mobile	Run android-actions/setup-android@v3	2026-10-03T16:05:15.2919622Z 6.1 In order to continually innovate and improve the SDK, Google may collect certain usage statistics from the software including but not limited to a unique identifier, associated IP address, version number of the software, and information on which tools and/or services in the SDK are being used and how they are being used. Before any of this information is collected, the SDK will notify you and seek your consent. If you withhold consent, the information will not be collected.
mobile	Run android-actions/setup-android@v3	2026-10-03T16:05:15.2921028Z 
mobile	Run android-actions/setup-android@v3	2026-10-03T16:05:15.2921574Z 6.2 The data collected is examined in the aggregate to improve the SDK and is maintained in accordance with Google's Privacy Policy, which is located at the following URL: https://policies.google.com/privacy
mobile	Run android-actions/setup-android@v3	2026-10-03T16:05:15.2922189Z 
mobile	Run android-actions/setup-android@v3	2026-10-03T16:05:15.2922429Z 6.3 Anonymized and aggregated sets of the data may be shared with Google partners to improve the SDK.
mobile	Run android-actions/setup-android@v3	2026-10-03T16:05:15.2922748Z 
mobile	Run android-actions/setup-android@v3	2026-10-03T16:05:15.2922832Z 7. Third Party Applications
mobile	Run android-actions/setup-android@v3	2026-10-03T16:05:15.2922965Z 
mobile	Run android-actions/setup-android@v3	2026-10-03T16:05:15.2924918Z 7.1 If you use the SDK to run applications developed by a third party or that access data, content or resources provided by a third party, you agree that Google is not responsible for those applications, data, content, or resources. You understand that all data, content or resources which you may access through such third party applications are the sole responsibility of the person from which they originated and that Google is not liable for any loss or damage that you may experience as a result of the use or access of any of those third party applications, data, content, or resources.
mobile	Run android-actions/setup-android@v3	2026-10-03T16:05:15.2925926Z 
mobile	Run android-actions/setup-android@v3	2026-10-03T16:05:15.2926716Z 7.2 You should be aware that the data, content, and resources presented to you through such a third party application may be protected by intellectual property rights which are owned by the providers (or by other persons or companies on their behalf). You may not modify, rent, lease, loan, sell, distribute or create derivative works based on these data, content, or resources (either in whole or in part) unless you have been specifically given permission to do so by the relevant owners.
mobile	Run android-actions/setup-android@v3	2026-10-03T16:05:15.2927551Z 
mobile	Run android-actions/setup-android@v3	2026-10-03T16:05:15.2927984Z 7.3 You acknowledge that your use of such third party applications, data, content, or resources may be subject to separate terms between you and the relevant third party. In that case, the License Agreement does not affect your legal relationship with these third parties.
mobile	Run android-actions/setup-android@v3	2026-10-03T16:05:15.2928561Z 
mobile	Run android-actions/setup-android@v3	2026-10-03T16:05:15.2928608Z 8. Using Android APIs
mobile	Run android-actions/setup-android@v3	2026-10-03T16:05:15.2928686Z 
mobile	Run android-actions/setup-android@v3	2026-10-03T16:05:15.2928734Z 8.1 Google Data APIs
mobile	Run android-actions/setup-android@v3	2026-10-03T16:05:15.2928809Z 
mobile	Run android-actions/setup-android@v3	2026-10-03T16:05:15.2929613Z 8.1.1 If you use any API to retrieve data from Google, you acknowledge that the data may be protected by intellectual property rights which are owned by Google or those parties that provide the data (or by other persons or companies on their behalf). Your use of any such API may be subject to additional Terms of Service. You may not modify, rent, lease, loan, sell, distribute or create derivative works based on this data (either in whole or in part) unless allowed by the relevant Terms of Service.
mobile	Run android-actions/setup-android@v3	2026-10-03T16:05:15.2930456Z 
mobile	Run android-actions/setup-android@v3	2026-10-03T16:05:15.2931857Z 8.1.2 If you use any API to retrieve a user's data from Google, you acknowledge and agree that you shall retrieve data only with the user's explicit consent and only when, and for the limited purposes for which, the user has given you permission to do so. If you use the Android Recognition Service API, documented at the following URL: https://developer.android.com/reference/android/speech/RecognitionService, as updated from time to time, you acknowledge that the use of the API is subject to the Data Processing Addendum for Products where Google is a Data Processor, which is located at the following URL: https://privacy.google.com/businesses/gdprprocessorterms/, as updated from time to time. By clicking to accept, you hereby agree to the terms of the Data Processing Addendum for Products where Google is a Data Processor.
mobile	Run android-actions/setup-android@v3	2026-10-03T16:05:15.2933353Z 
mobile	Run android-actions/setup-android@v3	2026-10-03T16:05:15.2933415Z 9. Terminating this License Agreement
mobile	Run android-actions/setup-android@v3	2026-10-03T16:05:15.2933516Z 
mobile	Run android-actions/setup-android@v3	2026-10-03T16:05:15.2933681Z 9.1 The License Agreement will continue to apply until terminated by either you or Google as set out below.
mobile	Run android-actions/setup-android@v3	2026-10-03T16:05:15.2934062Z 
mobile	Run android-actions/setup-android@v3	2026-10-03T16:05:15.2934373Z 9.2 If you want to terminate the License Agreement, you may do so by ceasing your use of the SDK and any relevant developer credentials.
mobile	Run android-actions/setup-android@v3	2026-10-03T16:05:15.2934735Z 
mobile	Run android-actions/setup-android@v3	2026-10-03T16:05:15.2935764Z 9.3 Google may at any time, terminate the License Agreement with you if: (A) you have breached any provision of the License Agreement; or (B) Google is required to do so by law; or (C) the partner with whom Google offered certain parts of SDK (such as APIs) to you has terminated its relationship with Google or ceased to offer certain parts of the SDK to you; or (D) Google decides to no longer provide the SDK or certain parts of the SDK to users in the country in which you are resident or from which you use the service, or the provision of the SDK or certain SDK services to you by Google is, in Google's sole discretion, no longer commercially viable.
mobile	Run android-actions/setup-android@v3	2026-10-03T16:05:15.2936843Z 
mobile	Run android-actions/setup-android@v3	2026-10-03T16:05:15.2937556Z 9.4 When the License Agreement comes to an end, all of the legal rights, obligations and liabilities that you and Google have benefited from, been subject to (or which have accrued over time whilst the License Agreement has been in force) or which are expressed to continue indefinitely, shall be unaffected by this cessation, and the provisions of paragraph 14.7 shall continue to apply to such rights, obligations and liabilities indefinitely.
mobile	Run android-actions/setup-android@v3	2026-10-03T16:05:15.2938311Z 
mobile	Run android-actions/setup-android@v3	2026-10-03T16:05:15.2938366Z 10. DISCLAIMER OF WARRANTIES
mobile	Run android-actions/setup-android@v3	2026-10-03T16:05:15.2938451Z 
mobile	Run android-actions/setup-android@v3	2026-10-03T16:05:15.2938722Z 10.1 YOU EXPRESSLY UNDERSTAND AND AGREE THAT YOUR USE OF THE SDK IS AT YOUR SOLE RISK AND THAT THE SDK IS PROVIDED "AS IS" AND "AS AVAILABLE" WITHOUT WARRANTY OF ANY KIND FROM GOOGLE.
mobile	Run android-actions/setup-android@v3	2026-10-03T16:05:15.2939037Z 
mobile	Run android-actions/setup-android@v3	2026-10-03T16:05:15.2939450Z 10.2 YOUR USE OF THE SDK AND ANY MATERIAL DOWNLOADED OR OTHERWISE OBTAINED THROUGH THE USE OF THE SDK IS AT YOUR OWN DISCRETION AND RISK AND YOU ARE SOLELY RESPONSIBLE FOR ANY DAMAGE TO YOUR COMPUTER SYSTEM OR OTHER DEVICE OR LOSS OF DATA THAT RESULTS FROM SUCH USE.
mobile	Run android-actions/setup-android@v3	2026-10-03T16:05:15.2939909Z 
mobile	Run android-actions/setup-android@v3	2026-10-03T16:05:15.2940316Z 10.3 GOOGLE FURTHER EXPRESSLY DISCLAIMS ALL WARRANTIES AND CONDITIONS OF ANY KIND, WHETHER EXPRESS OR IMPLIED, INCLUDING, BUT NOT LIMITED TO THE IMPLIED WARRANTIES AND CONDITIONS OF MERCHANTABILITY, FITNESS FOR A PARTICULAR PURPOSE AND NON-INFRINGEMENT.
mobile	Run android-actions/setup-android@v3	2026-10-03T16:05:15.2940862Z 
mobile	Run android-actions/setup-android@v3	2026-10-03T16:05:15.2940916Z 11. LIMITATION OF LIABILITY
mobile	Run android-actions/setup-android@v3	2026-10-03T16:05:15.2940998Z 
mobile	Run android-actions/setup-android@v3	2026-10-03T16:05:15.2941706Z 11.1 YOU EXPRESSLY UNDERSTAND AND AGREE THAT GOOGLE, ITS SUBSIDIARIES AND AFFILIATES, AND ITS LICENSORS SHALL NOT BE LIABLE TO YOU UNDER ANY THEORY OF LIABILITY FOR ANY DIRECT, INDIRECT, INCIDENTAL, SPECIAL, CONSEQUENTIAL OR EXEMPLARY DAMAGES THAT MAY BE INCURRED BY YOU, INCLUDING ANY LOSS OF DATA, WHETHER OR NOT GOOGLE OR ITS REPRESENTATIVES HAVE BEEN ADVISED OF OR SHOULD HAVE BEEN AWARE OF THE POSSIBILITY OF ANY SUCH LOSSES ARISING.
mobile	Run android-actions/setup-android@v3	2026-10-03T16:05:15.2942451Z 
mobile	Run android-actions/setup-android@v3	2026-10-03T16:05:15.2942496Z 12. Indemnification
mobile	Run android-actions/setup-android@v3	2026-10-03T16:05:15.2942568Z 
mobile	Run android-actions/setup-android@v3	2026-10-03T16:05:15.2943740Z 12.1 To the maximum extent permitted by law, you agree to defend, indemnify and hold harmless Google, its affiliates and their respective directors, officers, employees and agents from and against any and all claims, actions, suits or proceedings, as well as any and all losses, liabilities, damages, costs and expenses (including reasonable attorneys fees) arising out of or accruing from (a) your use of the SDK, (b) any application you develop on the SDK that infringes any copyright, trademark, trade secret, trade dress, patent or other intellectual property right of any person or defames any person or violates their rights of publicity or privacy, and (c) any non-compliance by you with the License Agreement.
mobile	Run android-actions/setup-android@v3	2026-10-03T16:05:15.2945137Z 
mobile	Run android-actions/setup-android@v3	2026-10-03T16:05:15.2945195Z 13. Changes to the License Agreement
mobile	Run android-actions/setup-android@v3	2026-10-03T16:05:15.2945293Z 
mobile	Run android-actions/setup-android@v3	2026-10-03T16:05:15.2945659Z 13.1 Google may make changes to the License Agreement as it distributes new versions of the SDK. When these changes are made, Google will make a new version of the License Agreement available on the website where the SDK is made available.
mobile	Run android-actions/setup-android@v3	2026-10-03T16:05:15.2946078Z 
mobile	Run android-actions/setup-android@v3	2026-10-03T16:05:15.2946125Z 14. General Legal Terms
mobile	Run android-actions/setup-android@v3	2026-10-03T16:05:15.2946204Z 
mobile	Run android-actions/setup-android@v3	2026-10-03T16:05:15.2946692Z 14.1 The License Agreement constitutes the whole legal agreement between you and Google and governs your use of the SDK (excluding any services which Google may provide to you under a separate written agreement), and completely replaces any prior agreements between you and Google in relation to the SDK.
mobile	Run android-actions/setup-android@v3	2026-10-03T16:05:15.2947232Z 
mobile	Run android-actions/setup-android@v3	2026-10-03T16:05:15.2947736Z 14.2 You agree that if Google does not exercise or enforce any legal right or remedy which is contained in the License Agreement (or which Google has the benefit of under any applicable law), this will not be taken to be a formal waiver of Google's rights and that those rights or remedies will still be available to Google.
mobile	Run android-actions/setup-android@v3	2026-10-03T16:05:15.2948290Z 
mobile	Run android-actions/setup-android@v3	2026-10-03T16:05:15.2948837Z 14.3 If any court of law, having the jurisdiction to decide on this matter, rules that any provision of the License Agreement is invalid, then that provision will be removed from the License Agreement without affecting the rest of the License Agreement. The remaining provisions of the License Agreement will continue to be valid and enforceable.
mobile	Run android-actions/setup-android@v3	2026-10-03T16:05:15.2949436Z 
mobile	Run android-actions/setup-android@v3	2026-10-03T16:05:15.2950151Z 14.4 You acknowledge and agree that each member of the group of companies of which Google is the parent shall be third party beneficiaries to the License Agreement and that such other companies shall be entitled to directly enforce, and rely upon, any provision of the License Agreement that confers a benefit on (or rights in favor of) them. Other than this, no other person or company shall be third party beneficiaries to the License Agreement.
mobile	Run android-actions/setup-android@v3	2026-10-03T16:05:15.2950904Z 
mobile	Run android-actions/setup-android@v3	2026-10-03T16:05:15.2951324Z 14.5 EXPORT RESTRICTIONS. THE SDK IS SUBJECT TO UNITED STATES EXPORT LAWS AND REGULATIONS. YOU MUST COMPLY WITH ALL DOMESTIC AND INTERNATIONAL EXPORT LAWS AND REGULATIONS THAT APPLY TO THE SDK. THESE LAWS INCLUDE RESTRICTIONS ON DESTINATIONS, END USERS AND END USE.
mobile	Run android-actions/setup-android@v3	2026-10-03T16:05:15.2951928Z 
mobile	Run android-actions/setup-android@v3	2026-10-03T16:05:15.2952474Z 14.6 The rights granted in the License Agreement may not be assigned or transferred by either you or Google without the prior written approval of the other party. Neither you nor Google shall be permitted to delegate their responsibilities or obligations under the License Agreement without the prior written approval of the other party.
mobile	Run android-actions/setup-android@v3	2026-10-03T16:05:15.2953072Z 
mobile	Run android-actions/setup-android@v3	2026-10-03T16:05:15.2954225Z 14.7 The License Agreement, and your relationship with Google under the License Agreement, shall be governed by the laws of the State of California without regard to its conflict of laws provisions. You and Google agree to submit to the exclusive jurisdiction of the courts located within the county of Santa Clara, California to resolve any legal matter arising from the License Agreement. Notwithstanding this, you agree that Google shall still be allowed to apply for injunctive remedies (or an equivalent type of urgent legal relief) in any jurisdiction.
mobile	Run android-actions/setup-android@v3	2026-10-03T16:05:15.2955229Z ---------------------------------------
mobile	Run android-actions/setup-android@v3	2026-10-03T16:05:15.2955379Z Accept? (y/N): 
mobile	Run android-actions/setup-android@v3	2026-10-03T16:05:15.2955511Z 3/6: License android-sdk-arm-dbt-license:
mobile	Run android-actions/setup-android@v3	2026-10-03T16:05:15.2955754Z ---------------------------------------
mobile	Run android-actions/setup-android@v3	2026-10-03T16:05:15.2955892Z Terms and Conditions
mobile	Run android-actions/setup-android@v3	2026-10-03T16:05:15.2955963Z 
mobile	Run android-actions/setup-android@v3	2026-10-03T16:05:15.2956054Z This is the Android Software Development Kit License Agreement
mobile	Run android-actions/setup-android@v3	2026-10-03T16:05:15.2956189Z 
mobile	Run android-actions/setup-android@v3	2026-10-03T16:05:15.2956236Z 1. Introduction
mobile	Run android-actions/setup-android@v3	2026-10-03T16:05:15.2956298Z 
mobile	Run android-actions/setup-android@v3	2026-10-03T16:05:15.2956887Z 1.1 The Android Software Development Kit (referred to in the License Agreement as the "SDK" and specifically including the Android system files, packaged APIs, and Google APIs add-ons) is licensed to you subject to the terms of the License Agreement. The License Agreement forms a legally binding contract between you and Google in relation to your use of the SDK.
mobile	Run android-actions/setup-android@v3	2026-10-03T16:05:15.2957513Z 
mobile	Run android-actions/setup-android@v3	2026-10-03T16:05:15.2957851Z 1.2 "Android" means the Android software stack for devices, as made available under the Android Open Source Project, which is located at the following URL: http://source.android.com/, as updated from time to time.
mobile	Run android-actions/setup-android@v3	2026-10-03T16:05:15.2958237Z 
mobile	Run android-actions/setup-android@v3	2026-10-03T16:05:15.2958802Z 1.3 A "compatible implementation" means any Android device that (i) complies with the Android Compatibility Definition document, which can be found at the Android compatibility website (http://source.android.com/compatibility) and which may be updated from time to time; and (ii) successfully passes the Android Compatibility Test Suite (CTS).
mobile	Run android-actions/setup-android@v3	2026-10-03T16:05:15.2959404Z 
mobile	Run android-actions/setup-android@v3	2026-10-03T16:05:15.2959653Z 1.4 "Google" means Google Inc., a Delaware corporation with principal place of business at 1600 Amphitheatre Parkway, Mountain View, CA 94043, United States.
mobile	Run android-actions/setup-android@v3	2026-10-03T16:05:15.2959947Z 
mobile	Run android-actions/setup-android@v3	2026-10-03T16:05:15.2959950Z 
mobile	Run android-actions/setup-android@v3	2026-10-03T16:05:15.2960005Z 2. Accepting the License Agreement
mobile	Run android-actions/setup-android@v3	2026-10-03T16:05:15.2960101Z 
mobile	Run android-actions/setup-android@v3	2026-10-03T16:05:15.2960308Z 2.1 In order to use the SDK, you must first agree to the License Agreement. You may not use the SDK if you do not accept the License Agreement.
mobile	Run android-actions/setup-android@v3	2026-10-03T16:05:15.2960569Z 
mobile	Run android-actions/setup-android@v3	2026-10-03T16:05:15.2960687Z 2.2 By clicking to accept, you hereby agree to the terms of the License Agreement.
mobile	Run android-actions/setup-android@v3	2026-10-03T16:05:15.2960851Z 
mobile	Run android-actions/setup-android@v3	2026-10-03T16:05:15.2961241Z 2.3 You may not use the SDK and may not accept the License Agreement if you are a person barred from receiving the SDK under the laws of the United States or other countries, including the country in which you are resident or from which you use the SDK.
mobile	Run android-actions/setup-android@v3	2026-10-03T16:05:15.2961745Z 
mobile	Run android-actions/setup-android@v3	2026-10-03T16:05:15.2980692Z 2.4 If you are agreeing to be bound by the License Agreement on behalf of your employer or other entity, you represent and warrant that you have full legal authority to bind your employer or such entity to the License Agreement. If you do not have the requisite authority, you may not accept the License Agreement or use the SDK on behalf of your employer or other entity.
mobile	Run android-actions/setup-android@v3	2026-10-03T16:05:15.2981387Z 
mobile	Run android-actions/setup-android@v3	2026-10-03T16:05:15.2981526Z 
mobile	Run android-actions/setup-android@v3	2026-10-03T16:05:15.2981591Z 3. SDK License from Google
mobile	Run android-actions/setup-android@v3	2026-10-03T16:05:15.2981684Z 
mobile	Run android-actions/setup-android@v3	2026-10-03T16:05:15.2982115Z 3.1 Subject to the terms of the License Agreement, Google grants you a limited, worldwide, royalty-free, non-assignable, non-exclusive, and non-sublicensable license to use the SDK solely to develop applications for compatible implementations of Android.
mobile	Run android-actions/setup-android@v3	2026-10-03T16:05:15.2982588Z 
mobile	Run android-actions/setup-android@v3	2026-10-03T16:05:15.2983121Z 3.2 You may not use this SDK to develop applications for other platforms (including non-compatible implementations of Android) or to develop another SDK. You are of course free to develop applications for other platforms, including non-compatible implementations of Android, provided that this SDK is not used for that purpose.
mobile	Run android-actions/setup-android@v3	2026-10-03T16:05:15.2983702Z 
mobile	Run android-actions/setup-android@v3	2026-10-03T16:05:15.2984503Z 3.3 You agree that Google or third parties own all legal right, title and interest in and to the SDK, including any Intellectual Property Rights that subsist in the SDK. "Intellectual Property Rights" means any and all rights under patent law, copyright law, trade secret law, trademark law, and any and all other proprietary rights. Google reserves all rights not expressly granted to you.
mobile	Run android-actions/setup-android@v3	2026-10-03T16:05:15.2985270Z 
mobile	Run android-actions/setup-android@v3	2026-10-03T16:05:15.2985947Z 3.4 You may not use the SDK for any purpose not expressly permitted by the License Agreement. Except to the extent required by applicable third party licenses, you may not copy (except for backup purposes), modify, adapt, redistribute, decompile, reverse engineer, disassemble, or create derivative works of the SDK or any part of the SDK.
mobile	Run android-actions/setup-android@v3	2026-10-03T16:05:15.2986553Z 
mobile	Run android-actions/setup-android@v3	2026-10-03T16:05:15.2986888Z 3.5 Use, reproduction and distribution of components of the SDK licensed under an open source software license are governed solely by the terms of that open source software license and not the License Agreement.
mobile	Run android-actions/setup-android@v3	2026-10-03T16:05:15.2987265Z 
mobile	Run android-actions/setup-android@v3	2026-10-03T16:05:15.2987946Z 3.6 You agree that the form and nature of the SDK that Google provides may change without prior notice to you and that future versions of the SDK may be incompatible with applications developed on previous versions of the SDK. You agree that Google may stop (permanently or temporarily) providing the SDK (or any features within the SDK) to you or to users generally at Google's sole discretion, without prior notice to you.
mobile	Run android-actions/setup-android@v3	2026-10-03T16:05:15.2988675Z 
mobile	Run android-actions/setup-android@v3	2026-10-03T16:05:15.2988945Z 3.7 Nothing in the License Agreement gives you a right to use any of Google's trade names, trademarks, service marks, logos, domain names, or other distinctive brand features.
mobile	Run android-actions/setup-android@v3	2026-10-03T16:05:15.2989266Z 
mobile	Run android-actions/setup-android@v3	2026-10-03T16:05:15.2989555Z 3.8 You agree that you will not remove, obscure, or alter any proprietary rights notices (including copyright and trademark notices) that may be affixed to or contained within the SDK.
mobile	Run android-actions/setup-android@v3	2026-10-03T16:05:15.2989895Z 
mobile	Run android-actions/setup-android@v3	2026-10-03T16:05:15.2989897Z 
mobile	Run android-actions/setup-android@v3	2026-10-03T16:05:15.2989950Z 4. Use of the SDK by You
mobile	Run android-actions/setup-android@v3	2026-10-03T16:05:15.2990030Z 
mobile	Run android-actions/setup-android@v3	2026-10-03T16:05:15.2990454Z 4.1 Google agrees that it obtains no right, title or interest from you (or your licensors) under the License Agreement in or to any software applications that you develop using the SDK, including any intellectual property rights that subsist in those applications.
mobile	Run android-actions/setup-android@v3	2026-10-03T16:05:15.2990954Z 
mobile	Run android-actions/setup-android@v3	2026-10-03T16:05:15.2991541Z 4.2 You agree to use the SDK and write applications only for purposes that are permitted by (a) the License Agreement and (b) any applicable law, regulation or generally accepted practices or guidelines in the relevant jurisdictions (including any laws regarding the export of data or software to and from the United States or other relevant countries).
mobile	Run android-actions/setup-android@v3	2026-10-03T16:05:15.2992171Z 
mobile	Run android-actions/setup-android@v3	2026-10-03T16:05:15.2993450Z 4.3 You agree that if you use the SDK to develop applications for general public users, you will protect the privacy and legal rights of those users. If the users provide you with user names, passwords, or other login information or personal information, you must make the users aware that the information will be available to your application, and you must provide legally adequate privacy notice and protection for those users. If your application stores personal or sensitive information provided by users, it must do so securely. If the user provides your application with Google Account information, your application may only use that information to access the user's Google Account when, and for the limited purposes for which, the user has given you permission to do so.
mobile	Run android-actions/setup-android@v3	2026-10-03T16:05:15.2994975Z 
mobile	Run android-actions/setup-android@v3	2026-10-03T16:05:15.2995551Z 4.4 You agree that you will not engage in any activity with the SDK, including the development or distribution of an application, that interferes with, disrupts, damages, or accesses in an unauthorized manner the servers, networks, or other properties or services of any third party including, but not limited to, Google or any mobile communications carrier.
mobile	Run android-actions/setup-android@v3	2026-10-03T16:05:15.2996174Z 
mobile	Run android-actions/setup-android@v3	2026-10-03T16:05:15.2996940Z 4.5 You agree that you are solely responsible for (and that Google has no responsibility to you or to any third party for) any data, content, or resources that you create, transmit or display through Android and/or applications for Android, and for the consequences of your actions (including any loss or damage which Google may suffer) by doing so.
mobile	Run android-actions/setup-android@v3	2026-10-03T16:05:15.2998050Z 
mobile	Run android-actions/setup-android@v3	2026-10-03T16:05:15.2999221Z 4.6 You agree that you are solely responsible for (and that Google has no responsibility to you or to any third party for) any breach of your obligations under the License Agreement, any applicable third party contract or Terms of Service, or any applicable law or regulation, and for the consequences (including any loss or damage which Google or any third party may suffer) of any such breach.
mobile	Run android-actions/setup-android@v3	2026-10-03T16:05:15.2999931Z 
mobile	Run android-actions/setup-android@v3	2026-10-03T16:05:15.3000911Z 4.7 This software enables the execution of intellectual property owned by Arm Limited. You agree that your use of the software, that allows execution of ARM Instruction Set Architecture (“ISA”) compliant executables for application development and debug only on x86 desktop, laptop, customer on-premise servers, and customer-procured cloud-based environments.
mobile	Run android-actions/setup-android@v3	2026-10-03T16:05:15.3001575Z 
mobile	Run android-actions/setup-android@v3	2026-10-03T16:05:15.3001636Z 5. Your Developer Credentials
mobile	Run android-actions/setup-android@v3	2026-10-03T16:05:15.3001737Z 
mobile	Run android-actions/setup-android@v3	2026-10-03T16:05:15.3002197Z 5.1 You agree that you are responsible for maintaining the confidentiality of any developer credentials that may be issued to you by Google or which you may choose yourself and that you will be solely responsible for all applications that are developed under your developer credentials.
mobile	Run android-actions/setup-android@v3	2026-10-03T16:05:15.3002703Z 
mobile	Run android-actions/setup-android@v3	2026-10-03T16:05:15.3002755Z 6. Privacy and Information
mobile	Run android-actions/setup-android@v3	2026-10-03T16:05:15.3002841Z 
mobile	Run android-actions/setup-android@v3	2026-10-03T16:05:15.3003622Z 6.1 In order to continually innovate and improve the SDK, Google may collect certain usage statistics from the software including but not limited to a unique identifier, associated IP address, version number of the software, and information on which tools and/or services in the SDK are being used and how they are being used. Before any of this information is collected, the SDK will notify you and seek your consent. If you withhold consent, the information will not be collected.
mobile	Run android-actions/setup-android@v3	2026-10-03T16:05:15.3004669Z 
mobile	Run android-actions/setup-android@v3	2026-10-03T16:05:15.3004874Z 6.2 The data collected is examined in the aggregate to improve the SDK and is maintained in accordance with Google's Privacy Policy.
mobile	Run android-actions/setup-android@v3	2026-10-03T16:05:15.3005124Z 
mobile	Run android-actions/setup-android@v3	2026-10-03T16:05:15.3005127Z 
mobile	Run android-actions/setup-android@v3	2026-10-03T16:05:15.3005180Z 7. Third Party Applications
mobile	Run android-actions/setup-android@v3	2026-10-03T16:05:15.3005272Z 
mobile	Run android-actions/setup-android@v3	2026-10-03T16:05:15.3006239Z 7.1 If you use the SDK to run applications developed by a third party or that access data, content or resources provided by a third party, you agree that Google is not responsible for those applications, data, content, or resources. You understand that all data, content or resources which you may access through such third party applications are the sole responsibility of the person from which they originated and that Google is not liable for any loss or damage that you may experience as a result of the use or access of any of those third party applications, data, content, or resources.
mobile	Run android-actions/setup-android@v3	2026-10-03T16:05:15.3007346Z 
mobile	Run android-actions/setup-android@v3	2026-10-03T16:05:15.3008134Z 7.2 You should be aware the data, content, and resources presented to you through such a third party application may be protected by intellectual property rights which are owned by the providers (or by other persons or companies on their behalf). You may not modify, rent, lease, loan, sell, distribute or create derivative works based on these data, content, or resources (either in whole or in part) unless you have been specifically given permission to do so by the relevant owners.
mobile	Run android-actions/setup-android@v3	2026-10-03T16:05:15.3008974Z 
mobile	Run android-actions/setup-android@v3	2026-10-03T16:05:15.3009413Z 7.3 You acknowledge that your use of such third party applications, data, content, or resources may be subject to separate terms between you and the relevant third party. In that case, the License Agreement does not affect your legal relationship with these third parties.
mobile	Run android-actions/setup-android@v3	2026-10-03T16:05:15.3009920Z 
mobile	Run android-actions/setup-android@v3	2026-10-03T16:05:15.3009923Z 
mobile	Run android-actions/setup-android@v3	2026-10-03T16:05:15.3009976Z 8. Using Android APIs
mobile	Run android-actions/setup-android@v3	2026-10-03T16:05:15.3010058Z 
mobile	Run android-actions/setup-android@v3	2026-10-03T16:05:15.3010108Z 8.1 Google Data APIs
mobile	Run android-actions/setup-android@v3	2026-10-03T16:05:15.3010184Z 
mobile	Run android-actions/setup-android@v3	2026-10-03T16:05:15.3011005Z 8.1.1 If you use any API to retrieve data from Google, you acknowledge that the data may be protected by intellectual property rights which are owned by Google or those parties that provide the data (or by other persons or companies on their behalf). Your use of any such API may be subject to additional Terms of Service. You may not modify, rent, lease, loan, sell, distribute or create derivative works based on this data (either in whole or in part) unless allowed by the relevant Terms of Service.
mobile	Run android-actions/setup-android@v3	2026-10-03T16:05:15.3011931Z 
mobile	Run android-actions/setup-android@v3	2026-10-03T16:05:15.3013312Z 8.1.2 If you use any API to retrieve a user's data from Google, you acknowledge and agree that you shall retrieve data only with the user's explicit consent and only when, and for the limited purposes for which, the user has given you permission to do so. If you use the Android Recognition Service API, documented at the following URL: https://developer.android.com/reference/android/speech/RecognitionService, as updated from time to time, you acknowledge that the use of the API is subject to the Data Processing Addendum for Products where Google is a Data Processor, which is located at the following URL: https://privacy.google.com/businesses/gdprprocessorterms/, as updated from time to time. By clicking to accept, you hereby agree to the terms of the Data Processing Addendum for Products where Google is a Data Processor.
mobile	Run android-actions/setup-android@v3	2026-10-03T16:05:15.3015294Z 
mobile	Run android-actions/setup-android@v3	2026-10-03T16:05:15.3015297Z 
mobile	Run android-actions/setup-android@v3	2026-10-03T16:05:15.3015358Z 9. Terminating the License Agreement
mobile	Run android-actions/setup-android@v3	2026-10-03T16:05:15.3015459Z 
mobile	Run android-actions/setup-android@v3	2026-10-03T16:05:15.3015625Z 9.1 The License Agreement will continue to apply until terminated by either you or Google as set out below.
mobile	Run android-actions/setup-android@v3	2026-10-03T16:05:15.3015841Z 
mobile	Run android-actions/setup-android@v3	2026-10-03T16:05:15.3016038Z 9.2 If you want to terminate the License Agreement, you may do so by ceasing your use of the SDK and any relevant developer credentials.
mobile	Run android-actions/setup-android@v3	2026-10-03T16:05:15.3016291Z 
mobile	Run android-actions/setup-android@v3	2026-10-03T16:05:15.3017323Z 9.3 Google may at any time, terminate the License Agreement with you if: (A) you have breached any provision of the License Agreement; or (B) Google is required to do so by law; or (C) the partner with whom Google offered certain parts of SDK (such as APIs) to you has terminated its relationship with Google or ceased to offer certain parts of the SDK to you; or (D) Google decides to no longer provide the SDK or certain parts of the SDK to users in the country in which you are resident or from which you use the service, or the provision of the SDK or certain SDK services to you by Google is, in Google's sole discretion, no longer commercially viable.
mobile	Run android-actions/setup-android@v3	2026-10-03T16:05:15.3018402Z 
mobile	Run android-actions/setup-android@v3	2026-10-03T16:05:15.3019123Z 9.4 When the License Agreement comes to an end, all of the legal rights, obligations and liabilities that you and Google have benefited from, been subject to (or which have accrued over time whilst the License Agreement has been in force) or which are expressed to continue indefinitely, shall be unaffected by this cessation, and the provisions of paragraph 14.7 shall continue to apply to such rights, obligations and liabilities indefinitely.
mobile	Run android-actions/setup-android@v3	2026-10-03T16:05:15.3019964Z 
mobile	Run android-actions/setup-android@v3	2026-10-03T16:05:15.3019967Z 
mobile	Run android-actions/setup-android@v3	2026-10-03T16:05:15.3020021Z 10. DISCLAIMER OF WARRANTIES
mobile	Run android-actions/setup-android@v3	2026-10-03T16:05:15.3020110Z 
mobile	Run android-actions/setup-android@v3	2026-10-03T16:05:15.3020385Z 10.1 YOU EXPRESSLY UNDERSTAND AND AGREE THAT YOUR USE OF THE SDK IS AT YOUR SOLE RISK AND THAT THE SDK IS PROVIDED "AS IS" AND "AS AVAILABLE" WITHOUT WARRANTY OF ANY KIND FROM GOOGLE.
mobile	Run android-actions/setup-android@v3	2026-10-03T16:05:15.3020705Z 
mobile	Run android-actions/setup-android@v3	2026-10-03T16:05:15.3021144Z 10.2 YOUR USE OF THE SDK AND ANY MATERIAL DOWNLOADED OR OTHERWISE OBTAINED THROUGH THE USE OF THE SDK IS AT YOUR OWN DISCRETION AND RISK AND YOU ARE SOLELY RESPONSIBLE FOR ANY DAMAGE TO YOUR COMPUTER SYSTEM OR OTHER DEVICE OR LOSS OF DATA THAT RESULTS FROM SUCH USE.
mobile	Run android-actions/setup-android@v3	2026-10-03T16:05:15.3021611Z 
mobile	Run android-actions/setup-android@v3	2026-10-03T16:05:15.3022025Z 10.3 GOOGLE FURTHER EXPRESSLY DISCLAIMS ALL WARRANTIES AND CONDITIONS OF ANY KIND, WHETHER EXPRESS OR IMPLIED, INCLUDING, BUT NOT LIMITED TO THE IMPLIED WARRANTIES AND CONDITIONS OF MERCHANTABILITY, FITNESS FOR A PARTICULAR PURPOSE AND NON-INFRINGEMENT.
mobile	Run android-actions/setup-android@v3	2026-10-03T16:05:15.3022568Z 
mobile	Run android-actions/setup-android@v3	2026-10-03T16:05:15.3022571Z 
mobile	Run android-actions/setup-android@v3	2026-10-03T16:05:15.3022623Z 11. LIMITATION OF LIABILITY
mobile	Run android-actions/setup-android@v3	2026-10-03T16:05:15.3022710Z 
mobile	Run android-actions/setup-android@v3	2026-10-03T16:05:15.3023420Z 11.1 YOU EXPRESSLY UNDERSTAND AND AGREE THAT GOOGLE, ITS SUBSIDIARIES AND AFFILIATES, AND ITS LICENSORS SHALL NOT BE LIABLE TO YOU UNDER ANY THEORY OF LIABILITY FOR ANY DIRECT, INDIRECT, INCIDENTAL, SPECIAL, CONSEQUENTIAL OR EXEMPLARY DAMAGES THAT MAY BE INCURRED BY YOU, INCLUDING ANY LOSS OF DATA, WHETHER OR NOT GOOGLE OR ITS REPRESENTATIVES HAVE BEEN ADVISED OF OR SHOULD HAVE BEEN AWARE OF THE POSSIBILITY OF ANY SUCH LOSSES ARISING.
mobile	Run android-actions/setup-android@v3	2026-10-03T16:05:15.3024276Z 
mobile	Run android-actions/setup-android@v3	2026-10-03T16:05:15.3024282Z 
mobile	Run android-actions/setup-android@v3	2026-10-03T16:05:15.3024327Z 12. Indemnification
mobile	Run android-actions/setup-android@v3	2026-10-03T16:05:15.3024403Z 
mobile	Run android-actions/setup-android@v3	2026-10-03T16:05:15.3025573Z 12.1 To the maximum extent permitted by law, you agree to defend, indemnify and hold harmless Google, its affiliates and their respective directors, officers, employees and agents from and against any and all claims, actions, suits or proceedings, as well as any and all losses, liabilities, damages, costs and expenses (including reasonable attorneys fees) arising out of or accruing from (a) your use of the SDK, (b) any application you develop on the SDK that infringes any copyright, trademark, trade secret, trade dress, patent or other intellectual property right of any person or defames any person or violates their rights of publicity or privacy, and (c) any non-compliance by you with the License Agreement.
mobile	Run android-actions/setup-android@v3	2026-10-03T16:05:15.3026781Z 
mobile	Run android-actions/setup-android@v3	2026-10-03T16:05:15.3026783Z 
mobile	Run android-actions/setup-android@v3	2026-10-03T16:05:15.3026841Z 13. Changes to the License Agreement
mobile	Run android-actions/setup-android@v3	2026-10-03T16:05:15.3026940Z 
mobile	Run android-actions/setup-android@v3	2026-10-03T16:05:15.3027311Z 13.1 Google may make changes to the License Agreement as it distributes new versions of the SDK. When these changes are made, Google will make a new version of the License Agreement available on the website where the SDK is made available.
mobile	Run android-actions/setup-android@v3	2026-10-03T16:05:15.3027730Z 
mobile	Run android-actions/setup-android@v3	2026-10-03T16:05:15.3027733Z 
mobile	Run android-actions/setup-android@v3	2026-10-03T16:05:15.3027782Z 14. General Legal Terms
mobile	Run android-actions/setup-android@v3	2026-10-03T16:05:15.3027866Z 
mobile	Run android-actions/setup-android@v3	2026-10-03T16:05:15.3028356Z 14.1 The License Agreement constitutes the whole legal agreement between you and Google and governs your use of the SDK (excluding any services which Google may provide to you under a separate written agreement), and completely replaces any prior agreements between you and Google in relation to the SDK.
mobile	Run android-actions/setup-android@v3	2026-10-03T16:05:15.3028887Z 
mobile	Run android-actions/setup-android@v3	2026-10-03T16:05:15.3029392Z 14.2 You agree that if Google does not exercise or enforce any legal right or remedy which is contained in the License Agreement (or which Google has the benefit of under any applicable law), this will not be taken to be a formal waiver of Google's rights and that those rights or remedies will still be available to Google.
mobile	Run android-actions/setup-android@v3	2026-10-03T16:05:15.3029942Z 
mobile	Run android-actions/setup-android@v3	2026-10-03T16:05:15.3030489Z 14.3 If any court of law, having the jurisdiction to decide on this matter, rules that any provision of the License Agreement is invalid, then that provision will be removed from the License Agreement without affecting the rest of the License Agreement. The remaining provisions of the License Agreement will continue to be valid and enforceable.
mobile	Run android-actions/setup-android@v3	2026-10-03T16:05:15.3031165Z 
mobile	Run android-actions/setup-android@v3	2026-10-03T16:05:15.3031878Z 14.4 You acknowledge and agree that each member of the group of companies of which Google is the parent shall be third party beneficiaries to the License Agreement and that such other companies shall be entitled to directly enforce, and rely upon, any provision of the License Agreement that confers a benefit on (or rights in favor of) them. Other than this, no other person or company shall be third party beneficiaries to the License Agreement.
mobile	Run android-actions/setup-android@v3	2026-10-03T16:05:15.3032637Z 
mobile	Run android-actions/setup-android@v3	2026-10-03T16:05:15.3033061Z 14.5 EXPORT RESTRICTIONS. THE SDK IS SUBJECT TO UNITED STATES EXPORT LAWS AND REGULATIONS. YOU MUST COMPLY WITH ALL DOMESTIC AND INTERNATIONAL EXPORT LAWS AND REGULATIONS THAT APPLY TO THE SDK. THESE LAWS INCLUDE RESTRICTIONS ON DESTINATIONS, END USERS AND END USE.
mobile	Run android-actions/setup-android@v3	2026-10-03T16:05:15.3033525Z 
mobile	Run android-actions/setup-android@v3	2026-10-03T16:05:15.3034233Z 14.6 The rights granted in the License Agreement may not be assigned or transferred by either you or Google without the prior written approval of the other party. Neither you nor Google shall be permitted to delegate their responsibilities or obligations under the License Agreement without the prior written approval of the other party.
mobile	Run android-actions/setup-android@v3	2026-10-03T16:05:15.3034911Z 
mobile	Run android-actions/setup-android@v3	2026-10-03T16:05:15.3035817Z 14.7 The License Agreement, and your relationship with Google under the License Agreement, shall be governed by the laws of the State of California without regard to its conflict of laws provisions. You and Google agree to submit to the exclusive jurisdiction of the courts located within the county of Santa Clara, California to resolve any legal matter arising from the License Agreement. Notwithstanding this, you agree that Google shall still be allowed to apply for injunctive remedies (or an equivalent type of urgent legal relief) in any jurisdiction.
mobile	Run android-actions/setup-android@v3	2026-10-03T16:05:15.3036770Z 
mobile	Run android-actions/setup-android@v3	2026-10-03T16:05:15.3036772Z 
mobile	Run android-actions/setup-android@v3	2026-10-03T16:05:15.3036820Z January 16, 2019
mobile	Run android-actions/setup-android@v3	2026-10-03T16:05:15.3036942Z ---------------------------------------
mobile	Run android-actions/setup-android@v3	2026-10-03T16:05:15.3037089Z Accept? (y/N): 
mobile	Run android-actions/setup-android@v3	2026-10-03T16:05:15.3037221Z 4/6: License android-sdk-preview-license:
mobile	Run android-actions/setup-android@v3	2026-10-03T16:05:15.3037383Z ---------------------------------------
mobile	Run android-actions/setup-android@v3	2026-10-03T16:05:15.3038091Z To get started with the Android SDK Preview, you must agree to the following terms and conditions. As described below, please note that this is a preview version of the Android SDK, subject to change, that you use at your own risk. The Android SDK Preview is not a stable release, and may contain errors and defects that can result in serious damage to your computer systems, devices and data.
mobile	Run android-actions/setup-android@v3	2026-10-03T16:05:15.3038752Z 
mobile	Run android-actions/setup-android@v3	2026-10-03T16:05:15.3038858Z This is the Android SDK Preview License Agreement (the "License Agreement").
mobile	Run android-actions/setup-android@v3	2026-10-03T16:05:15.3039022Z 
mobile	Run android-actions/setup-android@v3	2026-10-03T16:05:15.3039065Z 1. Introduction
mobile	Run android-actions/setup-android@v3	2026-10-03T16:05:15.3039132Z 
mobile	Run android-actions/setup-android@v3	2026-10-03T16:05:15.3039943Z 1.1 The Android SDK Preview (referred to in the License Agreement as the “Preview” and specifically including the Android system files, packaged APIs, and Preview library files, if and when they are made available) is licensed to you subject to the terms of the License Agreement. The License Agreement forms a legally binding contract between you and Google in relation to your use of the Preview.
mobile	Run android-actions/setup-android@v3	2026-10-03T16:05:15.3040642Z 
mobile	Run android-actions/setup-android@v3	2026-10-03T16:05:15.3040983Z 1.2 "Android" means the Android software stack for devices, as made available under the Android Open Source Project, which is located at the following URL: http://source.android.com/, as updated from time to time.
mobile	Run android-actions/setup-android@v3	2026-10-03T16:05:15.3041365Z 
mobile	Run android-actions/setup-android@v3	2026-10-03T16:05:15.3041607Z 1.3 "Google" means Google Inc., a Delaware corporation with principal place of business at 1600 Amphitheatre Parkway, Mountain View, CA 94043, United States.
mobile	Run android-actions/setup-android@v3	2026-10-03T16:05:15.3041993Z 
mobile	Run android-actions/setup-android@v3	2026-10-03T16:05:15.3042049Z 2. Accepting the License Agreement
mobile	Run android-actions/setup-android@v3	2026-10-03T16:05:15.3042144Z 
mobile	Run android-actions/setup-android@v3	2026-10-03T16:05:15.3042371Z 2.1 In order to use the Preview, you must first agree to the License Agreement. You may not use the Preview if you do not accept the License Agreement.
mobile	Run android-actions/setup-android@v3	2026-10-03T16:05:15.3042643Z 
mobile	Run android-actions/setup-android@v3	2026-10-03T16:05:15.3042799Z 2.2 By clicking to accept and/or using the Preview, you hereby agree to the terms of the License Agreement.
mobile	Run android-actions/setup-android@v3	2026-10-03T16:05:15.3042999Z 
mobile	Run android-actions/setup-android@v3	2026-10-03T16:05:15.3043412Z 2.3 You may not use the Preview and may not accept the License Agreement if you are a person barred from receiving the Preview under the laws of the United States or other countries including the country in which you are resident or from which you use the Preview.
mobile	Run android-actions/setup-android@v3	2026-10-03T16:05:15.3044005Z 
mobile	Run android-actions/setup-android@v3	2026-10-03T16:05:15.3044711Z 2.4 If you will use the Preview internally within your company or organization you agree to be bound by the License Agreement on behalf of your employer or other entity, and you represent and warrant that you have full legal authority to bind your employer or such entity to the License Agreement. If you do not have the requisite authority, you may not accept the License Agreement or use the Preview on behalf of your employer or other entity.
mobile	Run android-actions/setup-android@v3	2026-10-03T16:05:15.3045575Z 
mobile	Run android-actions/setup-android@v3	2026-10-03T16:05:15.3045632Z 3. Preview License from Google
mobile	Run android-actions/setup-android@v3	2026-10-03T16:05:15.3045718Z 
mobile	Run android-actions/setup-android@v3	2026-10-03T16:05:15.3046231Z 3.1 Subject to the terms of the License Agreement, Google grants you a royalty-free, non-assignable, non-exclusive, non-sublicensable, limited, revocable license to use the Preview, personally or internally within your company or organization, solely to develop applications to run on the Android platform.
mobile	Run android-actions/setup-android@v3	2026-10-03T16:05:15.3046787Z 
mobile	Run android-actions/setup-android@v3	2026-10-03T16:05:15.3047441Z 3.2 You agree that Google or third parties owns all legal right, title and interest in and to the Preview, including any Intellectual Property Rights that subsist in the Preview. "Intellectual Property Rights" means any and all rights under patent law, copyright law, trade secret law, trademark law, and any and all other proprietary rights. Google reserves all rights not expressly granted to you.
mobile	Run android-actions/setup-android@v3	2026-10-03T16:05:15.3048139Z 
mobile	Run android-actions/setup-android@v3	2026-10-03T16:05:15.3049113Z 3.3 You may not use the Preview for any purpose not expressly permitted by the License Agreement. Except to the extent required by applicable third party licenses, you may not: (a) copy (except for backup purposes), modify, adapt, redistribute, decompile, reverse engineer, disassemble, or create derivative works of the Preview or any part of the Preview; or (b) load any part of the Preview onto a mobile handset or any other hardware device except a personal computer, combine any part of the Preview with other software, or distribute any software or device incorporating a part of the Preview.
mobile	Run android-actions/setup-android@v3	2026-10-03T16:05:15.3050122Z 
mobile	Run android-actions/setup-android@v3	2026-10-03T16:05:15.3050525Z 3.4 You agree that you will not take any actions that may cause or result in the fragmentation of Android, including but not limited to distributing, participating in the creation of, or promoting in any way a software development kit derived from the Preview.
mobile	Run android-actions/setup-android@v3	2026-10-03T16:05:15.3050978Z 
mobile	Run android-actions/setup-android@v3	2026-10-03T16:05:15.3051665Z 3.5 Use, reproduction and distribution of components of the Preview licensed under an open source software license are governed solely by the terms of that open source software license and not the License Agreement. You agree to remain a licensee in good standing in regard to such open source software licenses under all the rights granted and to refrain from any actions that may terminate, suspend, or breach such rights.
mobile	Run android-actions/setup-android@v3	2026-10-03T16:05:15.3052390Z 
mobile	Run android-actions/setup-android@v3	2026-10-03T16:05:15.3053105Z 3.6 You agree that the form and nature of the Preview that Google provides may change without prior notice to you and that future versions of the Preview may be incompatible with applications developed on previous versions of the Preview. You agree that Google may stop (permanently or temporarily) providing the Preview (or any features within the Preview) to you or to users generally at Google's sole discretion, without prior notice to you.
mobile	Run android-actions/setup-android@v3	2026-10-03T16:05:15.3054233Z 
mobile	Run android-actions/setup-android@v3	2026-10-03T16:05:15.3054509Z 3.7 Nothing in the License Agreement gives you a right to use any of Google's trade names, trademarks, service marks, logos, domain names, or other distinctive brand features.
mobile	Run android-actions/setup-android@v3	2026-10-03T16:05:15.3054835Z 
mobile	Run android-actions/setup-android@v3	2026-10-03T16:05:15.3055136Z 3.8 You agree that you will not remove, obscure, or alter any proprietary rights notices (including copyright and trademark notices) that may be affixed to or contained within the Preview.
mobile	Run android-actions/setup-android@v3	2026-10-03T16:05:15.3055479Z 
mobile	Run android-actions/setup-android@v3	2026-10-03T16:05:15.3055533Z 4. Use of the Preview by You
mobile	Run android-actions/setup-android@v3	2026-10-03T16:05:15.3055621Z 
mobile	Run android-actions/setup-android@v3	2026-10-03T16:05:15.3056112Z 4.1 Google agrees that nothing in the License Agreement gives Google any right, title or interest from you (or your licensors) under the License Agreement in or to any software applications that you develop using the Preview, including any intellectual property rights that subsist in those applications.
mobile	Run android-actions/setup-android@v3	2026-10-03T16:05:15.3056654Z 
mobile	Run android-actions/setup-android@v3	2026-10-03T16:05:15.3057227Z 4.2 You agree to use the Preview and write applications only for purposes that are permitted by (a) the License Agreement, and (b) any applicable law, regulation or generally accepted practices or guidelines in the relevant jurisdictions (including any laws regarding the export of data or software to and from the United States or other relevant countries).
mobile	Run android-actions/setup-android@v3	2026-10-03T16:05:15.3057966Z 
mobile	Run android-actions/setup-android@v3	2026-10-03T16:05:15.3059153Z 4.3 You agree that if you use the Preview to develop applications, you will protect the privacy and legal rights of users. If users provide you with user names, passwords, or other login information or personal information, you must make the users aware that the information will be available to your application, and you must provide legally adequate privacy notice and protection for those users. If your application stores personal or sensitive information provided by users, it must do so securely. If users provide you with Google Account information, your application may only use that information to access the user's Google Account when, and for the limited purposes for which, each user has given you permission to do so.
mobile	Run android-actions/setup-android@v3	2026-10-03T16:05:15.3060390Z 
mobile	Run android-actions/setup-android@v3	2026-10-03T16:05:15.3060863Z 4.4 You agree that you will not engage in any activity with the Preview, including the development or distribution of an application, that interferes with, disrupts, damages, or accesses in an unauthorized manner the servers, networks, or other properties or services of Google or any third party.
mobile	Run android-actions/setup-android@v3	2026-10-03T16:05:15.3061380Z 
mobile	Run android-actions/setup-android@v3	2026-10-03T16:05:15.3061933Z 4.5 You agree that you are solely responsible for (and that Google has no responsibility to you or to any third party for) any data, content, or resources that you create, transmit or display through Android and/or applications for Android, and for the consequences of your actions (including any loss or damage which Google may suffer) by doing so.
mobile	Run android-actions/setup-android@v3	2026-10-03T16:05:15.3062531Z 
mobile	Run android-actions/setup-android@v3	2026-10-03T16:05:15.3063174Z 4.6 You agree that you are solely responsible for (and that Google has no responsibility to you or to any third party for) any breach of your obligations under the License Agreement, any applicable third party contract or Terms of Service, or any applicable law or regulation, and for the consequences (including any loss or damage which Google or any third party may suffer) of any such breach.
mobile	Run android-actions/setup-android@v3	2026-10-03T16:05:15.3063964Z 
mobile	Run android-actions/setup-android@v3	2026-10-03T16:05:15.3064744Z 4.7 The Preview is in development, and your testing and feedback are an important part of the development process. By using the Preview, you acknowledge that implementation of some features are still under development and that you should not rely on the Preview having the full functionality of a stable release. You agree not to publicly distribute or ship any application using this Preview as this Preview will no longer be supported after the official Android SDK is released.
mobile	Run android-actions/setup-android@v3	2026-10-03T16:05:15.3065559Z 
mobile	Run android-actions/setup-android@v3	2026-10-03T16:05:15.3065616Z 5. Your Developer Credentials
mobile	Run android-actions/setup-android@v3	2026-10-03T16:05:15.3065788Z 
mobile	Run android-actions/setup-android@v3	2026-10-03T16:05:15.3066242Z 5.1 You agree that you are responsible for maintaining the confidentiality of any developer credentials that may be issued to you by Google or which you may choose yourself and that you will be solely responsible for all applications that are developed under your developer credentials.
mobile	Run android-actions/setup-android@v3	2026-10-03T16:05:15.3066748Z 
mobile	Run android-actions/setup-android@v3	2026-10-03T16:05:15.3066799Z 6. Privacy and Information
mobile	Run android-actions/setup-android@v3	2026-10-03T16:05:15.3066885Z 
mobile	Run android-actions/setup-android@v3	2026-10-03T16:05:15.3067684Z 6.1 In order to continually innovate and improve the Preview, Google may collect certain usage statistics from the software including but not limited to a unique identifier, associated IP address, version number of the software, and information on which tools and/or services in the Preview are being used and how they are being used. Before any of this information is collected, the Preview will notify you and seek your consent. If you withhold consent, the information will not be collected.
mobile	Run android-actions/setup-android@v3	2026-10-03T16:05:15.3068524Z 
mobile	Run android-actions/setup-android@v3	2026-10-03T16:05:15.3068826Z 6.2 The data collected is examined in the aggregate to improve the Preview and is maintained in accordance with Google's Privacy Policy located at http://www.google.com/policies/privacy/.
mobile	Run android-actions/setup-android@v3	2026-10-03T16:05:15.3069253Z 
mobile	Run android-actions/setup-android@v3	2026-10-03T16:05:15.3069304Z 7. Third Party Applications
mobile	Run android-actions/setup-android@v3	2026-10-03T16:05:15.3069391Z 
mobile	Run android-actions/setup-android@v3	2026-10-03T16:05:15.3070344Z 7.1 If you use the Preview to run applications developed by a third party or that access data, content or resources provided by a third party, you agree that Google is not responsible for those applications, data, content, or resources. You understand that all data, content or resources which you may access through such third party applications are the sole responsibility of the person from which they originated and that Google is not liable for any loss or damage that you may experience as a result of the use or access of any of those third party applications, data, content, or resources.
mobile	Run android-actions/setup-android@v3	2026-10-03T16:05:15.3071350Z 
mobile	Run android-actions/setup-android@v3	2026-10-03T16:05:15.3072123Z 7.2 You should be aware the data, content, and resources presented to you through such a third party application may be protected by intellectual property rights which are owned by the providers (or by other persons or companies on their behalf). You may not modify, rent, lease, loan, sell, distribute or create derivative works based on these data, content, or resources (either in whole or in part) unless you have been specifically given permission to do so by the relevant owners.
mobile	Run android-actions/setup-android@v3	2026-10-03T16:05:15.3073004Z 
mobile	Run android-actions/setup-android@v3	2026-10-03T16:05:15.3073270Z 7.3 You acknowledge that your use of such third party applications, data, content, or resources may be subject to separate terms between you and the relevant third party.
mobile	Run android-actions/setup-android@v3	2026-10-03T16:05:15.3073581Z 
mobile	Run android-actions/setup-android@v3	2026-10-03T16:05:15.3073630Z 8. Using Google APIs
mobile	Run android-actions/setup-android@v3	2026-10-03T16:05:15.3073707Z 
mobile	Run android-actions/setup-android@v3	2026-10-03T16:05:15.3073754Z 8.1 Google APIs
mobile	Run android-actions/setup-android@v3	2026-10-03T16:05:15.3073938Z 
mobile	Run android-actions/setup-android@v3	2026-10-03T16:05:15.3074742Z 8.1.1 If you use any API to retrieve data from Google, you acknowledge that the data may be protected by intellectual property rights which are owned by Google or those parties that provide the data (or by other persons or companies on their behalf). Your use of any such API may be subject to additional Terms of Service. You may not modify, rent, lease, loan, sell, distribute or create derivative works based on this data (either in whole or in part) unless allowed by the relevant Terms of Service.
mobile	Run android-actions/setup-android@v3	2026-10-03T16:05:15.3075592Z 
mobile	Run android-actions/setup-android@v3	2026-10-03T16:05:15.3075997Z 8.1.2 If you use any API to retrieve a user's data from Google, you acknowledge and agree that you shall retrieve data only with the user's explicit consent and only when, and for the limited purposes for which, the user has given you permission to do so.
mobile	Run android-actions/setup-android@v3	2026-10-03T16:05:15.3076692Z 
mobile	Run android-actions/setup-android@v3	2026-10-03T16:05:15.3076752Z 9. Terminating the License Agreement
mobile	Run android-actions/setup-android@v3	2026-10-03T16:05:15.3076850Z 
mobile	Run android-actions/setup-android@v3	2026-10-03T16:05:15.3077014Z 9.1 the License Agreement will continue to apply until terminated by either you or Google as set out below.
mobile	Run android-actions/setup-android@v3	2026-10-03T16:05:15.3077226Z 
mobile	Run android-actions/setup-android@v3	2026-10-03T16:05:15.3077429Z 9.2 If you want to terminate the License Agreement, you may do so by ceasing your use of the Preview and any relevant developer credentials.
mobile	Run android-actions/setup-android@v3	2026-10-03T16:05:15.3077777Z 
mobile	Run android-actions/setup-android@v3	2026-10-03T16:05:15.3077930Z 9.3 Google may at any time, terminate the License Agreement, with or without cause, upon notice to you.
mobile	Run android-actions/setup-android@v3	2026-10-03T16:05:15.3078216Z 
mobile	Run android-actions/setup-android@v3	2026-10-03T16:05:15.3078944Z 9.4 The License Agreement will automatically terminate without notice or other action upon the earlier of: (A) when Google ceases to provide the Preview or certain parts of the Preview to users in the country in which you are resident or from which you use the service; and (B) Google issues a final release version of the Android SDK.
mobile	Run android-actions/setup-android@v3	2026-10-03T16:05:15.3079516Z 
mobile	Run android-actions/setup-android@v3	2026-10-03T16:05:15.3079899Z 9.5 When the License Agreement is terminated, the license granted to you in the License Agreement will terminate, you will immediately cease all use of the Preview, and the provisions of paragraphs 10, 11, 12 and 14 shall survive indefinitely.
mobile	Run android-actions/setup-android@v3	2026-10-03T16:05:15.3080333Z 
mobile	Run android-actions/setup-android@v3	2026-10-03T16:05:15.3080377Z 10. DISCLAIMERS
mobile	Run android-actions/setup-android@v3	2026-10-03T16:05:15.3080444Z 
mobile	Run android-actions/setup-android@v3	2026-10-03T16:05:15.3080729Z 10.1 YOU EXPRESSLY UNDERSTAND AND AGREE THAT YOUR USE OF THE PREVIEW IS AT YOUR SOLE RISK AND THAT THE PREVIEW IS PROVIDED "AS IS" AND "AS AVAILABLE" WITHOUT WARRANTY OF ANY KIND FROM GOOGLE.
mobile	Run android-actions/setup-android@v3	2026-10-03T16:05:15.3081152Z 
mobile	Run android-actions/setup-android@v3	2026-10-03T16:05:15.3082059Z 10.2 YOUR USE OF THE PREVIEW AND ANY MATERIAL DOWNLOADED OR OTHERWISE OBTAINED THROUGH THE USE OF THE PREVIEW IS AT YOUR OWN DISCRETION AND RISK AND YOU ARE SOLELY RESPONSIBLE FOR ANY DAMAGE TO YOUR COMPUTER SYSTEM OR OTHER DEVICE OR LOSS OF DATA THAT RESULTS FROM SUCH USE. WITHOUT LIMITING THE FOREGOING, YOU UNDERSTAND THAT THE PREVIEW IS NOT A STABLE RELEASE AND MAY CONTAIN ERRORS, DEFECTS AND SECURITY VULNERABILITIES THAT CAN RESULT IN SIGNIFICANT DAMAGE, INCLUDING THE COMPLETE, IRRECOVERABLE LOSS OF USE OF YOUR COMPUTER SYSTEM OR OTHER DEVICE.
mobile	Run android-actions/setup-android@v3	2026-10-03T16:05:15.3083004Z 
mobile	Run android-actions/setup-android@v3	2026-10-03T16:05:15.3083411Z 10.3 GOOGLE FURTHER EXPRESSLY DISCLAIMS ALL WARRANTIES AND CONDITIONS OF ANY KIND, WHETHER EXPRESS OR IMPLIED, INCLUDING, BUT NOT LIMITED TO THE IMPLIED WARRANTIES AND CONDITIONS OF MERCHANTABILITY, FITNESS FOR A PARTICULAR PURPOSE AND NON-INFRINGEMENT.
mobile	Run android-actions/setup-android@v3	2026-10-03T16:05:15.3084019Z 
mobile	Run android-actions/setup-android@v3	2026-10-03T16:05:15.3084097Z 11. LIMITATION OF LIABILITY
mobile	Run android-actions/setup-android@v3	2026-10-03T16:05:15.3084232Z 
mobile	Run android-actions/setup-android@v3	2026-10-03T16:05:15.3085395Z 11.1 YOU EXPRESSLY UNDERSTAND AND AGREE THAT GOOGLE, ITS SUBSIDIARIES AND AFFILIATES, AND ITS LICENSORS SHALL NOT BE LIABLE TO YOU UNDER ANY THEORY OF LIABILITY FOR ANY DIRECT, INDIRECT, INCIDENTAL, SPECIAL, CONSEQUENTIAL OR EXEMPLARY DAMAGES THAT MAY BE INCURRED BY YOU, INCLUDING ANY LOSS OF DATA, WHETHER OR NOT GOOGLE OR ITS REPRESENTATIVES HAVE BEEN ADVISED OF OR SHOULD HAVE BEEN AWARE OF THE POSSIBILITY OF ANY SUCH LOSSES ARISING.
mobile	Run android-actions/setup-android@v3	2026-10-03T16:05:15.3086395Z 
mobile	Run android-actions/setup-android@v3	2026-10-03T16:05:15.3086441Z 12. Indemnification
mobile	Run android-actions/setup-android@v3	2026-10-03T16:05:15.3086514Z 
mobile	Run android-actions/setup-android@v3	2026-10-03T16:05:15.3088281Z 12.1 To the maximum extent permitted by law, you agree to defend, indemnify and hold harmless Google, its affiliates and their respective directors, officers, employees and agents from and against any and all claims, actions, suits or proceedings, as well as any and all losses, liabilities, damages, costs and expenses (including reasonable attorneys’ fees) arising out of or accruing from (a) your use of the Preview, (b) any application you develop on the Preview that infringes any Intellectual Property Rights of any person or defames any person or violates their rights of publicity or privacy, and (c) any non-compliance by you of the License Agreement.
mobile	Run android-actions/setup-android@v3	2026-10-03T16:05:15.3089425Z 
mobile	Run android-actions/setup-android@v3	2026-10-03T16:05:15.3089485Z 13. Changes to the License Agreement
mobile	Run android-actions/setup-android@v3	2026-10-03T16:05:15.3089582Z 
mobile	Run android-actions/setup-android@v3	2026-10-03T16:05:15.3089969Z 13.1 Google may make changes to the License Agreement as it distributes new versions of the Preview. When these changes are made, Google will make a new version of the License Agreement available on the website where the Preview is made available.
mobile	Run android-actions/setup-android@v3	2026-10-03T16:05:15.3090402Z 
mobile	Run android-actions/setup-android@v3	2026-10-03T16:05:15.3090571Z 14. General Legal Terms
mobile	Run android-actions/setup-android@v3	2026-10-03T16:05:15.3090650Z 
mobile	Run android-actions/setup-android@v3	2026-10-03T16:05:15.3091157Z 14.1 the License Agreement constitutes the whole legal agreement between you and Google and governs your use of the Preview (excluding any services which Google may provide to you under a separate written agreement), and completely replaces any prior agreements between you and Google in relation to the Preview.
mobile	Run android-actions/setup-android@v3	2026-10-03T16:05:15.3091713Z 
mobile	Run android-actions/setup-android@v3	2026-10-03T16:05:15.3092225Z 14.2 You agree that if Google does not exercise or enforce any legal right or remedy which is contained in the License Agreement (or which Google has the benefit of under any applicable law), this will not be taken to be a formal waiver of Google's rights and that those rights or remedies will still be available to Google.
mobile	Run android-actions/setup-android@v3	2026-10-03T16:05:15.3092780Z 
mobile	Run android-actions/setup-android@v3	2026-10-03T16:05:15.3093334Z 14.3 If any court of law, having the jurisdiction to decide on this matter, rules that any provision of the License Agreement is invalid, then that provision will be removed from the License Agreement without affecting the rest of the License Agreement. The remaining provisions of the License Agreement will continue to be valid and enforceable.
mobile	Run android-actions/setup-android@v3	2026-10-03T16:05:15.3094152Z 
mobile	Run android-actions/setup-android@v3	2026-10-03T16:05:15.3094869Z 14.4 You acknowledge and agree that each member of the group of companies of which Google is the parent shall be third party beneficiaries to the License Agreement and that such other companies shall be entitled to directly enforce, and rely upon, any provision of the License Agreement that confers a benefit on (or rights in favor of) them. Other than this, no other person or company shall be third party beneficiaries to the License Agreement.
mobile	Run android-actions/setup-android@v3	2026-10-03T16:05:15.3095635Z 
mobile	Run android-actions/setup-android@v3	2026-10-03T16:05:15.3096078Z 14.5 EXPORT RESTRICTIONS. THE PREVIEW IS SUBJECT TO UNITED STATES EXPORT LAWS AND REGULATIONS. YOU MUST COMPLY WITH ALL DOMESTIC AND INTERNATIONAL EXPORT LAWS AND REGULATIONS THAT APPLY TO THE PREVIEW. THESE LAWS INCLUDE RESTRICTIONS ON DESTINATIONS, END USERS AND END USE.
mobile	Run android-actions/setup-android@v3	2026-10-03T16:05:15.3096570Z 
mobile	Run android-actions/setup-android@v3	2026-10-03T16:05:15.3097077Z 14.6 The License Agreement may not be assigned or transferred by you without the prior written approval of Google, and any attempted assignment without such approval will be void. You shall not delegate your responsibilities or obligations under the License Agreement without the prior written approval of Google.
mobile	Run android-actions/setup-android@v3	2026-10-03T16:05:15.3097677Z 
mobile	Run android-actions/setup-android@v3	2026-10-03T16:05:15.3098697Z 14.7 The License Agreement, and your relationship with Google under the License Agreement, shall be governed by the laws of the State of California without regard to its conflict of laws provisions. You and Google agree to submit to the exclusive jurisdiction of the courts located within the county of Santa Clara, California to resolve any legal matter arising from the License Agreement. Notwithstanding this, you agree that Google shall still be allowed to apply for injunctive remedies (or an equivalent type of urgent legal relief) in any jurisdiction.
mobile	Run android-actions/setup-android@v3	2026-10-03T16:05:15.3099646Z 
mobile	Run android-actions/setup-android@v3	2026-10-03T16:05:15.3099692Z June 2014.
mobile	Run android-actions/setup-android@v3	2026-10-03T16:05:15.3099807Z ---------------------------------------
mobile	Run android-actions/setup-android@v3	2026-10-03T16:05:15.3099949Z Accept? (y/N): 
mobile	Run android-actions/setup-android@v3	2026-10-03T16:05:15.3100073Z 5/6: License google-gdk-license:
mobile	Run android-actions/setup-android@v3	2026-10-03T16:05:15.3100217Z ---------------------------------------
mobile	Run android-actions/setup-android@v3	2026-10-03T16:05:15.3100404Z This is a Developer Preview of the GDK that is subject to change.
mobile	Run android-actions/setup-android@v3	2026-10-03T16:05:15.3100550Z 
mobile	Run android-actions/setup-android@v3	2026-10-03T16:05:15.3100599Z Terms and Conditions
mobile	Run android-actions/setup-android@v3	2026-10-03T16:05:15.3100672Z 
mobile	Run android-actions/setup-android@v3	2026-10-03T16:05:15.3100749Z This is the Glass Development Kit License Agreement.
mobile	Run android-actions/setup-android@v3	2026-10-03T16:05:15.3100870Z 
mobile	Run android-actions/setup-android@v3	2026-10-03T16:05:15.3100917Z 1. Introduction
mobile	Run android-actions/setup-android@v3	2026-10-03T16:05:15.3100983Z 
mobile	Run android-actions/setup-android@v3	2026-10-03T16:05:15.3101618Z 1.1 The Glass Development Kit (referred to in this License Agreement as the "GDK" and specifically including the Android system files, packaged APIs, and GDK library files, if and when they are made available) is licensed to you subject to the terms of this License Agreement. This License Agreement forms a legally binding contract between you and Google in relation to your use of the GDK.
mobile	Run android-actions/setup-android@v3	2026-10-03T16:05:15.3102384Z 
mobile	Run android-actions/setup-android@v3	2026-10-03T16:05:15.3102507Z 1.2 "Glass" means Glass devices and the Glass software stack for use on Glass devices.
mobile	Run android-actions/setup-android@v3	2026-10-03T16:05:15.3102683Z 
mobile	Run android-actions/setup-android@v3	2026-10-03T16:05:15.3102685Z 
mobile	Run android-actions/setup-android@v3	2026-10-03T16:05:15.3103027Z 1.3 "Android" means the Android software stack for devices, as made available under the Android Open Source Project, which is located at the following URL: http://source.android.com/, as updated from time to time.
mobile	Run android-actions/setup-android@v3	2026-10-03T16:05:15.3103406Z 
mobile	Run android-actions/setup-android@v3	2026-10-03T16:05:15.3103655Z 1.4 "Google" means Google Inc., a Delaware corporation with principal place of business at 1600 Amphitheatre Parkway, Mountain View, CA 94043, United States.
mobile	Run android-actions/setup-android@v3	2026-10-03T16:05:15.3104084Z 
mobile	Run android-actions/setup-android@v3	2026-10-03T16:05:15.3104139Z 2. Accepting this License Agreement
mobile	Run android-actions/setup-android@v3	2026-10-03T16:05:15.3104236Z 
mobile	Run android-actions/setup-android@v3	2026-10-03T16:05:15.3104447Z 2.1 In order to use the GDK, you must first agree to this License Agreement. You may not use the GDK if you do not accept this License Agreement.
mobile	Run android-actions/setup-android@v3	2026-10-03T16:05:15.3104715Z 
mobile	Run android-actions/setup-android@v3	2026-10-03T16:05:15.3104835Z 2.2 By clicking to accept, you hereby agree to the terms of this License Agreement.
mobile	Run android-actions/setup-android@v3	2026-10-03T16:05:15.3105001Z 
mobile	Run android-actions/setup-android@v3	2026-10-03T16:05:15.3105475Z 2.3 You may not use the GDK and may not accept the License Agreement if you are a person barred from receiving the GDK under the laws of the United States or other countries including the country in which you are resident or from which you use the GDK.
mobile	Run android-actions/setup-android@v3	2026-10-03T16:05:15.3105913Z 
mobile	Run android-actions/setup-android@v3	2026-10-03T16:05:15.3106498Z 2.4 If you are agreeing to be bound by this License Agreement on behalf of your employer or other entity, you represent and warrant that you have full legal authority to bind your employer or such entity to this License Agreement. If you do not have the requisite authority, you may not accept the License Agreement or use the GDK on behalf of your employer or other entity.
mobile	Run android-actions/setup-android@v3	2026-10-03T16:05:15.3107134Z 
mobile	Run android-actions/setup-android@v3	2026-10-03T16:05:15.3107188Z 3. GDK License from Google
mobile	Run android-actions/setup-android@v3	2026-10-03T16:05:15.3107270Z 
mobile	Run android-actions/setup-android@v3	2026-10-03T16:05:15.3107671Z 3.1 Subject to the terms of this License Agreement, Google grants you a limited, worldwide, royalty-free, non-assignable and non-exclusive license to use the GDK solely to develop applications to run on the Glass platform for Glass devices.
mobile	Run android-actions/setup-android@v3	2026-10-03T16:05:15.3108110Z 
mobile	Run android-actions/setup-android@v3	2026-10-03T16:05:15.3108748Z 3.2 You agree that Google or third parties own all legal right, title and interest in and to the GDK, including any Intellectual Property Rights that subsist in the GDK. "Intellectual Property Rights" means any and all rights under patent law, copyright law, trade secret law, trademark law, and any and all other proprietary rights. Google reserves all rights not expressly granted to you.
mobile	Run android-actions/setup-android@v3	2026-10-03T16:05:15.3109423Z 
mobile	Run android-actions/setup-android@v3	2026-10-03T16:05:15.3110429Z 3.3 You may not use the GDK for any purpose not expressly permitted by this License Agreement. Except to the extent required by applicable third party licenses, you may not: (a) copy (except for backup purposes), modify, adapt, redistribute, decompile, reverse engineer, disassemble, or create derivative works of the GDK or any part of the GDK; or (b) load any part of the GDK onto a mobile handset or wearable computing device or any other hardware device except a Glass device personal computer, combine any part of the GDK with other software, or distribute any software or device incorporating a part of the GDK.
mobile	Run android-actions/setup-android@v3	2026-10-03T16:05:15.3111471Z 
mobile	Run android-actions/setup-android@v3	2026-10-03T16:05:15.3111867Z 3.4 You agree that you will not take any actions that may cause or result in the fragmentation of Glass, including but not limited to distributing, participating in the creation of, or promoting in any way a software development kit derived from the GDK.
mobile	Run android-actions/setup-android@v3	2026-10-03T16:05:15.3112311Z 
mobile	Run android-actions/setup-android@v3	2026-10-03T16:05:15.3112642Z 3.5 Use, reproduction and distribution of components of the GDK licensed under an open source software license are governed solely by the terms of that open source software license and not this License Agreement.
mobile	Run android-actions/setup-android@v3	2026-10-03T16:05:15.3113023Z 
mobile	Run android-actions/setup-android@v3	2026-10-03T16:05:15.3113698Z 3.6 You agree that the form and nature of the GDK that Google provides may change without prior notice to you and that future versions of the GDK may be incompatible with applications developed on previous versions of the GDK. You agree that Google may stop (permanently or temporarily) providing the GDK (or any features within the GDK) to you or to users generally at Google's sole discretion, without prior notice to you.
mobile	Run android-actions/setup-android@v3	2026-10-03T16:05:15.3114620Z 
mobile	Run android-actions/setup-android@v3	2026-10-03T16:05:15.3114897Z 3.7 Nothing in this License Agreement gives you a right to use any of Google's trade names, trademarks, service marks, logos, domain names, or other distinctive brand features.
mobile	Run android-actions/setup-android@v3	2026-10-03T16:05:15.3115216Z 
mobile	Run android-actions/setup-android@v3	2026-10-03T16:05:15.3115504Z 3.8 You agree that you will not remove, obscure, or alter any proprietary rights notices (including copyright and trademark notices) that may be affixed to or contained within the GDK.
mobile	Run android-actions/setup-android@v3	2026-10-03T16:05:15.3115848Z 
mobile	Run android-actions/setup-android@v3	2026-10-03T16:05:15.3115850Z 
mobile	Run android-actions/setup-android@v3	2026-10-03T16:05:15.3116821Z 3.9 Your use of any Android system files, packaged APIs, or other components of the GDK which are part of the Android Software Development Kit is subject to the terms of the Android Software Development Kit License Agreement located at http://developer.android.com/sdk/terms.html. These terms are hereby incorporated by reference into this License Agreement.
mobile	Run android-actions/setup-android@v3	2026-10-03T16:05:15.3117922Z 
mobile	Run android-actions/setup-android@v3	2026-10-03T16:05:15.3117978Z 4. Use of the GDK by You
mobile	Run android-actions/setup-android@v3	2026-10-03T16:05:15.3118057Z 
mobile	Run android-actions/setup-android@v3	2026-10-03T16:05:15.3118484Z 4.1 Google agrees that it obtains no right, title or interest from you (or your licensors) under this License Agreement in or to any software applications that you develop using the GDK, including any intellectual property rights that subsist in those applications.
mobile	Run android-actions/setup-android@v3	2026-10-03T16:05:15.3118953Z 
mobile	Run android-actions/setup-android@v3	2026-10-03T16:05:15.3119820Z 4.2 You agree to use the GDK and write applications only for purposes that are permitted by (a) this License Agreement, (b) the Glass Platform Developer Policies (located at https://developers.google.com/glass/policies, and hereby incorporated into this License Agreement by reference), and (c) any applicable law, regulation or generally accepted practices or guidelines in the relevant jurisdictions (including any laws regarding the export of data or software to and from the United States or other relevant countries).
mobile	Run android-actions/setup-android@v3	2026-10-03T16:05:15.3120731Z 
mobile	Run android-actions/setup-android@v3	2026-10-03T16:05:15.3122049Z 4.3 You agree that if you use the GDK to develop applications for general public users, you will protect the privacy and legal rights of those users. If the users provide you with user names, passwords, or other login information or personal information, you must make the users aware that the information will be available to your application, and you must provide legally adequate privacy notice and protection for those users. If your application stores personal or sensitive information provided by users, it must do so securely. If the user provides your application with Google Account information, your application may only use that information to access the user's Google Account when, and for the limited purposes for which, the user has given you permission to do so.
mobile	Run android-actions/setup-android@v3	2026-10-03T16:05:15.3123389Z 
mobile	Run android-actions/setup-android@v3	2026-10-03T16:05:15.3124056Z 4.4 You agree that you will not engage in any activity with the GDK, including the development or distribution of an application, that interferes with, disrupts, damages, or accesses in an unauthorized manner the servers, networks, or other properties or services of any third party including, but not limited to, Google.
mobile	Run android-actions/setup-android@v3	2026-10-03T16:05:15.3124625Z 
mobile	Run android-actions/setup-android@v3	2026-10-03T16:05:15.3125176Z 4.5 You agree that you are solely responsible for (and that Google has no responsibility to you or to any third party for) any data, content, or resources that you create, transmit or display through Glass and/or applications for Glass, and for the consequences of your actions (including any loss or damage which Google may suffer) by doing so.
mobile	Run android-actions/setup-android@v3	2026-10-03T16:05:15.3125773Z 
mobile	Run android-actions/setup-android@v3	2026-10-03T16:05:15.3126399Z 4.6 You agree that you are solely responsible for (and that Google has no responsibility to you or to any third party for) any breach of your obligations under this License Agreement, any applicable third party contract or Terms of Service, or any applicable law or regulation, and for the consequences (including any loss or damage which Google or any third party may suffer) of any such breach.
mobile	Run android-actions/setup-android@v3	2026-10-03T16:05:15.3127170Z 
mobile	Run android-actions/setup-android@v3	2026-10-03T16:05:15.3127172Z 
mobile	Run android-actions/setup-android@v3	2026-10-03T16:05:15.3127778Z 4.7 The GDK is in development, and your testing and feedback are an important part of the development process. By using the GDK, you acknowledge that implementation of some features are still under development and that you should not rely on the GDK, Glass devices, Glass system software, Google Mirror API, or Glass services having the full functionality of a stable release.
mobile	Run android-actions/setup-android@v3	2026-10-03T16:05:15.3128423Z 
mobile	Run android-actions/setup-android@v3	2026-10-03T16:05:15.3128478Z 5. Your Developer Credentials
mobile	Run android-actions/setup-android@v3	2026-10-03T16:05:15.3128570Z 
mobile	Run android-actions/setup-android@v3	2026-10-03T16:05:15.3129026Z 5.1 You agree that you are responsible for maintaining the confidentiality of any developer credentials that may be issued to you by Google or which you may choose yourself and that you will be solely responsible for all applications that are developed under your developer credentials.
mobile	Run android-actions/setup-android@v3	2026-10-03T16:05:15.3129621Z 
mobile	Run android-actions/setup-android@v3	2026-10-03T16:05:15.3129674Z 6. Privacy and Information
mobile	Run android-actions/setup-android@v3	2026-10-03T16:05:15.3129756Z 
mobile	Run android-actions/setup-android@v3	2026-10-03T16:05:15.3129759Z 
mobile	Run android-actions/setup-android@v3	2026-10-03T16:05:15.3130537Z 6.1 In order to continually innovate and improve the GDK, Google may collect certain usage statistics from the software including but not limited to a unique identifier, associated IP address, version number of the software, and information on which tools and/or services in the GDK are being used and how they are being used. Before any of this information is collected, the GDK will notify you and seek your consent. If you withhold consent, the information will not be collected.
mobile	Run android-actions/setup-android@v3	2026-10-03T16:05:15.3131352Z 
mobile	Run android-actions/setup-android@v3	2026-10-03T16:05:15.3131549Z 6.2 The data collected is examined in the aggregate to improve the GDK and is maintained in accordance with Google's Privacy Policy.
mobile	Run android-actions/setup-android@v3	2026-10-03T16:05:15.3131799Z 
mobile	Run android-actions/setup-android@v3	2026-10-03T16:05:15.3131850Z 7. Third Party Applications
mobile	Run android-actions/setup-android@v3	2026-10-03T16:05:15.3131938Z 
mobile	Run android-actions/setup-android@v3	2026-10-03T16:05:15.3132899Z 7.1 If you use the GDK to run applications developed by a third party or that access data, content or resources provided by a third party, you agree that Google is not responsible for those applications, data, content, or resources. You understand that all data, content or resources which you may access through such third party applications are the sole responsibility of the person from which they originated and that Google is not liable for any loss or damage that you may experience as a result of the use or access of any of those third party applications, data, content, or resources.
mobile	Run android-actions/setup-android@v3	2026-10-03T16:05:15.3134062Z 
mobile	Run android-actions/setup-android@v3	2026-10-03T16:05:15.3134847Z 7.2 You should be aware the data, content, and resources presented to you through such a third party application may be protected by intellectual property rights which are owned by the providers (or by other persons or companies on their behalf). You may not modify, rent, lease, loan, sell, distribute or create derivative works based on these data, content, or resources (either in whole or in part) unless you have been specifically given permission to do so by the relevant owners.
mobile	Run android-actions/setup-android@v3	2026-10-03T16:05:15.3135679Z 
mobile	Run android-actions/setup-android@v3	2026-10-03T16:05:15.3136114Z 7.3 You acknowledge that your use of such third party applications, data, content, or resources may be subject to separate terms between you and the relevant third party. In that case, this License Agreement does not affect your legal relationship with these third parties.
mobile	Run android-actions/setup-android@v3	2026-10-03T16:05:15.3136775Z 
mobile	Run android-actions/setup-android@v3	2026-10-03T16:05:15.3136825Z 8. Using Google APIs
mobile	Run android-actions/setup-android@v3	2026-10-03T16:05:15.3136900Z 
mobile	Run android-actions/setup-android@v3	2026-10-03T16:05:15.3136948Z 8.1 Google APIs
mobile	Run android-actions/setup-android@v3	2026-10-03T16:05:15.3137014Z 
mobile	Run android-actions/setup-android@v3	2026-10-03T16:05:15.3137809Z 8.1.1 If you use any API to retrieve data from Google, you acknowledge that the data may be protected by intellectual property rights which are owned by Google or those parties that provide the data (or by other persons or companies on their behalf). Your use of any such API may be subject to additional Terms of Service. You may not modify, rent, lease, loan, sell, distribute or create derivative works based on this data (either in whole or in part) unless allowed by the relevant Terms of Service.
mobile	Run android-actions/setup-android@v3	2026-10-03T16:05:15.3138752Z 
mobile	Run android-actions/setup-android@v3	2026-10-03T16:05:15.3139149Z 8.1.2 If you use any API to retrieve a user's data from Google, you acknowledge and agree that you shall retrieve data only with the user's explicit consent and only when, and for the limited purposes for which, the user has given you permission to do so.
mobile	Run android-actions/setup-android@v3	2026-10-03T16:05:15.3139586Z 
mobile	Run android-actions/setup-android@v3	2026-10-03T16:05:15.3139647Z 9. Terminating this License Agreement
mobile	Run android-actions/setup-android@v3	2026-10-03T16:05:15.3139750Z 
mobile	Run android-actions/setup-android@v3	2026-10-03T16:05:15.3139913Z 9.1 This License Agreement will continue to apply until terminated by either you or Google as set out below.
mobile	Run android-actions/setup-android@v3	2026-10-03T16:05:15.3140128Z 
mobile	Run android-actions/setup-android@v3	2026-10-03T16:05:15.3140325Z 9.2 If you want to terminate this License Agreement, you may do so by ceasing your use of the GDK and any relevant developer credentials.
mobile	Run android-actions/setup-android@v3	2026-10-03T16:05:15.3140575Z 
mobile	Run android-actions/setup-android@v3	2026-10-03T16:05:15.3141619Z 9.3 Google may at any time, terminate this License Agreement with you if: (A) you have breached any provision of this License Agreement; or (B) Google is required to do so by law; or (C) the partner with whom Google offered certain parts of GDK (such as APIs) to you has terminated its relationship with Google or ceased to offer certain parts of the GDK to you; or (D) Google decides to no longer provide the GDK or certain parts of the GDK to users in the country in which you are resident or from which you use the service, or the provision of the GDK or certain GDK services to you by Google is, in Google's sole discretion, no longer commercially viable.
mobile	Run android-actions/setup-android@v3	2026-10-03T16:05:15.3142773Z 
mobile	Run android-actions/setup-android@v3	2026-10-03T16:05:15.3143497Z 9.4 When this License Agreement comes to an end, all of the legal rights, obligations and liabilities that you and Google have benefited from, been subject to (or which have accrued over time whilst this License Agreement has been in force) or which are expressed to continue indefinitely, shall be unaffected by this cessation, and the provisions of paragraph 14.7 shall continue to apply to such rights, obligations and liabilities indefinitely.
mobile	Run android-actions/setup-android@v3	2026-10-03T16:05:15.3144441Z 
mobile	Run android-actions/setup-android@v3	2026-10-03T16:05:15.3144498Z 10. DISCLAIMER OF WARRANTIES
mobile	Run android-actions/setup-android@v3	2026-10-03T16:05:15.3144585Z 
mobile	Run android-actions/setup-android@v3	2026-10-03T16:05:15.3144861Z 10.1 YOU EXPRESSLY UNDERSTAND AND AGREE THAT YOUR USE OF THE GDK IS AT YOUR SOLE RISK AND THAT THE GDK IS PROVIDED "AS IS" AND "AS AVAILABLE" WITHOUT WARRANTY OF ANY KIND FROM GOOGLE.
mobile	Run android-actions/setup-android@v3	2026-10-03T16:05:15.3145178Z 
mobile	Run android-actions/setup-android@v3	2026-10-03T16:05:15.3145597Z 10.2 YOUR USE OF THE GDK AND ANY MATERIAL DOWNLOADED OR OTHERWISE OBTAINED THROUGH THE USE OF THE GDK IS AT YOUR OWN DISCRETION AND RISK AND YOU ARE SOLELY RESPONSIBLE FOR ANY DAMAGE TO YOUR COMPUTER SYSTEM OR OTHER DEVICE OR LOSS OF DATA THAT RESULTS FROM SUCH USE.
mobile	Run android-actions/setup-android@v3	2026-10-03T16:05:15.3146062Z 
mobile	Run android-actions/setup-android@v3	2026-10-03T16:05:15.3146478Z 10.3 GOOGLE FURTHER EXPRESSLY DISCLAIMS ALL WARRANTIES AND CONDITIONS OF ANY KIND, WHETHER EXPRESS OR IMPLIED, INCLUDING, BUT NOT LIMITED TO THE IMPLIED WARRANTIES AND CONDITIONS OF MERCHANTABILITY, FITNESS FOR A PARTICULAR PURPOSE AND NON-INFRINGEMENT.
mobile	Run android-actions/setup-android@v3	2026-10-03T16:05:15.3146948Z 
mobile	Run android-actions/setup-android@v3	2026-10-03T16:05:15.3147005Z 11. LIMITATION OF LIABILITY
mobile	Run android-actions/setup-android@v3	2026-10-03T16:05:15.3147090Z 
mobile	Run android-actions/setup-android@v3	2026-10-03T16:05:15.3147802Z 11.1 YOU EXPRESSLY UNDERSTAND AND AGREE THAT GOOGLE, ITS SUBSIDIARIES AND AFFILIATES, AND ITS LICENSORS SHALL NOT BE LIABLE TO YOU UNDER ANY THEORY OF LIABILITY FOR ANY DIRECT, INDIRECT, INCIDENTAL, SPECIAL, CONSEQUENTIAL OR EXEMPLARY DAMAGES THAT MAY BE INCURRED BY YOU, INCLUDING ANY LOSS OF DATA, WHETHER OR NOT GOOGLE OR ITS REPRESENTATIVES HAVE BEEN ADVISED OF OR SHOULD HAVE BEEN AWARE OF THE POSSIBILITY OF ANY SUCH LOSSES ARISING.
mobile	Run android-actions/setup-android@v3	2026-10-03T16:05:15.3148558Z 
mobile	Run android-actions/setup-android@v3	2026-10-03T16:05:15.3148608Z 12. Indemnification
mobile	Run android-actions/setup-android@v3	2026-10-03T16:05:15.3148679Z 
mobile	Run android-actions/setup-android@v3	2026-10-03T16:05:15.3149872Z 12.1 To the maximum extent permitted by law, you agree to defend, indemnify and hold harmless Google, its affiliates and their respective directors, officers, employees and agents from and against any and all claims, actions, suits or proceedings, as well as any and all losses, liabilities, damages, costs and expenses (including reasonable attorneys fees) arising out of or accruing from (a) your use of the GDK, (b) any application you develop on the GDK that infringes any copyright, trademark, trade secret, trade dress, patent or other intellectual property right of any person or defames any person or violates their rights of publicity or privacy, and (c) any non-compliance by you with this License Agreement.
mobile	Run android-actions/setup-android@v3	2026-10-03T16:05:15.3151219Z 
mobile	Run android-actions/setup-android@v3	2026-10-03T16:05:15.3151279Z 13. Changes to the License Agreement
mobile	Run android-actions/setup-android@v3	2026-10-03T16:05:15.3151373Z 
mobile	Run android-actions/setup-android@v3	2026-10-03T16:05:15.3151748Z 13.1 Google may make changes to the License Agreement as it distributes new versions of the GDK. When these changes are made, Google will make a new version of the License Agreement available on the website where the GDK is made available.
mobile	Run android-actions/setup-android@v3	2026-10-03T16:05:15.3152173Z 
mobile	Run android-actions/setup-android@v3	2026-10-03T16:05:15.3152224Z 14. General Legal Terms
mobile	Run android-actions/setup-android@v3	2026-10-03T16:05:15.3152302Z 
mobile	Run android-actions/setup-android@v3	2026-10-03T16:05:15.3152794Z 14.1 This License Agreement constitutes the whole legal agreement between you and Google and governs your use of the GDK (excluding any services which Google may provide to you under a separate written agreement), and completely replaces any prior agreements between you and Google in relation to the GDK.
mobile	Run android-actions/setup-android@v3	2026-10-03T16:05:15.3153420Z 
mobile	Run android-actions/setup-android@v3	2026-10-03T16:05:15.3154034Z 14.2 You agree that if Google does not exercise or enforce any legal right or remedy which is contained in this License Agreement (or which Google has the benefit of under any applicable law), this will not be taken to be a formal waiver of Google's rights and that those rights or remedies will still be available to Google.
mobile	Run android-actions/setup-android@v3	2026-10-03T16:05:15.3154591Z 
mobile	Run android-actions/setup-android@v3	2026-10-03T16:05:15.3155152Z 14.3 If any court of law, having the jurisdiction to decide on this matter, rules that any provision of this License Agreement is invalid, then that provision will be removed from this License Agreement without affecting the rest of this License Agreement. The remaining provisions of this License Agreement will continue to be valid and enforceable.
mobile	Run android-actions/setup-android@v3	2026-10-03T16:05:15.3155768Z 
mobile	Run android-actions/setup-android@v3	2026-10-03T16:05:15.3156588Z 14.4 You acknowledge and agree that each member of the group of companies of which Google is the parent shall be third party beneficiaries to this License Agreement and that such other companies shall be entitled to directly enforce, and rely upon, any provision of this License Agreement that confers a benefit on (or rights in favor of) them. Other than this, no other person or company shall be third party beneficiaries to this License Agreement.
mobile	Run android-actions/setup-android@v3	2026-10-03T16:05:15.3157822Z 
mobile	Run android-actions/setup-android@v3	2026-10-03T16:05:15.3158255Z 14.5 EXPORT RESTRICTIONS. THE GDK IS SUBJECT TO UNITED STATES EXPORT LAWS AND REGULATIONS. YOU MUST COMPLY WITH ALL DOMESTIC AND INTERNATIONAL EXPORT LAWS AND REGULATIONS THAT APPLY TO THE GDK. THESE LAWS INCLUDE RESTRICTIONS ON DESTINATIONS, END USERS AND END USE.
mobile	Run android-actions/setup-android@v3	2026-10-03T16:05:15.3158728Z 
mobile	Run android-actions/setup-android@v3	2026-10-03T16:05:15.3159286Z 14.6 The rights granted in this License Agreement may not be assigned or transferred by either you or Google without the prior written approval of the other party. Neither you nor Google shall be permitted to delegate their responsibilities or obligations under this License Agreement without the prior written approval of the other party.
mobile	Run android-actions/setup-android@v3	2026-10-03T16:05:15.3159893Z 
mobile	Run android-actions/setup-android@v3	2026-10-03T16:05:15.3160815Z 14.7 This License Agreement, and your relationship with Google under this License Agreement, shall be governed by the laws of the State of California without regard to its conflict of laws provisions. You and Google agree to submit to the exclusive jurisdiction of the courts located within the county of Santa Clara, California to resolve any legal matter arising from this License Agreement. Notwithstanding this, you agree that Google shall still be allowed to apply for injunctive remedies (or an equivalent type of urgent legal relief) in any jurisdiction.
mobile	Run android-actions/setup-android@v3	2026-10-03T16:05:15.3161878Z 
mobile	Run android-actions/setup-android@v3	2026-10-03T16:05:15.3161930Z November 19, 2013
mobile	Run android-actions/setup-android@v3	2026-10-03T16:05:15.3162053Z ---------------------------------------
mobile	Run android-actions/setup-android@v3	2026-10-03T16:05:15.3162197Z Accept? (y/N): 
mobile	Run android-actions/setup-android@v3	2026-10-03T16:05:15.3162334Z 6/6: License mips-android-sysimage-license:
mobile	Run android-actions/setup-android@v3	2026-10-03T16:05:15.3162501Z ---------------------------------------
mobile	Run android-actions/setup-android@v3	2026-10-03T16:05:15.3163600Z MIPS Technologies, Inc. (“MIPS”) Internal Evaluation License Agreement for MIPS Android™ System Images for Android Software Development Kit (SDK): This Internal Evaluation License Agreement (this "Agreement") is entered into by and between MIPS and you (as an individual developer or a legal entity -- identified below as “Recipient”). MIPS shall make the Evaluation Software available to Recipient as described in accordance with the terms and conditions set forth below.
mobile	Run android-actions/setup-android@v3	2026-10-03T16:05:15.3164608Z 
mobile	Run android-actions/setup-android@v3	2026-10-03T16:05:15.3165627Z By clicking on the “Accept” button, downloading, installing, or otherwise using the Evaluation Materials (defined below), you agree to be bound by the terms of this Agreement effective as of the date you click “Accept” (the “Effective Date”), and if doing so on behalf of an entity, you represent that you are authorized to bind the entity to the terms and conditions of this Agreement. If you do not agree to be bound by the terms and conditions of this Agreement, do not download, install, or use the Evaluation Materials.
mobile	Run android-actions/setup-android@v3	2026-10-03T16:05:15.3166631Z 
mobile	Run android-actions/setup-android@v3	2026-10-03T16:05:15.3166721Z 1. DEFINITIONS. These terms shall have the following meanings:
mobile	Run android-actions/setup-android@v3	2026-10-03T16:05:15.3166867Z 
mobile	Run android-actions/setup-android@v3	2026-10-03T16:05:15.3167171Z 1.1 “MIPS” shall mean MIPS Technologies, Inc., a Delaware corporation having a principal place of business at: 955 East Arques Ave., Sunnyvale, CA 94085
mobile	Run android-actions/setup-android@v3	2026-10-03T16:05:15.3167459Z 
mobile	Run android-actions/setup-android@v3	2026-10-03T16:05:15.3167757Z 1.2 “Evaluation Software” shall mean MIPS Android™ emulator system images for Android Software Development Kit (SDK), as made available to Recipient.
mobile	Run android-actions/setup-android@v3	2026-10-03T16:05:15.3168041Z 
mobile	Run android-actions/setup-android@v3	2026-10-03T16:05:15.3168663Z 1.3 “Evaluation Materials" means, collectively, the Evaluation Software (in source and/or object code form) and documentation (including, without limitation, any design documents, specifications, reference manuals, and other related materials) related to the Evaluation Software as made available to Recipient.
mobile	Run android-actions/setup-android@v3	2026-10-03T16:05:15.3169234Z 
mobile	Run android-actions/setup-android@v3	2026-10-03T16:05:15.3171192Z 1.4 “Open Source Software” means any software that requires (as a condition of use, modification and/or distribution of such software) that such software or other software incorporated into, derived from or distributed with such software (a) be disclosed or distributed in source code form; or (b) be licensed by the user to third parties for the purpose of making and/or distributing derivative works; or (c) be redistributable at no charge. Open Source Software includes, without limitation, software licensed or distributed under any of the following licenses or distribution models, or licenses or distribution models substantially similar to any of the following: (a) GNU’s General Public License (GPL) or Lesser/Library GPL (LGPL), (b) the Artistic License (e.g., PERL), (c) the Mozilla Public License, (d) the Netscape Public License, (e) the Sun Community Source License (SCSL), (f) the Sun Industry Source License (SISL), (g) the Apache Software license and (h) the Common Public License (CPL).
mobile	Run android-actions/setup-android@v3	2026-10-03T16:05:15.3172863Z 
mobile	Run android-actions/setup-android@v3	2026-10-03T16:05:15.3173448Z 1.5 “Pre-Release Materials” means “alpha” or “beta” designated pre-release features, which may not be fully functional, which MIPS may substantially modify in producing any production version of the Evaluation Materials, and/or which is still under development by MIPS and/or MIPS’ suppliers.
mobile	Run android-actions/setup-android@v3	2026-10-03T16:05:15.3174087Z 
mobile	Run android-actions/setup-android@v3	2026-10-03T16:05:15.3175041Z 2. PURPOSE. MIPS desires to make the Evaluation Materials available to Recipient solely for Recipient's internal evaluation of the Evaluation Software to evaluate the desirability of cooperating with MIPS in developing products that are compatible with the Evaluation Software and/or to advise MIPS as to possible modifications to the Evaluation Software. Recipient may not disclose, distribute, modify (except to facilitate the above-mentioned internal evaluation), or make commercial use of the Evaluation Materials or any modifications of the Evaluation Materials.
mobile	Run android-actions/setup-android@v3	2026-10-03T16:05:15.3176114Z 
mobile	Run android-actions/setup-android@v3	2026-10-03T16:05:15.3176835Z THE EVALUATION MATERIALS ARE PROVIDED FOR EVALUATION PURPOSES ONLY AND MAY NOT BE MODIFIED (EXCEPT TO FACILITATE THE INTERNAL EVALUATION) OR DISTRIBUTED BY RECIPIENT OR INCORPORATED INTO RECIPIENT’S PRODUCTS OR SOFTWARE. PLEASE CONTACT A MIPS SALES REPRESENTATIVE TO LEARN ABOUT THE AVAILABILITY AND COST OF A COMMERCIAL VERSION OF THE EVALUATION SOFTWARE.
mobile	Run android-actions/setup-android@v3	2026-10-03T16:05:15.3177636Z 
mobile	Run android-actions/setup-android@v3	2026-10-03T16:05:15.3178427Z 3. TITLE. Title to the Evaluation Materials remains with MIPS or its suppliers. Recipient shall not mortgage, pledge or encumber the Evaluation Materials in any way. Recipient shall return all Evaluation Materials, keeping no copies, upon termination or expiration of this Agreement.
mobile	Run android-actions/setup-android@v3	2026-10-03T16:05:15.3179297Z 
mobile	Run android-actions/setup-android@v3	2026-10-03T16:05:15.3182743Z 4. LICENSE. MIPS grants Recipient a royalty-free, personal, nontransferable, nonexclusive license under its copyrights to use the Evaluation Software only for the purposes described in paragraph 2 above and only for a period beginning on the Effective Date and extending to the first anniversary of the Effective Date (the “Evaluation Period”). Unless otherwise communicated in writing by MIPS to Recipient, to the extent the Evaluation Software is provided in more than one delivery or release (each, a “Release”) the license grant in this Section 4 and the Evaluation Period shall apply to each Release, in which case the Evaluation Period shall begin on the date that the Release is made generally available and continue to the first anniversary of such date. Recipient may not make modifications to the Evaluation Software. Recipient shall not disassemble, reverse-engineer, or decompile any software that is not provided to Recipient in source code form.
mobile	Run android-actions/setup-android@v3	2026-10-03T16:05:15.3185993Z 
mobile	Run android-actions/setup-android@v3	2026-10-03T16:05:15.3185999Z 
mobile	Run android-actions/setup-android@v3	2026-10-03T16:05:15.3186941Z EXCEPT AS PROVIDED HEREIN, NO OTHER LICENSE, EXPRESS OR IMPLIED, BY ESTOPPEL OR OTHERWISE, TO ANY OTHER MIPS INTELLECTUAL PROPERTY RIGHTS IS GRANTED TO THE RECIPIENT. OTHER THAN AS EXPLICITLY SET FORTH IN PARAGRAPH 2 ABOVE, NO RIGHT TO COPY, TO REPRODUCE, TO MODIFY, OR TO CREATE DERIVATIVE WORKS OF, THE EVALUATION MATERIALS IS GRANTED HEREIN.
mobile	Run android-actions/setup-android@v3	2026-10-03T16:05:15.3187973Z 
mobile	Run android-actions/setup-android@v3	2026-10-03T16:05:15.3188684Z 5. NO OBLIGATION. Recipient shall have no duty to purchase or license any product from MIPS. MIPS and its suppliers shall have no obligation to provide support for, or develop a non-evaluation version of, the Evaluation Software or to license any version of it.
mobile	Run android-actions/setup-android@v3	2026-10-03T16:05:15.3189472Z 
mobile	Run android-actions/setup-android@v3	2026-10-03T16:05:15.3192673Z 6. MODIFICATIONS. This Agreement does not obligate Recipient to provide MIPS with comments or suggestions regarding Evaluation Materials. However, should Recipient provide MIPS with comments or suggestions for the modification, correction, improvement or enhancement of (a) the Evaluation Materials or (b) MIPS products or processes which may embody the Evaluation Materials, then Recipient agrees to grant and hereby grants to MIPS a non-exclusive, irrevocable, worldwide, fully paid-up, royalty-free license, with the right to sublicense MIPS’ licensees and customers, under Recipient’s Intellectual property rights, to use and disclose such comments and suggestions in any manner MIPS chooses and to display, perform, copy, make, have made, use, sell, offer to sell, import, and otherwise dispose of MIPS’ and its sublicensee’s products embodying such comments and suggestions in any manner and via any media MIPS chooses, without reference to the source.
mobile	Run android-actions/setup-android@v3	2026-10-03T16:05:15.3194490Z 
mobile	Run android-actions/setup-android@v3	2026-10-03T16:05:15.3195365Z 7. WARRANTY DISCLAIMER. MIPS AND ITS SUPPLIERS MAKE NO WARRANTIES WITH RESPECT TO EVALUATION MATERIALS, EITHER EXPRESS OR IMPLIED, INCLUDING ANY IMPLIED WARRANTIES OF MERCHANTABILITY OR FITNESS FOR A PARTICULAR PURPOSE, OR ANY IMPLIED WARRANTY OF NONINFRINGEMENT WITH RESPECT TO THIRD PARTY INTELLECTUAL PROPERTY. RECIPIENT ACKNOWLEDGES AND AGREES THAT THE EVALUATION MATERIALS ARE PROVIDED “AS IS,” WITHOUT WARRANTY OF ANY KIND.
mobile	Run android-actions/setup-android@v3	2026-10-03T16:05:15.3196264Z 
mobile	Run android-actions/setup-android@v3	2026-10-03T16:05:15.3197222Z 8. LIMITATION OF LIABILITY. MIPS AND ITS SUPPLIERS SHALL NOT BE LIABLE FOR ANY PROPERTY DAMAGE, PERSONAL INJURY, LOSS OF PROFITS, INTERRUPTION OF BUSINESS OR FOR ANY DIRECT, INDIRECT, SPECIAL, CONSEQUENTIAL OR INCIDENTAL DAMAGES, HOWEVER CAUSED OR ALLEGED, WHETHER FOR BREACH OF WARRANTY, CONTRACT, STRICT LIABILITY OR OTHERWISE, INCLUDING WITHOUT LIMITATION, UNDER TORT OR OTHER LEGAL THEORY. MIPS AND ITS SUPPLIERS DISCLAIM ANY AND ALL LIABILITY, INCLUDING LIABILITY FOR INFRINGEMENT OF ANY INTELLECTUAL PROPERTY RIGHTS OF ANY KIND RELATING TO THE EVALUATION MATERIALS.
mobile	Run android-actions/setup-android@v3	2026-10-03T16:05:15.3198217Z 
mobile	Run android-actions/setup-android@v3	2026-10-03T16:05:15.3198591Z 9. EXPIRATION. MIPS may terminate this Agreement immediately after a breach by Recipient or otherwise at MIPS’ reasonable discretion and upon five (5) business days’ notice to Recipient.
mobile	Run android-actions/setup-android@v3	2026-10-03T16:05:15.3198945Z 
mobile	Run android-actions/setup-android@v3	2026-10-03T16:05:15.3198999Z 10. GENERAL.
mobile	Run android-actions/setup-android@v3	2026-10-03T16:05:15.3199066Z 
mobile	Run android-actions/setup-android@v3	2026-10-03T16:05:15.3200841Z 10.1 Controlling Law. This Agreement shall be governed by California law excluding its choice of law rules. With the exception of MIPS’ rights to enforce its intellectual property rights and any confidentiality obligations under this Agreement or any licenses distributed with the Evaluation Materials, all disputes and any claims arising under or relating to this Agreement shall be subject to the exclusive jurisdiction and venue of the state and federal courts located in Santa Clara County, California. Each party hereby agrees to jurisdiction and venue in the courts set forth in the preceding sentence. The parties agree that the United Nations Convention on Contracts for the International Sale of Goods is specifically excluded from application to this Agreement. The parties consent to the personal jurisdiction of the above courts.
mobile	Run android-actions/setup-android@v3	2026-10-03T16:05:15.3202296Z 
mobile	Run android-actions/setup-android@v3	2026-10-03T16:05:15.3203111Z 10.2 Remedies. Recipient acknowledges and agrees that any breach of confidentiality obligations under this Agreement or any licenses distributed with the Evaluation Materials, as well as any disclosure, commercialization, or public use of the Evaluation Materials, would cause irreparable injury to MIPS, and therefore Recipient agrees to consent to, and hereby consents to, the grant of an injunction by any court of competent jurisdiction in the event of an actual or threatened breach.
mobile	Run android-actions/setup-android@v3	2026-10-03T16:05:15.3204076Z 
mobile	Run android-actions/setup-android@v3	2026-10-03T16:05:15.3205123Z 10.3 Assignment. Recipient may not delegate, assign or transfer this Agreement, the license granted or any of Recipient’s rights, obligations, or duties hereunder, expressly, by implication, by operation of law, by way of merger (regardless of whether Recipient is the surviving entity) or acquisition, or otherwise and any attempt to do so, without MIPS’ express prior written consent, shall be ineffective, null and void. MIPS may freely assign this Agreement, and its rights and obligations hereunder, in its sole discretion.
mobile	Run android-actions/setup-android@v3	2026-10-03T16:05:15.3206046Z 
mobile	Run android-actions/setup-android@v3	2026-10-03T16:05:15.3206816Z 10.4 Entire Agreement. This Agreement constitutes the entire agreement between Recipient and MIPS and supersedes in their entirety any and all oral or written agreements previously existing between Recipient and MIPS with respect to the subject matter hereof. This Agreement may only be amended or supplemented by a writing that refers explicitly to this Agreement and that is signed or otherwise accepted by duly authorized representatives of Recipient and MIPS.
mobile	Run android-actions/setup-android@v3	2026-10-03T16:05:15.3207631Z 
mobile	Run android-actions/setup-android@v3	2026-10-03T16:05:15.3208386Z 10.5 Severability. In the event that any provision of this Agreement is finally adjudicated to be unenforceable or invalid under any applicable law, such unenforceability or invalidity shall not render this Agreement unenforceable or invalid as a whole, and, in such event, such unenforceable or invalid provision shall be interpreted so as to best accomplish the objectives of such provision within the limits of applicable law or applicable court decisions.
mobile	Run android-actions/setup-android@v3	2026-10-03T16:05:15.3209272Z 
mobile	Run android-actions/setup-android@v3	2026-10-03T16:05:15.3211720Z 10.6 Export Regulations / Export Control. Recipient shall not export, either directly or indirectly, any product, service or technical data or system incorporating the Evaluation Materials without first obtaining any required license or other necessary approval from the U.S. Department of Commerce or any other governing agency or department of the United States Government. In the event any product is exported from the United States or re-exported from a foreign destination by Recipient, Recipient shall ensure that the distribution and export/re-export or import of the product is in compliance with all applicable laws, regulations, orders, or other restrictions of the U.S. Export Administration Regulations and the appropriate foreign government. Recipient agrees that neither it nor any of its subsidiaries will export/re-export any technical data, process, product, or service, directly or indirectly, to any country for which the United States government or any agency thereof or the foreign government from where it is shipping requires an export license, or other governmental approval, without first obtaining such license or approval. Recipient also agrees to implement measures to ensure that foreign national employees are authorized to receive any information controlled by U.S. export control laws. An export is "deemed" to take place when information is released to a foreign national wherever located.
mobile	Run android-actions/setup-android@v3	2026-10-03T16:05:15.3214534Z 
mobile	Run android-actions/setup-android@v3	2026-10-03T16:05:15.3216437Z 10.7 Special Terms for Pre-Release Materials. If so indicated in the description of the Evaluation Software, the Evaluation Software may contain Pre-Release Materials. Recipient hereby understands, acknowledges and agrees that: (i) Pre-Release Materials may not be fully tested and may contain bugs or errors; (ii) Pre-Release materials are not suitable for commercial release in their current state; (iii) regulatory approvals for Pre-Release Materials (such as UL or FCC) have not been obtained, and Pre-Release Materials may therefore not be certified for use in certain countries or environments or may not be suitable for certain applications and (iv) MIPS can provide no assurance that it will ever produce or make generally available a production version of the Pre-Release Materials . MIPS is not under any obligation to develop and/or release or offer for sale or license a final product based upon the Pre-Release Materials and may unilaterally elect to abandon the Pre-Release Materials or any such development platform at any time and without any obligation or liability whatsoever to Recipient or any other person.
mobile	Run android-actions/setup-android@v3	2026-10-03T16:05:15.3218606Z 
mobile	Run android-actions/setup-android@v3	2026-10-03T16:05:15.3219179Z ANY PRE-RELEASE MATERIALS ARE NON-QUALIFIED AND, AS SUCH, ARE PROVIDED “AS IS” AND “AS AVAILABLE”, POSSIBLY WITH FAULTS, AND WITHOUT REPRESENTATION OR WARRANTY OF ANY KIND.
mobile	Run android-actions/setup-android@v3	2026-10-03T16:05:15.3219728Z 
mobile	Run android-actions/setup-android@v3	2026-10-03T16:05:15.3221557Z 10.8 Open Source Software. In the event Open Source software is included with Evaluation Software, such Open Source software is licensed pursuant to the applicable Open Source software license agreement identified in the Open Source software comments in the applicable source code file(s) and/or file header as indicated in the Evaluation Software. Additional detail may be available (where applicable) in the accompanying on-line documentation. With respect to the Open Source software, nothing in this Agreement limits any rights under, or grants rights that supersede, the terms of any applicable Open Source software license agreement.
mobile	Run android-actions/setup-android@v3	2026-10-03T16:05:15.3224077Z ---------------------------------------
mobile	Run android-actions/setup-android@v3	2026-10-03T16:05:15.3224368Z Accept? (y/N): All SDK package licenses accepted
mobile	Run android-actions/setup-android@v3	2026-10-03T16:05:15.3224566Z 
mobile	Run android-actions/setup-android@v3	2026-10-03T16:05:15.3224827Z [command]/usr/local/lib/android/sdk/cmdline-tools/16.0/bin/sdkmanager platform-tools
mobile	Run android-actions/setup-android@v3	2026-10-03T16:05:15.8125028Z Loading package information...                                                  
mobile	Run android-actions/setup-android@v3	2026-10-03T16:05:15.8718985Z Loading local repository...                                                     
mobile	Run android-actions/setup-android@v3	2026-10-03T16:05:15.8721516Z [                                       ] 3% Loading local repository...        
mobile	Run android-actions/setup-android@v3	2026-10-03T16:05:15.8797133Z [                                       ] 3% Fetch remote repository...         
mobile	Run android-actions/setup-android@v3	2026-10-03T16:05:16.0805121Z [=                                      ] 3% Fetch remote repository...         
mobile	Run android-actions/setup-android@v3	2026-10-03T16:05:16.1094995Z [=                                      ] 4% Fetch remote repository...         
mobile	Run android-actions/setup-android@v3	2026-10-03T16:05:16.1241462Z [=                                      ] 5% Fetch remote repository...         
mobile	Run android-actions/setup-android@v3	2026-10-03T16:05:16.1649622Z [==                                     ] 5% Fetch remote repository...         
mobile	Run android-actions/setup-android@v3	2026-10-03T16:05:16.2155073Z [==                                     ] 6% Fetch remote repository...         
mobile	Run android-actions/setup-android@v3	2026-10-03T16:05:16.2656090Z [==                                     ] 7% Fetch remote repository...         
mobile	Run android-actions/setup-android@v3	2026-10-03T16:05:16.2656726Z [==                                     ] 7% Computing updates...               
mobile	Run android-actions/setup-android@v3	2026-10-03T16:05:16.2752129Z [===                                    ] 8% Computing updates...               
mobile	Run android-actions/setup-android@v3	2026-10-03T16:05:16.2805694Z [===                                    ] 10% Computing updates...              
mobile	Run android-actions/setup-android@v3	2026-10-03T16:05:16.2806411Z [=======================================] 100% Computing updates...             
mobile	Run android-actions/setup-android@v3	2026-10-03T16:05:16.2806872Z 
mobile	Enable hosted Linux KVM permissions	﻿2026-10-03T16:05:16.3148746Z ##[group]Run id
mobile	Enable hosted Linux KVM permissions	2026-10-03T16:05:16.3148969Z ^[[36;1mid^[[0m
mobile	Enable hosted Linux KVM permissions	2026-10-03T16:05:16.3149105Z ^[[36;1mif [[ ! -c /dev/kvm ]]; then^[[0m
mobile	Enable hosted Linux KVM permissions	2026-10-03T16:05:16.3149358Z ^[[36;1m  printf '%s\n' 'ERROR: /dev/kvm is missing or is not a character device.' >&2^[[0m
mobile	Enable hosted Linux KVM permissions	2026-10-03T16:05:16.3149592Z ^[[36;1m  exit 1^[[0m
mobile	Enable hosted Linux KVM permissions	2026-10-03T16:05:16.3149707Z ^[[36;1mfi^[[0m
mobile	Enable hosted Linux KVM permissions	2026-10-03T16:05:16.3149852Z ^[[36;1mstat --format='KVM before: %F %a %U:%G' /dev/kvm^[[0m
mobile	Enable hosted Linux KVM permissions	2026-10-03T16:05:16.3150150Z ^[[36;1mprintf '%s\n' 'Granting disposable runner user read/write access to the existing KVM device.'^[[0m
mobile	Enable hosted Linux KVM permissions	2026-10-03T16:05:16.3150430Z ^[[36;1msudo chown "$(id -u):$(id -g)" /dev/kvm^[[0m
mobile	Enable hosted Linux KVM permissions	2026-10-03T16:05:16.3150602Z ^[[36;1msudo chmod 0600 /dev/kvm^[[0m
mobile	Enable hosted Linux KVM permissions	2026-10-03T16:05:16.3150788Z ^[[36;1mstat --format='KVM after: %F %a %U:%G' /dev/kvm^[[0m
mobile	Enable hosted Linux KVM permissions	2026-10-03T16:05:16.3150986Z ^[[36;1mif [[ ! -r /dev/kvm || ! -w /dev/kvm ]]; then^[[0m
mobile	Enable hosted Linux KVM permissions	2026-10-03T16:05:16.3151233Z ^[[36;1m  printf '%s\n' 'ERROR: current runner user cannot read and write /dev/kvm.' >&2^[[0m
mobile	Enable hosted Linux KVM permissions	2026-10-03T16:05:16.3151486Z ^[[36;1m  exit 1^[[0m
mobile	Enable hosted Linux KVM permissions	2026-10-03T16:05:16.3151599Z ^[[36;1mfi^[[0m
mobile	Enable hosted Linux KVM permissions	2026-10-03T16:05:16.3391111Z shell: /usr/bin/bash -e {0}
mobile	Enable hosted Linux KVM permissions	2026-10-03T16:05:16.3391319Z env:
mobile	Enable hosted Linux KVM permissions	2026-10-03T16:05:16.3391516Z   JAVA_HOME: /opt/hostedtoolcache/Java_Temurin-Hotspot_jdk/17.0.20-1/x64
mobile	Enable hosted Linux KVM permissions	2026-10-03T16:05:16.3391814Z   JAVA_HOME_17_X64: /opt/hostedtoolcache/Java_Temurin-Hotspot_jdk/17.0.20-1/x64
mobile	Enable hosted Linux KVM permissions	2026-10-03T16:05:16.3392046Z   ANDROID_HOME: /usr/local/lib/android/sdk
mobile	Enable hosted Linux KVM permissions	2026-10-03T16:05:16.3392217Z   ANDROID_SDK_ROOT: /usr/local/lib/android/sdk
mobile	Enable hosted Linux KVM permissions	2026-10-03T16:05:16.3392381Z ##[endgroup]
mobile	Enable hosted Linux KVM permissions	2026-10-03T16:05:16.3503589Z uid=1001(runner) gid=1001(runner) groups=1001(runner),4(adm),100(users),118(docker),999(systemd-journal)
mobile	Enable hosted Linux KVM permissions	2026-10-03T16:05:16.3517102Z KVM before: character special file 660 root:kvm
mobile	Enable hosted Linux KVM permissions	2026-10-03T16:05:16.3518871Z Granting disposable runner user read/write access to the existing KVM device.
mobile	Enable hosted Linux KVM permissions	2026-10-03T16:05:16.3679434Z KVM after: character special file 600 runner:runner
mobile	Run reactivecircus/android-emulator-runner@v2	﻿2026-10-03T16:05:16.3748717Z ##[group]Run reactivecircus/android-emulator-runner@v2
mobile	Run reactivecircus/android-emulator-runner@v2	2026-10-03T16:05:16.3748926Z with:
mobile	Run reactivecircus/android-emulator-runner@v2	2026-10-03T16:05:16.3749038Z   api-level: 34
mobile	Run reactivecircus/android-emulator-runner@v2	2026-10-03T16:05:16.3749157Z   target: google_apis
mobile	Run reactivecircus/android-emulator-runner@v2	2026-10-03T16:05:16.3749282Z   arch: x86_64
mobile	Run reactivecircus/android-emulator-runner@v2	2026-10-03T16:05:16.3749402Z   disable-animations: true
mobile	Run reactivecircus/android-emulator-runner@v2	2026-10-03T16:05:16.3749545Z   disable-linux-hw-accel: false
mobile	Run reactivecircus/android-emulator-runner@v2	2026-10-03T16:05:16.3749764Z   pre-emulator-launch-script: $ANDROID_HOME/emulator/emulator -accel-check
mobile	Run reactivecircus/android-emulator-runner@v2	2026-10-03T16:05:16.3750369Z   script: python3 -B tools/verify_client_sqlite.py --scope mobile --serial emulator-5554
mobile	Run reactivecircus/android-emulator-runner@v2	python3 -B tools/verify_client_send.py --scope mobile --serial emulator-5554
mobile	Run reactivecircus/android-emulator-runner@v2	python3 -B tools/verify_client_sync.py --scope mobile --serial emulator-5554
mobile	Run reactivecircus/android-emulator-runner@v2	
mobile	Run reactivecircus/android-emulator-runner@v2	2026-10-03T16:05:16.3750918Z   cores: 2
mobile	Run reactivecircus/android-emulator-runner@v2	2026-10-03T16:05:16.3751029Z   avd-name: test
mobile	Run reactivecircus/android-emulator-runner@v2	2026-10-03T16:05:16.3751151Z   force-avd-creation: true
mobile	Run reactivecircus/android-emulator-runner@v2	2026-10-03T16:05:16.3751295Z   emulator-boot-timeout: 600
mobile	Run reactivecircus/android-emulator-runner@v2	2026-10-03T16:05:16.3751433Z   emulator-port: 5554
mobile	Run reactivecircus/android-emulator-runner@v2	2026-10-03T16:05:16.3751662Z   emulator-options: -no-window -gpu swiftshader_indirect -no-snapshot -noaudio -no-boot-anim
mobile	Run reactivecircus/android-emulator-runner@v2	2026-10-03T16:05:16.3751960Z   disable-spellchecker: false
mobile	Run reactivecircus/android-emulator-runner@v2	2026-10-03T16:05:16.3752105Z   enable-hw-keyboard: false
mobile	Run reactivecircus/android-emulator-runner@v2	2026-10-03T16:05:16.3752238Z   channel: stable
mobile	Run reactivecircus/android-emulator-runner@v2	2026-10-03T16:05:16.3752352Z env:
mobile	Run reactivecircus/android-emulator-runner@v2	2026-10-03T16:05:16.3752524Z   JAVA_HOME: /opt/hostedtoolcache/Java_Temurin-Hotspot_jdk/17.0.20-1/x64
mobile	Run reactivecircus/android-emulator-runner@v2	2026-10-03T16:05:16.3752808Z   JAVA_HOME_17_X64: /opt/hostedtoolcache/Java_Temurin-Hotspot_jdk/17.0.20-1/x64
mobile	Run reactivecircus/android-emulator-runner@v2	2026-10-03T16:05:16.3753037Z   ANDROID_HOME: /usr/local/lib/android/sdk
mobile	Run reactivecircus/android-emulator-runner@v2	2026-10-03T16:05:16.3753210Z   ANDROID_SDK_ROOT: /usr/local/lib/android/sdk
mobile	Run reactivecircus/android-emulator-runner@v2	2026-10-03T16:05:16.3753370Z ##[endgroup]
mobile	Run reactivecircus/android-emulator-runner@v2	2026-10-03T16:05:16.4157029Z ##[group]Configure emulator
mobile	Run reactivecircus/android-emulator-runner@v2	2026-10-03T16:05:16.4158155Z API level: 34
mobile	Run reactivecircus/android-emulator-runner@v2	2026-10-03T16:05:16.4159103Z System image API level: 34
mobile	Run reactivecircus/android-emulator-runner@v2	2026-10-03T16:05:16.4159420Z target: google_apis
mobile	Run reactivecircus/android-emulator-runner@v2	2026-10-03T16:05:16.4159666Z CPU architecture: x86_64
mobile	Run reactivecircus/android-emulator-runner@v2	2026-10-03T16:05:16.4159914Z Hardware profile: 
mobile	Run reactivecircus/android-emulator-runner@v2	2026-10-03T16:05:16.4160605Z Cores: 2
mobile	Run reactivecircus/android-emulator-runner@v2	2026-10-03T16:05:16.4160795Z RAM size: 
mobile	Run reactivecircus/android-emulator-runner@v2	2026-10-03T16:05:16.4160979Z Heap size: 
mobile	Run reactivecircus/android-emulator-runner@v2	2026-10-03T16:05:16.4161177Z SD card path or size: 
mobile	Run reactivecircus/android-emulator-runner@v2	2026-10-03T16:05:16.4161377Z Disk size: 
mobile	Run reactivecircus/android-emulator-runner@v2	2026-10-03T16:05:16.4161508Z AVD name: test
mobile	Run reactivecircus/android-emulator-runner@v2	2026-10-03T16:05:16.4161744Z force avd creation: true
mobile	Run reactivecircus/android-emulator-runner@v2	2026-10-03T16:05:16.4162022Z Emulator boot timeout: 600
mobile	Run reactivecircus/android-emulator-runner@v2	2026-10-03T16:05:16.4162282Z emulator port: 5554
mobile	Run reactivecircus/android-emulator-runner@v2	2026-10-03T16:05:16.4162646Z emulator options: -no-window -gpu swiftshader_indirect -no-snapshot -noaudio -no-boot-anim
mobile	Run reactivecircus/android-emulator-runner@v2	2026-10-03T16:05:16.4162923Z disable animations: true
mobile	Run reactivecircus/android-emulator-runner@v2	2026-10-03T16:05:16.4163078Z disable spellchecker: false
mobile	Run reactivecircus/android-emulator-runner@v2	2026-10-03T16:05:16.4163256Z disable Linux hardware acceleration: false
mobile	Run reactivecircus/android-emulator-runner@v2	2026-10-03T16:05:16.4163442Z enable hardware keyboard: false
mobile	Run reactivecircus/android-emulator-runner@v2	2026-10-03T16:05:16.4163600Z Channel: 0 (stable)
mobile	Run reactivecircus/android-emulator-runner@v2	2026-10-03T16:05:16.4164282Z Script:
mobile	Run reactivecircus/android-emulator-runner@v2	2026-10-03T16:05:16.4164690Z python3 -B tools/verify_client_sqlite.py --scope mobile --serial emulator-5554
mobile	Run reactivecircus/android-emulator-runner@v2	2026-10-03T16:05:16.4165150Z python3 -B tools/verify_client_send.py --scope mobile --serial emulator-5554
mobile	Run reactivecircus/android-emulator-runner@v2	2026-10-03T16:05:16.4165478Z python3 -B tools/verify_client_sync.py --scope mobile --serial emulator-5554
mobile	Run reactivecircus/android-emulator-runner@v2	2026-10-03T16:05:16.4165714Z Pre emulator launch script:
mobile	Run reactivecircus/android-emulator-runner@v2	2026-10-03T16:05:16.4165897Z $ANDROID_HOME/emulator/emulator -accel-check
mobile	Run reactivecircus/android-emulator-runner@v2	2026-10-03T16:05:16.4166241Z ##[endgroup]
mobile	Run reactivecircus/android-emulator-runner@v2	2026-10-03T16:05:16.4166450Z ##[group]Install Android SDK
mobile	Run reactivecircus/android-emulator-runner@v2	2026-10-03T16:05:16.4195062Z [command]/usr/bin/sh -c \yes | sdkmanager --licenses > /dev/null
mobile	Run reactivecircus/android-emulator-runner@v2	2026-10-03T16:05:19.6422657Z Installing latest build tools, platform tools, and platform.
mobile	Run reactivecircus/android-emulator-runner@v2	2026-10-03T16:05:19.6431487Z [command]/usr/bin/sh -c \sdkmanager --install 'build-tools;37.0.0' platform-tools 'platforms;android-34'> /dev/null
mobile	Run reactivecircus/android-emulator-runner@v2	2026-10-03T16:05:20.6059200Z Installing latest emulator.
mobile	Run reactivecircus/android-emulator-runner@v2	2026-10-03T16:05:20.6067508Z [command]/usr/bin/sh -c \sdkmanager --install emulator --channel=0 > /dev/null
mobile	Run reactivecircus/android-emulator-runner@v2	2026-10-03T16:05:31.2241404Z Installing system images.
mobile	Run reactivecircus/android-emulator-runner@v2	2026-10-03T16:05:31.2249968Z [command]/usr/bin/sh -c \sdkmanager --install 'system-images;android-34;google_apis;x86_64' --channel=0 > /dev/null
mobile	Run reactivecircus/android-emulator-runner@v2	2026-10-03T16:06:08.2696875Z ##[endgroup]
mobile	Run reactivecircus/android-emulator-runner@v2	2026-10-03T16:06:08.2697498Z ##[group]Create AVD
mobile	Run reactivecircus/android-emulator-runner@v2	2026-10-03T16:06:08.2697924Z Creating AVD.
mobile	Run reactivecircus/android-emulator-runner@v2	2026-10-03T16:06:08.2708590Z [command]/usr/bin/sh -c \echo no | avdmanager create avd --force -n test --package 'system-images;android-34;google_apis;x86_64'
mobile	Run reactivecircus/android-emulator-runner@v2	2026-10-03T16:06:08.7793280Z Loading local repository...                                                     
mobile	Run reactivecircus/android-emulator-runner@v2	2026-10-03T16:06:08.7806263Z [=========                              ] 25% Loading local repository...       
mobile	Run reactivecircus/android-emulator-runner@v2	2026-10-03T16:06:08.7807031Z [=========                              ] 25% Fetch remote repository...        
mobile	Run reactivecircus/android-emulator-runner@v2	2026-10-03T16:06:08.7807661Z [=======================================] 100% Fetch remote repository...       
mobile	Run reactivecircus/android-emulator-runner@v2	2026-10-03T16:06:09.0594618Z Auto-selecting single ABI x86_64
mobile	Run reactivecircus/android-emulator-runner@v2	2026-10-03T16:06:09.1217239Z Do you wish to create a custom hardware profile? [no] [command]/usr/bin/sh -c \printf 'hw.cpu.ncore=2\n' >> /home/runner/.android/avd/test.avd/config.ini
mobile	Run reactivecircus/android-emulator-runner@v2	2026-10-03T16:06:09.1234802Z ##[endgroup]
mobile	Run reactivecircus/android-emulator-runner@v2	2026-10-03T16:06:09.1235170Z ##[group]Run pre emulator launch script
mobile	Run reactivecircus/android-emulator-runner@v2	2026-10-03T16:06:09.1242197Z [command]/usr/bin/sh -c $ANDROID_HOME/emulator/emulator -accel-check
mobile	Run reactivecircus/android-emulator-runner@v2	2026-10-03T16:06:09.1445242Z accel:
mobile	Run reactivecircus/android-emulator-runner@v2	2026-10-03T16:06:09.1445490Z 0
mobile	Run reactivecircus/android-emulator-runner@v2	2026-10-03T16:06:09.1445678Z KVM (version 12) is installed and usable.
mobile	Run reactivecircus/android-emulator-runner@v2	2026-10-03T16:06:09.1445854Z accel
mobile	Run reactivecircus/android-emulator-runner@v2	2026-10-03T16:06:09.1462442Z ##[endgroup]
mobile	Run reactivecircus/android-emulator-runner@v2	2026-10-03T16:06:09.1468732Z ##[group]Launch Emulator
mobile	Run reactivecircus/android-emulator-runner@v2	2026-10-03T16:06:09.1469027Z Starting emulator.
mobile	Run reactivecircus/android-emulator-runner@v2	2026-10-03T16:06:09.1476497Z [command]/usr/bin/sh -c \/usr/local/lib/android/sdk/emulator/emulator -port 5554 -avd test -no-window -gpu swiftshader_indirect -no-snapshot -noaudio -no-boot-anim &
mobile	Run reactivecircus/android-emulator-runner@v2	2026-10-03T16:06:09.1564470Z INFO         | Android emulator version 37.2.12.0 (build_id 16428233) (CL:N/A)
mobile	Run reactivecircus/android-emulator-runner@v2	2026-10-03T16:06:09.1565138Z INFO         | Graphics backend: gfxstream
mobile	Run reactivecircus/android-emulator-runner@v2	2026-10-03T16:06:09.1565595Z INFO         | Found systemPath /usr/local/lib/android/sdk/system-images/android-34/google_apis/x86_64/
mobile	Run reactivecircus/android-emulator-runner@v2	2026-10-03T16:06:09.1911782Z INFO         | Saving last run QEMU version for the AVD to 2
mobile	Run reactivecircus/android-emulator-runner@v2	2026-10-03T16:06:09.1912215Z INFO         | Increasing RAM size to 2560MB
mobile	Run reactivecircus/android-emulator-runner@v2	2026-10-03T16:06:09.1912547Z ##############################################################################
mobile	Run reactivecircus/android-emulator-runner@v2	2026-10-03T16:06:09.1912942Z ##                        WARNING - ACTION REQUIRED                         ##
mobile	Run reactivecircus/android-emulator-runner@v2	2026-10-03T16:06:09.1913379Z ##  Consider using the '-metrics-collection' flag to help improve the       ##
mobile	Run reactivecircus/android-emulator-runner@v2	2026-10-03T16:06:09.1914001Z ##  emulator by sending anonymized usage data. Or use the '-no-metrics'     ##
mobile	Run reactivecircus/android-emulator-runner@v2	2026-10-03T16:06:09.1914460Z ##  flag to bypass this warning and turn off the metrics collection.        ##
mobile	Run reactivecircus/android-emulator-runner@v2	2026-10-03T16:06:09.1914918Z ##  In a future release this warning will turn into a one-time blocking     ##
mobile	Run reactivecircus/android-emulator-runner@v2	2026-10-03T16:06:09.1915402Z ##  prompt to ask for explicit user input regarding metrics collection.     ##
mobile	Run reactivecircus/android-emulator-runner@v2	2026-10-03T16:06:09.1915793Z ##                                                                          ##
mobile	Run reactivecircus/android-emulator-runner@v2	2026-10-03T16:06:09.1916238Z ##  Please see '-help-metrics-collection' for more details. You can use     ##
mobile	Run reactivecircus/android-emulator-runner@v2	2026-10-03T16:06:09.1916709Z ##  '-metrics-to-file' or '-metrics-to-console' flags to see what type of   ##
mobile	Run reactivecircus/android-emulator-runner@v2	2026-10-03T16:06:09.1917020Z ##  data is being collected by emulator as part of usage statistics.        ##
mobile	Run reactivecircus/android-emulator-runner@v2	2026-10-03T16:06:09.1917286Z ##############################################################################
mobile	Run reactivecircus/android-emulator-runner@v2	2026-10-03T16:06:09.1917516Z INFO         | Guest GLES Driver: Auto (ext controls)
mobile	Run reactivecircus/android-emulator-runner@v2	2026-10-03T16:06:09.1917844Z INFO         | emuglConfig_init: vulkan_mode_selected:swiftshader gles_mode_selected:swiftshader
mobile	Run reactivecircus/android-emulator-runner@v2	2026-10-03T16:06:09.1918137Z INFO         | Checking system compatibility:
mobile	Run reactivecircus/android-emulator-runner@v2	2026-10-03T16:06:09.1918354Z INFO         |   Checking: hasSufficientDiskSpace
mobile	Run reactivecircus/android-emulator-runner@v2	2026-10-03T16:06:09.1918602Z INFO         |      Ok: Disk space requirements to run avd: `test` are met
mobile	Run reactivecircus/android-emulator-runner@v2	2026-10-03T16:06:09.1918834Z INFO         |   Checking: hasSufficientHwGpu
mobile	Run reactivecircus/android-emulator-runner@v2	2026-10-03T16:06:09.1919071Z INFO         |      Ok: Hardware GPU compatibility checks are not required
mobile	Run reactivecircus/android-emulator-runner@v2	2026-10-03T16:06:09.1919550Z INFO         |   Checking: hasSufficientSystem
mobile	Run reactivecircus/android-emulator-runner@v2	2026-10-03T16:06:09.1919779Z INFO         |      Ok: System requirements to run avd: `test` are met
mobile	Run reactivecircus/android-emulator-runner@v2	2026-10-03T16:06:09.1920306Z WARNING      | Feature QuickbootFileBacked is disabled due to stability issues, if you really want that, the environment variable ANDROID_EMU_FORCE_QUICKBOOT_FILE_BACKED need to set to 1
mobile	Run reactivecircus/android-emulator-runner@v2	2026-10-03T16:06:09.7492819Z ERROR        | Unable to connect to adb daemon on port: 5037
mobile	Run reactivecircus/android-emulator-runner@v2	2026-10-03T16:06:09.7493618Z INFO         | Storing crashdata in: /tmp/android-runner/emu-crash-37.2.12.db, detection is enabled for process: 2614
mobile	Run reactivecircus/android-emulator-runner@v2	2026-10-03T16:06:09.7494186Z INFO         | Initializing gfxstream backend
mobile	Run reactivecircus/android-emulator-runner@v2	2026-10-03T16:06:09.7501719Z INFO         | startOpenglesRendererImpl: gpu info
mobile	Run reactivecircus/android-emulator-runner@v2	2026-10-03T16:06:09.7501991Z INFO         | 
mobile	Run reactivecircus/android-emulator-runner@v2	2026-10-03T16:06:09.7504551Z INFO         | initIcdPaths: ICD set to 'swiftshader', using Swiftshader ICD
mobile	Run reactivecircus/android-emulator-runner@v2	2026-10-03T16:06:09.7505207Z INFO         | Setting ICD filenames for the loader = /usr/local/lib/android/sdk/emulator/lib64/vulkan/vk_swiftshader_icd.json
mobile	Run reactivecircus/android-emulator-runner@v2	2026-10-03T16:06:09.7506106Z INFO         | SharedLibrary::open for [/usr/local/lib/android/sdk/emulator/qemu/linux-x86_64/lib64/vulkan/libvulkan.so]
mobile	Run reactivecircus/android-emulator-runner@v2	2026-10-03T16:06:09.7506926Z INFO         | SharedLibrary::open for [/usr/local/lib/android/sdk/emulator/qemu/linux-x86_64/lib64/vulkan/libvulkan.so.1]
mobile	Run reactivecircus/android-emulator-runner@v2	2026-10-03T16:06:09.7507626Z INFO         | SharedLibrary::open for [/usr/local/lib/android/sdk/emulator/lib64/vulkan/libvulkan.so]
mobile	Run reactivecircus/android-emulator-runner@v2	2026-10-03T16:06:09.7511221Z INFO         | Added library: /usr/local/lib/android/sdk/emulator/lib64/vulkan/libvulkan.so
mobile	Run reactivecircus/android-emulator-runner@v2	2026-10-03T16:06:09.7548257Z INFO         | Selecting Vulkan device: SwiftShader Device (Subzero), Version: 1.3.0
mobile	Run reactivecircus/android-emulator-runner@v2	2026-10-03T16:06:09.7548886Z INFO         | Using Vulkan externalMemoryMode: OpaqueFd for VkEmulation
mobile	Run reactivecircus/android-emulator-runner@v2	2026-10-03T16:06:09.7647664Z INFO         | Format VK_FORMAT_G10X6_B10X6R10X6_2PLANE_422_UNORM_3PACK16 does not support YCbCr sampler conversion
mobile	Run reactivecircus/android-emulator-runner@v2	2026-10-03T16:06:09.7670817Z INFO         | SharedLibrary::open for [libX11]
mobile	Run reactivecircus/android-emulator-runner@v2	2026-10-03T16:06:09.7671271Z WARNING      | Could not open libX11.so, try libX11.so.6
mobile	Run reactivecircus/android-emulator-runner@v2	2026-10-03T16:06:09.7671685Z INFO         | SharedLibrary::open for [libX11.so.6]
mobile	Run reactivecircus/android-emulator-runner@v2	2026-10-03T16:06:09.7672111Z INFO         | SharedLibrary::open for [libX11-xcb]
mobile	Run reactivecircus/android-emulator-runner@v2	2026-10-03T16:06:09.7672519Z WARNING      | Could not open libX11-xcb.so, try libX11-xcb.so.1
mobile	Run reactivecircus/android-emulator-runner@v2	2026-10-03T16:06:09.7673008Z INFO         | SharedLibrary::open for [libX11-xcb.so.1]
mobile	Run reactivecircus/android-emulator-runner@v2	2026-10-03T16:06:09.7710690Z INFO         | Initializing VkEmulation features:
mobile	Run reactivecircus/android-emulator-runner@v2	2026-10-03T16:06:09.7711067Z INFO         |     glInteropSupported: false
mobile	Run reactivecircus/android-emulator-runner@v2	2026-10-03T16:06:09.7711448Z INFO         |     useDeferredCommands: true
mobile	Run reactivecircus/android-emulator-runner@v2	2026-10-03T16:06:09.7711887Z INFO         |     createResourceWithRequirements: true
mobile	Run reactivecircus/android-emulator-runner@v2	2026-10-03T16:06:09.7712262Z INFO         |     useVulkanComposition: false
mobile	Run reactivecircus/android-emulator-runner@v2	2026-10-03T16:06:09.7712592Z INFO         |     useVulkanNativeSwapchain: false
mobile	Run reactivecircus/android-emulator-runner@v2	2026-10-03T16:06:09.7712805Z INFO         |     enable guestRenderDoc: false
mobile	Run reactivecircus/android-emulator-runner@v2	2026-10-03T16:06:09.7713023Z INFO         |     ASTC LDR emulation mode: Gpu
mobile	Run reactivecircus/android-emulator-runner@v2	2026-10-03T16:06:09.7713222Z INFO         |     enable ETC2 emulation: true
mobile	Run reactivecircus/android-emulator-runner@v2	2026-10-03T16:06:09.7713576Z INFO         |     enable Ycbcr emulation: false
mobile	Run reactivecircus/android-emulator-runner@v2	2026-10-03T16:06:09.7713974Z INFO         |     guestVulkanOnly: false
mobile	Run reactivecircus/android-emulator-runner@v2	2026-10-03T16:06:09.7715524Z INFO         |     useDedicatedAllocations: false
mobile	Run reactivecircus/android-emulator-runner@v2	2026-10-03T16:06:09.7715896Z INFO         |     guestVulkanMaxApiVersion: 1.3.0
mobile	Run reactivecircus/android-emulator-runner@v2	2026-10-03T16:06:09.7716132Z INFO         |     enableProtectedMemoryEmulation: false
mobile	Run reactivecircus/android-emulator-runner@v2	2026-10-03T16:06:09.7716507Z INFO         | Graphics Adapter Vendor Google (Google Inc.)
mobile	Run reactivecircus/android-emulator-runner@v2	2026-10-03T16:06:09.7717049Z INFO         | Graphics Adapter Android Emulator OpenGL ES Translator (Google SwiftShader)
mobile	Run reactivecircus/android-emulator-runner@v2	2026-10-03T16:06:09.7717553Z INFO         | Graphics API Version OpenGL ES 3.0 (OpenGL ES 3.0 SwiftShader 4.0.0.1)
mobile	Run reactivecircus/android-emulator-runner@v2	2026-10-03T16:06:09.7719199Z INFO         | Graphics API Extensions GL_OES_EGL_sync GL_OES_EGL_image GL_OES_EGL_image_external GL_OES_depth24 GL_OES_depth32 GL_OES_element_index_uint GL_OES_texture_float GL_OES_texture_float_linear GL_OES_compressed_paletted_texture GL_OES_compressed_ETC1_RGB8_texture GL_OES_depth_texture GL_OES_texture_half_float GL_OES_texture_half_float_linear GL_OES_packed_depth_stencil GL_OES_vertex_half_float GL_OES_standard_derivatives GL_OES_texture_npot GL_OES_rgb8_rgba8 GL_EXT_color_buffer_float GL_EXT_color_buffer_half_float GL_EXT_texture_format_BGRA8888 GL_APPLE_texture_format_BGRA8888 
mobile	Run reactivecircus/android-emulator-runner@v2	2026-10-03T16:06:09.7720942Z INFO         | Graphics Device Extensions N/A
mobile	Run reactivecircus/android-emulator-runner@v2	2026-10-03T16:06:09.7721358Z INFO         | Disabling sparse binding feature support
mobile	Run reactivecircus/android-emulator-runner@v2	2026-10-03T16:06:09.7746775Z INFO         | Sending adb public key [QAAAAL9Qfk3B4GLc1B42JWdbTDZDX8XHo11V+BewkqguulPaysU+0ExxOoI21e+8fvN9OnePcLNuwhsy0eynPDUaSRmSnvi47m80ucsQBMdXFkQ0m9fT6vp8kBOBNhG0ETnSh7o1pKOIk8xK6sM+mME+iC0tYgwzTFfb3SDowB+pVmVcpvm0yffvfqYumBeM7zXyWdh5iU3mQLEtRVHSmTN50QJWq/siRwkpZlaQxOTGD8+isPC1nV+s9vSzmc8RsIrkZ6RGIN3cQ9u5n7MQ9bbwd7t7vmCfsDJsT1HVxiIn0tKkGOVW3nWlI3hUGLM+kFA08BFrAehthiNnLGaSvD0J2mYmzfKZKpBoQ8A4NjacVVmOgYCKqYb1RUNcKQQEAXj0U2b9r+E6umFB88LI9EPx4/UstpFQdN8UM3hazI2vyVPz1+/YrgzdCuKtSqkMfXobDyKS+NKKCFM3AVQaDj89F6T2Ci/v9emxD5pBwHP0k5eaZYx+EHpFjOg2071ksUNC31sATw+GmfjBKPmYy34wBRvwdqXsl5WlJjWriT7JO2zfrfiEX9o0tcJUd3mEPm6M8EWbWjkM8i46wsisj22002yrYEJrFIeQ3ky9HLY/1GT1PPtMWrgXG0JbDJJ/zQbly1aRSf/7PlHE2ojlYiMCA0PE+6XWF8hTGd4+G9rWPxp6WqKMUQEAAQA= runner@unknown]
mobile	Run reactivecircus/android-emulator-runner@v2	2026-10-03T16:06:09.7748885Z INFO         | Userspace boot properties:
mobile	Run reactivecircus/android-emulator-runner@v2	2026-10-03T16:06:09.7749202Z INFO         |   androidboot.boot_devices=pci0000:00/0000:00:03.0 pci0000:00/0000:00:06.0
mobile	Run reactivecircus/android-emulator-runner@v2	2026-10-03T16:06:09.7749487Z INFO         |   androidboot.dalvik.vm.heapsize=576m
mobile	Run reactivecircus/android-emulator-runner@v2	2026-10-03T16:06:09.7749720Z INFO         |   androidboot.debug.hwui.renderer=skiagl
mobile	Run reactivecircus/android-emulator-runner@v2	2026-10-03T16:06:09.7750133Z INFO         |   androidboot.debug.sf.nobootanimation=1
mobile	Run reactivecircus/android-emulator-runner@v2	2026-10-03T16:06:09.7750344Z INFO         |   androidboot.hardware=ranchu
mobile	Run reactivecircus/android-emulator-runner@v2	2026-10-03T16:06:09.7750592Z INFO         |   androidboot.hardware.gltransport=pipe
mobile	Run reactivecircus/android-emulator-runner@v2	2026-10-03T16:06:09.7750817Z INFO         |   androidboot.hardware.vulkan=ranchu
mobile	Run reactivecircus/android-emulator-runner@v2	2026-10-03T16:06:09.7751018Z INFO         |   androidboot.logcat=*:V
mobile	Run reactivecircus/android-emulator-runner@v2	2026-10-03T16:06:09.7751223Z INFO         |   androidboot.opengles.version=196608
mobile	Run reactivecircus/android-emulator-runner@v2	2026-10-03T16:06:09.7751418Z INFO         |   androidboot.qemu=1
mobile	Run reactivecircus/android-emulator-runner@v2	2026-10-03T16:06:09.7754154Z INFO         |   androidboot.qemu.adb.pubkey=QAAAAL9Qfk3B4GLc1B42JWdbTDZDX8XHo11V+BewkqguulPaysU+0ExxOoI21e+8fvN9OnePcLNuwhsy0eynPDUaSRmSnvi47m80ucsQBMdXFkQ0m9fT6vp8kBOBNhG0ETnSh7o1pKOIk8xK6sM+mME+iC0tYgwzTFfb3SDowB+pVmVcpvm0yffvfqYumBeM7zXyWdh5iU3mQLEtRVHSmTN50QJWq/siRwkpZlaQxOTGD8+isPC1nV+s9vSzmc8RsIrkZ6RGIN3cQ9u5n7MQ9bbwd7t7vmCfsDJsT1HVxiIn0tKkGOVW3nWlI3hUGLM+kFA08BFrAehthiNnLGaSvD0J2mYmzfKZKpBoQ8A4NjacVVmOgYCKqYb1RUNcKQQEAXj0U2b9r+E6umFB88LI9EPx4/UstpFQdN8UM3hazI2vyVPz1+/YrgzdCuKtSqkMfXobDyKS+NKKCFM3AVQaDj89F6T2Ci/v9emxD5pBwHP0k5eaZYx+EHpFjOg2071ksUNC31sATw+GmfjBKPmYy34wBRvwdqXsl5WlJjWriT7JO2zfrfiEX9o0tcJUd3mEPm6M8EWbWjkM8i46wsisj22002yrYEJrFIeQ3ky9HLY/1GT1PPtMWrgXG0JbDJJ/zQbly1aRSf/7PlHE2ojlYiMCA0PE+6XWF8hTGd4+G9rWPxp6WqKMUQEAAQA= runner@unknown
mobile	Run reactivecircus/android-emulator-runner@v2	2026-10-03T16:06:09.7756353Z INFO         |   androidboot.qemu.avd_name=test
mobile	Run reactivecircus/android-emulator-runner@v2	2026-10-03T16:06:09.7756583Z INFO         |   androidboot.qemu.camera_hq_edge_processing=0
mobile	Run reactivecircus/android-emulator-runner@v2	2026-10-03T16:06:09.7756820Z INFO         |   androidboot.qemu.camera_protocol_ver=1
mobile	Run reactivecircus/android-emulator-runner@v2	2026-10-03T16:06:09.7757055Z INFO         |   androidboot.qemu.cpuvulkan.version=4206592
mobile	Run reactivecircus/android-emulator-runner@v2	2026-10-03T16:06:09.7757319Z INFO         |   androidboot.qemu.gltransport.drawFlushInterval=800
mobile	Run reactivecircus/android-emulator-runner@v2	2026-10-03T16:06:09.7757576Z INFO         |   androidboot.qemu.gltransport.name=pipe
mobile	Run reactivecircus/android-emulator-runner@v2	2026-10-03T16:06:09.7757797Z INFO         |   androidboot.qemu.hwcodec.avcdec=2
mobile	Run reactivecircus/android-emulator-runner@v2	2026-10-03T16:06:09.7758018Z INFO         |   androidboot.qemu.hwcodec.hevcdec=2
mobile	Run reactivecircus/android-emulator-runner@v2	2026-10-03T16:06:09.7758238Z INFO         |   androidboot.qemu.hwcodec.vpxdec=2
mobile	Run reactivecircus/android-emulator-runner@v2	2026-10-03T16:06:09.7758514Z INFO         |   androidboot.qemu.settings.system.screen_off_timeout=2147483647
mobile	Run reactivecircus/android-emulator-runner@v2	2026-10-03T16:06:09.7758772Z INFO         |   androidboot.qemu.skin=320x640
mobile	Run reactivecircus/android-emulator-runner@v2	2026-10-03T16:06:09.7759084Z INFO         |   androidboot.qemu.virtiowifi=1
mobile	Run reactivecircus/android-emulator-runner@v2	2026-10-03T16:06:09.7759280Z INFO         |   androidboot.qemu.vsync=60
mobile	Run reactivecircus/android-emulator-runner@v2	2026-10-03T16:06:09.7759489Z INFO         |   androidboot.serialno=EMULATOR37X2X12X0
mobile	Run reactivecircus/android-emulator-runner@v2	2026-10-03T16:06:09.7759830Z INFO         |   androidboot.vbmeta.digest=451e57ed688ff746d2c636d52169ade253e2bc5bb30a5c3ff23679ca15d3bcd3
mobile	Run reactivecircus/android-emulator-runner@v2	2026-10-03T16:06:09.7760148Z INFO         |   androidboot.vbmeta.hash_alg=sha256
mobile	Run reactivecircus/android-emulator-runner@v2	2026-10-03T16:06:09.7760352Z INFO         |   androidboot.vbmeta.size=6656
mobile	Run reactivecircus/android-emulator-runner@v2	2026-10-03T16:06:09.7760555Z INFO         |   androidboot.veritymode=enforcing
mobile	Run reactivecircus/android-emulator-runner@v2	2026-10-03T16:06:09.7895729Z WARNING: cannnot unmap ptr 0x7f8484e01000 as it is in the protected range from 0x7f83e4e00000 to 0x7f8485000000
mobile	Run reactivecircus/android-emulator-runner@v2	2026-10-03T16:06:09.7991220Z INFO         | Monitoring duration of emulator setup.
mobile	Run reactivecircus/android-emulator-runner@v2	2026-10-03T16:06:10.8067805Z INFO         | Activated packet streamer for bluetooth emulation
mobile	Run reactivecircus/android-emulator-runner@v2	2026-10-03T16:06:10.8068327Z INFO         | Successfully initialized netsim WiFi
mobile	Run reactivecircus/android-emulator-runner@v2	2026-10-03T16:06:10.8109819Z INFO         | Setting display: 0 configuration to: 320x640, dpi: 160x160 
mobile	Run reactivecircus/android-emulator-runner@v2	2026-10-03T16:06:10.8110330Z INFO         | setDisplayActiveConfig: id:0, 320x640
mobile	Run reactivecircus/android-emulator-runner@v2	2026-10-03T16:06:10.8110958Z INFO         | emulatorSetupEnvironment: Environment scene is not required
mobile	Run reactivecircus/android-emulator-runner@v2	2026-10-03T16:06:10.8159687Z USER_INFO    | Emulator is performing a full startup. This may take upto two minutes, or more.
mobile	Run reactivecircus/android-emulator-runner@v2	2026-10-03T16:06:10.8160764Z WARNING      | Failed to process .ini file /home/runner/.android/emu-update-last-check.ini for reading.
mobile	Run reactivecircus/android-emulator-runner@v2	2026-10-03T16:06:11.0058278Z WARNING      | Failed to process .ini file /home/runner/.android/emu-update-last-check.ini for reading.
mobile	Run reactivecircus/android-emulator-runner@v2	2026-10-03T16:06:19.1514187Z [command]/usr/local/lib/android/sdk/platform-tools/adb -s emulator-5554 shell getprop sys.boot_completed
mobile	Run reactivecircus/android-emulator-runner@v2	2026-10-03T16:06:19.1542341Z * daemon not running; starting now at tcp:5037
mobile	Run reactivecircus/android-emulator-runner@v2	2026-10-03T16:06:19.3237666Z * daemon started successfully
mobile	Run reactivecircus/android-emulator-runner@v2	2026-10-03T16:06:19.3248651Z adb: device offline
mobile	Run reactivecircus/android-emulator-runner@v2	2026-10-03T16:06:19.3256778Z The process '/usr/local/lib/android/sdk/platform-tools/adb' failed with exit code 1
mobile	Run reactivecircus/android-emulator-runner@v2	2026-10-03T16:06:21.3319115Z [command]/usr/local/lib/android/sdk/platform-tools/adb -s emulator-5554 shell getprop sys.boot_completed
mobile	Run reactivecircus/android-emulator-runner@v2	2026-10-03T16:06:21.3568010Z 
mobile	Run reactivecircus/android-emulator-runner@v2	2026-10-03T16:06:23.3659167Z [command]/usr/local/lib/android/sdk/platform-tools/adb -s emulator-5554 shell getprop sys.boot_completed
mobile	Run reactivecircus/android-emulator-runner@v2	2026-10-03T16:06:23.3798186Z 
mobile	Run reactivecircus/android-emulator-runner@v2	2026-10-03T16:06:25.3860119Z [command]/usr/local/lib/android/sdk/platform-tools/adb -s emulator-5554 shell getprop sys.boot_completed
mobile	Run reactivecircus/android-emulator-runner@v2	2026-10-03T16:06:25.4077206Z 
mobile	Run reactivecircus/android-emulator-runner@v2	2026-10-03T16:06:27.4120152Z [command]/usr/local/lib/android/sdk/platform-tools/adb -s emulator-5554 shell getprop sys.boot_completed
mobile	Run reactivecircus/android-emulator-runner@v2	2026-10-03T16:06:27.4320430Z 
mobile	Run reactivecircus/android-emulator-runner@v2	2026-10-03T16:06:29.4352359Z [command]/usr/local/lib/android/sdk/platform-tools/adb -s emulator-5554 shell getprop sys.boot_completed
mobile	Run reactivecircus/android-emulator-runner@v2	2026-10-03T16:06:29.4775990Z 
mobile	Run reactivecircus/android-emulator-runner@v2	2026-10-03T16:06:31.4816097Z [command]/usr/local/lib/android/sdk/platform-tools/adb -s emulator-5554 shell getprop sys.boot_completed
mobile	Run reactivecircus/android-emulator-runner@v2	2026-10-03T16:06:31.5022307Z 
mobile	Run reactivecircus/android-emulator-runner@v2	2026-10-03T16:06:33.5063758Z [command]/usr/local/lib/android/sdk/platform-tools/adb -s emulator-5554 shell getprop sys.boot_completed
mobile	Run reactivecircus/android-emulator-runner@v2	2026-10-03T16:06:33.5184786Z 
mobile	Run reactivecircus/android-emulator-runner@v2	2026-10-03T16:06:35.5225765Z [command]/usr/local/lib/android/sdk/platform-tools/adb -s emulator-5554 shell getprop sys.boot_completed
mobile	Run reactivecircus/android-emulator-runner@v2	2026-10-03T16:06:35.5627602Z 
mobile	Run reactivecircus/android-emulator-runner@v2	2026-10-03T16:06:36.9788341Z INFO         | Boot completed in 27804 ms
mobile	Run reactivecircus/android-emulator-runner@v2	2026-10-03T16:06:36.9790285Z INFO         | Increasing screen off timeout, logcat buffer size to 2M.
mobile	Run reactivecircus/android-emulator-runner@v2	2026-10-03T16:06:37.5659528Z [command]/usr/local/lib/android/sdk/platform-tools/adb -s emulator-5554 shell getprop sys.boot_completed
mobile	Run reactivecircus/android-emulator-runner@v2	2026-10-03T16:06:37.6020498Z 1
mobile	Run reactivecircus/android-emulator-runner@v2	2026-10-03T16:06:37.6031641Z Emulator booted.
mobile	Run reactivecircus/android-emulator-runner@v2	2026-10-03T16:06:37.6060568Z [command]/usr/local/lib/android/sdk/platform-tools/adb -s emulator-5554 shell input keyevent 82
mobile	Run reactivecircus/android-emulator-runner@v2	2026-10-03T16:06:40.4904332Z Disabling animations.
mobile	Run reactivecircus/android-emulator-runner@v2	2026-10-03T16:06:40.4949303Z [command]/usr/local/lib/android/sdk/platform-tools/adb -s emulator-5554 shell settings put global window_animation_scale 0.0
mobile	Run reactivecircus/android-emulator-runner@v2	2026-10-03T16:06:40.5758357Z [command]/usr/local/lib/android/sdk/platform-tools/adb -s emulator-5554 shell settings put global transition_animation_scale 0.0
mobile	Run reactivecircus/android-emulator-runner@v2	2026-10-03T16:06:40.6265950Z [command]/usr/local/lib/android/sdk/platform-tools/adb -s emulator-5554 shell settings put global animator_duration_scale 0.0
mobile	Run reactivecircus/android-emulator-runner@v2	2026-10-03T16:06:40.6651542Z ##[endgroup]
mobile	Run reactivecircus/android-emulator-runner@v2	2026-10-03T16:06:40.6675281Z [command]/usr/bin/sh -c python3 -B tools/verify_client_sqlite.py --scope mobile --serial emulator-5554
mobile	Run reactivecircus/android-emulator-runner@v2	2026-10-03T16:06:40.7090024Z + chmod +x /home/runner/work/IM-platform/IM-platform/clients/mobile/gradlew
mobile	Run reactivecircus/android-emulator-runner@v2	2026-10-03T16:06:40.7123272Z + /home/runner/work/IM-platform/IM-platform/clients/mobile/gradlew --no-daemon assembleDebug assembleDebugAndroidTest
mobile	Run reactivecircus/android-emulator-runner@v2	2026-10-03T16:06:40.8753533Z Downloading https://services.gradle.org/distributions/gradle-8.9-bin.zip
mobile	Run reactivecircus/android-emulator-runner@v2	2026-10-03T16:06:42.4468188Z ............10%.............20%.............30%.............40%.............50%.............60%.............70%.............80%.............90%.............100%
mobile	Run reactivecircus/android-emulator-runner@v2	2026-10-03T16:06:43.7932491Z 
mobile	Run reactivecircus/android-emulator-runner@v2	2026-10-03T16:06:43.7935271Z Welcome to Gradle 8.9!
mobile	Run reactivecircus/android-emulator-runner@v2	2026-10-03T16:06:43.7937013Z 
mobile	Run reactivecircus/android-emulator-runner@v2	2026-10-03T16:06:43.7937308Z Here are the highlights of this release:
mobile	Run reactivecircus/android-emulator-runner@v2	2026-10-03T16:06:43.7947230Z  - Enhanced Error and Warning Messages
mobile	Run reactivecircus/android-emulator-runner@v2	2026-10-03T16:06:43.7949973Z  - IDE Integration Improvements
mobile	Run reactivecircus/android-emulator-runner@v2	2026-10-03T16:06:43.7955930Z  - Daemon JVM Information
mobile	Run reactivecircus/android-emulator-runner@v2	2026-10-03T16:06:43.7961232Z 
mobile	Run reactivecircus/android-emulator-runner@v2	2026-10-03T16:06:43.7961604Z For more details see https://docs.gradle.org/8.9/release-notes.html
mobile	Run reactivecircus/android-emulator-runner@v2	2026-10-03T16:06:43.7961894Z 
mobile	Run reactivecircus/android-emulator-runner@v2	2026-10-03T16:06:44.0918035Z To honour the JVM settings for this build a single-use Daemon process will be forked. For more on this, please refer to https://docs.gradle.org/8.9/userguide/gradle_daemon.html#sec:disabling_the_daemon in the Gradle documentation.
mobile	Run reactivecircus/android-emulator-runner@v2	2026-10-03T16:06:45.7914827Z Daemon will be stopped at the end of the build 
mobile	Run reactivecircus/android-emulator-runner@v2	2026-10-03T16:07:44.3955092Z > Task :app:preBuild UP-TO-DATE
mobile	Run reactivecircus/android-emulator-runner@v2	2026-10-03T16:07:44.4926140Z > Task :app:preDebugBuild UP-TO-DATE
mobile	Run reactivecircus/android-emulator-runner@v2	2026-10-03T16:07:44.4927044Z > Task :app:mergeDebugNativeDebugMetadata NO-SOURCE
mobile	Run reactivecircus/android-emulator-runner@v2	2026-10-03T16:07:44.4927694Z > Task :app:checkKotlinGradlePluginConfigurationErrors SKIPPED
mobile	Run reactivecircus/android-emulator-runner@v2	2026-10-03T16:07:53.7952540Z > Task :app:generateDebugResValues
mobile	Run reactivecircus/android-emulator-runner@v2	2026-10-03T16:07:53.7964600Z > Task :app:checkDebugAarMetadata
mobile	Run reactivecircus/android-emulator-runner@v2	2026-10-03T16:07:53.8011270Z > Task :app:mapDebugSourceSetPaths
mobile	Run reactivecircus/android-emulator-runner@v2	2026-10-03T16:07:53.8037271Z > Task :app:generateDebugResources
mobile	Run reactivecircus/android-emulator-runner@v2	2026-10-03T16:07:54.2936714Z > Task :app:packageDebugResources
mobile	Run reactivecircus/android-emulator-runner@v2	2026-10-03T16:07:55.4911941Z > Task :app:mergeDebugResources
mobile	Run reactivecircus/android-emulator-runner@v2	2026-10-03T16:07:55.6935821Z > Task :app:createDebugCompatibleScreenManifests
mobile	Run reactivecircus/android-emulator-runner@v2	2026-10-03T16:07:55.7947074Z > Task :app:extractDeepLinksDebug
mobile	Run reactivecircus/android-emulator-runner@v2	2026-10-03T16:07:55.7948026Z > Task :app:parseDebugLocalResources
mobile	Run reactivecircus/android-emulator-runner@v2	2026-10-03T16:07:55.9919160Z > Task :app:processDebugMainManifest
mobile	Run reactivecircus/android-emulator-runner@v2	2026-10-03T16:07:56.0915148Z > Task :app:processDebugManifest
mobile	Run reactivecircus/android-emulator-runner@v2	2026-10-03T16:07:56.1912524Z > Task :app:processDebugManifestForPackage
mobile	Run reactivecircus/android-emulator-runner@v2	2026-10-03T16:07:56.1913089Z > Task :app:javaPreCompileDebug
mobile	Run reactivecircus/android-emulator-runner@v2	2026-10-03T16:07:57.0925524Z > Task :app:mergeDebugShaders
mobile	Run reactivecircus/android-emulator-runner@v2	2026-10-03T16:07:57.0958328Z > Task :app:compileDebugShaders NO-SOURCE
mobile	Run reactivecircus/android-emulator-runner@v2	2026-10-03T16:07:57.1024945Z > Task :app:generateDebugAssets UP-TO-DATE
mobile	Run reactivecircus/android-emulator-runner@v2	2026-10-03T16:07:57.1922242Z > Task :app:mergeDebugAssets
mobile	Run reactivecircus/android-emulator-runner@v2	2026-10-03T16:07:57.1976138Z > Task :app:compressDebugAssets
mobile	Run reactivecircus/android-emulator-runner@v2	2026-10-03T16:07:57.2028632Z > Task :app:desugarDebugFileDependencies
mobile	Run reactivecircus/android-emulator-runner@v2	2026-10-03T16:07:57.4936116Z > Task :app:processDebugResources
mobile	Run reactivecircus/android-emulator-runner@v2	2026-10-03T16:07:57.7915399Z > Task :app:checkDebugDuplicateClasses
mobile	Run reactivecircus/android-emulator-runner@v2	2026-10-03T16:08:26.1939840Z > Task :app:compileDebugKotlin
mobile	Run reactivecircus/android-emulator-runner@v2	2026-10-03T16:08:32.5936410Z > Task :app:compileDebugJavaWithJavac NO-SOURCE
mobile	Run reactivecircus/android-emulator-runner@v2	2026-10-03T16:08:33.1945463Z > Task :app:dexBuilderDebug
mobile	Run reactivecircus/android-emulator-runner@v2	2026-10-03T16:08:33.2917499Z > Task :app:mergeDebugGlobalSynthetics
mobile	Run reactivecircus/android-emulator-runner@v2	2026-10-03T16:08:33.2951823Z > Task :app:processDebugJavaRes
mobile	Run reactivecircus/android-emulator-runner@v2	2026-10-03T16:08:33.7924358Z > Task :app:mergeLibDexDebug
mobile	Run reactivecircus/android-emulator-runner@v2	2026-10-03T16:08:33.7961484Z > Task :app:mergeDebugJniLibFolders
mobile	Run reactivecircus/android-emulator-runner@v2	2026-10-03T16:08:33.8911986Z > Task :app:mergeProjectDexDebug
mobile	Run reactivecircus/android-emulator-runner@v2	2026-10-03T16:08:33.8934432Z > Task :app:mergeDebugNativeLibs
mobile	Run reactivecircus/android-emulator-runner@v2	2026-10-03T16:08:33.9924854Z > Task :app:mergeExtDexDebug
mobile	Run reactivecircus/android-emulator-runner@v2	2026-10-03T16:08:34.1925083Z > Task :app:mergeDebugJavaResource
mobile	Run reactivecircus/android-emulator-runner@v2	2026-10-03T16:08:34.9911929Z > Task :app:validateSigningDebug
mobile	Run reactivecircus/android-emulator-runner@v2	2026-10-03T16:08:34.9934723Z > Task :app:writeDebugAppMetadata
mobile	Run reactivecircus/android-emulator-runner@v2	2026-10-03T16:08:34.9937173Z 
mobile	Run reactivecircus/android-emulator-runner@v2	2026-10-03T16:08:34.9952801Z > Task :app:stripDebugDebugSymbols
mobile	Run reactivecircus/android-emulator-runner@v2	2026-10-03T16:08:34.9988768Z Unable to strip the following libraries, packaging them as they are: libandroidx.graphics.path.so.
mobile	Run reactivecircus/android-emulator-runner@v2	2026-10-03T16:08:35.0034281Z 
mobile	Run reactivecircus/android-emulator-runner@v2	2026-10-03T16:08:35.0075094Z > Task :app:writeDebugSigningConfigVersions
mobile	Run reactivecircus/android-emulator-runner@v2	2026-10-03T16:08:35.0112513Z > Task :app:preDebugAndroidTestBuild SKIPPED
mobile	Run reactivecircus/android-emulator-runner@v2	2026-10-03T16:08:35.0116498Z > Task :app:bundleDebugClassesToCompileJar
mobile	Run reactivecircus/android-emulator-runner@v2	2026-10-03T16:08:35.0116996Z > Task :app:checkDebugAndroidTestAarMetadata
mobile	Run reactivecircus/android-emulator-runner@v2	2026-10-03T16:08:35.0117463Z > Task :app:generateDebugAndroidTestResValues
mobile	Run reactivecircus/android-emulator-runner@v2	2026-10-03T16:08:35.0117939Z > Task :app:mapDebugAndroidTestSourceSetPaths
mobile	Run reactivecircus/android-emulator-runner@v2	2026-10-03T16:08:35.0118405Z > Task :app:generateDebugAndroidTestResources
mobile	Run reactivecircus/android-emulator-runner@v2	2026-10-03T16:08:35.0119465Z > Task :app:mergeDebugAndroidTestResources
mobile	Run reactivecircus/android-emulator-runner@v2	2026-10-03T16:08:35.0119907Z > Task :app:processDebugAndroidTestManifest
mobile	Run reactivecircus/android-emulator-runner@v2	2026-10-03T16:08:35.0915142Z > Task :app:javaPreCompileDebugAndroidTest
mobile	Run reactivecircus/android-emulator-runner@v2	2026-10-03T16:08:35.0950491Z > Task :app:mergeDebugAndroidTestShaders
mobile	Run reactivecircus/android-emulator-runner@v2	2026-10-03T16:08:35.0951287Z > Task :app:compileDebugAndroidTestShaders NO-SOURCE
mobile	Run reactivecircus/android-emulator-runner@v2	2026-10-03T16:08:35.0951934Z > Task :app:generateDebugAndroidTestAssets UP-TO-DATE
mobile	Run reactivecircus/android-emulator-runner@v2	2026-10-03T16:08:35.0952450Z > Task :app:mergeDebugAndroidTestAssets
mobile	Run reactivecircus/android-emulator-runner@v2	2026-10-03T16:08:35.0952920Z > Task :app:compressDebugAndroidTestAssets
mobile	Run reactivecircus/android-emulator-runner@v2	2026-10-03T16:08:35.0953438Z > Task :app:desugarDebugAndroidTestFileDependencies
mobile	Run reactivecircus/android-emulator-runner@v2	2026-10-03T16:08:35.0954781Z > Task :app:checkDebugAndroidTestDuplicateClasses
mobile	Run reactivecircus/android-emulator-runner@v2	2026-10-03T16:08:35.0961799Z > Task :app:mergeDebugAndroidTestJniLibFolders
mobile	Run reactivecircus/android-emulator-runner@v2	2026-10-03T16:08:35.0962323Z > Task :app:mergeExtDexDebugAndroidTest
mobile	Run reactivecircus/android-emulator-runner@v2	2026-10-03T16:08:35.0962833Z > Task :app:mergeDebugAndroidTestNativeLibs NO-SOURCE
mobile	Run reactivecircus/android-emulator-runner@v2	2026-10-03T16:08:35.0963397Z > Task :app:stripDebugAndroidTestDebugSymbols NO-SOURCE
mobile	Run reactivecircus/android-emulator-runner@v2	2026-10-03T16:08:35.0964086Z > Task :app:validateSigningDebugAndroidTest
mobile	Run reactivecircus/android-emulator-runner@v2	2026-10-03T16:08:35.0964614Z > Task :app:writeDebugAndroidTestSigningConfigVersions
mobile	Run reactivecircus/android-emulator-runner@v2	2026-10-03T16:08:35.0965124Z > Task :app:mergeLibDexDebugAndroidTest
mobile	Run reactivecircus/android-emulator-runner@v2	2026-10-03T16:08:35.1912015Z > Task :app:processDebugAndroidTestResources
mobile	Run reactivecircus/android-emulator-runner@v2	2026-10-03T16:08:37.3915050Z > Task :app:packageDebug
mobile	Run reactivecircus/android-emulator-runner@v2	2026-10-03T16:08:37.3915705Z > Task :app:createDebugApkListingFileRedirect
mobile	Run reactivecircus/android-emulator-runner@v2	2026-10-03T16:08:37.3916243Z > Task :app:assembleDebug
mobile	Run reactivecircus/android-emulator-runner@v2	2026-10-03T16:08:39.1911448Z 
mobile	Run reactivecircus/android-emulator-runner@v2	2026-10-03T16:08:39.1914734Z > Task :app:compileDebugAndroidTestKotlin
mobile	Run reactivecircus/android-emulator-runner@v2	2026-10-03T16:08:39.1917409Z w: file:///home/runner/work/IM-platform/IM-platform/clients/mobile/app/src/androidTest/kotlin/im/platform/client/storage/StorageInstrumentation.kt:169:68 Type argument for reified type parameter 'T' was inferred to the intersection of ['kotlin.Comparable<*>' & 'java.io.Serializable']. Reification of an intersection type results in the common supertype being used. This may lead to subtle issues and an explicit type argument is encouraged. This will become an error in a future release.
mobile	Run reactivecircus/android-emulator-runner@v2	2026-10-03T16:08:39.1921360Z w: file:///home/runner/work/IM-platform/IM-platform/clients/mobile/app/src/androidTest/kotlin/im/platform/client/storage/StorageInstrumentation.kt:170:68 Type argument for reified type parameter 'T' was inferred to the intersection of ['kotlin.Comparable<*>' & 'java.io.Serializable']. Reification of an intersection type results in the common supertype being used. This may lead to subtle issues and an explicit type argument is encouraged. This will become an error in a future release.
mobile	Run reactivecircus/android-emulator-runner@v2	2026-10-03T16:08:39.1923109Z 
mobile	Run reactivecircus/android-emulator-runner@v2	2026-10-03T16:08:39.1923554Z > Task :app:compileDebugAndroidTestJavaWithJavac NO-SOURCE
mobile	Run reactivecircus/android-emulator-runner@v2	2026-10-03T16:08:39.4925139Z > Task :app:dexBuilderDebugAndroidTest
mobile	Run reactivecircus/android-emulator-runner@v2	2026-10-03T16:08:39.5919678Z > Task :app:mergeDebugAndroidTestGlobalSynthetics
mobile	Run reactivecircus/android-emulator-runner@v2	2026-10-03T16:08:39.5934512Z > Task :app:processDebugAndroidTestJavaRes
mobile	Run reactivecircus/android-emulator-runner@v2	2026-10-03T16:08:39.5944855Z > Task :app:mergeDebugAndroidTestJavaResource
mobile	Run reactivecircus/android-emulator-runner@v2	2026-10-03T16:08:39.5945433Z > Task :app:mergeProjectDexDebugAndroidTest
mobile	Run reactivecircus/android-emulator-runner@v2	2026-10-03T16:08:39.6807338Z > Task :app:packageDebugAndroidTest
mobile	Run reactivecircus/android-emulator-runner@v2	2026-10-03T16:08:39.6825280Z > Task :app:createDebugAndroidTestApkListingFileRedirect
mobile	Run reactivecircus/android-emulator-runner@v2	2026-10-03T16:08:39.6825889Z > Task :app:assembleDebugAndroidTest
mobile	Run reactivecircus/android-emulator-runner@v2	2026-10-03T16:08:39.6826138Z 
mobile	Run reactivecircus/android-emulator-runner@v2	2026-10-03T16:08:39.6828870Z BUILD SUCCESSFUL in 1m 58s
mobile	Run reactivecircus/android-emulator-runner@v2	2026-10-03T16:08:39.6829373Z 62 actionable tasks: 62 executed
mobile	Run reactivecircus/android-emulator-runner@v2	2026-10-03T16:08:40.0672113Z Actual minimum emulator SDK: 34 boot: 1 credential-encrypted storage: true
mobile	Run reactivecircus/android-emulator-runner@v2	2026-10-03T16:08:40.0673060Z + adb -s emulator-5554 install -r /home/runner/work/IM-platform/IM-platform/clients/mobile/app/build/outputs/apk/debug/app-debug.apk
mobile	Run reactivecircus/android-emulator-runner@v2	2026-10-03T16:08:40.3371076Z Performing Streamed Install
mobile	Run reactivecircus/android-emulator-runner@v2	2026-10-03T16:08:40.3372504Z Success
mobile	Run reactivecircus/android-emulator-runner@v2	2026-10-03T16:08:40.3379501Z + adb -s emulator-5554 install -r /home/runner/work/IM-platform/IM-platform/clients/mobile/app/build/outputs/apk/androidTest/debug/app-debug-androidTest.apk
mobile	Run reactivecircus/android-emulator-runner@v2	2026-10-03T16:08:40.6011277Z Performing Streamed Install
mobile	Run reactivecircus/android-emulator-runner@v2	2026-10-03T16:08:40.6013320Z Success
mobile	Run reactivecircus/android-emulator-runner@v2	2026-10-03T16:08:40.6015537Z + adb -s emulator-5554 shell am instrument -w im.platform.client.test/im.platform.client.storage.StorageInstrumentation phase=install
mobile	Run reactivecircus/android-emulator-runner@v2	2026-10-03T16:08:41.5973103Z 
mobile	Run reactivecircus/android-emulator-runner@v2	2026-10-03T16:08:41.6824177Z INSTRUMENTATION_RESULT: assertions=137
mobile	Run reactivecircus/android-emulator-runner@v2	2026-10-03T16:08:41.6824644Z INSTRUMENTATION_RESULT: canonicalCases=13
mobile	Run reactivecircus/android-emulator-runner@v2	2026-10-03T16:08:41.6824995Z INSTRUMENTATION_RESULT: engine=actual Android SDK SQLite
mobile	Run reactivecircus/android-emulator-runner@v2	2026-10-03T16:08:41.6825357Z INSTRUMENTATION_RESULT: result=PASS
mobile	Run reactivecircus/android-emulator-runner@v2	2026-10-03T16:08:41.6825634Z INSTRUMENTATION_RESULT: sdkInt=34
mobile	Run reactivecircus/android-emulator-runner@v2	2026-10-03T16:08:41.6825927Z INSTRUMENTATION_RESULT: sqliteVersion=3.39.2
mobile	Run reactivecircus/android-emulator-runner@v2	2026-10-03T16:08:41.6826762Z INSTRUMENTATION_CODE: -1
mobile	Run reactivecircus/android-emulator-runner@v2	2026-10-03T16:08:41.6826891Z 
mobile	Run reactivecircus/android-emulator-runner@v2	2026-10-03T16:08:41.6827033Z Task application data-clear: Success
mobile	Run reactivecircus/android-emulator-runner@v2	2026-10-03T16:08:41.6827704Z + adb -s emulator-5554 shell am instrument -w im.platform.client.test/im.platform.client.storage.StorageInstrumentation phase=data-clear
mobile	Run reactivecircus/android-emulator-runner@v2	2026-10-03T16:08:42.2380102Z 
mobile	Run reactivecircus/android-emulator-runner@v2	2026-10-03T16:08:42.2380823Z INSTRUMENTATION_RESULT: assertions=137
mobile	Run reactivecircus/android-emulator-runner@v2	2026-10-03T16:08:42.2381246Z INSTRUMENTATION_RESULT: canonicalCases=13
mobile	Run reactivecircus/android-emulator-runner@v2	2026-10-03T16:08:42.2381661Z INSTRUMENTATION_RESULT: engine=actual Android SDK SQLite
mobile	Run reactivecircus/android-emulator-runner@v2	2026-10-03T16:08:42.2382020Z INSTRUMENTATION_RESULT: result=PASS
mobile	Run reactivecircus/android-emulator-runner@v2	2026-10-03T16:08:42.2382339Z INSTRUMENTATION_RESULT: sdkInt=34
mobile	Run reactivecircus/android-emulator-runner@v2	2026-10-03T16:08:42.2382691Z INSTRUMENTATION_RESULT: sqliteVersion=3.39.2
mobile	Run reactivecircus/android-emulator-runner@v2	2026-10-03T16:08:42.2383024Z INSTRUMENTATION_CODE: -1
mobile	Run reactivecircus/android-emulator-runner@v2	2026-10-03T16:08:42.2383208Z 
mobile	Run reactivecircus/android-emulator-runner@v2	2026-10-03T16:08:42.2383691Z PASS: real Android SDK SQLite fixture/migration/restart/isolation/rollback instrumentation
mobile	Run reactivecircus/android-emulator-runner@v2	2026-10-03T16:08:42.2461680Z [command]/usr/bin/sh -c python3 -B tools/verify_client_send.py --scope mobile --serial emulator-5554
mobile	Run reactivecircus/android-emulator-runner@v2	2026-10-03T16:08:42.2983658Z + chmod +x /home/runner/work/IM-platform/IM-platform/clients/mobile/gradlew
mobile	Run reactivecircus/android-emulator-runner@v2	2026-10-03T16:08:42.2994333Z + /home/runner/work/IM-platform/IM-platform/clients/mobile/gradlew --no-daemon -PimSendInstrumentation=im.platform.client.send.SendInstrumentation assembleDebug assembleDebugAndroidTest
mobile	Run reactivecircus/android-emulator-runner@v2	2026-10-03T16:08:42.6915974Z To honour the JVM settings for this build a single-use Daemon process will be forked. For more on this, please refer to https://docs.gradle.org/8.9/userguide/gradle_daemon.html#sec:disabling_the_daemon in the Gradle documentation.
mobile	Run reactivecircus/android-emulator-runner@v2	2026-10-03T16:08:43.3907127Z Daemon will be stopped at the end of the build 
mobile	Run reactivecircus/android-emulator-runner@v2	2026-10-03T16:08:50.0917293Z > Task :app:preBuild UP-TO-DATE
mobile	Run reactivecircus/android-emulator-runner@v2	2026-10-03T16:08:50.0942897Z > Task :app:preDebugBuild UP-TO-DATE
mobile	Run reactivecircus/android-emulator-runner@v2	2026-10-03T16:08:50.0949014Z > Task :app:mergeDebugNativeDebugMetadata NO-SOURCE
mobile	Run reactivecircus/android-emulator-runner@v2	2026-10-03T16:08:50.0949674Z > Task :app:checkKotlinGradlePluginConfigurationErrors SKIPPED
mobile	Run reactivecircus/android-emulator-runner@v2	2026-10-03T16:08:50.3901654Z > Task :app:checkDebugAarMetadata UP-TO-DATE
mobile	Run reactivecircus/android-emulator-runner@v2	2026-10-03T16:08:50.3924570Z > Task :app:generateDebugResValues UP-TO-DATE
mobile	Run reactivecircus/android-emulator-runner@v2	2026-10-03T16:08:50.3951107Z > Task :app:mapDebugSourceSetPaths UP-TO-DATE
mobile	Run reactivecircus/android-emulator-runner@v2	2026-10-03T16:08:50.3954965Z > Task :app:generateDebugResources UP-TO-DATE
mobile	Run reactivecircus/android-emulator-runner@v2	2026-10-03T16:08:50.4898545Z > Task :app:mergeDebugResources UP-TO-DATE
mobile	Run reactivecircus/android-emulator-runner@v2	2026-10-03T16:08:50.4899439Z > Task :app:packageDebugResources UP-TO-DATE
mobile	Run reactivecircus/android-emulator-runner@v2	2026-10-03T16:08:50.4900048Z > Task :app:parseDebugLocalResources UP-TO-DATE
mobile	Run reactivecircus/android-emulator-runner@v2	2026-10-03T16:08:50.4913602Z > Task :app:createDebugCompatibleScreenManifests UP-TO-DATE
mobile	Run reactivecircus/android-emulator-runner@v2	2026-10-03T16:08:50.4918395Z > Task :app:extractDeepLinksDebug UP-TO-DATE
mobile	Run reactivecircus/android-emulator-runner@v2	2026-10-03T16:08:50.4919048Z > Task :app:processDebugMainManifest UP-TO-DATE
mobile	Run reactivecircus/android-emulator-runner@v2	2026-10-03T16:08:50.4919542Z > Task :app:processDebugManifest UP-TO-DATE
mobile	Run reactivecircus/android-emulator-runner@v2	2026-10-03T16:08:50.4920054Z > Task :app:processDebugManifestForPackage UP-TO-DATE
mobile	Run reactivecircus/android-emulator-runner@v2	2026-10-03T16:08:50.5945317Z > Task :app:processDebugResources UP-TO-DATE
mobile	Run reactivecircus/android-emulator-runner@v2	2026-10-03T16:08:50.7915051Z > Task :app:compileDebugKotlin UP-TO-DATE
mobile	Run reactivecircus/android-emulator-runner@v2	2026-10-03T16:08:50.7942010Z > Task :app:javaPreCompileDebug UP-TO-DATE
mobile	Run reactivecircus/android-emulator-runner@v2	2026-10-03T16:08:50.7945138Z > Task :app:compileDebugJavaWithJavac NO-SOURCE
mobile	Run reactivecircus/android-emulator-runner@v2	2026-10-03T16:08:50.7953034Z > Task :app:mergeDebugShaders UP-TO-DATE
mobile	Run reactivecircus/android-emulator-runner@v2	2026-10-03T16:08:50.7987595Z > Task :app:compileDebugShaders NO-SOURCE
mobile	Run reactivecircus/android-emulator-runner@v2	2026-10-03T16:08:50.7994744Z > Task :app:generateDebugAssets UP-TO-DATE
mobile	Run reactivecircus/android-emulator-runner@v2	2026-10-03T16:08:50.7995209Z > Task :app:mergeDebugAssets UP-TO-DATE
mobile	Run reactivecircus/android-emulator-runner@v2	2026-10-03T16:08:50.7995787Z > Task :app:compressDebugAssets UP-TO-DATE
mobile	Run reactivecircus/android-emulator-runner@v2	2026-10-03T16:08:50.7996305Z > Task :app:desugarDebugFileDependencies UP-TO-DATE
mobile	Run reactivecircus/android-emulator-runner@v2	2026-10-03T16:08:50.7996787Z > Task :app:dexBuilderDebug UP-TO-DATE
mobile	Run reactivecircus/android-emulator-runner@v2	2026-10-03T16:08:50.8900304Z > Task :app:mergeDebugGlobalSynthetics UP-TO-DATE
mobile	Run reactivecircus/android-emulator-runner@v2	2026-10-03T16:08:50.8907994Z > Task :app:processDebugJavaRes UP-TO-DATE
mobile	Run reactivecircus/android-emulator-runner@v2	2026-10-03T16:08:50.9925175Z > Task :app:mergeDebugJavaResource UP-TO-DATE
mobile	Run reactivecircus/android-emulator-runner@v2	2026-10-03T16:08:50.9926022Z > Task :app:checkDebugDuplicateClasses UP-TO-DATE
mobile	Run reactivecircus/android-emulator-runner@v2	2026-10-03T16:08:50.9955593Z > Task :app:mergeExtDexDebug UP-TO-DATE
mobile	Run reactivecircus/android-emulator-runner@v2	2026-10-03T16:08:50.9975580Z > Task :app:mergeLibDexDebug UP-TO-DATE
mobile	Run reactivecircus/android-emulator-runner@v2	2026-10-03T16:08:51.0005593Z > Task :app:mergeProjectDexDebug UP-TO-DATE
mobile	Run reactivecircus/android-emulator-runner@v2	2026-10-03T16:08:51.0024516Z > Task :app:mergeDebugJniLibFolders UP-TO-DATE
mobile	Run reactivecircus/android-emulator-runner@v2	2026-10-03T16:08:51.0914070Z > Task :app:mergeDebugNativeLibs UP-TO-DATE
mobile	Run reactivecircus/android-emulator-runner@v2	2026-10-03T16:08:51.0930824Z > Task :app:stripDebugDebugSymbols UP-TO-DATE
mobile	Run reactivecircus/android-emulator-runner@v2	2026-10-03T16:08:51.0931429Z > Task :app:validateSigningDebug UP-TO-DATE
mobile	Run reactivecircus/android-emulator-runner@v2	2026-10-03T16:08:51.0931878Z > Task :app:writeDebugAppMetadata UP-TO-DATE
mobile	Run reactivecircus/android-emulator-runner@v2	2026-10-03T16:08:51.0932396Z > Task :app:writeDebugSigningConfigVersions UP-TO-DATE
mobile	Run reactivecircus/android-emulator-runner@v2	2026-10-03T16:08:51.0932860Z > Task :app:packageDebug UP-TO-DATE
mobile	Run reactivecircus/android-emulator-runner@v2	2026-10-03T16:08:51.0933343Z > Task :app:createDebugApkListingFileRedirect UP-TO-DATE
mobile	Run reactivecircus/android-emulator-runner@v2	2026-10-03T16:08:51.0935291Z > Task :app:assembleDebug UP-TO-DATE
mobile	Run reactivecircus/android-emulator-runner@v2	2026-10-03T16:08:51.1903400Z > Task :app:bundleDebugClassesToCompileJar UP-TO-DATE
mobile	Run reactivecircus/android-emulator-runner@v2	2026-10-03T16:08:51.1903968Z > Task :app:preDebugAndroidTestBuild SKIPPED
mobile	Run reactivecircus/android-emulator-runner@v2	2026-10-03T16:08:51.1904359Z > Task :app:checkDebugAndroidTestAarMetadata UP-TO-DATE
mobile	Run reactivecircus/android-emulator-runner@v2	2026-10-03T16:08:51.1904745Z > Task :app:generateDebugAndroidTestResValues UP-TO-DATE
mobile	Run reactivecircus/android-emulator-runner@v2	2026-10-03T16:08:51.1905123Z > Task :app:mapDebugAndroidTestSourceSetPaths UP-TO-DATE
mobile	Run reactivecircus/android-emulator-runner@v2	2026-10-03T16:08:51.1905520Z > Task :app:generateDebugAndroidTestResources UP-TO-DATE
mobile	Run reactivecircus/android-emulator-runner@v2	2026-10-03T16:08:51.1905832Z > Task :app:mergeDebugAndroidTestResources UP-TO-DATE
mobile	Run reactivecircus/android-emulator-runner@v2	2026-10-03T16:08:51.2942642Z > Task :app:processDebugAndroidTestManifest
mobile	Run reactivecircus/android-emulator-runner@v2	2026-10-03T16:08:51.3005720Z > Task :app:javaPreCompileDebugAndroidTest UP-TO-DATE
mobile	Run reactivecircus/android-emulator-runner@v2	2026-10-03T16:08:51.3018583Z > Task :app:mergeDebugAndroidTestShaders UP-TO-DATE
mobile	Run reactivecircus/android-emulator-runner@v2	2026-10-03T16:08:51.3035139Z > Task :app:compileDebugAndroidTestShaders NO-SOURCE
mobile	Run reactivecircus/android-emulator-runner@v2	2026-10-03T16:08:51.3035863Z > Task :app:generateDebugAndroidTestAssets UP-TO-DATE
mobile	Run reactivecircus/android-emulator-runner@v2	2026-10-03T16:08:51.3914425Z > Task :app:mergeDebugAndroidTestAssets UP-TO-DATE
mobile	Run reactivecircus/android-emulator-runner@v2	2026-10-03T16:08:51.3945050Z > Task :app:compressDebugAndroidTestAssets UP-TO-DATE
mobile	Run reactivecircus/android-emulator-runner@v2	2026-10-03T16:08:51.3947472Z > Task :app:desugarDebugAndroidTestFileDependencies UP-TO-DATE
mobile	Run reactivecircus/android-emulator-runner@v2	2026-10-03T16:08:51.3965254Z > Task :app:checkDebugAndroidTestDuplicateClasses UP-TO-DATE
mobile	Run reactivecircus/android-emulator-runner@v2	2026-10-03T16:08:51.3966039Z > Task :app:mergeExtDexDebugAndroidTest UP-TO-DATE
mobile	Run reactivecircus/android-emulator-runner@v2	2026-10-03T16:08:51.3966571Z > Task :app:mergeLibDexDebugAndroidTest UP-TO-DATE
mobile	Run reactivecircus/android-emulator-runner@v2	2026-10-03T16:08:51.3970896Z > Task :app:mergeDebugAndroidTestJniLibFolders UP-TO-DATE
mobile	Run reactivecircus/android-emulator-runner@v2	2026-10-03T16:08:51.3971452Z > Task :app:mergeDebugAndroidTestNativeLibs NO-SOURCE
mobile	Run reactivecircus/android-emulator-runner@v2	2026-10-03T16:08:51.3975510Z > Task :app:stripDebugAndroidTestDebugSymbols NO-SOURCE
mobile	Run reactivecircus/android-emulator-runner@v2	2026-10-03T16:08:51.3976061Z > Task :app:validateSigningDebugAndroidTest UP-TO-DATE
mobile	Run reactivecircus/android-emulator-runner@v2	2026-10-03T16:08:51.3976629Z > Task :app:writeDebugAndroidTestSigningConfigVersions UP-TO-DATE
mobile	Run reactivecircus/android-emulator-runner@v2	2026-10-03T16:08:51.5906454Z > Task :app:processDebugAndroidTestResources
mobile	Run reactivecircus/android-emulator-runner@v2	2026-10-03T16:08:51.5907345Z > Task :app:compileDebugAndroidTestKotlin UP-TO-DATE
mobile	Run reactivecircus/android-emulator-runner@v2	2026-10-03T16:08:51.5908000Z > Task :app:compileDebugAndroidTestJavaWithJavac NO-SOURCE
mobile	Run reactivecircus/android-emulator-runner@v2	2026-10-03T16:08:51.6906486Z > Task :app:dexBuilderDebugAndroidTest UP-TO-DATE
mobile	Run reactivecircus/android-emulator-runner@v2	2026-10-03T16:08:51.6909767Z > Task :app:mergeDebugAndroidTestGlobalSynthetics UP-TO-DATE
mobile	Run reactivecircus/android-emulator-runner@v2	2026-10-03T16:08:51.6934621Z > Task :app:processDebugAndroidTestJavaRes UP-TO-DATE
mobile	Run reactivecircus/android-emulator-runner@v2	2026-10-03T16:08:51.6972877Z > Task :app:mergeDebugAndroidTestJavaResource UP-TO-DATE
mobile	Run reactivecircus/android-emulator-runner@v2	2026-10-03T16:08:51.7003229Z > Task :app:mergeProjectDexDebugAndroidTest UP-TO-DATE
mobile	Run reactivecircus/android-emulator-runner@v2	2026-10-03T16:08:51.7898913Z > Task :app:packageDebugAndroidTest
mobile	Run reactivecircus/android-emulator-runner@v2	2026-10-03T16:08:51.7921067Z > Task :app:createDebugAndroidTestApkListingFileRedirect UP-TO-DATE
mobile	Run reactivecircus/android-emulator-runner@v2	2026-10-03T16:08:51.7932911Z > Task :app:assembleDebugAndroidTest
mobile	Run reactivecircus/android-emulator-runner@v2	2026-10-03T16:08:51.8634561Z 
mobile	Run reactivecircus/android-emulator-runner@v2	2026-10-03T16:08:51.8664935Z BUILD SUCCESSFUL in 9s
mobile	Run reactivecircus/android-emulator-runner@v2	2026-10-03T16:08:51.8665767Z 62 actionable tasks: 3 executed, 59 up-to-date
mobile	Run reactivecircus/android-emulator-runner@v2	2026-10-03T16:08:51.9918685Z + adb -s emulator-5554 install -r /home/runner/work/IM-platform/IM-platform/clients/mobile/app/build/outputs/apk/debug/app-debug.apk
mobile	Run reactivecircus/android-emulator-runner@v2	2026-10-03T16:08:52.2083752Z Performing Streamed Install
mobile	Run reactivecircus/android-emulator-runner@v2	2026-10-03T16:08:52.2084718Z Success
mobile	Run reactivecircus/android-emulator-runner@v2	2026-10-03T16:08:52.2090062Z + adb -s emulator-5554 install -r /home/runner/work/IM-platform/IM-platform/clients/mobile/app/build/outputs/apk/androidTest/debug/app-debug-androidTest.apk
mobile	Run reactivecircus/android-emulator-runner@v2	2026-10-03T16:08:52.3489929Z Performing Streamed Install
mobile	Run reactivecircus/android-emulator-runner@v2	2026-10-03T16:08:52.3490743Z Success
mobile	Run reactivecircus/android-emulator-runner@v2	2026-10-03T16:08:52.4502603Z + adb -s emulator-5554 reverse tcp:59575 tcp:59575
mobile	Run reactivecircus/android-emulator-runner@v2	2026-10-03T16:08:52.4526087Z 59575
mobile	Run reactivecircus/android-emulator-runner@v2	2026-10-03T16:08:52.4529815Z + actual API34 SendInstrumentation with private TLS fixture
mobile	Run reactivecircus/android-emulator-runner@v2	2026-10-03T16:08:57.0283228Z 
mobile	Run reactivecircus/android-emulator-runner@v2	2026-10-03T16:08:57.0283950Z INSTRUMENTATION_RESULT: assertions=66
mobile	Run reactivecircus/android-emulator-runner@v2	2026-10-03T16:08:57.0284698Z INSTRUMENTATION_RESULT: engine=actual Android SDK SQLite + standard verified TLS WSS + StateFlow
mobile	Run reactivecircus/android-emulator-runner@v2	2026-10-03T16:08:57.0285194Z INSTRUMENTATION_RESULT: result=PASS
mobile	Run reactivecircus/android-emulator-runner@v2	2026-10-03T16:08:57.0285480Z INSTRUMENTATION_RESULT: sdkInt=34
mobile	Run reactivecircus/android-emulator-runner@v2	2026-10-03T16:08:57.0285756Z INSTRUMENTATION_CODE: -1
mobile	Run reactivecircus/android-emulator-runner@v2	2026-10-03T16:08:57.0285892Z 
mobile	Run reactivecircus/android-emulator-runner@v2	2026-10-03T16:08:57.0286063Z + adb -s emulator-5554 reverse --remove tcp:59575
mobile	Run reactivecircus/android-emulator-runner@v2	2026-10-03T16:08:57.0312134Z PASS: controlled TLS fixture actual client behavior; this is distinct from Go durable-ACK E2E
mobile	Run reactivecircus/android-emulator-runner@v2	2026-10-03T16:08:57.0398755Z [command]/usr/bin/sh -c python3 -B tools/verify_client_sync.py --scope mobile --serial emulator-5554
mobile	Run reactivecircus/android-emulator-runner@v2	2026-10-03T16:08:57.0660591Z + chmod +x /home/runner/work/IM-platform/IM-platform/clients/mobile/gradlew
mobile	Run reactivecircus/android-emulator-runner@v2	2026-10-03T16:08:57.0671010Z + /home/runner/work/IM-platform/IM-platform/clients/mobile/gradlew --no-daemon -PimSendInstrumentation=im.platform.client.sync.SyncInstrumentation assembleDebug assembleDebugAndroidTest
mobile	Run reactivecircus/android-emulator-runner@v2	2026-10-03T16:08:57.5864776Z To honour the JVM settings for this build a single-use Daemon process will be forked. For more on this, please refer to https://docs.gradle.org/8.9/userguide/gradle_daemon.html#sec:disabling_the_daemon in the Gradle documentation.
mobile	Run reactivecircus/android-emulator-runner@v2	2026-10-03T16:08:58.2852955Z Daemon will be stopped at the end of the build 
mobile	Run reactivecircus/android-emulator-runner@v2	2026-10-03T16:09:04.6881851Z > Task :app:preBuild UP-TO-DATE
mobile	Run reactivecircus/android-emulator-runner@v2	2026-10-03T16:09:04.6882726Z > Task :app:preDebugBuild UP-TO-DATE
mobile	Run reactivecircus/android-emulator-runner@v2	2026-10-03T16:09:04.6883368Z > Task :app:mergeDebugNativeDebugMetadata NO-SOURCE
mobile	Run reactivecircus/android-emulator-runner@v2	2026-10-03T16:09:04.6884013Z > Task :app:checkKotlinGradlePluginConfigurationErrors SKIPPED
mobile	Run reactivecircus/android-emulator-runner@v2	2026-10-03T16:09:04.9850023Z > Task :app:checkDebugAarMetadata UP-TO-DATE
mobile	Run reactivecircus/android-emulator-runner@v2	2026-10-03T16:09:04.9860638Z > Task :app:generateDebugResValues UP-TO-DATE
mobile	Run reactivecircus/android-emulator-runner@v2	2026-10-03T16:09:04.9862436Z > Task :app:mapDebugSourceSetPaths UP-TO-DATE
mobile	Run reactivecircus/android-emulator-runner@v2	2026-10-03T16:09:04.9862909Z > Task :app:generateDebugResources UP-TO-DATE
mobile	Run reactivecircus/android-emulator-runner@v2	2026-10-03T16:09:04.9863230Z > Task :app:mergeDebugResources UP-TO-DATE
mobile	Run reactivecircus/android-emulator-runner@v2	2026-10-03T16:09:04.9863541Z > Task :app:packageDebugResources UP-TO-DATE
mobile	Run reactivecircus/android-emulator-runner@v2	2026-10-03T16:09:04.9864017Z > Task :app:parseDebugLocalResources UP-TO-DATE
mobile	Run reactivecircus/android-emulator-runner@v2	2026-10-03T16:09:05.0865087Z > Task :app:createDebugCompatibleScreenManifests UP-TO-DATE
mobile	Run reactivecircus/android-emulator-runner@v2	2026-10-03T16:09:05.0874574Z > Task :app:extractDeepLinksDebug UP-TO-DATE
mobile	Run reactivecircus/android-emulator-runner@v2	2026-10-03T16:09:05.0894667Z > Task :app:processDebugMainManifest UP-TO-DATE
mobile	Run reactivecircus/android-emulator-runner@v2	2026-10-03T16:09:05.0898072Z > Task :app:processDebugManifest UP-TO-DATE
mobile	Run reactivecircus/android-emulator-runner@v2	2026-10-03T16:09:05.0898670Z > Task :app:processDebugManifestForPackage UP-TO-DATE
mobile	Run reactivecircus/android-emulator-runner@v2	2026-10-03T16:09:05.1852561Z > Task :app:processDebugResources UP-TO-DATE
mobile	Run reactivecircus/android-emulator-runner@v2	2026-10-03T16:09:05.2894917Z > Task :app:compileDebugKotlin UP-TO-DATE
mobile	Run reactivecircus/android-emulator-runner@v2	2026-10-03T16:09:05.2895459Z > Task :app:javaPreCompileDebug UP-TO-DATE
mobile	Run reactivecircus/android-emulator-runner@v2	2026-10-03T16:09:05.2920579Z > Task :app:compileDebugJavaWithJavac NO-SOURCE
mobile	Run reactivecircus/android-emulator-runner@v2	2026-10-03T16:09:05.2920936Z > Task :app:mergeDebugShaders UP-TO-DATE
mobile	Run reactivecircus/android-emulator-runner@v2	2026-10-03T16:09:05.2921165Z > Task :app:compileDebugShaders NO-SOURCE
mobile	Run reactivecircus/android-emulator-runner@v2	2026-10-03T16:09:05.2921387Z > Task :app:generateDebugAssets UP-TO-DATE
mobile	Run reactivecircus/android-emulator-runner@v2	2026-10-03T16:09:05.2921612Z > Task :app:mergeDebugAssets UP-TO-DATE
mobile	Run reactivecircus/android-emulator-runner@v2	2026-10-03T16:09:05.2921803Z > Task :app:compressDebugAssets UP-TO-DATE
mobile	Run reactivecircus/android-emulator-runner@v2	2026-10-03T16:09:05.2922040Z > Task :app:desugarDebugFileDependencies UP-TO-DATE
mobile	Run reactivecircus/android-emulator-runner@v2	2026-10-03T16:09:05.2922268Z > Task :app:dexBuilderDebug UP-TO-DATE
mobile	Run reactivecircus/android-emulator-runner@v2	2026-10-03T16:09:05.3849096Z > Task :app:mergeDebugGlobalSynthetics UP-TO-DATE
mobile	Run reactivecircus/android-emulator-runner@v2	2026-10-03T16:09:05.3849580Z > Task :app:processDebugJavaRes UP-TO-DATE
mobile	Run reactivecircus/android-emulator-runner@v2	2026-10-03T16:09:05.3850263Z > Task :app:mergeDebugJavaResource UP-TO-DATE
mobile	Run reactivecircus/android-emulator-runner@v2	2026-10-03T16:09:05.3850626Z > Task :app:checkDebugDuplicateClasses UP-TO-DATE
mobile	Run reactivecircus/android-emulator-runner@v2	2026-10-03T16:09:05.3850961Z > Task :app:mergeExtDexDebug UP-TO-DATE
mobile	Run reactivecircus/android-emulator-runner@v2	2026-10-03T16:09:05.3851260Z > Task :app:mergeLibDexDebug UP-TO-DATE
mobile	Run reactivecircus/android-emulator-runner@v2	2026-10-03T16:09:05.3851575Z > Task :app:mergeProjectDexDebug UP-TO-DATE
mobile	Run reactivecircus/android-emulator-runner@v2	2026-10-03T16:09:05.4858191Z > Task :app:mergeDebugJniLibFolders UP-TO-DATE
mobile	Run reactivecircus/android-emulator-runner@v2	2026-10-03T16:09:05.4860024Z > Task :app:mergeDebugNativeLibs UP-TO-DATE
mobile	Run reactivecircus/android-emulator-runner@v2	2026-10-03T16:09:05.4861243Z > Task :app:stripDebugDebugSymbols UP-TO-DATE
mobile	Run reactivecircus/android-emulator-runner@v2	2026-10-03T16:09:05.4861709Z > Task :app:validateSigningDebug UP-TO-DATE
mobile	Run reactivecircus/android-emulator-runner@v2	2026-10-03T16:09:05.4862153Z > Task :app:writeDebugAppMetadata UP-TO-DATE
mobile	Run reactivecircus/android-emulator-runner@v2	2026-10-03T16:09:05.4862644Z > Task :app:writeDebugSigningConfigVersions UP-TO-DATE
mobile	Run reactivecircus/android-emulator-runner@v2	2026-10-03T16:09:05.4863111Z > Task :app:packageDebug UP-TO-DATE
mobile	Run reactivecircus/android-emulator-runner@v2	2026-10-03T16:09:05.4864049Z > Task :app:createDebugApkListingFileRedirect UP-TO-DATE
mobile	Run reactivecircus/android-emulator-runner@v2	2026-10-03T16:09:05.4864515Z > Task :app:assembleDebug UP-TO-DATE
mobile	Run reactivecircus/android-emulator-runner@v2	2026-10-03T16:09:05.4864989Z > Task :app:bundleDebugClassesToCompileJar UP-TO-DATE
mobile	Run reactivecircus/android-emulator-runner@v2	2026-10-03T16:09:05.4865442Z > Task :app:preDebugAndroidTestBuild SKIPPED
mobile	Run reactivecircus/android-emulator-runner@v2	2026-10-03T16:09:05.4865988Z > Task :app:checkDebugAndroidTestAarMetadata UP-TO-DATE
mobile	Run reactivecircus/android-emulator-runner@v2	2026-10-03T16:09:05.4866513Z > Task :app:generateDebugAndroidTestResValues UP-TO-DATE
mobile	Run reactivecircus/android-emulator-runner@v2	2026-10-03T16:09:05.4867350Z > Task :app:mapDebugAndroidTestSourceSetPaths UP-TO-DATE
mobile	Run reactivecircus/android-emulator-runner@v2	2026-10-03T16:09:05.4867908Z > Task :app:generateDebugAndroidTestResources UP-TO-DATE
mobile	Run reactivecircus/android-emulator-runner@v2	2026-10-03T16:09:05.4868434Z > Task :app:mergeDebugAndroidTestResources UP-TO-DATE
mobile	Run reactivecircus/android-emulator-runner@v2	2026-10-03T16:09:05.5866950Z > Task :app:processDebugAndroidTestManifest
mobile	Run reactivecircus/android-emulator-runner@v2	2026-10-03T16:09:05.5905074Z > Task :app:javaPreCompileDebugAndroidTest UP-TO-DATE
mobile	Run reactivecircus/android-emulator-runner@v2	2026-10-03T16:09:05.5934767Z > Task :app:mergeDebugAndroidTestShaders UP-TO-DATE
mobile	Run reactivecircus/android-emulator-runner@v2	2026-10-03T16:09:05.5952786Z > Task :app:compileDebugAndroidTestShaders NO-SOURCE
mobile	Run reactivecircus/android-emulator-runner@v2	2026-10-03T16:09:05.5964798Z > Task :app:generateDebugAndroidTestAssets UP-TO-DATE
mobile	Run reactivecircus/android-emulator-runner@v2	2026-10-03T16:09:05.6856141Z > Task :app:mergeDebugAndroidTestAssets UP-TO-DATE
mobile	Run reactivecircus/android-emulator-runner@v2	2026-10-03T16:09:05.6874940Z > Task :app:compressDebugAndroidTestAssets UP-TO-DATE
mobile	Run reactivecircus/android-emulator-runner@v2	2026-10-03T16:09:05.6894860Z > Task :app:desugarDebugAndroidTestFileDependencies UP-TO-DATE
mobile	Run reactivecircus/android-emulator-runner@v2	2026-10-03T16:09:05.6895807Z > Task :app:checkDebugAndroidTestDuplicateClasses UP-TO-DATE
mobile	Run reactivecircus/android-emulator-runner@v2	2026-10-03T16:09:05.6896874Z > Task :app:mergeExtDexDebugAndroidTest UP-TO-DATE
mobile	Run reactivecircus/android-emulator-runner@v2	2026-10-03T16:09:05.6897394Z > Task :app:mergeLibDexDebugAndroidTest UP-TO-DATE
mobile	Run reactivecircus/android-emulator-runner@v2	2026-10-03T16:09:05.6897951Z > Task :app:mergeDebugAndroidTestJniLibFolders UP-TO-DATE
mobile	Run reactivecircus/android-emulator-runner@v2	2026-10-03T16:09:05.6904419Z > Task :app:mergeDebugAndroidTestNativeLibs NO-SOURCE
mobile	Run reactivecircus/android-emulator-runner@v2	2026-10-03T16:09:05.6905056Z > Task :app:stripDebugAndroidTestDebugSymbols NO-SOURCE
mobile	Run reactivecircus/android-emulator-runner@v2	2026-10-03T16:09:05.6905511Z > Task :app:validateSigningDebugAndroidTest UP-TO-DATE
mobile	Run reactivecircus/android-emulator-runner@v2	2026-10-03T16:09:05.6905976Z > Task :app:writeDebugAndroidTestSigningConfigVersions UP-TO-DATE
mobile	Run reactivecircus/android-emulator-runner@v2	2026-10-03T16:09:05.8871657Z > Task :app:processDebugAndroidTestResources
mobile	Run reactivecircus/android-emulator-runner@v2	2026-10-03T16:09:05.8927220Z > Task :app:compileDebugAndroidTestKotlin UP-TO-DATE
mobile	Run reactivecircus/android-emulator-runner@v2	2026-10-03T16:09:05.8949560Z > Task :app:compileDebugAndroidTestJavaWithJavac NO-SOURCE
mobile	Run reactivecircus/android-emulator-runner@v2	2026-10-03T16:09:05.8977814Z > Task :app:dexBuilderDebugAndroidTest UP-TO-DATE
mobile	Run reactivecircus/android-emulator-runner@v2	2026-10-03T16:09:05.8982876Z > Task :app:mergeDebugAndroidTestGlobalSynthetics UP-TO-DATE
mobile	Run reactivecircus/android-emulator-runner@v2	2026-10-03T16:09:05.9014284Z > Task :app:processDebugAndroidTestJavaRes UP-TO-DATE
mobile	Run reactivecircus/android-emulator-runner@v2	2026-10-03T16:09:05.9044485Z > Task :app:mergeDebugAndroidTestJavaResource UP-TO-DATE
mobile	Run reactivecircus/android-emulator-runner@v2	2026-10-03T16:09:05.9078068Z > Task :app:mergeProjectDexDebugAndroidTest UP-TO-DATE
mobile	Run reactivecircus/android-emulator-runner@v2	2026-10-03T16:09:06.0861870Z > Task :app:packageDebugAndroidTest
mobile	Run reactivecircus/android-emulator-runner@v2	2026-10-03T16:09:06.0862402Z > Task :app:createDebugAndroidTestApkListingFileRedirect UP-TO-DATE
mobile	Run reactivecircus/android-emulator-runner@v2	2026-10-03T16:09:06.0862785Z > Task :app:assembleDebugAndroidTest
mobile	Run reactivecircus/android-emulator-runner@v2	2026-10-03T16:09:06.1549232Z 
mobile	Run reactivecircus/android-emulator-runner@v2	2026-10-03T16:09:06.1612180Z BUILD SUCCESSFUL in 9s
mobile	Run reactivecircus/android-emulator-runner@v2	2026-10-03T16:09:06.1626297Z 62 actionable tasks: 3 executed, 59 up-to-date
mobile	Run reactivecircus/android-emulator-runner@v2	2026-10-03T16:09:06.2711116Z + adb -s emulator-5554 install -r /home/runner/work/IM-platform/IM-platform/clients/mobile/app/build/outputs/apk/debug/app-debug.apk
mobile	Run reactivecircus/android-emulator-runner@v2	2026-10-03T16:09:06.4429673Z Performing Streamed Install
mobile	Run reactivecircus/android-emulator-runner@v2	2026-10-03T16:09:06.4432205Z Success
mobile	Run reactivecircus/android-emulator-runner@v2	2026-10-03T16:09:06.4433410Z + adb -s emulator-5554 install -r /home/runner/work/IM-platform/IM-platform/clients/mobile/app/build/outputs/apk/androidTest/debug/app-debug-androidTest.apk
mobile	Run reactivecircus/android-emulator-runner@v2	2026-10-03T16:09:06.5425048Z Performing Streamed Install
mobile	Run reactivecircus/android-emulator-runner@v2	2026-10-03T16:09:06.5425480Z Success
mobile	Run reactivecircus/android-emulator-runner@v2	2026-10-03T16:09:06.7993100Z + adb -s emulator-5554 reverse tcp:56847 tcp:56847
mobile	Run reactivecircus/android-emulator-runner@v2	2026-10-03T16:09:06.8020777Z 56847
mobile	Run reactivecircus/android-emulator-runner@v2	2026-10-03T16:09:06.8022149Z + actual API34 SyncInstrumentation, private fixture CA
mobile	Run reactivecircus/android-emulator-runner@v2	2026-10-03T16:09:19.4838946Z 
mobile	Run reactivecircus/android-emulator-runner@v2	2026-10-03T16:09:19.4841010Z INSTRUMENTATION_RESULT: assertions=62
mobile	Run reactivecircus/android-emulator-runner@v2	2026-10-03T16:09:19.4842048Z INSTRUMENTATION_RESULT: result=PASS
mobile	Run reactivecircus/android-emulator-runner@v2	2026-10-03T16:09:19.4847408Z INSTRUMENTATION_RESULT: sdkInt=34
mobile	Run reactivecircus/android-emulator-runner@v2	2026-10-03T16:09:19.4849175Z INSTRUMENTATION_CODE: -1
mobile	Run reactivecircus/android-emulator-runner@v2	2026-10-03T16:09:19.4849519Z 
mobile	Run reactivecircus/android-emulator-runner@v2	2026-10-03T16:09:19.4849953Z + adb -s emulator-5554 reverse --remove tcp:56847
mobile	Run reactivecircus/android-emulator-runner@v2	2026-10-03T16:09:19.4872689Z PASS: actual native HTTPS/WSS controlled fixture; Go/PostgreSQL runtime acceptance is separately identified
mobile	Run reactivecircus/android-emulator-runner@v2	2026-10-03T16:09:19.4993878Z ##[group]Terminate Emulator
mobile	Run reactivecircus/android-emulator-runner@v2	2026-10-03T16:09:19.5004860Z [command]/usr/local/lib/android/sdk/platform-tools/adb -s emulator-5554 emu kill
mobile	Run reactivecircus/android-emulator-runner@v2	2026-10-03T16:09:19.5040708Z OK: killing emulator, bye bye
mobile	Run reactivecircus/android-emulator-runner@v2	2026-10-03T16:09:19.5041080Z OK
mobile	Run reactivecircus/android-emulator-runner@v2	2026-10-03T16:09:19.5041928Z INFO         | Wait for emulator (pid 2614) 20 seconds to shutdown gracefully before kill;you can set environment variable ANDROID_EMULATOR_WAIT_TIME_BEFORE_KILL(in seconds) to change the default value (20 seconds)
mobile	Run reactivecircus/android-emulator-runner@v2	2026-10-03T16:09:19.5042584Z 
mobile	Run reactivecircus/android-emulator-runner@v2	2026-10-03T16:09:19.5043091Z ##[endgroup]
mobile	Run reactivecircus/android-emulator-runner@v2	2026-10-03T16:09:19.5125484Z USER_INFO    | Snapshots have been disabled by the user, save request is ignored.
mobile	Run reactivecircus/android-emulator-runner@v2	2026-10-03T16:09:19.5126249Z INFO         | Saving snapshot 'default_boot' took 0 ms
mobile	Run reactivecircus/android-emulator-runner@v2	2026-10-03T16:09:19.8963203Z ERROR        | stop: Not implemented
mobile	Run reactivecircus/android-emulator-runner@v2	2026-10-03T16:09:19.8964014Z WARNING      | Emulator client has not yet been configured.. Call configure me first!
mobile	Run reactivecircus/android-emulator-runner@v2	2026-10-03T16:09:19.9072564Z INFO         | removeAll
mobile	Run reactivecircus/android-emulator-runner@v2	2026-10-03T16:09:19.9472225Z WARNING      | Netsim Wifi dns:///localhost:42455 is gone due to Stream removed (CANCELLED)
mobile	Post Run actions/setup-java@v4	﻿2026-10-03T16:09:20.4221262Z Post job cleanup.
mobile	Post Run actions/setup-java@v4	2026-10-03T16:09:20.5240757Z (node:3865) [DEP0040] DeprecationWarning: The `punycode` module is deprecated. Please use a userland alternative instead.
mobile	Post Run actions/setup-java@v4	2026-10-03T16:09:20.5241281Z (Use `node --trace-deprecation ...` to show where the warning was created)
mobile	Post Run actions/checkout@v4	﻿2026-10-03T16:09:20.5396118Z Post job cleanup.
mobile	Post Run actions/checkout@v4	2026-10-03T16:09:20.6034376Z [command]/usr/bin/git version
mobile	Post Run actions/checkout@v4	2026-10-03T16:09:20.6068982Z git version 2.55.0
mobile	Post Run actions/checkout@v4	2026-10-03T16:09:20.6094892Z Temporarily overriding HOME='/home/runner/work/_temp/20cf040b-1332-4682-aed6-2ae240d877c6' before making global git config changes
mobile	Post Run actions/checkout@v4	2026-10-03T16:09:20.6095748Z Adding repository directory to the temporary git global config as a safe directory
mobile	Post Run actions/checkout@v4	2026-10-03T16:09:20.6096498Z [command]/usr/bin/git config --global --add safe.directory /home/runner/work/IM-platform/IM-platform
mobile	Post Run actions/checkout@v4	2026-10-03T16:09:20.6130166Z [command]/usr/bin/git config --local --name-only --get-regexp core\.sshCommand
mobile	Post Run actions/checkout@v4	2026-10-03T16:09:20.6195763Z [command]/usr/bin/git submodule foreach --recursive sh -c "git config --local --name-only --get-regexp 'core\.sshCommand' && git config --local --unset-all 'core.sshCommand' || :"
mobile	Post Run actions/checkout@v4	2026-10-03T16:09:20.6514741Z [command]/usr/bin/git config --local --name-only --get-regexp http\.https\:\/\/github\.com\/\.extraheader
mobile	Post Run actions/checkout@v4	2026-10-03T16:09:20.6545676Z http.https://github.com/.extraheader
mobile	Post Run actions/checkout@v4	2026-10-03T16:09:20.6558454Z [command]/usr/bin/git config --local --unset-all http.https://github.com/.extraheader
mobile	Post Run actions/checkout@v4	2026-10-03T16:09:20.6603292Z [command]/usr/bin/git submodule foreach --recursive sh -c "git config --local --name-only --get-regexp 'http\.https\:\/\/github\.com\/\.extraheader' && git config --local --unset-all 'http.https://github.com/.extraheader' || :"
mobile	Post Run actions/checkout@v4	2026-10-03T16:09:20.6855725Z [command]/usr/bin/git config --local --name-only --get-regexp ^includeIf\.gitdir:
mobile	Post Run actions/checkout@v4	2026-10-03T16:09:20.6896747Z [command]/usr/bin/git submodule foreach --recursive git config --local --show-origin --name-only --get-regexp remote.origin.url
mobile	Complete job	﻿2026-10-03T16:09:20.7226674Z Cleaning up orphan processes
mobile	Complete job	2026-10-03T16:09:20.7509556Z Terminate orphan process: pid (2685) (netsimd)
mobile	Complete job	2026-10-03T16:09:20.7569784Z Terminate orphan process: pid (2717) (adb)
mobile	Complete job	2026-10-03T16:09:20.7627090Z Terminate orphan process: pid (3808) (sh)
mobile	Complete job	2026-10-03T16:09:20.7697627Z Terminate orphan process: pid (3810) (sh)
mobile	Complete job	2026-10-03T16:09:20.7755068Z Terminate orphan process: pid (3812) (sh)
mobile	Complete job	2026-10-03T16:09:20.7808738Z Terminate orphan process: pid (3815) (sh)
mobile	Complete job	2026-10-03T16:09:20.7862516Z Terminate orphan process: pid (3817) (sh)
mobile	Complete job	2026-10-03T16:09:20.7916414Z Terminate orphan process: pid (3819) (sh)
mobile	Complete job	2026-10-03T16:09:20.7930141Z ##[warning]Node.js 20 is deprecated. The following actions target Node.js 20 but are being forced to run on Node.js 24: actions/checkout@v4, actions/setup-java@v4, android-actions/setup-android@v3. For more information see: https://github.blog/changelog/2025-09-19-deprecation-of-node-20-on-github-actions-runners/
