source_go	Set up job	﻿2026-10-03T16:04:56.3721460Z Current runner version: '2.337.0'
source_go	Set up job	2026-10-03T16:04:56.3743298Z ##[group]Runner Image Provisioner
source_go	Set up job	2026-10-03T16:04:56.3743976Z Hosted Compute Agent
source_go	Set up job	2026-10-03T16:04:56.3744371Z Version: 20260901.588
source_go	Set up job	2026-10-03T16:04:56.3744798Z Commit: f88ec8081b781fac6c440065ac7ff9e710ce3d0b
source_go	Set up job	2026-10-03T16:04:56.3745251Z Build Date: 2026-09-01T19:56:44Z
source_go	Set up job	2026-10-03T16:04:56.3745668Z Worker ID: {908b07a3-fa91-4e62-bcc5-19935d1afbf7}
source_go	Set up job	2026-10-03T16:04:56.3746190Z Azure Region: centralus
source_go	Set up job	2026-10-03T16:04:56.3746544Z ##[endgroup]
source_go	Set up job	2026-10-03T16:04:56.3747378Z ##[group]Operating System
source_go	Set up job	2026-10-03T16:04:56.3747757Z Ubuntu
source_go	Set up job	2026-10-03T16:04:56.3748077Z 24.04.5
source_go	Set up job	2026-10-03T16:04:56.3748433Z LTS
source_go	Set up job	2026-10-03T16:04:56.3748967Z ##[endgroup]
source_go	Set up job	2026-10-03T16:04:56.3749296Z ##[group]Runner Image
source_go	Set up job	2026-10-03T16:04:56.3749822Z Image: ubuntu-24.04
source_go	Set up job	2026-10-03T16:04:56.3750252Z Version: 20260927.320.1
source_go	Set up job	2026-10-03T16:04:56.3751247Z Included Software: https://github.com/actions/runner-images/blob/ubuntu24/20260927.320/images/ubuntu/Ubuntu2404-Readme.md
source_go	Set up job	2026-10-03T16:04:56.3752675Z Image Release: https://github.com/actions/runner-images/releases/tag/ubuntu24%2F20260927.320
source_go	Set up job	2026-10-03T16:04:56.3753595Z ##[endgroup]
source_go	Set up job	2026-10-03T16:04:56.3754608Z ##[group]GITHUB_TOKEN Permissions
source_go	Set up job	2026-10-03T16:04:56.3756381Z Contents: read
source_go	Set up job	2026-10-03T16:04:56.3756948Z Metadata: read
source_go	Set up job	2026-10-03T16:04:56.3757514Z ##[endgroup]
source_go	Set up job	2026-10-03T16:04:56.3759490Z Secret source: Actions
source_go	Set up job	2026-10-03T16:04:56.3760464Z Cache mode: write
source_go	Set up job	2026-10-03T16:04:56.3761346Z Prepare workflow directory
source_go	Set up job	2026-10-03T16:04:56.4107781Z Prepare all required actions
source_go	Set up job	2026-10-03T16:04:56.4159673Z Getting action download info
source_go	Set up job	2026-10-03T16:04:56.7343530Z Download action repository 'actions/checkout@v4' (SHA:11d5960a326750d5838078e36cf38b85af677262)
source_go	Set up job	2026-10-03T16:04:56.9158538Z Download action repository 'actions/setup-go@v5' (SHA:40f1582b2485089dde7abd97c1529aa768e1baff)
source_go	Set up job	2026-10-03T16:04:57.6840151Z Complete job name: source_go
source_go	Run actions/checkout@v4	﻿2026-10-03T16:04:57.7444340Z ##[group]Run actions/checkout@v4
source_go	Run actions/checkout@v4	2026-10-03T16:04:57.7445220Z with:
source_go	Run actions/checkout@v4	2026-10-03T16:04:57.7445828Z   repository: nilesthump/IM-platform
source_go	Run actions/checkout@v4	2026-10-03T16:04:57.7451250Z   token: ***
source_go	Run actions/checkout@v4	2026-10-03T16:04:57.7451796Z   ssh-strict: true
source_go	Run actions/checkout@v4	2026-10-03T16:04:57.7452355Z   ssh-user: git
source_go	Run actions/checkout@v4	2026-10-03T16:04:57.7452920Z   persist-credentials: true
source_go	Run actions/checkout@v4	2026-10-03T16:04:57.7453555Z   clean: true
source_go	Run actions/checkout@v4	2026-10-03T16:04:57.7454131Z   sparse-checkout-cone-mode: true
source_go	Run actions/checkout@v4	2026-10-03T16:04:57.7454793Z   fetch-depth: 1
source_go	Run actions/checkout@v4	2026-10-03T16:04:57.7455335Z   fetch-tags: false
source_go	Run actions/checkout@v4	2026-10-03T16:04:57.7455895Z   show-progress: true
source_go	Run actions/checkout@v4	2026-10-03T16:04:57.7456452Z   lfs: false
source_go	Run actions/checkout@v4	2026-10-03T16:04:57.7456973Z   submodules: false
source_go	Run actions/checkout@v4	2026-10-03T16:04:57.7457554Z   set-safe-directory: true
source_go	Run actions/checkout@v4	2026-10-03T16:04:57.7458234Z   allow-unsafe-pr-checkout: false
source_go	Run actions/checkout@v4	2026-10-03T16:04:57.7459113Z env:
source_go	Run actions/checkout@v4	2026-10-03T16:04:57.7459639Z   PYTHONDONTWRITEBYTECODE: 1
source_go	Run actions/checkout@v4	2026-10-03T16:04:57.7460253Z ##[endgroup]
source_go	Run actions/checkout@v4	2026-10-03T16:04:57.8234306Z Syncing repository: nilesthump/IM-platform
source_go	Run actions/checkout@v4	2026-10-03T16:04:57.8237258Z ##[group]Getting Git version info
source_go	Run actions/checkout@v4	2026-10-03T16:04:57.8239116Z Working directory is '/home/runner/work/IM-platform/IM-platform'
source_go	Run actions/checkout@v4	2026-10-03T16:04:57.8241086Z [command]/usr/bin/git version
source_go	Run actions/checkout@v4	2026-10-03T16:04:57.8489109Z git version 2.55.0
source_go	Run actions/checkout@v4	2026-10-03T16:04:57.8506010Z ##[endgroup]
source_go	Run actions/checkout@v4	2026-10-03T16:04:57.8516561Z Temporarily overriding HOME='/home/runner/work/_temp/d774caf0-c475-45b8-8e07-0f83f3b150f7' before making global git config changes
source_go	Run actions/checkout@v4	2026-10-03T16:04:57.8519426Z Adding repository directory to the temporary git global config as a safe directory
source_go	Run actions/checkout@v4	2026-10-03T16:04:57.8521765Z [command]/usr/bin/git config --global --add safe.directory /home/runner/work/IM-platform/IM-platform
source_go	Run actions/checkout@v4	2026-10-03T16:04:57.8813528Z Deleting the contents of '/home/runner/work/IM-platform/IM-platform'
source_go	Run actions/checkout@v4	2026-10-03T16:04:57.8817947Z ##[group]Initializing the repository
source_go	Run actions/checkout@v4	2026-10-03T16:04:57.8821162Z [command]/usr/bin/git init /home/runner/work/IM-platform/IM-platform
source_go	Run actions/checkout@v4	2026-10-03T16:04:57.9430043Z hint: Using 'master' as the name for the initial branch. This default branch name
source_go	Run actions/checkout@v4	2026-10-03T16:04:57.9432024Z hint: will change to "main" in Git 3.0. To configure the initial branch name
source_go	Run actions/checkout@v4	2026-10-03T16:04:57.9434047Z hint: to use in all of your new repositories, which will suppress this warning,
source_go	Run actions/checkout@v4	2026-10-03T16:04:57.9435474Z hint: call:
source_go	Run actions/checkout@v4	2026-10-03T16:04:57.9436221Z hint:
source_go	Run actions/checkout@v4	2026-10-03T16:04:57.9437176Z hint: 	git config --global init.defaultBranch <name>
source_go	Run actions/checkout@v4	2026-10-03T16:04:57.9438379Z hint:
source_go	Run actions/checkout@v4	2026-10-03T16:04:57.9439608Z hint: Names commonly chosen instead of 'master' are 'main', 'trunk' and
source_go	Run actions/checkout@v4	2026-10-03T16:04:57.9441359Z hint: 'development'. The just-created branch can be renamed via this command:
source_go	Run actions/checkout@v4	2026-10-03T16:04:57.9442720Z hint:
source_go	Run actions/checkout@v4	2026-10-03T16:04:57.9443522Z hint: 	git branch -m <name>
source_go	Run actions/checkout@v4	2026-10-03T16:04:57.9444414Z hint:
source_go	Run actions/checkout@v4	2026-10-03T16:04:57.9445568Z hint: Disable this message with "git config set advice.defaultBranchName false"
source_go	Run actions/checkout@v4	2026-10-03T16:04:57.9447556Z Initialized empty Git repository in /home/runner/work/IM-platform/IM-platform/.git/
source_go	Run actions/checkout@v4	2026-10-03T16:04:57.9451092Z [command]/usr/bin/git remote add origin https://github.com/nilesthump/IM-platform
source_go	Run actions/checkout@v4	2026-10-03T16:04:57.9702124Z ##[endgroup]
source_go	Run actions/checkout@v4	2026-10-03T16:04:57.9703305Z ##[group]Disabling automatic garbage collection
source_go	Run actions/checkout@v4	2026-10-03T16:04:57.9704213Z [command]/usr/bin/git config --local gc.auto 0
source_go	Run actions/checkout@v4	2026-10-03T16:04:57.9906251Z ##[endgroup]
source_go	Run actions/checkout@v4	2026-10-03T16:04:57.9907362Z ##[group]Setting up auth
source_go	Run actions/checkout@v4	2026-10-03T16:04:57.9910916Z [command]/usr/bin/git config --local --name-only --get-regexp core\.sshCommand
source_go	Run actions/checkout@v4	2026-10-03T16:04:57.9957774Z [command]/usr/bin/git submodule foreach --recursive sh -c "git config --local --name-only --get-regexp 'core\.sshCommand' && git config --local --unset-all 'core.sshCommand' || :"
source_go	Run actions/checkout@v4	2026-10-03T16:04:58.0290831Z [command]/usr/bin/git config --local --name-only --get-regexp http\.https\:\/\/github\.com\/\.extraheader
source_go	Run actions/checkout@v4	2026-10-03T16:04:58.0326491Z [command]/usr/bin/git submodule foreach --recursive sh -c "git config --local --name-only --get-regexp 'http\.https\:\/\/github\.com\/\.extraheader' && git config --local --unset-all 'http.https://github.com/.extraheader' || :"
source_go	Run actions/checkout@v4	2026-10-03T16:04:58.0517557Z [command]/usr/bin/git config --local --name-only --get-regexp ^includeIf\.gitdir:
source_go	Run actions/checkout@v4	2026-10-03T16:04:58.0552396Z [command]/usr/bin/git submodule foreach --recursive git config --local --show-origin --name-only --get-regexp remote.origin.url
source_go	Run actions/checkout@v4	2026-10-03T16:04:58.0743437Z [command]/usr/bin/git config --local http.https://github.com/.extraheader AUTHORIZATION: basic ***
source_go	Run actions/checkout@v4	2026-10-03T16:04:58.0994477Z ##[endgroup]
source_go	Run actions/checkout@v4	2026-10-03T16:04:58.0996218Z ##[group]Fetching the repository
source_go	Run actions/checkout@v4	2026-10-03T16:04:58.1004519Z [command]/usr/bin/git -c protocol.version=2 fetch --no-tags --prune --no-recurse-submodules --depth=1 origin +3c2265f52eae7962cac2166dee9bd1fc32bc6d1a:refs/remotes/pull/22/merge
source_go	Run actions/checkout@v4	2026-10-03T16:05:00.7833420Z From https://github.com/nilesthump/IM-platform
source_go	Run actions/checkout@v4	2026-10-03T16:05:00.7834415Z  * [new ref]         3c2265f52eae7962cac2166dee9bd1fc32bc6d1a -> pull/22/merge
source_go	Run actions/checkout@v4	2026-10-03T16:05:00.7836478Z ##[endgroup]
source_go	Run actions/checkout@v4	2026-10-03T16:05:00.7836947Z ##[group]Determining the checkout info
source_go	Run actions/checkout@v4	2026-10-03T16:05:00.7838325Z ##[endgroup]
source_go	Run actions/checkout@v4	2026-10-03T16:05:00.7842908Z [command]/usr/bin/git sparse-checkout disable
source_go	Run actions/checkout@v4	2026-10-03T16:05:00.7887744Z [command]/usr/bin/git config --local --unset-all extensions.worktreeConfig
source_go	Run actions/checkout@v4	2026-10-03T16:05:00.7915186Z ##[group]Checking out the ref
source_go	Run actions/checkout@v4	2026-10-03T16:05:00.7917469Z [command]/usr/bin/git checkout --progress --force refs/remotes/pull/22/merge
source_go	Run actions/checkout@v4	2026-10-03T16:05:01.2188487Z Note: switching to 'refs/remotes/pull/22/merge'.
source_go	Run actions/checkout@v4	2026-10-03T16:05:01.2189115Z 
source_go	Run actions/checkout@v4	2026-10-03T16:05:01.2189325Z You are in 'detached HEAD' state. You can look around, make experimental
source_go	Run actions/checkout@v4	2026-10-03T16:05:01.2189810Z changes and commit them, and you can discard any commits you make in this
source_go	Run actions/checkout@v4	2026-10-03T16:05:01.2190263Z state without impacting any branches by switching back to a branch.
source_go	Run actions/checkout@v4	2026-10-03T16:05:01.2190528Z 
source_go	Run actions/checkout@v4	2026-10-03T16:05:01.2190766Z If you want to create a new branch to retain commits you create, you may
source_go	Run actions/checkout@v4	2026-10-03T16:05:01.2191425Z do so (now or later) by using -c with the switch command. Example:
source_go	Run actions/checkout@v4	2026-10-03T16:05:01.2191732Z 
source_go	Run actions/checkout@v4	2026-10-03T16:05:01.2192317Z   git switch -c <new-branch-name>
source_go	Run actions/checkout@v4	2026-10-03T16:05:01.2192490Z 
source_go	Run actions/checkout@v4	2026-10-03T16:05:01.2192641Z Or undo this operation with:
source_go	Run actions/checkout@v4	2026-10-03T16:05:01.2192799Z 
source_go	Run actions/checkout@v4	2026-10-03T16:05:01.2192940Z   git switch -
source_go	Run actions/checkout@v4	2026-10-03T16:05:01.2193096Z 
source_go	Run actions/checkout@v4	2026-10-03T16:05:01.2193296Z Turn off this advice by setting config variable advice.detachedHead to false
source_go	Run actions/checkout@v4	2026-10-03T16:05:01.2193611Z 
source_go	Run actions/checkout@v4	2026-10-03T16:05:01.2193924Z HEAD is now at 3c2265f Merge 8bcc7321bba05a70404d1e16bbd2fa0465da696f into 0fe4fccc3deacd492895967cff9cc40cf34321d4
source_go	Run actions/checkout@v4	2026-10-03T16:05:01.2216474Z ##[endgroup]
source_go	Run actions/checkout@v4	2026-10-03T16:05:01.2257124Z [command]/usr/bin/git log -1 --format=%H
source_go	Run actions/checkout@v4	2026-10-03T16:05:01.2280313Z 3c2265f52eae7962cac2166dee9bd1fc32bc6d1a
source_go	Run actions/setup-go@v5	﻿2026-10-03T16:05:01.2468406Z ##[group]Run actions/setup-go@v5
source_go	Run actions/setup-go@v5	2026-10-03T16:05:01.2468604Z with:
source_go	Run actions/setup-go@v5	2026-10-03T16:05:01.2468755Z   go-version: 1.23
source_go	Run actions/setup-go@v5	2026-10-03T16:05:01.2469065Z   check-latest: false
source_go	Run actions/setup-go@v5	2026-10-03T16:05:01.2470365Z   token: ***
source_go	Run actions/setup-go@v5	2026-10-03T16:05:01.2470513Z   cache: true
source_go	Run actions/setup-go@v5	2026-10-03T16:05:01.2470664Z env:
source_go	Run actions/setup-go@v5	2026-10-03T16:05:01.2470843Z   PYTHONDONTWRITEBYTECODE: 1
source_go	Run actions/setup-go@v5	2026-10-03T16:05:01.2471008Z ##[endgroup]
source_go	Run actions/setup-go@v5	2026-10-03T16:05:01.3310553Z Setup go version spec 1.23
source_go	Run actions/setup-go@v5	2026-10-03T16:05:01.3343261Z Attempting to download 1.23...
source_go	Run actions/setup-go@v5	2026-10-03T16:05:01.3417766Z (node:2079) [DEP0040] DeprecationWarning: The `punycode` module is deprecated. Please use a userland alternative instead.
source_go	Run actions/setup-go@v5	2026-10-03T16:05:01.3418335Z (Use `node --trace-deprecation ...` to show where the warning was created)
source_go	Run actions/setup-go@v5	2026-10-03T16:05:01.9792556Z matching 1.23...
source_go	Run actions/setup-go@v5	2026-10-03T16:05:01.9811492Z Acquiring 1.23.12 from https://github.com/actions/go-versions/releases/download/1.23.12-16792118003/go-1.23.12-linux-x64.tar.gz
source_go	Run actions/setup-go@v5	2026-10-03T16:05:02.4865561Z Extracting Go...
source_go	Run actions/setup-go@v5	2026-10-03T16:05:02.4956473Z [command]/usr/bin/tar xz --warning=no-unknown-keyword --overwrite -C /home/runner/work/_temp/039b7c64-e351-4df5-9979-b0a93d32a47b -f /home/runner/work/_temp/60487e2e-4270-4f65-91f2-150350f06f5a
source_go	Run actions/setup-go@v5	2026-10-03T16:05:03.7704299Z Successfully extracted go to /home/runner/work/_temp/039b7c64-e351-4df5-9979-b0a93d32a47b
source_go	Run actions/setup-go@v5	2026-10-03T16:05:03.7704685Z Adding to the cache ...
source_go	Run actions/setup-go@v5	2026-10-03T16:05:08.4918245Z Successfully cached go to /opt/hostedtoolcache/go/1.23.12/x64
source_go	Run actions/setup-go@v5	2026-10-03T16:05:08.4920322Z Added go to the path
source_go	Run actions/setup-go@v5	2026-10-03T16:05:08.4922870Z Successfully set up Go version 1.23
source_go	Run actions/setup-go@v5	2026-10-03T16:05:08.5094045Z [command]/opt/hostedtoolcache/go/1.23.12/x64/bin/go env GOMODCACHE
source_go	Run actions/setup-go@v5	2026-10-03T16:05:08.5132400Z [command]/opt/hostedtoolcache/go/1.23.12/x64/bin/go env GOCACHE
source_go	Run actions/setup-go@v5	2026-10-03T16:05:08.5167961Z /home/runner/go/pkg/mod
source_go	Run actions/setup-go@v5	2026-10-03T16:05:08.5179543Z /home/runner/.cache/go-build
source_go	Run actions/setup-go@v5	2026-10-03T16:05:08.5200637Z ##[warning]Restore cache failed: Dependencies file is not found in /home/runner/work/IM-platform/IM-platform. Supported file pattern: go.sum
source_go	Run actions/setup-go@v5	2026-10-03T16:05:08.5224873Z go version go1.23.12 linux/amd64
source_go	Run actions/setup-go@v5	2026-10-03T16:05:08.5225015Z 
source_go	Run actions/setup-go@v5	2026-10-03T16:05:08.5225222Z ##[group]go env
source_go	Run actions/setup-go@v5	2026-10-03T16:05:08.6447714Z GO111MODULE=''
source_go	Run actions/setup-go@v5	2026-10-03T16:05:08.6448017Z GOARCH='amd64'
source_go	Run actions/setup-go@v5	2026-10-03T16:05:08.6448278Z GOBIN=''
source_go	Run actions/setup-go@v5	2026-10-03T16:05:08.6448475Z GOCACHE='/home/runner/.cache/go-build'
source_go	Run actions/setup-go@v5	2026-10-03T16:05:08.6448766Z GOENV='/home/runner/.config/go/env'
source_go	Run actions/setup-go@v5	2026-10-03T16:05:08.6449109Z GOEXE=''
source_go	Run actions/setup-go@v5	2026-10-03T16:05:08.6449272Z GOEXPERIMENT=''
source_go	Run actions/setup-go@v5	2026-10-03T16:05:08.6449448Z GOFLAGS=''
source_go	Run actions/setup-go@v5	2026-10-03T16:05:08.6449609Z GOHOSTARCH='amd64'
source_go	Run actions/setup-go@v5	2026-10-03T16:05:08.6449786Z GOHOSTOS='linux'
source_go	Run actions/setup-go@v5	2026-10-03T16:05:08.6449954Z GOINSECURE=''
source_go	Run actions/setup-go@v5	2026-10-03T16:05:08.6450143Z GOMODCACHE='/home/runner/go/pkg/mod'
source_go	Run actions/setup-go@v5	2026-10-03T16:05:08.6450369Z GONOPROXY=''
source_go	Run actions/setup-go@v5	2026-10-03T16:05:08.6450535Z GONOSUMDB=''
source_go	Run actions/setup-go@v5	2026-10-03T16:05:08.6450715Z GOOS='linux'
source_go	Run actions/setup-go@v5	2026-10-03T16:05:08.6450890Z GOPATH='/home/runner/go'
source_go	Run actions/setup-go@v5	2026-10-03T16:05:08.6451084Z GOPRIVATE=''
source_go	Run actions/setup-go@v5	2026-10-03T16:05:08.6451331Z GOPROXY='https://proxy.golang.org,direct'
source_go	Run actions/setup-go@v5	2026-10-03T16:05:08.6451620Z GOROOT='/opt/hostedtoolcache/go/1.23.12/x64'
source_go	Run actions/setup-go@v5	2026-10-03T16:05:08.6451873Z GOSUMDB='sum.golang.org'
source_go	Run actions/setup-go@v5	2026-10-03T16:05:08.6452069Z GOTMPDIR=''
source_go	Run actions/setup-go@v5	2026-10-03T16:05:08.6452234Z GOTOOLCHAIN='auto'
source_go	Run actions/setup-go@v5	2026-10-03T16:05:08.6452546Z GOTOOLDIR='/opt/hostedtoolcache/go/1.23.12/x64/pkg/tool/linux_amd64'
source_go	Run actions/setup-go@v5	2026-10-03T16:05:08.6453144Z GOVCS=''
source_go	Run actions/setup-go@v5	2026-10-03T16:05:08.6453319Z GOVERSION='go1.23.12'
source_go	Run actions/setup-go@v5	2026-10-03T16:05:08.6453499Z GODEBUG=''
source_go	Run actions/setup-go@v5	2026-10-03T16:05:08.6453667Z GOTELEMETRY='local'
source_go	Run actions/setup-go@v5	2026-10-03T16:05:08.6453935Z GOTELEMETRYDIR='/home/runner/.config/go/telemetry'
source_go	Run actions/setup-go@v5	2026-10-03T16:05:08.6454193Z GCCGO='gccgo'
source_go	Run actions/setup-go@v5	2026-10-03T16:05:08.6454357Z GOAMD64='v1'
source_go	Run actions/setup-go@v5	2026-10-03T16:05:08.6454522Z AR='ar'
source_go	Run actions/setup-go@v5	2026-10-03T16:05:08.6454672Z CC='gcc'
source_go	Run actions/setup-go@v5	2026-10-03T16:05:08.6454825Z CXX='g++'
source_go	Run actions/setup-go@v5	2026-10-03T16:05:08.6454986Z CGO_ENABLED='1'
source_go	Run actions/setup-go@v5	2026-10-03T16:05:08.6455154Z GOMOD='/dev/null'
source_go	Run actions/setup-go@v5	2026-10-03T16:05:08.6455322Z GOWORK=''
source_go	Run actions/setup-go@v5	2026-10-03T16:05:08.6455495Z CGO_CFLAGS='-O2 -g'
source_go	Run actions/setup-go@v5	2026-10-03T16:05:08.6455681Z CGO_CPPFLAGS=''
source_go	Run actions/setup-go@v5	2026-10-03T16:05:08.6456084Z CGO_CXXFLAGS='-O2 -g'
source_go	Run actions/setup-go@v5	2026-10-03T16:05:08.6456267Z CGO_FFLAGS='-O2 -g'
source_go	Run actions/setup-go@v5	2026-10-03T16:05:08.6456447Z CGO_LDFLAGS='-O2 -g'
source_go	Run actions/setup-go@v5	2026-10-03T16:05:08.6456644Z PKG_CONFIG='pkg-config'
source_go	Run actions/setup-go@v5	2026-10-03T16:05:08.6457220Z GOGCCFLAGS='-fPIC -m64 -pthread -Wl,--no-gc-sections -fmessage-length=0 -ffile-prefix-map=/tmp/go-build3422532330=/tmp/go-build -gno-record-gcc-switches'
source_go	Run actions/setup-go@v5	2026-10-03T16:05:08.6457699Z 
source_go	Run actions/setup-go@v5	2026-10-03T16:05:08.6458047Z ##[endgroup]
source_go	Real Go source ownership and AST dependency graph	﻿2026-10-03T16:05:08.6664825Z ##[group]Run python3 ci/check_architecture.py --scope go --json
source_go	Real Go source ownership and AST dependency graph	2026-10-03T16:05:08.6665164Z ^[[36;1mpython3 ci/check_architecture.py --scope go --json^[[0m
source_go	Real Go source ownership and AST dependency graph	2026-10-03T16:05:08.6906598Z shell: /usr/bin/bash -e {0}
source_go	Real Go source ownership and AST dependency graph	2026-10-03T16:05:08.6906818Z env:
source_go	Real Go source ownership and AST dependency graph	2026-10-03T16:05:08.6906975Z   PYTHONDONTWRITEBYTECODE: 1
source_go	Real Go source ownership and AST dependency graph	2026-10-03T16:05:08.6907129Z ##[endgroup]
source_go	Real Go source ownership and AST dependency graph	2026-10-03T16:05:11.9309741Z {
source_go	Real Go source ownership and AST dependency graph	2026-10-03T16:05:11.9310257Z   "result": "PASS",
source_go	Real Go source ownership and AST dependency graph	2026-10-03T16:05:11.9310482Z   "scope": "go",
source_go	Real Go source ownership and AST dependency graph	2026-10-03T16:05:11.9310670Z   "violations": [],
source_go	Real Go source ownership and AST dependency graph	2026-10-03T16:05:11.9310846Z   "graphs": {
source_go	Real Go source ownership and AST dependency graph	2026-10-03T16:05:11.9311013Z     "go": [
source_go	Real Go source ownership and AST dependency graph	2026-10-03T16:05:11.9311171Z       {
source_go	Real Go source ownership and AST dependency graph	2026-10-03T16:05:11.9311405Z         "path": "core/auth.go",
source_go	Real Go source ownership and AST dependency graph	2026-10-03T16:05:11.9311666Z         "package": "core",
source_go	Real Go source ownership and AST dependency graph	2026-10-03T16:05:11.9311883Z         "imports": [
source_go	Real Go source ownership and AST dependency graph	2026-10-03T16:05:11.9312128Z           "context",
source_go	Real Go source ownership and AST dependency graph	2026-10-03T16:05:11.9312354Z           "crypto/sha256",
source_go	Real Go source ownership and AST dependency graph	2026-10-03T16:05:11.9312592Z           "encoding/hex",
source_go	Real Go source ownership and AST dependency graph	2026-10-03T16:05:11.9312824Z           "encoding/json",
source_go	Real Go source ownership and AST dependency graph	2026-10-03T16:05:11.9313118Z           "errors",
source_go	Real Go source ownership and AST dependency graph	2026-10-03T16:05:11.9313304Z           "io",
source_go	Real Go source ownership and AST dependency graph	2026-10-03T16:05:11.9313497Z           "net/http",
source_go	Real Go source ownership and AST dependency graph	2026-10-03T16:05:11.9313693Z           "regexp",
source_go	Real Go source ownership and AST dependency graph	2026-10-03T16:05:11.9313884Z           "strings",
source_go	Real Go source ownership and AST dependency graph	2026-10-03T16:05:11.9314074Z           "time",
source_go	Real Go source ownership and AST dependency graph	2026-10-03T16:05:11.9314332Z           "github.com/jackc/pgx/v5",
source_go	Real Go source ownership and AST dependency graph	2026-10-03T16:05:11.9314643Z           "github.com/jackc/pgx/v5/pgconn",
source_go	Real Go source ownership and AST dependency graph	2026-10-03T16:05:11.9314983Z           "github.com/jackc/pgx/v5/pgxpool",
source_go	Real Go source ownership and AST dependency graph	2026-10-03T16:05:11.9315311Z           "golang.org/x/crypto/bcrypt",
source_go	Real Go source ownership and AST dependency graph	2026-10-03T16:05:11.9315665Z           "im-platform/backend/go/shared"
source_go	Real Go source ownership and AST dependency graph	2026-10-03T16:05:11.9315902Z         ],
source_go	Real Go source ownership and AST dependency graph	2026-10-03T16:05:11.9316105Z         "functions": [
source_go	Real Go source ownership and AST dependency graph	2026-10-03T16:05:11.9316360Z           "passwordMaterial",
source_go	Real Go source ownership and AST dependency graph	2026-10-03T16:05:11.9316630Z           "authenticate",
source_go	Real Go source ownership and AST dependency graph	2026-10-03T16:05:11.9316897Z           "validClient",
source_go	Real Go source ownership and AST dependency graph	2026-10-03T16:05:11.9317110Z           "valid",
source_go	Real Go source ownership and AST dependency graph	2026-10-03T16:05:11.9317312Z           "decode",
source_go	Real Go source ownership and AST dependency graph	2026-10-03T16:05:11.9317524Z           "requestID",
source_go	Real Go source ownership and AST dependency graph	2026-10-03T16:05:11.9317753Z           "writeJSON",
source_go	Real Go source ownership and AST dependency graph	2026-10-03T16:05:11.9317982Z           "writeError",
source_go	Real Go source ownership and AST dependency graph	2026-10-03T16:05:11.9318206Z           "handler",
source_go	Real Go source ownership and AST dependency graph	2026-10-03T16:05:11.9318425Z           "register",
source_go	Real Go source ownership and AST dependency graph	2026-10-03T16:05:11.9318631Z           "login",
source_go	Real Go source ownership and AST dependency graph	2026-10-03T16:05:11.9319372Z           "newSession",
source_go	Real Go source ownership and AST dependency graph	2026-10-03T16:05:11.9319623Z           "writeRevocation",
source_go	Real Go source ownership and AST dependency graph	2026-10-03T16:05:11.9319879Z           "authResponse",
source_go	Real Go source ownership and AST dependency graph	2026-10-03T16:05:11.9320113Z           "refreshWeb",
source_go	Real Go source ownership and AST dependency graph	2026-10-03T16:05:11.9320361Z           "refreshNative",
source_go	Real Go source ownership and AST dependency graph	2026-10-03T16:05:11.9320595Z           "refresh",
source_go	Real Go source ownership and AST dependency graph	2026-10-03T16:05:11.9320810Z           "bearer",
source_go	Real Go source ownership and AST dependency graph	2026-10-03T16:05:11.9321025Z           "logout",
source_go	Real Go source ownership and AST dependency graph	2026-10-03T16:05:11.9321223Z           "me",
source_go	Real Go source ownership and AST dependency graph	2026-10-03T16:05:11.9321430Z           "search",
source_go	Real Go source ownership and AST dependency graph	2026-10-03T16:05:11.9321967Z           "fail",
source_go	Real Go source ownership and AST dependency graph	2026-10-03T16:05:11.9322178Z           "uuid",
source_go	Real Go source ownership and AST dependency graph	2026-10-03T16:05:11.9322407Z           "randomToken",
source_go	Real Go source ownership and AST dependency graph	2026-10-03T16:05:11.9322643Z           "hashToken"
source_go	Real Go source ownership and AST dependency graph	2026-10-03T16:05:11.9322843Z         ],
source_go	Real Go source ownership and AST dependency graph	2026-10-03T16:05:11.9323040Z         "types": [
source_go	Real Go source ownership and AST dependency graph	2026-10-03T16:05:11.9323272Z           "authService",
source_go	Real Go source ownership and AST dependency graph	2026-10-03T16:05:11.9323514Z           "clientInput",
source_go	Real Go source ownership and AST dependency graph	2026-10-03T16:05:11.9323753Z           "loginInput",
source_go	Real Go source ownership and AST dependency graph	2026-10-03T16:05:11.9324000Z           "registerInput",
source_go	Real Go source ownership and AST dependency graph	2026-10-03T16:05:11.9324253Z           "refreshInput",
source_go	Real Go source ownership and AST dependency graph	2026-10-03T16:05:11.9324484Z           "claims",
source_go	Real Go source ownership and AST dependency graph	2026-10-03T16:05:11.9324699Z           "apiError"
source_go	Real Go source ownership and AST dependency graph	2026-10-03T16:05:11.9324898Z         ],
source_go	Real Go source ownership and AST dependency graph	2026-10-03T16:05:11.9325085Z         "calls": [
source_go	Real Go source ownership and AST dependency graph	2026-10-03T16:05:11.9325332Z           "regexp.MustCompile",
source_go	Real Go source ownership and AST dependency graph	2026-10-03T16:05:11.9325598Z           "sha256.Sum256",
source_go	Real Go source ownership and AST dependency graph	2026-10-03T16:05:11.9325883Z           "",
source_go	Real Go source ownership and AST dependency graph	2026-10-03T16:05:11.9326107Z           "",
source_go	Real Go source ownership and AST dependency graph	2026-10-03T16:05:11.9326343Z           "hex.EncodeToString",
source_go	Real Go source ownership and AST dependency graph	2026-10-03T16:05:11.9326599Z           "s.codec.Parse",
source_go	Real Go source ownership and AST dependency graph	2026-10-03T16:05:11.9326828Z           ".Scan",
source_go	Real Go source ownership and AST dependency graph	2026-10-03T16:05:11.9327053Z           "s.db.QueryRow",
source_go	Real Go source ownership and AST dependency graph	2026-10-03T16:05:11.9327290Z           "errors.Is",
source_go	Real Go source ownership and AST dependency graph	2026-10-03T16:05:11.9327782Z           ".Scan",
source_go	Real Go source ownership and AST dependency graph	2026-10-03T16:05:11.9328002Z           "s.db.QueryRow",
source_go	Real Go source ownership and AST dependency graph	2026-10-03T16:05:11.9328166Z           "fail",
source_go	Real Go source ownership and AST dependency graph	2026-10-03T16:05:11.9328289Z           "fail",
source_go	Real Go source ownership and AST dependency graph	2026-10-03T16:05:11.9328425Z           "expiry.After",
source_go	Real Go source ownership and AST dependency graph	2026-10-03T16:05:11.9328562Z           "s.now",
source_go	Real Go source ownership and AST dependency graph	2026-10-03T16:05:11.9328685Z           "fail",
source_go	Real Go source ownership and AST dependency graph	2026-10-03T16:05:11.9328988Z           "fail",
source_go	Real Go source ownership and AST dependency graph	2026-10-03T16:05:11.9329265Z           ".Scan",
source_go	Real Go source ownership and AST dependency graph	2026-10-03T16:05:11.9329481Z           "s.db.QueryRow",
source_go	Real Go source ownership and AST dependency graph	2026-10-03T16:05:11.9329695Z           "fail",
source_go	Real Go source ownership and AST dependency graph	2026-10-03T16:05:11.9329888Z           "fail",
source_go	Real Go source ownership and AST dependency graph	2026-10-03T16:05:11.9330100Z           "validClient",
source_go	Real Go source ownership and AST dependency graph	2026-10-03T16:05:11.9330310Z           "len",
source_go	Real Go source ownership and AST dependency graph	2026-10-03T16:05:11.9330500Z           "len",
source_go	Real Go source ownership and AST dependency graph	2026-10-03T16:05:11.9330694Z           "len",
source_go	Real Go source ownership and AST dependency graph	2026-10-03T16:05:11.9330886Z           "len",
source_go	Real Go source ownership and AST dependency graph	2026-10-03T16:05:11.9331163Z           "http.MaxBytesReader",
source_go	Real Go source ownership and AST dependency graph	2026-10-03T16:05:11.9331431Z           "json.NewDecoder",
source_go	Real Go source ownership and AST dependency graph	2026-10-03T16:05:11.9331715Z           "d.DisallowUnknownFields",
source_go	Real Go source ownership and AST dependency graph	2026-10-03T16:05:11.9331975Z           "d.Decode",
source_go	Real Go source ownership and AST dependency graph	2026-10-03T16:05:11.9332189Z           "fail",
source_go	Real Go source ownership and AST dependency graph	2026-10-03T16:05:11.9332400Z           "d.Decode",
source_go	Real Go source ownership and AST dependency graph	2026-10-03T16:05:11.9332602Z           "new",
source_go	Real Go source ownership and AST dependency graph	2026-10-03T16:05:11.9332796Z           "fail",
source_go	Real Go source ownership and AST dependency graph	2026-10-03T16:05:11.9332986Z           "uuid",
source_go	Real Go source ownership and AST dependency graph	2026-10-03T16:05:11.9333786Z           ".Set",
source_go	Real Go source ownership and AST dependency graph	2026-10-03T16:05:11.9333988Z           "w.Header",
source_go	Real Go source ownership and AST dependency graph	2026-10-03T16:05:11.9334215Z           "w.WriteHeader",
source_go	Real Go source ownership and AST dependency graph	2026-10-03T16:05:11.9334442Z           ".Encode",
source_go	Real Go source ownership and AST dependency graph	2026-10-03T16:05:11.9334682Z           "json.NewEncoder",
source_go	Real Go source ownership and AST dependency graph	2026-10-03T16:05:11.9334922Z           "errors.As",
source_go	Real Go source ownership and AST dependency graph	2026-10-03T16:05:11.9335142Z           "writeJSON",
source_go	Real Go source ownership and AST dependency graph	2026-10-03T16:05:11.9335362Z           "requestID",
source_go	Real Go source ownership and AST dependency graph	2026-10-03T16:05:11.9335605Z           "http.NewServeMux",
source_go	Real Go source ownership and AST dependency graph	2026-10-03T16:05:11.9335857Z           "m.HandleFunc",
source_go	Real Go source ownership and AST dependency graph	2026-10-03T16:05:11.9336098Z           "m.HandleFunc",
source_go	Real Go source ownership and AST dependency graph	2026-10-03T16:05:11.9336342Z           "m.HandleFunc",
source_go	Real Go source ownership and AST dependency graph	2026-10-03T16:05:11.9336577Z           "m.HandleFunc",
source_go	Real Go source ownership and AST dependency graph	2026-10-03T16:05:11.9336813Z           "m.HandleFunc",
source_go	Real Go source ownership and AST dependency graph	2026-10-03T16:05:11.9337050Z           "m.HandleFunc",
source_go	Real Go source ownership and AST dependency graph	2026-10-03T16:05:11.9337283Z           "m.HandleFunc",
source_go	Real Go source ownership and AST dependency graph	2026-10-03T16:05:11.9337516Z           "m.HandleFunc",
source_go	Real Go source ownership and AST dependency graph	2026-10-03T16:05:11.9337747Z           "m.HandleFunc",
source_go	Real Go source ownership and AST dependency graph	2026-10-03T16:05:11.9337982Z           "m.HandleFunc",
source_go	Real Go source ownership and AST dependency graph	2026-10-03T16:05:11.9338216Z           "m.HandleFunc",
source_go	Real Go source ownership and AST dependency graph	2026-10-03T16:05:11.9338462Z           "http.HandlerFunc",
source_go	Real Go source ownership and AST dependency graph	2026-10-03T16:05:11.9338711Z           "m.ServeHTTP",
source_go	Real Go source ownership and AST dependency graph	2026-10-03T16:05:11.9339080Z           "r.URL.Query",
source_go	Real Go source ownership and AST dependency graph	2026-10-03T16:05:11.9339328Z           "strings.ToLower",
source_go	Real Go source ownership and AST dependency graph	2026-10-03T16:05:11.9339590Z           "strings.Contains",
source_go	Real Go source ownership and AST dependency graph	2026-10-03T16:05:11.9339853Z           "strings.Contains",
source_go	Real Go source ownership and AST dependency graph	2026-10-03T16:05:11.9340126Z           "strings.Contains",
source_go	Real Go source ownership and AST dependency graph	2026-10-03T16:05:11.9340374Z           "writeError",
source_go	Real Go source ownership and AST dependency graph	2026-10-03T16:05:11.9340596Z           "fail",
source_go	Real Go source ownership and AST dependency graph	2026-10-03T16:05:11.9341002Z           "m.ServeHTTP",
source_go	Real Go source ownership and AST dependency graph	2026-10-03T16:05:11.9341225Z           "decode",
source_go	Real Go source ownership and AST dependency graph	2026-10-03T16:05:11.9341444Z           "writeError",
source_go	Real Go source ownership and AST dependency graph	2026-10-03T16:05:11.9341652Z           "len",
source_go	Real Go source ownership and AST dependency graph	2026-10-03T16:05:11.9341842Z           "len",
source_go	Real Go source ownership and AST dependency graph	2026-10-03T16:05:11.9342109Z           "usernamePattern.MatchString",
source_go	Real Go source ownership and AST dependency graph	2026-10-03T16:05:11.9342365Z           "len",
source_go	Real Go source ownership and AST dependency graph	2026-10-03T16:05:11.9342555Z           "len",
source_go	Real Go source ownership and AST dependency graph	2026-10-03T16:05:11.9342744Z           "len",
source_go	Real Go source ownership and AST dependency graph	2026-10-03T16:05:11.9342932Z           "len",
source_go	Real Go source ownership and AST dependency graph	2026-10-03T16:05:11.9343145Z           "writeError",
source_go	Real Go source ownership and AST dependency graph	2026-10-03T16:05:11.9343351Z           "fail",
source_go	Real Go source ownership and AST dependency graph	2026-10-03T16:05:11.9343622Z           "bcrypt.GenerateFromPassword",
source_go	Real Go source ownership and AST dependency graph	2026-10-03T16:05:11.9343918Z           "passwordMaterial",
source_go	Real Go source ownership and AST dependency graph	2026-10-03T16:05:11.9344163Z           "writeError",
source_go	Real Go source ownership and AST dependency graph	2026-10-03T16:05:11.9344369Z           "uuid",
source_go	Real Go source ownership and AST dependency graph	2026-10-03T16:05:11.9344582Z           "writeError",
source_go	Real Go source ownership and AST dependency graph	2026-10-03T16:05:11.9344823Z           "strings.ToLower",
source_go	Real Go source ownership and AST dependency graph	2026-10-03T16:05:11.9345060Z           "s.db.Exec",
source_go	Real Go source ownership and AST dependency graph	2026-10-03T16:05:11.9345282Z           "r.Context",
source_go	Real Go source ownership and AST dependency graph	2026-10-03T16:05:11.9345496Z           "string",
source_go	Real Go source ownership and AST dependency graph	2026-10-03T16:05:11.9345711Z           "errors.As",
source_go	Real Go source ownership and AST dependency graph	2026-10-03T16:05:11.9345934Z           "writeError",
source_go	Real Go source ownership and AST dependency graph	2026-10-03T16:05:11.9346144Z           "fail",
source_go	Real Go source ownership and AST dependency graph	2026-10-03T16:05:11.9346495Z           "writeError",
source_go	Real Go source ownership and AST dependency graph	2026-10-03T16:05:11.9346719Z           "writeJSON",
source_go	Real Go source ownership and AST dependency graph	2026-10-03T16:05:11.9346930Z           "decode",
source_go	Real Go source ownership and AST dependency graph	2026-10-03T16:05:11.9347144Z           "writeError",
source_go	Real Go source ownership and AST dependency graph	2026-10-03T16:05:11.9347371Z           "validClient",
source_go	Real Go source ownership and AST dependency graph	2026-10-03T16:05:11.9347602Z           "writeError",
source_go	Real Go source ownership and AST dependency graph	2026-10-03T16:05:11.9347809Z           "fail",
source_go	Real Go source ownership and AST dependency graph	2026-10-03T16:05:11.9348011Z           "v.valid",
source_go	Real Go source ownership and AST dependency graph	2026-10-03T16:05:11.9348217Z           "len",
source_go	Real Go source ownership and AST dependency graph	2026-10-03T16:05:11.9348410Z           "len",
source_go	Real Go source ownership and AST dependency graph	2026-10-03T16:05:11.9348675Z           "usernamePattern.MatchString",
source_go	Real Go source ownership and AST dependency graph	2026-10-03T16:05:11.9349028Z           "len",
source_go	Real Go source ownership and AST dependency graph	2026-10-03T16:05:11.9349217Z           "len",
source_go	Real Go source ownership and AST dependency graph	2026-10-03T16:05:11.9349426Z           "writeError",
source_go	Real Go source ownership and AST dependency graph	2026-10-03T16:05:11.9349632Z           "fail",
source_go	Real Go source ownership and AST dependency graph	2026-10-03T16:05:11.9349843Z           "writeError",
source_go	Real Go source ownership and AST dependency graph	2026-10-03T16:05:11.9350056Z           "fail",
source_go	Real Go source ownership and AST dependency graph	2026-10-03T16:05:11.9350251Z           ".Scan",
source_go	Real Go source ownership and AST dependency graph	2026-10-03T16:05:11.9350473Z           "s.db.QueryRow",
source_go	Real Go source ownership and AST dependency graph	2026-10-03T16:05:11.9350628Z           "r.Context",
source_go	Real Go source ownership and AST dependency graph	2026-10-03T16:05:11.9350783Z           "strings.ToLower",
source_go	Real Go source ownership and AST dependency graph	2026-10-03T16:05:11.9350931Z           "errors.Is",
source_go	Real Go source ownership and AST dependency graph	2026-10-03T16:05:11.9351069Z           "writeError",
source_go	Real Go source ownership and AST dependency graph	2026-10-03T16:05:11.9351197Z           "fail",
source_go	Real Go source ownership and AST dependency graph	2026-10-03T16:05:11.9351331Z           "writeError",
source_go	Real Go source ownership and AST dependency graph	2026-10-03T16:05:11.9351512Z           "bcrypt.CompareHashAndPassword",
source_go	Real Go source ownership and AST dependency graph	2026-10-03T16:05:11.9351675Z           "",
source_go	Real Go source ownership and AST dependency graph	2026-10-03T16:05:11.9351817Z           "passwordMaterial",
source_go	Real Go source ownership and AST dependency graph	2026-10-03T16:05:11.9351970Z           "writeError",
source_go	Real Go source ownership and AST dependency graph	2026-10-03T16:05:11.9352098Z           "fail",
source_go	Real Go source ownership and AST dependency graph	2026-10-03T16:05:11.9352233Z           "s.newSession",
source_go	Real Go source ownership and AST dependency graph	2026-10-03T16:05:11.9352377Z           "r.Context",
source_go	Real Go source ownership and AST dependency graph	2026-10-03T16:05:11.9352514Z           "writeError",
source_go	Real Go source ownership and AST dependency graph	2026-10-03T16:05:11.9352663Z           "s.authResponse",
source_go	Real Go source ownership and AST dependency graph	2026-10-03T16:05:11.9352813Z           "s.db.Begin",
source_go	Real Go source ownership and AST dependency graph	2026-10-03T16:05:11.9352960Z           "tx.Rollback",
source_go	Real Go source ownership and AST dependency graph	2026-10-03T16:05:11.9353093Z           ".Scan",
source_go	Real Go source ownership and AST dependency graph	2026-10-03T16:05:11.9353228Z           "tx.QueryRow",
source_go	Real Go source ownership and AST dependency graph	2026-10-03T16:05:11.9353360Z           ".Scan",
source_go	Real Go source ownership and AST dependency graph	2026-10-03T16:05:11.9353497Z           "tx.QueryRow",
source_go	Real Go source ownership and AST dependency graph	2026-10-03T16:05:11.9353637Z           "errors.Is",
source_go	Real Go source ownership and AST dependency graph	2026-10-03T16:05:11.9353773Z           "errors.Is",
source_go	Real Go source ownership and AST dependency graph	2026-10-03T16:05:11.9353936Z           "uuid",
source_go	Real Go source ownership and AST dependency graph	2026-10-03T16:05:11.9354073Z           "randomToken",
source_go	Real Go source ownership and AST dependency graph	2026-10-03T16:05:11.9354208Z           "tx.Exec",
source_go	Real Go source ownership and AST dependency graph	2026-10-03T16:05:11.9354343Z           "hashToken",
source_go	Real Go source ownership and AST dependency graph	2026-10-03T16:05:11.9354470Z           ".Add",
source_go	Real Go source ownership and AST dependency graph	2026-10-03T16:05:11.9354595Z           "s.now",
source_go	Real Go source ownership and AST dependency graph	2026-10-03T16:05:11.9354737Z           "writeRevocation",
source_go	Real Go source ownership and AST dependency graph	2026-10-03T16:05:11.9354886Z           "tx.Commit",
source_go	Real Go source ownership and AST dependency graph	2026-10-03T16:05:11.9355011Z           "uuid",
source_go	Real Go source ownership and AST dependency graph	2026-10-03T16:05:11.9355149Z           "json.Marshal",
source_go	Real Go source ownership and AST dependency graph	2026-10-03T16:05:11.9355287Z           "tx.Exec",
source_go	Real Go source ownership and AST dependency graph	2026-10-03T16:05:11.9355420Z           "tx.Exec",
source_go	Real Go source ownership and AST dependency graph	2026-10-03T16:05:11.9355549Z           ".Unix",
source_go	Real Go source ownership and AST dependency graph	2026-10-03T16:05:11.9355777Z           "s.now",
source_go	Real Go source ownership and AST dependency graph	2026-10-03T16:05:11.9355916Z           "s.codec.Sign",
source_go	Real Go source ownership and AST dependency graph	2026-10-03T16:05:11.9356062Z           "writeError",
source_go	Real Go source ownership and AST dependency graph	2026-10-03T16:05:11.9356213Z           "http.SetCookie",
source_go	Real Go source ownership and AST dependency graph	2026-10-03T16:05:11.9356362Z           "writeJSON",
source_go	Real Go source ownership and AST dependency graph	2026-10-03T16:05:11.9356495Z           "decode",
source_go	Real Go source ownership and AST dependency graph	2026-10-03T16:05:11.9356629Z           "writeError",
source_go	Real Go source ownership and AST dependency graph	2026-10-03T16:05:11.9356764Z           "v.valid",
source_go	Real Go source ownership and AST dependency graph	2026-10-03T16:05:11.9356901Z           "writeError",
source_go	Real Go source ownership and AST dependency graph	2026-10-03T16:05:11.9357029Z           "fail",
source_go	Real Go source ownership and AST dependency graph	2026-10-03T16:05:11.9357159Z           "writeError",
source_go	Real Go source ownership and AST dependency graph	2026-10-03T16:05:11.9357287Z           "fail",
source_go	Real Go source ownership and AST dependency graph	2026-10-03T16:05:11.9357416Z           "r.Cookie",
source_go	Real Go source ownership and AST dependency graph	2026-10-03T16:05:11.9357554Z           "writeError",
source_go	Real Go source ownership and AST dependency graph	2026-10-03T16:05:11.9357683Z           "fail",
source_go	Real Go source ownership and AST dependency graph	2026-10-03T16:05:11.9357814Z           "s.refresh",
source_go	Real Go source ownership and AST dependency graph	2026-10-03T16:05:11.9357945Z           "decode",
source_go	Real Go source ownership and AST dependency graph	2026-10-03T16:05:11.9358076Z           "writeError",
source_go	Real Go source ownership and AST dependency graph	2026-10-03T16:05:11.9358213Z           "writeError",
source_go	Real Go source ownership and AST dependency graph	2026-10-03T16:05:11.9358340Z           "fail",
source_go	Real Go source ownership and AST dependency graph	2026-10-03T16:05:11.9358471Z           "v.valid",
source_go	Real Go source ownership and AST dependency graph	2026-10-03T16:05:11.9358606Z           "writeError",
source_go	Real Go source ownership and AST dependency graph	2026-10-03T16:05:11.9358734Z           "fail",
source_go	Real Go source ownership and AST dependency graph	2026-10-03T16:05:11.9359336Z           "writeError",
source_go	Real Go source ownership and AST dependency graph	2026-10-03T16:05:11.9359710Z           "fail",
source_go	Real Go source ownership and AST dependency graph	2026-10-03T16:05:11.9359918Z           "s.refresh",
source_go	Real Go source ownership and AST dependency graph	2026-10-03T16:05:11.9360137Z           "r.Context",
source_go	Real Go source ownership and AST dependency graph	2026-10-03T16:05:11.9360357Z           "s.db.Begin",
source_go	Real Go source ownership and AST dependency graph	2026-10-03T16:05:11.9360578Z           "writeError",
source_go	Real Go source ownership and AST dependency graph	2026-10-03T16:05:11.9360803Z           "tx.Rollback",
source_go	Real Go source ownership and AST dependency graph	2026-10-03T16:05:11.9361013Z           ".Scan",
source_go	Real Go source ownership and AST dependency graph	2026-10-03T16:05:11.9361240Z           "tx.QueryRow",
source_go	Real Go source ownership and AST dependency graph	2026-10-03T16:05:11.9361468Z           "hashToken",
source_go	Real Go source ownership and AST dependency graph	2026-10-03T16:05:11.9361687Z           "errors.Is",
source_go	Real Go source ownership and AST dependency graph	2026-10-03T16:05:11.9361905Z           "writeError",
source_go	Real Go source ownership and AST dependency graph	2026-10-03T16:05:11.9362114Z           "fail",
source_go	Real Go source ownership and AST dependency graph	2026-10-03T16:05:11.9362326Z           "writeError",
source_go	Real Go source ownership and AST dependency graph	2026-10-03T16:05:11.9362551Z           "writeError",
source_go	Real Go source ownership and AST dependency graph	2026-10-03T16:05:11.9362757Z           "fail",
source_go	Real Go source ownership and AST dependency graph	2026-10-03T16:05:11.9362974Z           "expiry.After",
source_go	Real Go source ownership and AST dependency graph	2026-10-03T16:05:11.9363197Z           "s.now",
source_go	Real Go source ownership and AST dependency graph	2026-10-03T16:05:11.9363409Z           "writeError",
source_go	Real Go source ownership and AST dependency graph	2026-10-03T16:05:11.9363614Z           "fail",
source_go	Real Go source ownership and AST dependency graph	2026-10-03T16:05:11.9363823Z           "writeError",
source_go	Real Go source ownership and AST dependency graph	2026-10-03T16:05:11.9364034Z           "fail",
source_go	Real Go source ownership and AST dependency graph	2026-10-03T16:05:11.9364248Z           "randomToken",
source_go	Real Go source ownership and AST dependency graph	2026-10-03T16:05:11.9364475Z           "writeError",
source_go	Real Go source ownership and AST dependency graph	2026-10-03T16:05:11.9364687Z           "tx.Exec",
source_go	Real Go source ownership and AST dependency graph	2026-10-03T16:05:11.9364902Z           "hashToken",
source_go	Real Go source ownership and AST dependency graph	2026-10-03T16:05:11.9365107Z           ".Add",
source_go	Real Go source ownership and AST dependency graph	2026-10-03T16:05:11.9365302Z           "s.now",
source_go	Real Go source ownership and AST dependency graph	2026-10-03T16:05:11.9365511Z           "tx.Commit",
source_go	Real Go source ownership and AST dependency graph	2026-10-03T16:05:11.9365733Z           "writeError",
source_go	Real Go source ownership and AST dependency graph	2026-10-03T16:05:11.9365972Z           "s.authResponse",
source_go	Real Go source ownership and AST dependency graph	2026-10-03T16:05:11.9366218Z           "r.Header.Get",
source_go	Real Go source ownership and AST dependency graph	2026-10-03T16:05:11.9366476Z           "strings.HasPrefix",
source_go	Real Go source ownership and AST dependency graph	2026-10-03T16:05:11.9366703Z           "len",
source_go	Real Go source ownership and AST dependency graph	2026-10-03T16:05:11.9366895Z           "fail",
source_go	Real Go source ownership and AST dependency graph	2026-10-03T16:05:11.9367131Z           "strings.TrimPrefix",
source_go	Real Go source ownership and AST dependency graph	2026-10-03T16:05:11.9367366Z           "bearer",
source_go	Real Go source ownership and AST dependency graph	2026-10-03T16:05:11.9367586Z           "writeError",
source_go	Real Go source ownership and AST dependency graph	2026-10-03T16:05:11.9367820Z           "s.authenticate",
source_go	Real Go source ownership and AST dependency graph	2026-10-03T16:05:11.9368052Z           "r.Context",
source_go	Real Go source ownership and AST dependency graph	2026-10-03T16:05:11.9368274Z           "writeError",
source_go	Real Go source ownership and AST dependency graph	2026-10-03T16:05:11.9368500Z           "s.db.Begin",
source_go	Real Go source ownership and AST dependency graph	2026-10-03T16:05:11.9368677Z           "r.Context",
source_go	Real Go source ownership and AST dependency graph	2026-10-03T16:05:11.9369044Z           "writeError",
source_go	Real Go source ownership and AST dependency graph	2026-10-03T16:05:11.9369185Z           "tx.Rollback",
source_go	Real Go source ownership and AST dependency graph	2026-10-03T16:05:11.9369326Z           "r.Context",
source_go	Real Go source ownership and AST dependency graph	2026-10-03T16:05:11.9369454Z           ".Scan",
source_go	Real Go source ownership and AST dependency graph	2026-10-03T16:05:11.9369587Z           "tx.QueryRow",
source_go	Real Go source ownership and AST dependency graph	2026-10-03T16:05:11.9369732Z           "r.Context",
source_go	Real Go source ownership and AST dependency graph	2026-10-03T16:05:11.9369868Z           "writeError",
source_go	Real Go source ownership and AST dependency graph	2026-10-03T16:05:11.9370004Z           "writeError",
source_go	Real Go source ownership and AST dependency graph	2026-10-03T16:05:11.9370132Z           "fail",
source_go	Real Go source ownership and AST dependency graph	2026-10-03T16:05:11.9370257Z           "tx.Exec",
source_go	Real Go source ownership and AST dependency graph	2026-10-03T16:05:11.9370393Z           "r.Context",
source_go	Real Go source ownership and AST dependency graph	2026-10-03T16:05:11.9370542Z           "writeRevocation",
source_go	Real Go source ownership and AST dependency graph	2026-10-03T16:05:11.9370692Z           "r.Context",
source_go	Real Go source ownership and AST dependency graph	2026-10-03T16:05:11.9370950Z           "tx.Commit",
source_go	Real Go source ownership and AST dependency graph	2026-10-03T16:05:11.9371083Z           "r.Context",
source_go	Real Go source ownership and AST dependency graph	2026-10-03T16:05:11.9371219Z           "writeError",
source_go	Real Go source ownership and AST dependency graph	2026-10-03T16:05:11.9371367Z           "w.WriteHeader",
source_go	Real Go source ownership and AST dependency graph	2026-10-03T16:05:11.9371509Z           "bearer",
source_go	Real Go source ownership and AST dependency graph	2026-10-03T16:05:11.9371642Z           "writeError",
source_go	Real Go source ownership and AST dependency graph	2026-10-03T16:05:11.9371788Z           "s.authenticate",
source_go	Real Go source ownership and AST dependency graph	2026-10-03T16:05:11.9371937Z           "r.Context",
source_go	Real Go source ownership and AST dependency graph	2026-10-03T16:05:11.9372073Z           "writeError",
source_go	Real Go source ownership and AST dependency graph	2026-10-03T16:05:11.9372203Z           ".Scan",
source_go	Real Go source ownership and AST dependency graph	2026-10-03T16:05:11.9372342Z           "s.db.QueryRow",
source_go	Real Go source ownership and AST dependency graph	2026-10-03T16:05:11.9372487Z           "r.Context",
source_go	Real Go source ownership and AST dependency graph	2026-10-03T16:05:11.9372623Z           "writeError",
source_go	Real Go source ownership and AST dependency graph	2026-10-03T16:05:11.9372758Z           "writeJSON",
source_go	Real Go source ownership and AST dependency graph	2026-10-03T16:05:11.9372889Z           "bearer",
source_go	Real Go source ownership and AST dependency graph	2026-10-03T16:05:11.9373021Z           "writeError",
source_go	Real Go source ownership and AST dependency graph	2026-10-03T16:05:11.9373165Z           "s.authenticate",
source_go	Real Go source ownership and AST dependency graph	2026-10-03T16:05:11.9373311Z           "r.Context",
source_go	Real Go source ownership and AST dependency graph	2026-10-03T16:05:11.9373449Z           "writeError",
source_go	Real Go source ownership and AST dependency graph	2026-10-03T16:05:11.9373590Z           "r.URL.Query",
source_go	Real Go source ownership and AST dependency graph	2026-10-03T16:05:11.9373738Z           "values.Get",
source_go	Real Go source ownership and AST dependency graph	2026-10-03T16:05:11.9373867Z           "len",
source_go	Real Go source ownership and AST dependency graph	2026-10-03T16:05:11.9373986Z           "len",
source_go	Real Go source ownership and AST dependency graph	2026-10-03T16:05:11.9374104Z           "len",
source_go	Real Go source ownership and AST dependency graph	2026-10-03T16:05:11.9374312Z           "len",
source_go	Real Go source ownership and AST dependency graph	2026-10-03T16:05:11.9374473Z           "usernamePattern.MatchString",
source_go	Real Go source ownership and AST dependency graph	2026-10-03T16:05:11.9374645Z           "writeError",
source_go	Real Go source ownership and AST dependency graph	2026-10-03T16:05:11.9374774Z           "fail",
source_go	Real Go source ownership and AST dependency graph	2026-10-03T16:05:11.9374896Z           ".Scan",
source_go	Real Go source ownership and AST dependency graph	2026-10-03T16:05:11.9375034Z           "s.db.QueryRow",
source_go	Real Go source ownership and AST dependency graph	2026-10-03T16:05:11.9375178Z           "r.Context",
source_go	Real Go source ownership and AST dependency graph	2026-10-03T16:05:11.9375325Z           "strings.ToLower",
source_go	Real Go source ownership and AST dependency graph	2026-10-03T16:05:11.9375474Z           "errors.Is",
source_go	Real Go source ownership and AST dependency graph	2026-10-03T16:05:11.9375634Z           "writeJSON",
source_go	Real Go source ownership and AST dependency graph	2026-10-03T16:05:11.9375772Z           "writeError",
source_go	Real Go source ownership and AST dependency graph	2026-10-03T16:05:11.9375908Z           "writeJSON",
source_go	Real Go source ownership and AST dependency graph	2026-10-03T16:05:11.9376069Z           "shared.Fail",
source_go	Real Go source ownership and AST dependency graph	2026-10-03T16:05:11.9376218Z           "shared.UUID",
source_go	Real Go source ownership and AST dependency graph	2026-10-03T16:05:11.9376379Z           "shared.RandomToken",
source_go	Real Go source ownership and AST dependency graph	2026-10-03T16:05:11.9376545Z           "shared.HashToken"
source_go	Real Go source ownership and AST dependency graph	2026-10-03T16:05:11.9376677Z         ],
source_go	Real Go source ownership and AST dependency graph	2026-10-03T16:05:11.9376797Z         "strings": [
source_go	Real Go source ownership and AST dependency graph	2026-10-03T16:05:11.9376929Z           "context",
source_go	Real Go source ownership and AST dependency graph	2026-10-03T16:05:11.9377075Z           "crypto/sha256",
source_go	Real Go source ownership and AST dependency graph	2026-10-03T16:05:11.9377239Z           "encoding/hex",
source_go	Real Go source ownership and AST dependency graph	2026-10-03T16:05:11.9377392Z           "encoding/json",
source_go	Real Go source ownership and AST dependency graph	2026-10-03T16:05:11.9377534Z           "errors",
source_go	Real Go source ownership and AST dependency graph	2026-10-03T16:05:11.9377656Z           "io",
source_go	Real Go source ownership and AST dependency graph	2026-10-03T16:05:11.9377788Z           "net/http",
source_go	Real Go source ownership and AST dependency graph	2026-10-03T16:05:11.9377919Z           "regexp",
source_go	Real Go source ownership and AST dependency graph	2026-10-03T16:05:11.9378046Z           "strings",
source_go	Real Go source ownership and AST dependency graph	2026-10-03T16:05:11.9378171Z           "time",
source_go	Real Go source ownership and AST dependency graph	2026-10-03T16:05:11.9378330Z           "github.com/jackc/pgx/v5",
source_go	Real Go source ownership and AST dependency graph	2026-10-03T16:05:11.9378529Z           "github.com/jackc/pgx/v5/pgconn",
source_go	Real Go source ownership and AST dependency graph	2026-10-03T16:05:11.9378739Z           "github.com/jackc/pgx/v5/pgxpool",
source_go	Real Go source ownership and AST dependency graph	2026-10-03T16:05:11.9379064Z           "golang.org/x/crypto/bcrypt",
source_go	Real Go source ownership and AST dependency graph	2026-10-03T16:05:11.9379269Z           "im-platform/backend/go/shared",
source_go	Real Go source ownership and AST dependency graph	2026-10-03T16:05:11.9379465Z           "^[A-Za-z0-9][A-Za-z0-9._-]*$",
source_go	Real Go source ownership and AST dependency graph	2026-10-03T16:05:11.9379658Z           "json:\"clientType\"",
source_go	Real Go source ownership and AST dependency graph	2026-10-03T16:05:11.9379828Z           "json:\"deviceId\"",
source_go	Real Go source ownership and AST dependency graph	2026-10-03T16:05:11.9380041Z           "json:\"clientVersion\"",
source_go	Real Go source ownership and AST dependency graph	2026-10-03T16:05:11.9380354Z           "json:\"protocolVersion\"",
source_go	Real Go source ownership and AST dependency graph	2026-10-03T16:05:11.9380627Z           "json:\"username\"",
source_go	Real Go source ownership and AST dependency graph	2026-10-03T16:05:11.9380886Z           "json:\"password\"",
source_go	Real Go source ownership and AST dependency graph	2026-10-03T16:05:11.9381142Z           "json:\"username\"",
source_go	Real Go source ownership and AST dependency graph	2026-10-03T16:05:11.9381359Z           "json:\"password\"",
source_go	Real Go source ownership and AST dependency graph	2026-10-03T16:05:11.9381527Z           "json:\"displayName\"",
source_go	Real Go source ownership and AST dependency graph	2026-10-03T16:05:11.9381729Z           "json:\"refreshToken,omitempty\"",
source_go	Real Go source ownership and AST dependency graph	2026-10-03T16:05:11.9381918Z           "im-password-v1:",
source_go	Real Go source ownership and AST dependency graph	2026-10-03T16:05:11.9382339Z           "SELECT session_id, client_type, session_epoch, status, expires_at FROM sessions WHERE user_id=$1 AND client_type=$2",
source_go	Real Go source ownership and AST dependency graph	2026-10-03T16:05:11.9382770Z           "SELECT client_type FROM sessions WHERE user_id=$1 AND session_id=$2",
source_go	Real Go source ownership and AST dependency graph	2026-10-03T16:05:11.9383127Z           "AUTH_CLIENT_TYPE_MISMATCH",
source_go	Real Go source ownership and AST dependency graph	2026-10-03T16:05:11.9383381Z           "Access token does not match the active client session.",
source_go	Real Go source ownership and AST dependency graph	2026-10-03T16:05:11.9383600Z           "AUTH_SESSION_REVOKED",
source_go	Real Go source ownership and AST dependency graph	2026-10-03T16:05:11.9383786Z           "Session has been revoked.",
source_go	Real Go source ownership and AST dependency graph	2026-10-03T16:05:11.9383939Z           "ACTIVE",
source_go	Real Go source ownership and AST dependency graph	2026-10-03T16:05:11.9384092Z           "AUTH_SESSION_REVOKED",
source_go	Real Go source ownership and AST dependency graph	2026-10-03T16:05:11.9384276Z           "Session has been revoked.",
source_go	Real Go source ownership and AST dependency graph	2026-10-03T16:05:11.9384461Z           "AUTH_SESSION_EPOCH_STALE",
source_go	Real Go source ownership and AST dependency graph	2026-10-03T16:05:11.9384692Z           "Access token carries a stale session epoch.",
source_go	Real Go source ownership and AST dependency graph	2026-10-03T16:05:11.9385001Z           "SELECT client_type FROM sessions WHERE user_id=$1 AND session_id=$2",
source_go	Real Go source ownership and AST dependency graph	2026-10-03T16:05:11.9385243Z           "AUTH_CLIENT_TYPE_MISMATCH",
source_go	Real Go source ownership and AST dependency graph	2026-10-03T16:05:11.9385496Z           "Access token does not match the active client session.",
source_go	Real Go source ownership and AST dependency graph	2026-10-03T16:05:11.9385710Z           "AUTH_TOKEN_INVALID",
source_go	Real Go source ownership and AST dependency graph	2026-10-03T16:05:11.9385926Z           "Access token and session binding disagree.",
source_go	Real Go source ownership and AST dependency graph	2026-10-03T16:05:11.9386103Z           "WEB",
source_go	Real Go source ownership and AST dependency graph	2026-10-03T16:05:11.9386232Z           "DESKTOP",
source_go	Real Go source ownership and AST dependency graph	2026-10-03T16:05:11.9386365Z           "MOBILE",
source_go	Real Go source ownership and AST dependency graph	2026-10-03T16:05:11.9386511Z           "VALIDATION_FAILED",
source_go	Real Go source ownership and AST dependency graph	2026-10-03T16:05:11.9386793Z           "Request body is invalid.",
source_go	Real Go source ownership and AST dependency graph	2026-10-03T16:05:11.9386965Z           "VALIDATION_FAILED",
source_go	Real Go source ownership and AST dependency graph	2026-10-03T16:05:11.9387138Z           "Request body is invalid.",
source_go	Real Go source ownership and AST dependency graph	2026-10-03T16:05:11.9387304Z           "Content-Type",
source_go	Real Go source ownership and AST dependency graph	2026-10-03T16:05:11.9387465Z           "application/json",
source_go	Real Go source ownership and AST dependency graph	2026-10-03T16:05:11.9387623Z           "INTERNAL_ERROR",
source_go	Real Go source ownership and AST dependency graph	2026-10-03T16:05:11.9387791Z           "Internal server error.",
source_go	Real Go source ownership and AST dependency graph	2026-10-03T16:05:11.9387942Z           "error",
source_go	Real Go source ownership and AST dependency graph	2026-10-03T16:05:11.9388069Z           "code",
source_go	Real Go source ownership and AST dependency graph	2026-10-03T16:05:11.9388194Z           "message",
source_go	Real Go source ownership and AST dependency graph	2026-10-03T16:05:11.9388329Z           "requestId",
source_go	Real Go source ownership and AST dependency graph	2026-10-03T16:05:11.9388483Z           "POST /v1/sync/user",
source_go	Real Go source ownership and AST dependency graph	2026-10-03T16:05:11.9388664Z           "POST /v1/sync/conversation",
source_go	Real Go source ownership and AST dependency graph	2026-10-03T16:05:11.9388971Z           "POST /v1/auth/register",
source_go	Real Go source ownership and AST dependency graph	2026-10-03T16:05:11.9389148Z           "POST /v1/auth/login",
source_go	Real Go source ownership and AST dependency graph	2026-10-03T16:05:11.9389324Z           "POST /v1/auth/refresh/web",
source_go	Real Go source ownership and AST dependency graph	2026-10-03T16:05:11.9389512Z           "POST /v1/auth/refresh/native",
source_go	Real Go source ownership and AST dependency graph	2026-10-03T16:05:11.9389699Z           "POST /v1/auth/logout",
source_go	Real Go source ownership and AST dependency graph	2026-10-03T16:05:11.9389862Z           "GET /v1/users/me",
source_go	Real Go source ownership and AST dependency graph	2026-10-03T16:05:11.9390028Z           "GET /v1/users/search",
source_go	Real Go source ownership and AST dependency graph	2026-10-03T16:05:11.9390189Z           "GET /v1/friends",
source_go	Real Go source ownership and AST dependency graph	2026-10-03T16:05:11.9390381Z           "PUT /v1/friends/{friendUserId}",
source_go	Real Go source ownership and AST dependency graph	2026-10-03T16:05:11.9390546Z           "POST",
source_go	Real Go source ownership and AST dependency graph	2026-10-03T16:05:11.9390684Z           "/v1/sync/user",
source_go	Real Go source ownership and AST dependency graph	2026-10-03T16:05:11.9390850Z           "/v1/sync/conversation",
source_go	Real Go source ownership and AST dependency graph	2026-10-03T16:05:11.9391001Z           "token",
source_go	Real Go source ownership and AST dependency graph	2026-10-03T16:05:11.9391135Z           "password",
source_go	Real Go source ownership and AST dependency graph	2026-10-03T16:05:11.9438238Z           "secret",
source_go	Real Go source ownership and AST dependency graph	2026-10-03T16:05:11.9438501Z           "authorization",
source_go	Real Go source ownership and AST dependency graph	2026-10-03T16:05:11.9438726Z           "cookie",
source_go	Real Go source ownership and AST dependency graph	2026-10-03T16:05:11.9439057Z           "VALIDATION_FAILED",
source_go	Real Go source ownership and AST dependency graph	2026-10-03T16:05:11.9439474Z           "Authentication material is forbidden in query parameters.",
source_go	Real Go source ownership and AST dependency graph	2026-10-03T16:05:11.9439811Z           "VALIDATION_FAILED",
source_go	Real Go source ownership and AST dependency graph	2026-10-03T16:05:11.9440113Z           "Registration fields are invalid.",
source_go	Real Go source ownership and AST dependency graph	2026-10-03T16:05:11.9440679Z           "INSERT INTO users(user_id,username,display_name,password_hash) VALUES($1,$2,$3,$4)",
source_go	Real Go source ownership and AST dependency graph	2026-10-03T16:05:11.9440945Z           "23505",
source_go	Real Go source ownership and AST dependency graph	2026-10-03T16:05:11.9441146Z           "USERNAME_ALREADY_EXISTS",
source_go	Real Go source ownership and AST dependency graph	2026-10-03T16:05:11.9441432Z           "Username already exists.",
source_go	Real Go source ownership and AST dependency graph	2026-10-03T16:05:11.9441658Z           "user",
source_go	Real Go source ownership and AST dependency graph	2026-10-03T16:05:11.9441849Z           "userId",
source_go	Real Go source ownership and AST dependency graph	2026-10-03T16:05:11.9442054Z           "username",
source_go	Real Go source ownership and AST dependency graph	2026-10-03T16:05:11.9442271Z           "displayName",
source_go	Real Go source ownership and AST dependency graph	2026-10-03T16:05:11.9442515Z           "VALIDATION_FAILED",
source_go	Real Go source ownership and AST dependency graph	2026-10-03T16:05:11.9442792Z           "clientType is invalid.",
source_go	Real Go source ownership and AST dependency graph	2026-10-03T16:05:11.9443056Z           "VALIDATION_FAILED",
source_go	Real Go source ownership and AST dependency graph	2026-10-03T16:05:11.9443325Z           "Login fields are invalid.",
source_go	Real Go source ownership and AST dependency graph	2026-10-03T16:05:11.9443592Z           "1",
source_go	Real Go source ownership and AST dependency graph	2026-10-03T16:05:11.9444051Z           "PROTOCOL_VERSION_UNSUPPORTED",
source_go	Real Go source ownership and AST dependency graph	2026-10-03T16:05:11.9444388Z           "Protocol version is unsupported.",
source_go	Real Go source ownership and AST dependency graph	2026-10-03T16:05:11.9444846Z           "SELECT user_id,password_hash FROM users WHERE username=$1",
source_go	Real Go source ownership and AST dependency graph	2026-10-03T16:05:11.9445223Z           "AUTH_INVALID_CREDENTIALS",
source_go	Real Go source ownership and AST dependency graph	2026-10-03T16:05:11.9445512Z           "Credentials are invalid.",
source_go	Real Go source ownership and AST dependency graph	2026-10-03T16:05:11.9445809Z           "AUTH_INVALID_CREDENTIALS",
source_go	Real Go source ownership and AST dependency graph	2026-10-03T16:05:11.9446107Z           "Credentials are invalid.",
source_go	Real Go source ownership and AST dependency graph	2026-10-03T16:05:11.9446507Z           "SELECT user_id FROM users WHERE user_id=$1 FOR UPDATE",
source_go	Real Go source ownership and AST dependency graph	2026-10-03T16:05:11.9447161Z           "SELECT session_id,session_epoch,status FROM sessions WHERE user_id=$1 AND client_type=$2",
source_go	Real Go source ownership and AST dependency graph	2026-10-03T16:05:11.9447589Z           "ACTIVE",
source_go	Real Go source ownership and AST dependency graph	2026-10-03T16:05:11.9449905Z           "INSERT INTO sessions(user_id,client_type,session_id,session_epoch,refresh_token_hash,status,device_id,expires_at) VALUES($1,$2,$3,$4,$5,'ACTIVE',$6,$7)\n\tON CONFLICT(user_id,client_type) DO UPDATE SET session_id=EXCLUDED.session_id,session_epoch=EXCLUDED.session_epoch,refresh_token_hash=EXCLUDED.refresh_token_hash,status='ACTIVE',device_id=EXCLUDED.device_id,expires_at=EXCLUDED.expires_at,updated_at=now()",
source_go	Real Go source ownership and AST dependency graph	2026-10-03T16:05:11.9451441Z           "REPLACED",
source_go	Real Go source ownership and AST dependency graph	2026-10-03T16:05:11.9451664Z           "sessionId",
source_go	Real Go source ownership and AST dependency graph	2026-10-03T16:05:11.9451869Z           "reason",
source_go	Real Go source ownership and AST dependency graph	2026-10-03T16:05:11.9452398Z           "INSERT INTO outbox_events(event_id,aggregate_type,aggregate_id,event_type,payload) VALUES($1,'session',$2,'session.revoked',$3)",
source_go	Real Go source ownership and AST dependency graph	2026-10-03T16:05:11.9452916Z           "INSERT INTO user_sync_events(user_id,event_type,payload) VALUES($1,'session.revoked',$2)",
source_go	Real Go source ownership and AST dependency graph	2026-10-03T16:05:11.9453180Z           "accessToken",
source_go	Real Go source ownership and AST dependency graph	2026-10-03T16:05:11.9453363Z           "accessTokenExpiresInSeconds",
source_go	Real Go source ownership and AST dependency graph	2026-10-03T16:05:11.9453525Z           "WEB",
source_go	Real Go source ownership and AST dependency graph	2026-10-03T16:05:11.9453675Z           "__Host-im_refresh",
source_go	Real Go source ownership and AST dependency graph	2026-10-03T16:05:11.9453817Z           "/",
source_go	Real Go source ownership and AST dependency graph	2026-10-03T16:05:11.9453968Z           "refreshTokenDelivery",
source_go	Real Go source ownership and AST dependency graph	2026-10-03T16:05:11.9454150Z           "HTTP_ONLY_SECURE_COOKIE",
source_go	Real Go source ownership and AST dependency graph	2026-10-03T16:05:11.9454315Z           "refreshToken",
source_go	Real Go source ownership and AST dependency graph	2026-10-03T16:05:11.9454496Z           "refreshTokenExpiresInSeconds",
source_go	Real Go source ownership and AST dependency graph	2026-10-03T16:05:11.9454683Z           "refreshTokenDelivery",
source_go	Real Go source ownership and AST dependency graph	2026-10-03T16:05:11.9454886Z           "RESPONSE_BODY_FOR_OS_SECURE_STORAGE",
source_go	Real Go source ownership and AST dependency graph	2026-10-03T16:05:11.9455055Z           "session",
source_go	Real Go source ownership and AST dependency graph	2026-10-03T16:05:11.9455259Z           "sessionId",
source_go	Real Go source ownership and AST dependency graph	2026-10-03T16:05:11.9455391Z           "userId",
source_go	Real Go source ownership and AST dependency graph	2026-10-03T16:05:11.9455526Z           "clientType",
source_go	Real Go source ownership and AST dependency graph	2026-10-03T16:05:11.9455675Z           "sessionEpoch",
source_go	Real Go source ownership and AST dependency graph	2026-10-03T16:05:11.9455812Z           "status",
source_go	Real Go source ownership and AST dependency graph	2026-10-03T16:05:11.9455935Z           "ACTIVE",
source_go	Real Go source ownership and AST dependency graph	2026-10-03T16:05:11.9456060Z           "tokens",
source_go	Real Go source ownership and AST dependency graph	2026-10-03T16:05:11.9456213Z           "replacedExistingSession",
source_go	Real Go source ownership and AST dependency graph	2026-10-03T16:05:11.9456366Z           "WEB",
source_go	Real Go source ownership and AST dependency graph	2026-10-03T16:05:11.9456482Z           "",
source_go	Real Go source ownership and AST dependency graph	2026-10-03T16:05:11.9456621Z           "VALIDATION_FAILED",
source_go	Real Go source ownership and AST dependency graph	2026-10-03T16:05:11.9456809Z           "WEB refresh fields are invalid.",
source_go	Real Go source ownership and AST dependency graph	2026-10-03T16:05:11.9456964Z           "1",
source_go	Real Go source ownership and AST dependency graph	2026-10-03T16:05:11.9457122Z           "PROTOCOL_VERSION_UNSUPPORTED",
source_go	Real Go source ownership and AST dependency graph	2026-10-03T16:05:11.9457334Z           "Protocol version is unsupported.",
source_go	Real Go source ownership and AST dependency graph	2026-10-03T16:05:11.9457516Z           "__Host-im_refresh",
source_go	Real Go source ownership and AST dependency graph	2026-10-03T16:05:11.9457655Z           "",
source_go	Real Go source ownership and AST dependency graph	2026-10-03T16:05:11.9457786Z           "AUTH_REQUIRED",
source_go	Real Go source ownership and AST dependency graph	2026-10-03T16:05:11.9457967Z           "WEB refresh cookie is required.",
source_go	Real Go source ownership and AST dependency graph	2026-10-03T16:05:11.9458121Z           "",
source_go	Real Go source ownership and AST dependency graph	2026-10-03T16:05:11.9458258Z           "VALIDATION_FAILED",
source_go	Real Go source ownership and AST dependency graph	2026-10-03T16:05:11.9458435Z           "refreshToken is required.",
source_go	Real Go source ownership and AST dependency graph	2026-10-03T16:05:11.9458583Z           "WEB",
source_go	Real Go source ownership and AST dependency graph	2026-10-03T16:05:11.9458723Z           "VALIDATION_FAILED",
source_go	Real Go source ownership and AST dependency graph	2026-10-03T16:05:11.9459118Z           "Native refresh fields are invalid.",
source_go	Real Go source ownership and AST dependency graph	2026-10-03T16:05:11.9459278Z           "1",
source_go	Real Go source ownership and AST dependency graph	2026-10-03T16:05:11.9459437Z           "PROTOCOL_VERSION_UNSUPPORTED",
source_go	Real Go source ownership and AST dependency graph	2026-10-03T16:05:11.9459650Z           "Protocol version is unsupported.",
source_go	Real Go source ownership and AST dependency graph	2026-10-03T16:05:11.9460189Z           "SELECT user_id,session_id,refresh_token_hash,status,session_epoch,expires_at,device_id,client_type FROM sessions WHERE refresh_token_hash=$1 FOR UPDATE",
source_go	Real Go source ownership and AST dependency graph	2026-10-03T16:05:11.9460706Z           "AUTH_REFRESH_REVOKED",
source_go	Real Go source ownership and AST dependency graph	2026-10-03T16:05:11.9460901Z           "Refresh token has been revoked.",
source_go	Real Go source ownership and AST dependency graph	2026-10-03T16:05:11.9461091Z           "AUTH_CLIENT_TYPE_MISMATCH",
source_go	Real Go source ownership and AST dependency graph	2026-10-03T16:05:11.9461370Z           "Refresh credential does not belong to the declared client type.",
source_go	Real Go source ownership and AST dependency graph	2026-10-03T16:05:11.9461583Z           "ACTIVE",
source_go	Real Go source ownership and AST dependency graph	2026-10-03T16:05:11.9461731Z           "AUTH_SESSION_REVOKED",
source_go	Real Go source ownership and AST dependency graph	2026-10-03T16:05:11.9461912Z           "Session has been revoked.",
source_go	Real Go source ownership and AST dependency graph	2026-10-03T16:05:11.9462096Z           "AUTH_CLIENT_TYPE_MISMATCH",
source_go	Real Go source ownership and AST dependency graph	2026-10-03T16:05:11.9462349Z           "Refresh token does not match the active client session.",
source_go	Real Go source ownership and AST dependency graph	2026-10-03T16:05:11.9462792Z           "UPDATE sessions SET refresh_token_hash=$1,expires_at=$2,updated_at=now() WHERE user_id=$3 AND client_type=$4",
source_go	Real Go source ownership and AST dependency graph	2026-10-03T16:05:11.9463090Z           "Authorization",
source_go	Real Go source ownership and AST dependency graph	2026-10-03T16:05:11.9463263Z           "Bearer ",
source_go	Real Go source ownership and AST dependency graph	2026-10-03T16:05:11.9463396Z           "",
source_go	Real Go source ownership and AST dependency graph	2026-10-03T16:05:11.9463528Z           "AUTH_REQUIRED",
source_go	Real Go source ownership and AST dependency graph	2026-10-03T16:05:11.9463901Z           "*** token is required.",
source_go	Real Go source ownership and AST dependency graph	2026-10-03T16:05:11.9464060Z           "Bearer ",
source_go	Real Go source ownership and AST dependency graph	2026-10-03T16:05:11.9464512Z           "SELECT session_id,status,session_epoch FROM sessions WHERE user_id=$1 AND client_type=$2 FOR UPDATE",
source_go	Real Go source ownership and AST dependency graph	2026-10-03T16:05:11.9464785Z           "ACTIVE",
source_go	Real Go source ownership and AST dependency graph	2026-10-03T16:05:11.9464931Z           "AUTH_SESSION_REVOKED",
source_go	Real Go source ownership and AST dependency graph	2026-10-03T16:05:11.9465112Z           "Session has been revoked.",
source_go	Real Go source ownership and AST dependency graph	2026-10-03T16:05:11.9465524Z           "UPDATE sessions SET status='REVOKED',refresh_token_hash=NULL,updated_at=now() WHERE user_id=$1 AND client_type=$2",
source_go	Real Go source ownership and AST dependency graph	2026-10-03T16:05:11.9465813Z           "LOGOUT",
source_go	Real Go source ownership and AST dependency graph	2026-10-03T16:05:11.9466035Z           "SELECT username,display_name FROM users WHERE user_id=$1",
source_go	Real Go source ownership and AST dependency graph	2026-10-03T16:05:11.9466230Z           "user",
source_go	Real Go source ownership and AST dependency graph	2026-10-03T16:05:11.9466354Z           "userId",
source_go	Real Go source ownership and AST dependency graph	2026-10-03T16:05:11.9466484Z           "username",
source_go	Real Go source ownership and AST dependency graph	2026-10-03T16:05:11.9466626Z           "displayName",
source_go	Real Go source ownership and AST dependency graph	2026-10-03T16:05:11.9466770Z           "username",
source_go	Real Go source ownership and AST dependency graph	2026-10-03T16:05:11.9466903Z           "username",
source_go	Real Go source ownership and AST dependency graph	2026-10-03T16:05:11.9467048Z           "VALIDATION_FAILED",
source_go	Real Go source ownership and AST dependency graph	2026-10-03T16:05:11.9467219Z           "username is invalid.",
source_go	Real Go source ownership and AST dependency graph	2026-10-03T16:05:11.9467490Z           "SELECT user_id,username,display_name FROM users WHERE username=$1",
source_go	Real Go source ownership and AST dependency graph	2026-10-03T16:05:11.9467701Z           "users",
source_go	Real Go source ownership and AST dependency graph	2026-10-03T16:05:11.9467822Z           "users",
source_go	Real Go source ownership and AST dependency graph	2026-10-03T16:05:11.9467942Z           "userId",
source_go	Real Go source ownership and AST dependency graph	2026-10-03T16:05:11.9468068Z           "username",
source_go	Real Go source ownership and AST dependency graph	2026-10-03T16:05:11.9468203Z           "displayName"
source_go	Real Go source ownership and AST dependency graph	2026-10-03T16:05:11.9468325Z         ]
source_go	Real Go source ownership and AST dependency graph	2026-10-03T16:05:11.9468427Z       },
source_go	Real Go source ownership and AST dependency graph	2026-10-03T16:05:11.9468528Z       {
source_go	Real Go source ownership and AST dependency graph	2026-10-03T16:05:11.9468668Z         "path": "core/http.go",
source_go	Real Go source ownership and AST dependency graph	2026-10-03T16:05:11.9468991Z         "package": "core",
source_go	Real Go source ownership and AST dependency graph	2026-10-03T16:05:11.9469130Z         "imports": [
source_go	Real Go source ownership and AST dependency graph	2026-10-03T16:05:11.9469309Z           "github.com/jackc/pgx/v5/pgxpool",
source_go	Real Go source ownership and AST dependency graph	2026-10-03T16:05:11.9469518Z           "im-platform/backend/go/shared",
source_go	Real Go source ownership and AST dependency graph	2026-10-03T16:05:11.9469686Z           "net/http",
source_go	Real Go source ownership and AST dependency graph	2026-10-03T16:05:11.9469812Z           "time"
source_go	Real Go source ownership and AST dependency graph	2026-10-03T16:05:11.9469924Z         ],
source_go	Real Go source ownership and AST dependency graph	2026-10-03T16:05:11.9470046Z         "functions": [
source_go	Real Go source ownership and AST dependency graph	2026-10-03T16:05:11.9470186Z           "NewHandler"
source_go	Real Go source ownership and AST dependency graph	2026-10-03T16:05:11.9470303Z         ],
source_go	Real Go source ownership and AST dependency graph	2026-10-03T16:05:11.9470419Z         "types": null,
source_go	Real Go source ownership and AST dependency graph	2026-10-03T16:05:11.9470546Z         "calls": [
source_go	Real Go source ownership and AST dependency graph	2026-10-03T16:05:11.9470689Z           "shared.InfraMux",
source_go	Real Go source ownership and AST dependency graph	2026-10-03T16:05:11.9470833Z           "m.Handle",
source_go	Real Go source ownership and AST dependency graph	2026-10-03T16:05:11.9470965Z           "s.handler",
source_go	Real Go source ownership and AST dependency graph	2026-10-03T16:05:11.9471106Z           "m.HandleFunc",
source_go	Real Go source ownership and AST dependency graph	2026-10-03T16:05:11.9471254Z           "m.HandleFunc"
source_go	Real Go source ownership and AST dependency graph	2026-10-03T16:05:11.9471376Z         ],
source_go	Real Go source ownership and AST dependency graph	2026-10-03T16:05:11.9471494Z         "strings": [
source_go	Real Go source ownership and AST dependency graph	2026-10-03T16:05:11.9471672Z           "github.com/jackc/pgx/v5/pgxpool",
source_go	Real Go source ownership and AST dependency graph	2026-10-03T16:05:11.9471875Z           "im-platform/backend/go/shared",
source_go	Real Go source ownership and AST dependency graph	2026-10-03T16:05:11.9472041Z           "net/http",
source_go	Real Go source ownership and AST dependency graph	2026-10-03T16:05:11.9472168Z           "time",
source_go	Real Go source ownership and AST dependency graph	2026-10-03T16:05:11.9472293Z           "core",
source_go	Real Go source ownership and AST dependency graph	2026-10-03T16:05:11.9472515Z           "/v1/",
source_go	Real Go source ownership and AST dependency graph	2026-10-03T16:05:11.9472663Z           "POST /__core/message",
source_go	Real Go source ownership and AST dependency graph	2026-10-03T16:05:11.9472835Z           "POST /__core/history"
source_go	Real Go source ownership and AST dependency graph	2026-10-03T16:05:11.9472971Z         ]
source_go	Real Go source ownership and AST dependency graph	2026-10-03T16:05:11.9473073Z       },
source_go	Real Go source ownership and AST dependency graph	2026-10-03T16:05:11.9473172Z       {
source_go	Real Go source ownership and AST dependency graph	2026-10-03T16:05:11.9473316Z         "path": "core/message.go",
source_go	Real Go source ownership and AST dependency graph	2026-10-03T16:05:11.9473479Z         "package": "core",
source_go	Real Go source ownership and AST dependency graph	2026-10-03T16:05:11.9473619Z         "imports": [
source_go	Real Go source ownership and AST dependency graph	2026-10-03T16:05:11.9473753Z           "context",
source_go	Real Go source ownership and AST dependency graph	2026-10-03T16:05:11.9473897Z           "encoding/json",
source_go	Real Go source ownership and AST dependency graph	2026-10-03T16:05:11.9474036Z           "errors",
source_go	Real Go source ownership and AST dependency graph	2026-10-03T16:05:11.9474166Z           "net/http",
source_go	Real Go source ownership and AST dependency graph	2026-10-03T16:05:11.9474297Z           "strings",
source_go	Real Go source ownership and AST dependency graph	2026-10-03T16:05:11.9474420Z           "time",
source_go	Real Go source ownership and AST dependency graph	2026-10-03T16:05:11.9474554Z           "unicode/utf8",
source_go	Real Go source ownership and AST dependency graph	2026-10-03T16:05:11.9474719Z           "github.com/jackc/pgx/v5"
source_go	Real Go source ownership and AST dependency graph	2026-10-03T16:05:11.9474861Z         ],
source_go	Real Go source ownership and AST dependency graph	2026-10-03T16:05:11.9474983Z         "functions": [
source_go	Real Go source ownership and AST dependency graph	2026-10-03T16:05:11.9475126Z           "messageFrame",
source_go	Real Go source ownership and AST dependency graph	2026-10-03T16:05:11.9475292Z           "rejectedMessage",
source_go	Real Go source ownership and AST dependency graph	2026-10-03T16:05:11.9475454Z           "committedMessage",
source_go	Real Go source ownership and AST dependency graph	2026-10-03T16:05:11.9475637Z           "createdMessage",
source_go	Real Go source ownership and AST dependency graph	2026-10-03T16:05:11.9475867Z           "valid",
source_go	Real Go source ownership and AST dependency graph	2026-10-03T16:05:11.9475998Z           "sendMessage",
source_go	Real Go source ownership and AST dependency graph	2026-10-03T16:05:11.9476148Z           "authorizeMessage",
source_go	Real Go source ownership and AST dependency graph	2026-10-03T16:05:11.9476302Z           "commitMessage"
source_go	Real Go source ownership and AST dependency graph	2026-10-03T16:05:11.9476422Z         ],
source_go	Real Go source ownership and AST dependency graph	2026-10-03T16:05:11.9476536Z         "types": [
source_go	Real Go source ownership and AST dependency graph	2026-10-03T16:05:11.9476670Z           "textContent",
source_go	Real Go source ownership and AST dependency graph	2026-10-03T16:05:11.9476808Z           "sendFrame",
source_go	Real Go source ownership and AST dependency graph	2026-10-03T16:05:11.9476948Z           "storedMessage"
source_go	Real Go source ownership and AST dependency graph	2026-10-03T16:05:11.9477068Z         ],
source_go	Real Go source ownership and AST dependency graph	2026-10-03T16:05:11.9477184Z         "calls": [
source_go	Real Go source ownership and AST dependency graph	2026-10-03T16:05:11.9477318Z           "messageFrame",
source_go	Real Go source ownership and AST dependency graph	2026-10-03T16:05:11.9477462Z           "messageFrame",
source_go	Real Go source ownership and AST dependency graph	2026-10-03T16:05:11.9477603Z           "messageFrame",
source_go	Real Go source ownership and AST dependency graph	2026-10-03T16:05:11.9477766Z           "utf8.RuneCountInString",
source_go	Real Go source ownership and AST dependency graph	2026-10-03T16:05:11.9477964Z           "socialUUIDPattern.MatchString",
source_go	Real Go source ownership and AST dependency graph	2026-10-03T16:05:11.9478172Z           "socialUUIDPattern.MatchString",
source_go	Real Go source ownership and AST dependency graph	2026-10-03T16:05:11.9478335Z           "decode",
source_go	Real Go source ownership and AST dependency graph	2026-10-03T16:05:11.9478461Z           "v.valid",
source_go	Real Go source ownership and AST dependency graph	2026-10-03T16:05:11.9478597Z           "writeJSON",
source_go	Real Go source ownership and AST dependency graph	2026-10-03T16:05:11.9478743Z           "rejectedMessage",
source_go	Real Go source ownership and AST dependency graph	2026-10-03T16:05:11.9479018Z           "bearer",
source_go	Real Go source ownership and AST dependency graph	2026-10-03T16:05:11.9479150Z           "writeJSON",
source_go	Real Go source ownership and AST dependency graph	2026-10-03T16:05:11.9479295Z           "rejectedMessage",
source_go	Real Go source ownership and AST dependency graph	2026-10-03T16:05:11.9479450Z           "s.codec.Parse",
source_go	Real Go source ownership and AST dependency graph	2026-10-03T16:05:11.9479593Z           "writeJSON",
source_go	Real Go source ownership and AST dependency graph	2026-10-03T16:05:11.9479737Z           "rejectedMessage",
source_go	Real Go source ownership and AST dependency graph	2026-10-03T16:05:11.9479893Z           "s.commitMessage",
source_go	Real Go source ownership and AST dependency graph	2026-10-03T16:05:11.9480039Z           "r.Context",
source_go	Real Go source ownership and AST dependency graph	2026-10-03T16:05:11.9480174Z           "errors.As",
source_go	Real Go source ownership and AST dependency graph	2026-10-03T16:05:11.9480309Z           "writeJSON",
source_go	Real Go source ownership and AST dependency graph	2026-10-03T16:05:11.9480451Z           "rejectedMessage",
source_go	Real Go source ownership and AST dependency graph	2026-10-03T16:05:11.9480599Z           "writeJSON",
source_go	Real Go source ownership and AST dependency graph	2026-10-03T16:05:11.9480747Z           "committedMessage",
source_go	Real Go source ownership and AST dependency graph	2026-10-03T16:05:11.9480892Z           ".Scan",
source_go	Real Go source ownership and AST dependency graph	2026-10-03T16:05:11.9481025Z           "tx.QueryRow",
source_go	Real Go source ownership and AST dependency graph	2026-10-03T16:05:11.9481167Z           "errors.Is",
source_go	Real Go source ownership and AST dependency graph	2026-10-03T16:05:11.9481293Z           "fail",
source_go	Real Go source ownership and AST dependency graph	2026-10-03T16:05:11.9481434Z           "expiry.After",
source_go	Real Go source ownership and AST dependency graph	2026-10-03T16:05:11.9481569Z           "s.now",
source_go	Real Go source ownership and AST dependency graph	2026-10-03T16:05:11.9481693Z           ".Unix",
source_go	Real Go source ownership and AST dependency graph	2026-10-03T16:05:11.9481816Z           "s.now",
source_go	Real Go source ownership and AST dependency graph	2026-10-03T16:05:11.9481936Z           "fail",
source_go	Real Go source ownership and AST dependency graph	2026-10-03T16:05:11.9482060Z           ".Scan",
source_go	Real Go source ownership and AST dependency graph	2026-10-03T16:05:11.9482193Z           "tx.QueryRow",
source_go	Real Go source ownership and AST dependency graph	2026-10-03T16:05:11.9482330Z           "errors.Is",
source_go	Real Go source ownership and AST dependency graph	2026-10-03T16:05:11.9482453Z           "fail",
source_go	Real Go source ownership and AST dependency graph	2026-10-03T16:05:11.9482581Z           "s.db.Begin",
source_go	Real Go source ownership and AST dependency graph	2026-10-03T16:05:11.9482722Z           "tx.Rollback",
source_go	Real Go source ownership and AST dependency graph	2026-10-03T16:05:11.9482869Z           "strings.ToLower",
source_go	Real Go source ownership and AST dependency graph	2026-10-03T16:05:11.9483536Z           "strings.ToLower",
source_go	Real Go source ownership and AST dependency graph	2026-10-03T16:05:11.9483699Z           "s.authorizeMessage",
source_go	Real Go source ownership and AST dependency graph	2026-10-03T16:05:11.9483845Z           ".Scan",
source_go	Real Go source ownership and AST dependency graph	2026-10-03T16:05:11.9483977Z           "tx.QueryRow",
source_go	Real Go source ownership and AST dependency graph	2026-10-03T16:05:11.9484215Z           ".Scan",
source_go	Real Go source ownership and AST dependency graph	2026-10-03T16:05:11.9484346Z           "tx.QueryRow",
source_go	Real Go source ownership and AST dependency graph	2026-10-03T16:05:11.9484475Z           "fail",
source_go	Real Go source ownership and AST dependency graph	2026-10-03T16:05:11.9484602Z           "tx.Commit",
source_go	Real Go source ownership and AST dependency graph	2026-10-03T16:05:11.9484739Z           "errors.Is",
source_go	Real Go source ownership and AST dependency graph	2026-10-03T16:05:11.9484866Z           "uuid",
source_go	Real Go source ownership and AST dependency graph	2026-10-03T16:05:11.9484990Z           "tx.Exec",
source_go	Real Go source ownership and AST dependency graph	2026-10-03T16:05:11.9485116Z           ".Scan",
source_go	Real Go source ownership and AST dependency graph	2026-10-03T16:05:11.9485250Z           "tx.QueryRow",
source_go	Real Go source ownership and AST dependency graph	2026-10-03T16:05:11.9485393Z           "json.Marshal",
source_go	Real Go source ownership and AST dependency graph	2026-10-03T16:05:11.9485542Z           "createdMessage",
source_go	Real Go source ownership and AST dependency graph	2026-10-03T16:05:11.9485679Z           "uuid",
source_go	Real Go source ownership and AST dependency graph	2026-10-03T16:05:11.9485803Z           "tx.Exec",
source_go	Real Go source ownership and AST dependency graph	2026-10-03T16:05:11.9485937Z           "tx.Commit"
source_go	Real Go source ownership and AST dependency graph	2026-10-03T16:05:11.9486052Z         ],
source_go	Real Go source ownership and AST dependency graph	2026-10-03T16:05:11.9486169Z         "strings": [
source_go	Real Go source ownership and AST dependency graph	2026-10-03T16:05:11.9486299Z           "context",
source_go	Real Go source ownership and AST dependency graph	2026-10-03T16:05:11.9486439Z           "encoding/json",
source_go	Real Go source ownership and AST dependency graph	2026-10-03T16:05:11.9486577Z           "errors",
source_go	Real Go source ownership and AST dependency graph	2026-10-03T16:05:11.9486704Z           "net/http",
source_go	Real Go source ownership and AST dependency graph	2026-10-03T16:05:11.9486839Z           "strings",
source_go	Real Go source ownership and AST dependency graph	2026-10-03T16:05:11.9486963Z           "time",
source_go	Real Go source ownership and AST dependency graph	2026-10-03T16:05:11.9487098Z           "unicode/utf8",
source_go	Real Go source ownership and AST dependency graph	2026-10-03T16:05:11.9487263Z           "github.com/jackc/pgx/v5",
source_go	Real Go source ownership and AST dependency graph	2026-10-03T16:05:11.9487552Z           "json:\"kind\"",
source_go	Real Go source ownership and AST dependency graph	2026-10-03T16:05:11.9487698Z           "json:\"text\"",
source_go	Real Go source ownership and AST dependency graph	2026-10-03T16:05:11.9487874Z           "json:\"protocolVersion\"",
source_go	Real Go source ownership and AST dependency graph	2026-10-03T16:05:11.9488041Z           "json:\"type\"",
source_go	Real Go source ownership and AST dependency graph	2026-10-03T16:05:11.9488195Z           "json:\"requestId\"",
source_go	Real Go source ownership and AST dependency graph	2026-10-03T16:05:11.9488371Z           "json:\"conversationId\"",
source_go	Real Go source ownership and AST dependency graph	2026-10-03T16:05:11.9488542Z           "json:\"content\"",
source_go	Real Go source ownership and AST dependency graph	2026-10-03T16:05:11.9488703Z           "json:\"payload\"",
source_go	Real Go source ownership and AST dependency graph	2026-10-03T16:05:11.9489055Z           "json:\"conversationId\"",
source_go	Real Go source ownership and AST dependency graph	2026-10-03T16:05:11.9489275Z           "json:\"seq\"",
source_go	Real Go source ownership and AST dependency graph	2026-10-03T16:05:11.9489428Z           "json:\"messageId\"",
source_go	Real Go source ownership and AST dependency graph	2026-10-03T16:05:11.9489590Z           "json:\"senderId\"",
source_go	Real Go source ownership and AST dependency graph	2026-10-03T16:05:11.9489752Z           "json:\"requestId\"",
source_go	Real Go source ownership and AST dependency graph	2026-10-03T16:05:11.9489913Z           "json:\"createdAt\"",
source_go	Real Go source ownership and AST dependency graph	2026-10-03T16:05:11.9490079Z           "json:\"content\"",
source_go	Real Go source ownership and AST dependency graph	2026-10-03T16:05:11.9490243Z           "protocolVersion",
source_go	Real Go source ownership and AST dependency graph	2026-10-03T16:05:11.9490384Z           "1.0",
source_go	Real Go source ownership and AST dependency graph	2026-10-03T16:05:11.9490514Z           "type",
source_go	Real Go source ownership and AST dependency graph	2026-10-03T16:05:11.9490644Z           "requestId",
source_go	Real Go source ownership and AST dependency graph	2026-10-03T16:05:11.9490779Z           "payload",
source_go	Real Go source ownership and AST dependency graph	2026-10-03T16:05:11.9490918Z           "message.ack",
source_go	Real Go source ownership and AST dependency graph	2026-10-03T16:05:11.9491052Z           "status",
source_go	Real Go source ownership and AST dependency graph	2026-10-03T16:05:11.9491179Z           "rejected",
source_go	Real Go source ownership and AST dependency graph	2026-10-03T16:05:11.9491305Z           "error",
source_go	Real Go source ownership and AST dependency graph	2026-10-03T16:05:11.9491426Z           "code",
source_go	Real Go source ownership and AST dependency graph	2026-10-03T16:05:11.9491548Z           "message",
source_go	Real Go source ownership and AST dependency graph	2026-10-03T16:05:11.9491691Z           "Request rejected",
source_go	Real Go source ownership and AST dependency graph	2026-10-03T16:05:11.9491840Z           "message.ack",
source_go	Real Go source ownership and AST dependency graph	2026-10-03T16:05:11.9491971Z           "status",
source_go	Real Go source ownership and AST dependency graph	2026-10-03T16:05:11.9492100Z           "committed",
source_go	Real Go source ownership and AST dependency graph	2026-10-03T16:05:11.9492246Z           "conversationId",
source_go	Real Go source ownership and AST dependency graph	2026-10-03T16:05:11.9492391Z           "messageId",
source_go	Real Go source ownership and AST dependency graph	2026-10-03T16:05:11.9492515Z           "seq",
source_go	Real Go source ownership and AST dependency graph	2026-10-03T16:05:11.9492645Z           "createdAt",
source_go	Real Go source ownership and AST dependency graph	2026-10-03T16:05:11.9492788Z           "message.created",
source_go	Real Go source ownership and AST dependency graph	2026-10-03T16:05:11.9492943Z           "conversationId",
source_go	Real Go source ownership and AST dependency graph	2026-10-03T16:05:11.9493086Z           "messageId",
source_go	Real Go source ownership and AST dependency graph	2026-10-03T16:05:11.9493225Z           "senderId",
source_go	Real Go source ownership and AST dependency graph	2026-10-03T16:05:11.9493350Z           "seq",
source_go	Real Go source ownership and AST dependency graph	2026-10-03T16:05:11.9493477Z           "createdAt",
source_go	Real Go source ownership and AST dependency graph	2026-10-03T16:05:11.9493607Z           "content",
source_go	Real Go source ownership and AST dependency graph	2026-10-03T16:05:11.9493728Z           "1.0",
source_go	Real Go source ownership and AST dependency graph	2026-10-03T16:05:11.9493860Z           "message.send",
source_go	Real Go source ownership and AST dependency graph	2026-10-03T16:05:11.9493993Z           "TEXT",
source_go	Real Go source ownership and AST dependency graph	2026-10-03T16:05:11.9494106Z           "",
source_go	Real Go source ownership and AST dependency graph	2026-10-03T16:05:11.9494246Z           "VALIDATION_FAILED",
source_go	Real Go source ownership and AST dependency graph	2026-10-03T16:05:11.9494399Z           "AUTH_REQUIRED",
source_go	Real Go source ownership and AST dependency graph	2026-10-03T16:05:11.9494559Z           "AUTH_SESSION_REVOKED",
source_go	Real Go source ownership and AST dependency graph	2026-10-03T16:05:11.9494734Z           "MESSAGE_COMMIT_FAILED",
source_go	Real Go source ownership and AST dependency graph	2026-10-03T16:05:11.9495143Z           "SELECT session_id,session_epoch,status,expires_at FROM sessions WHERE user_id=$1 AND client_type=$2 FOR SHARE",
source_go	Real Go source ownership and AST dependency graph	2026-10-03T16:05:11.9495454Z           "AUTH_SESSION_REVOKED",
source_go	Real Go source ownership and AST dependency graph	2026-10-03T16:05:11.9495731Z           "Request rejected",
source_go	Real Go source ownership and AST dependency graph	2026-10-03T16:05:11.9495878Z           "ACTIVE",
source_go	Real Go source ownership and AST dependency graph	2026-10-03T16:05:11.9496027Z           "AUTH_SESSION_REVOKED",
source_go	Real Go source ownership and AST dependency graph	2026-10-03T16:05:11.9496192Z           "Request rejected",
source_go	Real Go source ownership and AST dependency graph	2026-10-03T16:05:11.9496590Z           "SELECT user_id FROM conversation_members WHERE conversation_id=$1 AND user_id=$2 AND left_at IS NULL FOR SHARE",
source_go	Real Go source ownership and AST dependency graph	2026-10-03T16:05:11.9496896Z           "AUTHORIZATION_DENIED",
source_go	Real Go source ownership and AST dependency graph	2026-10-03T16:05:11.9497058Z           "Request rejected",
source_go	Real Go source ownership and AST dependency graph	2026-10-03T16:05:11.9497344Z           "SELECT next_seq FROM conversations WHERE conversation_id=$1 FOR UPDATE",
source_go	Real Go source ownership and AST dependency graph	2026-10-03T16:05:11.9497559Z           "TEXT",
source_go	Real Go source ownership and AST dependency graph	2026-10-03T16:05:11.9497949Z           "SELECT server_message_id,sender_id,seq,created_at,text_body FROM messages WHERE conversation_id=$1 AND request_id=$2",
source_go	Real Go source ownership and AST dependency graph	2026-10-03T16:05:11.9498278Z           "MESSAGE_REQUEST_CONFLICT",
source_go	Real Go source ownership and AST dependency graph	2026-10-03T16:05:11.9498445Z           "Request rejected",
source_go	Real Go source ownership and AST dependency graph	2026-10-03T16:05:11.9498731Z           "UPDATE conversations SET next_seq=next_seq+1 WHERE conversation_id=$1",
source_go	Real Go source ownership and AST dependency graph	2026-10-03T16:05:11.9499458Z           "INSERT INTO messages(server_message_id,conversation_id,sender_id,request_id,seq,kind,text_body) VALUES($1,$2,$3,$4,$5,'TEXT',$6) RETURNING created_at",
source_go	Real Go source ownership and AST dependency graph	2026-10-03T16:05:11.9500285Z           "INSERT INTO outbox_events(event_id,aggregate_type,aggregate_id,event_type,conversation_id,message_id,payload) VALUES($1,'message',$2,'message.created',$3,$2,$4)"
source_go	Real Go source ownership and AST dependency graph	2026-10-03T16:05:11.9500649Z         ]
source_go	Real Go source ownership and AST dependency graph	2026-10-03T16:05:11.9500752Z       },
source_go	Real Go source ownership and AST dependency graph	2026-10-03T16:05:11.9500854Z       {
source_go	Real Go source ownership and AST dependency graph	2026-10-03T16:05:11.9501001Z         "path": "core/message_test.go",
source_go	Real Go source ownership and AST dependency graph	2026-10-03T16:05:11.9501172Z         "package": "core",
source_go	Real Go source ownership and AST dependency graph	2026-10-03T16:05:11.9501312Z         "imports": [
source_go	Real Go source ownership and AST dependency graph	2026-10-03T16:05:11.9501439Z           "bytes",
source_go	Real Go source ownership and AST dependency graph	2026-10-03T16:05:11.9501565Z           "context",
source_go	Real Go source ownership and AST dependency graph	2026-10-03T16:05:11.9501706Z           "encoding/json",
source_go	Real Go source ownership and AST dependency graph	2026-10-03T16:05:11.9501839Z           "fmt",
source_go	Real Go source ownership and AST dependency graph	2026-10-03T16:05:11.9502011Z           "github.com/jackc/pgx/v5/pgxpool",
source_go	Real Go source ownership and AST dependency graph	2026-10-03T16:05:11.9502220Z           "im-platform/backend/go/shared",
source_go	Real Go source ownership and AST dependency graph	2026-10-03T16:05:11.9502402Z           "net/http/httptest",
source_go	Real Go source ownership and AST dependency graph	2026-10-03T16:05:11.9502544Z           "os",
source_go	Real Go source ownership and AST dependency graph	2026-10-03T16:05:11.9502670Z           "reflect",
source_go	Real Go source ownership and AST dependency graph	2026-10-03T16:05:11.9502799Z           "sync",
source_go	Real Go source ownership and AST dependency graph	2026-10-03T16:05:11.9502921Z           "testing",
source_go	Real Go source ownership and AST dependency graph	2026-10-03T16:05:11.9503042Z           "time"
source_go	Real Go source ownership and AST dependency graph	2026-10-03T16:05:11.9503151Z         ],
source_go	Real Go source ownership and AST dependency graph	2026-10-03T16:05:11.9503272Z         "functions": [
source_go	Real Go source ownership and AST dependency graph	2026-10-03T16:05:11.9503423Z           "newMessageFixture",
source_go	Real Go source ownership and AST dependency graph	2026-10-03T16:05:11.9503563Z           "send",
source_go	Real Go source ownership and AST dependency graph	2026-10-03T16:05:11.9503684Z           "count",
source_go	Real Go source ownership and AST dependency graph	2026-10-03T16:05:11.9503811Z           "adapter",
source_go	Real Go source ownership and AST dependency graph	2026-10-03T16:05:11.9504012Z           "TestMessageConcurrentIdentityAndSequence",
source_go	Real Go source ownership and AST dependency graph	2026-10-03T16:05:11.9504308Z           "TestMessageAuthorizationAndIndependentConversations",
source_go	Real Go source ownership and AST dependency graph	2026-10-03T16:05:11.9504577Z           "TestMessageRollbackAndACKAfterCommit",
source_go	Real Go source ownership and AST dependency graph	2026-10-03T16:05:11.9504825Z           "TestGroup500SingleLogicalMessageAndOutbox"
source_go	Real Go source ownership and AST dependency graph	2026-10-03T16:05:11.9504995Z         ],
source_go	Real Go source ownership and AST dependency graph	2026-10-03T16:05:11.9505115Z         "types": [
source_go	Real Go source ownership and AST dependency graph	2026-10-03T16:05:11.9505254Z           "messageFixture"
source_go	Real Go source ownership and AST dependency graph	2026-10-03T16:05:11.9505379Z         ],
source_go	Real Go source ownership and AST dependency graph	2026-10-03T16:05:11.9505494Z         "calls": [
source_go	Real Go source ownership and AST dependency graph	2026-10-03T16:05:11.9505629Z           "t.Helper",
source_go	Real Go source ownership and AST dependency graph	2026-10-03T16:05:11.9505766Z           "os.Getenv",
source_go	Real Go source ownership and AST dependency graph	2026-10-03T16:05:11.9505899Z           "t.Skip",
source_go	Real Go source ownership and AST dependency graph	2026-10-03T16:05:11.9506052Z           "context.Background",
source_go	Real Go source ownership and AST dependency graph	2026-10-03T16:05:11.9506214Z           "pgxpool.New",
source_go	Real Go source ownership and AST dependency graph	2026-10-03T16:05:11.9506351Z           "t.Fatal",
source_go	Real Go source ownership and AST dependency graph	2026-10-03T16:05:11.9506479Z           "db.Ping",
source_go	Real Go source ownership and AST dependency graph	2026-10-03T16:05:11.9506608Z           "t.Fatal",
source_go	Real Go source ownership and AST dependency graph	2026-10-03T16:05:11.9506726Z           "",
source_go	Real Go source ownership and AST dependency graph	2026-10-03T16:05:11.9506852Z           "t.Cleanup",
source_go	Real Go source ownership and AST dependency graph	2026-10-03T16:05:11.9506989Z           "db.Close",
source_go	Real Go source ownership and AST dependency graph	2026-10-03T16:05:11.9507113Z           "uuid",
source_go	Real Go source ownership and AST dependency graph	2026-10-03T16:05:11.9507235Z           "append",
source_go	Real Go source ownership and AST dependency graph	2026-10-03T16:05:11.9507360Z           "db.Exec",
source_go	Real Go source ownership and AST dependency graph	2026-10-03T16:05:11.9507485Z           "t.Fatal",
source_go	Real Go source ownership and AST dependency graph	2026-10-03T16:05:11.9507626Z           "f.s.newSession",
source_go	Real Go source ownership and AST dependency graph	2026-10-03T16:05:11.9507866Z           "t.Fatal",
source_go	Real Go source ownership and AST dependency graph	2026-10-03T16:05:11.9507990Z           "append",
source_go	Real Go source ownership and AST dependency graph	2026-10-03T16:05:11.9508113Z           ".Unix",
source_go	Real Go source ownership and AST dependency graph	2026-10-03T16:05:11.9508238Z           "time.Now",
source_go	Real Go source ownership and AST dependency graph	2026-10-03T16:05:11.9508366Z           ".Unix",
source_go	Real Go source ownership and AST dependency graph	2026-10-03T16:05:11.9508484Z           ".Add",
source_go	Real Go source ownership and AST dependency graph	2026-10-03T16:05:11.9508609Z           "time.Now",
source_go	Real Go source ownership and AST dependency graph	2026-10-03T16:05:11.9508733Z           "uuid",
source_go	Real Go source ownership and AST dependency graph	2026-10-03T16:05:11.9508931Z           "uuid",
source_go	Real Go source ownership and AST dependency graph	2026-10-03T16:05:11.9509055Z           "db.Exec",
source_go	Real Go source ownership and AST dependency graph	2026-10-03T16:05:11.9509184Z           "t.Fatal",
source_go	Real Go source ownership and AST dependency graph	2026-10-03T16:05:11.9509312Z           "db.Exec",
source_go	Real Go source ownership and AST dependency graph	2026-10-03T16:05:11.9509438Z           "t.Fatal",
source_go	Real Go source ownership and AST dependency graph	2026-10-03T16:05:11.9509568Z           "t.Cleanup",
source_go	Real Go source ownership and AST dependency graph	2026-10-03T16:05:11.9509700Z           "db.Exec",
source_go	Real Go source ownership and AST dependency graph	2026-10-03T16:05:11.9509827Z           "db.Exec",
source_go	Real Go source ownership and AST dependency graph	2026-10-03T16:05:11.9509953Z           "db.Exec",
source_go	Real Go source ownership and AST dependency graph	2026-10-03T16:05:11.9510078Z           "db.Exec",
source_go	Real Go source ownership and AST dependency graph	2026-10-03T16:05:11.9510203Z           "db.Exec",
source_go	Real Go source ownership and AST dependency graph	2026-10-03T16:05:11.9510329Z           "db.Exec",
source_go	Real Go source ownership and AST dependency graph	2026-10-03T16:05:11.9510458Z           "t.Helper",
source_go	Real Go source ownership and AST dependency graph	2026-10-03T16:05:11.9510594Z           ".Scan",
source_go	Real Go source ownership and AST dependency graph	2026-10-03T16:05:11.9510736Z           "f.db.QueryRow",
source_go	Real Go source ownership and AST dependency graph	2026-10-03T16:05:11.9510901Z           "context.Background",
source_go	Real Go source ownership and AST dependency graph	2026-10-03T16:05:11.9511144Z           "t.Fatal",
source_go	Real Go source ownership and AST dependency graph	2026-10-03T16:05:11.9511275Z           "t.Helper",
source_go	Real Go source ownership and AST dependency graph	2026-10-03T16:05:11.9511422Z           "json.Marshal",
source_go	Real Go source ownership and AST dependency graph	2026-10-03T16:05:11.9511577Z           "f.s.codec.Sign",
source_go	Real Go source ownership and AST dependency graph	2026-10-03T16:05:11.9511719Z           "t.Fatal",
source_go	Real Go source ownership and AST dependency graph	2026-10-03T16:05:11.9511872Z           "httptest.NewRequest",
source_go	Real Go source ownership and AST dependency graph	2026-10-03T16:05:11.9512041Z           "bytes.NewReader",
source_go	Real Go source ownership and AST dependency graph	2026-10-03T16:05:11.9512195Z           "r.Header.Set",
source_go	Real Go source ownership and AST dependency graph	2026-10-03T16:05:11.9512361Z           "httptest.NewRecorder",
source_go	Real Go source ownership and AST dependency graph	2026-10-03T16:05:11.9512533Z           "f.s.sendMessage",
source_go	Real Go source ownership and AST dependency graph	2026-10-03T16:05:11.9512691Z           "json.Unmarshal",
source_go	Real Go source ownership and AST dependency graph	2026-10-03T16:05:11.9512844Z           "w.Body.Bytes",
source_go	Real Go source ownership and AST dependency graph	2026-10-03T16:05:11.9512981Z           "t.Fatal",
source_go	Real Go source ownership and AST dependency graph	2026-10-03T16:05:11.9513131Z           "newMessageFixture",
source_go	Real Go source ownership and AST dependency graph	2026-10-03T16:05:11.9513274Z           "uuid",
source_go	Real Go source ownership and AST dependency graph	2026-10-03T16:05:11.9513403Z           "f.send",
source_go	Real Go source ownership and AST dependency graph	2026-10-03T16:05:11.9513527Z           "make",
source_go	Real Go source ownership and AST dependency graph	2026-10-03T16:05:11.9513649Z           "make",
source_go	Real Go source ownership and AST dependency graph	2026-10-03T16:05:11.9513773Z           "wg.Add",
source_go	Real Go source ownership and AST dependency graph	2026-10-03T16:05:11.9513894Z           "",
source_go	Real Go source ownership and AST dependency graph	2026-10-03T16:05:11.9514021Z           "wg.Done",
source_go	Real Go source ownership and AST dependency graph	2026-10-03T16:05:11.9514170Z           "f.s.commitMessage",
source_go	Real Go source ownership and AST dependency graph	2026-10-03T16:05:11.9514341Z           "context.Background",
source_go	Real Go source ownership and AST dependency graph	2026-10-03T16:05:11.9514488Z           "wg.Wait",
source_go	Real Go source ownership and AST dependency graph	2026-10-03T16:05:11.9514618Z           "close",
source_go	Real Go source ownership and AST dependency graph	2026-10-03T16:05:11.9514744Z           "close",
source_go	Real Go source ownership and AST dependency graph	2026-10-03T16:05:11.9514868Z           "t.Fatal",
source_go	Real Go source ownership and AST dependency graph	2026-10-03T16:05:11.9515014Z           "reflect.DeepEqual",
source_go	Real Go source ownership and AST dependency graph	2026-10-03T16:05:11.9515161Z           "t.Fatal",
source_go	Real Go source ownership and AST dependency graph	2026-10-03T16:05:11.9515291Z           "f.count",
source_go	Real Go source ownership and AST dependency graph	2026-10-03T16:05:11.9515417Z           "t.Fatal",
source_go	Real Go source ownership and AST dependency graph	2026-10-03T16:05:11.9515542Z           "uuid",
source_go	Real Go source ownership and AST dependency graph	2026-10-03T16:05:11.9515665Z           "wg.Add",
source_go	Real Go source ownership and AST dependency graph	2026-10-03T16:05:11.9515783Z           "",
source_go	Real Go source ownership and AST dependency graph	2026-10-03T16:05:11.9515907Z           "wg.Done",
source_go	Real Go source ownership and AST dependency graph	2026-10-03T16:05:11.9516057Z           "f.s.commitMessage",
source_go	Real Go source ownership and AST dependency graph	2026-10-03T16:05:11.9516227Z           "context.Background",
source_go	Real Go source ownership and AST dependency graph	2026-10-03T16:05:11.9516373Z           "f.send",
source_go	Real Go source ownership and AST dependency graph	2026-10-03T16:05:11.9516499Z           "t.Error",
source_go	Real Go source ownership and AST dependency graph	2026-10-03T16:05:11.9516629Z           "wg.Wait",
source_go	Real Go source ownership and AST dependency graph	2026-10-03T16:05:11.9516755Z           "f.count",
source_go	Real Go source ownership and AST dependency graph	2026-10-03T16:05:11.9516883Z           "f.count",
source_go	Real Go source ownership and AST dependency graph	2026-10-03T16:05:11.9517011Z           "f.count",
source_go	Real Go source ownership and AST dependency graph	2026-10-03T16:05:11.9517139Z           "t.Fatal",
source_go	Real Go source ownership and AST dependency graph	2026-10-03T16:05:11.9517271Z           "f.adapter",
source_go	Real Go source ownership and AST dependency graph	2026-10-03T16:05:11.9517405Z           "t.Fatal",
source_go	Real Go source ownership and AST dependency graph	2026-10-03T16:05:11.9517550Z           "newMessageFixture",
source_go	Real Go source ownership and AST dependency graph	2026-10-03T16:05:11.9517691Z           "uuid",
source_go	Real Go source ownership and AST dependency graph	2026-10-03T16:05:11.9517815Z           "f.send",
source_go	Real Go source ownership and AST dependency graph	2026-10-03T16:05:11.9517959Z           "f.s.commitMessage",
source_go	Real Go source ownership and AST dependency graph	2026-10-03T16:05:11.9518124Z           "context.Background",
source_go	Real Go source ownership and AST dependency graph	2026-10-03T16:05:11.9518271Z           "t.Fatal",
source_go	Real Go source ownership and AST dependency graph	2026-10-03T16:05:11.9518416Z           "newMessageFixture",
source_go	Real Go source ownership and AST dependency graph	2026-10-03T16:05:11.9518592Z           "other.s.commitMessage",
source_go	Real Go source ownership and AST dependency graph	2026-10-03T16:05:11.9518843Z           "context.Background",
source_go	Real Go source ownership and AST dependency graph	2026-10-03T16:05:11.9519101Z           "other.send",
source_go	Real Go source ownership and AST dependency graph	2026-10-03T16:05:11.9519237Z           "t.Fatal",
source_go	Real Go source ownership and AST dependency graph	2026-10-03T16:05:11.9519369Z           "f.db.Exec",
source_go	Real Go source ownership and AST dependency graph	2026-10-03T16:05:11.9519527Z           "context.Background",
source_go	Real Go source ownership and AST dependency graph	2026-10-03T16:05:11.9519672Z           "t.Fatal",
source_go	Real Go source ownership and AST dependency graph	2026-10-03T16:05:11.9519795Z           "uuid",
source_go	Real Go source ownership and AST dependency graph	2026-10-03T16:05:11.9519925Z           "f.adapter",
source_go	Real Go source ownership and AST dependency graph	2026-10-03T16:05:11.9520057Z           "f.send",
source_go	Real Go source ownership and AST dependency graph	2026-10-03T16:05:11.9520183Z           "t.Fatal",
source_go	Real Go source ownership and AST dependency graph	2026-10-03T16:05:11.9520313Z           "f.count",
source_go	Real Go source ownership and AST dependency graph	2026-10-03T16:05:11.9520442Z           "f.count",
source_go	Real Go source ownership and AST dependency graph	2026-10-03T16:05:11.9520568Z           "t.Fatal",
source_go	Real Go source ownership and AST dependency graph	2026-10-03T16:05:11.9520699Z           "f.db.Exec",
source_go	Real Go source ownership and AST dependency graph	2026-10-03T16:05:11.9520854Z           "context.Background",
source_go	Real Go source ownership and AST dependency graph	2026-10-03T16:05:11.9520998Z           "t.Fatal",
source_go	Real Go source ownership and AST dependency graph	2026-10-03T16:05:11.9521129Z           "f.adapter",
source_go	Real Go source ownership and AST dependency graph	2026-10-03T16:05:11.9521258Z           "f.send",
source_go	Real Go source ownership and AST dependency graph	2026-10-03T16:05:11.9521383Z           "t.Fatal",
source_go	Real Go source ownership and AST dependency graph	2026-10-03T16:05:11.9521528Z           "newMessageFixture",
source_go	Real Go source ownership and AST dependency graph	2026-10-03T16:05:11.9521702Z           "context.Background",
source_go	Real Go source ownership and AST dependency graph	2026-10-03T16:05:11.9521844Z           "uuid",
source_go	Real Go source ownership and AST dependency graph	2026-10-03T16:05:11.9521978Z           "fmt.Sprint",
source_go	Real Go source ownership and AST dependency graph	2026-10-03T16:05:11.9522117Z           ".UnixNano",
source_go	Real Go source ownership and AST dependency graph	2026-10-03T16:05:11.9522340Z           "time.Now",
source_go	Real Go source ownership and AST dependency graph	2026-10-03T16:05:11.9522468Z           "int64",
source_go	Real Go source ownership and AST dependency graph	2026-10-03T16:05:11.9522602Z           "fmt.Sprintf",
source_go	Real Go source ownership and AST dependency graph	2026-10-03T16:05:11.9522745Z           "f.db.Exec",
source_go	Real Go source ownership and AST dependency graph	2026-10-03T16:05:11.9522876Z           "t.Fatal",
source_go	Real Go source ownership and AST dependency graph	2026-10-03T16:05:11.9523007Z           "t.Cleanup",
source_go	Real Go source ownership and AST dependency graph	2026-10-03T16:05:11.9523142Z           "f.db.Exec",
source_go	Real Go source ownership and AST dependency graph	2026-10-03T16:05:11.9523281Z           "fmt.Sprintf",
source_go	Real Go source ownership and AST dependency graph	2026-10-03T16:05:11.9523429Z           "f.db.Acquire",
source_go	Real Go source ownership and AST dependency graph	2026-10-03T16:05:11.9523571Z           "t.Fatal",
source_go	Real Go source ownership and AST dependency graph	2026-10-03T16:05:11.9523710Z           "guard.Release",
source_go	Real Go source ownership and AST dependency graph	2026-10-03T16:05:11.9523856Z           "guard.Exec",
source_go	Real Go source ownership and AST dependency graph	2026-10-03T16:05:11.9523989Z           "t.Fatal",
source_go	Real Go source ownership and AST dependency graph	2026-10-03T16:05:11.9524121Z           "guard.Exec",
source_go	Real Go source ownership and AST dependency graph	2026-10-03T16:05:11.9524250Z           "make",
source_go	Real Go source ownership and AST dependency graph	2026-10-03T16:05:11.9524364Z           "",
source_go	Real Go source ownership and AST dependency graph	2026-10-03T16:05:11.9524492Z           "f.adapter",
source_go	Real Go source ownership and AST dependency graph	2026-10-03T16:05:11.9524621Z           "f.send",
source_go	Real Go source ownership and AST dependency graph	2026-10-03T16:05:11.9524742Z           ".Add",
source_go	Real Go source ownership and AST dependency graph	2026-10-03T16:05:11.9524870Z           "time.Now",
source_go	Real Go source ownership and AST dependency graph	2026-10-03T16:05:11.9525008Z           ".Before",
source_go	Real Go source ownership and AST dependency graph	2026-10-03T16:05:11.9525139Z           "time.Now",
source_go	Real Go source ownership and AST dependency graph	2026-10-03T16:05:11.9525267Z           ".Scan",
source_go	Real Go source ownership and AST dependency graph	2026-10-03T16:05:11.9525402Z           "f.db.QueryRow",
source_go	Real Go source ownership and AST dependency graph	2026-10-03T16:05:11.9525542Z           "t.Fatal",
source_go	Real Go source ownership and AST dependency graph	2026-10-03T16:05:11.9525674Z           "time.Sleep",
source_go	Real Go source ownership and AST dependency graph	2026-10-03T16:05:11.9525810Z           "t.Fatal",
source_go	Real Go source ownership and AST dependency graph	2026-10-03T16:05:11.9525939Z           "t.Fatal",
source_go	Real Go source ownership and AST dependency graph	2026-10-03T16:05:11.9526069Z           "f.count",
source_go	Real Go source ownership and AST dependency graph	2026-10-03T16:05:11.9526199Z           "f.count",
source_go	Real Go source ownership and AST dependency graph	2026-10-03T16:05:11.9526327Z           "t.Fatal",
source_go	Real Go source ownership and AST dependency graph	2026-10-03T16:05:11.9526461Z           "guard.Exec",
source_go	Real Go source ownership and AST dependency graph	2026-10-03T16:05:11.9526598Z           "t.Fatal",
source_go	Real Go source ownership and AST dependency graph	2026-10-03T16:05:11.9526731Z           "time.After",
source_go	Real Go source ownership and AST dependency graph	2026-10-03T16:05:11.9526866Z           "t.Fatal",
source_go	Real Go source ownership and AST dependency graph	2026-10-03T16:05:11.9526996Z           "f.count",
source_go	Real Go source ownership and AST dependency graph	2026-10-03T16:05:11.9527128Z           "f.count",
source_go	Real Go source ownership and AST dependency graph	2026-10-03T16:05:11.9527255Z           "t.Fatal",
source_go	Real Go source ownership and AST dependency graph	2026-10-03T16:05:11.9527387Z           "f.db.Exec",
source_go	Real Go source ownership and AST dependency graph	2026-10-03T16:05:11.9527529Z           "fmt.Sprintf",
source_go	Real Go source ownership and AST dependency graph	2026-10-03T16:05:11.9527667Z           "t.Fatal",
source_go	Real Go source ownership and AST dependency graph	2026-10-03T16:05:11.9527790Z           "uuid",
source_go	Real Go source ownership and AST dependency graph	2026-10-03T16:05:11.9527921Z           "f.adapter",
source_go	Real Go source ownership and AST dependency graph	2026-10-03T16:05:11.9528054Z           "f.send",
source_go	Real Go source ownership and AST dependency graph	2026-10-03T16:05:11.9528181Z           "t.Fatal",
source_go	Real Go source ownership and AST dependency graph	2026-10-03T16:05:11.9528308Z           "f.count",
source_go	Real Go source ownership and AST dependency graph	2026-10-03T16:05:11.9528438Z           "f.count",
source_go	Real Go source ownership and AST dependency graph	2026-10-03T16:05:11.9528567Z           "f.count",
source_go	Real Go source ownership and AST dependency graph	2026-10-03T16:05:11.9528695Z           "t.Fatal",
source_go	Real Go source ownership and AST dependency graph	2026-10-03T16:05:11.9528919Z           "newMessageFixture",
source_go	Real Go source ownership and AST dependency graph	2026-10-03T16:05:11.9529064Z           "uuid",
source_go	Real Go source ownership and AST dependency graph	2026-10-03T16:05:11.9529210Z           "f.s.commitMessage",
source_go	Real Go source ownership and AST dependency graph	2026-10-03T16:05:11.9529379Z           "context.Background",
source_go	Real Go source ownership and AST dependency graph	2026-10-03T16:05:11.9529528Z           "f.send",
source_go	Real Go source ownership and AST dependency graph	2026-10-03T16:05:11.9529659Z           "t.Fatal",
source_go	Real Go source ownership and AST dependency graph	2026-10-03T16:05:11.9529788Z           "f.count",
source_go	Real Go source ownership and AST dependency graph	2026-10-03T16:05:11.9530016Z           "f.count",
source_go	Real Go source ownership and AST dependency graph	2026-10-03T16:05:11.9530141Z           "t.Fatal"
source_go	Real Go source ownership and AST dependency graph	2026-10-03T16:05:11.9530254Z         ],
source_go	Real Go source ownership and AST dependency graph	2026-10-03T16:05:11.9530373Z         "strings": [
source_go	Real Go source ownership and AST dependency graph	2026-10-03T16:05:11.9530502Z           "bytes",
source_go	Real Go source ownership and AST dependency graph	2026-10-03T16:05:11.9530629Z           "context",
source_go	Real Go source ownership and AST dependency graph	2026-10-03T16:05:11.9530772Z           "encoding/json",
source_go	Real Go source ownership and AST dependency graph	2026-10-03T16:05:11.9530907Z           "fmt",
source_go	Real Go source ownership and AST dependency graph	2026-10-03T16:05:11.9531077Z           "github.com/jackc/pgx/v5/pgxpool",
source_go	Real Go source ownership and AST dependency graph	2026-10-03T16:05:11.9531286Z           "im-platform/backend/go/shared",
source_go	Real Go source ownership and AST dependency graph	2026-10-03T16:05:11.9531470Z           "net/http/httptest",
source_go	Real Go source ownership and AST dependency graph	2026-10-03T16:05:11.9531614Z           "os",
source_go	Real Go source ownership and AST dependency graph	2026-10-03T16:05:11.9531739Z           "reflect",
source_go	Real Go source ownership and AST dependency graph	2026-10-03T16:05:11.9531865Z           "sync",
source_go	Real Go source ownership and AST dependency graph	2026-10-03T16:05:11.9531990Z           "testing",
source_go	Real Go source ownership and AST dependency graph	2026-10-03T16:05:11.9532117Z           "time",
source_go	Real Go source ownership and AST dependency graph	2026-10-03T16:05:11.9532253Z           "DB_TEST_ENABLE",
source_go	Real Go source ownership and AST dependency graph	2026-10-03T16:05:11.9532387Z           "1",
source_go	Real Go source ownership and AST dependency graph	2026-10-03T16:05:11.9532617Z           "set DB_TEST_ENABLE=1 with migrated disposable PostgreSQL",
source_go	Real Go source ownership and AST dependency graph	2026-10-03T16:05:11.9532810Z           "",
source_go	Real Go source ownership and AST dependency graph	2026-10-03T16:05:11.9533001Z           "test-only-signing-key-at-least-32-bytes",
source_go	Real Go source ownership and AST dependency graph	2026-10-03T16:05:11.9533500Z           "INSERT INTO users(user_id,username,display_name,password_hash) VALUES($1::uuid,$1::text,'Message test','test-only')",
source_go	Real Go source ownership and AST dependency graph	2026-10-03T16:05:11.9533877Z           "WEB",
source_go	Real Go source ownership and AST dependency graph	2026-10-03T16:05:11.9534008Z           "msg-test",
source_go	Real Go source ownership and AST dependency graph	2026-10-03T16:05:11.9534137Z           "WEB",
source_go	Real Go source ownership and AST dependency graph	2026-10-03T16:05:11.9534510Z           "INSERT INTO conversations(conversation_id,kind,created_by,group_create_request_id) VALUES($1,'GROUP',$2,$3)",
source_go	Real Go source ownership and AST dependency graph	2026-10-03T16:05:11.9534982Z           "INSERT INTO conversation_members(conversation_id,user_id,role) VALUES($1,$2,'MEMBER')",
source_go	Real Go source ownership and AST dependency graph	2026-10-03T16:05:11.9535323Z           "DELETE FROM outbox_events WHERE conversation_id=$1",
source_go	Real Go source ownership and AST dependency graph	2026-10-03T16:05:11.9535587Z           "DELETE FROM messages WHERE conversation_id=$1",
source_go	Real Go source ownership and AST dependency graph	2026-10-03T16:05:11.9535877Z           "DELETE FROM conversation_members WHERE conversation_id=$1",
source_go	Real Go source ownership and AST dependency graph	2026-10-03T16:05:11.9536165Z           "DELETE FROM conversations WHERE conversation_id=$1",
source_go	Real Go source ownership and AST dependency graph	2026-10-03T16:05:11.9536411Z           "DELETE FROM sessions WHERE user_id=$1",
source_go	Real Go source ownership and AST dependency graph	2026-10-03T16:05:11.9536628Z           "DELETE FROM users WHERE user_id=$1",
source_go	Real Go source ownership and AST dependency graph	2026-10-03T16:05:11.9536798Z           "1.0",
source_go	Real Go source ownership and AST dependency graph	2026-10-03T16:05:11.9536934Z           "message.send",
source_go	Real Go source ownership and AST dependency graph	2026-10-03T16:05:11.9537072Z           "TEXT",
source_go	Real Go source ownership and AST dependency graph	2026-10-03T16:05:11.9537195Z           "POST",
source_go	Real Go source ownership and AST dependency graph	2026-10-03T16:05:11.9537340Z           "/__core/message",
source_go	Real Go source ownership and AST dependency graph	2026-10-03T16:05:11.9537498Z           "Authorization",
source_go	Real Go source ownership and AST dependency graph	2026-10-03T16:05:11.9537644Z           "Bearer ",
source_go	Real Go source ownership and AST dependency graph	2026-10-03T16:05:11.9537787Z           "invalid ack",
source_go	Real Go source ownership and AST dependency graph	2026-10-03T16:05:11.9537922Z           "hello",
source_go	Real Go source ownership and AST dependency graph	2026-10-03T16:05:11.9538042Z           "",
source_go	Real Go source ownership and AST dependency graph	2026-10-03T16:05:11.9538194Z           "retry identity changed",
source_go	Real Go source ownership and AST dependency graph	2026-10-03T16:05:11.9538530Z           "SELECT count(*) FROM messages WHERE conversation_id=$1",
source_go	Real Go source ownership and AST dependency graph	2026-10-03T16:05:11.9539005Z           "SELECT count(*) FROM outbox_events WHERE conversation_id=$1 AND event_type='message.created'",
source_go	Real Go source ownership and AST dependency graph	2026-10-03T16:05:11.9539298Z           "duplicate logical record",
source_go	Real Go source ownership and AST dependency graph	2026-10-03T16:05:11.9539452Z           "next",
source_go	Real Go source ownership and AST dependency graph	2026-10-03T16:05:11.9539680Z           "SELECT count(*) FROM messages WHERE conversation_id=$1",
source_go	Real Go source ownership and AST dependency graph	2026-10-03T16:05:11.9539985Z           "SELECT max(seq)::int FROM messages WHERE conversation_id=$1",
source_go	Real Go source ownership and AST dependency graph	2026-10-03T16:05:11.9540312Z           "SELECT next_seq::int FROM conversations WHERE conversation_id=$1",
source_go	Real Go source ownership and AST dependency graph	2026-10-03T16:05:11.9540535Z           "sequence gap",
source_go	Real Go source ownership and AST dependency graph	2026-10-03T16:05:11.9540683Z           "different",
source_go	Real Go source ownership and AST dependency graph	2026-10-03T16:05:11.9540822Z           "payload",
source_go	Real Go source ownership and AST dependency graph	2026-10-03T16:05:11.9540954Z           "error",
source_go	Real Go source ownership and AST dependency graph	2026-10-03T16:05:11.9541079Z           "code",
source_go	Real Go source ownership and AST dependency graph	2026-10-03T16:05:11.9541235Z           "MESSAGE_REQUEST_CONFLICT",
source_go	Real Go source ownership and AST dependency graph	2026-10-03T16:05:11.9541458Z           "content/sender identity conflict accepted",
source_go	Real Go source ownership and AST dependency graph	2026-10-03T16:05:11.9541635Z           "hello",
source_go	Real Go source ownership and AST dependency graph	2026-10-03T16:05:11.9541759Z           "hello",
source_go	Real Go source ownership and AST dependency graph	2026-10-03T16:05:11.9541933Z           "Conversation independence failed",
source_go	Real Go source ownership and AST dependency graph	2026-10-03T16:05:11.9542285Z           "UPDATE conversation_members SET left_at=now() WHERE conversation_id=$1 AND user_id=$2",
source_go	Real Go source ownership and AST dependency graph	2026-10-03T16:05:11.9542631Z           "denied",
source_go	Real Go source ownership and AST dependency graph	2026-10-03T16:05:11.9542762Z           "payload",
source_go	Real Go source ownership and AST dependency graph	2026-10-03T16:05:11.9542892Z           "error",
source_go	Real Go source ownership and AST dependency graph	2026-10-03T16:05:11.9543014Z           "code",
source_go	Real Go source ownership and AST dependency graph	2026-10-03T16:05:11.9543162Z           "AUTHORIZATION_DENIED",
source_go	Real Go source ownership and AST dependency graph	2026-10-03T16:05:11.9543335Z           "nonmember accepted",
source_go	Real Go source ownership and AST dependency graph	2026-10-03T16:05:11.9543580Z           "SELECT count(*) FROM messages WHERE conversation_id=$1",
source_go	Real Go source ownership and AST dependency graph	2026-10-03T16:05:11.9543898Z           "SELECT next_seq::int FROM conversations WHERE conversation_id=$1",
source_go	Real Go source ownership and AST dependency graph	2026-10-03T16:05:11.9544126Z           "denial persisted",
source_go	Real Go source ownership and AST dependency graph	2026-10-03T16:05:11.9544431Z           "UPDATE sessions SET status='REVOKED',refresh_token_hash=NULL WHERE user_id=$1",
source_go	Real Go source ownership and AST dependency graph	2026-10-03T16:05:11.9544666Z           "revoked",
source_go	Real Go source ownership and AST dependency graph	2026-10-03T16:05:11.9544799Z           "payload",
source_go	Real Go source ownership and AST dependency graph	2026-10-03T16:05:11.9544931Z           "error",
source_go	Real Go source ownership and AST dependency graph	2026-10-03T16:05:11.9545058Z           "code",
source_go	Real Go source ownership and AST dependency graph	2026-10-03T16:05:11.9545205Z           "AUTH_SESSION_REVOKED",
source_go	Real Go source ownership and AST dependency graph	2026-10-03T16:05:11.9545394Z           "revoked Session accepted",
source_go	Real Go source ownership and AST dependency graph	2026-10-03T16:05:11.9545556Z           "msgprobe",
source_go	Real Go source ownership and AST dependency graph	2026-10-03T16:05:11.9546456Z           "CREATE FUNCTION %s() RETURNS trigger LANGUAGE plpgsql AS $$ BEGIN IF NEW.conversation_id='%s'::uuid THEN PERFORM pg_advisory_xact_lock(%d); END IF; RETURN NEW; END $$; CREATE CONSTRAINT TRIGGER %s AFTER INSERT ON outbox_events DEFERRABLE INITIALLY DEFERRED FOR EACH ROW EXECUTE FUNCTION %s()",
source_go	Real Go source ownership and AST dependency graph	2026-10-03T16:05:11.9547269Z           "DROP TRIGGER IF EXISTS %s ON outbox_events; DROP FUNCTION IF EXISTS %s()",
source_go	Real Go source ownership and AST dependency graph	2026-10-03T16:05:11.9547533Z           "SELECT pg_advisory_lock($1)",
source_go	Real Go source ownership and AST dependency graph	2026-10-03T16:05:11.9547733Z           "SELECT pg_advisory_unlock($1)",
source_go	Real Go source ownership and AST dependency graph	2026-10-03T16:05:11.9547892Z           "hello",
source_go	Real Go source ownership and AST dependency graph	2026-10-03T16:05:11.9548228Z           "SELECT count(*) FROM pg_stat_activity WHERE datname=current_database() AND wait_event='advisory'",
source_go	Real Go source ownership and AST dependency graph	2026-10-03T16:05:11.9548540Z           "COMMIT did not reach deferred probe",
source_go	Real Go source ownership and AST dependency graph	2026-10-03T16:05:11.9548742Z           "ACK before durable commit",
source_go	Real Go source ownership and AST dependency graph	2026-10-03T16:05:11.9549141Z           "SELECT count(*) FROM messages WHERE conversation_id=$1",
source_go	Real Go source ownership and AST dependency graph	2026-10-03T16:05:11.9549441Z           "SELECT count(*) FROM outbox_events WHERE conversation_id=$1",
source_go	Real Go source ownership and AST dependency graph	2026-10-03T16:05:11.9549674Z           "uncommitted data visible",
source_go	Real Go source ownership and AST dependency graph	2026-10-03T16:05:11.9549869Z           "SELECT pg_advisory_unlock($1)",
source_go	Real Go source ownership and AST dependency graph	2026-10-03T16:05:11.9550033Z           "payload",
source_go	Real Go source ownership and AST dependency graph	2026-10-03T16:05:11.9550163Z           "status",
source_go	Real Go source ownership and AST dependency graph	2026-10-03T16:05:11.9550299Z           "committed",
source_go	Real Go source ownership and AST dependency graph	2026-10-03T16:05:11.9550452Z           "commit rejected",
source_go	Real Go source ownership and AST dependency graph	2026-10-03T16:05:11.9550606Z           "commit stuck",
source_go	Real Go source ownership and AST dependency graph	2026-10-03T16:05:11.9550840Z           "SELECT count(*) FROM messages WHERE conversation_id=$1",
source_go	Real Go source ownership and AST dependency graph	2026-10-03T16:05:11.9551139Z           "SELECT count(*) FROM outbox_events WHERE conversation_id=$1",
source_go	Real Go source ownership and AST dependency graph	2026-10-03T16:05:11.9551362Z           "ACK without records",
source_go	Real Go source ownership and AST dependency graph	2026-10-03T16:05:11.9551949Z           "CREATE OR REPLACE FUNCTION %s() RETURNS trigger LANGUAGE plpgsql AS $$ BEGIN IF NEW.conversation_id='%s'::uuid THEN RAISE EXCEPTION 'injected rollback'; END IF; RETURN NEW; END $$",
source_go	Real Go source ownership and AST dependency graph	2026-10-03T16:05:11.9552351Z           "rollback",
source_go	Real Go source ownership and AST dependency graph	2026-10-03T16:05:11.9552488Z           "payload",
source_go	Real Go source ownership and AST dependency graph	2026-10-03T16:05:11.9552624Z           "status",
source_go	Real Go source ownership and AST dependency graph	2026-10-03T16:05:11.9552756Z           "rejected",
source_go	Real Go source ownership and AST dependency graph	2026-10-03T16:05:11.9552925Z           "rollback yielded success ACK",
source_go	Real Go source ownership and AST dependency graph	2026-10-03T16:05:11.9553181Z           "SELECT count(*) FROM messages WHERE conversation_id=$1",
source_go	Real Go source ownership and AST dependency graph	2026-10-03T16:05:11.9553481Z           "SELECT count(*) FROM outbox_events WHERE conversation_id=$1",
source_go	Real Go source ownership and AST dependency graph	2026-10-03T16:05:11.9553803Z           "SELECT next_seq::int FROM conversations WHERE conversation_id=$1",
source_go	Real Go source ownership and AST dependency graph	2026-10-03T16:05:11.9553909Z           "rollback left effects or gap",
source_go	Real Go source ownership and AST dependency graph	2026-10-03T16:05:11.9553973Z           "group",
source_go	Real Go source ownership and AST dependency graph	2026-10-03T16:05:11.9554132Z           "SELECT count(*) FROM messages WHERE conversation_id=$1",
source_go	Real Go source ownership and AST dependency graph	2026-10-03T16:05:11.9554303Z           "SELECT count(*) FROM outbox_events WHERE conversation_id=$1",
source_go	Real Go source ownership and AST dependency graph	2026-10-03T16:05:11.9554401Z           "GROUP persisted per member"
source_go	Real Go source ownership and AST dependency graph	2026-10-03T16:05:11.9554555Z         ]
source_go	Real Go source ownership and AST dependency graph	2026-10-03T16:05:11.9554604Z       },
source_go	Real Go source ownership and AST dependency graph	2026-10-03T16:05:11.9554655Z       {
source_go	Real Go source ownership and AST dependency graph	2026-10-03T16:05:11.9554745Z         "path": "core/outbox.go",
source_go	Real Go source ownership and AST dependency graph	2026-10-03T16:05:11.9554824Z         "package": "core",
source_go	Real Go source ownership and AST dependency graph	2026-10-03T16:05:11.9554889Z         "imports": [
source_go	Real Go source ownership and AST dependency graph	2026-10-03T16:05:11.9554957Z           "context",
source_go	Real Go source ownership and AST dependency graph	2026-10-03T16:05:11.9555017Z           "time",
source_go	Real Go source ownership and AST dependency graph	2026-10-03T16:05:11.9555129Z           "github.com/jackc/pgx/v5/pgxpool",
source_go	Real Go source ownership and AST dependency graph	2026-10-03T16:05:11.9555233Z           "github.com/nats-io/nats.go"
source_go	Real Go source ownership and AST dependency graph	2026-10-03T16:05:11.9555284Z         ],
source_go	Real Go source ownership and AST dependency graph	2026-10-03T16:05:11.9555355Z         "functions": [
source_go	Real Go source ownership and AST dependency graph	2026-10-03T16:05:11.9555453Z           "RelaySessionRevocations",
source_go	Real Go source ownership and AST dependency graph	2026-10-03T16:05:11.9555538Z           "relaySessionBatch"
source_go	Real Go source ownership and AST dependency graph	2026-10-03T16:05:11.9555588Z         ],
source_go	Real Go source ownership and AST dependency graph	2026-10-03T16:05:11.9555651Z         "types": [
source_go	Real Go source ownership and AST dependency graph	2026-10-03T16:05:11.9555709Z           "event"
source_go	Real Go source ownership and AST dependency graph	2026-10-03T16:05:11.9555760Z         ],
source_go	Real Go source ownership and AST dependency graph	2026-10-03T16:05:11.9555821Z         "calls": [
source_go	Real Go source ownership and AST dependency graph	2026-10-03T16:05:11.9555901Z           "time.NewTicker",
source_go	Real Go source ownership and AST dependency graph	2026-10-03T16:05:11.9555978Z           "ticker.Stop",
source_go	Real Go source ownership and AST dependency graph	2026-10-03T16:05:11.9556046Z           "ctx.Done",
source_go	Real Go source ownership and AST dependency graph	2026-10-03T16:05:11.9556132Z           "relaySessionBatch",
source_go	Real Go source ownership and AST dependency graph	2026-10-03T16:05:11.9556302Z           "context.WithTimeout",
source_go	Real Go source ownership and AST dependency graph	2026-10-03T16:05:11.9556366Z           "cancel",
source_go	Real Go source ownership and AST dependency graph	2026-10-03T16:05:11.9556434Z           "db.Begin",
source_go	Real Go source ownership and AST dependency graph	2026-10-03T16:05:11.9556508Z           "tx.Rollback",
source_go	Real Go source ownership and AST dependency graph	2026-10-03T16:05:11.9556575Z           "tx.Query",
source_go	Real Go source ownership and AST dependency graph	2026-10-03T16:05:11.9556645Z           "rows.Next",
source_go	Real Go source ownership and AST dependency graph	2026-10-03T16:05:11.9556715Z           "rows.Scan",
source_go	Real Go source ownership and AST dependency graph	2026-10-03T16:05:11.9556787Z           "rows.Close",
source_go	Real Go source ownership and AST dependency graph	2026-10-03T16:05:11.9556853Z           "append",
source_go	Real Go source ownership and AST dependency graph	2026-10-03T16:05:11.9556919Z           "rows.Err",
source_go	Real Go source ownership and AST dependency graph	2026-10-03T16:05:11.9556995Z           "rows.Close",
source_go	Real Go source ownership and AST dependency graph	2026-10-03T16:05:11.9557069Z           "nc.Publish",
source_go	Real Go source ownership and AST dependency graph	2026-10-03T16:05:11.9557134Z           "tx.Query",
source_go	Real Go source ownership and AST dependency graph	2026-10-03T16:05:11.9557209Z           "members.Next",
source_go	Real Go source ownership and AST dependency graph	2026-10-03T16:05:11.9557281Z           "members.Scan",
source_go	Real Go source ownership and AST dependency graph	2026-10-03T16:05:11.9557359Z           "members.Close",
source_go	Real Go source ownership and AST dependency graph	2026-10-03T16:05:11.9557425Z           "append",
source_go	Real Go source ownership and AST dependency graph	2026-10-03T16:05:11.9557498Z           "members.Err",
source_go	Real Go source ownership and AST dependency graph	2026-10-03T16:05:11.9557573Z           "members.Close",
source_go	Real Go source ownership and AST dependency graph	2026-10-03T16:05:11.9557649Z           "nc.Publish",
source_go	Real Go source ownership and AST dependency graph	2026-10-03T16:05:11.9557711Z           "len",
source_go	Real Go source ownership and AST dependency graph	2026-10-03T16:05:11.9557791Z           "nc.FlushTimeout",
source_go	Real Go source ownership and AST dependency graph	2026-10-03T16:05:11.9557858Z           "tx.Exec",
source_go	Real Go source ownership and AST dependency graph	2026-10-03T16:05:11.9557923Z           "tx.Commit"
source_go	Real Go source ownership and AST dependency graph	2026-10-03T16:05:11.9557976Z         ],
source_go	Real Go source ownership and AST dependency graph	2026-10-03T16:05:11.9569438Z         "strings": [
source_go	Real Go source ownership and AST dependency graph	2026-10-03T16:05:11.9569532Z           "context",
source_go	Real Go source ownership and AST dependency graph	2026-10-03T16:05:11.9569596Z           "time",
source_go	Real Go source ownership and AST dependency graph	2026-10-03T16:05:11.9569717Z           "github.com/jackc/pgx/v5/pgxpool",
source_go	Real Go source ownership and AST dependency graph	2026-10-03T16:05:11.9569825Z           "github.com/nats-io/nats.go",
source_go	Real Go source ownership and AST dependency graph	2026-10-03T16:05:11.9570448Z           "SELECT event_id,event_type,payload,conversation_id FROM outbox_events WHERE event_type IN ('session.revoked','message.created') AND published_at IS NULL ORDER BY created_at,event_id LIMIT 32 FOR UPDATE SKIP LOCKED",
source_go	Real Go source ownership and AST dependency graph	2026-10-03T16:05:11.9570543Z           "session.revoked",
source_go	Real Go source ownership and AST dependency graph	2026-10-03T16:05:11.9570625Z           "session.revoked",
source_go	Real Go source ownership and AST dependency graph	2026-10-03T16:05:11.9570879Z           "SELECT user_id FROM conversation_members WHERE conversation_id=$1 AND left_at IS NULL",
source_go	Real Go source ownership and AST dependency graph	2026-10-03T16:05:11.9570965Z           "message.created.",
source_go	Real Go source ownership and AST dependency graph	2026-10-03T16:05:11.9571200Z           "UPDATE outbox_events SET published_at=now(),attempts=attempts+1 WHERE event_id=$1"
source_go	Real Go source ownership and AST dependency graph	2026-10-03T16:05:11.9571254Z         ]
source_go	Real Go source ownership and AST dependency graph	2026-10-03T16:05:11.9571303Z       },
source_go	Real Go source ownership and AST dependency graph	2026-10-03T16:05:11.9571351Z       {
source_go	Real Go source ownership and AST dependency graph	2026-10-03T16:05:11.9571448Z         "path": "core/outbox_test.go",
source_go	Real Go source ownership and AST dependency graph	2026-10-03T16:05:11.9571525Z         "package": "core",
source_go	Real Go source ownership and AST dependency graph	2026-10-03T16:05:11.9571591Z         "imports": [
source_go	Real Go source ownership and AST dependency graph	2026-10-03T16:05:11.9571660Z           "context",
source_go	Real Go source ownership and AST dependency graph	2026-10-03T16:05:11.9571740Z           "encoding/json",
source_go	Real Go source ownership and AST dependency graph	2026-10-03T16:05:11.9571843Z           "github.com/nats-io/nats.go",
source_go	Real Go source ownership and AST dependency graph	2026-10-03T16:05:11.9571904Z           "os",
source_go	Real Go source ownership and AST dependency graph	2026-10-03T16:05:11.9571969Z           "testing",
source_go	Real Go source ownership and AST dependency graph	2026-10-03T16:05:11.9572029Z           "time"
source_go	Real Go source ownership and AST dependency graph	2026-10-03T16:05:11.9572194Z         ],
source_go	Real Go source ownership and AST dependency graph	2026-10-03T16:05:11.9572263Z         "functions": [
source_go	Real Go source ownership and AST dependency graph	2026-10-03T16:05:11.9572451Z           "TestMessageOutboxPublicationCanRepeatWithoutNewMessage",
source_go	Real Go source ownership and AST dependency graph	2026-10-03T16:05:11.9572611Z           "TestClosedNATSPublicationLeavesOutboxRetryable"
source_go	Real Go source ownership and AST dependency graph	2026-10-03T16:05:11.9572663Z         ],
source_go	Real Go source ownership and AST dependency graph	2026-10-03T16:05:11.9572729Z         "types": null,
source_go	Real Go source ownership and AST dependency graph	2026-10-03T16:05:11.9572791Z         "calls": [
source_go	Real Go source ownership and AST dependency graph	2026-10-03T16:05:11.9572873Z           "newMessageFixture",
source_go	Real Go source ownership and AST dependency graph	2026-10-03T16:05:11.9572943Z           "os.Getenv",
source_go	Real Go source ownership and AST dependency graph	2026-10-03T16:05:11.9573017Z           "nats.Connect",
source_go	Real Go source ownership and AST dependency graph	2026-10-03T16:05:11.9573083Z           "t.Fatal",
source_go	Real Go source ownership and AST dependency graph	2026-10-03T16:05:11.9573152Z           "nc.Close",
source_go	Real Go source ownership and AST dependency graph	2026-10-03T16:05:11.9573232Z           "nc.SubscribeSync",
source_go	Real Go source ownership and AST dependency graph	2026-10-03T16:05:11.9573296Z           "t.Fatal",
source_go	Real Go source ownership and AST dependency graph	2026-10-03T16:05:11.9573380Z           "active.Unsubscribe",
source_go	Real Go source ownership and AST dependency graph	2026-10-03T16:05:11.9573459Z           "nc.SubscribeSync",
source_go	Real Go source ownership and AST dependency graph	2026-10-03T16:05:11.9573521Z           "t.Fatal",
source_go	Real Go source ownership and AST dependency graph	2026-10-03T16:05:11.9573613Z           "departed.Unsubscribe",
source_go	Real Go source ownership and AST dependency graph	2026-10-03T16:05:11.9573684Z           "nc.Flush",
source_go	Real Go source ownership and AST dependency graph	2026-10-03T16:05:11.9573751Z           "f.db.Exec",
source_go	Real Go source ownership and AST dependency graph	2026-10-03T16:05:11.9573840Z           "context.Background",
source_go	Real Go source ownership and AST dependency graph	2026-10-03T16:05:11.9573979Z           "uuid",
source_go	Real Go source ownership and AST dependency graph	2026-10-03T16:05:11.9574062Z           "f.s.commitMessage",
source_go	Real Go source ownership and AST dependency graph	2026-10-03T16:05:11.9574147Z           "context.Background",
source_go	Real Go source ownership and AST dependency graph	2026-10-03T16:05:11.9574215Z           "f.send",
source_go	Real Go source ownership and AST dependency graph	2026-10-03T16:05:11.9574279Z           "t.Fatal",
source_go	Real Go source ownership and AST dependency graph	2026-10-03T16:05:11.9574363Z           "relaySessionBatch",
source_go	Real Go source ownership and AST dependency graph	2026-10-03T16:05:11.9574449Z           "context.Background",
source_go	Real Go source ownership and AST dependency graph	2026-10-03T16:05:11.9574525Z           "active.NextMsg",
source_go	Real Go source ownership and AST dependency graph	2026-10-03T16:05:11.9574591Z           "t.Fatal",
source_go	Real Go source ownership and AST dependency graph	2026-10-03T16:05:11.9574668Z           "json.Unmarshal",
source_go	Real Go source ownership and AST dependency graph	2026-10-03T16:05:11.9574733Z           "t.Fatal",
source_go	Real Go source ownership and AST dependency graph	2026-10-03T16:05:11.9574812Z           "departed.NextMsg",
source_go	Real Go source ownership and AST dependency graph	2026-10-03T16:05:11.9574877Z           "t.Fatal",
source_go	Real Go source ownership and AST dependency graph	2026-10-03T16:05:11.9574938Z           ".Scan",
source_go	Real Go source ownership and AST dependency graph	2026-10-03T16:05:11.9575015Z           "f.db.QueryRow",
source_go	Real Go source ownership and AST dependency graph	2026-10-03T16:05:11.9575102Z           "context.Background",
source_go	Real Go source ownership and AST dependency graph	2026-10-03T16:05:11.9575168Z           "t.Fatal",
source_go	Real Go source ownership and AST dependency graph	2026-10-03T16:05:11.9575239Z           "f.db.Exec",
source_go	Real Go source ownership and AST dependency graph	2026-10-03T16:05:11.9575324Z           "context.Background",
source_go	Real Go source ownership and AST dependency graph	2026-10-03T16:05:11.9575397Z           "t.Fatal",
source_go	Real Go source ownership and AST dependency graph	2026-10-03T16:05:11.9575478Z           "relaySessionBatch",
source_go	Real Go source ownership and AST dependency graph	2026-10-03T16:05:11.9575564Z           "context.Background",
source_go	Real Go source ownership and AST dependency graph	2026-10-03T16:05:11.9575668Z           "active.NextMsg",
source_go	Real Go source ownership and AST dependency graph	2026-10-03T16:05:11.9575730Z           "string",
source_go	Real Go source ownership and AST dependency graph	2026-10-03T16:05:11.9575793Z           "string",
source_go	Real Go source ownership and AST dependency graph	2026-10-03T16:05:11.9575857Z           "t.Fatal",
source_go	Real Go source ownership and AST dependency graph	2026-10-03T16:05:11.9575922Z           "f.count",
source_go	Real Go source ownership and AST dependency graph	2026-10-03T16:05:11.9575985Z           "f.count",
source_go	Real Go source ownership and AST dependency graph	2026-10-03T16:05:11.9576049Z           "t.Fatal",
source_go	Real Go source ownership and AST dependency graph	2026-10-03T16:05:11.9576129Z           "newMessageFixture",
source_go	Real Go source ownership and AST dependency graph	2026-10-03T16:05:11.9576199Z           "os.Getenv",
source_go	Real Go source ownership and AST dependency graph	2026-10-03T16:05:11.9576277Z           "nats.Connect",
source_go	Real Go source ownership and AST dependency graph	2026-10-03T16:05:11.9576339Z           "t.Fatal",
source_go	Real Go source ownership and AST dependency graph	2026-10-03T16:05:11.9576406Z           "nc.Close",
source_go	Real Go source ownership and AST dependency graph	2026-10-03T16:05:11.9576466Z           "uuid",
source_go	Real Go source ownership and AST dependency graph	2026-10-03T16:05:11.9576549Z           "f.s.commitMessage",
source_go	Real Go source ownership and AST dependency graph	2026-10-03T16:05:11.9576632Z           "context.Background",
source_go	Real Go source ownership and AST dependency graph	2026-10-03T16:05:11.9576695Z           "f.send",
source_go	Real Go source ownership and AST dependency graph	2026-10-03T16:05:11.9576760Z           "t.Fatal",
source_go	Real Go source ownership and AST dependency graph	2026-10-03T16:05:11.9576843Z           "relaySessionBatch",
source_go	Real Go source ownership and AST dependency graph	2026-10-03T16:05:11.9576928Z           "context.Background",
source_go	Real Go source ownership and AST dependency graph	2026-10-03T16:05:11.9576991Z           "f.count",
source_go	Real Go source ownership and AST dependency graph	2026-10-03T16:05:11.9577054Z           "t.Fatal"
source_go	Real Go source ownership and AST dependency graph	2026-10-03T16:05:11.9577102Z         ],
source_go	Real Go source ownership and AST dependency graph	2026-10-03T16:05:11.9577165Z         "strings": [
source_go	Real Go source ownership and AST dependency graph	2026-10-03T16:05:11.9577228Z           "context",
source_go	Real Go source ownership and AST dependency graph	2026-10-03T16:05:11.9577306Z           "encoding/json",
source_go	Real Go source ownership and AST dependency graph	2026-10-03T16:05:11.9577409Z           "github.com/nats-io/nats.go",
source_go	Real Go source ownership and AST dependency graph	2026-10-03T16:05:11.9577466Z           "os",
source_go	Real Go source ownership and AST dependency graph	2026-10-03T16:05:11.9577533Z           "testing",
source_go	Real Go source ownership and AST dependency graph	2026-10-03T16:05:11.9577591Z           "time",
source_go	Real Go source ownership and AST dependency graph	2026-10-03T16:05:11.9577659Z           "NATS_URL",
source_go	Real Go source ownership and AST dependency graph	2026-10-03T16:05:11.9577714Z           "",
source_go	Real Go source ownership and AST dependency graph	2026-10-03T16:05:11.9577839Z           "nats://127.0.0.1:4222",
source_go	Real Go source ownership and AST dependency graph	2026-10-03T16:05:11.9578025Z           "message.created.",
source_go	Real Go source ownership and AST dependency graph	2026-10-03T16:05:11.9578107Z           "message.created.",
source_go	Real Go source ownership and AST dependency graph	2026-10-03T16:05:11.9578364Z           "UPDATE conversation_members SET left_at=now() WHERE conversation_id=$1 AND user_id=$2",
source_go	Real Go source ownership and AST dependency graph	2026-10-03T16:05:11.9578433Z           "delivery",
source_go	Real Go source ownership and AST dependency graph	2026-10-03T16:05:11.9578494Z           "type",
source_go	Real Go source ownership and AST dependency graph	2026-10-03T16:05:11.9578573Z           "message.created",
source_go	Real Go source ownership and AST dependency graph	2026-10-03T16:05:11.9578642Z           "requestId",
source_go	Real Go source ownership and AST dependency graph	2026-10-03T16:05:11.9578732Z           "not canonical created",
source_go	Real Go source ownership and AST dependency graph	2026-10-03T16:05:11.9578914Z           "departed member received event",
source_go	Real Go source ownership and AST dependency graph	2026-10-03T16:05:11.9579123Z           "SELECT published_at IS NOT NULL FROM outbox_events WHERE message_id=$1",
source_go	Real Go source ownership and AST dependency graph	2026-10-03T16:05:11.9579207Z           "publish not marked",
source_go	Real Go source ownership and AST dependency graph	2026-10-03T16:05:11.9579390Z           "UPDATE outbox_events SET published_at=NULL WHERE message_id=$1",
source_go	Real Go source ownership and AST dependency graph	2026-10-03T16:05:11.9579518Z           "publication retry changed logical event",
source_go	Real Go source ownership and AST dependency graph	2026-10-03T16:05:11.9579680Z           "SELECT count(*) FROM messages WHERE conversation_id=$1",
source_go	Real Go source ownership and AST dependency graph	2026-10-03T16:05:11.9579858Z           "SELECT count(*) FROM outbox_events WHERE conversation_id=$1",
source_go	Real Go source ownership and AST dependency graph	2026-10-03T16:05:11.9579974Z           "publication duplicated persistence",
source_go	Real Go source ownership and AST dependency graph	2026-10-03T16:05:11.9580129Z           "NATS_URL",
source_go	Real Go source ownership and AST dependency graph	2026-10-03T16:05:11.9580183Z           "",
source_go	Real Go source ownership and AST dependency graph	2026-10-03T16:05:11.9580271Z           "nats://127.0.0.1:4222",
source_go	Real Go source ownership and AST dependency graph	2026-10-03T16:05:11.9580331Z           "retry",
source_go	Real Go source ownership and AST dependency graph	2026-10-03T16:05:11.9580576Z           "SELECT count(*) FROM outbox_events WHERE conversation_id=$1 AND published_at IS NULL",
source_go	Real Go source ownership and AST dependency graph	2026-10-03T16:05:11.9580679Z           "failed publisher marked outbox"
source_go	Real Go source ownership and AST dependency graph	2026-10-03T16:05:11.9580730Z         ]
source_go	Real Go source ownership and AST dependency graph	2026-10-03T16:05:11.9580778Z       },
source_go	Real Go source ownership and AST dependency graph	2026-10-03T16:05:11.9580825Z       {
source_go	Real Go source ownership and AST dependency graph	2026-10-03T16:05:11.9580922Z         "path": "core/rollback_test.go",
source_go	Real Go source ownership and AST dependency graph	2026-10-03T16:05:11.9580995Z         "package": "core",
source_go	Real Go source ownership and AST dependency graph	2026-10-03T16:05:11.9581060Z         "imports": [
source_go	Real Go source ownership and AST dependency graph	2026-10-03T16:05:11.9581124Z           "context",
source_go	Real Go source ownership and AST dependency graph	2026-10-03T16:05:11.9581235Z           "github.com/jackc/pgx/v5/pgxpool",
source_go	Real Go source ownership and AST dependency graph	2026-10-03T16:05:11.9581342Z           "im-platform/backend/go/shared",
source_go	Real Go source ownership and AST dependency graph	2026-10-03T16:05:11.9581402Z           "os",
source_go	Real Go source ownership and AST dependency graph	2026-10-03T16:05:11.9581467Z           "testing",
source_go	Real Go source ownership and AST dependency graph	2026-10-03T16:05:11.9581525Z           "time"
source_go	Real Go source ownership and AST dependency graph	2026-10-03T16:05:11.9581581Z         ],
source_go	Real Go source ownership and AST dependency graph	2026-10-03T16:05:11.9581647Z         "functions": [
source_go	Real Go source ownership and AST dependency graph	2026-10-03T16:05:11.9581743Z           "TestRevocationRollback"
source_go	Real Go source ownership and AST dependency graph	2026-10-03T16:05:11.9581791Z         ],
source_go	Real Go source ownership and AST dependency graph	2026-10-03T16:05:11.9581860Z         "types": null,
source_go	Real Go source ownership and AST dependency graph	2026-10-03T16:05:11.9581921Z         "calls": [
source_go	Real Go source ownership and AST dependency graph	2026-10-03T16:05:11.9581989Z           "os.Getenv",
source_go	Real Go source ownership and AST dependency graph	2026-10-03T16:05:11.9582054Z           "t.Skip",
source_go	Real Go source ownership and AST dependency graph	2026-10-03T16:05:11.9582141Z           "context.Background",
source_go	Real Go source ownership and AST dependency graph	2026-10-03T16:05:11.9582218Z           "pgxpool.New",
source_go	Real Go source ownership and AST dependency graph	2026-10-03T16:05:11.9582281Z           "t.Fatal",
source_go	Real Go source ownership and AST dependency graph	2026-10-03T16:05:11.9582353Z           "db.Close",
source_go	Real Go source ownership and AST dependency graph	2026-10-03T16:05:11.9582416Z           "db.Ping",
source_go	Real Go source ownership and AST dependency graph	2026-10-03T16:05:11.9582480Z           "t.Fatal",
source_go	Real Go source ownership and AST dependency graph	2026-10-03T16:05:11.9582541Z           "uuid",
source_go	Real Go source ownership and AST dependency graph	2026-10-03T16:05:11.9582603Z           "db.Exec",
source_go	Real Go source ownership and AST dependency graph	2026-10-03T16:05:11.9582669Z           "t.Fatal",
source_go	Real Go source ownership and AST dependency graph	2026-10-03T16:05:11.9582723Z           "",
source_go	Real Go source ownership and AST dependency graph	2026-10-03T16:05:11.9582787Z           "db.Exec",
source_go	Real Go source ownership and AST dependency graph	2026-10-03T16:05:11.9582849Z           "db.Exec",
source_go	Real Go source ownership and AST dependency graph	2026-10-03T16:05:11.9582906Z           "",
source_go	Real Go source ownership and AST dependency graph	2026-10-03T16:05:11.9582981Z           "s.newSession",
source_go	Real Go source ownership and AST dependency graph	2026-10-03T16:05:11.9583045Z           "t.Fatal",
source_go	Real Go source ownership and AST dependency graph	2026-10-03T16:05:11.9583112Z           "db.Begin",
source_go	Real Go source ownership and AST dependency graph	2026-10-03T16:05:11.9583173Z           "t.Fatal",
source_go	Real Go source ownership and AST dependency graph	2026-10-03T16:05:11.9583239Z           "tx.Exec",
source_go	Real Go source ownership and AST dependency graph	2026-10-03T16:05:11.9583300Z           "t.Fatal",
source_go	Real Go source ownership and AST dependency graph	2026-10-03T16:05:11.9583381Z           "writeRevocation",
source_go	Real Go source ownership and AST dependency graph	2026-10-03T16:05:11.9583443Z           "t.Fatal",
source_go	Real Go source ownership and AST dependency graph	2026-10-03T16:05:11.9583517Z           "tx.Rollback",
source_go	Real Go source ownership and AST dependency graph	2026-10-03T16:05:11.9583580Z           "t.Fatal",
source_go	Real Go source ownership and AST dependency graph	2026-10-03T16:05:11.9583642Z           ".Scan",
source_go	Real Go source ownership and AST dependency graph	2026-10-03T16:05:11.9583713Z           "db.QueryRow",
source_go	Real Go source ownership and AST dependency graph	2026-10-03T16:05:11.9583776Z           "t.Fatalf"
source_go	Real Go source ownership and AST dependency graph	2026-10-03T16:05:11.9583826Z         ],
source_go	Real Go source ownership and AST dependency graph	2026-10-03T16:05:11.9583886Z         "strings": [
source_go	Real Go source ownership and AST dependency graph	2026-10-03T16:05:11.9583952Z           "context",
source_go	Real Go source ownership and AST dependency graph	2026-10-03T16:05:11.9584143Z           "github.com/jackc/pgx/v5/pgxpool",
source_go	Real Go source ownership and AST dependency graph	2026-10-03T16:05:11.9584250Z           "im-platform/backend/go/shared",
source_go	Real Go source ownership and AST dependency graph	2026-10-03T16:05:11.9584309Z           "os",
source_go	Real Go source ownership and AST dependency graph	2026-10-03T16:05:11.9584375Z           "testing",
source_go	Real Go source ownership and AST dependency graph	2026-10-03T16:05:11.9584435Z           "time",
source_go	Real Go source ownership and AST dependency graph	2026-10-03T16:05:11.9584510Z           "DB_TEST_ENABLE",
source_go	Real Go source ownership and AST dependency graph	2026-10-03T16:05:11.9584569Z           "1",
source_go	Real Go source ownership and AST dependency graph	2026-10-03T16:05:11.9584734Z           "set DB_TEST_ENABLE=1 with migrated disposable PostgreSQL",
source_go	Real Go source ownership and AST dependency graph	2026-10-03T16:05:11.9584790Z           "",
source_go	Real Go source ownership and AST dependency graph	2026-10-03T16:05:11.9585080Z           "INSERT INTO users(user_id,username,display_name,password_hash) VALUES($1,$2,'Rollback','test-only')",
source_go	Real Go source ownership and AST dependency graph	2026-10-03T16:05:11.9585151Z           "rollback",
source_go	Real Go source ownership and AST dependency graph	2026-10-03T16:05:11.9585270Z           "DELETE FROM sessions WHERE user_id=$1",
source_go	Real Go source ownership and AST dependency graph	2026-10-03T16:05:11.9585380Z           "DELETE FROM users WHERE user_id=$1",
source_go	Real Go source ownership and AST dependency graph	2026-10-03T16:05:11.9585513Z           "test-only-signing-key-at-least-32-bytes",
source_go	Real Go source ownership and AST dependency graph	2026-10-03T16:05:11.9585577Z           "DESKTOP",
source_go	Real Go source ownership and AST dependency graph	2026-10-03T16:05:11.9585653Z           "desktop-1",
source_go	Real Go source ownership and AST dependency graph	2026-10-03T16:05:11.9585880Z           "UPDATE sessions SET status='REVOKED' WHERE user_id=$1 AND client_type='DESKTOP'",
source_go	Real Go source ownership and AST dependency graph	2026-10-03T16:05:11.9585989Z           "00000000-0000-4000-8000-000000000000",
source_go	Real Go source ownership and AST dependency graph	2026-10-03T16:05:11.9586113Z           "REVOKED",
source_go	Real Go source ownership and AST dependency graph	2026-10-03T16:05:11.9586215Z           "expected foreign-key failure",
source_go	Real Go source ownership and AST dependency graph	2026-10-03T16:05:11.9586417Z           "SELECT status FROM sessions WHERE user_id=$1 AND client_type='DESKTOP'",
source_go	Real Go source ownership and AST dependency graph	2026-10-03T16:05:11.9586479Z           "ACTIVE",
source_go	Real Go source ownership and AST dependency graph	2026-10-03T16:05:11.9586595Z           "rollback lost active session: %s %v"
source_go	Real Go source ownership and AST dependency graph	2026-10-03T16:05:11.9586645Z         ]
source_go	Real Go source ownership and AST dependency graph	2026-10-03T16:05:11.9586694Z       },
source_go	Real Go source ownership and AST dependency graph	2026-10-03T16:05:11.9586743Z       {
source_go	Real Go source ownership and AST dependency graph	2026-10-03T16:05:11.9586831Z         "path": "core/social.go",
source_go	Real Go source ownership and AST dependency graph	2026-10-03T16:05:11.9586907Z         "package": "core",
source_go	Real Go source ownership and AST dependency graph	2026-10-03T16:05:11.9586971Z         "imports": [
source_go	Real Go source ownership and AST dependency graph	2026-10-03T16:05:11.9587038Z           "context",
source_go	Real Go source ownership and AST dependency graph	2026-10-03T16:05:11.9587113Z           "crypto/sha256",
source_go	Real Go source ownership and AST dependency graph	2026-10-03T16:05:11.9587191Z           "encoding/hex",
source_go	Real Go source ownership and AST dependency graph	2026-10-03T16:05:11.9587267Z           "encoding/json",
source_go	Real Go source ownership and AST dependency graph	2026-10-03T16:05:11.9587332Z           "errors",
source_go	Real Go source ownership and AST dependency graph	2026-10-03T16:05:11.9587399Z           "net/http",
source_go	Real Go source ownership and AST dependency graph	2026-10-03T16:05:11.9587464Z           "regexp",
source_go	Real Go source ownership and AST dependency graph	2026-10-03T16:05:11.9587530Z           "strconv",
source_go	Real Go source ownership and AST dependency graph	2026-10-03T16:05:11.9587592Z           "strings",
source_go	Real Go source ownership and AST dependency graph	2026-10-03T16:05:11.9587654Z           "time",
source_go	Real Go source ownership and AST dependency graph	2026-10-03T16:05:11.9587745Z           "github.com/jackc/pgx/v5"
source_go	Real Go source ownership and AST dependency graph	2026-10-03T16:05:11.9587796Z         ],
source_go	Real Go source ownership and AST dependency graph	2026-10-03T16:05:11.9587864Z         "functions": [
source_go	Real Go source ownership and AST dependency graph	2026-10-03T16:05:11.9587936Z           "friendshipID",
source_go	Real Go source ownership and AST dependency graph	2026-10-03T16:05:11.9587999Z           "pair",
source_go	Real Go source ownership and AST dependency graph	2026-10-03T16:05:11.9588072Z           "socialResult",
source_go	Real Go source ownership and AST dependency graph	2026-10-03T16:05:11.9588153Z           "socialPrincipal",
source_go	Real Go source ownership and AST dependency graph	2026-10-03T16:05:11.9588223Z           "listFriends",
source_go	Real Go source ownership and AST dependency graph	2026-10-03T16:05:11.9588289Z           "addFriend",
source_go	Real Go source ownership and AST dependency graph	2026-10-03T16:05:11.9588371Z           "assembleFriendship",
source_go	Real Go source ownership and AST dependency graph	2026-10-03T16:05:11.9588452Z           "validDirectState",
source_go	Real Go source ownership and AST dependency graph	2026-10-03T16:05:11.9588533Z           "writeSocialEvent"
source_go	Real Go source ownership and AST dependency graph	2026-10-03T16:05:11.9588585Z         ],
source_go	Real Go source ownership and AST dependency graph	2026-10-03T16:05:11.9588650Z         "types": null,
source_go	Real Go source ownership and AST dependency graph	2026-10-03T16:05:11.9588708Z         "calls": [
source_go	Real Go source ownership and AST dependency graph	2026-10-03T16:05:11.9588852Z           "sha256.Sum256",
source_go	Real Go source ownership and AST dependency graph	2026-10-03T16:05:11.9588909Z           "",
source_go	Real Go source ownership and AST dependency graph	2026-10-03T16:05:11.9588995Z           "hex.EncodeToString",
source_go	Real Go source ownership and AST dependency graph	2026-10-03T16:05:11.9589078Z           "regexp.MustCompile",
source_go	Real Go source ownership and AST dependency graph	2026-10-03T16:05:11.9589152Z           "friendshipID",
source_go	Real Go source ownership and AST dependency graph	2026-10-03T16:05:11.9589215Z           "bearer",
source_go	Real Go source ownership and AST dependency graph	2026-10-03T16:05:11.9589273Z           "fail",
source_go	Real Go source ownership and AST dependency graph	2026-10-03T16:05:11.9589351Z           "s.authenticate",
source_go	Real Go source ownership and AST dependency graph	2026-10-03T16:05:11.9589418Z           "r.Context",
source_go	Real Go source ownership and AST dependency graph	2026-10-03T16:05:11.9589503Z           "s.socialPrincipal",
source_go	Real Go source ownership and AST dependency graph	2026-10-03T16:05:11.9589573Z           "writeError",
source_go	Real Go source ownership and AST dependency graph	2026-10-03T16:05:11.9589642Z           "s.db.Query",
source_go	Real Go source ownership and AST dependency graph	2026-10-03T16:05:11.9589711Z           "r.Context",
source_go	Real Go source ownership and AST dependency graph	2026-10-03T16:05:11.9589779Z           "writeError",
source_go	Real Go source ownership and AST dependency graph	2026-10-03T16:05:11.9589851Z           "rows.Close",
source_go	Real Go source ownership and AST dependency graph	2026-10-03T16:05:11.9589909Z           "make",
source_go	Real Go source ownership and AST dependency graph	2026-10-03T16:05:11.9590069Z           "rows.Next",
source_go	Real Go source ownership and AST dependency graph	2026-10-03T16:05:11.9590136Z           "rows.Scan",
source_go	Real Go source ownership and AST dependency graph	2026-10-03T16:05:11.9590205Z           "writeError",
source_go	Real Go source ownership and AST dependency graph	2026-10-03T16:05:11.9590267Z           "append",
source_go	Real Go source ownership and AST dependency graph	2026-10-03T16:05:11.9590342Z           "friendshipID",
source_go	Real Go source ownership and AST dependency graph	2026-10-03T16:05:11.9590409Z           "rows.Err",
source_go	Real Go source ownership and AST dependency graph	2026-10-03T16:05:11.9590476Z           "writeError",
source_go	Real Go source ownership and AST dependency graph	2026-10-03T16:05:11.9590543Z           "writeJSON",
source_go	Real Go source ownership and AST dependency graph	2026-10-03T16:05:11.9590625Z           "s.socialPrincipal",
source_go	Real Go source ownership and AST dependency graph	2026-10-03T16:05:11.9590693Z           "writeError",
source_go	Real Go source ownership and AST dependency graph	2026-10-03T16:05:11.9590771Z           "strings.ToLower",
source_go	Real Go source ownership and AST dependency graph	2026-10-03T16:05:11.9590843Z           "r.PathValue",
source_go	Real Go source ownership and AST dependency graph	2026-10-03T16:05:11.9590952Z           "socialUUIDPattern.MatchString",
source_go	Real Go source ownership and AST dependency graph	2026-10-03T16:05:11.9591020Z           "writeError",
source_go	Real Go source ownership and AST dependency graph	2026-10-03T16:05:11.9591080Z           "fail",
source_go	Real Go source ownership and AST dependency graph	2026-10-03T16:05:11.9591148Z           "writeError",
source_go	Real Go source ownership and AST dependency graph	2026-10-03T16:05:11.9591207Z           "fail",
source_go	Real Go source ownership and AST dependency graph	2026-10-03T16:05:11.9591273Z           "r.Context",
source_go	Real Go source ownership and AST dependency graph	2026-10-03T16:05:11.9591343Z           "s.db.Begin",
source_go	Real Go source ownership and AST dependency graph	2026-10-03T16:05:11.9591413Z           "writeError",
source_go	Real Go source ownership and AST dependency graph	2026-10-03T16:05:11.9591487Z           "tx.Rollback",
source_go	Real Go source ownership and AST dependency graph	2026-10-03T16:05:11.9591549Z           "pair",
source_go	Real Go source ownership and AST dependency graph	2026-10-03T16:05:11.9591609Z           ".Scan",
source_go	Real Go source ownership and AST dependency graph	2026-10-03T16:05:11.9591767Z           "tx.QueryRow",
source_go	Real Go source ownership and AST dependency graph	2026-10-03T16:05:11.9591835Z           "errors.Is",
source_go	Real Go source ownership and AST dependency graph	2026-10-03T16:05:11.9591905Z           "writeError",
source_go	Real Go source ownership and AST dependency graph	2026-10-03T16:05:11.9591964Z           "fail",
source_go	Real Go source ownership and AST dependency graph	2026-10-03T16:05:11.9592034Z           "writeError",
source_go	Real Go source ownership and AST dependency graph	2026-10-03T16:05:11.9592093Z           ".Scan",
source_go	Real Go source ownership and AST dependency graph	2026-10-03T16:05:11.9592167Z           "tx.QueryRow",
source_go	Real Go source ownership and AST dependency graph	2026-10-03T16:05:11.9592236Z           "errors.Is",
source_go	Real Go source ownership and AST dependency graph	2026-10-03T16:05:11.9592305Z           "writeError",
source_go	Real Go source ownership and AST dependency graph	2026-10-03T16:05:11.9592374Z           "errors.Is",
source_go	Real Go source ownership and AST dependency graph	2026-10-03T16:05:11.9592446Z           "expiry.After",
source_go	Real Go source ownership and AST dependency graph	2026-10-03T16:05:11.9592509Z           "s.now",
source_go	Real Go source ownership and AST dependency graph	2026-10-03T16:05:11.9592578Z           "writeError",
source_go	Real Go source ownership and AST dependency graph	2026-10-03T16:05:11.9592639Z           "fail",
source_go	Real Go source ownership and AST dependency graph	2026-10-03T16:05:11.9592720Z           "assembleFriendship",
source_go	Real Go source ownership and AST dependency graph	2026-10-03T16:05:11.9592789Z           "writeError",
source_go	Real Go source ownership and AST dependency graph	2026-10-03T16:05:11.9592861Z           "tx.Commit",
source_go	Real Go source ownership and AST dependency graph	2026-10-03T16:05:11.9592929Z           "writeError",
source_go	Real Go source ownership and AST dependency graph	2026-10-03T16:05:11.9592998Z           "writeJSON",
source_go	Real Go source ownership and AST dependency graph	2026-10-03T16:05:11.9593071Z           "socialResult",
source_go	Real Go source ownership and AST dependency graph	2026-10-03T16:05:11.9593137Z           ".Scan",
source_go	Real Go source ownership and AST dependency graph	2026-10-03T16:05:11.9593209Z           "tx.QueryRow",
source_go	Real Go source ownership and AST dependency graph	2026-10-03T16:05:11.9593291Z           "validDirectState",
source_go	Real Go source ownership and AST dependency graph	2026-10-03T16:05:11.9593359Z           "errors.Is",
source_go	Real Go source ownership and AST dependency graph	2026-10-03T16:05:11.9593418Z           ".Scan",
source_go	Real Go source ownership and AST dependency graph	2026-10-03T16:05:11.9593491Z           "tx.QueryRow",
source_go	Real Go source ownership and AST dependency graph	2026-10-03T16:05:11.9593560Z           "errors.Is",
source_go	Real Go source ownership and AST dependency graph	2026-10-03T16:05:11.9593621Z           "uuid",
source_go	Real Go source ownership and AST dependency graph	2026-10-03T16:05:11.9593685Z           "tx.Exec",
source_go	Real Go source ownership and AST dependency graph	2026-10-03T16:05:11.9593750Z           "tx.Exec",
source_go	Real Go source ownership and AST dependency graph	2026-10-03T16:05:11.9593812Z           "tx.Exec",
source_go	Real Go source ownership and AST dependency graph	2026-10-03T16:05:11.9593892Z           "validDirectState",
source_go	Real Go source ownership and AST dependency graph	2026-10-03T16:05:11.9593974Z           "writeSocialEvent",
source_go	Real Go source ownership and AST dependency graph	2026-10-03T16:05:11.9594034Z           ".Scan",
source_go	Real Go source ownership and AST dependency graph	2026-10-03T16:05:11.9594107Z           "tx.QueryRow",
source_go	Real Go source ownership and AST dependency graph	2026-10-03T16:05:11.9594166Z           "fail",
source_go	Real Go source ownership and AST dependency graph	2026-10-03T16:05:11.9594230Z           "uuid",
source_go	Real Go source ownership and AST dependency graph	2026-10-03T16:05:11.9594289Z           ".Scan",
source_go	Real Go source ownership and AST dependency graph	2026-10-03T16:05:11.9594364Z           "tx.QueryRow",
source_go	Real Go source ownership and AST dependency graph	2026-10-03T16:05:11.9594448Z           "strconv.FormatInt",
source_go	Real Go source ownership and AST dependency graph	2026-10-03T16:05:11.9594529Z           "json.Marshal",
source_go	Real Go source ownership and AST dependency graph	2026-10-03T16:05:11.9594594Z           "tx.Exec",
source_go	Real Go source ownership and AST dependency graph	2026-10-03T16:05:11.9594666Z           "json.Marshal",
source_go	Real Go source ownership and AST dependency graph	2026-10-03T16:05:11.9594729Z           "tx.Exec"
source_go	Real Go source ownership and AST dependency graph	2026-10-03T16:05:11.9594779Z         ],
source_go	Real Go source ownership and AST dependency graph	2026-10-03T16:05:11.9594844Z         "strings": [
source_go	Real Go source ownership and AST dependency graph	2026-10-03T16:05:11.9594908Z           "context",
source_go	Real Go source ownership and AST dependency graph	2026-10-03T16:05:11.9594986Z           "crypto/sha256",
source_go	Real Go source ownership and AST dependency graph	2026-10-03T16:05:11.9595063Z           "encoding/hex",
source_go	Real Go source ownership and AST dependency graph	2026-10-03T16:05:11.9595138Z           "encoding/json",
source_go	Real Go source ownership and AST dependency graph	2026-10-03T16:05:11.9595207Z           "errors",
source_go	Real Go source ownership and AST dependency graph	2026-10-03T16:05:11.9595272Z           "net/http",
source_go	Real Go source ownership and AST dependency graph	2026-10-03T16:05:11.9595337Z           "regexp",
source_go	Real Go source ownership and AST dependency graph	2026-10-03T16:05:11.9595401Z           "strconv",
source_go	Real Go source ownership and AST dependency graph	2026-10-03T16:05:11.9595471Z           "strings",
source_go	Real Go source ownership and AST dependency graph	2026-10-03T16:05:11.9595530Z           "time",
source_go	Real Go source ownership and AST dependency graph	2026-10-03T16:05:11.9595688Z           "github.com/jackc/pgx/v5",
source_go	Real Go source ownership and AST dependency graph	2026-10-03T16:05:11.9595774Z           "im-friendship-v1:",
source_go	Real Go source ownership and AST dependency graph	2026-10-03T16:05:11.9595832Z           ":",
source_go	Real Go source ownership and AST dependency graph	2026-10-03T16:05:11.9595896Z           "-",
source_go	Real Go source ownership and AST dependency graph	2026-10-03T16:05:11.9595951Z           "-",
source_go	Real Go source ownership and AST dependency graph	2026-10-03T16:05:11.9596009Z           "-",
source_go	Real Go source ownership and AST dependency graph	2026-10-03T16:05:11.9596064Z           "-",
source_go	Real Go source ownership and AST dependency graph	2026-10-03T16:05:11.9596277Z           "^[0-9a-fA-F]{8}-[0-9a-fA-F]{4}-[0-9a-fA-F]{4}-[0-9a-fA-F]{4}-[0-9a-fA-F]{12}$",
source_go	Real Go source ownership and AST dependency graph	2026-10-03T16:05:11.9596351Z           "friendshipId",
source_go	Real Go source ownership and AST dependency graph	2026-10-03T16:05:11.9596431Z           "normalizedPair",
source_go	Real Go source ownership and AST dependency graph	2026-10-03T16:05:11.9596500Z           "lowUserId",
source_go	Real Go source ownership and AST dependency graph	2026-10-03T16:05:11.9596571Z           "highUserId",
source_go	Real Go source ownership and AST dependency graph	2026-10-03T16:05:11.9596663Z           "directConversationId",
source_go	Real Go source ownership and AST dependency graph	2026-10-03T16:05:11.9596737Z           "memberUserIds",
source_go	Real Go source ownership and AST dependency graph	2026-10-03T16:05:11.9596802Z           "created",
source_go	Real Go source ownership and AST dependency graph	2026-10-03T16:05:11.9596875Z           "AUTH_REQUIRED",
source_go	Real Go source ownership and AST dependency graph	2026-10-03T16:05:11.9596978Z           "Authentication is required.",
source_go	Real Go source ownership and AST dependency graph	2026-10-03T16:05:11.9597776Z           "SELECT u.user_id,u.username,u.display_name,f.user_low_id,f.user_high_id,f.direct_conversation_id\n\t\tFROM friendships f JOIN users u ON u.user_id=CASE WHEN f.user_low_id=$1 THEN f.user_high_id ELSE f.user_low_id END\n\t\tWHERE f.user_low_id=$1 OR f.user_high_id=$1 ORDER BY u.username",
source_go	Real Go source ownership and AST dependency graph	2026-10-03T16:05:11.9597899Z           "user",
source_go	Real Go source ownership and AST dependency graph	2026-10-03T16:05:11.9597962Z           "userId",
source_go	Real Go source ownership and AST dependency graph	2026-10-03T16:05:11.9598027Z           "username",
source_go	Real Go source ownership and AST dependency graph	2026-10-03T16:05:11.9598100Z           "displayName",
source_go	Real Go source ownership and AST dependency graph	2026-10-03T16:05:11.9598171Z           "friendshipId",
source_go	Real Go source ownership and AST dependency graph	2026-10-03T16:05:11.9598263Z           "directConversationId",
source_go	Real Go source ownership and AST dependency graph	2026-10-03T16:05:11.9598326Z           "friends",
source_go	Real Go source ownership and AST dependency graph	2026-10-03T16:05:11.9598399Z           "friendUserId",
source_go	Real Go source ownership and AST dependency graph	2026-10-03T16:05:11.9598476Z           "USER_NOT_FOUND",
source_go	Real Go source ownership and AST dependency graph	2026-10-03T16:05:11.9598573Z           "Target user was not found.",
source_go	Real Go source ownership and AST dependency graph	2026-10-03T16:05:11.9598664Z           "FRIEND_SELF_NOT_ALLOWED",
source_go	Real Go source ownership and AST dependency graph	2026-10-03T16:05:11.9598766Z           "A user cannot befriend itself.",
source_go	Real Go source ownership and AST dependency graph	2026-10-03T16:05:11.9599094Z           "SELECT user_id FROM users WHERE user_id=$1 FOR UPDATE",
source_go	Real Go source ownership and AST dependency graph	2026-10-03T16:05:11.9599173Z           "USER_NOT_FOUND",
source_go	Real Go source ownership and AST dependency graph	2026-10-03T16:05:11.9599272Z           "Target user was not found.",
source_go	Real Go source ownership and AST dependency graph	2026-10-03T16:05:11.9599569Z           "SELECT session_id,session_epoch,status,expires_at FROM sessions WHERE user_id=$1 AND client_type=$2",
source_go	Real Go source ownership and AST dependency graph	2026-10-03T16:05:11.9599631Z           "ACTIVE",
source_go	Real Go source ownership and AST dependency graph	2026-10-03T16:05:11.9599716Z           "AUTH_SESSION_REVOKED",
source_go	Real Go source ownership and AST dependency graph	2026-10-03T16:05:11.9599812Z           "Session has been revoked.",
source_go	Real Go source ownership and AST dependency graph	2026-10-03T16:05:11.9600070Z           "SELECT direct_conversation_id FROM friendships WHERE user_low_id=$1 AND user_high_id=$2",
source_go	Real Go source ownership and AST dependency graph	2026-10-03T16:05:11.9600125Z           "",
source_go	Real Go source ownership and AST dependency graph	2026-10-03T16:05:11.9600180Z           "",
source_go	Real Go source ownership and AST dependency graph	2026-10-03T16:05:11.9600465Z           "SELECT conversation_id FROM conversations WHERE direct_user_low_id=$1 AND direct_user_high_id=$2",
source_go	Real Go source ownership and AST dependency graph	2026-10-03T16:05:11.9600519Z           "",
source_go	Real Go source ownership and AST dependency graph	2026-10-03T16:05:11.9600882Z           "INSERT INTO conversations(conversation_id,kind,direct_user_low_id,direct_user_high_id,created_by) VALUES($1,'DIRECT',$2,$3,$4)",
source_go	Real Go source ownership and AST dependency graph	2026-10-03T16:05:11.9600939Z           "",
source_go	Real Go source ownership and AST dependency graph	2026-10-03T16:05:11.9601193Z           "INSERT INTO friendships(user_low_id,user_high_id,direct_conversation_id) VALUES($1,$2,$3)",
source_go	Real Go source ownership and AST dependency graph	2026-10-03T16:05:11.9601250Z           "",
source_go	Real Go source ownership and AST dependency graph	2026-10-03T16:05:11.9601313Z           "MEMBER",
source_go	Real Go source ownership and AST dependency graph	2026-10-03T16:05:11.9601375Z           "OWNER",
source_go	Real Go source ownership and AST dependency graph	2026-10-03T16:05:11.9601734Z           "INSERT INTO conversation_members(conversation_id,user_id,role) VALUES($1,$2,$3) ON CONFLICT(conversation_id,user_id) DO NOTHING",
source_go	Real Go source ownership and AST dependency graph	2026-10-03T16:05:11.9601790Z           "",
source_go	Real Go source ownership and AST dependency graph	2026-10-03T16:05:11.9601843Z           "",
source_go	Real Go source ownership and AST dependency graph	2026-10-03T16:05:11.9601920Z           "friend.changed",
source_go	Real Go source ownership and AST dependency graph	2026-10-03T16:05:11.9602010Z           "conversation.changed",
source_go	Real Go source ownership and AST dependency graph	2026-10-03T16:05:11.9602094Z           "membership.changed",
source_go	Real Go source ownership and AST dependency graph	2026-10-03T16:05:11.9602148Z           "",
source_go	Real Go source ownership and AST dependency graph	2026-10-03T16:05:11.9602956Z           "SELECT count(*),count(*) FILTER (WHERE m.user_id IN ($2,$3) AND m.left_at IS NULL)\n\t\tFROM conversations c JOIN conversation_members m ON m.conversation_id=c.conversation_id\n\t\tWHERE c.conversation_id=$1 AND c.kind='DIRECT' AND c.direct_user_low_id=$2 AND c.direct_user_high_id=$3\n\t\t",
source_go	Real Go source ownership and AST dependency graph	2026-10-03T16:05:11.9603144Z           "FRIENDSHIP_STATE_CONFLICT",
source_go	Real Go source ownership and AST dependency graph	2026-10-03T16:05:11.9603265Z           "Canonical friendship state conflicts.",
source_go	Real Go source ownership and AST dependency graph	2026-10-03T16:05:11.9603566Z           "INSERT INTO user_sync_events(user_id,event_type,payload) VALUES($1,$2,'{}'::jsonb) RETURNING cursor_id",
source_go	Real Go source ownership and AST dependency graph	2026-10-03T16:05:11.9603633Z           "eventId",
source_go	Real Go source ownership and AST dependency graph	2026-10-03T16:05:11.9603695Z           "cursor",
source_go	Real Go source ownership and AST dependency graph	2026-10-03T16:05:11.9603755Z           "kind",
source_go	Real Go source ownership and AST dependency graph	2026-10-03T16:05:11.9603822Z           "subjectId",
source_go	Real Go source ownership and AST dependency graph	2026-10-03T16:05:11.9603889Z           "revision",
source_go	Real Go source ownership and AST dependency graph	2026-10-03T16:05:11.9604094Z           "UPDATE user_sync_events SET payload=$1 WHERE user_id=$2 AND cursor_id=$3",
source_go	Real Go source ownership and AST dependency graph	2026-10-03T16:05:11.9604158Z           "userId",
source_go	Real Go source ownership and AST dependency graph	2026-10-03T16:05:11.9604219Z           "event",
source_go	Real Go source ownership and AST dependency graph	2026-10-03T16:05:11.9604593Z           "INSERT INTO outbox_events(event_id,aggregate_type,aggregate_id,event_type,conversation_id,payload) VALUES($1,'user',$2,$3,NULL,$4)"
source_go	Real Go source ownership and AST dependency graph	2026-10-03T16:05:11.9604645Z         ]
source_go	Real Go source ownership and AST dependency graph	2026-10-03T16:05:11.9604692Z       },
source_go	Real Go source ownership and AST dependency graph	2026-10-03T16:05:11.9604740Z       {
source_go	Real Go source ownership and AST dependency graph	2026-10-03T16:05:11.9604833Z         "path": "core/social_test.go",
source_go	Real Go source ownership and AST dependency graph	2026-10-03T16:05:11.9604986Z         "package": "core",
source_go	Real Go source ownership and AST dependency graph	2026-10-03T16:05:11.9605050Z         "imports": [
source_go	Real Go source ownership and AST dependency graph	2026-10-03T16:05:11.9605114Z           "context",
source_go	Real Go source ownership and AST dependency graph	2026-10-03T16:05:11.9605191Z           "encoding/json",
source_go	Real Go source ownership and AST dependency graph	2026-10-03T16:05:11.9605300Z           "github.com/jackc/pgx/v5/pgxpool",
source_go	Real Go source ownership and AST dependency graph	2026-10-03T16:05:11.9605361Z           "os",
source_go	Real Go source ownership and AST dependency graph	2026-10-03T16:05:11.9605426Z           "strconv",
source_go	Real Go source ownership and AST dependency graph	2026-10-03T16:05:11.9605490Z           "testing"
source_go	Real Go source ownership and AST dependency graph	2026-10-03T16:05:11.9605539Z         ],
source_go	Real Go source ownership and AST dependency graph	2026-10-03T16:05:11.9605607Z         "functions": [
source_go	Real Go source ownership and AST dependency graph	2026-10-03T16:05:11.9605729Z           "TestSocialAssemblyReuseAndRollback"
source_go	Real Go source ownership and AST dependency graph	2026-10-03T16:05:11.9605779Z         ],
source_go	Real Go source ownership and AST dependency graph	2026-10-03T16:05:11.9605845Z         "types": null,
source_go	Real Go source ownership and AST dependency graph	2026-10-03T16:05:11.9605902Z         "calls": [
source_go	Real Go source ownership and AST dependency graph	2026-10-03T16:05:11.9605971Z           "os.Getenv",
source_go	Real Go source ownership and AST dependency graph	2026-10-03T16:05:11.9606035Z           "t.Skip",
source_go	Real Go source ownership and AST dependency graph	2026-10-03T16:05:11.9606122Z           "context.Background",
source_go	Real Go source ownership and AST dependency graph	2026-10-03T16:05:11.9606197Z           "pgxpool.New",
source_go	Real Go source ownership and AST dependency graph	2026-10-03T16:05:11.9606261Z           "t.Fatal",
source_go	Real Go source ownership and AST dependency graph	2026-10-03T16:05:11.9606333Z           "db.Close",
source_go	Real Go source ownership and AST dependency graph	2026-10-03T16:05:11.9606391Z           "uuid",
source_go	Real Go source ownership and AST dependency graph	2026-10-03T16:05:11.9606451Z           "uuid",
source_go	Real Go source ownership and AST dependency graph	2026-10-03T16:05:11.9606510Z           "pair",
source_go	Real Go source ownership and AST dependency graph	2026-10-03T16:05:11.9606574Z           "db.Exec",
source_go	Real Go source ownership and AST dependency graph	2026-10-03T16:05:11.9606636Z           "t.Fatal",
source_go	Real Go source ownership and AST dependency graph	2026-10-03T16:05:11.9606690Z           "",
source_go	Real Go source ownership and AST dependency graph	2026-10-03T16:05:11.9606752Z           "db.Exec",
source_go	Real Go source ownership and AST dependency graph	2026-10-03T16:05:11.9606815Z           "db.Exec",
source_go	Real Go source ownership and AST dependency graph	2026-10-03T16:05:11.9606879Z           "db.Exec",
source_go	Real Go source ownership and AST dependency graph	2026-10-03T16:05:11.9606941Z           "db.Exec",
source_go	Real Go source ownership and AST dependency graph	2026-10-03T16:05:11.9607004Z           "db.Exec",
source_go	Real Go source ownership and AST dependency graph	2026-10-03T16:05:11.9607066Z           "db.Exec",
source_go	Real Go source ownership and AST dependency graph	2026-10-03T16:05:11.9607133Z           "t.Helper",
source_go	Real Go source ownership and AST dependency graph	2026-10-03T16:05:11.9607193Z           ".Scan",
source_go	Real Go source ownership and AST dependency graph	2026-10-03T16:05:11.9607266Z           "db.QueryRow",
source_go	Real Go source ownership and AST dependency graph	2026-10-03T16:05:11.9607330Z           "t.Fatal",
source_go	Real Go source ownership and AST dependency graph	2026-10-03T16:05:11.9607396Z           "db.Begin",
source_go	Real Go source ownership and AST dependency graph	2026-10-03T16:05:11.9607460Z           "t.Fatal",
source_go	Real Go source ownership and AST dependency graph	2026-10-03T16:05:11.9607543Z           "assembleFriendship",
source_go	Real Go source ownership and AST dependency graph	2026-10-03T16:05:11.9607612Z           "t.Fatalf",
source_go	Real Go source ownership and AST dependency graph	2026-10-03T16:05:11.9607683Z           "tx.Rollback",
source_go	Real Go source ownership and AST dependency graph	2026-10-03T16:05:11.9607748Z           "t.Fatal",
source_go	Real Go source ownership and AST dependency graph	2026-10-03T16:05:11.9607808Z           "count",
source_go	Real Go source ownership and AST dependency graph	2026-10-03T16:05:11.9607872Z           "t.Fatal",
source_go	Real Go source ownership and AST dependency graph	2026-10-03T16:05:11.9607932Z           "uuid",
source_go	Real Go source ownership and AST dependency graph	2026-10-03T16:05:11.9607994Z           "db.Exec",
source_go	Real Go source ownership and AST dependency graph	2026-10-03T16:05:11.9608057Z           "t.Fatal",
source_go	Real Go source ownership and AST dependency graph	2026-10-03T16:05:11.9608120Z           "db.Exec",
source_go	Real Go source ownership and AST dependency graph	2026-10-03T16:05:11.9608183Z           "t.Fatal",
source_go	Real Go source ownership and AST dependency graph	2026-10-03T16:05:11.9608246Z           "db.Begin",
source_go	Real Go source ownership and AST dependency graph	2026-10-03T16:05:11.9608310Z           "t.Fatal",
source_go	Real Go source ownership and AST dependency graph	2026-10-03T16:05:11.9608391Z           "assembleFriendship",
source_go	Real Go source ownership and AST dependency graph	2026-10-03T16:05:11.9608456Z           "t.Fatal",
source_go	Real Go source ownership and AST dependency graph	2026-10-03T16:05:11.9608530Z           "tx.Rollback",
source_go	Real Go source ownership and AST dependency graph	2026-10-03T16:05:11.9608593Z           "t.Fatal",
source_go	Real Go source ownership and AST dependency graph	2026-10-03T16:05:11.9608718Z           "count",
source_go	Real Go source ownership and AST dependency graph	2026-10-03T16:05:11.9608856Z           "count",
source_go	Real Go source ownership and AST dependency graph	2026-10-03T16:05:11.9608920Z           "count",
source_go	Real Go source ownership and AST dependency graph	2026-10-03T16:05:11.9608982Z           "t.Fatal",
source_go	Real Go source ownership and AST dependency graph	2026-10-03T16:05:11.9609047Z           "db.Exec",
source_go	Real Go source ownership and AST dependency graph	2026-10-03T16:05:11.9609110Z           "t.Fatal",
source_go	Real Go source ownership and AST dependency graph	2026-10-03T16:05:11.9609176Z           "db.Begin",
source_go	Real Go source ownership and AST dependency graph	2026-10-03T16:05:11.9609239Z           "t.Fatal",
source_go	Real Go source ownership and AST dependency graph	2026-10-03T16:05:11.9609320Z           "assembleFriendship",
source_go	Real Go source ownership and AST dependency graph	2026-10-03T16:05:11.9609386Z           "t.Fatalf",
source_go	Real Go source ownership and AST dependency graph	2026-10-03T16:05:11.9609453Z           "tx.Commit",
source_go	Real Go source ownership and AST dependency graph	2026-10-03T16:05:11.9609517Z           "t.Fatal",
source_go	Real Go source ownership and AST dependency graph	2026-10-03T16:05:11.9609581Z           "db.Query",
source_go	Real Go source ownership and AST dependency graph	2026-10-03T16:05:11.9609644Z           "t.Fatal",
source_go	Real Go source ownership and AST dependency graph	2026-10-03T16:05:11.9609717Z           "rows.Close",
source_go	Real Go source ownership and AST dependency graph	2026-10-03T16:05:11.9609784Z           "rows.Next",
source_go	Real Go source ownership and AST dependency graph	2026-10-03T16:05:11.9609852Z           "rows.Scan",
source_go	Real Go source ownership and AST dependency graph	2026-10-03T16:05:11.9609913Z           "t.Fatal",
source_go	Real Go source ownership and AST dependency graph	2026-10-03T16:05:11.9609991Z           "json.Unmarshal",
source_go	Real Go source ownership and AST dependency graph	2026-10-03T16:05:11.9610067Z           "json.Unmarshal",
source_go	Real Go source ownership and AST dependency graph	2026-10-03T16:05:11.9610135Z           "t.Fatal",
source_go	Real Go source ownership and AST dependency graph	2026-10-03T16:05:11.9610220Z           "strconv.FormatInt",
source_go	Real Go source ownership and AST dependency graph	2026-10-03T16:05:11.9610285Z           "float64",
source_go	Real Go source ownership and AST dependency graph	2026-10-03T16:05:11.9610348Z           "t.Fatal",
source_go	Real Go source ownership and AST dependency graph	2026-10-03T16:05:11.9610506Z           "json.Marshal",
source_go	Real Go source ownership and AST dependency graph	2026-10-03T16:05:11.9610581Z           "json.Marshal",
source_go	Real Go source ownership and AST dependency graph	2026-10-03T16:05:11.9610643Z           "string",
source_go	Real Go source ownership and AST dependency graph	2026-10-03T16:05:11.9610706Z           "string",
source_go	Real Go source ownership and AST dependency graph	2026-10-03T16:05:11.9610767Z           "t.Fatal",
source_go	Real Go source ownership and AST dependency graph	2026-10-03T16:05:11.9610835Z           "rows.Err",
source_go	Real Go source ownership and AST dependency graph	2026-10-03T16:05:11.9610898Z           "t.Fatal",
source_go	Real Go source ownership and AST dependency graph	2026-10-03T16:05:11.9610965Z           "t.Fatalf",
source_go	Real Go source ownership and AST dependency graph	2026-10-03T16:05:11.9611031Z           "db.Begin",
source_go	Real Go source ownership and AST dependency graph	2026-10-03T16:05:11.9611093Z           "t.Fatal",
source_go	Real Go source ownership and AST dependency graph	2026-10-03T16:05:11.9611176Z           "assembleFriendship",
source_go	Real Go source ownership and AST dependency graph	2026-10-03T16:05:11.9611240Z           "t.Fatalf",
source_go	Real Go source ownership and AST dependency graph	2026-10-03T16:05:11.9611310Z           "tx.Commit",
source_go	Real Go source ownership and AST dependency graph	2026-10-03T16:05:11.9611371Z           "t.Fatal",
source_go	Real Go source ownership and AST dependency graph	2026-10-03T16:05:11.9611436Z           "count",
source_go	Real Go source ownership and AST dependency graph	2026-10-03T16:05:11.9611499Z           "t.Fatal"
source_go	Real Go source ownership and AST dependency graph	2026-10-03T16:05:11.9611552Z         ],
source_go	Real Go source ownership and AST dependency graph	2026-10-03T16:05:11.9611615Z         "strings": [
source_go	Real Go source ownership and AST dependency graph	2026-10-03T16:05:11.9611678Z           "context",
source_go	Real Go source ownership and AST dependency graph	2026-10-03T16:05:11.9611757Z           "encoding/json",
source_go	Real Go source ownership and AST dependency graph	2026-10-03T16:05:11.9611870Z           "github.com/jackc/pgx/v5/pgxpool",
source_go	Real Go source ownership and AST dependency graph	2026-10-03T16:05:11.9611931Z           "os",
source_go	Real Go source ownership and AST dependency graph	2026-10-03T16:05:11.9611996Z           "strconv",
source_go	Real Go source ownership and AST dependency graph	2026-10-03T16:05:11.9612060Z           "testing",
source_go	Real Go source ownership and AST dependency graph	2026-10-03T16:05:11.9612137Z           "DB_TEST_ENABLE",
source_go	Real Go source ownership and AST dependency graph	2026-10-03T16:05:11.9612192Z           "1",
source_go	Real Go source ownership and AST dependency graph	2026-10-03T16:05:11.9612359Z           "set DB_TEST_ENABLE=1 with migrated disposable PostgreSQL",
source_go	Real Go source ownership and AST dependency graph	2026-10-03T16:05:11.9612413Z           "",
source_go	Real Go source ownership and AST dependency graph	2026-10-03T16:05:11.9612721Z           "INSERT INTO users(user_id,username,display_name,password_hash) VALUES($1,$2,'Social rollback','test-only')",
source_go	Real Go source ownership and AST dependency graph	2026-10-03T16:05:11.9612785Z           "social",
source_go	Real Go source ownership and AST dependency graph	2026-10-03T16:05:11.9612995Z           "DELETE FROM outbox_events WHERE aggregate_type='user' AND aggregate_id=$1",
source_go	Real Go source ownership and AST dependency graph	2026-10-03T16:05:11.9613130Z           "DELETE FROM user_sync_events WHERE user_id=$1",
source_go	Real Go source ownership and AST dependency graph	2026-10-03T16:05:11.9613315Z           "DELETE FROM friendships WHERE user_low_id=$1 AND user_high_id=$2",
source_go	Real Go source ownership and AST dependency graph	2026-10-03T16:05:11.9613773Z           "DELETE FROM conversation_members WHERE conversation_id IN (SELECT conversation_id FROM conversations WHERE direct_user_low_id=$1 AND direct_user_high_id=$2)",
source_go	Real Go source ownership and AST dependency graph	2026-10-03T16:05:11.9614008Z           "DELETE FROM conversations WHERE direct_user_low_id=$1 AND direct_user_high_id=$2",
source_go	Real Go source ownership and AST dependency graph	2026-10-03T16:05:11.9614119Z           "DELETE FROM users WHERE user_id=$1",
source_go	Real Go source ownership and AST dependency graph	2026-10-03T16:05:11.9614198Z           "assembly: %v %v",
source_go	Real Go source ownership and AST dependency graph	2026-10-03T16:05:11.9614401Z           "SELECT count(*) FROM friendships WHERE user_low_id=$1 AND user_high_id=$2",
source_go	Real Go source ownership and AST dependency graph	2026-10-03T16:05:11.9614654Z           "SELECT count(*) FROM conversations WHERE direct_user_low_id=$1 AND direct_user_high_id=$2",
source_go	Real Go source ownership and AST dependency graph	2026-10-03T16:05:11.9614842Z           "SELECT count(*) FROM conversation_members WHERE user_id IN ($1,$2)",
source_go	Real Go source ownership and AST dependency graph	2026-10-03T16:05:11.9615018Z           "SELECT count(*) FROM user_sync_events WHERE user_id IN ($1,$2)",
source_go	Real Go source ownership and AST dependency graph	2026-10-03T16:05:11.9615350Z           "SELECT count(*) FROM outbox_events WHERE aggregate_type='user' AND aggregate_id IN ($1,$2)",
source_go	Real Go source ownership and AST dependency graph	2026-10-03T16:05:11.9615453Z           "caller rollback left effects",
source_go	Real Go source ownership and AST dependency graph	2026-10-03T16:05:11.9615815Z           "INSERT INTO conversations(conversation_id,kind,direct_user_low_id,direct_user_high_id,created_by) VALUES($1,'DIRECT',$2,$3,$2)",
source_go	Real Go source ownership and AST dependency graph	2026-10-03T16:05:11.9616105Z           "INSERT INTO conversation_members(conversation_id,user_id,role,left_at) VALUES($1,$2,'MEMBER',now())",
source_go	Real Go source ownership and AST dependency graph	2026-10-03T16:05:11.9616221Z           "expected partial-assembly conflict",
source_go	Real Go source ownership and AST dependency graph	2026-10-03T16:05:11.9616425Z           "SELECT count(*) FROM friendships WHERE user_low_id=$1 AND user_high_id=$2",
source_go	Real Go source ownership and AST dependency graph	2026-10-03T16:05:11.9616620Z           "SELECT count(*) FROM conversation_members WHERE conversation_id=$1",
source_go	Real Go source ownership and AST dependency graph	2026-10-03T16:05:11.9616792Z           "SELECT count(*) FROM user_sync_events WHERE user_id IN ($1,$2)",
source_go	Real Go source ownership and AST dependency graph	2026-10-03T16:05:11.9616891Z           "failed assembly leaked writes",
source_go	Real Go source ownership and AST dependency graph	2026-10-03T16:05:11.9617061Z           "DELETE FROM conversation_members WHERE conversation_id=$1",
source_go	Real Go source ownership and AST dependency graph	2026-10-03T16:05:11.9617137Z           "reuse %s %v %v",
source_go	Real Go source ownership and AST dependency graph	2026-10-03T16:05:11.9617769Z           "SELECT s.user_id,s.cursor_id,s.event_type,s.payload,o.event_id,o.payload FROM user_sync_events s JOIN outbox_events o ON o.aggregate_id=s.user_id AND o.event_id=(s.payload->>'eventId')::uuid WHERE s.user_id IN ($1,$2)",
source_go	Real Go source ownership and AST dependency graph	2026-10-03T16:05:11.9617910Z           "json:\"userId\"",
source_go	Real Go source ownership and AST dependency graph	2026-10-03T16:05:11.9617988Z           "json:\"event\"",
source_go	Real Go source ownership and AST dependency graph	2026-10-03T16:05:11.9618068Z           "malformed event",
source_go	Real Go source ownership and AST dependency graph	2026-10-03T16:05:11.9618132Z           "eventId",
source_go	Real Go source ownership and AST dependency graph	2026-10-03T16:05:11.9618195Z           "cursor",
source_go	Real Go source ownership and AST dependency graph	2026-10-03T16:05:11.9618253Z           "kind",
source_go	Real Go source ownership and AST dependency graph	2026-10-03T16:05:11.9618320Z           "revision",
source_go	Real Go source ownership and AST dependency graph	2026-10-03T16:05:11.9618413Z           "event metadata mismatch",
source_go	Real Go source ownership and AST dependency graph	2026-10-03T16:05:11.9618514Z           "Sync/Outbox payload mismatch",
source_go	Real Go source ownership and AST dependency graph	2026-10-03T16:05:11.9618607Z           "matched event count %d",
source_go	Real Go source ownership and AST dependency graph	2026-10-03T16:05:11.9618697Z           "existing reuse %s %v %v",
source_go	Real Go source ownership and AST dependency graph	2026-10-03T16:05:11.9619089Z           "SELECT count(*) FROM outbox_events WHERE aggregate_type='user' AND aggregate_id IN ($1,$2)",
source_go	Real Go source ownership and AST dependency graph	2026-10-03T16:05:11.9619180Z           "retry duplicated effects"
source_go	Real Go source ownership and AST dependency graph	2026-10-03T16:05:11.9619234Z         ]
source_go	Real Go source ownership and AST dependency graph	2026-10-03T16:05:11.9619282Z       },
source_go	Real Go source ownership and AST dependency graph	2026-10-03T16:05:11.9619328Z       {
source_go	Real Go source ownership and AST dependency graph	2026-10-03T16:05:11.9619412Z         "path": "core/sync.go",
source_go	Real Go source ownership and AST dependency graph	2026-10-03T16:05:11.9619485Z         "package": "core",
source_go	Real Go source ownership and AST dependency graph	2026-10-03T16:05:11.9619549Z         "imports": [
source_go	Real Go source ownership and AST dependency graph	2026-10-03T16:05:11.9619609Z           "bufio",
source_go	Real Go source ownership and AST dependency graph	2026-10-03T16:05:11.9619670Z           "bytes",
source_go	Real Go source ownership and AST dependency graph	2026-10-03T16:05:11.9619733Z           "context",
source_go	Real Go source ownership and AST dependency graph	2026-10-03T16:05:11.9619806Z           "crypto/hmac",
source_go	Real Go source ownership and AST dependency graph	2026-10-03T16:05:11.9619881Z           "crypto/sha256",
source_go	Real Go source ownership and AST dependency graph	2026-10-03T16:05:11.9619958Z           "encoding/base64",
source_go	Real Go source ownership and AST dependency graph	2026-10-03T16:05:11.9620037Z           "encoding/binary",
source_go	Real Go source ownership and AST dependency graph	2026-10-03T16:05:11.9620112Z           "encoding/json",
source_go	Real Go source ownership and AST dependency graph	2026-10-03T16:05:11.9620176Z           "errors",
source_go	Real Go source ownership and AST dependency graph	2026-10-03T16:05:11.9620233Z           "io",
source_go	Real Go source ownership and AST dependency graph	2026-10-03T16:05:11.9620295Z           "math",
source_go	Real Go source ownership and AST dependency graph	2026-10-03T16:05:11.9620361Z           "net/http",
source_go	Real Go source ownership and AST dependency graph	2026-10-03T16:05:11.9620423Z           "regexp",
source_go	Real Go source ownership and AST dependency graph	2026-10-03T16:05:11.9620488Z           "strconv",
source_go	Real Go source ownership and AST dependency graph	2026-10-03T16:05:11.9620552Z           "strings",
source_go	Real Go source ownership and AST dependency graph	2026-10-03T16:05:11.9620611Z           "time",
source_go	Real Go source ownership and AST dependency graph	2026-10-03T16:05:11.9620701Z           "github.com/jackc/pgx/v5"
source_go	Real Go source ownership and AST dependency graph	2026-10-03T16:05:11.9620751Z         ],
source_go	Real Go source ownership and AST dependency graph	2026-10-03T16:05:11.9620817Z         "functions": [
source_go	Real Go source ownership and AST dependency graph	2026-10-03T16:05:11.9620889Z           "syncInteger",
source_go	Real Go source ownership and AST dependency graph	2026-10-03T16:05:11.9620961Z           "syncFailure",
source_go	Real Go source ownership and AST dependency graph	2026-10-03T16:05:11.9621027Z           "syncInput",
source_go	Real Go source ownership and AST dependency graph	2026-10-03T16:05:11.9621097Z           "syncCursor",
source_go	Real Go source ownership and AST dependency graph	2026-10-03T16:05:11.9621171Z           "syncPosition",
source_go	Real Go source ownership and AST dependency graph	2026-10-03T16:05:11.9621237Z           "syncUser",
source_go	Real Go source ownership and AST dependency graph	2026-10-03T16:05:11.9621319Z           "syncConversation",
source_go	Real Go source ownership and AST dependency graph	2026-10-03T16:05:11.9621412Z           "conversationHistory",
source_go	Real Go source ownership and AST dependency graph	2026-10-03T16:05:11.9621490Z           "syncAuthenticate",
source_go	Real Go source ownership and AST dependency graph	2026-10-03T16:05:11.9621557Z           "syncJSON",
source_go	Real Go source ownership and AST dependency graph	2026-10-03T16:05:11.9621724Z           "syncJSONNumber"
source_go	Real Go source ownership and AST dependency graph	2026-10-03T16:05:11.9621773Z         ],
source_go	Real Go source ownership and AST dependency graph	2026-10-03T16:05:11.9621833Z         "types": [
source_go	Real Go source ownership and AST dependency graph	2026-10-03T16:05:11.9621906Z           "syncUserEvent",
source_go	Real Go source ownership and AST dependency graph	2026-10-03T16:05:11.9621995Z           "conversationRequest"
source_go	Real Go source ownership and AST dependency graph	2026-10-03T16:05:11.9622044Z         ],
source_go	Real Go source ownership and AST dependency graph	2026-10-03T16:05:11.9622105Z         "calls": [
source_go	Real Go source ownership and AST dependency graph	2026-10-03T16:05:11.9622189Z           "regexp.MustCompile",
source_go	Real Go source ownership and AST dependency graph	2026-10-03T16:05:11.9622296Z           "syncNumber.FindStringSubmatch",
source_go	Real Go source ownership and AST dependency graph	2026-10-03T16:05:11.9622360Z           "string",
source_go	Real Go source ownership and AST dependency graph	2026-10-03T16:05:11.9622437Z           "strings.TrimLeft",
source_go	Real Go source ownership and AST dependency graph	2026-10-03T16:05:11.9622498Z           "int64",
source_go	Real Go source ownership and AST dependency graph	2026-10-03T16:05:11.9622578Z           "strconv.ParseInt",
source_go	Real Go source ownership and AST dependency graph	2026-10-03T16:05:11.9622663Z           "strings.HasPrefix",
source_go	Real Go source ownership and AST dependency graph	2026-10-03T16:05:11.9622722Z           "int64",
source_go	Real Go source ownership and AST dependency graph	2026-10-03T16:05:11.9622781Z           "len",
source_go	Real Go source ownership and AST dependency graph	2026-10-03T16:05:11.9622844Z           "int64",
source_go	Real Go source ownership and AST dependency graph	2026-10-03T16:05:11.9622900Z           "len",
source_go	Real Go source ownership and AST dependency graph	2026-10-03T16:05:11.9622962Z           "int64",
source_go	Real Go source ownership and AST dependency graph	2026-10-03T16:05:11.9623019Z           "len",
source_go	Real Go source ownership and AST dependency graph	2026-10-03T16:05:11.9623081Z           "len",
source_go	Real Go source ownership and AST dependency graph	2026-10-03T16:05:11.9623139Z           "int",
source_go	Real Go source ownership and AST dependency graph	2026-10-03T16:05:11.9623214Z           "strings.Trim",
source_go	Real Go source ownership and AST dependency graph	2026-10-03T16:05:11.9623271Z           "len",
source_go	Real Go source ownership and AST dependency graph	2026-10-03T16:05:11.9623410Z           "int",
source_go	Real Go source ownership and AST dependency graph	2026-10-03T16:05:11.9623498Z           "strconv.FormatInt",
source_go	Real Go source ownership and AST dependency graph	2026-10-03T16:05:11.9623557Z           "int64",
source_go	Real Go source ownership and AST dependency graph	2026-10-03T16:05:11.9623616Z           "len",
source_go	Real Go source ownership and AST dependency graph	2026-10-03T16:05:11.9623675Z           "int64",
source_go	Real Go source ownership and AST dependency graph	2026-10-03T16:05:11.9623733Z           "len",
source_go	Real Go source ownership and AST dependency graph	2026-10-03T16:05:11.9623792Z           "int64",
source_go	Real Go source ownership and AST dependency graph	2026-10-03T16:05:11.9623851Z           "len",
source_go	Real Go source ownership and AST dependency graph	2026-10-03T16:05:11.9623927Z           "strings.Repeat",
source_go	Real Go source ownership and AST dependency graph	2026-10-03T16:05:11.9623985Z           "int",
source_go	Real Go source ownership and AST dependency graph	2026-10-03T16:05:11.9624044Z           "len",
source_go	Real Go source ownership and AST dependency graph	2026-10-03T16:05:11.9624100Z           "len",
source_go	Real Go source ownership and AST dependency graph	2026-10-03T16:05:11.9624182Z           "strconv.ParseInt",
source_go	Real Go source ownership and AST dependency graph	2026-10-03T16:05:11.9624250Z           "errors.As",
source_go	Real Go source ownership and AST dependency graph	2026-10-03T16:05:11.9624321Z           "http.Error",
source_go	Real Go source ownership and AST dependency graph	2026-10-03T16:05:11.9624388Z           "writeJSON",
source_go	Real Go source ownership and AST dependency graph	2026-10-03T16:05:11.9624448Z           ".Set",
source_go	Real Go source ownership and AST dependency graph	2026-10-03T16:05:11.9624515Z           "w.Header",
source_go	Real Go source ownership and AST dependency graph	2026-10-03T16:05:11.9624574Z           "uuid",
source_go	Real Go source ownership and AST dependency graph	2026-10-03T16:05:11.9624640Z           "syncJSON",
source_go	Real Go source ownership and AST dependency graph	2026-10-03T16:05:11.9624716Z           "json.Unmarshal",
source_go	Real Go source ownership and AST dependency graph	2026-10-03T16:05:11.9624798Z           "json.Unmarshal",
source_go	Real Go source ownership and AST dependency graph	2026-10-03T16:05:11.9624905Z           "socialUUIDPattern.MatchString",
source_go	Real Go source ownership and AST dependency graph	2026-10-03T16:05:11.9624977Z           "syncFailure",
source_go	Real Go source ownership and AST dependency graph	2026-10-03T16:05:11.9625081Z           "socialUUIDPattern.MatchString",
source_go	Real Go source ownership and AST dependency graph	2026-10-03T16:05:11.9625145Z           "reject",
source_go	Real Go source ownership and AST dependency graph	2026-10-03T16:05:11.9625205Z           "fail",
source_go	Real Go source ownership and AST dependency graph	2026-10-03T16:05:11.9625266Z           "bearer",
source_go	Real Go source ownership and AST dependency graph	2026-10-03T16:05:11.9625328Z           "reject",
source_go	Real Go source ownership and AST dependency graph	2026-10-03T16:05:11.9625402Z           "s.authenticate",
source_go	Real Go source ownership and AST dependency graph	2026-10-03T16:05:11.9625470Z           "r.Context",
source_go	Real Go source ownership and AST dependency graph	2026-10-03T16:05:11.9625531Z           "reject",
source_go	Real Go source ownership and AST dependency graph	2026-10-03T16:05:11.9625593Z           "string",
source_go	Real Go source ownership and AST dependency graph	2026-10-03T16:05:11.9625669Z           "json.Unmarshal",
source_go	Real Go source ownership and AST dependency graph	2026-10-03T16:05:11.9625731Z           "reject",
source_go	Real Go source ownership and AST dependency graph	2026-10-03T16:05:11.9625791Z           "fail",
source_go	Real Go source ownership and AST dependency graph	2026-10-03T16:05:11.9625854Z           "reject",
source_go	Real Go source ownership and AST dependency graph	2026-10-03T16:05:11.9625913Z           "fail",
source_go	Real Go source ownership and AST dependency graph	2026-10-03T16:05:11.9625970Z           "len",
source_go	Real Go source ownership and AST dependency graph	2026-10-03T16:05:11.9626029Z           "len",
source_go	Real Go source ownership and AST dependency graph	2026-10-03T16:05:11.9626091Z           "reject",
source_go	Real Go source ownership and AST dependency graph	2026-10-03T16:05:11.9626151Z           "fail",
source_go	Real Go source ownership and AST dependency graph	2026-10-03T16:05:11.9626210Z           "reject",
source_go	Real Go source ownership and AST dependency graph	2026-10-03T16:05:11.9626271Z           "fail",
source_go	Real Go source ownership and AST dependency graph	2026-10-03T16:05:11.9626348Z           "json.Unmarshal",
source_go	Real Go source ownership and AST dependency graph	2026-10-03T16:05:11.9626409Z           "reject",
source_go	Real Go source ownership and AST dependency graph	2026-10-03T16:05:11.9626469Z           "fail",
source_go	Real Go source ownership and AST dependency graph	2026-10-03T16:05:11.9626527Z           "make",
source_go	Real Go source ownership and AST dependency graph	2026-10-03T16:05:11.9626628Z           "binary.BigEndian.PutUint64",
source_go	Real Go source ownership and AST dependency graph	2026-10-03T16:05:11.9626689Z           "uint64",
source_go	Real Go source ownership and AST dependency graph	2026-10-03T16:05:11.9626757Z           "hmac.New",
source_go	Real Go source ownership and AST dependency graph	2026-10-03T16:05:11.9626824Z           "mac.Write",
source_go	Real Go source ownership and AST dependency graph	2026-10-03T16:05:11.9626878Z           "",
source_go	Real Go source ownership and AST dependency graph	2026-10-03T16:05:11.9626959Z           "strings.ToLower",
source_go	Real Go source ownership and AST dependency graph	2026-10-03T16:05:11.9627024Z           "mac.Write",
source_go	Real Go source ownership and AST dependency graph	2026-10-03T16:05:11.9627148Z           "base64.RawURLEncoding.EncodeToString",
source_go	Real Go source ownership and AST dependency graph	2026-10-03T16:05:11.9627310Z           "append",
source_go	Real Go source ownership and AST dependency graph	2026-10-03T16:05:11.9627374Z           "mac.Sum",
source_go	Real Go source ownership and AST dependency graph	2026-10-03T16:05:11.9627490Z           "base64.RawURLEncoding.DecodeString",
source_go	Real Go source ownership and AST dependency graph	2026-10-03T16:05:11.9627552Z           "len",
source_go	Real Go source ownership and AST dependency graph	2026-10-03T16:05:11.9627644Z           "binary.BigEndian.Uint64",
source_go	Real Go source ownership and AST dependency graph	2026-10-03T16:05:11.9627716Z           "s.syncCursor",
source_go	Real Go source ownership and AST dependency graph	2026-10-03T16:05:11.9627778Z           "int64",
source_go	Real Go source ownership and AST dependency graph	2026-10-03T16:05:11.9627838Z           "int64",
source_go	Real Go source ownership and AST dependency graph	2026-10-03T16:05:11.9627907Z           "hmac.Equal",
source_go	Real Go source ownership and AST dependency graph	2026-10-03T16:05:11.9627960Z           "",
source_go	Real Go source ownership and AST dependency graph	2026-10-03T16:05:11.9628015Z           "",
source_go	Real Go source ownership and AST dependency graph	2026-10-03T16:05:11.9628085Z           "s.syncInput",
source_go	Real Go source ownership and AST dependency graph	2026-10-03T16:05:11.9628156Z           "syncFailure",
source_go	Real Go source ownership and AST dependency graph	2026-10-03T16:05:11.9628228Z           "syncInteger",
source_go	Real Go source ownership and AST dependency graph	2026-10-03T16:05:11.9628303Z           "json.Unmarshal",
source_go	Real Go source ownership and AST dependency graph	2026-10-03T16:05:11.9628363Z           "len",
source_go	Real Go source ownership and AST dependency graph	2026-10-03T16:05:11.9628420Z           "len",
source_go	Real Go source ownership and AST dependency graph	2026-10-03T16:05:11.9628484Z           "reject",
source_go	Real Go source ownership and AST dependency graph	2026-10-03T16:05:11.9628543Z           "fail",
source_go	Real Go source ownership and AST dependency graph	2026-10-03T16:05:11.9628624Z           "s.syncPosition",
source_go	Real Go source ownership and AST dependency graph	2026-10-03T16:05:11.9628689Z           "reject",
source_go	Real Go source ownership and AST dependency graph	2026-10-03T16:05:11.9628747Z           "fail",
source_go	Real Go source ownership and AST dependency graph	2026-10-03T16:05:11.9628947Z           "r.Context",
source_go	Real Go source ownership and AST dependency graph	2026-10-03T16:05:11.9629105Z           "s.db.Begin",
source_go	Real Go source ownership and AST dependency graph	2026-10-03T16:05:11.9629168Z           "reject",
source_go	Real Go source ownership and AST dependency graph	2026-10-03T16:05:11.9629239Z           "tx.Rollback",
source_go	Real Go source ownership and AST dependency graph	2026-10-03T16:05:11.9629303Z           ".Scan",
source_go	Real Go source ownership and AST dependency graph	2026-10-03T16:05:11.9629373Z           "tx.QueryRow",
source_go	Real Go source ownership and AST dependency graph	2026-10-03T16:05:11.9629437Z           "reject",
source_go	Real Go source ownership and AST dependency graph	2026-10-03T16:05:11.9629500Z           ".Scan",
source_go	Real Go source ownership and AST dependency graph	2026-10-03T16:05:11.9629570Z           "tx.QueryRow",
source_go	Real Go source ownership and AST dependency graph	2026-10-03T16:05:11.9629640Z           "errors.Is",
source_go	Real Go source ownership and AST dependency graph	2026-10-03T16:05:11.9629701Z           "reject",
source_go	Real Go source ownership and AST dependency graph	2026-10-03T16:05:11.9629785Z           "s.syncAuthenticate",
source_go	Real Go source ownership and AST dependency graph	2026-10-03T16:05:11.9629846Z           "reject",
source_go	Real Go source ownership and AST dependency graph	2026-10-03T16:05:11.9629908Z           ".Scan",
source_go	Real Go source ownership and AST dependency graph	2026-10-03T16:05:11.9629977Z           "tx.QueryRow",
source_go	Real Go source ownership and AST dependency graph	2026-10-03T16:05:11.9630044Z           "reject",
source_go	Real Go source ownership and AST dependency graph	2026-10-03T16:05:11.9630107Z           "reject",
source_go	Real Go source ownership and AST dependency graph	2026-10-03T16:05:11.9630169Z           "fail",
source_go	Real Go source ownership and AST dependency graph	2026-10-03T16:05:11.9630236Z           "tx.Query",
source_go	Real Go source ownership and AST dependency graph	2026-10-03T16:05:11.9630297Z           "reject",
source_go	Real Go source ownership and AST dependency graph	2026-10-03T16:05:11.9630357Z           "make",
source_go	Real Go source ownership and AST dependency graph	2026-10-03T16:05:11.9630425Z           "rows.Next",
source_go	Real Go source ownership and AST dependency graph	2026-10-03T16:05:11.9630497Z           "rows.Scan",
source_go	Real Go source ownership and AST dependency graph	2026-10-03T16:05:11.9630577Z           "json.NewDecoder",
source_go	Real Go source ownership and AST dependency graph	2026-10-03T16:05:11.9630658Z           "bytes.NewReader",
source_go	Real Go source ownership and AST dependency graph	2026-10-03T16:05:11.9630729Z           "d.UseNumber",
source_go	Real Go source ownership and AST dependency graph	2026-10-03T16:05:11.9630794Z           "d.Decode",
source_go	Real Go source ownership and AST dependency graph	2026-10-03T16:05:11.9630865Z           "syncInteger",
source_go	Real Go source ownership and AST dependency graph	2026-10-03T16:05:11.9630943Z           "json.RawMessage",
source_go	Real Go source ownership and AST dependency graph	2026-10-03T16:05:11.9631050Z           "socialUUIDPattern.MatchString",
source_go	Real Go source ownership and AST dependency graph	2026-10-03T16:05:11.9631155Z           "socialUUIDPattern.MatchString",
source_go	Real Go source ownership and AST dependency graph	2026-10-03T16:05:11.9631228Z           "errors.New",
source_go	Real Go source ownership and AST dependency graph	2026-10-03T16:05:11.9631301Z           "s.syncCursor",
source_go	Real Go source ownership and AST dependency graph	2026-10-03T16:05:11.9631363Z           "append",
source_go	Real Go source ownership and AST dependency graph	2026-10-03T16:05:11.9631430Z           "rows.Err",
source_go	Real Go source ownership and AST dependency graph	2026-10-03T16:05:11.9631500Z           "rows.Close",
source_go	Real Go source ownership and AST dependency graph	2026-10-03T16:05:11.9631563Z           "reject",
source_go	Real Go source ownership and AST dependency graph	2026-10-03T16:05:11.9631630Z           "tx.Commit",
source_go	Real Go source ownership and AST dependency graph	2026-10-03T16:05:11.9631692Z           "reject",
source_go	Real Go source ownership and AST dependency graph	2026-10-03T16:05:11.9631748Z           "len",
source_go	Real Go source ownership and AST dependency graph	2026-10-03T16:05:11.9631810Z           "int",
source_go	Real Go source ownership and AST dependency graph	2026-10-03T16:05:11.9631870Z           "len",
source_go	Real Go source ownership and AST dependency graph	2026-10-03T16:05:11.9631926Z           "len",
source_go	Real Go source ownership and AST dependency graph	2026-10-03T16:05:11.9631993Z           "writeJSON",
source_go	Real Go source ownership and AST dependency graph	2026-10-03T16:05:11.9632062Z           "s.syncInput",
source_go	Real Go source ownership and AST dependency graph	2026-10-03T16:05:11.9632132Z           "syncFailure",
source_go	Real Go source ownership and AST dependency graph	2026-10-03T16:05:11.9632201Z           "syncInteger",
source_go	Real Go source ownership and AST dependency graph	2026-10-03T16:05:11.9632271Z           "syncInteger",
source_go	Real Go source ownership and AST dependency graph	2026-10-03T16:05:11.9632346Z           "json.Unmarshal",
source_go	Real Go source ownership and AST dependency graph	2026-10-03T16:05:11.9632451Z           "socialUUIDPattern.MatchString",
source_go	Real Go source ownership and AST dependency graph	2026-10-03T16:05:11.9632513Z           "reject",
source_go	Real Go source ownership and AST dependency graph	2026-10-03T16:05:11.9632571Z           "fail",
source_go	Real Go source ownership and AST dependency graph	2026-10-03T16:05:11.9632649Z           "strings.ToLower",
source_go	Real Go source ownership and AST dependency graph	2026-10-03T16:05:11.9632716Z           "r.Context",
source_go	Real Go source ownership and AST dependency graph	2026-10-03T16:05:11.9632786Z           "s.db.Begin",
source_go	Real Go source ownership and AST dependency graph	2026-10-03T16:05:11.9632846Z           "reject",
source_go	Real Go source ownership and AST dependency graph	2026-10-03T16:05:11.9633007Z           "tx.Rollback",
source_go	Real Go source ownership and AST dependency graph	2026-10-03T16:05:11.9633068Z           ".Scan",
source_go	Real Go source ownership and AST dependency graph	2026-10-03T16:05:11.9633138Z           "tx.QueryRow",
source_go	Real Go source ownership and AST dependency graph	2026-10-03T16:05:11.9633207Z           "errors.Is",
source_go	Real Go source ownership and AST dependency graph	2026-10-03T16:05:11.9633271Z           "reject",
source_go	Real Go source ownership and AST dependency graph	2026-10-03T16:05:11.9633353Z           "s.syncAuthenticate",
source_go	Real Go source ownership and AST dependency graph	2026-10-03T16:05:11.9633414Z           "reject",
source_go	Real Go source ownership and AST dependency graph	2026-10-03T16:05:11.9633473Z           ".Scan",
source_go	Real Go source ownership and AST dependency graph	2026-10-03T16:05:11.9633543Z           "tx.QueryRow",
source_go	Real Go source ownership and AST dependency graph	2026-10-03T16:05:11.9633612Z           "errors.Is",
source_go	Real Go source ownership and AST dependency graph	2026-10-03T16:05:11.9633674Z           "reject",
source_go	Real Go source ownership and AST dependency graph	2026-10-03T16:05:11.9633756Z           "s.syncAuthenticate",
source_go	Real Go source ownership and AST dependency graph	2026-10-03T16:05:11.9633818Z           "reject",
source_go	Real Go source ownership and AST dependency graph	2026-10-03T16:05:11.9633886Z           "errors.Is",
source_go	Real Go source ownership and AST dependency graph	2026-10-03T16:05:11.9633948Z           "reject",
source_go	Real Go source ownership and AST dependency graph	2026-10-03T16:05:11.9634006Z           "fail",
source_go	Real Go source ownership and AST dependency graph	2026-10-03T16:05:11.9634072Z           "tx.Query",
source_go	Real Go source ownership and AST dependency graph	2026-10-03T16:05:11.9634132Z           "reject",
source_go	Real Go source ownership and AST dependency graph	2026-10-03T16:05:11.9634191Z           "make",
source_go	Real Go source ownership and AST dependency graph	2026-10-03T16:05:11.9634259Z           "rows.Next",
source_go	Real Go source ownership and AST dependency graph	2026-10-03T16:05:11.9634329Z           "rows.Scan",
source_go	Real Go source ownership and AST dependency graph	2026-10-03T16:05:11.9634401Z           "errors.New",
source_go	Real Go source ownership and AST dependency graph	2026-10-03T16:05:11.9634464Z           "append",
source_go	Real Go source ownership and AST dependency graph	2026-10-03T16:05:11.9634532Z           "rows.Err",
source_go	Real Go source ownership and AST dependency graph	2026-10-03T16:05:11.9634662Z           "rows.Close",
source_go	Real Go source ownership and AST dependency graph	2026-10-03T16:05:11.9634725Z           "reject",
source_go	Real Go source ownership and AST dependency graph	2026-10-03T16:05:11.9634794Z           "tx.Commit",
source_go	Real Go source ownership and AST dependency graph	2026-10-03T16:05:11.9634854Z           "reject",
source_go	Real Go source ownership and AST dependency graph	2026-10-03T16:05:11.9634914Z           "len",
source_go	Real Go source ownership and AST dependency graph	2026-10-03T16:05:11.9634972Z           "int",
source_go	Real Go source ownership and AST dependency graph	2026-10-03T16:05:11.9635040Z           "writeJSON",
source_go	Real Go source ownership and AST dependency graph	2026-10-03T16:05:11.9635103Z           "decode",
source_go	Real Go source ownership and AST dependency graph	2026-10-03T16:05:11.9635212Z           "socialUUIDPattern.MatchString",
source_go	Real Go source ownership and AST dependency graph	2026-10-03T16:05:11.9635316Z           "socialUUIDPattern.MatchString",
source_go	Real Go source ownership and AST dependency graph	2026-10-03T16:05:11.9635387Z           "writeError",
source_go	Real Go source ownership and AST dependency graph	2026-10-03T16:05:11.9635449Z           "fail",
source_go	Real Go source ownership and AST dependency graph	2026-10-03T16:05:11.9635510Z           "bearer",
source_go	Real Go source ownership and AST dependency graph	2026-10-03T16:05:11.9635583Z           "writeError",
source_go	Real Go source ownership and AST dependency graph	2026-10-03T16:05:11.9635643Z           "fail",
source_go	Real Go source ownership and AST dependency graph	2026-10-03T16:05:11.9635723Z           "s.codec.Parse",
source_go	Real Go source ownership and AST dependency graph	2026-10-03T16:05:11.9635792Z           "writeError",
source_go	Real Go source ownership and AST dependency graph	2026-10-03T16:05:11.9635853Z           "fail",
source_go	Real Go source ownership and AST dependency graph	2026-10-03T16:05:11.9635921Z           "r.Context",
source_go	Real Go source ownership and AST dependency graph	2026-10-03T16:05:11.9635994Z           "s.db.Begin",
source_go	Real Go source ownership and AST dependency graph	2026-10-03T16:05:11.9636066Z           "writeError",
source_go	Real Go source ownership and AST dependency graph	2026-10-03T16:05:11.9636138Z           "tx.Rollback",
source_go	Real Go source ownership and AST dependency graph	2026-10-03T16:05:11.9636219Z           "strings.ToLower",
source_go	Real Go source ownership and AST dependency graph	2026-10-03T16:05:11.9636303Z           "s.authorizeMessage",
source_go	Real Go source ownership and AST dependency graph	2026-10-03T16:05:11.9636374Z           "writeError",
source_go	Real Go source ownership and AST dependency graph	2026-10-03T16:05:11.9636439Z           "tx.Query",
source_go	Real Go source ownership and AST dependency graph	2026-10-03T16:05:11.9636509Z           "writeError",
source_go	Real Go source ownership and AST dependency graph	2026-10-03T16:05:11.9636570Z           "make",
source_go	Real Go source ownership and AST dependency graph	2026-10-03T16:05:11.9636637Z           "rows.Next",
source_go	Real Go source ownership and AST dependency graph	2026-10-03T16:05:11.9636707Z           "rows.Scan",
source_go	Real Go source ownership and AST dependency graph	2026-10-03T16:05:11.9636777Z           "rows.Close",
source_go	Real Go source ownership and AST dependency graph	2026-10-03T16:05:11.9636847Z           "writeError",
source_go	Real Go source ownership and AST dependency graph	2026-10-03T16:05:11.9636909Z           "append",
source_go	Real Go source ownership and AST dependency graph	2026-10-03T16:05:11.9636977Z           "rows.Err",
source_go	Real Go source ownership and AST dependency graph	2026-10-03T16:05:11.9637048Z           "rows.Close",
source_go	Real Go source ownership and AST dependency graph	2026-10-03T16:05:11.9637121Z           "writeError",
source_go	Real Go source ownership and AST dependency graph	2026-10-03T16:05:11.9637181Z           "len",
source_go	Real Go source ownership and AST dependency graph	2026-10-03T16:05:11.9637238Z           "len",
source_go	Real Go source ownership and AST dependency graph	2026-10-03T16:05:11.9637300Z           ".Scan",
source_go	Real Go source ownership and AST dependency graph	2026-10-03T16:05:11.9637372Z           "tx.QueryRow",
source_go	Real Go source ownership and AST dependency graph	2026-10-03T16:05:11.9637441Z           "writeError",
source_go	Real Go source ownership and AST dependency graph	2026-10-03T16:05:11.9637508Z           "tx.Commit",
source_go	Real Go source ownership and AST dependency graph	2026-10-03T16:05:11.9637580Z           "writeError",
source_go	Real Go source ownership and AST dependency graph	2026-10-03T16:05:11.9637646Z           "writeJSON",
source_go	Real Go source ownership and AST dependency graph	2026-10-03T16:05:11.9637724Z           "s.codec.Parse",
source_go	Real Go source ownership and AST dependency graph	2026-10-03T16:05:11.9637787Z           ".Scan",
source_go	Real Go source ownership and AST dependency graph	2026-10-03T16:05:11.9637857Z           "tx.QueryRow",
source_go	Real Go source ownership and AST dependency graph	2026-10-03T16:05:11.9637926Z           "errors.Is",
source_go	Real Go source ownership and AST dependency graph	2026-10-03T16:05:11.9637986Z           ".Scan",
source_go	Real Go source ownership and AST dependency graph	2026-10-03T16:05:11.9638059Z           "tx.QueryRow",
source_go	Real Go source ownership and AST dependency graph	2026-10-03T16:05:11.9638117Z           "fail",
source_go	Real Go source ownership and AST dependency graph	2026-10-03T16:05:11.9638178Z           "fail",
source_go	Real Go source ownership and AST dependency graph	2026-10-03T16:05:11.9638252Z           "expiry.After",
source_go	Real Go source ownership and AST dependency graph	2026-10-03T16:05:11.9638313Z           "s.now",
source_go	Real Go source ownership and AST dependency graph	2026-10-03T16:05:11.9638374Z           "fail",
source_go	Real Go source ownership and AST dependency graph	2026-10-03T16:05:11.9638494Z           "fail",
source_go	Real Go source ownership and AST dependency graph	2026-10-03T16:05:11.9638555Z           ".Scan",
source_go	Real Go source ownership and AST dependency graph	2026-10-03T16:05:11.9638626Z           "tx.QueryRow",
source_go	Real Go source ownership and AST dependency graph	2026-10-03T16:05:11.9638687Z           "fail",
source_go	Real Go source ownership and AST dependency graph	2026-10-03T16:05:11.9638746Z           "fail",
source_go	Real Go source ownership and AST dependency graph	2026-10-03T16:05:11.9638974Z           "bufio.NewReader",
source_go	Real Go source ownership and AST dependency graph	2026-10-03T16:05:11.9639036Z           "make",
source_go	Real Go source ownership and AST dependency graph	2026-10-03T16:05:11.9639111Z           "reader.ReadByte",
source_go	Real Go source ownership and AST dependency graph	2026-10-03T16:05:11.9639175Z           "append",
source_go	Real Go source ownership and AST dependency graph	2026-10-03T16:05:11.9639232Z           "len",
source_go	Real Go source ownership and AST dependency graph	2026-10-03T16:05:11.9639290Z           "len",
source_go	Real Go source ownership and AST dependency graph	2026-10-03T16:05:11.9639352Z           "append",
source_go	Real Go source ownership and AST dependency graph	2026-10-03T16:05:11.9639435Z           "reader.UnreadByte",
source_go	Real Go source ownership and AST dependency graph	2026-10-03T16:05:11.9639509Z           "syncJSONNumber",
source_go	Real Go source ownership and AST dependency graph	2026-10-03T16:05:11.9639572Z           "append",
source_go	Real Go source ownership and AST dependency graph	2026-10-03T16:05:11.9639634Z           "append",
source_go	Real Go source ownership and AST dependency graph	2026-10-03T16:05:11.9639691Z           "len",
source_go	Real Go source ownership and AST dependency graph	2026-10-03T16:05:11.9639763Z           "errors.New",
source_go	Real Go source ownership and AST dependency graph	2026-10-03T16:05:11.9639835Z           "errors.New",
source_go	Real Go source ownership and AST dependency graph	2026-10-03T16:05:11.9639906Z           "reader.Peek",
source_go	Real Go source ownership and AST dependency graph	2026-10-03T16:05:11.9639985Z           "reader.ReadByte",
source_go	Real Go source ownership and AST dependency graph	2026-10-03T16:05:11.9640045Z           "peek",
source_go	Real Go source ownership and AST dependency graph	2026-10-03T16:05:11.9640104Z           "take",
source_go	Real Go source ownership and AST dependency graph	2026-10-03T16:05:11.9640164Z           "digit",
source_go	Real Go source ownership and AST dependency graph	2026-10-03T16:05:11.9640317Z           "peek",
source_go	Real Go source ownership and AST dependency graph	2026-10-03T16:05:11.9640374Z           "make",
source_go	Real Go source ownership and AST dependency graph	2026-10-03T16:05:11.9640433Z           "len",
source_go	Real Go source ownership and AST dependency graph	2026-10-03T16:05:11.9640494Z           "append",
source_go	Real Go source ownership and AST dependency graph	2026-10-03T16:05:11.9640554Z           "take",
source_go	Real Go source ownership and AST dependency graph	2026-10-03T16:05:11.9640625Z           "coefficient",
source_go	Real Go source ownership and AST dependency graph	2026-10-03T16:05:11.9640686Z           "digit",
source_go	Real Go source ownership and AST dependency graph	2026-10-03T16:05:11.9640746Z           "peek",
source_go	Real Go source ownership and AST dependency graph	2026-10-03T16:05:11.9640807Z           "digit",
source_go	Real Go source ownership and AST dependency graph	2026-10-03T16:05:11.9640868Z           "peek",
source_go	Real Go source ownership and AST dependency graph	2026-10-03T16:05:11.9640939Z           "coefficient",
source_go	Real Go source ownership and AST dependency graph	2026-10-03T16:05:11.9640998Z           "take",
source_go	Real Go source ownership and AST dependency graph	2026-10-03T16:05:11.9641056Z           "peek",
source_go	Real Go source ownership and AST dependency graph	2026-10-03T16:05:11.9641116Z           "take",
source_go	Real Go source ownership and AST dependency graph	2026-10-03T16:05:11.9641175Z           "digit",
source_go	Real Go source ownership and AST dependency graph	2026-10-03T16:05:11.9641237Z           "peek",
source_go	Real Go source ownership and AST dependency graph	2026-10-03T16:05:11.9641298Z           "digit",
source_go	Real Go source ownership and AST dependency graph	2026-10-03T16:05:11.9641359Z           "peek",
source_go	Real Go source ownership and AST dependency graph	2026-10-03T16:05:11.9641432Z           "coefficient",
source_go	Real Go source ownership and AST dependency graph	2026-10-03T16:05:11.9641489Z           "take",
source_go	Real Go source ownership and AST dependency graph	2026-10-03T16:05:11.9641550Z           "peek",
source_go	Real Go source ownership and AST dependency graph	2026-10-03T16:05:11.9641614Z           "peek",
source_go	Real Go source ownership and AST dependency graph	2026-10-03T16:05:11.9641674Z           "take",
source_go	Real Go source ownership and AST dependency graph	2026-10-03T16:05:11.9641732Z           "peek",
source_go	Real Go source ownership and AST dependency graph	2026-10-03T16:05:11.9641791Z           "peek",
source_go	Real Go source ownership and AST dependency graph	2026-10-03T16:05:11.9641852Z           "take",
source_go	Real Go source ownership and AST dependency graph	2026-10-03T16:05:11.9641912Z           "digit",
source_go	Real Go source ownership and AST dependency graph	2026-10-03T16:05:11.9641971Z           "peek",
source_go	Real Go source ownership and AST dependency graph	2026-10-03T16:05:11.9642030Z           "digit",
source_go	Real Go source ownership and AST dependency graph	2026-10-03T16:05:11.9642089Z           "peek",
source_go	Real Go source ownership and AST dependency graph	2026-10-03T16:05:11.9642148Z           "int64",
source_go	Real Go source ownership and AST dependency graph	2026-10-03T16:05:11.9642208Z           "take",
source_go	Real Go source ownership and AST dependency graph	2026-10-03T16:05:11.9642267Z           "peek",
source_go	Real Go source ownership and AST dependency graph	2026-10-03T16:05:11.9642353Z           "strconv.FormatInt",
source_go	Real Go source ownership and AST dependency graph	2026-10-03T16:05:11.9642417Z           "string",
source_go	Real Go source ownership and AST dependency graph	2026-10-03T16:05:11.9642474Z           "int",
source_go	Real Go source ownership and AST dependency graph	2026-10-03T16:05:11.9642551Z           "strings.Repeat",
source_go	Real Go source ownership and AST dependency graph	2026-10-03T16:05:11.9642608Z           "int",
source_go	Real Go source ownership and AST dependency graph	2026-10-03T16:05:11.9642695Z           "strconv.FormatInt",
source_go	Real Go source ownership and AST dependency graph	2026-10-03T16:05:11.9642751Z           "len"
source_go	Real Go source ownership and AST dependency graph	2026-10-03T16:05:11.9642802Z         ],
source_go	Real Go source ownership and AST dependency graph	2026-10-03T16:05:11.9642866Z         "strings": [
source_go	Real Go source ownership and AST dependency graph	2026-10-03T16:05:11.9642929Z           "bufio",
source_go	Real Go source ownership and AST dependency graph	2026-10-03T16:05:11.9642991Z           "bytes",
source_go	Real Go source ownership and AST dependency graph	2026-10-03T16:05:11.9643055Z           "context",
source_go	Real Go source ownership and AST dependency graph	2026-10-03T16:05:11.9643130Z           "crypto/hmac",
source_go	Real Go source ownership and AST dependency graph	2026-10-03T16:05:11.9643205Z           "crypto/sha256",
source_go	Real Go source ownership and AST dependency graph	2026-10-03T16:05:11.9643284Z           "encoding/base64",
source_go	Real Go source ownership and AST dependency graph	2026-10-03T16:05:11.9643361Z           "encoding/binary",
source_go	Real Go source ownership and AST dependency graph	2026-10-03T16:05:11.9643438Z           "encoding/json",
source_go	Real Go source ownership and AST dependency graph	2026-10-03T16:05:11.9643504Z           "errors",
source_go	Real Go source ownership and AST dependency graph	2026-10-03T16:05:11.9643560Z           "io",
source_go	Real Go source ownership and AST dependency graph	2026-10-03T16:05:11.9643623Z           "math",
source_go	Real Go source ownership and AST dependency graph	2026-10-03T16:05:11.9643688Z           "net/http",
source_go	Real Go source ownership and AST dependency graph	2026-10-03T16:05:11.9643751Z           "regexp",
source_go	Real Go source ownership and AST dependency graph	2026-10-03T16:05:11.9643815Z           "strconv",
source_go	Real Go source ownership and AST dependency graph	2026-10-03T16:05:11.9643880Z           "strings",
source_go	Real Go source ownership and AST dependency graph	2026-10-03T16:05:11.9643939Z           "time",
source_go	Real Go source ownership and AST dependency graph	2026-10-03T16:05:11.9644033Z           "github.com/jackc/pgx/v5",
source_go	Real Go source ownership and AST dependency graph	2026-10-03T16:05:11.9644272Z           "^(-?)([0-9]+)(?:\\.([0-9]+))?(?:[eE]([+-]?[0-9]+))?$",
source_go	Real Go source ownership and AST dependency graph	2026-10-03T16:05:11.9644329Z           "0",
source_go	Real Go source ownership and AST dependency graph	2026-10-03T16:05:11.9644384Z           "",
source_go	Real Go source ownership and AST dependency graph	2026-10-03T16:05:11.9644444Z           "-",
source_go	Real Go source ownership and AST dependency graph	2026-10-03T16:05:11.9644499Z           "",
source_go	Real Go source ownership and AST dependency graph	2026-10-03T16:05:11.9644555Z           "-",
source_go	Real Go source ownership and AST dependency graph	2026-10-03T16:05:11.9644611Z           "0",
source_go	Real Go source ownership and AST dependency graph	2026-10-03T16:05:11.9644664Z           "",
source_go	Real Go source ownership and AST dependency graph	2026-10-03T16:05:11.9644720Z           "0",
source_go	Real Go source ownership and AST dependency graph	2026-10-03T16:05:11.9644801Z           "Sync unavailable",
source_go	Real Go source ownership and AST dependency graph	2026-10-03T16:05:11.9644861Z           "error",
source_go	Real Go source ownership and AST dependency graph	2026-10-03T16:05:11.9644924Z           "code",
source_go	Real Go source ownership and AST dependency graph	2026-10-03T16:05:11.9644988Z           "message",
source_go	Real Go source ownership and AST dependency graph	2026-10-03T16:05:11.9645056Z           "requestId",
source_go	Real Go source ownership and AST dependency graph	2026-10-03T16:05:11.9645133Z           "Cache-Control",
source_go	Real Go source ownership and AST dependency graph	2026-10-03T16:05:11.9645205Z           "no-store",
source_go	Real Go source ownership and AST dependency graph	2026-10-03T16:05:11.9645272Z           "requestId",
source_go	Real Go source ownership and AST dependency graph	2026-10-03T16:05:11.9645325Z           "",
source_go	Real Go source ownership and AST dependency graph	2026-10-03T16:05:11.9645382Z           "",
source_go	Real Go source ownership and AST dependency graph	2026-10-03T16:05:11.9645461Z           "VALIDATION_FAILED",
source_go	Real Go source ownership and AST dependency graph	2026-10-03T16:05:11.9645581Z           "Request body or query is invalid.",
source_go	Real Go source ownership and AST dependency graph	2026-10-03T16:05:11.9645652Z           "syncVersion",
source_go	Real Go source ownership and AST dependency graph	2026-10-03T16:05:11.9645712Z           "null",
source_go	Real Go source ownership and AST dependency graph	2026-10-03T16:05:11.9645841Z           "syncVersion",
source_go	Real Go source ownership and AST dependency graph	2026-10-03T16:05:11.9645922Z           "VALIDATION_FAILED",
source_go	Real Go source ownership and AST dependency graph	2026-10-03T16:05:11.9646018Z           "Sync version is invalid.",
source_go	Real Go source ownership and AST dependency graph	2026-10-03T16:05:11.9646076Z           "1.0",
source_go	Real Go source ownership and AST dependency graph	2026-10-03T16:05:11.9646177Z           "PROTOCOL_VERSION_UNSUPPORTED",
source_go	Real Go source ownership and AST dependency graph	2026-10-03T16:05:11.9646277Z           "Sync version is unsupported.",
source_go	Real Go source ownership and AST dependency graph	2026-10-03T16:05:11.9646350Z           "syncVersion",
source_go	Real Go source ownership and AST dependency graph	2026-10-03T16:05:11.9646410Z           "type",
source_go	Real Go source ownership and AST dependency graph	2026-10-03T16:05:11.9646478Z           "requestId",
source_go	Real Go source ownership and AST dependency graph	2026-10-03T16:05:11.9646540Z           "limit",
source_go	Real Go source ownership and AST dependency graph	2026-10-03T16:05:11.9646620Z           "sync.user.request",
source_go	Real Go source ownership and AST dependency graph	2026-10-03T16:05:11.9646699Z           "conversationId",
source_go	Real Go source ownership and AST dependency graph	2026-10-03T16:05:11.9646764Z           "afterSeq",
source_go	Real Go source ownership and AST dependency graph	2026-10-03T16:05:11.9646865Z           "sync.conversation.request",
source_go	Real Go source ownership and AST dependency graph	2026-10-03T16:05:11.9646927Z           "cursor",
source_go	Real Go source ownership and AST dependency graph	2026-10-03T16:05:11.9647011Z           "VALIDATION_FAILED",
source_go	Real Go source ownership and AST dependency graph	2026-10-03T16:05:11.9647102Z           "Sync fields are invalid.",
source_go	Real Go source ownership and AST dependency graph	2026-10-03T16:05:11.9647181Z           "VALIDATION_FAILED",
source_go	Real Go source ownership and AST dependency graph	2026-10-03T16:05:11.9647276Z           "Sync fields are invalid.",
source_go	Real Go source ownership and AST dependency graph	2026-10-03T16:05:11.9647336Z           "type",
source_go	Real Go source ownership and AST dependency graph	2026-10-03T16:05:11.9647415Z           "VALIDATION_FAILED",
source_go	Real Go source ownership and AST dependency graph	2026-10-03T16:05:11.9647503Z           "Sync type is invalid.",
source_go	Real Go source ownership and AST dependency graph	2026-10-03T16:05:11.9647608Z           "im-sync-user-cursor-v1\u0000",
source_go	Real Go source ownership and AST dependency graph	2026-10-03T16:05:11.9647670Z           "\u0000",
source_go	Real Go source ownership and AST dependency graph	2026-10-03T16:05:11.9647727Z           "0",
source_go	Real Go source ownership and AST dependency graph	2026-10-03T16:05:11.9647808Z           "json:\"eventId\"",
source_go	Real Go source ownership and AST dependency graph	2026-10-03T16:05:11.9647887Z           "json:\"cursor\"",
source_go	Real Go source ownership and AST dependency graph	2026-10-03T16:05:11.9647962Z           "json:\"kind\"",
source_go	Real Go source ownership and AST dependency graph	2026-10-03T16:05:11.9648043Z           "json:\"subjectId\"",
source_go	Real Go source ownership and AST dependency graph	2026-10-03T16:05:11.9648123Z           "json:\"revision\"",
source_go	Real Go source ownership and AST dependency graph	2026-10-03T16:05:11.9648183Z           "limit",
source_go	Real Go source ownership and AST dependency graph	2026-10-03T16:05:11.9648246Z           "cursor",
source_go	Real Go source ownership and AST dependency graph	2026-10-03T16:05:11.9648324Z           "VALIDATION_FAILED",
source_go	Real Go source ownership and AST dependency graph	2026-10-03T16:05:11.9648437Z           "Sync cursor or limit is invalid.",
source_go	Real Go source ownership and AST dependency graph	2026-10-03T16:05:11.9648516Z           "VALIDATION_FAILED",
source_go	Real Go source ownership and AST dependency graph	2026-10-03T16:05:11.9648606Z           "Sync cursor is invalid.",
source_go	Real Go source ownership and AST dependency graph	2026-10-03T16:05:11.9648866Z           "SELECT u.user_id FROM users u WHERE u.user_id=$1 FOR SHARE",
source_go	Real Go source ownership and AST dependency graph	2026-10-03T16:05:11.9649090Z           "SELECT session_id FROM sessions WHERE user_id=$1 AND client_type=$2 FOR SHARE",
source_go	Real Go source ownership and AST dependency graph	2026-10-03T16:05:11.9649591Z           "SELECT EXISTS(SELECT 1 FROM user_sync_events WHERE user_id=$1 AND cursor_id=$2 AND event_type IN ('friend.changed','conversation.changed','membership.changed','plugin.changed'))",
source_go	Real Go source ownership and AST dependency graph	2026-10-03T16:05:11.9649673Z           "VALIDATION_FAILED",
source_go	Real Go source ownership and AST dependency graph	2026-10-03T16:05:11.9649763Z           "Sync cursor is invalid.",
source_go	Real Go source ownership and AST dependency graph	2026-10-03T16:05:11.9650382Z           "SELECT cursor_id,event_type,payload FROM user_sync_events WHERE user_id=$1 AND cursor_id>$2 AND event_type IN ('friend.changed','conversation.changed','membership.changed','plugin.changed') ORDER BY cursor_id LIMIT $3",
source_go	Real Go source ownership and AST dependency graph	2026-10-03T16:05:11.9650582Z           "invalid authoritative metadata",
source_go	Real Go source ownership and AST dependency graph	2026-10-03T16:05:11.9650655Z           "syncVersion",
source_go	Real Go source ownership and AST dependency graph	2026-10-03T16:05:11.9650713Z           "1.0",
source_go	Real Go source ownership and AST dependency graph	2026-10-03T16:05:11.9650777Z           "type",
source_go	Real Go source ownership and AST dependency graph	2026-10-03T16:05:11.9650854Z           "sync.user.page",
source_go	Real Go source ownership and AST dependency graph	2026-10-03T16:05:11.9650920Z           "requestId",
source_go	Real Go source ownership and AST dependency graph	2026-10-03T16:05:11.9650982Z           "events",
source_go	Real Go source ownership and AST dependency graph	2026-10-03T16:05:11.9651051Z           "nextCursor",
source_go	Real Go source ownership and AST dependency graph	2026-10-03T16:05:11.9651117Z           "hasMore",
source_go	Real Go source ownership and AST dependency graph	2026-10-03T16:05:11.9651177Z           "limit",
source_go	Real Go source ownership and AST dependency graph	2026-10-03T16:05:11.9651242Z           "afterSeq",
source_go	Real Go source ownership and AST dependency graph	2026-10-03T16:05:11.9651321Z           "conversationId",
source_go	Real Go source ownership and AST dependency graph	2026-10-03T16:05:11.9651401Z           "VALIDATION_FAILED",
source_go	Real Go source ownership and AST dependency graph	2026-10-03T16:05:11.9651493Z           "Sync fields are invalid.",
source_go	Real Go source ownership and AST dependency graph	2026-10-03T16:05:11.9651712Z           "SELECT session_id FROM sessions WHERE user_id=$1 AND client_type=$2 FOR SHARE",
source_go	Real Go source ownership and AST dependency graph	2026-10-03T16:05:11.9652031Z           "SELECT user_id FROM conversation_members WHERE conversation_id=$1 AND user_id=$2 AND left_at IS NULL FOR SHARE",
source_go	Real Go source ownership and AST dependency graph	2026-10-03T16:05:11.9652121Z           "AUTHORIZATION_DENIED",
source_go	Real Go source ownership and AST dependency graph	2026-10-03T16:05:11.9652227Z           "Conversation access is denied.",
source_go	Real Go source ownership and AST dependency graph	2026-10-03T16:05:11.9652762Z           "SELECT conversation_id,seq,server_message_id,sender_id,request_id,created_at,text_body FROM messages WHERE conversation_id=$1 AND seq>$2 ORDER BY seq LIMIT $3",
source_go	Real Go source ownership and AST dependency graph	2026-10-03T16:05:11.9652824Z           "TEXT",
source_go	Real Go source ownership and AST dependency graph	2026-10-03T16:05:11.9652965Z           "noncontiguous authoritative message history",
source_go	Real Go source ownership and AST dependency graph	2026-10-03T16:05:11.9653036Z           "syncVersion",
source_go	Real Go source ownership and AST dependency graph	2026-10-03T16:05:11.9653095Z           "1.0",
source_go	Real Go source ownership and AST dependency graph	2026-10-03T16:05:11.9653154Z           "type",
source_go	Real Go source ownership and AST dependency graph	2026-10-03T16:05:11.9653249Z           "sync.conversation.page",
source_go	Real Go source ownership and AST dependency graph	2026-10-03T16:05:11.9653316Z           "requestId",
source_go	Real Go source ownership and AST dependency graph	2026-10-03T16:05:11.9653393Z           "conversationId",
source_go	Real Go source ownership and AST dependency graph	2026-10-03T16:05:11.9653459Z           "messages",
source_go	Real Go source ownership and AST dependency graph	2026-10-03T16:05:11.9653524Z           "hasMore",
source_go	Real Go source ownership and AST dependency graph	2026-10-03T16:05:11.9653612Z           "json:\"syncVersion\"",
source_go	Real Go source ownership and AST dependency graph	2026-10-03T16:05:11.9653688Z           "json:\"type\"",
source_go	Real Go source ownership and AST dependency graph	2026-10-03T16:05:11.9653771Z           "json:\"requestId\"",
source_go	Real Go source ownership and AST dependency graph	2026-10-03T16:05:11.9653865Z           "json:\"conversationId\"",
source_go	Real Go source ownership and AST dependency graph	2026-10-03T16:05:11.9653947Z           "json:\"afterSeq\"",
source_go	Real Go source ownership and AST dependency graph	2026-10-03T16:05:11.9654029Z           "json:\"limit\"",
source_go	Real Go source ownership and AST dependency graph	2026-10-03T16:05:11.9654086Z           "1.0",
source_go	Real Go source ownership and AST dependency graph	2026-10-03T16:05:11.9654186Z           "sync.conversation.request",
source_go	Real Go source ownership and AST dependency graph	2026-10-03T16:05:11.9654240Z           "",
source_go	Real Go source ownership and AST dependency graph	2026-10-03T16:05:11.9654320Z           "VALIDATION_FAILED",
source_go	Real Go source ownership and AST dependency graph	2026-10-03T16:05:11.9654411Z           "Request body is invalid.",
source_go	Real Go source ownership and AST dependency graph	2026-10-03T16:05:11.9654486Z           "AUTH_REQUIRED",
source_go	Real Go source ownership and AST dependency graph	2026-10-03T16:05:11.9654586Z           "Authentication is required.",
source_go	Real Go source ownership and AST dependency graph	2026-10-03T16:05:11.9654671Z           "AUTH_SESSION_REVOKED",
source_go	Real Go source ownership and AST dependency graph	2026-10-03T16:05:11.9654750Z           "Request rejected",
source_go	Real Go source ownership and AST dependency graph	2026-10-03T16:05:11.9655191Z           "SELECT server_message_id,sender_id,request_id,seq,created_at,text_body FROM messages WHERE conversation_id=$1 AND seq>$2 AND kind='TEXT' ORDER BY seq LIMIT $3",
source_go	Real Go source ownership and AST dependency graph	2026-10-03T16:05:11.9655255Z           "TEXT",
source_go	Real Go source ownership and AST dependency graph	2026-10-03T16:05:11.9655507Z           "SELECT EXISTS(SELECT 1 FROM messages WHERE conversation_id=$1 AND seq>$2 AND kind='TEXT')",
source_go	Real Go source ownership and AST dependency graph	2026-10-03T16:05:11.9655582Z           "syncVersion",
source_go	Real Go source ownership and AST dependency graph	2026-10-03T16:05:11.9655644Z           "1.0",
source_go	Real Go source ownership and AST dependency graph	2026-10-03T16:05:11.9655704Z           "type",
source_go	Real Go source ownership and AST dependency graph	2026-10-03T16:05:11.9655799Z           "sync.conversation.page",
source_go	Real Go source ownership and AST dependency graph	2026-10-03T16:05:11.9655867Z           "requestId",
source_go	Real Go source ownership and AST dependency graph	2026-10-03T16:05:11.9655946Z           "conversationId",
source_go	Real Go source ownership and AST dependency graph	2026-10-03T16:05:11.9656011Z           "messages",
source_go	Real Go source ownership and AST dependency graph	2026-10-03T16:05:11.9656078Z           "hasMore",
source_go	Real Go source ownership and AST dependency graph	2026-10-03T16:05:11.9656406Z           "SELECT session_id, client_type, session_epoch, status, expires_at FROM sessions WHERE user_id=$1 AND client_type=$2",
source_go	Real Go source ownership and AST dependency graph	2026-10-03T16:05:11.9656601Z           "SELECT client_type FROM sessions WHERE user_id=$1 AND session_id=$2",
source_go	Real Go source ownership and AST dependency graph	2026-10-03T16:05:11.9656698Z           "AUTH_CLIENT_TYPE_MISMATCH",
source_go	Real Go source ownership and AST dependency graph	2026-10-03T16:05:11.9656858Z           "Access token does not match the active client session.",
source_go	Real Go source ownership and AST dependency graph	2026-10-03T16:05:11.9657001Z           "AUTH_SESSION_REVOKED",
source_go	Real Go source ownership and AST dependency graph	2026-10-03T16:05:11.9657097Z           "Session has been revoked.",
source_go	Real Go source ownership and AST dependency graph	2026-10-03T16:05:11.9657163Z           "ACTIVE",
source_go	Real Go source ownership and AST dependency graph	2026-10-03T16:05:11.9657325Z           "AUTH_SESSION_REVOKED",
source_go	Real Go source ownership and AST dependency graph	2026-10-03T16:05:11.9657480Z           "Session has been revoked.",
source_go	Real Go source ownership and AST dependency graph	2026-10-03T16:05:11.9657626Z           "AUTH_SESSION_EPOCH_STALE",
source_go	Real Go source ownership and AST dependency graph	2026-10-03T16:05:11.9657834Z           "Access token carries a stale session epoch.",
source_go	Real Go source ownership and AST dependency graph	2026-10-03T16:05:11.9658152Z           "SELECT client_type FROM sessions WHERE user_id=$1 AND session_id=$2",
source_go	Real Go source ownership and AST dependency graph	2026-10-03T16:05:11.9658250Z           "AUTH_CLIENT_TYPE_MISMATCH",
source_go	Real Go source ownership and AST dependency graph	2026-10-03T16:05:11.9658412Z           "Access token does not match the active client session.",
source_go	Real Go source ownership and AST dependency graph	2026-10-03T16:05:11.9658495Z           "AUTH_TOKEN_INVALID",
source_go	Real Go source ownership and AST dependency graph	2026-10-03T16:05:11.9658626Z           "Access token and session binding disagree.",
source_go	Real Go source ownership and AST dependency graph	2026-10-03T16:05:11.9658761Z           "Sync nonnumeric JSON exceeds bounded buffer",
source_go	Real Go source ownership and AST dependency graph	2026-10-03T16:05:11.9658909Z           "invalid JSON number",
source_go	Real Go source ownership and AST dependency graph	2026-10-03T16:05:11.9658970Z           "",
source_go	Real Go source ownership and AST dependency graph	2026-10-03T16:05:11.9659025Z           "",
source_go	Real Go source ownership and AST dependency graph	2026-10-03T16:05:11.9659081Z           "",
source_go	Real Go source ownership and AST dependency graph	2026-10-03T16:05:11.9659134Z           "",
source_go	Real Go source ownership and AST dependency graph	2026-10-03T16:05:11.9659286Z           "",
source_go	Real Go source ownership and AST dependency graph	2026-10-03T16:05:11.9659345Z           "0",
source_go	Real Go source ownership and AST dependency graph	2026-10-03T16:05:11.9659402Z           "-1",
source_go	Real Go source ownership and AST dependency graph	2026-10-03T16:05:11.9659462Z           "0.5",
source_go	Real Go source ownership and AST dependency graph	2026-10-03T16:05:11.9659519Z           "0.5",
source_go	Real Go source ownership and AST dependency graph	2026-10-03T16:05:11.9659575Z           "0"
source_go	Real Go source ownership and AST dependency graph	2026-10-03T16:05:11.9659624Z         ]
source_go	Real Go source ownership and AST dependency graph	2026-10-03T16:05:11.9659674Z       },
source_go	Real Go source ownership and AST dependency graph	2026-10-03T16:05:11.9659721Z       {
source_go	Real Go source ownership and AST dependency graph	2026-10-03T16:05:11.9659821Z         "path": "core/sync_http_test.go",
source_go	Real Go source ownership and AST dependency graph	2026-10-03T16:05:11.9659898Z         "package": "core",
source_go	Real Go source ownership and AST dependency graph	2026-10-03T16:05:11.9659964Z         "imports": [
source_go	Real Go source ownership and AST dependency graph	2026-10-03T16:05:11.9660028Z           "bytes",
source_go	Real Go source ownership and AST dependency graph	2026-10-03T16:05:11.9660094Z           "context",
source_go	Real Go source ownership and AST dependency graph	2026-10-03T16:05:11.9660174Z           "encoding/json",
source_go	Real Go source ownership and AST dependency graph	2026-10-03T16:05:11.9660232Z           "fmt",
source_go	Real Go source ownership and AST dependency graph	2026-10-03T16:05:11.9660343Z           "github.com/jackc/pgx/v5/pgxpool",
source_go	Real Go source ownership and AST dependency graph	2026-10-03T16:05:11.9660410Z           "math",
source_go	Real Go source ownership and AST dependency graph	2026-10-03T16:05:11.9660493Z           "net/http/httptest",
source_go	Real Go source ownership and AST dependency graph	2026-10-03T16:05:11.9660561Z           "strings",
source_go	Real Go source ownership and AST dependency graph	2026-10-03T16:05:11.9660633Z           "sync/atomic",
source_go	Real Go source ownership and AST dependency graph	2026-10-03T16:05:11.9660703Z           "testing",
source_go	Real Go source ownership and AST dependency graph	2026-10-03T16:05:11.9660761Z           "time"
source_go	Real Go source ownership and AST dependency graph	2026-10-03T16:05:11.9660813Z         ],
source_go	Real Go source ownership and AST dependency graph	2026-10-03T16:05:11.9660879Z         "functions": [
source_go	Real Go source ownership and AST dependency graph	2026-10-03T16:05:11.9660984Z           "TestSyncExactIntegerBounded",
source_go	Real Go source ownership and AST dependency graph	2026-10-03T16:05:11.9661058Z           "syncFixture",
source_go	Real Go source ownership and AST dependency graph	2026-10-03T16:05:11.9661125Z           "syncBody",
source_go	Real Go source ownership and AST dependency graph	2026-10-03T16:05:11.9661191Z           "syncCall",
source_go	Real Go source ownership and AST dependency graph	2026-10-03T16:05:11.9661261Z           "syncDecode",
source_go	Real Go source ownership and AST dependency graph	2026-10-03T16:05:11.9661331Z           "syncEvent",
source_go	Real Go source ownership and AST dependency graph	2026-10-03T16:05:11.9661462Z           "TestPublicSyncPaginationReplayAndLatest",
source_go	Real Go source ownership and AST dependency graph	2026-10-03T16:05:11.9661600Z           "TestPublicSyncValidationAuthAndIsolation",
source_go	Real Go source ownership and AST dependency graph	2026-10-03T16:05:11.9661676Z           "syncWaitLock",
source_go	Real Go source ownership and AST dependency graph	2026-10-03T16:05:11.9661819Z           "TestUserSyncCommittedPrefixAndAuthAfterWait",
source_go	Real Go source ownership and AST dependency graph	2026-10-03T16:05:11.9661983Z           "TestPublicSyncMalformedCorrelationAndAuthFailures",
source_go	Real Go source ownership and AST dependency graph	2026-10-03T16:05:11.9662117Z           "TestUserSyncSessionChangesDuringLockWait",
source_go	Real Go source ownership and AST dependency graph	2026-10-03T16:05:11.9662275Z           "TestPublicSyncSingleConnectionConcurrentReaders",
source_go	Real Go source ownership and AST dependency graph	2026-10-03T16:05:11.9662410Z           "TestSyncStreamingNumbersAndOriginalGrammar",
source_go	Real Go source ownership and AST dependency graph	2026-10-03T16:05:11.9662529Z           "TestPublicSyncArbitraryNumericLength"
source_go	Real Go source ownership and AST dependency graph	2026-10-03T16:05:11.9662582Z         ],
source_go	Real Go source ownership and AST dependency graph	2026-10-03T16:05:11.9662646Z         "types": null,
source_go	Real Go source ownership and AST dependency graph	2026-10-03T16:05:11.9662707Z         "calls": [
source_go	Real Go source ownership and AST dependency graph	2026-10-03T16:05:11.9662767Z           "t.Run",
source_go	Real Go source ownership and AST dependency graph	2026-10-03T16:05:11.9662839Z           "syncInteger",
source_go	Real Go source ownership and AST dependency graph	2026-10-03T16:05:11.9662917Z           "json.RawMessage",
source_go	Real Go source ownership and AST dependency graph	2026-10-03T16:05:11.9662983Z           "t.Fatalf",
source_go	Real Go source ownership and AST dependency graph	2026-10-03T16:05:11.9663052Z           "syncInteger",
source_go	Real Go source ownership and AST dependency graph	2026-10-03T16:05:11.9663131Z           "json.RawMessage",
source_go	Real Go source ownership and AST dependency graph	2026-10-03T16:05:11.9663194Z           "t.Fatal",
source_go	Real Go source ownership and AST dependency graph	2026-10-03T16:05:11.9663274Z           "newMessageFixture",
source_go	Real Go source ownership and AST dependency graph	2026-10-03T16:05:11.9663431Z           "t.Cleanup",
source_go	Real Go source ownership and AST dependency graph	2026-10-03T16:05:11.9663496Z           "f.db.Exec",
source_go	Real Go source ownership and AST dependency graph	2026-10-03T16:05:11.9663584Z           "context.Background",
source_go	Real Go source ownership and AST dependency graph	2026-10-03T16:05:11.9663650Z           "f.db.Exec",
source_go	Real Go source ownership and AST dependency graph	2026-10-03T16:05:11.9663743Z           "context.Background",
source_go	Real Go source ownership and AST dependency graph	2026-10-03T16:05:11.9663818Z           "json.Number",
source_go	Real Go source ownership and AST dependency graph	2026-10-03T16:05:11.9663890Z           "json.Marshal",
source_go	Real Go source ownership and AST dependency graph	2026-10-03T16:05:11.9663978Z           "httptest.NewRequest",
source_go	Real Go source ownership and AST dependency graph	2026-10-03T16:05:11.9664055Z           "bytes.NewReader",
source_go	Real Go source ownership and AST dependency graph	2026-10-03T16:05:11.9664129Z           "r.Header.Set",
source_go	Real Go source ownership and AST dependency graph	2026-10-03T16:05:11.9664219Z           "httptest.NewRecorder",
source_go	Real Go source ownership and AST dependency graph	2026-10-03T16:05:11.9664292Z           ".ServeHTTP",
source_go	Real Go source ownership and AST dependency graph	2026-10-03T16:05:11.9664362Z           "f.s.handler",
source_go	Real Go source ownership and AST dependency graph	2026-10-03T16:05:11.9664431Z           "t.Helper",
source_go	Real Go source ownership and AST dependency graph	2026-10-03T16:05:11.9664510Z           "json.Unmarshal",
source_go	Real Go source ownership and AST dependency graph	2026-10-03T16:05:11.9664584Z           "w.Body.Bytes",
source_go	Real Go source ownership and AST dependency graph	2026-10-03T16:05:11.9664652Z           "t.Fatalf",
source_go	Real Go source ownership and AST dependency graph	2026-10-03T16:05:11.9664727Z           "w.Body.String",
source_go	Real Go source ownership and AST dependency graph	2026-10-03T16:05:11.9664789Z           ".Get",
source_go	Real Go source ownership and AST dependency graph	2026-10-03T16:05:11.9664858Z           "w.Header",
source_go	Real Go source ownership and AST dependency graph	2026-10-03T16:05:11.9664923Z           "t.Fatal",
source_go	Real Go source ownership and AST dependency graph	2026-10-03T16:05:11.9664987Z           "t.Fatalf",
source_go	Real Go source ownership and AST dependency graph	2026-10-03T16:05:11.9665056Z           "t.Helper",
source_go	Real Go source ownership and AST dependency graph	2026-10-03T16:05:11.9665204Z           "context.Background",
source_go	Real Go source ownership and AST dependency graph	2026-10-03T16:05:11.9665272Z           "f.db.Begin",
source_go	Real Go source ownership and AST dependency graph	2026-10-03T16:05:11.9665337Z           "t.Fatal",
source_go	Real Go source ownership and AST dependency graph	2026-10-03T16:05:11.9665408Z           "tx.Rollback",
source_go	Real Go source ownership and AST dependency graph	2026-10-03T16:05:11.9665473Z           "tx.Exec",
source_go	Real Go source ownership and AST dependency graph	2026-10-03T16:05:11.9665536Z           "t.Fatal",
source_go	Real Go source ownership and AST dependency graph	2026-10-03T16:05:11.9665620Z           "writeSocialEvent",
source_go	Real Go source ownership and AST dependency graph	2026-10-03T16:05:11.9665684Z           "t.Fatal",
source_go	Real Go source ownership and AST dependency graph	2026-10-03T16:05:11.9665752Z           "tx.Commit",
source_go	Real Go source ownership and AST dependency graph	2026-10-03T16:05:11.9665815Z           "t.Fatal",
source_go	Real Go source ownership and AST dependency graph	2026-10-03T16:05:11.9665885Z           "syncFixture",
source_go	Real Go source ownership and AST dependency graph	2026-10-03T16:05:11.9665971Z           "context.Background",
source_go	Real Go source ownership and AST dependency graph	2026-10-03T16:05:11.9666036Z           "syncEvent",
source_go	Real Go source ownership and AST dependency graph	2026-10-03T16:05:11.9666099Z           "uuid",
source_go	Real Go source ownership and AST dependency graph	2026-10-03T16:05:11.9666180Z           "f.s.commitMessage",
source_go	Real Go source ownership and AST dependency graph	2026-10-03T16:05:11.9666246Z           "f.send",
source_go	Real Go source ownership and AST dependency graph	2026-10-03T16:05:11.9666310Z           "t.Fatal",
source_go	Real Go source ownership and AST dependency graph	2026-10-03T16:05:11.9666376Z           "f.db.Exec",
source_go	Real Go source ownership and AST dependency graph	2026-10-03T16:05:11.9666440Z           "t.Fatal",
source_go	Real Go source ownership and AST dependency graph	2026-10-03T16:05:11.9666520Z           "f.s.codec.Sign",
source_go	Real Go source ownership and AST dependency graph	2026-10-03T16:05:11.9666581Z           "uuid",
source_go	Real Go source ownership and AST dependency graph	2026-10-03T16:05:11.9666647Z           "syncBody",
source_go	Real Go source ownership and AST dependency graph	2026-10-03T16:05:11.9666718Z           "json.Number",
source_go	Real Go source ownership and AST dependency graph	2026-10-03T16:05:11.9666788Z           "syncDecode",
source_go	Real Go source ownership and AST dependency graph	2026-10-03T16:05:11.9666853Z           "syncCall",
source_go	Real Go source ownership and AST dependency graph	2026-10-03T16:05:11.9666913Z           "len",
source_go	Real Go source ownership and AST dependency graph	2026-10-03T16:05:11.9666974Z           "t.Fatal",
source_go	Real Go source ownership and AST dependency graph	2026-10-03T16:05:11.9667035Z           "len",
source_go	Real Go source ownership and AST dependency graph	2026-10-03T16:05:11.9667097Z           "t.Fatal",
source_go	Real Go source ownership and AST dependency graph	2026-10-03T16:05:11.9667160Z           "t.Fatal",
source_go	Real Go source ownership and AST dependency graph	2026-10-03T16:05:11.9667218Z           "int",
source_go	Real Go source ownership and AST dependency graph	2026-10-03T16:05:11.9667282Z           "t.Fatal",
source_go	Real Go source ownership and AST dependency graph	2026-10-03T16:05:11.9667353Z           "fmt.Sprint",
source_go	Real Go source ownership and AST dependency graph	2026-10-03T16:05:11.9667425Z           "fmt.Sprint",
source_go	Real Go source ownership and AST dependency graph	2026-10-03T16:05:11.9667488Z           "t.Fatal",
source_go	Real Go source ownership and AST dependency graph	2026-10-03T16:05:11.9667557Z           "fmt.Sprint",
source_go	Real Go source ownership and AST dependency graph	2026-10-03T16:05:11.9667623Z           "t.Fatalf",
source_go	Real Go source ownership and AST dependency graph	2026-10-03T16:05:11.9667689Z           "syncBody",
source_go	Real Go source ownership and AST dependency graph	2026-10-03T16:05:11.9667759Z           "syncDecode",
source_go	Real Go source ownership and AST dependency graph	2026-10-03T16:05:11.9667828Z           "syncCall",
source_go	Real Go source ownership and AST dependency graph	2026-10-03T16:05:11.9667891Z           "t.Fatal",
source_go	Real Go source ownership and AST dependency graph	2026-10-03T16:05:11.9667960Z           "syncEvent",
source_go	Real Go source ownership and AST dependency graph	2026-10-03T16:05:11.9668018Z           "uuid",
source_go	Real Go source ownership and AST dependency graph	2026-10-03T16:05:11.9668101Z           "f.s.commitMessage",
source_go	Real Go source ownership and AST dependency graph	2026-10-03T16:05:11.9668162Z           "f.send",
source_go	Real Go source ownership and AST dependency graph	2026-10-03T16:05:11.9668226Z           "t.Fatal",
source_go	Real Go source ownership and AST dependency graph	2026-10-03T16:05:11.9668295Z           "syncDecode",
source_go	Real Go source ownership and AST dependency graph	2026-10-03T16:05:11.9668362Z           "syncCall",
source_go	Real Go source ownership and AST dependency graph	2026-10-03T16:05:11.9668420Z           "len",
source_go	Real Go source ownership and AST dependency graph	2026-10-03T16:05:11.9668484Z           "t.Fatal",
source_go	Real Go source ownership and AST dependency graph	2026-10-03T16:05:11.9668556Z           "syncDecode",
source_go	Real Go source ownership and AST dependency graph	2026-10-03T16:05:11.9668622Z           "syncCall",
source_go	Real Go source ownership and AST dependency graph	2026-10-03T16:05:11.9668697Z           "json.Marshal",
source_go	Real Go source ownership and AST dependency graph	2026-10-03T16:05:11.9668900Z           "json.Marshal",
source_go	Real Go source ownership and AST dependency graph	2026-10-03T16:05:11.9669003Z           "bytes.Equal",
source_go	Real Go source ownership and AST dependency graph	2026-10-03T16:05:11.9669161Z           "t.Fatal",
source_go	Real Go source ownership and AST dependency graph	2026-10-03T16:05:11.9669239Z           "f.s.codec.Sign",
source_go	Real Go source ownership and AST dependency graph	2026-10-03T16:05:11.9669309Z           "syncDecode",
source_go	Real Go source ownership and AST dependency graph	2026-10-03T16:05:11.9669376Z           "syncCall",
source_go	Real Go source ownership and AST dependency graph	2026-10-03T16:05:11.9669447Z           "syncBody",
source_go	Real Go source ownership and AST dependency graph	2026-10-03T16:05:11.9669511Z           "t.Fatal",
source_go	Real Go source ownership and AST dependency graph	2026-10-03T16:05:11.9669589Z           "f.s.newSession",
source_go	Real Go source ownership and AST dependency graph	2026-10-03T16:05:11.9669652Z           "t.Fatal",
source_go	Real Go source ownership and AST dependency graph	2026-10-03T16:05:11.9669730Z           "f.s.codec.Sign",
source_go	Real Go source ownership and AST dependency graph	2026-10-03T16:05:11.9669799Z           "syncDecode",
source_go	Real Go source ownership and AST dependency graph	2026-10-03T16:05:11.9669867Z           "syncCall",
source_go	Real Go source ownership and AST dependency graph	2026-10-03T16:05:11.9669935Z           "syncBody",
source_go	Real Go source ownership and AST dependency graph	2026-10-03T16:05:11.9670006Z           "syncDecode",
source_go	Real Go source ownership and AST dependency graph	2026-10-03T16:05:11.9670072Z           "syncCall",
source_go	Real Go source ownership and AST dependency graph	2026-10-03T16:05:11.9670130Z           "len",
source_go	Real Go source ownership and AST dependency graph	2026-10-03T16:05:11.9670195Z           "t.Fatal",
source_go	Real Go source ownership and AST dependency graph	2026-10-03T16:05:11.9670259Z           "f.count",
source_go	Real Go source ownership and AST dependency graph	2026-10-03T16:05:11.9670323Z           "t.Fatal",
source_go	Real Go source ownership and AST dependency graph	2026-10-03T16:05:11.9670393Z           "syncFixture",
source_go	Real Go source ownership and AST dependency graph	2026-10-03T16:05:11.9670473Z           "f.s.codec.Sign",
source_go	Real Go source ownership and AST dependency graph	2026-10-03T16:05:11.9670540Z           "uuid",
source_go	Real Go source ownership and AST dependency graph	2026-10-03T16:05:11.9670612Z           "json.Number",
source_go	Real Go source ownership and AST dependency graph	2026-10-03T16:05:11.9670675Z           "t.Run",
source_go	Real Go source ownership and AST dependency graph	2026-10-03T16:05:11.9670743Z           "fmt.Sprint",
source_go	Real Go source ownership and AST dependency graph	2026-10-03T16:05:11.9670926Z           "syncBody",
source_go	Real Go source ownership and AST dependency graph	2026-10-03T16:05:11.9670992Z           "tc.mutate",
source_go	Real Go source ownership and AST dependency graph	2026-10-03T16:05:11.9671064Z           "syncDecode",
source_go	Real Go source ownership and AST dependency graph	2026-10-03T16:05:11.9671128Z           "syncCall",
source_go	Real Go source ownership and AST dependency graph	2026-10-03T16:05:11.9671192Z           "t.Fatal",
source_go	Real Go source ownership and AST dependency graph	2026-10-03T16:05:11.9671268Z           "f.s.syncCursor",
source_go	Real Go source ownership and AST dependency graph	2026-10-03T16:05:11.9671343Z           "strings.Repeat",
source_go	Real Go source ownership and AST dependency graph	2026-10-03T16:05:11.9671413Z           "syncDecode",
source_go	Real Go source ownership and AST dependency graph	2026-10-03T16:05:11.9671478Z           "syncCall",
source_go	Real Go source ownership and AST dependency graph	2026-10-03T16:05:11.9671546Z           "syncBody",
source_go	Real Go source ownership and AST dependency graph	2026-10-03T16:05:11.9671611Z           "syncBody",
source_go	Real Go source ownership and AST dependency graph	2026-10-03T16:05:11.9671682Z           "syncDecode",
source_go	Real Go source ownership and AST dependency graph	2026-10-03T16:05:11.9671747Z           "syncCall",
source_go	Real Go source ownership and AST dependency graph	2026-10-03T16:05:11.9671805Z           "uuid",
source_go	Real Go source ownership and AST dependency graph	2026-10-03T16:05:11.9671875Z           "syncDecode",
source_go	Real Go source ownership and AST dependency graph	2026-10-03T16:05:11.9671939Z           "syncCall",
source_go	Real Go source ownership and AST dependency graph	2026-10-03T16:05:11.9672009Z           "syncBody",
source_go	Real Go source ownership and AST dependency graph	2026-10-03T16:05:11.9672074Z           "f.db.Exec",
source_go	Real Go source ownership and AST dependency graph	2026-10-03T16:05:11.9672160Z           "context.Background",
source_go	Real Go source ownership and AST dependency graph	2026-10-03T16:05:11.9672233Z           "syncDecode",
source_go	Real Go source ownership and AST dependency graph	2026-10-03T16:05:11.9672298Z           "syncCall",
source_go	Real Go source ownership and AST dependency graph	2026-10-03T16:05:11.9672365Z           "syncBody",
source_go	Real Go source ownership and AST dependency graph	2026-10-03T16:05:11.9672431Z           "f.db.Exec",
source_go	Real Go source ownership and AST dependency graph	2026-10-03T16:05:11.9672517Z           "context.Background",
source_go	Real Go source ownership and AST dependency graph	2026-10-03T16:05:11.9672580Z           "t.Fatal",
source_go	Real Go source ownership and AST dependency graph	2026-10-03T16:05:11.9672651Z           "syncDecode",
source_go	Real Go source ownership and AST dependency graph	2026-10-03T16:05:11.9672715Z           "syncCall",
source_go	Real Go source ownership and AST dependency graph	2026-10-03T16:05:11.9672784Z           "syncBody",
source_go	Real Go source ownership and AST dependency graph	2026-10-03T16:05:11.9672847Z           "t.Fatal",
source_go	Real Go source ownership and AST dependency graph	2026-10-03T16:05:11.9672913Z           "t.Helper",
source_go	Real Go source ownership and AST dependency graph	2026-10-03T16:05:11.9672975Z           ".Add",
source_go	Real Go source ownership and AST dependency graph	2026-10-03T16:05:11.9673040Z           "time.Now",
source_go	Real Go source ownership and AST dependency graph	2026-10-03T16:05:11.9673106Z           ".Before",
source_go	Real Go source ownership and AST dependency graph	2026-10-03T16:05:11.9673170Z           "time.Now",
source_go	Real Go source ownership and AST dependency graph	2026-10-03T16:05:11.9673232Z           ".Scan",
source_go	Real Go source ownership and AST dependency graph	2026-10-03T16:05:11.9673310Z           "f.db.QueryRow",
source_go	Real Go source ownership and AST dependency graph	2026-10-03T16:05:11.9673396Z           "context.Background",
source_go	Real Go source ownership and AST dependency graph	2026-10-03T16:05:11.9673460Z           "t.Fatal",
source_go	Real Go source ownership and AST dependency graph	2026-10-03T16:05:11.9673527Z           "time.Sleep",
source_go	Real Go source ownership and AST dependency graph	2026-10-03T16:05:11.9673594Z           "t.Fatal",
source_go	Real Go source ownership and AST dependency graph	2026-10-03T16:05:11.9673664Z           "syncFixture",
source_go	Real Go source ownership and AST dependency graph	2026-10-03T16:05:11.9673750Z           "context.Background",
source_go	Real Go source ownership and AST dependency graph	2026-10-03T16:05:11.9673825Z           "f.s.codec.Sign",
source_go	Real Go source ownership and AST dependency graph	2026-10-03T16:05:11.9673886Z           "uuid",
source_go	Real Go source ownership and AST dependency graph	2026-10-03T16:05:11.9673953Z           "f.db.Begin",
source_go	Real Go source ownership and AST dependency graph	2026-10-03T16:05:11.9674017Z           "t.Fatal",
source_go	Real Go source ownership and AST dependency graph	2026-10-03T16:05:11.9674090Z           "tx.Rollback",
source_go	Real Go source ownership and AST dependency graph	2026-10-03T16:05:11.9674153Z           "tx.Exec",
source_go	Real Go source ownership and AST dependency graph	2026-10-03T16:05:11.9674235Z           "writeSocialEvent",
source_go	Real Go source ownership and AST dependency graph	2026-10-03T16:05:11.9674298Z           "t.Fatal",
source_go	Real Go source ownership and AST dependency graph	2026-10-03T16:05:11.9674359Z           "make",
source_go	Real Go source ownership and AST dependency graph	2026-10-03T16:05:11.9674412Z           "",
source_go	Real Go source ownership and AST dependency graph	2026-10-03T16:05:11.9674479Z           "syncCall",
source_go	Real Go source ownership and AST dependency graph	2026-10-03T16:05:11.9674545Z           "syncBody",
source_go	Real Go source ownership and AST dependency graph	2026-10-03T16:05:11.9674619Z           "syncWaitLock",
source_go	Real Go source ownership and AST dependency graph	2026-10-03T16:05:11.9674751Z           "f.db.Begin",
source_go	Real Go source ownership and AST dependency graph	2026-10-03T16:05:11.9674814Z           "t.Fatal",
source_go	Real Go source ownership and AST dependency graph	2026-10-03T16:05:11.9674885Z           "other.Exec",
source_go	Real Go source ownership and AST dependency graph	2026-10-03T16:05:11.9674966Z           "writeSocialEvent",
source_go	Real Go source ownership and AST dependency graph	2026-10-03T16:05:11.9675033Z           "t.Fatal",
source_go	Real Go source ownership and AST dependency graph	2026-10-03T16:05:11.9675108Z           "other.Commit",
source_go	Real Go source ownership and AST dependency graph	2026-10-03T16:05:11.9675175Z           "t.Fatal",
source_go	Real Go source ownership and AST dependency graph	2026-10-03T16:05:11.9675239Z           "t.Fatal",
source_go	Real Go source ownership and AST dependency graph	2026-10-03T16:05:11.9675307Z           "tx.Commit",
source_go	Real Go source ownership and AST dependency graph	2026-10-03T16:05:11.9675371Z           "t.Fatal",
source_go	Real Go source ownership and AST dependency graph	2026-10-03T16:05:11.9675440Z           "syncDecode",
source_go	Real Go source ownership and AST dependency graph	2026-10-03T16:05:11.9675510Z           "time.After",
source_go	Real Go source ownership and AST dependency graph	2026-10-03T16:05:11.9675572Z           "t.Fatal",
source_go	Real Go source ownership and AST dependency graph	2026-10-03T16:05:11.9675651Z           "len",
source_go	Real Go source ownership and AST dependency graph	2026-10-03T16:05:11.9675714Z           "t.Fatal",
source_go	Real Go source ownership and AST dependency graph	2026-10-03T16:05:11.9675782Z           "syncEvent",
source_go	Real Go source ownership and AST dependency graph	2026-10-03T16:05:11.9675853Z           "syncDecode",
source_go	Real Go source ownership and AST dependency graph	2026-10-03T16:05:11.9675917Z           "syncCall",
source_go	Real Go source ownership and AST dependency graph	2026-10-03T16:05:11.9675984Z           "syncBody",
source_go	Real Go source ownership and AST dependency graph	2026-10-03T16:05:11.9676041Z           "len",
source_go	Real Go source ownership and AST dependency graph	2026-10-03T16:05:11.9676107Z           "t.Fatal",
source_go	Real Go source ownership and AST dependency graph	2026-10-03T16:05:11.9676175Z           "f.db.Begin",
source_go	Real Go source ownership and AST dependency graph	2026-10-03T16:05:11.9676240Z           "t.Fatal",
source_go	Real Go source ownership and AST dependency graph	2026-10-03T16:05:11.9676312Z           "tx.Rollback",
source_go	Real Go source ownership and AST dependency graph	2026-10-03T16:05:11.9676435Z           "tx.Exec",
source_go	Real Go source ownership and AST dependency graph	2026-10-03T16:05:11.9676489Z           "",
source_go	Real Go source ownership and AST dependency graph	2026-10-03T16:05:11.9676554Z           "syncCall",
source_go	Real Go source ownership and AST dependency graph	2026-10-03T16:05:11.9676623Z           "syncBody",
source_go	Real Go source ownership and AST dependency graph	2026-10-03T16:05:11.9676695Z           "syncWaitLock",
source_go	Real Go source ownership and AST dependency graph	2026-10-03T16:05:11.9676761Z           "tx.Exec",
source_go	Real Go source ownership and AST dependency graph	2026-10-03T16:05:11.9676823Z           "t.Fatal",
source_go	Real Go source ownership and AST dependency graph	2026-10-03T16:05:11.9676893Z           "tx.Commit",
source_go	Real Go source ownership and AST dependency graph	2026-10-03T16:05:11.9676962Z           "syncDecode",
source_go	Real Go source ownership and AST dependency graph	2026-10-03T16:05:11.9677032Z           "time.After",
source_go	Real Go source ownership and AST dependency graph	2026-10-03T16:05:11.9677098Z           "t.Fatal",
source_go	Real Go source ownership and AST dependency graph	2026-10-03T16:05:11.9677168Z           "syncFixture",
source_go	Real Go source ownership and AST dependency graph	2026-10-03T16:05:11.9677228Z           "uuid",
source_go	Real Go source ownership and AST dependency graph	2026-10-03T16:05:11.9677304Z           "f.s.codec.Sign",
source_go	Real Go source ownership and AST dependency graph	2026-10-03T16:05:11.9677391Z           "httptest.NewRequest",
source_go	Real Go source ownership and AST dependency graph	2026-10-03T16:05:11.9677472Z           "strings.NewReader",
source_go	Real Go source ownership and AST dependency graph	2026-10-03T16:05:11.9677564Z           "httptest.NewRecorder",
source_go	Real Go source ownership and AST dependency graph	2026-10-03T16:05:11.9677636Z           ".ServeHTTP",
source_go	Real Go source ownership and AST dependency graph	2026-10-03T16:05:11.9677705Z           "f.s.handler",
source_go	Real Go source ownership and AST dependency graph	2026-10-03T16:05:11.9677767Z           ".Get",
source_go	Real Go source ownership and AST dependency graph	2026-10-03T16:05:11.9677832Z           "w.Header",
source_go	Real Go source ownership and AST dependency graph	2026-10-03T16:05:11.9677908Z           "json.Unmarshal",
source_go	Real Go source ownership and AST dependency graph	2026-10-03T16:05:11.9677980Z           "w.Body.Bytes",
source_go	Real Go source ownership and AST dependency graph	2026-10-03T16:05:11.9678044Z           "t.Fatal",
source_go	Real Go source ownership and AST dependency graph	2026-10-03T16:05:11.9678151Z           "socialUUIDPattern.MatchString",
source_go	Real Go source ownership and AST dependency graph	2026-10-03T16:05:11.9678216Z           "t.Fatal",
source_go	Real Go source ownership and AST dependency graph	2026-10-03T16:05:11.9678283Z           "syncBody",
source_go	Real Go source ownership and AST dependency graph	2026-10-03T16:05:11.9678353Z           "syncDecode",
source_go	Real Go source ownership and AST dependency graph	2026-10-03T16:05:11.9678419Z           "syncCall",
source_go	Real Go source ownership and AST dependency graph	2026-10-03T16:05:11.9678504Z           "httptest.NewRequest",
source_go	Real Go source ownership and AST dependency graph	2026-10-03T16:05:11.9678588Z           "strings.NewReader",
source_go	Real Go source ownership and AST dependency graph	2026-10-03T16:05:11.9678677Z           "httptest.NewRecorder",
source_go	Real Go source ownership and AST dependency graph	2026-10-03T16:05:11.9678952Z           ".ServeHTTP",
source_go	Real Go source ownership and AST dependency graph	2026-10-03T16:05:11.9679083Z           "f.s.handler",
source_go	Real Go source ownership and AST dependency graph	2026-10-03T16:05:11.9679193Z           "strings.Contains",
source_go	Real Go source ownership and AST dependency graph	2026-10-03T16:05:11.9679321Z           "w.Body.String",
source_go	Real Go source ownership and AST dependency graph	2026-10-03T16:05:11.9679583Z           "t.Fatal",
source_go	Real Go source ownership and AST dependency graph	2026-10-03T16:05:11.9679682Z           ".Unix",
source_go	Real Go source ownership and AST dependency graph	2026-10-03T16:05:11.9679797Z           ".Add",
source_go	Real Go source ownership and AST dependency graph	2026-10-03T16:05:11.9679890Z           "time.Now",
source_go	Real Go source ownership and AST dependency graph	2026-10-03T16:05:11.9680035Z           ".Unix",
source_go	Real Go source ownership and AST dependency graph	2026-10-03T16:05:11.9680161Z           ".Add",
source_go	Real Go source ownership and AST dependency graph	2026-10-03T16:05:11.9683445Z           "time.Now",
source_go	Real Go source ownership and AST dependency graph	2026-10-03T16:05:11.9683517Z           "uuid",
source_go	Real Go source ownership and AST dependency graph	2026-10-03T16:05:11.9683590Z           "tc.modify",
source_go	Real Go source ownership and AST dependency graph	2026-10-03T16:05:11.9683666Z           "f.s.codec.Sign",
source_go	Real Go source ownership and AST dependency graph	2026-10-03T16:05:11.9683740Z           "syncDecode",
source_go	Real Go source ownership and AST dependency graph	2026-10-03T16:05:11.9683806Z           "syncCall",
source_go	Real Go source ownership and AST dependency graph	2026-10-03T16:05:11.9683872Z           "syncBody",
source_go	Real Go source ownership and AST dependency graph	2026-10-03T16:05:11.9683936Z           "t.Fatal",
source_go	Real Go source ownership and AST dependency graph	2026-10-03T16:05:11.9683996Z           "t.Run",
source_go	Real Go source ownership and AST dependency graph	2026-10-03T16:05:11.9684068Z           "syncFixture",
source_go	Real Go source ownership and AST dependency graph	2026-10-03T16:05:11.9684153Z           "context.Background",
source_go	Real Go source ownership and AST dependency graph	2026-10-03T16:05:11.9684214Z           "uuid",
source_go	Real Go source ownership and AST dependency graph	2026-10-03T16:05:11.9684394Z           "time.Now",
source_go	Real Go source ownership and AST dependency graph	2026-10-03T16:05:11.9684469Z           "clock.Store",
source_go	Real Go source ownership and AST dependency graph	2026-10-03T16:05:11.9684549Z           "current.UnixNano",
source_go	Real Go source ownership and AST dependency graph	2026-10-03T16:05:11.9684616Z           "time.Unix",
source_go	Real Go source ownership and AST dependency graph	2026-10-03T16:05:11.9684692Z           "clock.Load",
source_go	Real Go source ownership and AST dependency graph	2026-10-03T16:05:11.9684753Z           ".Unix",
source_go	Real Go source ownership and AST dependency graph	2026-10-03T16:05:11.9684826Z           "current.Add",
source_go	Real Go source ownership and AST dependency graph	2026-10-03T16:05:11.9684901Z           "f.s.codec.Sign",
source_go	Real Go source ownership and AST dependency graph	2026-10-03T16:05:11.9684973Z           "f.db.Begin",
source_go	Real Go source ownership and AST dependency graph	2026-10-03T16:05:11.9685037Z           "t.Fatal",
source_go	Real Go source ownership and AST dependency graph	2026-10-03T16:05:11.9685110Z           "tx.Rollback",
source_go	Real Go source ownership and AST dependency graph	2026-10-03T16:05:11.9685173Z           "tx.Exec",
source_go	Real Go source ownership and AST dependency graph	2026-10-03T16:05:11.9685230Z           "make",
source_go	Real Go source ownership and AST dependency graph	2026-10-03T16:05:11.9685285Z           "",
source_go	Real Go source ownership and AST dependency graph	2026-10-03T16:05:11.9685349Z           "syncCall",
source_go	Real Go source ownership and AST dependency graph	2026-10-03T16:05:11.9685416Z           "syncBody",
source_go	Real Go source ownership and AST dependency graph	2026-10-03T16:05:11.9685488Z           "syncWaitLock",
source_go	Real Go source ownership and AST dependency graph	2026-10-03T16:05:11.9685553Z           "tx.Exec",
source_go	Real Go source ownership and AST dependency graph	2026-10-03T16:05:11.9685615Z           "t.Fatal",
source_go	Real Go source ownership and AST dependency graph	2026-10-03T16:05:11.9685688Z           "clock.Store",
source_go	Real Go source ownership and AST dependency graph	2026-10-03T16:05:11.9685762Z           ".UnixNano",
source_go	Real Go source ownership and AST dependency graph	2026-10-03T16:05:11.9685832Z           "current.Add",
source_go	Real Go source ownership and AST dependency graph	2026-10-03T16:05:11.9685900Z           "tx.Commit",
source_go	Real Go source ownership and AST dependency graph	2026-10-03T16:05:11.9686053Z           "syncDecode",
source_go	Real Go source ownership and AST dependency graph	2026-10-03T16:05:11.9686118Z           "t.Fatal",
source_go	Real Go source ownership and AST dependency graph	2026-10-03T16:05:11.9686185Z           "time.After",
source_go	Real Go source ownership and AST dependency graph	2026-10-03T16:05:11.9686249Z           "t.Fatal",
source_go	Real Go source ownership and AST dependency graph	2026-10-03T16:05:11.9686319Z           "syncFixture",
source_go	Real Go source ownership and AST dependency graph	2026-10-03T16:05:11.9686408Z           "context.WithTimeout",
source_go	Real Go source ownership and AST dependency graph	2026-10-03T16:05:11.9686495Z           "context.Background",
source_go	Real Go source ownership and AST dependency graph	2026-10-03T16:05:11.9686557Z           "cancel",
source_go	Real Go source ownership and AST dependency graph	2026-10-03T16:05:11.9686631Z           "f.db.Config",
source_go	Real Go source ownership and AST dependency graph	2026-10-03T16:05:11.9686728Z           "pgxpool.NewWithConfig",
source_go	Real Go source ownership and AST dependency graph	2026-10-03T16:05:11.9686793Z           "t.Fatal",
source_go	Real Go source ownership and AST dependency graph	2026-10-03T16:05:11.9686867Z           "pool.Close",
source_go	Real Go source ownership and AST dependency graph	2026-10-03T16:05:11.9686945Z           "f.s.codec.Sign",
source_go	Real Go source ownership and AST dependency graph	2026-10-03T16:05:11.9687005Z           "uuid",
source_go	Real Go source ownership and AST dependency graph	2026-10-03T16:05:11.9687080Z           "json.Marshal",
source_go	Real Go source ownership and AST dependency graph	2026-10-03T16:05:11.9687149Z           "syncBody",
source_go	Real Go source ownership and AST dependency graph	2026-10-03T16:05:11.9687210Z           "make",
source_go	Real Go source ownership and AST dependency graph	2026-10-03T16:05:11.9687267Z           "",
source_go	Real Go source ownership and AST dependency graph	2026-10-03T16:05:11.9687342Z           ".WithContext",
source_go	Real Go source ownership and AST dependency graph	2026-10-03T16:05:11.9687432Z           "httptest.NewRequest",
source_go	Real Go source ownership and AST dependency graph	2026-10-03T16:05:11.9687518Z           "bytes.NewReader",
source_go	Real Go source ownership and AST dependency graph	2026-10-03T16:05:11.9687589Z           "r.Header.Set",
source_go	Real Go source ownership and AST dependency graph	2026-10-03T16:05:11.9687679Z           "httptest.NewRecorder",
source_go	Real Go source ownership and AST dependency graph	2026-10-03T16:05:11.9687748Z           ".ServeHTTP",
source_go	Real Go source ownership and AST dependency graph	2026-10-03T16:05:11.9687819Z           "f.s.handler",
source_go	Real Go source ownership and AST dependency graph	2026-10-03T16:05:11.9687883Z           "t.Fatalf",
source_go	Real Go source ownership and AST dependency graph	2026-10-03T16:05:11.9687952Z           "ctx.Done",
source_go	Real Go source ownership and AST dependency graph	2026-10-03T16:05:11.9688014Z           "t.Fatal",
source_go	Real Go source ownership and AST dependency graph	2026-10-03T16:05:11.9688093Z           "strings.Repeat",
source_go	Real Go source ownership and AST dependency graph	2026-10-03T16:05:11.9688170Z           "strings.Repeat",
source_go	Real Go source ownership and AST dependency graph	2026-10-03T16:05:11.9688245Z           "strings.Repeat",
source_go	Real Go source ownership and AST dependency graph	2026-10-03T16:05:11.9688320Z           "strings.Repeat",
source_go	Real Go source ownership and AST dependency graph	2026-10-03T16:05:11.9688385Z           "syncJSON",
source_go	Real Go source ownership and AST dependency graph	2026-10-03T16:05:11.9688468Z           "strings.NewReader",
source_go	Real Go source ownership and AST dependency graph	2026-10-03T16:05:11.9688538Z           "json.Valid",
source_go	Real Go source ownership and AST dependency graph	2026-10-03T16:05:11.9688615Z           "fmt.Errorf",
source_go	Real Go source ownership and AST dependency graph	2026-10-03T16:05:11.9688682Z           "t.Fatalf",
source_go	Real Go source ownership and AST dependency graph	2026-10-03T16:05:11.9688739Z           "min",
source_go	Real Go source ownership and AST dependency graph	2026-10-03T16:05:11.9688895Z           "len",
source_go	Real Go source ownership and AST dependency graph	2026-10-03T16:05:11.9688960Z           "string",
source_go	Real Go source ownership and AST dependency graph	2026-10-03T16:05:11.9689026Z           "t.Fatalf",
source_go	Real Go source ownership and AST dependency graph	2026-10-03T16:05:11.9689083Z           "len",
source_go	Real Go source ownership and AST dependency graph	2026-10-03T16:05:11.9689147Z           "t.Fatal",
source_go	Real Go source ownership and AST dependency graph	2026-10-03T16:05:11.9689211Z           "syncJSON",
source_go	Real Go source ownership and AST dependency graph	2026-10-03T16:05:11.9689293Z           "strings.NewReader",
source_go	Real Go source ownership and AST dependency graph	2026-10-03T16:05:11.9689370Z           "bytes.Contains",
source_go	Real Go source ownership and AST dependency graph	2026-10-03T16:05:11.9689423Z           "",
source_go	Real Go source ownership and AST dependency graph	2026-10-03T16:05:11.9689488Z           "t.Fatal",
source_go	Real Go source ownership and AST dependency graph	2026-10-03T16:05:11.9689551Z           "syncJSON",
source_go	Real Go source ownership and AST dependency graph	2026-10-03T16:05:11.9689631Z           "strings.NewReader",
source_go	Real Go source ownership and AST dependency graph	2026-10-03T16:05:11.9689705Z           "strings.Repeat",
source_go	Real Go source ownership and AST dependency graph	2026-10-03T16:05:11.9689769Z           "t.Fatal",
source_go	Real Go source ownership and AST dependency graph	2026-10-03T16:05:11.9689833Z           "syncJSON",
source_go	Real Go source ownership and AST dependency graph	2026-10-03T16:05:11.9689914Z           "strings.NewReader",
source_go	Real Go source ownership and AST dependency graph	2026-10-03T16:05:11.9690079Z           "json.Valid",
source_go	Real Go source ownership and AST dependency graph	2026-10-03T16:05:11.9690142Z           "t.Fatal",
source_go	Real Go source ownership and AST dependency graph	2026-10-03T16:05:11.9690214Z           "syncFixture",
source_go	Real Go source ownership and AST dependency graph	2026-10-03T16:05:11.9690290Z           "f.s.codec.Sign",
source_go	Real Go source ownership and AST dependency graph	2026-10-03T16:05:11.9690354Z           "uuid",
source_go	Real Go source ownership and AST dependency graph	2026-10-03T16:05:11.9690428Z           "strings.Repeat",
source_go	Real Go source ownership and AST dependency graph	2026-10-03T16:05:11.9690506Z           "strings.Repeat",
source_go	Real Go source ownership and AST dependency graph	2026-10-03T16:05:11.9690572Z           "syncBody",
source_go	Real Go source ownership and AST dependency graph	2026-10-03T16:05:11.9690644Z           "json.Number",
source_go	Real Go source ownership and AST dependency graph	2026-10-03T16:05:11.9690717Z           "syncDecode",
source_go	Real Go source ownership and AST dependency graph	2026-10-03T16:05:11.9690782Z           "syncCall",
source_go	Real Go source ownership and AST dependency graph	2026-10-03T16:05:11.9690858Z           "strings.Repeat",
source_go	Real Go source ownership and AST dependency graph	2026-10-03T16:05:11.9690931Z           "strings.Repeat",
source_go	Real Go source ownership and AST dependency graph	2026-10-03T16:05:11.9691007Z           "strings.Repeat",
source_go	Real Go source ownership and AST dependency graph	2026-10-03T16:05:11.9691073Z           "syncBody",
source_go	Real Go source ownership and AST dependency graph	2026-10-03T16:05:11.9691144Z           "syncDecode",
source_go	Real Go source ownership and AST dependency graph	2026-10-03T16:05:11.9691211Z           "syncCall",
source_go	Real Go source ownership and AST dependency graph	2026-10-03T16:05:11.9691282Z           "fmt.Sprintf",
source_go	Real Go source ownership and AST dependency graph	2026-10-03T16:05:11.9691369Z           "httptest.NewRequest",
source_go	Real Go source ownership and AST dependency graph	2026-10-03T16:05:11.9691452Z           "strings.NewReader",
source_go	Real Go source ownership and AST dependency graph	2026-10-03T16:05:11.9691527Z           "r.Header.Set",
source_go	Real Go source ownership and AST dependency graph	2026-10-03T16:05:11.9691614Z           "httptest.NewRecorder",
source_go	Real Go source ownership and AST dependency graph	2026-10-03T16:05:11.9691685Z           ".ServeHTTP",
source_go	Real Go source ownership and AST dependency graph	2026-10-03T16:05:11.9691840Z           "f.s.handler",
source_go	Real Go source ownership and AST dependency graph	2026-10-03T16:05:11.9691903Z           "t.Fatal"
source_go	Real Go source ownership and AST dependency graph	2026-10-03T16:05:11.9691954Z         ],
source_go	Real Go source ownership and AST dependency graph	2026-10-03T16:05:11.9692017Z         "strings": [
source_go	Real Go source ownership and AST dependency graph	2026-10-03T16:05:11.9692077Z           "bytes",
source_go	Real Go source ownership and AST dependency graph	2026-10-03T16:05:11.9692140Z           "context",
source_go	Real Go source ownership and AST dependency graph	2026-10-03T16:05:11.9692218Z           "encoding/json",
source_go	Real Go source ownership and AST dependency graph	2026-10-03T16:05:11.9692276Z           "fmt",
source_go	Real Go source ownership and AST dependency graph	2026-10-03T16:05:11.9692392Z           "github.com/jackc/pgx/v5/pgxpool",
source_go	Real Go source ownership and AST dependency graph	2026-10-03T16:05:11.9692453Z           "math",
source_go	Real Go source ownership and AST dependency graph	2026-10-03T16:05:11.9692533Z           "net/http/httptest",
source_go	Real Go source ownership and AST dependency graph	2026-10-03T16:05:11.9692596Z           "strings",
source_go	Real Go source ownership and AST dependency graph	2026-10-03T16:05:11.9692667Z           "sync/atomic",
source_go	Real Go source ownership and AST dependency graph	2026-10-03T16:05:11.9692731Z           "testing",
source_go	Real Go source ownership and AST dependency graph	2026-10-03T16:05:11.9692789Z           "time",
source_go	Real Go source ownership and AST dependency graph	2026-10-03T16:05:11.9692845Z           "0",
source_go	Real Go source ownership and AST dependency graph	2026-10-03T16:05:11.9692905Z           "-0",
source_go	Real Go source ownership and AST dependency graph	2026-10-03T16:05:11.9693002Z           "0.0e999999999999999999999999",
source_go	Real Go source ownership and AST dependency graph	2026-10-03T16:05:11.9693060Z           "1",
source_go	Real Go source ownership and AST dependency graph	2026-10-03T16:05:11.9693117Z           "1.0",
source_go	Real Go source ownership and AST dependency graph	2026-10-03T16:05:11.9693181Z           "1e2",
source_go	Real Go source ownership and AST dependency graph	2026-10-03T16:05:11.9693242Z           "10e-1",
source_go	Real Go source ownership and AST dependency graph	2026-10-03T16:05:11.9693305Z           "1000e-3",
source_go	Real Go source ownership and AST dependency graph	2026-10-03T16:05:11.9693374Z           "1e100000000",
source_go	Real Go source ownership and AST dependency graph	2026-10-03T16:05:11.9693467Z           "1e9999999999999999999999999",
source_go	Real Go source ownership and AST dependency graph	2026-10-03T16:05:11.9693565Z           "999999999999999999999999999999",
source_go	Real Go source ownership and AST dependency graph	2026-10-03T16:05:11.9693626Z           "1e-2",
source_go	Real Go source ownership and AST dependency graph	2026-10-03T16:05:11.9693686Z           "1.01",
source_go	Real Go source ownership and AST dependency graph	2026-10-03T16:05:11.9693742Z           "-1",
source_go	Real Go source ownership and AST dependency graph	2026-10-03T16:05:11.9693802Z           "null",
source_go	Real Go source ownership and AST dependency graph	2026-10-03T16:05:11.9693861Z           "true",
source_go	Real Go source ownership and AST dependency graph	2026-10-03T16:05:11.9693923Z           "\"1\"",
source_go	Real Go source ownership and AST dependency graph	2026-10-03T16:05:11.9694013Z           "1e-999999999999999999999",
source_go	Real Go source ownership and AST dependency graph	2026-10-03T16:05:11.9694091Z           "%s got %d %v",
source_go	Real Go source ownership and AST dependency graph	2026-10-03T16:05:11.9694171Z           "9223372036854775808",
source_go	Real Go source ownership and AST dependency graph	2026-10-03T16:05:11.9694260Z           "overflow saturation",
source_go	Real Go source ownership and AST dependency graph	2026-10-03T16:05:11.9694482Z           "DELETE FROM outbox_events WHERE aggregate_type='user' AND aggregate_id=$1",
source_go	Real Go source ownership and AST dependency graph	2026-10-03T16:05:11.9694623Z           "DELETE FROM user_sync_events WHERE user_id=$1",
source_go	Real Go source ownership and AST dependency graph	2026-10-03T16:05:11.9694699Z           "syncVersion",
source_go	Real Go source ownership and AST dependency graph	2026-10-03T16:05:11.9694757Z           "1.0",
source_go	Real Go source ownership and AST dependency graph	2026-10-03T16:05:11.9694818Z           "type",
source_go	Real Go source ownership and AST dependency graph	2026-10-03T16:05:11.9694899Z           "sync.user.request",
source_go	Real Go source ownership and AST dependency graph	2026-10-03T16:05:11.9694968Z           "requestId",
source_go	Real Go source ownership and AST dependency graph	2026-10-03T16:05:11.9695032Z           "cursor",
source_go	Real Go source ownership and AST dependency graph	2026-10-03T16:05:11.9695091Z           "limit",
source_go	Real Go source ownership and AST dependency graph	2026-10-03T16:05:11.9695164Z           "syncVersion",
source_go	Real Go source ownership and AST dependency graph	2026-10-03T16:05:11.9695221Z           "1.0",
source_go	Real Go source ownership and AST dependency graph	2026-10-03T16:05:11.9695281Z           "type",
source_go	Real Go source ownership and AST dependency graph	2026-10-03T16:05:11.9695381Z           "sync.conversation.request",
source_go	Real Go source ownership and AST dependency graph	2026-10-03T16:05:11.9695451Z           "requestId",
source_go	Real Go source ownership and AST dependency graph	2026-10-03T16:05:11.9695530Z           "conversationId",
source_go	Real Go source ownership and AST dependency graph	2026-10-03T16:05:11.9695595Z           "afterSeq",
source_go	Real Go source ownership and AST dependency graph	2026-10-03T16:05:11.9695656Z           "limit",
source_go	Real Go source ownership and AST dependency graph	2026-10-03T16:05:11.9695810Z           "/v1/sync/conversation",
source_go	Real Go source ownership and AST dependency graph	2026-10-03T16:05:11.9695885Z           "/v1/sync/user",
source_go	Real Go source ownership and AST dependency graph	2026-10-03T16:05:11.9695945Z           "POST",
source_go	Real Go source ownership and AST dependency graph	2026-10-03T16:05:11.9696003Z           "",
source_go	Real Go source ownership and AST dependency graph	2026-10-03T16:05:11.9696078Z           "Authorization",
source_go	Real Go source ownership and AST dependency graph	2026-10-03T16:05:11.9696147Z           "Bearer ",
source_go	Real Go source ownership and AST dependency graph	2026-10-03T16:05:11.9696252Z           "sync status %d want %d body %s",
source_go	Real Go source ownership and AST dependency graph	2026-10-03T16:05:11.9696328Z           "Cache-Control",
source_go	Real Go source ownership and AST dependency graph	2026-10-03T16:05:11.9696399Z           "no-store",
source_go	Real Go source ownership and AST dependency graph	2026-10-03T16:05:11.9696472Z           "cache allowed",
source_go	Real Go source ownership and AST dependency graph	2026-10-03T16:05:11.9696541Z           "requestId",
source_go	Real Go source ownership and AST dependency graph	2026-10-03T16:05:11.9696644Z           "request correlation %v want %s",
source_go	Real Go source ownership and AST dependency graph	2026-10-03T16:05:11.9696713Z           "requestId",
source_go	Real Go source ownership and AST dependency graph	2026-10-03T16:05:11.9696868Z           "SELECT user_id FROM users WHERE user_id=$1 FOR UPDATE",
source_go	Real Go source ownership and AST dependency graph	2026-10-03T16:05:11.9696945Z           "friend.changed",
source_go	Real Go source ownership and AST dependency graph	2026-10-03T16:05:11.9697037Z           "conversation.changed",
source_go	Real Go source ownership and AST dependency graph	2026-10-03T16:05:11.9697120Z           "membership.changed",
source_go	Real Go source ownership and AST dependency graph	2026-10-03T16:05:11.9697200Z           "plugin.changed",
source_go	Real Go source ownership and AST dependency graph	2026-10-03T16:05:11.9697259Z           "sync",
source_go	Real Go source ownership and AST dependency graph	2026-10-03T16:05:11.9697527Z           "INSERT INTO user_sync_events(user_id,event_type,payload) VALUES($1,'session.revoked','{}')",
source_go	Real Go source ownership and AST dependency graph	2026-10-03T16:05:11.9697642Z           "0",
source_go	Real Go source ownership and AST dependency graph	2026-10-03T16:05:11.9697707Z           "limit",
source_go	Real Go source ownership and AST dependency graph	2026-10-03T16:05:11.9697781Z           "1e100000000",
source_go	Real Go source ownership and AST dependency graph	2026-10-03T16:05:11.9697835Z           "",
source_go	Real Go source ownership and AST dependency graph	2026-10-03T16:05:11.9697901Z           "messages",
source_go	Real Go source ownership and AST dependency graph	2026-10-03T16:05:11.9697962Z           "events",
source_go	Real Go source ownership and AST dependency graph	2026-10-03T16:05:11.9698046Z           "page cap exceeded",
source_go	Real Go source ownership and AST dependency graph	2026-10-03T16:05:11.9698112Z           "hasMore",
source_go	Real Go source ownership and AST dependency graph	2026-10-03T16:05:11.9698196Z           "empty nonterminal",
source_go	Real Go source ownership and AST dependency graph	2026-10-03T16:05:11.9698266Z           "messageId",
source_go	Real Go source ownership and AST dependency graph	2026-10-03T16:05:11.9698329Z           "eventId",
source_go	Real Go source ownership and AST dependency graph	2026-10-03T16:05:11.9698392Z           "cursor",
source_go	Real Go source ownership and AST dependency graph	2026-10-03T16:05:11.9698451Z           "kind",
source_go	Real Go source ownership and AST dependency graph	2026-10-03T16:05:11.9698534Z           "session.revoked",
source_go	Real Go source ownership and AST dependency graph	2026-10-03T16:05:11.9698620Z           "control event leak",
source_go	Real Go source ownership and AST dependency graph	2026-10-03T16:05:11.9698683Z           "seq",
source_go	Real Go source ownership and AST dependency graph	2026-10-03T16:05:11.9698757Z           "sequence gap",
source_go	Real Go source ownership and AST dependency graph	2026-10-03T16:05:11.9698922Z           "duplicate across pages",
source_go	Real Go source ownership and AST dependency graph	2026-10-03T16:05:11.9698990Z           "hasMore",
source_go	Real Go source ownership and AST dependency graph	2026-10-03T16:05:11.9699077Z           "truncated stream %d",
source_go	Real Go source ownership and AST dependency graph	2026-10-03T16:05:11.9699132Z           "",
source_go	Real Go source ownership and AST dependency graph	2026-10-03T16:05:11.9699198Z           "hasMore",
source_go	Real Go source ownership and AST dependency graph	2026-10-03T16:05:11.9699265Z           "terminal",
source_go	Real Go source ownership and AST dependency graph	2026-10-03T16:05:11.9699342Z           "plugin.changed",
source_go	Real Go source ownership and AST dependency graph	2026-10-03T16:05:11.9699413Z           "new commit",
source_go	Real Go source ownership and AST dependency graph	2026-10-03T16:05:11.9699466Z           "",
source_go	Real Go source ownership and AST dependency graph	2026-10-03T16:05:11.9699533Z           "messages",
source_go	Real Go source ownership and AST dependency graph	2026-10-03T16:05:11.9699595Z           "events",
source_go	Real Go source ownership and AST dependency graph	2026-10-03T16:05:11.9699660Z           "hasMore",
source_go	Real Go source ownership and AST dependency graph	2026-10-03T16:05:11.9699757Z           "new committed item missed",
source_go	Real Go source ownership and AST dependency graph	2026-10-03T16:05:11.9699811Z           "",
source_go	Real Go source ownership and AST dependency graph	2026-10-03T16:05:11.9699888Z           "replay changed",
source_go	Real Go source ownership and AST dependency graph	2026-10-03T16:05:11.9699942Z           "",
source_go	Real Go source ownership and AST dependency graph	2026-10-03T16:05:11.9700005Z           "error",
source_go	Real Go source ownership and AST dependency graph	2026-10-03T16:05:11.9700067Z           "code",
source_go	Real Go source ownership and AST dependency graph	2026-10-03T16:05:11.9700150Z           "VALIDATION_FAILED",
source_go	Real Go source ownership and AST dependency graph	2026-10-03T16:05:11.9700245Z           "foreign cursor accepted",
source_go	Real Go source ownership and AST dependency graph	2026-10-03T16:05:11.9700303Z           "WEB",
source_go	Real Go source ownership and AST dependency graph	2026-10-03T16:05:11.9700376Z           "replacement",
source_go	Real Go source ownership and AST dependency graph	2026-10-03T16:05:11.9700433Z           "",
source_go	Real Go source ownership and AST dependency graph	2026-10-03T16:05:11.9700503Z           "1e100000000",
source_go	Real Go source ownership and AST dependency graph	2026-10-03T16:05:11.9700556Z           "",
source_go	Real Go source ownership and AST dependency graph	2026-10-03T16:05:11.9700624Z           "messages",
source_go	Real Go source ownership and AST dependency graph	2026-10-03T16:05:11.9700691Z           "hasMore",
source_go	Real Go source ownership and AST dependency graph	2026-10-03T16:05:11.9700763Z           "huge afterSeq",
source_go	Real Go source ownership and AST dependency graph	2026-10-03T16:05:11.9701037Z           "SELECT count(*) FROM outbox_events WHERE conversation_id=$1 AND event_type='message.created'",
source_go	Real Go source ownership and AST dependency graph	2026-10-03T16:05:11.9701121Z           "read changed Outbox",
source_go	Real Go source ownership and AST dependency graph	2026-10-03T16:05:11.9701188Z           "noauth",
source_go	Real Go source ownership and AST dependency graph	2026-10-03T16:05:11.9701241Z           "",
source_go	Real Go source ownership and AST dependency graph	2026-10-03T16:05:11.9701295Z           "",
source_go	Real Go source ownership and AST dependency graph	2026-10-03T16:05:11.9701372Z           "AUTH_REQUIRED",
source_go	Real Go source ownership and AST dependency graph	2026-10-03T16:05:11.9701439Z           "badtoken",
source_go	Real Go source ownership and AST dependency graph	2026-10-03T16:05:11.9701493Z           "",
source_go	Real Go source ownership and AST dependency graph	2026-10-03T16:05:11.9701646Z           "invalid",
source_go	Real Go source ownership and AST dependency graph	2026-10-03T16:05:11.9701729Z           "AUTH_TOKEN_INVALID",
source_go	Real Go source ownership and AST dependency graph	2026-10-03T16:05:11.9701793Z           "version",
source_go	Real Go source ownership and AST dependency graph	2026-10-03T16:05:11.9701865Z           "syncVersion",
source_go	Real Go source ownership and AST dependency graph	2026-10-03T16:05:11.9701923Z           "2.0",
source_go	Real Go source ownership and AST dependency graph	2026-10-03T16:05:11.9701978Z           "",
source_go	Real Go source ownership and AST dependency graph	2026-10-03T16:05:11.9702081Z           "PROTOCOL_VERSION_UNSUPPORTED",
source_go	Real Go source ownership and AST dependency graph	2026-10-03T16:05:11.9702146Z           "unknown",
source_go	Real Go source ownership and AST dependency graph	2026-10-03T16:05:11.9702207Z           "extra",
source_go	Real Go source ownership and AST dependency graph	2026-10-03T16:05:11.9702259Z           "",
source_go	Real Go source ownership and AST dependency graph	2026-10-03T16:05:11.9702340Z           "VALIDATION_FAILED",
source_go	Real Go source ownership and AST dependency graph	2026-10-03T16:05:11.9702405Z           "fraction",
source_go	Real Go source ownership and AST dependency graph	2026-10-03T16:05:11.9702466Z           "limit",
source_go	Real Go source ownership and AST dependency graph	2026-10-03T16:05:11.9702525Z           "1e-2",
source_go	Real Go source ownership and AST dependency graph	2026-10-03T16:05:11.9702579Z           "",
source_go	Real Go source ownership and AST dependency graph	2026-10-03T16:05:11.9702659Z           "VALIDATION_FAILED",
source_go	Real Go source ownership and AST dependency graph	2026-10-03T16:05:11.9702718Z           "zero",
source_go	Real Go source ownership and AST dependency graph	2026-10-03T16:05:11.9702778Z           "limit",
source_go	Real Go source ownership and AST dependency graph	2026-10-03T16:05:11.9702831Z           "",
source_go	Real Go source ownership and AST dependency graph	2026-10-03T16:05:11.9702911Z           "VALIDATION_FAILED",
source_go	Real Go source ownership and AST dependency graph	2026-10-03T16:05:11.9702988Z           "ordinaryquery",
source_go	Real Go source ownership and AST dependency graph	2026-10-03T16:05:11.9703048Z           "?x=1",
source_go	Real Go source ownership and AST dependency graph	2026-10-03T16:05:11.9703127Z           "VALIDATION_FAILED",
source_go	Real Go source ownership and AST dependency graph	2026-10-03T16:05:11.9703203Z           "credentialquery",
source_go	Real Go source ownership and AST dependency graph	2026-10-03T16:05:11.9703367Z           "?accessToken=fake",
source_go	Real Go source ownership and AST dependency graph	2026-10-03T16:05:11.9703445Z           "VALIDATION_FAILED",
source_go	Real Go source ownership and AST dependency graph	2026-10-03T16:05:11.9703532Z           "authtakesprecedence",
source_go	Real Go source ownership and AST dependency graph	2026-10-03T16:05:11.9703603Z           "syncVersion",
source_go	Real Go source ownership and AST dependency graph	2026-10-03T16:05:11.9703664Z           "2.0",
source_go	Real Go source ownership and AST dependency graph	2026-10-03T16:05:11.9703717Z           "",
source_go	Real Go source ownership and AST dependency graph	2026-10-03T16:05:11.9703771Z           "",
source_go	Real Go source ownership and AST dependency graph	2026-10-03T16:05:11.9703846Z           "AUTH_REQUIRED",
source_go	Real Go source ownership and AST dependency graph	2026-10-03T16:05:11.9703901Z           "0",
source_go	Real Go source ownership and AST dependency graph	2026-10-03T16:05:11.9703965Z           "error",
source_go	Real Go source ownership and AST dependency graph	2026-10-03T16:05:11.9704027Z           "code",
source_go	Real Go source ownership and AST dependency graph	2026-10-03T16:05:11.9704089Z           "junk",
source_go	Real Go source ownership and AST dependency graph	2026-10-03T16:05:11.9704144Z           "x",
source_go	Real Go source ownership and AST dependency graph	2026-10-03T16:05:11.9704199Z           "",
source_go	Real Go source ownership and AST dependency graph	2026-10-03T16:05:11.9704256Z           "1.0",
source_go	Real Go source ownership and AST dependency graph	2026-10-03T16:05:11.9704316Z           "1e2",
source_go	Real Go source ownership and AST dependency graph	2026-10-03T16:05:11.9704379Z           "10e-1",
source_go	Real Go source ownership and AST dependency graph	2026-10-03T16:05:11.9704437Z           "0",
source_go	Real Go source ownership and AST dependency graph	2026-10-03T16:05:11.9704501Z           "limit",
source_go	Real Go source ownership and AST dependency graph	2026-10-03T16:05:11.9704553Z           "",
source_go	Real Go source ownership and AST dependency graph	2026-10-03T16:05:11.9704610Z           "0",
source_go	Real Go source ownership and AST dependency graph	2026-10-03T16:05:11.9704667Z           "",
source_go	Real Go source ownership and AST dependency graph	2026-10-03T16:05:11.9704918Z           "UPDATE conversation_members SET left_at=now() WHERE user_id=$1 AND conversation_id=$2",
source_go	Real Go source ownership and AST dependency graph	2026-10-03T16:05:11.9704976Z           "0",
source_go	Real Go source ownership and AST dependency graph	2026-10-03T16:05:11.9705028Z           "",
source_go	Real Go source ownership and AST dependency graph	2026-10-03T16:05:11.9705229Z           "UPDATE sessions SET session_epoch=session_epoch+1 WHERE user_id=$1",
source_go	Real Go source ownership and AST dependency graph	2026-10-03T16:05:11.9705323Z           "AUTH_SESSION_EPOCH_STALE",
source_go	Real Go source ownership and AST dependency graph	2026-10-03T16:05:11.9705568Z           "UPDATE sessions SET session_epoch=session_epoch-1,status='REVOKED' WHERE user_id=$1",
source_go	Real Go source ownership and AST dependency graph	2026-10-03T16:05:11.9705653Z           "AUTH_SESSION_REVOKED",
source_go	Real Go source ownership and AST dependency graph	2026-10-03T16:05:11.9705915Z           "UPDATE sessions SET status='ACTIVE',expires_at=now()-interval '1 second' WHERE user_id=$1",
source_go	Real Go source ownership and AST dependency graph	2026-10-03T16:05:11.9706000Z           "AUTH_SESSION_REVOKED",
source_go	Real Go source ownership and AST dependency graph	2026-10-03T16:05:11.9706057Z           "0",
source_go	Real Go source ownership and AST dependency graph	2026-10-03T16:05:11.9706113Z           "",
source_go	Real Go source ownership and AST dependency graph	2026-10-03T16:05:11.9706174Z           "error",
source_go	Real Go source ownership and AST dependency graph	2026-10-03T16:05:11.9706236Z           "code",
source_go	Real Go source ownership and AST dependency graph	2026-10-03T16:05:11.9706689Z           "SELECT count(*) FROM pg_stat_activity WHERE datname=current_database() AND wait_event_type='Lock' AND query LIKE 'SELECT u.user_id FROM users u WHERE u.user_id=%'",
source_go	Real Go source ownership and AST dependency graph	2026-10-03T16:05:11.9706826Z           "Sync did not wait for serialized producer",
source_go	Real Go source ownership and AST dependency graph	2026-10-03T16:05:11.9706980Z           "SELECT user_id FROM users WHERE user_id=$1 FOR UPDATE",
source_go	Real Go source ownership and AST dependency graph	2026-10-03T16:05:11.9707057Z           "friend.changed",
source_go	Real Go source ownership and AST dependency graph	2026-10-03T16:05:11.9707115Z           "0",
source_go	Real Go source ownership and AST dependency graph	2026-10-03T16:05:11.9707168Z           "",
source_go	Real Go source ownership and AST dependency graph	2026-10-03T16:05:11.9707321Z           "SELECT user_id FROM users WHERE user_id=$1 FOR UPDATE",
source_go	Real Go source ownership and AST dependency graph	2026-10-03T16:05:11.9707404Z           "membership.changed",
source_go	Real Go source ownership and AST dependency graph	2026-10-03T16:05:11.9707518Z           "read crossed uncommitted prefix",
source_go	Real Go source ownership and AST dependency graph	2026-10-03T16:05:11.9707596Z           "read blocked",
source_go	Real Go source ownership and AST dependency graph	2026-10-03T16:05:11.9707657Z           "events",
source_go	Real Go source ownership and AST dependency graph	2026-10-03T16:05:11.9707820Z           "late lower ID missing",
source_go	Real Go source ownership and AST dependency graph	2026-10-03T16:05:11.9707890Z           "nextCursor",
source_go	Real Go source ownership and AST dependency graph	2026-10-03T16:05:11.9707982Z           "conversation.changed",
source_go	Real Go source ownership and AST dependency graph	2026-10-03T16:05:11.9708038Z           "",
source_go	Real Go source ownership and AST dependency graph	2026-10-03T16:05:11.9708103Z           "events",
source_go	Real Go source ownership and AST dependency graph	2026-10-03T16:05:11.9708185Z           "later event missing",
source_go	Real Go source ownership and AST dependency graph	2026-10-03T16:05:11.9708337Z           "SELECT user_id FROM users WHERE user_id=$1 FOR UPDATE",
source_go	Real Go source ownership and AST dependency graph	2026-10-03T16:05:11.9708394Z           "",
source_go	Real Go source ownership and AST dependency graph	2026-10-03T16:05:11.9708607Z           "UPDATE sessions SET expires_at=now()-interval '1 second' WHERE user_id=$1",
source_go	Real Go source ownership and AST dependency graph	2026-10-03T16:05:11.9708688Z           "auth recheck hung",
source_go	Real Go source ownership and AST dependency graph	2026-10-03T16:05:11.9708762Z           "/v1/sync/user",
source_go	Real Go source ownership and AST dependency graph	2026-10-03T16:05:11.9709033Z           "/v1/sync/conversation",
source_go	Real Go source ownership and AST dependency graph	2026-10-03T16:05:11.9709089Z           "{",
source_go	Real Go source ownership and AST dependency graph	2026-10-03T16:05:11.9709172Z           "{\"requestId\":null}",
source_go	Real Go source ownership and AST dependency graph	2026-10-03T16:05:11.9709266Z           "{\"requestId\":\"invalid\"}",
source_go	Real Go source ownership and AST dependency graph	2026-10-03T16:05:11.9709323Z           "[]",
source_go	Real Go source ownership and AST dependency graph	2026-10-03T16:05:11.9709383Z           "POST",
source_go	Real Go source ownership and AST dependency graph	2026-10-03T16:05:11.9709467Z           "?accessToken=fake",
source_go	Real Go source ownership and AST dependency graph	2026-10-03T16:05:11.9709543Z           "Cache-Control",
source_go	Real Go source ownership and AST dependency graph	2026-10-03T16:05:11.9709613Z           "no-store",
source_go	Real Go source ownership and AST dependency graph	2026-10-03T16:05:11.9709785Z           "malformed failure",
source_go	Real Go source ownership and AST dependency graph	2026-10-03T16:05:11.9709851Z           "requestId",
source_go	Real Go source ownership and AST dependency graph	2026-10-03T16:05:11.9709919Z           "requestId",
source_go	Real Go source ownership and AST dependency graph	2026-10-03T16:05:11.9710012Z           "missing fresh server UUID",
source_go	Real Go source ownership and AST dependency graph	2026-10-03T16:05:11.9710071Z           "0",
source_go	Real Go source ownership and AST dependency graph	2026-10-03T16:05:11.9710143Z           "syncVersion",
source_go	Real Go source ownership and AST dependency graph	2026-10-03T16:05:11.9710197Z           "",
source_go	Real Go source ownership and AST dependency graph	2026-10-03T16:05:11.9710258Z           "POST",
source_go	Real Go source ownership and AST dependency graph	2026-10-03T16:05:11.9710370Z           "/v1/auth/login?accessToken=fake",
source_go	Real Go source ownership and AST dependency graph	2026-10-03T16:05:11.9710431Z           "{}",
source_go	Real Go source ownership and AST dependency graph	2026-10-03T16:05:11.9710549Z           "Authentication material is forbidden",
source_go	Real Go source ownership and AST dependency graph	2026-10-03T16:05:11.9710643Z           "legacy query rule changed",
source_go	Real Go source ownership and AST dependency graph	2026-10-03T16:05:11.9710724Z           "AUTH_TOKEN_EXPIRED",
source_go	Real Go source ownership and AST dependency graph	2026-10-03T16:05:11.9710787Z           "MOBILE",
source_go	Real Go source ownership and AST dependency graph	2026-10-03T16:05:11.9710881Z           "AUTH_CLIENT_TYPE_MISMATCH",
source_go	Real Go source ownership and AST dependency graph	2026-10-03T16:05:11.9710964Z           "AUTH_TOKEN_INVALID",
source_go	Real Go source ownership and AST dependency graph	2026-10-03T16:05:11.9711022Z           "0",
source_go	Real Go source ownership and AST dependency graph	2026-10-03T16:05:11.9711075Z           "",
source_go	Real Go source ownership and AST dependency graph	2026-10-03T16:05:11.9711141Z           "error",
source_go	Real Go source ownership and AST dependency graph	2026-10-03T16:05:11.9711201Z           "code",
source_go	Real Go source ownership and AST dependency graph	2026-10-03T16:05:11.9711268Z           "revoked",
source_go	Real Go source ownership and AST dependency graph	2026-10-03T16:05:11.9711422Z           "UPDATE sessions SET status='REVOKED' WHERE user_id=$1",
source_go	Real Go source ownership and AST dependency graph	2026-10-03T16:05:11.9711505Z           "AUTH_SESSION_REVOKED",
source_go	Real Go source ownership and AST dependency graph	2026-10-03T16:05:11.9711569Z           "epoch",
source_go	Real Go source ownership and AST dependency graph	2026-10-03T16:05:11.9711763Z           "UPDATE sessions SET session_epoch=session_epoch+1 WHERE user_id=$1",
source_go	Real Go source ownership and AST dependency graph	2026-10-03T16:05:11.9711857Z           "AUTH_SESSION_EPOCH_STALE",
source_go	Real Go source ownership and AST dependency graph	2026-10-03T16:05:11.9711929Z           "tokenexpiry",
source_go	Real Go source ownership and AST dependency graph	2026-10-03T16:05:11.9711985Z           "",
source_go	Real Go source ownership and AST dependency graph	2026-10-03T16:05:11.9712066Z           "AUTH_TOKEN_EXPIRED",
source_go	Real Go source ownership and AST dependency graph	2026-10-03T16:05:11.9712214Z           "SELECT user_id FROM users WHERE user_id=$1 FOR UPDATE",
source_go	Real Go source ownership and AST dependency graph	2026-10-03T16:05:11.9712272Z           "0",
source_go	Real Go source ownership and AST dependency graph	2026-10-03T16:05:11.9712327Z           "",
source_go	Real Go source ownership and AST dependency graph	2026-10-03T16:05:11.9712382Z           "",
source_go	Real Go source ownership and AST dependency graph	2026-10-03T16:05:11.9712442Z           "error",
source_go	Real Go source ownership and AST dependency graph	2026-10-03T16:05:11.9712505Z           "code",
source_go	Real Go source ownership and AST dependency graph	2026-10-03T16:05:11.9712563Z           "wait",
source_go	Real Go source ownership and AST dependency graph	2026-10-03T16:05:11.9712623Z           "0",
source_go	Real Go source ownership and AST dependency graph	2026-10-03T16:05:11.9712685Z           "POST",
source_go	Real Go source ownership and AST dependency graph	2026-10-03T16:05:11.9712758Z           "/v1/sync/user",
source_go	Real Go source ownership and AST dependency graph	2026-10-03T16:05:11.9712837Z           "Authorization",
source_go	Real Go source ownership and AST dependency graph	2026-10-03T16:05:11.9712902Z           "Bearer ",
source_go	Real Go source ownership and AST dependency graph	2026-10-03T16:05:11.9712993Z           "bounded pool read %d",
source_go	Real Go source ownership and AST dependency graph	2026-10-03T16:05:11.9713074Z           "pool starvation",
source_go	Real Go source ownership and AST dependency graph	2026-10-03T16:05:11.9713132Z           "1",
source_go	Real Go source ownership and AST dependency graph	2026-10-03T16:05:11.9713187Z           "0",
source_go	Real Go source ownership and AST dependency graph	2026-10-03T16:05:11.9713268Z           "9223372036854775807",
source_go	Real Go source ownership and AST dependency graph	2026-10-03T16:05:11.9713334Z           "e-70000",
source_go	Real Go source ownership and AST dependency graph	2026-10-03T16:05:11.9713388Z           "1",
source_go	Real Go source ownership and AST dependency graph	2026-10-03T16:05:11.9713447Z           "1e",
source_go	Real Go source ownership and AST dependency graph	2026-10-03T16:05:11.9713502Z           "9",
source_go	Real Go source ownership and AST dependency graph	2026-10-03T16:05:11.9713581Z           "9223372036854775807",
source_go	Real Go source ownership and AST dependency graph	2026-10-03T16:05:11.9713640Z           "0e-",
source_go	Real Go source ownership and AST dependency graph	2026-10-03T16:05:11.9713784Z           "9",
source_go	Real Go source ownership and AST dependency graph	2026-10-03T16:05:11.9713840Z           "0",
source_go	Real Go source ownership and AST dependency graph	2026-10-03T16:05:11.9713903Z           "-0.000e",
source_go	Real Go source ownership and AST dependency graph	2026-10-03T16:05:11.9713959Z           "9",
source_go	Real Go source ownership and AST dependency graph	2026-10-03T16:05:11.9714016Z           "0",
source_go	Real Go source ownership and AST dependency graph	2026-10-03T16:05:11.9714075Z           "1.0",
source_go	Real Go source ownership and AST dependency graph	2026-10-03T16:05:11.9714129Z           "1",
source_go	Real Go source ownership and AST dependency graph	2026-10-03T16:05:11.9714192Z           "100e-2",
source_go	Real Go source ownership and AST dependency graph	2026-10-03T16:05:11.9714246Z           "1",
source_go	Real Go source ownership and AST dependency graph	2026-10-03T16:05:11.9714307Z           "1e-2",
source_go	Real Go source ownership and AST dependency graph	2026-10-03T16:05:11.9714366Z           "0.5",
source_go	Real Go source ownership and AST dependency graph	2026-10-03T16:05:11.9714424Z           "-1.2",
source_go	Real Go source ownership and AST dependency graph	2026-10-03T16:05:11.9714482Z           "-1",
source_go	Real Go source ownership and AST dependency graph	2026-10-03T16:05:11.9714547Z           "0.0001e4",
source_go	Real Go source ownership and AST dependency graph	2026-10-03T16:05:11.9714605Z           "1",
source_go	Real Go source ownership and AST dependency graph	2026-10-03T16:05:11.9714669Z           "0.0001e3",
source_go	Real Go source ownership and AST dependency graph	2026-10-03T16:05:11.9714728Z           "0.5",
source_go	Real Go source ownership and AST dependency graph	2026-10-03T16:05:11.9714784Z           "001",
source_go	Real Go source ownership and AST dependency graph	2026-10-03T16:05:11.9714839Z           "",
source_go	Real Go source ownership and AST dependency graph	2026-10-03T16:05:11.9714896Z           "1.",
source_go	Real Go source ownership and AST dependency graph	2026-10-03T16:05:11.9714949Z           "",
source_go	Real Go source ownership and AST dependency graph	2026-10-03T16:05:11.9715009Z           "1e+",
source_go	Real Go source ownership and AST dependency graph	2026-10-03T16:05:11.9715067Z           "",
source_go	Real Go source ownership and AST dependency graph	2026-10-03T16:05:11.9715124Z           "-",
source_go	Real Go source ownership and AST dependency graph	2026-10-03T16:05:11.9715177Z           "",
source_go	Real Go source ownership and AST dependency graph	2026-10-03T16:05:11.9715239Z           "1e2x",
source_go	Real Go source ownership and AST dependency graph	2026-10-03T16:05:11.9715291Z           "",
source_go	Real Go source ownership and AST dependency graph	2026-10-03T16:05:11.9715411Z           "1e-",
source_go	Real Go source ownership and AST dependency graph	2026-10-03T16:05:11.9715465Z           "",
source_go	Real Go source ownership and AST dependency graph	2026-10-03T16:05:11.9715522Z           "1-2",
source_go	Real Go source ownership and AST dependency graph	2026-10-03T16:05:11.9715577Z           "",
source_go	Real Go source ownership and AST dependency graph	2026-10-03T16:05:11.9715633Z           "1 2",
source_go	Real Go source ownership and AST dependency graph	2026-10-03T16:05:11.9715687Z           "",
source_go	Real Go source ownership and AST dependency graph	2026-10-03T16:05:11.9715761Z           "{\"afterSeq\":",
source_go	Real Go source ownership and AST dependency graph	2026-10-03T16:05:11.9715817Z           "}",
source_go	Real Go source ownership and AST dependency graph	2026-10-03T16:05:11.9715904Z           "invalid original JSON",
source_go	Real Go source ownership and AST dependency graph	2026-10-03T16:05:11.9716028Z           "stream numeric validity input prefix %s",
source_go	Real Go source ownership and AST dependency graph	2026-10-03T16:05:11.9716105Z           "{\"afterSeq\":",
source_go	Real Go source ownership and AST dependency graph	2026-10-03T16:05:11.9716160Z           "}",
source_go	Real Go source ownership and AST dependency graph	2026-10-03T16:05:11.9716237Z           "normalized %s",
source_go	Real Go source ownership and AST dependency graph	2026-10-03T16:05:11.9716344Z           "unbounded normalization buffer",
source_go	Real Go source ownership and AST dependency graph	2026-10-03T16:05:11.9716497Z           " { \"cursor\" : \"123\\\\\\\"456 789\", \"limit\": 1.0 } ",
source_go	Real Go source ownership and AST dependency graph	2026-10-03T16:05:11.9716584Z           "\"123\\\\\\\"456 789\"",
source_go	Real Go source ownership and AST dependency graph	2026-10-03T16:05:11.9716674Z           "escaped string changed",
source_go	Real Go source ownership and AST dependency graph	2026-10-03T16:05:11.9716752Z           "{\"cursor\":\"",
source_go	Real Go source ownership and AST dependency graph	2026-10-03T16:05:11.9716811Z           "x",
source_go	Real Go source ownership and AST dependency graph	2026-10-03T16:05:11.9716869Z           "\"}",
source_go	Real Go source ownership and AST dependency graph	2026-10-03T16:05:11.9716984Z           "nonnumeric buffer boundary removed",
source_go	Real Go source ownership and AST dependency graph	2026-10-03T16:05:11.9717057Z           "{\"limit\":1}",
source_go	Real Go source ownership and AST dependency graph	2026-10-03T16:05:11.9717124Z           "[1,2.0,3e0]",
source_go	Real Go source ownership and AST dependency graph	2026-10-03T16:05:11.9717181Z           "1",
source_go	Real Go source ownership and AST dependency graph	2026-10-03T16:05:11.9717235Z           "1 ",
source_go	Real Go source ownership and AST dependency graph	2026-10-03T16:05:11.9717324Z           "EOF/delimiter handling",
source_go	Real Go source ownership and AST dependency graph	2026-10-03T16:05:11.9717381Z           "1",
source_go	Real Go source ownership and AST dependency graph	2026-10-03T16:05:11.9717436Z           "0",
source_go	Real Go source ownership and AST dependency graph	2026-10-03T16:05:11.9717494Z           "1e",
source_go	Real Go source ownership and AST dependency graph	2026-10-03T16:05:11.9717548Z           "9",
source_go	Real Go source ownership and AST dependency graph	2026-10-03T16:05:11.9717614Z           "e-70000",
source_go	Real Go source ownership and AST dependency graph	2026-10-03T16:05:11.9717669Z           "0",
source_go	Real Go source ownership and AST dependency graph	2026-10-03T16:05:11.9717732Z           "limit",
source_go	Real Go source ownership and AST dependency graph	2026-10-03T16:05:11.9717785Z           "",
source_go	Real Go source ownership and AST dependency graph	2026-10-03T16:05:11.9717846Z           "1e",
source_go	Real Go source ownership and AST dependency graph	2026-10-03T16:05:11.9717903Z           "9",
source_go	Real Go source ownership and AST dependency graph	2026-10-03T16:05:11.9717962Z           "-0e-",
source_go	Real Go source ownership and AST dependency graph	2026-10-03T16:05:11.9718018Z           "9",
source_go	Real Go source ownership and AST dependency graph	2026-10-03T16:05:11.9718077Z           "0.0e",
source_go	Real Go source ownership and AST dependency graph	2026-10-03T16:05:11.9718135Z           "9",
source_go	Real Go source ownership and AST dependency graph	2026-10-03T16:05:11.9718188Z           "",
source_go	Real Go source ownership and AST dependency graph	2026-10-03T16:05:11.9718248Z           "001",
source_go	Real Go source ownership and AST dependency graph	2026-10-03T16:05:11.9718303Z           "1.",
source_go	Real Go source ownership and AST dependency graph	2026-10-03T16:05:11.9718363Z           "1e+",
source_go	Real Go source ownership and AST dependency graph	2026-10-03T16:05:11.9718420Z           "-",
source_go	Real Go source ownership and AST dependency graph	2026-10-03T16:05:11.9718478Z           "1e2x",
source_go	Real Go source ownership and AST dependency graph	2026-10-03T16:05:11.9718538Z           "1e-",
source_go	Real Go source ownership and AST dependency graph	2026-10-03T16:05:11.9718594Z           "1-2",
source_go	Real Go source ownership and AST dependency graph	2026-10-03T16:05:11.9718652Z           "1 2",
source_go	Real Go source ownership and AST dependency graph	2026-10-03T16:05:11.9719101Z           "{\"syncVersion\":\"1.0\",\"type\":\"sync.user.request\",\"requestId\":\"%s\",\"cursor\":\"0\",\"limit\":%s}",
source_go	Real Go source ownership and AST dependency graph	2026-10-03T16:05:11.9719165Z           "POST",
source_go	Real Go source ownership and AST dependency graph	2026-10-03T16:05:11.9719239Z           "/v1/sync/user",
source_go	Real Go source ownership and AST dependency graph	2026-10-03T16:05:11.9719314Z           "Authorization",
source_go	Real Go source ownership and AST dependency graph	2026-10-03T16:05:11.9719381Z           "Bearer ",
source_go	Real Go source ownership and AST dependency graph	2026-10-03T16:05:11.9719595Z           "malformed original number legalized"
source_go	Real Go source ownership and AST dependency graph	2026-10-03T16:05:11.9719647Z         ]
source_go	Real Go source ownership and AST dependency graph	2026-10-03T16:05:11.9719694Z       },
source_go	Real Go source ownership and AST dependency graph	2026-10-03T16:05:11.9719743Z       {
source_go	Real Go source ownership and AST dependency graph	2026-10-03T16:05:11.9719837Z         "path": "core/sync_test.go",
source_go	Real Go source ownership and AST dependency graph	2026-10-03T16:05:11.9719911Z         "package": "core",
source_go	Real Go source ownership and AST dependency graph	2026-10-03T16:05:11.9719977Z         "imports": [
source_go	Real Go source ownership and AST dependency graph	2026-10-03T16:05:11.9720037Z           "bytes",
source_go	Real Go source ownership and AST dependency graph	2026-10-03T16:05:11.9720106Z           "context",
source_go	Real Go source ownership and AST dependency graph	2026-10-03T16:05:11.9720181Z           "encoding/json",
source_go	Real Go source ownership and AST dependency graph	2026-10-03T16:05:11.9720263Z           "net/http/httptest",
source_go	Real Go source ownership and AST dependency graph	2026-10-03T16:05:11.9720325Z           "testing"
source_go	Real Go source ownership and AST dependency graph	2026-10-03T16:05:11.9720376Z         ],
source_go	Real Go source ownership and AST dependency graph	2026-10-03T16:05:11.9720444Z         "functions": [
source_go	Real Go source ownership and AST dependency graph	2026-10-03T16:05:11.9720554Z           "TestAuthorizedHistoryGapPages",
source_go	Real Go source ownership and AST dependency graph	2026-10-03T16:05:11.9720691Z           "TestHistoryRequiresPresentIntegerAfterSeq"
source_go	Real Go source ownership and AST dependency graph	2026-10-03T16:05:11.9720740Z         ],
source_go	Real Go source ownership and AST dependency graph	2026-10-03T16:05:11.9720809Z         "types": null,
source_go	Real Go source ownership and AST dependency graph	2026-10-03T16:05:11.9720868Z         "calls": [
source_go	Real Go source ownership and AST dependency graph	2026-10-03T16:05:11.9720956Z           "newMessageFixture",
source_go	Real Go source ownership and AST dependency graph	2026-10-03T16:05:11.9721014Z           "uuid",
source_go	Real Go source ownership and AST dependency graph	2026-10-03T16:05:11.9721097Z           "f.s.commitMessage",
source_go	Real Go source ownership and AST dependency graph	2026-10-03T16:05:11.9721182Z           "context.Background",
source_go	Real Go source ownership and AST dependency graph	2026-10-03T16:05:11.9721363Z           "f.send",
source_go	Real Go source ownership and AST dependency graph	2026-10-03T16:05:11.9721429Z           "t.Fatal",
source_go	Real Go source ownership and AST dependency graph	2026-10-03T16:05:11.9721486Z           "uuid",
source_go	Real Go source ownership and AST dependency graph	2026-10-03T16:05:11.9721547Z           "int64",
source_go	Real Go source ownership and AST dependency graph	2026-10-03T16:05:11.9721620Z           "json.Marshal",
source_go	Real Go source ownership and AST dependency graph	2026-10-03T16:05:11.9721698Z           "f.s.codec.Sign",
source_go	Real Go source ownership and AST dependency graph	2026-10-03T16:05:11.9721783Z           "httptest.NewRequest",
source_go	Real Go source ownership and AST dependency graph	2026-10-03T16:05:11.9721861Z           "bytes.NewReader",
source_go	Real Go source ownership and AST dependency graph	2026-10-03T16:05:11.9721935Z           "r.Header.Set",
source_go	Real Go source ownership and AST dependency graph	2026-10-03T16:05:11.9722022Z           "httptest.NewRecorder",
source_go	Real Go source ownership and AST dependency graph	2026-10-03T16:05:11.9722118Z           "f.s.conversationHistory",
source_go	Real Go source ownership and AST dependency graph	2026-10-03T16:05:11.9722177Z           "call",
source_go	Real Go source ownership and AST dependency graph	2026-10-03T16:05:11.9722255Z           "json.Unmarshal",
source_go	Real Go source ownership and AST dependency graph	2026-10-03T16:05:11.9722327Z           "w.Body.Bytes",
source_go	Real Go source ownership and AST dependency graph	2026-10-03T16:05:11.9722387Z           "len",
source_go	Real Go source ownership and AST dependency graph	2026-10-03T16:05:11.9722455Z           "t.Fatal",
source_go	Real Go source ownership and AST dependency graph	2026-10-03T16:05:11.9722513Z           "call",
source_go	Real Go source ownership and AST dependency graph	2026-10-03T16:05:11.9722593Z           "json.Unmarshal",
source_go	Real Go source ownership and AST dependency graph	2026-10-03T16:05:11.9722665Z           "w.Body.Bytes",
source_go	Real Go source ownership and AST dependency graph	2026-10-03T16:05:11.9722728Z           "len",
source_go	Real Go source ownership and AST dependency graph	2026-10-03T16:05:11.9722791Z           "t.Fatal",
source_go	Real Go source ownership and AST dependency graph	2026-10-03T16:05:11.9722859Z           "f.db.Exec",
source_go	Real Go source ownership and AST dependency graph	2026-10-03T16:05:11.9722943Z           "context.Background",
source_go	Real Go source ownership and AST dependency graph	2026-10-03T16:05:11.9723003Z           "call",
source_go	Real Go source ownership and AST dependency graph	2026-10-03T16:05:11.9723068Z           "t.Fatal",
source_go	Real Go source ownership and AST dependency graph	2026-10-03T16:05:11.9723126Z           "call",
source_go	Real Go source ownership and AST dependency graph	2026-10-03T16:05:11.9723191Z           "t.Fatal",
source_go	Real Go source ownership and AST dependency graph	2026-10-03T16:05:11.9723270Z           "newMessageFixture",
source_go	Real Go source ownership and AST dependency graph	2026-10-03T16:05:11.9723330Z           "uuid",
source_go	Real Go source ownership and AST dependency graph	2026-10-03T16:05:11.9723410Z           "f.s.commitMessage",
source_go	Real Go source ownership and AST dependency graph	2026-10-03T16:05:11.9723498Z           "context.Background",
source_go	Real Go source ownership and AST dependency graph	2026-10-03T16:05:11.9723564Z           "f.send",
source_go	Real Go source ownership and AST dependency graph	2026-10-03T16:05:11.9723626Z           "t.Fatal",
source_go	Real Go source ownership and AST dependency graph	2026-10-03T16:05:11.9723687Z           "uuid",
source_go	Real Go source ownership and AST dependency graph	2026-10-03T16:05:11.9723763Z           "f.s.codec.Sign",
source_go	Real Go source ownership and AST dependency graph	2026-10-03T16:05:11.9723829Z           "t.Run",
source_go	Real Go source ownership and AST dependency graph	2026-10-03T16:05:11.9723902Z           "json.Marshal",
source_go	Real Go source ownership and AST dependency graph	2026-10-03T16:05:11.9723967Z           "t.Fatal",
source_go	Real Go source ownership and AST dependency graph	2026-10-03T16:05:11.9724052Z           "httptest.NewRequest",
source_go	Real Go source ownership and AST dependency graph	2026-10-03T16:05:11.9724136Z           "bytes.NewReader",
source_go	Real Go source ownership and AST dependency graph	2026-10-03T16:05:11.9724209Z           "r.Header.Set",
source_go	Real Go source ownership and AST dependency graph	2026-10-03T16:05:11.9724299Z           "httptest.NewRecorder",
source_go	Real Go source ownership and AST dependency graph	2026-10-03T16:05:11.9724395Z           "f.s.conversationHistory",
source_go	Real Go source ownership and AST dependency graph	2026-10-03T16:05:11.9724461Z           "t.Fatalf",
source_go	Real Go source ownership and AST dependency graph	2026-10-03T16:05:11.9724539Z           "json.Unmarshal",
source_go	Real Go source ownership and AST dependency graph	2026-10-03T16:05:11.9724611Z           "w.Body.Bytes",
source_go	Real Go source ownership and AST dependency graph	2026-10-03T16:05:11.9724676Z           "t.Fatal",
source_go	Real Go source ownership and AST dependency graph	2026-10-03T16:05:11.9724751Z           "json.Unmarshal",
source_go	Real Go source ownership and AST dependency graph	2026-10-03T16:05:11.9724825Z           "w.Body.Bytes",
source_go	Real Go source ownership and AST dependency graph	2026-10-03T16:05:11.9724887Z           "len",
source_go	Real Go source ownership and AST dependency graph	2026-10-03T16:05:11.9724947Z           "t.Fatal"
source_go	Real Go source ownership and AST dependency graph	2026-10-03T16:05:11.9724997Z         ],
source_go	Real Go source ownership and AST dependency graph	2026-10-03T16:05:11.9725060Z         "strings": [
source_go	Real Go source ownership and AST dependency graph	2026-10-03T16:05:11.9725120Z           "bytes",
source_go	Real Go source ownership and AST dependency graph	2026-10-03T16:05:11.9725247Z           "context",
source_go	Real Go source ownership and AST dependency graph	2026-10-03T16:05:11.9725325Z           "encoding/json",
source_go	Real Go source ownership and AST dependency graph	2026-10-03T16:05:11.9725406Z           "net/http/httptest",
source_go	Real Go source ownership and AST dependency graph	2026-10-03T16:05:11.9725471Z           "testing",
source_go	Real Go source ownership and AST dependency graph	2026-10-03T16:05:11.9725536Z           "history",
source_go	Real Go source ownership and AST dependency graph	2026-10-03T16:05:11.9725594Z           "1.0",
source_go	Real Go source ownership and AST dependency graph	2026-10-03T16:05:11.9725694Z           "sync.conversation.request",
source_go	Real Go source ownership and AST dependency graph	2026-10-03T16:05:11.9725753Z           "POST",
source_go	Real Go source ownership and AST dependency graph	2026-10-03T16:05:11.9725833Z           "/__core/history",
source_go	Real Go source ownership and AST dependency graph	2026-10-03T16:05:11.9725907Z           "Authorization",
source_go	Real Go source ownership and AST dependency graph	2026-10-03T16:05:11.9725973Z           "Bearer ",
source_go	Real Go source ownership and AST dependency graph	2026-10-03T16:05:11.9726054Z           "json:\"messages\"",
source_go	Real Go source ownership and AST dependency graph	2026-10-03T16:05:11.9726136Z           "json:\"hasMore\"",
source_go	Real Go source ownership and AST dependency graph	2026-10-03T16:05:11.9726223Z           "first gap page failed",
source_go	Real Go source ownership and AST dependency graph	2026-10-03T16:05:11.9726315Z           "terminal gap page failed",
source_go	Real Go source ownership and AST dependency graph	2026-10-03T16:05:11.9726565Z           "UPDATE conversation_members SET left_at=now() WHERE conversation_id=$1 AND user_id=$2",
source_go	Real Go source ownership and AST dependency graph	2026-10-03T16:05:11.9726665Z           "history leaks to nonmember",
source_go	Real Go source ownership and AST dependency graph	2026-10-03T16:05:11.9726779Z           "invalid canonical limit accepted",
source_go	Real Go source ownership and AST dependency graph	2026-10-03T16:05:11.9726848Z           "history",
source_go	Real Go source ownership and AST dependency graph	2026-10-03T16:05:11.9726910Z           "missing",
source_go	Real Go source ownership and AST dependency graph	2026-10-03T16:05:11.9727030Z           "null",
source_go	Real Go source ownership and AST dependency graph	2026-10-03T16:05:11.9727095Z           "negative",
source_go	Real Go source ownership and AST dependency graph	2026-10-03T16:05:11.9727160Z           "string",
source_go	Real Go source ownership and AST dependency graph	2026-10-03T16:05:11.9727215Z           "0",
source_go	Real Go source ownership and AST dependency graph	2026-10-03T16:05:11.9727282Z           "fraction",
source_go	Real Go source ownership and AST dependency graph	2026-10-03T16:05:11.9727342Z           "zero",
source_go	Real Go source ownership and AST dependency graph	2026-10-03T16:05:11.9727411Z           "positive",
source_go	Real Go source ownership and AST dependency graph	2026-10-03T16:05:11.9727484Z           "syncVersion",
source_go	Real Go source ownership and AST dependency graph	2026-10-03T16:05:11.9727541Z           "1.0",
source_go	Real Go source ownership and AST dependency graph	2026-10-03T16:05:11.9727602Z           "type",
source_go	Real Go source ownership and AST dependency graph	2026-10-03T16:05:11.9727700Z           "sync.conversation.request",
source_go	Real Go source ownership and AST dependency graph	2026-10-03T16:05:11.9727768Z           "requestId",
source_go	Real Go source ownership and AST dependency graph	2026-10-03T16:05:11.9727846Z           "conversationId",
source_go	Real Go source ownership and AST dependency graph	2026-10-03T16:05:11.9727908Z           "limit",
source_go	Real Go source ownership and AST dependency graph	2026-10-03T16:05:11.9727971Z           "afterSeq",
source_go	Real Go source ownership and AST dependency graph	2026-10-03T16:05:11.9728033Z           "POST",
source_go	Real Go source ownership and AST dependency graph	2026-10-03T16:05:11.9728114Z           "/__core/history",
source_go	Real Go source ownership and AST dependency graph	2026-10-03T16:05:11.9728189Z           "Authorization",
source_go	Real Go source ownership and AST dependency graph	2026-10-03T16:05:11.9728255Z           "Bearer ",
source_go	Real Go source ownership and AST dependency graph	2026-10-03T16:05:11.9728333Z           "HTTP %d, want %d",
source_go	Real Go source ownership and AST dependency graph	2026-10-03T16:05:11.9728415Z           "json:\"code\"",
source_go	Real Go source ownership and AST dependency graph	2026-10-03T16:05:11.9728491Z           "json:\"error\"",
source_go	Real Go source ownership and AST dependency graph	2026-10-03T16:05:11.9728573Z           "VALIDATION_FAILED",
source_go	Real Go source ownership and AST dependency graph	2026-10-03T16:05:11.9728700Z           "invalid request not rejected canonically",
source_go	Real Go source ownership and AST dependency graph	2026-10-03T16:05:11.9728859Z           "json:\"messages\"",
source_go	Real Go source ownership and AST dependency graph	2026-10-03T16:05:11.9728961Z           "valid cursor history differs"
source_go	Real Go source ownership and AST dependency graph	2026-10-03T16:05:11.9729010Z         ]
source_go	Real Go source ownership and AST dependency graph	2026-10-03T16:05:11.9729059Z       },
source_go	Real Go source ownership and AST dependency graph	2026-10-03T16:05:11.9729105Z       {
source_go	Real Go source ownership and AST dependency graph	2026-10-03T16:05:11.9729200Z         "path": "gateway/gateway.go",
source_go	Real Go source ownership and AST dependency graph	2026-10-03T16:05:11.9729276Z         "package": "gateway",
source_go	Real Go source ownership and AST dependency graph	2026-10-03T16:05:11.9729341Z         "imports": [
source_go	Real Go source ownership and AST dependency graph	2026-10-03T16:05:11.9729405Z           "bytes",
source_go	Real Go source ownership and AST dependency graph	2026-10-03T16:05:11.9729469Z           "context",
source_go	Real Go source ownership and AST dependency graph	2026-10-03T16:05:11.9729546Z           "encoding/json",
source_go	Real Go source ownership and AST dependency graph	2026-10-03T16:05:11.9729606Z           "io",
source_go	Real Go source ownership and AST dependency graph	2026-10-03T16:05:11.9729675Z           "net/http",
source_go	Real Go source ownership and AST dependency graph	2026-10-03T16:05:11.9729736Z           "regexp",
source_go	Real Go source ownership and AST dependency graph	2026-10-03T16:05:11.9729800Z           "strings",
source_go	Real Go source ownership and AST dependency graph	2026-10-03T16:05:11.9729861Z           "sync",
source_go	Real Go source ownership and AST dependency graph	2026-10-03T16:05:11.9729919Z           "time",
source_go	Real Go source ownership and AST dependency graph	2026-10-03T16:05:11.9730024Z           "github.com/gorilla/websocket",
source_go	Real Go source ownership and AST dependency graph	2026-10-03T16:05:11.9730127Z           "im-platform/backend/go/shared"
source_go	Real Go source ownership and AST dependency graph	2026-10-03T16:05:11.9730180Z         ],
source_go	Real Go source ownership and AST dependency graph	2026-10-03T16:05:11.9730245Z         "functions": [
source_go	Real Go source ownership and AST dependency graph	2026-10-03T16:05:11.9730315Z           "validUUID",
source_go	Real Go source ownership and AST dependency graph	2026-10-03T16:05:11.9730375Z           "newHub",
source_go	Real Go source ownership and AST dependency graph	2026-10-03T16:05:11.9730435Z           "send",
source_go	Real Go source ownership and AST dependency graph	2026-10-03T16:05:11.9730497Z           "close",
source_go	Real Go source ownership and AST dependency graph	2026-10-03T16:05:11.9730554Z           "add",
source_go	Real Go source ownership and AST dependency graph	2026-10-03T16:05:11.9730619Z           "remove",
source_go	Real Go source ownership and AST dependency graph	2026-10-03T16:05:11.9730678Z           "frame",
source_go	Real Go source ownership and AST dependency graph	2026-10-03T16:05:11.9730743Z           "revoke",
source_go	Real Go source ownership and AST dependency graph	2026-10-03T16:05:11.9730802Z           "serve",
source_go	Real Go source ownership and AST dependency graph	2026-10-03T16:05:11.9730865Z           "reject",
source_go	Real Go source ownership and AST dependency graph	2026-10-03T16:05:11.9731018Z           "watch",
source_go	Real Go source ownership and AST dependency graph	2026-10-03T16:05:11.9731090Z           "writeError",
source_go	Real Go source ownership and AST dependency graph	2026-10-03T16:05:11.9731157Z           "forward",
source_go	Real Go source ownership and AST dependency graph	2026-10-03T16:05:11.9731217Z           "fanout"
source_go	Real Go source ownership and AST dependency graph	2026-10-03T16:05:11.9731271Z         ],
source_go	Real Go source ownership and AST dependency graph	2026-10-03T16:05:11.9731329Z         "types": [
source_go	Real Go source ownership and AST dependency graph	2026-10-03T16:05:11.9731389Z           "hub",
source_go	Real Go source ownership and AST dependency graph	2026-10-03T16:05:11.9731459Z           "connection",
source_go	Real Go source ownership and AST dependency graph	2026-10-03T16:05:11.9731524Z           "envelope"
source_go	Real Go source ownership and AST dependency graph	2026-10-03T16:05:11.9731573Z         ],
source_go	Real Go source ownership and AST dependency graph	2026-10-03T16:05:11.9731634Z         "calls": [
source_go	Real Go source ownership and AST dependency graph	2026-10-03T16:05:11.9731721Z           "regexp.MustCompile",
source_go	Real Go source ownership and AST dependency graph	2026-10-03T16:05:11.9731822Z           "requestIDPattern.MatchString",
source_go	Real Go source ownership and AST dependency graph	2026-10-03T16:05:11.9731883Z           "make",
source_go	Real Go source ownership and AST dependency graph	2026-10-03T16:05:11.9731950Z           "c.mu.Lock",
source_go	Real Go source ownership and AST dependency graph	2026-10-03T16:05:11.9732024Z           "c.mu.Unlock",
source_go	Real Go source ownership and AST dependency graph	2026-10-03T16:05:11.9732097Z           "c.ws.WriteJSON",
source_go	Real Go source ownership and AST dependency graph	2026-10-03T16:05:11.9732167Z           "c.once.Do",
source_go	Real Go source ownership and AST dependency graph	2026-10-03T16:05:11.9732230Z           "close",
source_go	Real Go source ownership and AST dependency graph	2026-10-03T16:05:11.9732297Z           "c.mu.Lock",
source_go	Real Go source ownership and AST dependency graph	2026-10-03T16:05:11.9732374Z           "c.ws.Close",
source_go	Real Go source ownership and AST dependency graph	2026-10-03T16:05:11.9732446Z           "c.mu.Unlock",
source_go	Real Go source ownership and AST dependency graph	2026-10-03T16:05:11.9732515Z           "h.mu.Lock",
source_go	Real Go source ownership and AST dependency graph	2026-10-03T16:05:11.9732586Z           "h.mu.Unlock",
source_go	Real Go source ownership and AST dependency graph	2026-10-03T16:05:11.9732727Z           "make",
source_go	Real Go source ownership and AST dependency graph	2026-10-03T16:05:11.9732794Z           "h.mu.Lock",
source_go	Real Go source ownership and AST dependency graph	2026-10-03T16:05:11.9732868Z           "h.mu.Unlock",
source_go	Real Go source ownership and AST dependency graph	2026-10-03T16:05:11.9732931Z           "delete",
source_go	Real Go source ownership and AST dependency graph	2026-10-03T16:05:11.9732988Z           "len",
source_go	Real Go source ownership and AST dependency graph	2026-10-03T16:05:11.9733052Z           "delete",
source_go	Real Go source ownership and AST dependency graph	2026-10-03T16:05:11.9733119Z           "h.mu.Lock",
source_go	Real Go source ownership and AST dependency graph	2026-10-03T16:05:11.9733178Z           "make",
source_go	Real Go source ownership and AST dependency graph	2026-10-03T16:05:11.9733236Z           "len",
source_go	Real Go source ownership and AST dependency graph	2026-10-03T16:05:11.9733301Z           "append",
source_go	Real Go source ownership and AST dependency graph	2026-10-03T16:05:11.9733361Z           "delete",
source_go	Real Go source ownership and AST dependency graph	2026-10-03T16:05:11.9733433Z           "h.mu.Unlock",
source_go	Real Go source ownership and AST dependency graph	2026-10-03T16:05:11.9733505Z           "shared.UUID",
source_go	Real Go source ownership and AST dependency graph	2026-10-03T16:05:11.9733566Z           "c.send",
source_go	Real Go source ownership and AST dependency graph	2026-10-03T16:05:11.9733627Z           "frame",
source_go	Real Go source ownership and AST dependency graph	2026-10-03T16:05:11.9733691Z           "c.close",
source_go	Real Go source ownership and AST dependency graph	2026-10-03T16:05:11.9733752Z           "len",
source_go	Real Go source ownership and AST dependency graph	2026-10-03T16:05:11.9733821Z           "writeError",
source_go	Real Go source ownership and AST dependency graph	2026-10-03T16:05:11.9733892Z           "shared.Fail",
source_go	Real Go source ownership and AST dependency graph	2026-10-03T16:05:11.9733975Z           "upgrader.Upgrade",
source_go	Real Go source ownership and AST dependency graph	2026-10-03T16:05:11.9734039Z           "make",
source_go	Real Go source ownership and AST dependency graph	2026-10-03T16:05:11.9734105Z           "c.close",
source_go	Real Go source ownership and AST dependency graph	2026-10-03T16:05:11.9734158Z           "",
source_go	Real Go source ownership and AST dependency graph	2026-10-03T16:05:11.9734225Z           "h.remove",
source_go	Real Go source ownership and AST dependency graph	2026-10-03T16:05:11.9734302Z           "ws.SetReadLimit",
source_go	Real Go source ownership and AST dependency graph	2026-10-03T16:05:11.9734373Z           "ws.ReadJSON",
source_go	Real Go source ownership and AST dependency graph	2026-10-03T16:05:11.9734430Z           "len",
source_go	Real Go source ownership and AST dependency graph	2026-10-03T16:05:11.9734506Z           "json.Marshal",
source_go	Real Go source ownership and AST dependency graph	2026-10-03T16:05:11.9734583Z           "json.Unmarshal",
source_go	Real Go source ownership and AST dependency graph	2026-10-03T16:05:11.9734650Z           "validUUID",
source_go	Real Go source ownership and AST dependency graph	2026-10-03T16:05:11.9734710Z           "len",
source_go	Real Go source ownership and AST dependency graph	2026-10-03T16:05:11.9734786Z           "json.Unmarshal",
source_go	Real Go source ownership and AST dependency graph	2026-10-03T16:05:11.9734846Z           "len",
source_go	Real Go source ownership and AST dependency graph	2026-10-03T16:05:11.9734907Z           "c.send",
source_go	Real Go source ownership and AST dependency graph	2026-10-03T16:05:11.9734968Z           "frame",
source_go	Real Go source ownership and AST dependency graph	2026-10-03T16:05:11.9735028Z           "c.send",
source_go	Real Go source ownership and AST dependency graph	2026-10-03T16:05:11.9735091Z           "frame",
source_go	Real Go source ownership and AST dependency graph	2026-10-03T16:05:11.9735172Z           "json.Unmarshal",
source_go	Real Go source ownership and AST dependency graph	2026-10-03T16:05:11.9735236Z           "h.reject",
source_go	Real Go source ownership and AST dependency graph	2026-10-03T16:05:11.9735314Z           "json.Unmarshal",
source_go	Real Go source ownership and AST dependency graph	2026-10-03T16:05:11.9735373Z           "len",
source_go	Real Go source ownership and AST dependency graph	2026-10-03T16:05:11.9735439Z           "h.reject",
source_go	Real Go source ownership and AST dependency graph	2026-10-03T16:05:11.9735523Z           "h.auth.authenticate",
source_go	Real Go source ownership and AST dependency graph	2026-10-03T16:05:11.9735593Z           "r.Context",
source_go	Real Go source ownership and AST dependency graph	2026-10-03T16:05:11.9735659Z           "h.reject",
source_go	Real Go source ownership and AST dependency graph	2026-10-03T16:05:11.9735725Z           "h.reject",
source_go	Real Go source ownership and AST dependency graph	2026-10-03T16:05:11.9735787Z           "h.add",
source_go	Real Go source ownership and AST dependency graph	2026-10-03T16:05:11.9735848Z           "c.send",
source_go	Real Go source ownership and AST dependency graph	2026-10-03T16:05:11.9735911Z           "frame",
source_go	Real Go source ownership and AST dependency graph	2026-10-03T16:05:11.9735973Z           "h.watch",
source_go	Real Go source ownership and AST dependency graph	2026-10-03T16:05:11.9736035Z           ".Unix",
source_go	Real Go source ownership and AST dependency graph	2026-10-03T16:05:11.9736104Z           "h.auth.now",
source_go	Real Go source ownership and AST dependency graph	2026-10-03T16:05:11.9736175Z           "h.revoke",
source_go	Real Go source ownership and AST dependency graph	2026-10-03T16:05:11.9736241Z           "h.reject",
source_go	Real Go source ownership and AST dependency graph	2026-10-03T16:05:11.9736308Z           "h.forward",
source_go	Real Go source ownership and AST dependency graph	2026-10-03T16:05:11.9736377Z           "r.Context",
source_go	Real Go source ownership and AST dependency graph	2026-10-03T16:05:11.9736503Z           "c.send",
source_go	Real Go source ownership and AST dependency graph	2026-10-03T16:05:11.9736563Z           "frame",
source_go	Real Go source ownership and AST dependency graph	2026-10-03T16:05:11.9736637Z           "time.NewTicker",
source_go	Real Go source ownership and AST dependency graph	2026-10-03T16:05:11.9736709Z           "ticker.Stop",
source_go	Real Go source ownership and AST dependency graph	2026-10-03T16:05:11.9736799Z           "context.WithTimeout",
source_go	Real Go source ownership and AST dependency graph	2026-10-03T16:05:11.9736886Z           "context.Background",
source_go	Real Go source ownership and AST dependency graph	2026-10-03T16:05:11.9736969Z           "h.auth.authenticate",
source_go	Real Go source ownership and AST dependency graph	2026-10-03T16:05:11.9737063Z           "h.auth.revocationReason",
source_go	Real Go source ownership and AST dependency graph	2026-10-03T16:05:11.9737126Z           "cancel",
source_go	Real Go source ownership and AST dependency graph	2026-10-03T16:05:11.9737192Z           "h.revoke",
source_go	Real Go source ownership and AST dependency graph	2026-10-03T16:05:11.9737255Z           "cancel",
source_go	Real Go source ownership and AST dependency graph	2026-10-03T16:05:11.9737324Z           "shared.UUID",
source_go	Real Go source ownership and AST dependency graph	2026-10-03T16:05:11.9737385Z           ".Set",
source_go	Real Go source ownership and AST dependency graph	2026-10-03T16:05:11.9737449Z           "w.Header",
source_go	Real Go source ownership and AST dependency graph	2026-10-03T16:05:11.9737524Z           "w.WriteHeader",
source_go	Real Go source ownership and AST dependency graph	2026-10-03T16:05:11.9737592Z           ".Encode",
source_go	Real Go source ownership and AST dependency graph	2026-10-03T16:05:11.9737670Z           "json.NewEncoder",
source_go	Real Go source ownership and AST dependency graph	2026-10-03T16:05:11.9737747Z           "json.Unmarshal",
source_go	Real Go source ownership and AST dependency graph	2026-10-03T16:05:11.9737825Z           "strings.ToLower",
source_go	Real Go source ownership and AST dependency graph	2026-10-03T16:05:11.9737906Z           "strings.ToLower",
source_go	Real Go source ownership and AST dependency graph	2026-10-03T16:05:11.9737974Z           "c.mu.Lock",
source_go	Real Go source ownership and AST dependency graph	2026-10-03T16:05:11.9738034Z           "make",
source_go	Real Go source ownership and AST dependency graph	2026-10-03T16:05:11.9738107Z           "c.mu.Unlock",
source_go	Real Go source ownership and AST dependency graph	2026-10-03T16:05:11.9738228Z           "c.send",
source_go	Real Go source ownership and AST dependency graph	2026-10-03T16:05:11.9738289Z           "frame",
source_go	Real Go source ownership and AST dependency graph	2026-10-03T16:05:11.9738361Z           "json.Marshal",
source_go	Real Go source ownership and AST dependency graph	2026-10-03T16:05:11.9738424Z           "reject",
source_go	Real Go source ownership and AST dependency graph	2026-10-03T16:05:11.9738524Z           "http.NewRequestWithContext",
source_go	Real Go source ownership and AST dependency graph	2026-10-03T16:05:11.9738605Z           "strings.TrimRight",
source_go	Real Go source ownership and AST dependency graph	2026-10-03T16:05:11.9738680Z           "bytes.NewReader",
source_go	Real Go source ownership and AST dependency graph	2026-10-03T16:05:11.9738743Z           "reject",
source_go	Real Go source ownership and AST dependency graph	2026-10-03T16:05:11.9738896Z           "req.Header.Set",
source_go	Real Go source ownership and AST dependency graph	2026-10-03T16:05:11.9738970Z           "req.Header.Set",
source_go	Real Go source ownership and AST dependency graph	2026-10-03T16:05:11.9739042Z           "h.client.Do",
source_go	Real Go source ownership and AST dependency graph	2026-10-03T16:05:11.9739103Z           "reject",
source_go	Real Go source ownership and AST dependency graph	2026-10-03T16:05:11.9739193Z           "response.Body.Close",
source_go	Real Go source ownership and AST dependency graph	2026-10-03T16:05:11.9739259Z           ".Decode",
source_go	Real Go source ownership and AST dependency graph	2026-10-03T16:05:11.9739339Z           "json.NewDecoder",
source_go	Real Go source ownership and AST dependency graph	2026-10-03T16:05:11.9739418Z           "io.LimitReader",
source_go	Real Go source ownership and AST dependency graph	2026-10-03T16:05:11.9739498Z           "strings.EqualFold",
source_go	Real Go source ownership and AST dependency graph	2026-10-03T16:05:11.9739562Z           "reject",
source_go	Real Go source ownership and AST dependency graph	2026-10-03T16:05:11.9739639Z           "json.Unmarshal",
source_go	Real Go source ownership and AST dependency graph	2026-10-03T16:05:11.9739707Z           "reject",
source_go	Real Go source ownership and AST dependency graph	2026-10-03T16:05:11.9739773Z           "c.mu.Lock",
source_go	Real Go source ownership and AST dependency graph	2026-10-03T16:05:11.9739837Z           "delete",
source_go	Real Go source ownership and AST dependency graph	2026-10-03T16:05:11.9739908Z           "c.mu.Unlock",
source_go	Real Go source ownership and AST dependency graph	2026-10-03T16:05:11.9739971Z           "c.send",
source_go	Real Go source ownership and AST dependency graph	2026-10-03T16:05:11.9740038Z           "validUUID",
source_go	Real Go source ownership and AST dependency graph	2026-10-03T16:05:11.9740112Z           "json.Unmarshal",
source_go	Real Go source ownership and AST dependency graph	2026-10-03T16:05:11.9740181Z           "validUUID",
source_go	Real Go source ownership and AST dependency graph	2026-10-03T16:05:11.9740256Z           "json.Unmarshal",
source_go	Real Go source ownership and AST dependency graph	2026-10-03T16:05:11.9740325Z           "validUUID",
source_go	Real Go source ownership and AST dependency graph	2026-10-03T16:05:11.9740390Z           "validUUID",
source_go	Real Go source ownership and AST dependency graph	2026-10-03T16:05:11.9740458Z           "validUUID",
source_go	Real Go source ownership and AST dependency graph	2026-10-03T16:05:11.9740526Z           "time.Parse",
source_go	Real Go source ownership and AST dependency graph	2026-10-03T16:05:11.9740595Z           "h.mu.Lock",
source_go	Real Go source ownership and AST dependency graph	2026-10-03T16:05:11.9740658Z           "append",
source_go	Real Go source ownership and AST dependency graph	2026-10-03T16:05:11.9740730Z           "h.mu.Unlock",
source_go	Real Go source ownership and AST dependency graph	2026-10-03T16:05:11.9740810Z           "strings.ToLower",
source_go	Real Go source ownership and AST dependency graph	2026-10-03T16:05:11.9740887Z           "strings.ToLower",
source_go	Real Go source ownership and AST dependency graph	2026-10-03T16:05:11.9740948Z           ".Unix",
source_go	Real Go source ownership and AST dependency graph	2026-10-03T16:05:11.9741019Z           "h.auth.now",
source_go	Real Go source ownership and AST dependency graph	2026-10-03T16:05:11.9741089Z           "c.mu.Lock",
source_go	Real Go source ownership and AST dependency graph	2026-10-03T16:05:11.9741164Z           "c.mu.Unlock",
source_go	Real Go source ownership and AST dependency graph	2026-10-03T16:05:11.9741225Z           "c.send"
source_go	Real Go source ownership and AST dependency graph	2026-10-03T16:05:11.9741277Z         ],
source_go	Real Go source ownership and AST dependency graph	2026-10-03T16:05:11.9741339Z         "strings": [
source_go	Real Go source ownership and AST dependency graph	2026-10-03T16:05:11.9741401Z           "bytes",
source_go	Real Go source ownership and AST dependency graph	2026-10-03T16:05:11.9741467Z           "context",
source_go	Real Go source ownership and AST dependency graph	2026-10-03T16:05:11.9741545Z           "encoding/json",
source_go	Real Go source ownership and AST dependency graph	2026-10-03T16:05:11.9741602Z           "io",
source_go	Real Go source ownership and AST dependency graph	2026-10-03T16:05:11.9741670Z           "net/http",
source_go	Real Go source ownership and AST dependency graph	2026-10-03T16:05:11.9741734Z           "regexp",
source_go	Real Go source ownership and AST dependency graph	2026-10-03T16:05:11.9741798Z           "strings",
source_go	Real Go source ownership and AST dependency graph	2026-10-03T16:05:11.9741859Z           "sync",
source_go	Real Go source ownership and AST dependency graph	2026-10-03T16:05:11.9741917Z           "time",
source_go	Real Go source ownership and AST dependency graph	2026-10-03T16:05:11.9742022Z           "github.com/gorilla/websocket",
source_go	Real Go source ownership and AST dependency graph	2026-10-03T16:05:11.9742220Z           "im-platform/backend/go/shared",
source_go	Real Go source ownership and AST dependency graph	2026-10-03T16:05:11.9742325Z           "json:\"protocolVersion\"",
source_go	Real Go source ownership and AST dependency graph	2026-10-03T16:05:11.9742401Z           "json:\"type\"",
source_go	Real Go source ownership and AST dependency graph	2026-10-03T16:05:11.9742488Z           "json:\"requestId\"",
source_go	Real Go source ownership and AST dependency graph	2026-10-03T16:05:11.9742572Z           "json:\"payload\"",
source_go	Real Go source ownership and AST dependency graph	2026-10-03T16:05:11.9742778Z           "^[0-9a-fA-F]{8}-[0-9a-fA-F]{4}-[0-9a-fA-F]{4}-[0-9a-fA-F]{4}-[0-9a-fA-F]{12}$",
source_go	Real Go source ownership and AST dependency graph	2026-10-03T16:05:11.9742864Z           "protocolVersion",
source_go	Real Go source ownership and AST dependency graph	2026-10-03T16:05:11.9742922Z           "1.0",
source_go	Real Go source ownership and AST dependency graph	2026-10-03T16:05:11.9742984Z           "type",
source_go	Real Go source ownership and AST dependency graph	2026-10-03T16:05:11.9743051Z           "requestId",
source_go	Real Go source ownership and AST dependency graph	2026-10-03T16:05:11.9743121Z           "payload",
source_go	Real Go source ownership and AST dependency graph	2026-10-03T16:05:11.9743203Z           "session.revoked",
source_go	Real Go source ownership and AST dependency graph	2026-10-03T16:05:11.9743272Z           "sessionId",
source_go	Real Go source ownership and AST dependency graph	2026-10-03T16:05:11.9743337Z           "reason",
source_go	Real Go source ownership and AST dependency graph	2026-10-03T16:05:11.9743417Z           "VALIDATION_FAILED",
source_go	Real Go source ownership and AST dependency graph	2026-10-03T16:05:11.9743592Z           "Query parameters are not permitted on WebSocket upgrade.",
source_go	Real Go source ownership and AST dependency graph	2026-10-03T16:05:11.9743651Z           "1.0",
source_go	Real Go source ownership and AST dependency graph	2026-10-03T16:05:11.9743717Z           "ping",
source_go	Real Go source ownership and AST dependency graph	2026-10-03T16:05:11.9743778Z           "pong",
source_go	Real Go source ownership and AST dependency graph	2026-10-03T16:05:11.9743838Z           "ping",
source_go	Real Go source ownership and AST dependency graph	2026-10-03T16:05:11.9743900Z           "pong",
source_go	Real Go source ownership and AST dependency graph	2026-10-03T16:05:11.9744047Z           "auth.bind",
source_go	Real Go source ownership and AST dependency graph	2026-10-03T16:05:11.9744120Z           "message.send",
source_go	Real Go source ownership and AST dependency graph	2026-10-03T16:05:11.9744190Z           "message.ack",
source_go	Real Go source ownership and AST dependency graph	2026-10-03T16:05:11.9744254Z           "status",
source_go	Real Go source ownership and AST dependency graph	2026-10-03T16:05:11.9744319Z           "rejected",
source_go	Real Go source ownership and AST dependency graph	2026-10-03T16:05:11.9744381Z           "error",
source_go	Real Go source ownership and AST dependency graph	2026-10-03T16:05:11.9744442Z           "code",
source_go	Real Go source ownership and AST dependency graph	2026-10-03T16:05:11.9744515Z           "AUTH_REQUIRED",
source_go	Real Go source ownership and AST dependency graph	2026-10-03T16:05:11.9744579Z           "message",
source_go	Real Go source ownership and AST dependency graph	2026-10-03T16:05:11.9744658Z           "Request rejected",
source_go	Real Go source ownership and AST dependency graph	2026-10-03T16:05:11.9744749Z           "json:\"accessToken\"",
source_go	Real Go source ownership and AST dependency graph	2026-10-03T16:05:11.9744803Z           "",
source_go	Real Go source ownership and AST dependency graph	2026-10-03T16:05:11.9744885Z           "VALIDATION_FAILED",
source_go	Real Go source ownership and AST dependency graph	2026-10-03T16:05:11.9744978Z           "Access token is required.",
source_go	Real Go source ownership and AST dependency graph	2026-10-03T16:05:11.9745058Z           "VALIDATION_FAILED",
source_go	Real Go source ownership and AST dependency graph	2026-10-03T16:05:11.9745171Z           "Auth binding payload is invalid.",
source_go	Real Go source ownership and AST dependency graph	2026-10-03T16:05:11.9745252Z           "AUTH_TOKEN_INVALID",
source_go	Real Go source ownership and AST dependency graph	2026-10-03T16:05:11.9745347Z           "Access token is invalid.",
source_go	Real Go source ownership and AST dependency graph	2026-10-03T16:05:11.9745416Z           "auth.ack",
source_go	Real Go source ownership and AST dependency graph	2026-10-03T16:05:11.9745480Z           "status",
source_go	Real Go source ownership and AST dependency graph	2026-10-03T16:05:11.9745540Z           "bound",
source_go	Real Go source ownership and AST dependency graph	2026-10-03T16:05:11.9745603Z           "userId",
source_go	Real Go source ownership and AST dependency graph	2026-10-03T16:05:11.9745674Z           "sessionId",
source_go	Real Go source ownership and AST dependency graph	2026-10-03T16:05:11.9745742Z           "clientType",
source_go	Real Go source ownership and AST dependency graph	2026-10-03T16:05:11.9745820Z           "sessionEpoch",
source_go	Real Go source ownership and AST dependency graph	2026-10-03T16:05:11.9745883Z           "REVOKED",
source_go	Real Go source ownership and AST dependency graph	2026-10-03T16:05:11.9745952Z           "auth.bind",
source_go	Real Go source ownership and AST dependency graph	2026-10-03T16:05:11.9746030Z           "VALIDATION_FAILED",
source_go	Real Go source ownership and AST dependency graph	2026-10-03T16:05:11.9746133Z           "Connection is already bound.",
source_go	Real Go source ownership and AST dependency graph	2026-10-03T16:05:11.9746206Z           "message.send",
source_go	Real Go source ownership and AST dependency graph	2026-10-03T16:05:11.9746272Z           "auth.ack",
source_go	Real Go source ownership and AST dependency graph	2026-10-03T16:05:11.9746335Z           "status",
source_go	Real Go source ownership and AST dependency graph	2026-10-03T16:05:11.9746400Z           "rejected",
source_go	Real Go source ownership and AST dependency graph	2026-10-03T16:05:11.9746462Z           "error",
source_go	Real Go source ownership and AST dependency graph	2026-10-03T16:05:11.9746524Z           "code",
source_go	Real Go source ownership and AST dependency graph	2026-10-03T16:05:11.9746587Z           "message",
source_go	Real Go source ownership and AST dependency graph	2026-10-03T16:05:11.9746664Z           "Request rejected",
source_go	Real Go source ownership and AST dependency graph	2026-10-03T16:05:11.9746740Z           "INTERNAL_ERROR",
source_go	Real Go source ownership and AST dependency graph	2026-10-03T16:05:11.9746834Z           "Internal server error.",
source_go	Real Go source ownership and AST dependency graph	2026-10-03T16:05:11.9746908Z           "Content-Type",
source_go	Real Go source ownership and AST dependency graph	2026-10-03T16:05:11.9746991Z           "application/json",
source_go	Real Go source ownership and AST dependency graph	2026-10-03T16:05:11.9747051Z           "error",
source_go	Real Go source ownership and AST dependency graph	2026-10-03T16:05:11.9747113Z           "code",
source_go	Real Go source ownership and AST dependency graph	2026-10-03T16:05:11.9747176Z           "message",
source_go	Real Go source ownership and AST dependency graph	2026-10-03T16:05:11.9747245Z           "requestId",
source_go	Real Go source ownership and AST dependency graph	2026-10-03T16:05:11.9747339Z           "json:\"conversationId\"",
source_go	Real Go source ownership and AST dependency graph	2026-10-03T16:05:11.9747396Z           ":",
source_go	Real Go source ownership and AST dependency graph	2026-10-03T16:05:11.9747468Z           "message.ack",
source_go	Real Go source ownership and AST dependency graph	2026-10-03T16:05:11.9747529Z           "status",
source_go	Real Go source ownership and AST dependency graph	2026-10-03T16:05:11.9747594Z           "rejected",
source_go	Real Go source ownership and AST dependency graph	2026-10-03T16:05:11.9747654Z           "error",
source_go	Real Go source ownership and AST dependency graph	2026-10-03T16:05:11.9747715Z           "code",
source_go	Real Go source ownership and AST dependency graph	2026-10-03T16:05:11.9747803Z           "MESSAGE_COMMIT_FAILED",
source_go	Real Go source ownership and AST dependency graph	2026-10-03T16:05:11.9747935Z           "message",
source_go	Real Go source ownership and AST dependency graph	2026-10-03T16:05:11.9748012Z           "Request rejected",
source_go	Real Go source ownership and AST dependency graph	2026-10-03T16:05:11.9748074Z           "POST",
source_go	Real Go source ownership and AST dependency graph	2026-10-03T16:05:11.9748131Z           "/",
source_go	Real Go source ownership and AST dependency graph	2026-10-03T16:05:11.9748210Z           "/__core/message",
source_go	Real Go source ownership and AST dependency graph	2026-10-03T16:05:11.9748287Z           "Authorization",
source_go	Real Go source ownership and AST dependency graph	2026-10-03T16:05:11.9748352Z           "Bearer ",
source_go	Real Go source ownership and AST dependency graph	2026-10-03T16:05:11.9748428Z           "Content-Type",
source_go	Real Go source ownership and AST dependency graph	2026-10-03T16:05:11.9748507Z           "application/json",
source_go	Real Go source ownership and AST dependency graph	2026-10-03T16:05:11.9748568Z           "1.0",
source_go	Real Go source ownership and AST dependency graph	2026-10-03T16:05:11.9748640Z           "message.ack",
source_go	Real Go source ownership and AST dependency graph	2026-10-03T16:05:11.9748717Z           "json:\"status\"",
source_go	Real Go source ownership and AST dependency graph	2026-10-03T16:05:11.9748906Z           "committed",
source_go	Real Go source ownership and AST dependency graph	2026-10-03T16:05:11.9748965Z           "1.0",
source_go	Real Go source ownership and AST dependency graph	2026-10-03T16:05:11.9749044Z           "message.created",
source_go	Real Go source ownership and AST dependency graph	2026-10-03T16:05:11.9749138Z           "json:\"conversationId\"",
source_go	Real Go source ownership and AST dependency graph	2026-10-03T16:05:11.9749222Z           "json:\"messageId\"",
source_go	Real Go source ownership and AST dependency graph	2026-10-03T16:05:11.9749302Z           "json:\"senderId\"",
source_go	Real Go source ownership and AST dependency graph	2026-10-03T16:05:11.9749376Z           "json:\"seq\"",
source_go	Real Go source ownership and AST dependency graph	2026-10-03T16:05:11.9749464Z           "json:\"createdAt\"",
source_go	Real Go source ownership and AST dependency graph	2026-10-03T16:05:11.9749538Z           "json:\"kind\"",
source_go	Real Go source ownership and AST dependency graph	2026-10-03T16:05:11.9749614Z           "json:\"text\"",
source_go	Real Go source ownership and AST dependency graph	2026-10-03T16:05:11.9749782Z           "json:\"content\"",
source_go	Real Go source ownership and AST dependency graph	2026-10-03T16:05:11.9749842Z           "TEXT",
source_go	Real Go source ownership and AST dependency graph	2026-10-03T16:05:11.9749895Z           ":"
source_go	Real Go source ownership and AST dependency graph	2026-10-03T16:05:11.9749945Z         ]
source_go	Real Go source ownership and AST dependency graph	2026-10-03T16:05:11.9749991Z       },
source_go	Real Go source ownership and AST dependency graph	2026-10-03T16:05:11.9750039Z       {
source_go	Real Go source ownership and AST dependency graph	2026-10-03T16:05:11.9750127Z         "path": "gateway/http.go",
source_go	Real Go source ownership and AST dependency graph	2026-10-03T16:05:11.9750201Z         "package": "gateway",
source_go	Real Go source ownership and AST dependency graph	2026-10-03T16:05:11.9750267Z         "imports": [
source_go	Real Go source ownership and AST dependency graph	2026-10-03T16:05:11.9750341Z           "crypto/sha1",
source_go	Real Go source ownership and AST dependency graph	2026-10-03T16:05:11.9750421Z           "encoding/base64",
source_go	Real Go source ownership and AST dependency graph	2026-10-03T16:05:11.9750496Z           "encoding/json",
source_go	Real Go source ownership and AST dependency graph	2026-10-03T16:05:11.9750608Z           "github.com/jackc/pgx/v5/pgxpool",
source_go	Real Go source ownership and AST dependency graph	2026-10-03T16:05:11.9750711Z           "github.com/nats-io/nats.go",
source_go	Real Go source ownership and AST dependency graph	2026-10-03T16:05:11.9750816Z           "im-platform/backend/go/shared",
source_go	Real Go source ownership and AST dependency graph	2026-10-03T16:05:11.9750886Z           "net/http",
source_go	Real Go source ownership and AST dependency graph	2026-10-03T16:05:11.9750966Z           "net/http/httputil",
source_go	Real Go source ownership and AST dependency graph	2026-10-03T16:05:11.9751031Z           "net/url",
source_go	Real Go source ownership and AST dependency graph	2026-10-03T16:05:11.9751093Z           "strings",
source_go	Real Go source ownership and AST dependency graph	2026-10-03T16:05:11.9751158Z           "time"
source_go	Real Go source ownership and AST dependency graph	2026-10-03T16:05:11.9751207Z         ],
source_go	Real Go source ownership and AST dependency graph	2026-10-03T16:05:11.9751275Z         "functions": [
source_go	Real Go source ownership and AST dependency graph	2026-10-03T16:05:11.9751343Z           "NewHandler"
source_go	Real Go source ownership and AST dependency graph	2026-10-03T16:05:11.9751392Z         ],
source_go	Real Go source ownership and AST dependency graph	2026-10-03T16:05:11.9751460Z         "types": null,
source_go	Real Go source ownership and AST dependency graph	2026-10-03T16:05:11.9751517Z         "calls": [
source_go	Real Go source ownership and AST dependency graph	2026-10-03T16:05:11.9751581Z           "newHub",
source_go	Real Go source ownership and AST dependency graph	2026-10-03T16:05:11.9751652Z           "nc.Subscribe",
source_go	Real Go source ownership and AST dependency graph	2026-10-03T16:05:11.9751731Z           "json.Unmarshal",
source_go	Real Go source ownership and AST dependency graph	2026-10-03T16:05:11.9751797Z           "h.revoke",
source_go	Real Go source ownership and AST dependency graph	2026-10-03T16:05:11.9751872Z           "nc.Subscribe",
source_go	Real Go source ownership and AST dependency graph	2026-10-03T16:05:11.9751941Z           "h.fanout",
source_go	Real Go source ownership and AST dependency graph	2026-10-03T16:05:11.9752024Z           "strings.TrimPrefix",
source_go	Real Go source ownership and AST dependency graph	2026-10-03T16:05:11.9752091Z           "nc.Flush",
source_go	Real Go source ownership and AST dependency graph	2026-10-03T16:05:11.9752167Z           "shared.InfraMux",
source_go	Real Go source ownership and AST dependency graph	2026-10-03T16:05:11.9752242Z           "m.HandleFunc",
source_go	Real Go source ownership and AST dependency graph	2026-10-03T16:05:11.9752324Z           "strings.EqualFold",
source_go	Real Go source ownership and AST dependency graph	2026-10-03T16:05:11.9752396Z           "r.Header.Get",
source_go	Real Go source ownership and AST dependency graph	2026-10-03T16:05:11.9752468Z           "r.Header.Get",
source_go	Real Go source ownership and AST dependency graph	2026-10-03T16:05:11.9752546Z           "http.NotFound",
source_go	Real Go source ownership and AST dependency graph	2026-10-03T16:05:11.9752613Z           "sha1.Sum",
source_go	Real Go source ownership and AST dependency graph	2026-10-03T16:05:11.9752666Z           "",
source_go	Real Go source ownership and AST dependency graph	2026-10-03T16:05:11.9752738Z           "r.Header.Get",
source_go	Real Go source ownership and AST dependency graph	2026-10-03T16:05:11.9752797Z           ".Set",
source_go	Real Go source ownership and AST dependency graph	2026-10-03T16:05:11.9752863Z           "w.Header",
source_go	Real Go source ownership and AST dependency graph	2026-10-03T16:05:11.9752921Z           ".Set",
source_go	Real Go source ownership and AST dependency graph	2026-10-03T16:05:11.9752987Z           "w.Header",
source_go	Real Go source ownership and AST dependency graph	2026-10-03T16:05:11.9753046Z           ".Set",
source_go	Real Go source ownership and AST dependency graph	2026-10-03T16:05:11.9753111Z           "w.Header",
source_go	Real Go source ownership and AST dependency graph	2026-10-03T16:05:11.9753230Z           "base64.StdEncoding.EncodeToString",
source_go	Real Go source ownership and AST dependency graph	2026-10-03T16:05:11.9753304Z           "w.WriteHeader",
source_go	Real Go source ownership and AST dependency graph	2026-10-03T16:05:11.9753378Z           "m.HandleFunc",
source_go	Real Go source ownership and AST dependency graph	2026-10-03T16:05:11.9753445Z           "url.Parse",
source_go	Real Go source ownership and AST dependency graph	2026-10-03T16:05:11.9753512Z           "m.Handle",
source_go	Real Go source ownership and AST dependency graph	2026-10-03T16:05:11.9753721Z           "httputil.NewSingleHostReverseProxy"
source_go	Real Go source ownership and AST dependency graph	2026-10-03T16:05:11.9753771Z         ],
source_go	Real Go source ownership and AST dependency graph	2026-10-03T16:05:11.9753834Z         "strings": [
source_go	Real Go source ownership and AST dependency graph	2026-10-03T16:05:11.9753906Z           "crypto/sha1",
source_go	Real Go source ownership and AST dependency graph	2026-10-03T16:05:11.9753988Z           "encoding/base64",
source_go	Real Go source ownership and AST dependency graph	2026-10-03T16:05:11.9754062Z           "encoding/json",
source_go	Real Go source ownership and AST dependency graph	2026-10-03T16:05:11.9754172Z           "github.com/jackc/pgx/v5/pgxpool",
source_go	Real Go source ownership and AST dependency graph	2026-10-03T16:05:11.9754272Z           "github.com/nats-io/nats.go",
source_go	Real Go source ownership and AST dependency graph	2026-10-03T16:05:11.9754381Z           "im-platform/backend/go/shared",
source_go	Real Go source ownership and AST dependency graph	2026-10-03T16:05:11.9754449Z           "net/http",
source_go	Real Go source ownership and AST dependency graph	2026-10-03T16:05:11.9754529Z           "net/http/httputil",
source_go	Real Go source ownership and AST dependency graph	2026-10-03T16:05:11.9754595Z           "net/url",
source_go	Real Go source ownership and AST dependency graph	2026-10-03T16:05:11.9754658Z           "strings",
source_go	Real Go source ownership and AST dependency graph	2026-10-03T16:05:11.9754717Z           "time",
source_go	Real Go source ownership and AST dependency graph	2026-10-03T16:05:11.9754796Z           "session.revoked",
source_go	Real Go source ownership and AST dependency graph	2026-10-03T16:05:11.9754882Z           "json:\"sessionId\"",
source_go	Real Go source ownership and AST dependency graph	2026-10-03T16:05:11.9754962Z           "json:\"reason\"",
source_go	Real Go source ownership and AST dependency graph	2026-10-03T16:05:11.9755043Z           "message.created.*",
source_go	Real Go source ownership and AST dependency graph	2026-10-03T16:05:11.9755127Z           "message.created.",
source_go	Real Go source ownership and AST dependency graph	2026-10-03T16:05:11.9755190Z           "gateway",
source_go	Real Go source ownership and AST dependency graph	2026-10-03T16:05:11.9755261Z           "/__infra/ws",
source_go	Real Go source ownership and AST dependency graph	2026-10-03T16:05:11.9755324Z           "Upgrade",
source_go	Real Go source ownership and AST dependency graph	2026-10-03T16:05:11.9755453Z           "websocket",
source_go	Real Go source ownership and AST dependency graph	2026-10-03T16:05:11.9755534Z           "Sec-WebSocket-Key",
source_go	Real Go source ownership and AST dependency graph	2026-10-03T16:05:11.9755590Z           "",
source_go	Real Go source ownership and AST dependency graph	2026-10-03T16:05:11.9755672Z           "Sec-WebSocket-Key",
source_go	Real Go source ownership and AST dependency graph	2026-10-03T16:05:11.9755787Z           "258EAFA5-E914-47DA-95CA-C5AB0DC85B11",
source_go	Real Go source ownership and AST dependency graph	2026-10-03T16:05:11.9755854Z           "Upgrade",
source_go	Real Go source ownership and AST dependency graph	2026-10-03T16:05:11.9755922Z           "websocket",
source_go	Real Go source ownership and AST dependency graph	2026-10-03T16:05:11.9755994Z           "Connection",
source_go	Real Go source ownership and AST dependency graph	2026-10-03T16:05:11.9756058Z           "Upgrade",
source_go	Real Go source ownership and AST dependency graph	2026-10-03T16:05:11.9756149Z           "Sec-WebSocket-Accept",
source_go	Real Go source ownership and AST dependency graph	2026-10-03T16:05:11.9756219Z           "GET /v1/ws",
source_go	Real Go source ownership and AST dependency graph	2026-10-03T16:05:11.9756276Z           "/v1/"
source_go	Real Go source ownership and AST dependency graph	2026-10-03T16:05:11.9756327Z         ]
source_go	Real Go source ownership and AST dependency graph	2026-10-03T16:05:11.9756373Z       },
source_go	Real Go source ownership and AST dependency graph	2026-10-03T16:05:11.9756420Z       {
source_go	Real Go source ownership and AST dependency graph	2026-10-03T16:05:11.9756516Z         "path": "gateway/message_test.go",
source_go	Real Go source ownership and AST dependency graph	2026-10-03T16:05:11.9756596Z         "package": "gateway",
source_go	Real Go source ownership and AST dependency graph	2026-10-03T16:05:11.9756660Z         "imports": [
source_go	Real Go source ownership and AST dependency graph	2026-10-03T16:05:11.9756738Z           "encoding/json",
source_go	Real Go source ownership and AST dependency graph	2026-10-03T16:05:11.9756845Z           "github.com/gorilla/websocket",
source_go	Real Go source ownership and AST dependency graph	2026-10-03T16:05:11.9756947Z           "im-platform/backend/go/shared",
source_go	Real Go source ownership and AST dependency graph	2026-10-03T16:05:11.9757014Z           "net/http",
source_go	Real Go source ownership and AST dependency graph	2026-10-03T16:05:11.9757092Z           "net/http/httptest",
source_go	Real Go source ownership and AST dependency graph	2026-10-03T16:05:11.9757157Z           "strings",
source_go	Real Go source ownership and AST dependency graph	2026-10-03T16:05:11.9757219Z           "testing",
source_go	Real Go source ownership and AST dependency graph	2026-10-03T16:05:11.9757278Z           "time"
source_go	Real Go source ownership and AST dependency graph	2026-10-03T16:05:11.9757326Z         ],
source_go	Real Go source ownership and AST dependency graph	2026-10-03T16:05:11.9757396Z         "functions": [
source_go	Real Go source ownership and AST dependency graph	2026-10-03T16:05:11.9757569Z           "TestPrivateForwardUsesBoundBearerAndCanonicalFrame",
source_go	Real Go source ownership and AST dependency graph	2026-10-03T16:05:11.9757731Z           "TestLocalFanoutSelectsUserAndSuppressesOriginOnly",
source_go	Real Go source ownership and AST dependency graph	2026-10-03T16:05:11.9757867Z           "TestRejectedRetryPreservesCommittedOrigin"
source_go	Real Go source ownership and AST dependency graph	2026-10-03T16:05:11.9757917Z         ],
source_go	Real Go source ownership and AST dependency graph	2026-10-03T16:05:11.9757990Z         "types": null,
source_go	Real Go source ownership and AST dependency graph	2026-10-03T16:05:11.9758050Z         "calls": [
source_go	Real Go source ownership and AST dependency graph	2026-10-03T16:05:11.9758113Z           "make",
source_go	Real Go source ownership and AST dependency graph	2026-10-03T16:05:11.9758200Z           "httptest.NewServer",
source_go	Real Go source ownership and AST dependency graph	2026-10-03T16:05:11.9758280Z           "http.HandlerFunc",
source_go	Real Go source ownership and AST dependency graph	2026-10-03T16:05:11.9758347Z           ".Decode",
source_go	Real Go source ownership and AST dependency graph	2026-10-03T16:05:11.9758426Z           "json.NewDecoder",
source_go	Real Go source ownership and AST dependency graph	2026-10-03T16:05:11.9758500Z           "r.Header.Get",
source_go	Real Go source ownership and AST dependency graph	2026-10-03T16:05:11.9758564Z           ".Encode",
source_go	Real Go source ownership and AST dependency graph	2026-10-03T16:05:11.9758646Z           "json.NewEncoder",
source_go	Real Go source ownership and AST dependency graph	2026-10-03T16:05:11.9758707Z           "frame",
source_go	Real Go source ownership and AST dependency graph	2026-10-03T16:05:11.9758856Z           "core.Close",
source_go	Real Go source ownership and AST dependency graph	2026-10-03T16:05:11.9758921Z           "newHub",
source_go	Real Go source ownership and AST dependency graph	2026-10-03T16:05:11.9759005Z           "httptest.NewServer",
source_go	Real Go source ownership and AST dependency graph	2026-10-03T16:05:11.9759087Z           "http.HandlerFunc",
source_go	Real Go source ownership and AST dependency graph	2026-10-03T16:05:11.9759152Z           ".Upgrade",
source_go	Real Go source ownership and AST dependency graph	2026-10-03T16:05:11.9759222Z           "ws.Close",
source_go	Real Go source ownership and AST dependency graph	2026-10-03T16:05:11.9759279Z           "make",
source_go	Real Go source ownership and AST dependency graph	2026-10-03T16:05:11.9759352Z           "h.forward",
source_go	Real Go source ownership and AST dependency graph	2026-10-03T16:05:11.9759421Z           "r.Context",
source_go	Real Go source ownership and AST dependency graph	2026-10-03T16:05:11.9759594Z           "json.RawMessage",
source_go	Real Go source ownership and AST dependency graph	2026-10-03T16:05:11.9759669Z           "server.Close",
source_go	Real Go source ownership and AST dependency graph	2026-10-03T16:05:11.9759773Z           "websocket.DefaultDialer.Dial",
source_go	Real Go source ownership and AST dependency graph	2026-10-03T16:05:11.9759859Z           "strings.TrimPrefix",
source_go	Real Go source ownership and AST dependency graph	2026-10-03T16:05:11.9759922Z           "t.Fatal",
source_go	Real Go source ownership and AST dependency graph	2026-10-03T16:05:11.9759992Z           "ws.Close",
source_go	Real Go source ownership and AST dependency graph	2026-10-03T16:05:11.9760062Z           "ws.ReadJSON",
source_go	Real Go source ownership and AST dependency graph	2026-10-03T16:05:11.9760126Z           "t.Fatal",
source_go	Real Go source ownership and AST dependency graph	2026-10-03T16:05:11.9760192Z           "t.Fatal",
source_go	Real Go source ownership and AST dependency graph	2026-10-03T16:05:11.9760252Z           "newHub",
source_go	Real Go source ownership and AST dependency graph	2026-10-03T16:05:11.9760314Z           "make",
source_go	Real Go source ownership and AST dependency graph	2026-10-03T16:05:11.9760396Z           "httptest.NewServer",
source_go	Real Go source ownership and AST dependency graph	2026-10-03T16:05:11.9760475Z           "http.HandlerFunc",
source_go	Real Go source ownership and AST dependency graph	2026-10-03T16:05:11.9760540Z           ".Upgrade",
source_go	Real Go source ownership and AST dependency graph	2026-10-03T16:05:11.9760601Z           "make",
source_go	Real Go source ownership and AST dependency graph	2026-10-03T16:05:11.9760662Z           ".Unix",
source_go	Real Go source ownership and AST dependency graph	2026-10-03T16:05:11.9760720Z           ".Add",
source_go	Real Go source ownership and AST dependency graph	2026-10-03T16:05:11.9760787Z           "time.Now",
source_go	Real Go source ownership and AST dependency graph	2026-10-03T16:05:11.9760847Z           "h.add",
source_go	Real Go source ownership and AST dependency graph	2026-10-03T16:05:11.9760927Z           "server.Close",
source_go	Real Go source ownership and AST dependency graph	2026-10-03T16:05:11.9761029Z           "websocket.DefaultDialer.Dial",
source_go	Real Go source ownership and AST dependency graph	2026-10-03T16:05:11.9761113Z           "strings.TrimPrefix",
source_go	Real Go source ownership and AST dependency graph	2026-10-03T16:05:11.9761260Z           "t.Fatal",
source_go	Real Go source ownership and AST dependency graph	2026-10-03T16:05:11.9761324Z           "append",
source_go	Real Go source ownership and AST dependency graph	2026-10-03T16:05:11.9761388Z           "append",
source_go	Real Go source ownership and AST dependency graph	2026-10-03T16:05:11.9761441Z           "",
source_go	Real Go source ownership and AST dependency graph	2026-10-03T16:05:11.9761510Z           "c.close",
source_go	Real Go source ownership and AST dependency graph	2026-10-03T16:05:11.9761574Z           "c.Close",
source_go	Real Go source ownership and AST dependency graph	2026-10-03T16:05:11.9761649Z           "json.Marshal",
source_go	Real Go source ownership and AST dependency graph	2026-10-03T16:05:11.9761710Z           "frame",
source_go	Real Go source ownership and AST dependency graph	2026-10-03T16:05:11.9761779Z           "h.fanout",
source_go	Real Go source ownership and AST dependency graph	2026-10-03T16:05:11.9761845Z           "h.fanout",
source_go	Real Go source ownership and AST dependency graph	2026-10-03T16:05:11.9761924Z           ".SetReadDeadline",
source_go	Real Go source ownership and AST dependency graph	2026-10-03T16:05:11.9761984Z           ".Add",
source_go	Real Go source ownership and AST dependency graph	2026-10-03T16:05:11.9762049Z           "time.Now",
source_go	Real Go source ownership and AST dependency graph	2026-10-03T16:05:11.9762116Z           ".ReadJSON",
source_go	Real Go source ownership and AST dependency graph	2026-10-03T16:05:11.9762178Z           "t.Fatal",
source_go	Real Go source ownership and AST dependency graph	2026-10-03T16:05:11.9762257Z           ".SetReadDeadline",
source_go	Real Go source ownership and AST dependency graph	2026-10-03T16:05:11.9762315Z           ".Add",
source_go	Real Go source ownership and AST dependency graph	2026-10-03T16:05:11.9762385Z           "time.Now",
source_go	Real Go source ownership and AST dependency graph	2026-10-03T16:05:11.9762451Z           ".ReadJSON",
source_go	Real Go source ownership and AST dependency graph	2026-10-03T16:05:11.9762515Z           "t.Fatal",
source_go	Real Go source ownership and AST dependency graph	2026-10-03T16:05:11.9762600Z           "httptest.NewServer",
source_go	Real Go source ownership and AST dependency graph	2026-10-03T16:05:11.9762681Z           "http.HandlerFunc",
source_go	Real Go source ownership and AST dependency graph	2026-10-03T16:05:11.9762749Z           ".Decode",
source_go	Real Go source ownership and AST dependency graph	2026-10-03T16:05:11.9762830Z           "json.NewDecoder",
source_go	Real Go source ownership and AST dependency graph	2026-10-03T16:05:11.9762897Z           "t.Error",
source_go	Real Go source ownership and AST dependency graph	2026-10-03T16:05:11.9762974Z           "json.Unmarshal",
source_go	Real Go source ownership and AST dependency graph	2026-10-03T16:05:11.9763042Z           ".Encode",
source_go	Real Go source ownership and AST dependency graph	2026-10-03T16:05:11.9763125Z           "json.NewEncoder",
source_go	Real Go source ownership and AST dependency graph	2026-10-03T16:05:11.9763187Z           "frame",
source_go	Real Go source ownership and AST dependency graph	2026-10-03T16:05:11.9763260Z           "core.Close",
source_go	Real Go source ownership and AST dependency graph	2026-10-03T16:05:11.9763321Z           "newHub",
source_go	Real Go source ownership and AST dependency graph	2026-10-03T16:05:11.9763382Z           "make",
source_go	Real Go source ownership and AST dependency graph	2026-10-03T16:05:11.9763464Z           "httptest.NewServer",
source_go	Real Go source ownership and AST dependency graph	2026-10-03T16:05:11.9763544Z           "http.HandlerFunc",
source_go	Real Go source ownership and AST dependency graph	2026-10-03T16:05:11.9763610Z           ".Upgrade",
source_go	Real Go source ownership and AST dependency graph	2026-10-03T16:05:11.9763670Z           "make",
source_go	Real Go source ownership and AST dependency graph	2026-10-03T16:05:11.9763735Z           ".Unix",
source_go	Real Go source ownership and AST dependency graph	2026-10-03T16:05:11.9763793Z           ".Add",
source_go	Real Go source ownership and AST dependency graph	2026-10-03T16:05:11.9763860Z           "time.Now",
source_go	Real Go source ownership and AST dependency graph	2026-10-03T16:05:11.9763920Z           "h.add",
source_go	Real Go source ownership and AST dependency graph	2026-10-03T16:05:11.9763994Z           "ws.ReadJSON",
source_go	Real Go source ownership and AST dependency graph	2026-10-03T16:05:11.9764061Z           "h.forward",
source_go	Real Go source ownership and AST dependency graph	2026-10-03T16:05:11.9764130Z           "r.Context",
source_go	Real Go source ownership and AST dependency graph	2026-10-03T16:05:11.9764202Z           "server.Close",
source_go	Real Go source ownership and AST dependency graph	2026-10-03T16:05:11.9764305Z           "websocket.DefaultDialer.Dial",
source_go	Real Go source ownership and AST dependency graph	2026-10-03T16:05:11.9764388Z           "strings.TrimPrefix",
source_go	Real Go source ownership and AST dependency graph	2026-10-03T16:05:11.9764450Z           "t.Fatal",
source_go	Real Go source ownership and AST dependency graph	2026-10-03T16:05:11.9764512Z           "append",
source_go	Real Go source ownership and AST dependency graph	2026-10-03T16:05:11.9764573Z           "append",
source_go	Real Go source ownership and AST dependency graph	2026-10-03T16:05:11.9764627Z           "",
source_go	Real Go source ownership and AST dependency graph	2026-10-03T16:05:11.9764690Z           "c.close",
source_go	Real Go source ownership and AST dependency graph	2026-10-03T16:05:11.9764755Z           "c.Close",
source_go	Real Go source ownership and AST dependency graph	2026-10-03T16:05:11.9764825Z           ".WriteJSON",
source_go	Real Go source ownership and AST dependency graph	2026-10-03T16:05:11.9764884Z           "frame",
source_go	Real Go source ownership and AST dependency graph	2026-10-03T16:05:11.9764949Z           "t.Fatal",
source_go	Real Go source ownership and AST dependency graph	2026-10-03T16:05:11.9765026Z           ".SetReadDeadline",
source_go	Real Go source ownership and AST dependency graph	2026-10-03T16:05:11.9765180Z           ".Add",
source_go	Real Go source ownership and AST dependency graph	2026-10-03T16:05:11.9765245Z           "time.Now",
source_go	Real Go source ownership and AST dependency graph	2026-10-03T16:05:11.9765315Z           ".ReadJSON",
source_go	Real Go source ownership and AST dependency graph	2026-10-03T16:05:11.9765378Z           "t.Fatal",
source_go	Real Go source ownership and AST dependency graph	2026-10-03T16:05:11.9765445Z           "t.Fatal",
source_go	Real Go source ownership and AST dependency graph	2026-10-03T16:05:11.9765520Z           "json.Marshal",
source_go	Real Go source ownership and AST dependency graph	2026-10-03T16:05:11.9765580Z           "frame",
source_go	Real Go source ownership and AST dependency graph	2026-10-03T16:05:11.9765648Z           "h.fanout",
source_go	Real Go source ownership and AST dependency graph	2026-10-03T16:05:11.9765726Z           ".SetReadDeadline",
source_go	Real Go source ownership and AST dependency graph	2026-10-03T16:05:11.9765786Z           ".Add",
source_go	Real Go source ownership and AST dependency graph	2026-10-03T16:05:11.9765851Z           "time.Now",
source_go	Real Go source ownership and AST dependency graph	2026-10-03T16:05:11.9765919Z           ".ReadJSON",
source_go	Real Go source ownership and AST dependency graph	2026-10-03T16:05:11.9765982Z           "t.Fatal",
source_go	Real Go source ownership and AST dependency graph	2026-10-03T16:05:11.9766062Z           ".SetReadDeadline",
source_go	Real Go source ownership and AST dependency graph	2026-10-03T16:05:11.9766123Z           ".Add",
source_go	Real Go source ownership and AST dependency graph	2026-10-03T16:05:11.9766187Z           "time.Now",
source_go	Real Go source ownership and AST dependency graph	2026-10-03T16:05:11.9766254Z           ".ReadJSON",
source_go	Real Go source ownership and AST dependency graph	2026-10-03T16:05:11.9766319Z           "t.Fatal",
source_go	Real Go source ownership and AST dependency graph	2026-10-03T16:05:11.9766400Z           "strings.Contains",
source_go	Real Go source ownership and AST dependency graph	2026-10-03T16:05:11.9766470Z           "err.Error",
source_go	Real Go source ownership and AST dependency graph	2026-10-03T16:05:11.9766533Z           "t.Fatal"
source_go	Real Go source ownership and AST dependency graph	2026-10-03T16:05:11.9766583Z         ],
source_go	Real Go source ownership and AST dependency graph	2026-10-03T16:05:11.9766644Z         "strings": [
source_go	Real Go source ownership and AST dependency graph	2026-10-03T16:05:11.9766720Z           "encoding/json",
source_go	Real Go source ownership and AST dependency graph	2026-10-03T16:05:11.9766881Z           "github.com/gorilla/websocket",
source_go	Real Go source ownership and AST dependency graph	2026-10-03T16:05:11.9766987Z           "im-platform/backend/go/shared",
source_go	Real Go source ownership and AST dependency graph	2026-10-03T16:05:11.9767053Z           "net/http",
source_go	Real Go source ownership and AST dependency graph	2026-10-03T16:05:11.9767135Z           "net/http/httptest",
source_go	Real Go source ownership and AST dependency graph	2026-10-03T16:05:11.9767198Z           "strings",
source_go	Real Go source ownership and AST dependency graph	2026-10-03T16:05:11.9767263Z           "testing",
source_go	Real Go source ownership and AST dependency graph	2026-10-03T16:05:11.9767323Z           "time",
source_go	Real Go source ownership and AST dependency graph	2026-10-03T16:05:11.9767430Z           "40000000-0000-4000-8000-000000000001",
source_go	Real Go source ownership and AST dependency graph	2026-10-03T16:05:11.9767536Z           "30000000-0000-4000-8000-000000000001",
source_go	Real Go source ownership and AST dependency graph	2026-10-03T16:05:11.9767613Z           "/__core/message",
source_go	Real Go source ownership and AST dependency graph	2026-10-03T16:05:11.9767692Z           "Authorization",
source_go	Real Go source ownership and AST dependency graph	2026-10-03T16:05:11.9767964Z           "***",
source_go	Real Go source ownership and AST dependency graph	2026-10-03T16:05:11.9768036Z           "message.send",
source_go	Real Go source ownership and AST dependency graph	2026-10-03T16:05:11.9768112Z           "message.ack",
source_go	Real Go source ownership and AST dependency graph	2026-10-03T16:05:11.9768174Z           "status",
source_go	Real Go source ownership and AST dependency graph	2026-10-03T16:05:11.9768243Z           "committed",
source_go	Real Go source ownership and AST dependency graph	2026-10-03T16:05:11.9768320Z           "conversationId",
source_go	Real Go source ownership and AST dependency graph	2026-10-03T16:05:11.9768396Z           "messageId",
source_go	Real Go source ownership and AST dependency graph	2026-10-03T16:05:11.9768502Z           "50000000-0000-4000-8000-000000000001",
source_go	Real Go source ownership and AST dependency graph	2026-10-03T16:05:11.9768563Z           "seq",
source_go	Real Go source ownership and AST dependency graph	2026-10-03T16:05:11.9768631Z           "createdAt",
source_go	Real Go source ownership and AST dependency graph	2026-10-03T16:05:11.9768715Z           "2026-09-28T00:00:01Z",
source_go	Real Go source ownership and AST dependency graph	2026-10-03T16:05:11.9768887Z           "fixture-not-a-credential",
source_go	Real Go source ownership and AST dependency graph	2026-10-03T16:05:11.9768946Z           "1.0",
source_go	Real Go source ownership and AST dependency graph	2026-10-03T16:05:11.9769019Z           "message.send",
source_go	Real Go source ownership and AST dependency graph	2026-10-03T16:05:11.9769110Z           "{\"conversationId\":\"",
source_go	Real Go source ownership and AST dependency graph	2026-10-03T16:05:11.9769265Z           "\",\"content\":{\"kind\":\"TEXT\",\"text\":\"hello\"}}",
source_go	Real Go source ownership and AST dependency graph	2026-10-03T16:05:11.9769326Z           "ws",
source_go	Real Go source ownership and AST dependency graph	2026-10-03T16:05:11.9769385Z           "http",
source_go	Real Go source ownership and AST dependency graph	2026-10-03T16:05:11.9769458Z           "message.ack",
source_go	Real Go source ownership and AST dependency graph	2026-10-03T16:05:11.9769541Z           "ACK not forwarded",
source_go	Real Go source ownership and AST dependency graph	2026-10-03T16:05:11.9769654Z           "transport changed identity/frame",
source_go	Real Go source ownership and AST dependency graph	2026-10-03T16:05:11.9769759Z           "10000000-0000-4000-8000-000000000001",
source_go	Real Go source ownership and AST dependency graph	2026-10-03T16:05:11.9769867Z           "10000000-0000-4000-8000-000000000002",
source_go	Real Go source ownership and AST dependency graph	2026-10-03T16:05:11.9769974Z           "40000000-0000-4000-8000-000000000001",
source_go	Real Go source ownership and AST dependency graph	2026-10-03T16:05:11.9770076Z           "30000000-0000-4000-8000-000000000001",
source_go	Real Go source ownership and AST dependency graph	2026-10-03T16:05:11.9770143Z           "/other",
source_go	Real Go source ownership and AST dependency graph	2026-10-03T16:05:11.9770208Z           "/origin",
source_go	Real Go source ownership and AST dependency graph	2026-10-03T16:05:11.9770266Z           ":",
source_go	Real Go source ownership and AST dependency graph	2026-10-03T16:05:11.9770331Z           "/origin",
source_go	Real Go source ownership and AST dependency graph	2026-10-03T16:05:11.9770400Z           "/another",
source_go	Real Go source ownership and AST dependency graph	2026-10-03T16:05:11.9770463Z           "/other",
source_go	Real Go source ownership and AST dependency graph	2026-10-03T16:05:11.9770522Z           "ws",
source_go	Real Go source ownership and AST dependency graph	2026-10-03T16:05:11.9770583Z           "http",
source_go	Real Go source ownership and AST dependency graph	2026-10-03T16:05:11.9770661Z           "message.created",
source_go	Real Go source ownership and AST dependency graph	2026-10-03T16:05:11.9770741Z           "conversationId",
source_go	Real Go source ownership and AST dependency graph	2026-10-03T16:05:11.9770807Z           "messageId",
source_go	Real Go source ownership and AST dependency graph	2026-10-03T16:05:11.9770912Z           "50000000-0000-4000-8000-000000000001",
source_go	Real Go source ownership and AST dependency graph	2026-10-03T16:05:11.9771071Z           "senderId",
source_go	Real Go source ownership and AST dependency graph	2026-10-03T16:05:11.9771131Z           "seq",
source_go	Real Go source ownership and AST dependency graph	2026-10-03T16:05:11.9771197Z           "createdAt",
source_go	Real Go source ownership and AST dependency graph	2026-10-03T16:05:11.9771280Z           "2026-09-28T00:00:01Z",
source_go	Real Go source ownership and AST dependency graph	2026-10-03T16:05:11.9771349Z           "content",
source_go	Real Go source ownership and AST dependency graph	2026-10-03T16:05:11.9771407Z           "kind",
source_go	Real Go source ownership and AST dependency graph	2026-10-03T16:05:11.9771468Z           "TEXT",
source_go	Real Go source ownership and AST dependency graph	2026-10-03T16:05:11.9771526Z           "text",
source_go	Real Go source ownership and AST dependency graph	2026-10-03T16:05:11.9771589Z           "hello",
source_go	Real Go source ownership and AST dependency graph	2026-10-03T16:05:11.9771666Z           "message.created",
source_go	Real Go source ownership and AST dependency graph	2026-10-03T16:05:11.9771802Z           "sender other session missing/repeated event",
source_go	Real Go source ownership and AST dependency graph	2026-10-03T16:05:11.9771944Z           "origin/unauthorized local user received event",
source_go	Real Go source ownership and AST dependency graph	2026-10-03T16:05:11.9772047Z           "10000000-0000-4000-8000-000000000001",
source_go	Real Go source ownership and AST dependency graph	2026-10-03T16:05:11.9772151Z           "40000000-0000-4000-8000-000000000001",
source_go	Real Go source ownership and AST dependency graph	2026-10-03T16:05:11.9772253Z           "30000000-0000-4000-8000-000000000001",
source_go	Real Go source ownership and AST dependency graph	2026-10-03T16:05:11.9772329Z           "decode send",
source_go	Real Go source ownership and AST dependency graph	2026-10-03T16:05:11.9772403Z           "json:\"text\"",
source_go	Real Go source ownership and AST dependency graph	2026-10-03T16:05:11.9772491Z           "json:\"content\"",
source_go	Real Go source ownership and AST dependency graph	2026-10-03T16:05:11.9772555Z           "status",
source_go	Real Go source ownership and AST dependency graph	2026-10-03T16:05:11.9772624Z           "committed",
source_go	Real Go source ownership and AST dependency graph	2026-10-03T16:05:11.9772703Z           "conversationId",
source_go	Real Go source ownership and AST dependency graph	2026-10-03T16:05:11.9772850Z           "messageId",
source_go	Real Go source ownership and AST dependency graph	2026-10-03T16:05:11.9772956Z           "50000000-0000-4000-8000-000000000001",
source_go	Real Go source ownership and AST dependency graph	2026-10-03T16:05:11.9773015Z           "seq",
source_go	Real Go source ownership and AST dependency graph	2026-10-03T16:05:11.9773083Z           "createdAt",
source_go	Real Go source ownership and AST dependency graph	2026-10-03T16:05:11.9773164Z           "2026-09-28T00:00:01Z",
source_go	Real Go source ownership and AST dependency graph	2026-10-03T16:05:11.9773232Z           "conflict",
source_go	Real Go source ownership and AST dependency graph	2026-10-03T16:05:11.9773296Z           "status",
source_go	Real Go source ownership and AST dependency graph	2026-10-03T16:05:11.9773360Z           "rejected",
source_go	Real Go source ownership and AST dependency graph	2026-10-03T16:05:11.9773422Z           "error",
source_go	Real Go source ownership and AST dependency graph	2026-10-03T16:05:11.9773482Z           "code",
source_go	Real Go source ownership and AST dependency graph	2026-10-03T16:05:11.9773577Z           "MESSAGE_REQUEST_CONFLICT",
source_go	Real Go source ownership and AST dependency graph	2026-10-03T16:05:11.9773641Z           "message",
source_go	Real Go source ownership and AST dependency graph	2026-10-03T16:05:11.9773721Z           "Request rejected",
source_go	Real Go source ownership and AST dependency graph	2026-10-03T16:05:11.9773793Z           "message.ack",
source_go	Real Go source ownership and AST dependency graph	2026-10-03T16:05:11.9773857Z           "/origin",
source_go	Real Go source ownership and AST dependency graph	2026-10-03T16:05:11.9773926Z           "/origin",
source_go	Real Go source ownership and AST dependency graph	2026-10-03T16:05:11.9773987Z           "/other",
source_go	Real Go source ownership and AST dependency graph	2026-10-03T16:05:11.9774046Z           "ws",
source_go	Real Go source ownership and AST dependency graph	2026-10-03T16:05:11.9774106Z           "http",
source_go	Real Go source ownership and AST dependency graph	2026-10-03T16:05:11.9774172Z           "hello",
source_go	Real Go source ownership and AST dependency graph	2026-10-03T16:05:11.9774238Z           "conflict",
source_go	Real Go source ownership and AST dependency graph	2026-10-03T16:05:11.9774313Z           "message.send",
source_go	Real Go source ownership and AST dependency graph	2026-10-03T16:05:11.9774393Z           "conversationId",
source_go	Real Go source ownership and AST dependency graph	2026-10-03T16:05:11.9774457Z           "content",
source_go	Real Go source ownership and AST dependency graph	2026-10-03T16:05:11.9774517Z           "kind",
source_go	Real Go source ownership and AST dependency graph	2026-10-03T16:05:11.9774577Z           "TEXT",
source_go	Real Go source ownership and AST dependency graph	2026-10-03T16:05:11.9774637Z           "text",
source_go	Real Go source ownership and AST dependency graph	2026-10-03T16:05:11.9774714Z           "json:\"status\"",
source_go	Real Go source ownership and AST dependency graph	2026-10-03T16:05:11.9774797Z           "json:\"payload\"",
source_go	Real Go source ownership and AST dependency graph	2026-10-03T16:05:11.9774866Z           "ACK missing",
source_go	Real Go source ownership and AST dependency graph	2026-10-03T16:05:11.9774936Z           "committed",
source_go	Real Go source ownership and AST dependency graph	2026-10-03T16:05:11.9775001Z           "rejected",
source_go	Real Go source ownership and AST dependency graph	2026-10-03T16:05:11.9775075Z           "unexpected ACK",
source_go	Real Go source ownership and AST dependency graph	2026-10-03T16:05:11.9775153Z           "message.created",
source_go	Real Go source ownership and AST dependency graph	2026-10-03T16:05:11.9775230Z           "conversationId",
source_go	Real Go source ownership and AST dependency graph	2026-10-03T16:05:11.9775301Z           "messageId",
source_go	Real Go source ownership and AST dependency graph	2026-10-03T16:05:11.9775404Z           "50000000-0000-4000-8000-000000000001",
source_go	Real Go source ownership and AST dependency graph	2026-10-03T16:05:11.9775471Z           "senderId",
source_go	Real Go source ownership and AST dependency graph	2026-10-03T16:05:11.9775532Z           "seq",
source_go	Real Go source ownership and AST dependency graph	2026-10-03T16:05:11.9775598Z           "createdAt",
source_go	Real Go source ownership and AST dependency graph	2026-10-03T16:05:11.9775703Z           "2026-09-28T00:00:01Z",
source_go	Real Go source ownership and AST dependency graph	2026-10-03T16:05:11.9775768Z           "content",
source_go	Real Go source ownership and AST dependency graph	2026-10-03T16:05:11.9775828Z           "kind",
source_go	Real Go source ownership and AST dependency graph	2026-10-03T16:05:11.9775887Z           "TEXT",
source_go	Real Go source ownership and AST dependency graph	2026-10-03T16:05:11.9775946Z           "text",
source_go	Real Go source ownership and AST dependency graph	2026-10-03T16:05:11.9776007Z           "hello",
source_go	Real Go source ownership and AST dependency graph	2026-10-03T16:05:11.9776085Z           "message.created",
source_go	Real Go source ownership and AST dependency graph	2026-10-03T16:05:11.9776186Z           "other session missing event",
source_go	Real Go source ownership and AST dependency graph	2026-10-03T16:05:11.9776318Z           "rejected retry erased original suppression",
source_go	Real Go source ownership and AST dependency graph	2026-10-03T16:05:11.9776383Z           "timeout"
source_go	Real Go source ownership and AST dependency graph	2026-10-03T16:05:11.9776432Z         ]
source_go	Real Go source ownership and AST dependency graph	2026-10-03T16:05:11.9776479Z       },
source_go	Real Go source ownership and AST dependency graph	2026-10-03T16:05:11.9776524Z       {
source_go	Real Go source ownership and AST dependency graph	2026-10-03T16:05:11.9776617Z         "path": "gateway/session.go",
source_go	Real Go source ownership and AST dependency graph	2026-10-03T16:05:11.9776755Z         "package": "gateway",
source_go	Real Go source ownership and AST dependency graph	2026-10-03T16:05:11.9776820Z         "imports": [
source_go	Real Go source ownership and AST dependency graph	2026-10-03T16:05:11.9776887Z           "context",
source_go	Real Go source ownership and AST dependency graph	2026-10-03T16:05:11.9776952Z           "errors",
source_go	Real Go source ownership and AST dependency graph	2026-10-03T16:05:11.9777047Z           "github.com/jackc/pgx/v5",
source_go	Real Go source ownership and AST dependency graph	2026-10-03T16:05:11.9777154Z           "github.com/jackc/pgx/v5/pgxpool",
source_go	Real Go source ownership and AST dependency graph	2026-10-03T16:05:11.9777259Z           "im-platform/backend/go/shared",
source_go	Real Go source ownership and AST dependency graph	2026-10-03T16:05:11.9777316Z           "time"
source_go	Real Go source ownership and AST dependency graph	2026-10-03T16:05:11.9777367Z         ],
source_go	Real Go source ownership and AST dependency graph	2026-10-03T16:05:11.9777435Z         "functions": [
source_go	Real Go source ownership and AST dependency graph	2026-10-03T16:05:11.9777507Z           "authenticate",
source_go	Real Go source ownership and AST dependency graph	2026-10-03T16:05:11.9777590Z           "revocationReason"
source_go	Real Go source ownership and AST dependency graph	2026-10-03T16:05:11.9777640Z         ],
source_go	Real Go source ownership and AST dependency graph	2026-10-03T16:05:11.9777703Z         "types": [
source_go	Real Go source ownership and AST dependency graph	2026-10-03T16:05:11.9777768Z           "validator"
source_go	Real Go source ownership and AST dependency graph	2026-10-03T16:05:11.9777820Z         ],
source_go	Real Go source ownership and AST dependency graph	2026-10-03T16:05:11.9777878Z         "calls": [
source_go	Real Go source ownership and AST dependency graph	2026-10-03T16:05:11.9777955Z           "s.codec.Parse",
source_go	Real Go source ownership and AST dependency graph	2026-10-03T16:05:11.9778019Z           ".Scan",
source_go	Real Go source ownership and AST dependency graph	2026-10-03T16:05:11.9778096Z           "s.db.QueryRow",
source_go	Real Go source ownership and AST dependency graph	2026-10-03T16:05:11.9778167Z           "errors.Is",
source_go	Real Go source ownership and AST dependency graph	2026-10-03T16:05:11.9778227Z           ".Scan",
source_go	Real Go source ownership and AST dependency graph	2026-10-03T16:05:11.9778302Z           "s.db.QueryRow",
source_go	Real Go source ownership and AST dependency graph	2026-10-03T16:05:11.9778432Z           "shared.Fail",
source_go	Real Go source ownership and AST dependency graph	2026-10-03T16:05:11.9778504Z           "shared.Fail",
source_go	Real Go source ownership and AST dependency graph	2026-10-03T16:05:11.9778578Z           "expiry.After",
source_go	Real Go source ownership and AST dependency graph	2026-10-03T16:05:11.9778641Z           "s.now",
source_go	Real Go source ownership and AST dependency graph	2026-10-03T16:05:11.9778713Z           "shared.Fail",
source_go	Real Go source ownership and AST dependency graph	2026-10-03T16:05:11.9778859Z           "shared.Fail",
source_go	Real Go source ownership and AST dependency graph	2026-10-03T16:05:11.9778923Z           ".Scan",
source_go	Real Go source ownership and AST dependency graph	2026-10-03T16:05:11.9778996Z           "s.db.QueryRow",
source_go	Real Go source ownership and AST dependency graph	2026-10-03T16:05:11.9779069Z           "shared.Fail",
source_go	Real Go source ownership and AST dependency graph	2026-10-03T16:05:11.9779139Z           "shared.Fail",
source_go	Real Go source ownership and AST dependency graph	2026-10-03T16:05:11.9779201Z           ".Scan",
source_go	Real Go source ownership and AST dependency graph	2026-10-03T16:05:11.9779275Z           "s.db.QueryRow"
source_go	Real Go source ownership and AST dependency graph	2026-10-03T16:05:11.9779325Z         ],
source_go	Real Go source ownership and AST dependency graph	2026-10-03T16:05:11.9779390Z         "strings": [
source_go	Real Go source ownership and AST dependency graph	2026-10-03T16:05:11.9779454Z           "context",
source_go	Real Go source ownership and AST dependency graph	2026-10-03T16:05:11.9779518Z           "errors",
source_go	Real Go source ownership and AST dependency graph	2026-10-03T16:05:11.9779611Z           "github.com/jackc/pgx/v5",
source_go	Real Go source ownership and AST dependency graph	2026-10-03T16:05:11.9779721Z           "github.com/jackc/pgx/v5/pgxpool",
source_go	Real Go source ownership and AST dependency graph	2026-10-03T16:05:11.9779824Z           "im-platform/backend/go/shared",
source_go	Real Go source ownership and AST dependency graph	2026-10-03T16:05:11.9779888Z           "time",
source_go	Real Go source ownership and AST dependency graph	2026-10-03T16:05:11.9780220Z           "SELECT session_id, client_type, session_epoch, status, expires_at FROM sessions WHERE user_id=$1 AND client_type=$2",
source_go	Real Go source ownership and AST dependency graph	2026-10-03T16:05:11.9780415Z           "SELECT client_type FROM sessions WHERE user_id=$1 AND session_id=$2",
source_go	Real Go source ownership and AST dependency graph	2026-10-03T16:05:11.9780511Z           "AUTH_CLIENT_TYPE_MISMATCH",
source_go	Real Go source ownership and AST dependency graph	2026-10-03T16:05:11.9780671Z           "Access token does not match the active client session.",
source_go	Real Go source ownership and AST dependency graph	2026-10-03T16:05:11.9780758Z           "AUTH_SESSION_REVOKED",
source_go	Real Go source ownership and AST dependency graph	2026-10-03T16:05:11.9780853Z           "Session has been revoked.",
source_go	Real Go source ownership and AST dependency graph	2026-10-03T16:05:11.9780917Z           "ACTIVE",
source_go	Real Go source ownership and AST dependency graph	2026-10-03T16:05:11.9781003Z           "AUTH_SESSION_REVOKED",
source_go	Real Go source ownership and AST dependency graph	2026-10-03T16:05:11.9781097Z           "Session has been revoked.",
source_go	Real Go source ownership and AST dependency graph	2026-10-03T16:05:11.9781191Z           "AUTH_SESSION_EPOCH_STALE",
source_go	Real Go source ownership and AST dependency graph	2026-10-03T16:05:11.9781326Z           "Access token carries a stale session epoch.",
source_go	Real Go source ownership and AST dependency graph	2026-10-03T16:05:11.9781519Z           "SELECT client_type FROM sessions WHERE user_id=$1 AND session_id=$2",
source_go	Real Go source ownership and AST dependency graph	2026-10-03T16:05:11.9781612Z           "AUTH_CLIENT_TYPE_MISMATCH",
source_go	Real Go source ownership and AST dependency graph	2026-10-03T16:05:11.9781773Z           "Access token does not match the active client session.",
source_go	Real Go source ownership and AST dependency graph	2026-10-03T16:05:11.9781856Z           "AUTH_TOKEN_INVALID",
source_go	Real Go source ownership and AST dependency graph	2026-10-03T16:05:11.9781987Z           "Access token and session binding disagree.",
source_go	Real Go source ownership and AST dependency graph	2026-10-03T16:05:11.9782072Z           "AUTH_SESSION_REVOKED",
source_go	Real Go source ownership and AST dependency graph	2026-10-03T16:05:11.9782162Z           "AUTH_SESSION_EPOCH_STALE",
source_go	Real Go source ownership and AST dependency graph	2026-10-03T16:05:11.9782227Z           "REVOKED",
source_go	Real Go source ownership and AST dependency graph	2026-10-03T16:05:11.9782681Z           "SELECT payload->>'reason' FROM user_sync_events WHERE user_id=$1 AND event_type='session.revoked' AND payload->>'sessionId'=$2 ORDER BY cursor_id DESC LIMIT 1",
source_go	Real Go source ownership and AST dependency graph	2026-10-03T16:05:11.9782747Z           "REVOKED",
source_go	Real Go source ownership and AST dependency graph	2026-10-03T16:05:11.9782816Z           "REPLACED",
source_go	Real Go source ownership and AST dependency graph	2026-10-03T16:05:11.9782966Z           "LOGOUT",
source_go	Real Go source ownership and AST dependency graph	2026-10-03T16:05:11.9783029Z           "REVOKED"
source_go	Real Go source ownership and AST dependency graph	2026-10-03T16:05:11.9783077Z         ]
source_go	Real Go source ownership and AST dependency graph	2026-10-03T16:05:11.9783126Z       },
source_go	Real Go source ownership and AST dependency graph	2026-10-03T16:05:11.9783174Z       {
source_go	Real Go source ownership and AST dependency graph	2026-10-03T16:05:11.9783277Z         "path": "gateway/session_test.go",
source_go	Real Go source ownership and AST dependency graph	2026-10-03T16:05:11.9783356Z         "package": "gateway",
source_go	Real Go source ownership and AST dependency graph	2026-10-03T16:05:11.9783419Z         "imports": [
source_go	Real Go source ownership and AST dependency graph	2026-10-03T16:05:11.9783485Z           "context",
source_go	Real Go source ownership and AST dependency graph	2026-10-03T16:05:11.9783548Z           "errors",
source_go	Real Go source ownership and AST dependency graph	2026-10-03T16:05:11.9783659Z           "github.com/jackc/pgx/v5/pgxpool",
source_go	Real Go source ownership and AST dependency graph	2026-10-03T16:05:11.9783762Z           "im-platform/backend/go/shared",
source_go	Real Go source ownership and AST dependency graph	2026-10-03T16:05:11.9783827Z           "os",
source_go	Real Go source ownership and AST dependency graph	2026-10-03T16:05:11.9783890Z           "testing"
source_go	Real Go source ownership and AST dependency graph	2026-10-03T16:05:11.9783941Z         ],
source_go	Real Go source ownership and AST dependency graph	2026-10-03T16:05:11.9784011Z         "functions": [
source_go	Real Go source ownership and AST dependency graph	2026-10-03T16:05:11.9784169Z           "TestRevocationReasonDoesNotInventBusinessCause",
source_go	Real Go source ownership and AST dependency graph	2026-10-03T16:05:11.9784352Z           "TestPostgresRevocationReasonUsesExactCommittedIdentity"
source_go	Real Go source ownership and AST dependency graph	2026-10-03T16:05:11.9784406Z         ],
source_go	Real Go source ownership and AST dependency graph	2026-10-03T16:05:11.9784473Z         "types": null,
source_go	Real Go source ownership and AST dependency graph	2026-10-03T16:05:11.9784533Z         "calls": [
source_go	Real Go source ownership and AST dependency graph	2026-10-03T16:05:11.9784607Z           "errors.New",
source_go	Real Go source ownership and AST dependency graph	2026-10-03T16:05:11.9788333Z           "shared.Fail",
source_go	Real Go source ownership and AST dependency graph	2026-10-03T16:05:11.9788414Z           "shared.Fail",
source_go	Real Go source ownership and AST dependency graph	2026-10-03T16:05:11.9788504Z           "s.revocationReason",
source_go	Real Go source ownership and AST dependency graph	2026-10-03T16:05:11.9788591Z           "context.Background",
source_go	Real Go source ownership and AST dependency graph	2026-10-03T16:05:11.9788660Z           "t.Fatalf",
source_go	Real Go source ownership and AST dependency graph	2026-10-03T16:05:11.9788728Z           "os.Getenv",
source_go	Real Go source ownership and AST dependency graph	2026-10-03T16:05:11.9788924Z           "t.Skip",
source_go	Real Go source ownership and AST dependency graph	2026-10-03T16:05:11.9789013Z           "context.Background",
source_go	Real Go source ownership and AST dependency graph	2026-10-03T16:05:11.9789087Z           "pgxpool.New",
source_go	Real Go source ownership and AST dependency graph	2026-10-03T16:05:11.9789152Z           "t.Fatal",
source_go	Real Go source ownership and AST dependency graph	2026-10-03T16:05:11.9789218Z           "db.Close",
source_go	Real Go source ownership and AST dependency graph	2026-10-03T16:05:11.9789291Z           "shared.UUID",
source_go	Real Go source ownership and AST dependency graph	2026-10-03T16:05:11.9789361Z           "shared.UUID",
source_go	Real Go source ownership and AST dependency graph	2026-10-03T16:05:11.9789433Z           "shared.UUID",
source_go	Real Go source ownership and AST dependency graph	2026-10-03T16:05:11.9789505Z           "shared.UUID",
source_go	Real Go source ownership and AST dependency graph	2026-10-03T16:05:11.9789573Z           "db.Exec",
source_go	Real Go source ownership and AST dependency graph	2026-10-03T16:05:11.9789639Z           "t.Fatal",
source_go	Real Go source ownership and AST dependency graph	2026-10-03T16:05:11.9789694Z           "",
source_go	Real Go source ownership and AST dependency graph	2026-10-03T16:05:11.9789759Z           "db.Exec",
source_go	Real Go source ownership and AST dependency graph	2026-10-03T16:05:11.9789827Z           "db.Exec",
source_go	Real Go source ownership and AST dependency graph	2026-10-03T16:05:11.9789899Z           "shared.Fail",
source_go	Real Go source ownership and AST dependency graph	2026-10-03T16:05:11.9789965Z           "t.Helper",
source_go	Real Go source ownership and AST dependency graph	2026-10-03T16:05:11.9790030Z           "db.Exec",
source_go	Real Go source ownership and AST dependency graph	2026-10-03T16:05:11.9790094Z           "t.Fatal",
source_go	Real Go source ownership and AST dependency graph	2026-10-03T16:05:11.9790151Z           "add",
source_go	Real Go source ownership and AST dependency graph	2026-10-03T16:05:11.9790210Z           "add",
source_go	Real Go source ownership and AST dependency graph	2026-10-03T16:05:11.9790295Z           "s.revocationReason",
source_go	Real Go source ownership and AST dependency graph	2026-10-03T16:05:11.9790362Z           "t.Fatalf",
source_go	Real Go source ownership and AST dependency graph	2026-10-03T16:05:11.9790418Z           "add",
source_go	Real Go source ownership and AST dependency graph	2026-10-03T16:05:11.9790505Z           "s.revocationReason",
source_go	Real Go source ownership and AST dependency graph	2026-10-03T16:05:11.9790569Z           "t.Fatalf",
source_go	Real Go source ownership and AST dependency graph	2026-10-03T16:05:11.9790628Z           "add",
source_go	Real Go source ownership and AST dependency graph	2026-10-03T16:05:11.9790688Z           "add",
source_go	Real Go source ownership and AST dependency graph	2026-10-03T16:05:11.9790771Z           "s.revocationReason",
source_go	Real Go source ownership and AST dependency graph	2026-10-03T16:05:11.9790838Z           "t.Fatalf",
source_go	Real Go source ownership and AST dependency graph	2026-10-03T16:05:11.9790922Z           "context.WithCancel",
source_go	Real Go source ownership and AST dependency graph	2026-10-03T16:05:11.9790986Z           "cancel",
source_go	Real Go source ownership and AST dependency graph	2026-10-03T16:05:11.9791070Z           "s.revocationReason",
source_go	Real Go source ownership and AST dependency graph	2026-10-03T16:05:11.9791136Z           "t.Fatalf",
source_go	Real Go source ownership and AST dependency graph	2026-10-03T16:05:11.9791222Z           "s.revocationReason",
source_go	Real Go source ownership and AST dependency graph	2026-10-03T16:05:11.9791294Z           "shared.Fail",
source_go	Real Go source ownership and AST dependency graph	2026-10-03T16:05:11.9791358Z           "t.Fatalf"
source_go	Real Go source ownership and AST dependency graph	2026-10-03T16:05:11.9791408Z         ],
source_go	Real Go source ownership and AST dependency graph	2026-10-03T16:05:11.9791472Z         "strings": [
source_go	Real Go source ownership and AST dependency graph	2026-10-03T16:05:11.9791535Z           "context",
source_go	Real Go source ownership and AST dependency graph	2026-10-03T16:05:11.9791599Z           "errors",
source_go	Real Go source ownership and AST dependency graph	2026-10-03T16:05:11.9791712Z           "github.com/jackc/pgx/v5/pgxpool",
source_go	Real Go source ownership and AST dependency graph	2026-10-03T16:05:11.9791819Z           "im-platform/backend/go/shared",
source_go	Real Go source ownership and AST dependency graph	2026-10-03T16:05:11.9791880Z           "os",
source_go	Real Go source ownership and AST dependency graph	2026-10-03T16:05:11.9791943Z           "testing",
source_go	Real Go source ownership and AST dependency graph	2026-10-03T16:05:11.9792031Z           "database unavailable",
source_go	Real Go source ownership and AST dependency graph	2026-10-03T16:05:11.9792111Z           "AUTH_TOKEN_EXPIRED",
source_go	Real Go source ownership and AST dependency graph	2026-10-03T16:05:11.9792179Z           "expired",
source_go	Real Go source ownership and AST dependency graph	2026-10-03T16:05:11.9792257Z           "AUTH_TOKEN_INVALID",
source_go	Real Go source ownership and AST dependency graph	2026-10-03T16:05:11.9792432Z           "invalid",
source_go	Real Go source ownership and AST dependency graph	2026-10-03T16:05:11.9792494Z           "REVOKED",
source_go	Real Go source ownership and AST dependency graph	2026-10-03T16:05:11.9792577Z           "reason %q for %v",
source_go	Real Go source ownership and AST dependency graph	2026-10-03T16:05:11.9792654Z           "DB_TEST_ENABLE",
source_go	Real Go source ownership and AST dependency graph	2026-10-03T16:05:11.9792713Z           "1",
source_go	Real Go source ownership and AST dependency graph	2026-10-03T16:05:11.9792881Z           "set DB_TEST_ENABLE=1 with migrated disposable PostgreSQL",
source_go	Real Go source ownership and AST dependency graph	2026-10-03T16:05:11.9792936Z           "",
source_go	Real Go source ownership and AST dependency graph	2026-10-03T16:05:11.9793295Z           "INSERT INTO users(user_id,username,display_name,password_hash) VALUES($1,$2,'Reason control','test-only-non-login-hash')",
source_go	Real Go source ownership and AST dependency graph	2026-10-03T16:05:11.9793360Z           "reason",
source_go	Real Go source ownership and AST dependency graph	2026-10-03T16:05:11.9793531Z           "DELETE FROM user_sync_events WHERE user_id=$1 OR user_id=$2",
source_go	Real Go source ownership and AST dependency graph	2026-10-03T16:05:11.9793675Z           "DELETE FROM users WHERE user_id=$1 OR user_id=$2",
source_go	Real Go source ownership and AST dependency graph	2026-10-03T16:05:11.9793761Z           "AUTH_SESSION_REVOKED",
source_go	Real Go source ownership and AST dependency graph	2026-10-03T16:05:11.9793828Z           "revoked",
source_go	Real Go source ownership and AST dependency graph	2026-10-03T16:05:11.9794262Z           "INSERT INTO user_sync_events(user_id,event_type,payload) VALUES($1,'session.revoked',jsonb_build_object('sessionId',$2::text,'reason',$3::text))",
source_go	Real Go source ownership and AST dependency graph	2026-10-03T16:05:11.9794332Z           "LOGOUT",
source_go	Real Go source ownership and AST dependency graph	2026-10-03T16:05:11.9794399Z           "REPLACED",
source_go	Real Go source ownership and AST dependency graph	2026-10-03T16:05:11.9794540Z           "REVOKED",
source_go	Real Go source ownership and AST dependency graph	2026-10-03T16:05:11.9794644Z           "unrelated identity accepted %q",
source_go	Real Go source ownership and AST dependency graph	2026-10-03T16:05:11.9794707Z           "UNKNOWN",
source_go	Real Go source ownership and AST dependency graph	2026-10-03T16:05:11.9794771Z           "REVOKED",
source_go	Real Go source ownership and AST dependency graph	2026-10-03T16:05:11.9794869Z           "unknown reason accepted %q",
source_go	Real Go source ownership and AST dependency graph	2026-10-03T16:05:11.9794938Z           "REPLACED",
source_go	Real Go source ownership and AST dependency graph	2026-10-03T16:05:11.9794999Z           "LOGOUT",
source_go	Real Go source ownership and AST dependency graph	2026-10-03T16:05:11.9795067Z           "REPLACED",
source_go	Real Go source ownership and AST dependency graph	2026-10-03T16:05:11.9795200Z           "latest slot event replaced bound event: %q",
source_go	Real Go source ownership and AST dependency graph	2026-10-03T16:05:11.9795264Z           "REVOKED",
source_go	Real Go source ownership and AST dependency graph	2026-10-03T16:05:11.9795361Z           "query error fabricated %q",
source_go	Real Go source ownership and AST dependency graph	2026-10-03T16:05:11.9795442Z           "AUTH_TOKEN_EXPIRED",
source_go	Real Go source ownership and AST dependency graph	2026-10-03T16:05:11.9795507Z           "expired",
source_go	Real Go source ownership and AST dependency graph	2026-10-03T16:05:11.9795569Z           "REVOKED",
source_go	Real Go source ownership and AST dependency graph	2026-10-03T16:05:11.9795659Z           "expiry fabricated %q"
source_go	Real Go source ownership and AST dependency graph	2026-10-03T16:05:11.9795710Z         ]
source_go	Real Go source ownership and AST dependency graph	2026-10-03T16:05:11.9795756Z       },
source_go	Real Go source ownership and AST dependency graph	2026-10-03T16:05:11.9795804Z       {
source_go	Real Go source ownership and AST dependency graph	2026-10-03T16:05:11.9795879Z         "path": "main.go",
source_go	Real Go source ownership and AST dependency graph	2026-10-03T16:05:11.9795955Z         "package": "main",
source_go	Real Go source ownership and AST dependency graph	2026-10-03T16:05:11.9796018Z         "imports": [
source_go	Real Go source ownership and AST dependency graph	2026-10-03T16:05:11.9796083Z           "context",
source_go	Real Go source ownership and AST dependency graph	2026-10-03T16:05:11.9796191Z           "github.com/jackc/pgx/v5/pgxpool",
source_go	Real Go source ownership and AST dependency graph	2026-10-03T16:05:11.9796293Z           "github.com/nats-io/nats.go",
source_go	Real Go source ownership and AST dependency graph	2026-10-03T16:05:11.9796398Z           "im-platform/backend/go/core",
source_go	Real Go source ownership and AST dependency graph	2026-10-03T16:05:11.9796503Z           "im-platform/backend/go/gateway",
source_go	Real Go source ownership and AST dependency graph	2026-10-03T16:05:11.9796622Z           "im-platform/backend/go/plugin-host",
source_go	Real Go source ownership and AST dependency graph	2026-10-03T16:05:11.9796725Z           "im-platform/backend/go/shared",
source_go	Real Go source ownership and AST dependency graph	2026-10-03T16:05:11.9796786Z           "log",
source_go	Real Go source ownership and AST dependency graph	2026-10-03T16:05:11.9796853Z           "net/http",
source_go	Real Go source ownership and AST dependency graph	2026-10-03T16:05:11.9796912Z           "os",
source_go	Real Go source ownership and AST dependency graph	2026-10-03T16:05:11.9796972Z           "time"
source_go	Real Go source ownership and AST dependency graph	2026-10-03T16:05:11.9797020Z         ],
source_go	Real Go source ownership and AST dependency graph	2026-10-03T16:05:11.9797091Z         "functions": [
source_go	Real Go source ownership and AST dependency graph	2026-10-03T16:05:11.9797148Z           "main"
source_go	Real Go source ownership and AST dependency graph	2026-10-03T16:05:11.9797199Z         ],
source_go	Real Go source ownership and AST dependency graph	2026-10-03T16:05:11.9797264Z         "types": null,
source_go	Real Go source ownership and AST dependency graph	2026-10-03T16:05:11.9797326Z         "calls": [
source_go	Real Go source ownership and AST dependency graph	2026-10-03T16:05:11.9797384Z           "len",
source_go	Real Go source ownership and AST dependency graph	2026-10-03T16:05:11.9797454Z           "log.Fatal",
source_go	Real Go source ownership and AST dependency graph	2026-10-03T16:05:11.9797523Z           "log.Fatal",
source_go	Real Go source ownership and AST dependency graph	2026-10-03T16:05:11.9797590Z           "log.Fatal",
source_go	Real Go source ownership and AST dependency graph	2026-10-03T16:05:11.9797678Z           "http.ListenAndServe",
source_go	Real Go source ownership and AST dependency graph	2026-10-03T16:05:11.9797771Z           "pluginhost.NewHandler",
source_go	Real Go source ownership and AST dependency graph	2026-10-03T16:05:11.9797840Z           "os.Getenv",
source_go	Real Go source ownership and AST dependency graph	2026-10-03T16:05:11.9797923Z           "shared.ReadConfig",
source_go	Real Go source ownership and AST dependency graph	2026-10-03T16:05:11.9797992Z           "log.Fatal",
source_go	Real Go source ownership and AST dependency graph	2026-10-03T16:05:11.9798086Z           "pgxpool.NewWithConfig",
source_go	Real Go source ownership and AST dependency graph	2026-10-03T16:05:11.9798172Z           "context.Background",
source_go	Real Go source ownership and AST dependency graph	2026-10-03T16:05:11.9798240Z           "log.Fatal",
source_go	Real Go source ownership and AST dependency graph	2026-10-03T16:05:11.9798306Z           "db.Close",
source_go	Real Go source ownership and AST dependency graph	2026-10-03T16:05:11.9798395Z           "context.WithTimeout",
source_go	Real Go source ownership and AST dependency graph	2026-10-03T16:05:11.9798543Z           "context.Background",
source_go	Real Go source ownership and AST dependency graph	2026-10-03T16:05:11.9798609Z           "db.Ping",
source_go	Real Go source ownership and AST dependency graph	2026-10-03T16:05:11.9798670Z           "cancel",
source_go	Real Go source ownership and AST dependency graph	2026-10-03T16:05:11.9798739Z           "log.Fatal",
source_go	Real Go source ownership and AST dependency graph	2026-10-03T16:05:11.9798917Z           "nats.Connect",
source_go	Real Go source ownership and AST dependency graph	2026-10-03T16:05:11.9799000Z           "nats.MaxReconnects",
source_go	Real Go source ownership and AST dependency graph	2026-10-03T16:05:11.9799068Z           "log.Fatal",
source_go	Real Go source ownership and AST dependency graph	2026-10-03T16:05:11.9799134Z           "nc.Close",
source_go	Real Go source ownership and AST dependency graph	2026-10-03T16:05:11.9799216Z           "context.WithCancel",
source_go	Real Go source ownership and AST dependency graph	2026-10-03T16:05:11.9799298Z           "context.Background",
source_go	Real Go source ownership and AST dependency graph	2026-10-03T16:05:11.9799360Z           "stop",
source_go	Real Go source ownership and AST dependency graph	2026-10-03T16:05:11.9799468Z           "core.RelaySessionRevocations",
source_go	Real Go source ownership and AST dependency graph	2026-10-03T16:05:11.9799550Z           "core.NewHandler",
source_go	Real Go source ownership and AST dependency graph	2026-10-03T16:05:11.9799630Z           "gateway.NewHandler",
source_go	Real Go source ownership and AST dependency graph	2026-10-03T16:05:11.9799698Z           "log.Fatal",
source_go	Real Go source ownership and AST dependency graph	2026-10-03T16:05:11.9799766Z           "log.Fatal",
source_go	Real Go source ownership and AST dependency graph	2026-10-03T16:05:11.9799846Z           "http.ListenAndServe"
source_go	Real Go source ownership and AST dependency graph	2026-10-03T16:05:11.9799898Z         ],
source_go	Real Go source ownership and AST dependency graph	2026-10-03T16:05:11.9799959Z         "strings": [
source_go	Real Go source ownership and AST dependency graph	2026-10-03T16:05:11.9800029Z           "context",
source_go	Real Go source ownership and AST dependency graph	2026-10-03T16:05:11.9800139Z           "github.com/jackc/pgx/v5/pgxpool",
source_go	Real Go source ownership and AST dependency graph	2026-10-03T16:05:11.9800239Z           "github.com/nats-io/nats.go",
source_go	Real Go source ownership and AST dependency graph	2026-10-03T16:05:11.9800434Z           "im-platform/backend/go/core",
source_go	Real Go source ownership and AST dependency graph	2026-10-03T16:05:11.9800539Z           "im-platform/backend/go/gateway",
source_go	Real Go source ownership and AST dependency graph	2026-10-03T16:05:11.9800657Z           "im-platform/backend/go/plugin-host",
source_go	Real Go source ownership and AST dependency graph	2026-10-03T16:05:11.9800760Z           "im-platform/backend/go/shared",
source_go	Real Go source ownership and AST dependency graph	2026-10-03T16:05:11.9800820Z           "log",
source_go	Real Go source ownership and AST dependency graph	2026-10-03T16:05:11.9800887Z           "net/http",
source_go	Real Go source ownership and AST dependency graph	2026-10-03T16:05:11.9800946Z           "os",
source_go	Real Go source ownership and AST dependency graph	2026-10-03T16:05:11.9801008Z           "time",
source_go	Real Go source ownership and AST dependency graph	2026-10-03T16:05:11.9801145Z           "expected gateway, core, or plugin-host role",
source_go	Real Go source ownership and AST dependency graph	2026-10-03T16:05:11.9801213Z           "gateway",
source_go	Real Go source ownership and AST dependency graph	2026-10-03T16:05:11.9801273Z           "core",
source_go	Real Go source ownership and AST dependency graph	2026-10-03T16:05:11.9801349Z           "plugin-host",
source_go	Real Go source ownership and AST dependency graph	2026-10-03T16:05:11.9801424Z           "unknown role",
source_go	Real Go source ownership and AST dependency graph	2026-10-03T16:05:11.9801498Z           "plugin-host",
source_go	Real Go source ownership and AST dependency graph	2026-10-03T16:05:11.9801561Z           ":8080",
source_go	Real Go source ownership and AST dependency graph	2026-10-03T16:05:11.9801636Z           "IM_CONFIG_FILE",
source_go	Real Go source ownership and AST dependency graph	2026-10-03T16:05:11.9801691Z           "",
source_go	Real Go source ownership and AST dependency graph	2026-10-03T16:05:11.9801789Z           "/run/im-config/config.json",
source_go	Real Go source ownership and AST dependency graph	2026-10-03T16:05:11.9801914Z           "Go runtime configuration unavailable",
source_go	Real Go source ownership and AST dependency graph	2026-10-03T16:05:11.9802017Z           "database configuration failed",
source_go	Real Go source ownership and AST dependency graph	2026-10-03T16:05:11.9802104Z           "database unavailable",
source_go	Real Go source ownership and AST dependency graph	2026-10-03T16:05:11.9802182Z           "NATS unavailable",
source_go	Real Go source ownership and AST dependency graph	2026-10-03T16:05:11.9802243Z           "core",
source_go	Real Go source ownership and AST dependency graph	2026-10-03T16:05:11.9802345Z           "gateway configuration failed",
source_go	Real Go source ownership and AST dependency graph	2026-10-03T16:05:11.9802404Z           ":8080"
source_go	Real Go source ownership and AST dependency graph	2026-10-03T16:05:11.9802454Z         ]
source_go	Real Go source ownership and AST dependency graph	2026-10-03T16:05:11.9802500Z       },
source_go	Real Go source ownership and AST dependency graph	2026-10-03T16:05:11.9802550Z       {
source_go	Real Go source ownership and AST dependency graph	2026-10-03T16:05:11.9802643Z         "path": "plugin-host/http.go",
source_go	Real Go source ownership and AST dependency graph	2026-10-03T16:05:11.9802727Z         "package": "pluginhost",
source_go	Real Go source ownership and AST dependency graph	2026-10-03T16:05:11.9802793Z         "imports": [
source_go	Real Go source ownership and AST dependency graph	2026-10-03T16:05:11.9802895Z           "im-platform/backend/go/shared",
source_go	Real Go source ownership and AST dependency graph	2026-10-03T16:05:11.9802963Z           "net/http"
source_go	Real Go source ownership and AST dependency graph	2026-10-03T16:05:11.9803013Z         ],
source_go	Real Go source ownership and AST dependency graph	2026-10-03T16:05:11.9803081Z         "functions": [
source_go	Real Go source ownership and AST dependency graph	2026-10-03T16:05:11.9803147Z           "NewHandler"
source_go	Real Go source ownership and AST dependency graph	2026-10-03T16:05:11.9803200Z         ],
source_go	Real Go source ownership and AST dependency graph	2026-10-03T16:05:11.9803264Z         "types": null,
source_go	Real Go source ownership and AST dependency graph	2026-10-03T16:05:11.9803324Z         "calls": [
source_go	Real Go source ownership and AST dependency graph	2026-10-03T16:05:11.9803402Z           "shared.InfraMux"
source_go	Real Go source ownership and AST dependency graph	2026-10-03T16:05:11.9803451Z         ],
source_go	Real Go source ownership and AST dependency graph	2026-10-03T16:05:11.9803513Z         "strings": [
source_go	Real Go source ownership and AST dependency graph	2026-10-03T16:05:11.9803616Z           "im-platform/backend/go/shared",
source_go	Real Go source ownership and AST dependency graph	2026-10-03T16:05:11.9803683Z           "net/http",
source_go	Real Go source ownership and AST dependency graph	2026-10-03T16:05:11.9803754Z           "plugin-host"
source_go	Real Go source ownership and AST dependency graph	2026-10-03T16:05:11.9803805Z         ]
source_go	Real Go source ownership and AST dependency graph	2026-10-03T16:05:11.9803852Z       },
source_go	Real Go source ownership and AST dependency graph	2026-10-03T16:05:11.9803900Z       {
source_go	Real Go source ownership and AST dependency graph	2026-10-03T16:05:11.9803990Z         "path": "shared/config.go",
source_go	Real Go source ownership and AST dependency graph	2026-10-03T16:05:11.9804066Z         "package": "shared",
source_go	Real Go source ownership and AST dependency graph	2026-10-03T16:05:11.9804134Z         "imports": [
source_go	Real Go source ownership and AST dependency graph	2026-10-03T16:05:11.9804209Z           "encoding/json",
source_go	Real Go source ownership and AST dependency graph	2026-10-03T16:05:11.9804362Z           "errors",
source_go	Real Go source ownership and AST dependency graph	2026-10-03T16:05:11.9804420Z           "io",
source_go	Real Go source ownership and AST dependency graph	2026-10-03T16:05:11.9804480Z           "os",
source_go	Real Go source ownership and AST dependency graph	2026-10-03T16:05:11.9804557Z           "path/filepath",
source_go	Real Go source ownership and AST dependency graph	2026-10-03T16:05:11.9804624Z           "strings",
source_go	Real Go source ownership and AST dependency graph	2026-10-03T16:05:11.9804731Z           "github.com/jackc/pgx/v5/pgxpool"
source_go	Real Go source ownership and AST dependency graph	2026-10-03T16:05:11.9804781Z         ],
source_go	Real Go source ownership and AST dependency graph	2026-10-03T16:05:11.9804848Z         "functions": [
source_go	Real Go source ownership and AST dependency graph	2026-10-03T16:05:11.9804915Z           "ReadConfig"
source_go	Real Go source ownership and AST dependency graph	2026-10-03T16:05:11.9804966Z         ],
source_go	Real Go source ownership and AST dependency graph	2026-10-03T16:05:11.9805024Z         "types": [
source_go	Real Go source ownership and AST dependency graph	2026-10-03T16:05:11.9805101Z           "RuntimeConfig"
source_go	Real Go source ownership and AST dependency graph	2026-10-03T16:05:11.9805152Z         ],
source_go	Real Go source ownership and AST dependency graph	2026-10-03T16:05:11.9805209Z         "calls": [
source_go	Real Go source ownership and AST dependency graph	2026-10-03T16:05:11.9805280Z           "errors.New",
source_go	Real Go source ownership and AST dependency graph	2026-10-03T16:05:11.9805345Z           "os.Open",
source_go	Real Go source ownership and AST dependency graph	2026-10-03T16:05:11.9805410Z           "f.Close",
source_go	Real Go source ownership and AST dependency graph	2026-10-03T16:05:11.9805489Z           "json.NewDecoder",
source_go	Real Go source ownership and AST dependency graph	2026-10-03T16:05:11.9805586Z           "d.DisallowUnknownFields",
source_go	Real Go source ownership and AST dependency graph	2026-10-03T16:05:11.9805653Z           "d.Decode",
source_go	Real Go source ownership and AST dependency graph	2026-10-03T16:05:11.9805723Z           "d.Decode",
source_go	Real Go source ownership and AST dependency graph	2026-10-03T16:05:11.9805783Z           "new",
source_go	Real Go source ownership and AST dependency graph	2026-10-03T16:05:11.9805852Z           "errors.New",
source_go	Real Go source ownership and AST dependency graph	2026-10-03T16:05:11.9805923Z           "errors.New",
source_go	Real Go source ownership and AST dependency graph	2026-10-03T16:05:11.9806059Z           "filepath.IsAbs",
source_go	Real Go source ownership and AST dependency graph	2026-10-03T16:05:11.9806136Z           "filepath.Join",
source_go	Real Go source ownership and AST dependency graph	2026-10-03T16:05:11.9806209Z           "filepath.Dir",
source_go	Real Go source ownership and AST dependency graph	2026-10-03T16:05:11.9806282Z           "os.ReadFile",
source_go	Real Go source ownership and AST dependency graph	2026-10-03T16:05:11.9806349Z           "resolve",
source_go	Real Go source ownership and AST dependency graph	2026-10-03T16:05:11.9806420Z           "os.ReadFile",
source_go	Real Go source ownership and AST dependency graph	2026-10-03T16:05:11.9806487Z           "resolve",
source_go	Real Go source ownership and AST dependency graph	2026-10-03T16:05:11.9806570Z           "strings.TrimSpace",
source_go	Real Go source ownership and AST dependency graph	2026-10-03T16:05:11.9806633Z           "string",
source_go	Real Go source ownership and AST dependency graph	2026-10-03T16:05:11.9806686Z           "",
source_go	Real Go source ownership and AST dependency graph	2026-10-03T16:05:11.9806770Z           "strings.TrimSpace",
source_go	Real Go source ownership and AST dependency graph	2026-10-03T16:05:11.9806832Z           "string",
source_go	Real Go source ownership and AST dependency graph	2026-10-03T16:05:11.9806892Z           "len",
source_go	Real Go source ownership and AST dependency graph	2026-10-03T16:05:11.9806963Z           "errors.New",
source_go	Real Go source ownership and AST dependency graph	2026-10-03T16:05:11.9807051Z           "pgxpool.ParseConfig"
source_go	Real Go source ownership and AST dependency graph	2026-10-03T16:05:11.9807102Z         ],
source_go	Real Go source ownership and AST dependency graph	2026-10-03T16:05:11.9807166Z         "strings": [
source_go	Real Go source ownership and AST dependency graph	2026-10-03T16:05:11.9807245Z           "encoding/json",
source_go	Real Go source ownership and AST dependency graph	2026-10-03T16:05:11.9807308Z           "errors",
source_go	Real Go source ownership and AST dependency graph	2026-10-03T16:05:11.9807367Z           "io",
source_go	Real Go source ownership and AST dependency graph	2026-10-03T16:05:11.9807428Z           "os",
source_go	Real Go source ownership and AST dependency graph	2026-10-03T16:05:11.9807504Z           "path/filepath",
source_go	Real Go source ownership and AST dependency graph	2026-10-03T16:05:11.9807568Z           "strings",
source_go	Real Go source ownership and AST dependency graph	2026-10-03T16:05:11.9807675Z           "github.com/jackc/pgx/v5/pgxpool",
source_go	Real Go source ownership and AST dependency graph	2026-10-03T16:05:11.9807769Z           "json:\"postgresHost\"",
source_go	Real Go source ownership and AST dependency graph	2026-10-03T16:05:11.9807860Z           "json:\"postgresPort\"",
source_go	Real Go source ownership and AST dependency graph	2026-10-03T16:05:11.9807950Z           "json:\"postgresUser\"",
source_go	Real Go source ownership and AST dependency graph	2026-10-03T16:05:11.9808046Z           "json:\"postgresDatabase\"",
source_go	Real Go source ownership and AST dependency graph	2026-10-03T16:05:11.9808154Z           "json:\"postgresPasswordFile\"",
source_go	Real Go source ownership and AST dependency graph	2026-10-03T16:05:11.9808251Z           "json:\"jwtSigningKeyFile\"",
source_go	Real Go source ownership and AST dependency graph	2026-10-03T16:05:11.9808332Z           "json:\"coreUrl\"",
source_go	Real Go source ownership and AST dependency graph	2026-10-03T16:05:11.9808412Z           "json:\"natsUrl\"",
source_go	Real Go source ownership and AST dependency graph	2026-10-03T16:05:11.9808465Z           "",
source_go	Real Go source ownership and AST dependency graph	2026-10-03T16:05:11.9808560Z           "IM_CONFIG_FILE is required",
source_go	Real Go source ownership and AST dependency graph	2026-10-03T16:05:11.9808694Z           "runtime configuration has trailing content",
source_go	Real Go source ownership and AST dependency graph	2026-10-03T16:05:11.9808750Z           "",
source_go	Real Go source ownership and AST dependency graph	2026-10-03T16:05:11.9808880Z           "",
source_go	Real Go source ownership and AST dependency graph	2026-10-03T16:05:11.9808937Z           "",
source_go	Real Go source ownership and AST dependency graph	2026-10-03T16:05:11.9808992Z           "",
source_go	Real Go source ownership and AST dependency graph	2026-10-03T16:05:11.9809044Z           "",
source_go	Real Go source ownership and AST dependency graph	2026-10-03T16:05:11.9809098Z           "",
source_go	Real Go source ownership and AST dependency graph	2026-10-03T16:05:11.9809150Z           "",
source_go	Real Go source ownership and AST dependency graph	2026-10-03T16:05:11.9809268Z           "runtime configuration is incomplete",
source_go	Real Go source ownership and AST dependency graph	2026-10-03T16:05:11.9809322Z           "",
source_go	Real Go source ownership and AST dependency graph	2026-10-03T16:05:11.9809428Z           "runtime credentials are invalid",
source_go	Real Go source ownership and AST dependency graph	2026-10-03T16:05:11.9809482Z           ""
source_go	Real Go source ownership and AST dependency graph	2026-10-03T16:05:11.9809532Z         ]
source_go	Real Go source ownership and AST dependency graph	2026-10-03T16:05:11.9809580Z       },
source_go	Real Go source ownership and AST dependency graph	2026-10-03T16:05:11.9809626Z       {
source_go	Real Go source ownership and AST dependency graph	2026-10-03T16:05:11.9809722Z         "path": "shared/config_test.go",
source_go	Real Go source ownership and AST dependency graph	2026-10-03T16:05:11.9809797Z         "package": "shared",
source_go	Real Go source ownership and AST dependency graph	2026-10-03T16:05:11.9809863Z         "imports": [
source_go	Real Go source ownership and AST dependency graph	2026-10-03T16:05:11.9809920Z           "os",
source_go	Real Go source ownership and AST dependency graph	2026-10-03T16:05:11.9809986Z           "strings",
source_go	Real Go source ownership and AST dependency graph	2026-10-03T16:05:11.9810141Z           "testing"
source_go	Real Go source ownership and AST dependency graph	2026-10-03T16:05:11.9810191Z         ],
source_go	Real Go source ownership and AST dependency graph	2026-10-03T16:05:11.9810259Z         "functions": [
source_go	Real Go source ownership and AST dependency graph	2026-10-03T16:05:11.9810385Z           "TestConfigReadsExternalCredentialFiles"
source_go	Real Go source ownership and AST dependency graph	2026-10-03T16:05:11.9810438Z         ],
source_go	Real Go source ownership and AST dependency graph	2026-10-03T16:05:11.9810502Z         "types": null,
source_go	Real Go source ownership and AST dependency graph	2026-10-03T16:05:11.9810563Z         "calls": [
source_go	Real Go source ownership and AST dependency graph	2026-10-03T16:05:11.9810630Z           "t.TempDir",
source_go	Real Go source ownership and AST dependency graph	2026-10-03T16:05:11.9810705Z           "os.WriteFile",
source_go	Real Go source ownership and AST dependency graph	2026-10-03T16:05:11.9810759Z           "",
source_go	Real Go source ownership and AST dependency graph	2026-10-03T16:05:11.9810821Z           "t.Fatal",
source_go	Real Go source ownership and AST dependency graph	2026-10-03T16:05:11.9810896Z           "os.WriteFile",
source_go	Real Go source ownership and AST dependency graph	2026-10-03T16:05:11.9810950Z           "",
source_go	Real Go source ownership and AST dependency graph	2026-10-03T16:05:11.9811014Z           "t.Fatal",
source_go	Real Go source ownership and AST dependency graph	2026-10-03T16:05:11.9811068Z           "",
source_go	Real Go source ownership and AST dependency graph	2026-10-03T16:05:11.9811143Z           "os.WriteFile",
source_go	Real Go source ownership and AST dependency graph	2026-10-03T16:05:11.9811205Z           "t.Fatal",
source_go	Real Go source ownership and AST dependency graph	2026-10-03T16:05:11.9811279Z           "ReadConfig",
source_go	Real Go source ownership and AST dependency graph	2026-10-03T16:05:11.9811343Z           "t.Fatal",
source_go	Real Go source ownership and AST dependency graph	2026-10-03T16:05:11.9811403Z           "string",
source_go	Real Go source ownership and AST dependency graph	2026-10-03T16:05:11.9811470Z           "t.Fatal",
source_go	Real Go source ownership and AST dependency graph	2026-10-03T16:05:11.9811549Z           "strings.Contains",
source_go	Real Go source ownership and AST dependency graph	2026-10-03T16:05:11.9811613Z           "string",
source_go	Real Go source ownership and AST dependency graph	2026-10-03T16:05:11.9811691Z           "strings.Contains",
source_go	Real Go source ownership and AST dependency graph	2026-10-03T16:05:11.9811838Z           "string",
source_go	Real Go source ownership and AST dependency graph	2026-10-03T16:05:11.9811901Z           "string",
source_go	Real Go source ownership and AST dependency graph	2026-10-03T16:05:11.9811965Z           "t.Fatal",
source_go	Real Go source ownership and AST dependency graph	2026-10-03T16:05:11.9812036Z           "os.Remove",
source_go	Real Go source ownership and AST dependency graph	2026-10-03T16:05:11.9812099Z           "t.Fatal",
source_go	Real Go source ownership and AST dependency graph	2026-10-03T16:05:11.9812172Z           "ReadConfig",
source_go	Real Go source ownership and AST dependency graph	2026-10-03T16:05:11.9812232Z           "t.Fatal"
source_go	Real Go source ownership and AST dependency graph	2026-10-03T16:05:11.9812283Z         ],
source_go	Real Go source ownership and AST dependency graph	2026-10-03T16:05:11.9812344Z         "strings": [
source_go	Real Go source ownership and AST dependency graph	2026-10-03T16:05:11.9812403Z           "os",
source_go	Real Go source ownership and AST dependency graph	2026-10-03T16:05:11.9812467Z           "strings",
source_go	Real Go source ownership and AST dependency graph	2026-10-03T16:05:11.9812529Z           "testing",
source_go	Real Go source ownership and AST dependency graph	2026-10-03T16:05:11.9812604Z           "/pg_password",
source_go	Real Go source ownership and AST dependency graph	2026-10-03T16:05:11.9812699Z           "local-test-password\n",
source_go	Real Go source ownership and AST dependency graph	2026-10-03T16:05:11.9812767Z           "/jwt_key",
source_go	Real Go source ownership and AST dependency graph	2026-10-03T16:05:11.9812902Z           "test-only-signing-key-at-least-32-bytes\n",
source_go	Real Go source ownership and AST dependency graph	2026-10-03T16:05:11.9813643Z           "{\"postgresHost\":\"localhost\",\"postgresPort\":5432,\"postgresUser\":\"test\",\"postgresDatabase\":\"test\",\"postgresPasswordFile\":\"pg_password\",\"jwtSigningKeyFile\":\"jwt_key\",\"coreUrl\":\"http://localhost:8080\",\"natsUrl\":\"nats://localhost:4222\"}",
source_go	Real Go source ownership and AST dependency graph	2026-10-03T16:05:11.9813725Z           "/config.json",
source_go	Real Go source ownership and AST dependency graph	2026-10-03T16:05:11.9813802Z           "/config.json",
source_go	Real Go source ownership and AST dependency graph	2026-10-03T16:05:11.9813935Z           "test-only-signing-key-at-least-32-bytes",
source_go	Real Go source ownership and AST dependency graph	2026-10-03T16:05:11.9814025Z           "local-test-password",
source_go	Real Go source ownership and AST dependency graph	2026-10-03T16:05:11.9814136Z           "credential files were not loaded",
source_go	Real Go source ownership and AST dependency graph	2026-10-03T16:05:11.9814224Z           "local-test-password",
source_go	Real Go source ownership and AST dependency graph	2026-10-03T16:05:11.9814342Z           "credential embedded in configuration",
source_go	Real Go source ownership and AST dependency graph	2026-10-03T16:05:11.9814408Z           "/jwt_key",
source_go	Real Go source ownership and AST dependency graph	2026-10-03T16:05:11.9814485Z           "/config.json",
source_go	Real Go source ownership and AST dependency graph	2026-10-03T16:05:11.9814585Z           "missing signing key accepted"
source_go	Real Go source ownership and AST dependency graph	2026-10-03T16:05:11.9814634Z         ]
source_go	Real Go source ownership and AST dependency graph	2026-10-03T16:05:11.9814687Z       },
source_go	Real Go source ownership and AST dependency graph	2026-10-03T16:05:11.9814733Z       {
source_go	Real Go source ownership and AST dependency graph	2026-10-03T16:05:11.9814818Z         "path": "shared/infra.go",
source_go	Real Go source ownership and AST dependency graph	2026-10-03T16:05:11.9814891Z         "package": "shared",
source_go	Real Go source ownership and AST dependency graph	2026-10-03T16:05:11.9814957Z         "imports": [
source_go	Real Go source ownership and AST dependency graph	2026-10-03T16:05:11.9815015Z           "fmt",
source_go	Real Go source ownership and AST dependency graph	2026-10-03T16:05:11.9815080Z           "net/http"
source_go	Real Go source ownership and AST dependency graph	2026-10-03T16:05:11.9815132Z         ],
source_go	Real Go source ownership and AST dependency graph	2026-10-03T16:05:11.9815198Z         "functions": [
source_go	Real Go source ownership and AST dependency graph	2026-10-03T16:05:11.9815264Z           "InfraMux"
source_go	Real Go source ownership and AST dependency graph	2026-10-03T16:05:11.9815313Z         ],
source_go	Real Go source ownership and AST dependency graph	2026-10-03T16:05:11.9815379Z         "types": null,
source_go	Real Go source ownership and AST dependency graph	2026-10-03T16:05:11.9815436Z         "calls": [
source_go	Real Go source ownership and AST dependency graph	2026-10-03T16:05:11.9815517Z           "http.NewServeMux",
source_go	Real Go source ownership and AST dependency graph	2026-10-03T16:05:11.9815588Z           "m.HandleFunc",
source_go	Real Go source ownership and AST dependency graph	2026-10-03T16:05:11.9815660Z           "http.Error",
source_go	Real Go source ownership and AST dependency graph	2026-10-03T16:05:11.9815722Z           ".Set",
source_go	Real Go source ownership and AST dependency graph	2026-10-03T16:05:11.9815786Z           "w.Header",
source_go	Real Go source ownership and AST dependency graph	2026-10-03T16:05:11.9815857Z           "fmt.Fprintf"
source_go	Real Go source ownership and AST dependency graph	2026-10-03T16:05:11.9815906Z         ],
source_go	Real Go source ownership and AST dependency graph	2026-10-03T16:05:11.9815969Z         "strings": [
source_go	Real Go source ownership and AST dependency graph	2026-10-03T16:05:11.9816122Z           "fmt",
source_go	Real Go source ownership and AST dependency graph	2026-10-03T16:05:11.9816190Z           "net/http",
source_go	Real Go source ownership and AST dependency graph	2026-10-03T16:05:11.9816266Z           "/__infra/health",
source_go	Real Go source ownership and AST dependency graph	2026-10-03T16:05:11.9816327Z           "GET",
source_go	Real Go source ownership and AST dependency graph	2026-10-03T16:05:11.9816418Z           "method not allowed",
source_go	Real Go source ownership and AST dependency graph	2026-10-03T16:05:11.9816492Z           "Content-Type",
source_go	Real Go source ownership and AST dependency graph	2026-10-03T16:05:11.9816587Z           "text/plain; charset=utf-8",
source_go	Real Go source ownership and AST dependency graph	2026-10-03T16:05:11.9816676Z           "profile=go role=%s\n"
source_go	Real Go source ownership and AST dependency graph	2026-10-03T16:05:11.9816726Z         ]
source_go	Real Go source ownership and AST dependency graph	2026-10-03T16:05:11.9816773Z       },
source_go	Real Go source ownership and AST dependency graph	2026-10-03T16:05:11.9816822Z       {
source_go	Real Go source ownership and AST dependency graph	2026-10-03T16:05:11.9816914Z         "path": "shared/security.go",
source_go	Real Go source ownership and AST dependency graph	2026-10-03T16:05:11.9816989Z         "package": "shared",
source_go	Real Go source ownership and AST dependency graph	2026-10-03T16:05:11.9817053Z         "imports": [
source_go	Real Go source ownership and AST dependency graph	2026-10-03T16:05:11.9817126Z           "crypto/hmac",
source_go	Real Go source ownership and AST dependency graph	2026-10-03T16:05:11.9817201Z           "crypto/rand",
source_go	Real Go source ownership and AST dependency graph	2026-10-03T16:05:11.9817275Z           "crypto/sha256",
source_go	Real Go source ownership and AST dependency graph	2026-10-03T16:05:11.9817355Z           "encoding/base64",
source_go	Real Go source ownership and AST dependency graph	2026-10-03T16:05:11.9817427Z           "encoding/hex",
source_go	Real Go source ownership and AST dependency graph	2026-10-03T16:05:11.9817508Z           "encoding/json",
source_go	Real Go source ownership and AST dependency graph	2026-10-03T16:05:11.9817574Z           "strings",
source_go	Real Go source ownership and AST dependency graph	2026-10-03T16:05:11.9817631Z           "time"
source_go	Real Go source ownership and AST dependency graph	2026-10-03T16:05:11.9817682Z         ],
source_go	Real Go source ownership and AST dependency graph	2026-10-03T16:05:11.9817807Z         "functions": [
source_go	Real Go source ownership and AST dependency graph	2026-10-03T16:05:11.9817869Z           "Error",
source_go	Real Go source ownership and AST dependency graph	2026-10-03T16:05:11.9817928Z           "Fail",
source_go	Real Go source ownership and AST dependency graph	2026-10-03T16:05:11.9818004Z           "RandomToken",
source_go	Real Go source ownership and AST dependency graph	2026-10-03T16:05:11.9818062Z           "UUID",
source_go	Real Go source ownership and AST dependency graph	2026-10-03T16:05:11.9818131Z           "HashToken",
source_go	Real Go source ownership and AST dependency graph	2026-10-03T16:05:11.9818190Z           "Sign",
source_go	Real Go source ownership and AST dependency graph	2026-10-03T16:05:11.9818251Z           "Parse",
source_go	Real Go source ownership and AST dependency graph	2026-10-03T16:05:11.9818322Z           "ValidClient"
source_go	Real Go source ownership and AST dependency graph	2026-10-03T16:05:11.9818370Z         ],
source_go	Real Go source ownership and AST dependency graph	2026-10-03T16:05:11.9818432Z         "types": [
source_go	Real Go source ownership and AST dependency graph	2026-10-03T16:05:11.9818494Z           "Claims",
source_go	Real Go source ownership and AST dependency graph	2026-10-03T16:05:11.9818557Z           "Error",
source_go	Real Go source ownership and AST dependency graph	2026-10-03T16:05:11.9818620Z           "Codec"
source_go	Real Go source ownership and AST dependency graph	2026-10-03T16:05:11.9818669Z         ],
source_go	Real Go source ownership and AST dependency graph	2026-10-03T16:05:11.9818728Z         "calls": [
source_go	Real Go source ownership and AST dependency graph	2026-10-03T16:05:11.9818860Z           "make",
source_go	Real Go source ownership and AST dependency graph	2026-10-03T16:05:11.9818931Z           "rand.Read",
source_go	Real Go source ownership and AST dependency graph	2026-10-03T16:05:11.9819054Z           "base64.RawURLEncoding.EncodeToString",
source_go	Real Go source ownership and AST dependency graph	2026-10-03T16:05:11.9819115Z           "make",
source_go	Real Go source ownership and AST dependency graph	2026-10-03T16:05:11.9819181Z           "rand.Read",
source_go	Real Go source ownership and AST dependency graph	2026-10-03T16:05:11.9819271Z           "hex.EncodeToString",
source_go	Real Go source ownership and AST dependency graph	2026-10-03T16:05:11.9819347Z           "sha256.Sum256",
source_go	Real Go source ownership and AST dependency graph	2026-10-03T16:05:11.9819401Z           "",
source_go	Real Go source ownership and AST dependency graph	2026-10-03T16:05:11.9819488Z           "hex.EncodeToString",
source_go	Real Go source ownership and AST dependency graph	2026-10-03T16:05:11.9819610Z           "base64.RawURLEncoding.EncodeToString",
source_go	Real Go source ownership and AST dependency graph	2026-10-03T16:05:11.9819665Z           "",
source_go	Real Go source ownership and AST dependency graph	2026-10-03T16:05:11.9819738Z           "json.Marshal",
source_go	Real Go source ownership and AST dependency graph	2026-10-03T16:05:11.9819860Z           "base64.RawURLEncoding.EncodeToString",
source_go	Real Go source ownership and AST dependency graph	2026-10-03T16:05:11.9819925Z           "hmac.New",
source_go	Real Go source ownership and AST dependency graph	2026-10-03T16:05:11.9819992Z           "mac.Write",
source_go	Real Go source ownership and AST dependency graph	2026-10-03T16:05:11.9820048Z           "",
source_go	Real Go source ownership and AST dependency graph	2026-10-03T16:05:11.9820167Z           "base64.RawURLEncoding.EncodeToString",
source_go	Real Go source ownership and AST dependency graph	2026-10-03T16:05:11.9820232Z           "mac.Sum",
source_go	Real Go source ownership and AST dependency graph	2026-10-03T16:05:11.9820306Z           "strings.Split",
source_go	Real Go source ownership and AST dependency graph	2026-10-03T16:05:11.9820366Z           "len",
source_go	Real Go source ownership and AST dependency graph	2026-10-03T16:05:11.9820485Z           "base64.RawURLEncoding.EncodeToString",
source_go	Real Go source ownership and AST dependency graph	2026-10-03T16:05:11.9820540Z           "",
source_go	Real Go source ownership and AST dependency graph	2026-10-03T16:05:11.9820600Z           "Fail",
source_go	Real Go source ownership and AST dependency graph	2026-10-03T16:05:11.9820665Z           "hmac.New",
source_go	Real Go source ownership and AST dependency graph	2026-10-03T16:05:11.9820732Z           "mac.Write",
source_go	Real Go source ownership and AST dependency graph	2026-10-03T16:05:11.9820785Z           "",
source_go	Real Go source ownership and AST dependency graph	2026-10-03T16:05:11.9820903Z           "base64.RawURLEncoding.DecodeString",
source_go	Real Go source ownership and AST dependency graph	2026-10-03T16:05:11.9820971Z           "hmac.Equal",
source_go	Real Go source ownership and AST dependency graph	2026-10-03T16:05:11.9821035Z           "mac.Sum",
source_go	Real Go source ownership and AST dependency graph	2026-10-03T16:05:11.9821093Z           "Fail",
source_go	Real Go source ownership and AST dependency graph	2026-10-03T16:05:11.9821209Z           "base64.RawURLEncoding.DecodeString",
source_go	Real Go source ownership and AST dependency graph	2026-10-03T16:05:11.9821289Z           "json.Unmarshal",
source_go	Real Go source ownership and AST dependency graph	2026-10-03T16:05:11.9821359Z           "ValidClient",
source_go	Real Go source ownership and AST dependency graph	2026-10-03T16:05:11.9821420Z           "Fail",
source_go	Real Go source ownership and AST dependency graph	2026-10-03T16:05:11.9821481Z           ".Unix",
source_go	Real Go source ownership and AST dependency graph	2026-10-03T16:05:11.9821544Z           "s.Now",
source_go	Real Go source ownership and AST dependency graph	2026-10-03T16:05:11.9821604Z           "Fail"
source_go	Real Go source ownership and AST dependency graph	2026-10-03T16:05:11.9821655Z         ],
source_go	Real Go source ownership and AST dependency graph	2026-10-03T16:05:11.9821813Z         "strings": [
source_go	Real Go source ownership and AST dependency graph	2026-10-03T16:05:11.9821885Z           "crypto/hmac",
source_go	Real Go source ownership and AST dependency graph	2026-10-03T16:05:11.9821960Z           "crypto/rand",
source_go	Real Go source ownership and AST dependency graph	2026-10-03T16:05:11.9822034Z           "crypto/sha256",
source_go	Real Go source ownership and AST dependency graph	2026-10-03T16:05:11.9822117Z           "encoding/base64",
source_go	Real Go source ownership and AST dependency graph	2026-10-03T16:05:11.9822190Z           "encoding/hex",
source_go	Real Go source ownership and AST dependency graph	2026-10-03T16:05:11.9822267Z           "encoding/json",
source_go	Real Go source ownership and AST dependency graph	2026-10-03T16:05:11.9822331Z           "strings",
source_go	Real Go source ownership and AST dependency graph	2026-10-03T16:05:11.9822392Z           "time",
source_go	Real Go source ownership and AST dependency graph	2026-10-03T16:05:11.9822474Z           "json:\"user_id\"",
source_go	Real Go source ownership and AST dependency graph	2026-10-03T16:05:11.9822560Z           "json:\"session_id\"",
source_go	Real Go source ownership and AST dependency graph	2026-10-03T16:05:11.9822649Z           "json:\"client_type\"",
source_go	Real Go source ownership and AST dependency graph	2026-10-03T16:05:11.9822742Z           "json:\"session_epoch\"",
source_go	Real Go source ownership and AST dependency graph	2026-10-03T16:05:11.9822817Z           "json:\"iat\"",
source_go	Real Go source ownership and AST dependency graph	2026-10-03T16:05:11.9822889Z           "json:\"exp\"",
source_go	Real Go source ownership and AST dependency graph	2026-10-03T16:05:11.9822944Z           "",
source_go	Real Go source ownership and AST dependency graph	2026-10-03T16:05:11.9822997Z           "",
source_go	Real Go source ownership and AST dependency graph	2026-10-03T16:05:11.9823055Z           "-",
source_go	Real Go source ownership and AST dependency graph	2026-10-03T16:05:11.9823112Z           "-",
source_go	Real Go source ownership and AST dependency graph	2026-10-03T16:05:11.9823167Z           "-",
source_go	Real Go source ownership and AST dependency graph	2026-10-03T16:05:11.9823229Z           "-",
source_go	Real Go source ownership and AST dependency graph	2026-10-03T16:05:11.9823337Z           "{\"alg\":\"HS256\",\"typ\":\"JWT\"}",
source_go	Real Go source ownership and AST dependency graph	2026-10-03T16:05:11.9823393Z           "",
source_go	Real Go source ownership and AST dependency graph	2026-10-03T16:05:11.9823531Z           ".",
source_go	Real Go source ownership and AST dependency graph	2026-10-03T16:05:11.9823589Z           ".",
source_go	Real Go source ownership and AST dependency graph	2026-10-03T16:05:11.9823646Z           ".",
source_go	Real Go source ownership and AST dependency graph	2026-10-03T16:05:11.9823752Z           "{\"alg\":\"HS256\",\"typ\":\"JWT\"}",
source_go	Real Go source ownership and AST dependency graph	2026-10-03T16:05:11.9823835Z           "AUTH_TOKEN_INVALID",
source_go	Real Go source ownership and AST dependency graph	2026-10-03T16:05:11.9823927Z           "Access token is invalid.",
source_go	Real Go source ownership and AST dependency graph	2026-10-03T16:05:11.9823984Z           ".",
source_go	Real Go source ownership and AST dependency graph	2026-10-03T16:05:11.9824063Z           "AUTH_TOKEN_INVALID",
source_go	Real Go source ownership and AST dependency graph	2026-10-03T16:05:11.9824157Z           "Access token is invalid.",
source_go	Real Go source ownership and AST dependency graph	2026-10-03T16:05:11.9824210Z           "",
source_go	Real Go source ownership and AST dependency graph	2026-10-03T16:05:11.9824265Z           "",
source_go	Real Go source ownership and AST dependency graph	2026-10-03T16:05:11.9824345Z           "AUTH_TOKEN_INVALID",
source_go	Real Go source ownership and AST dependency graph	2026-10-03T16:05:11.9824436Z           "Access token is invalid.",
source_go	Real Go source ownership and AST dependency graph	2026-10-03T16:05:11.9824518Z           "AUTH_TOKEN_EXPIRED",
source_go	Real Go source ownership and AST dependency graph	2026-10-03T16:05:11.9824613Z           "Access token has expired.",
source_go	Real Go source ownership and AST dependency graph	2026-10-03T16:05:11.9824675Z           "WEB",
source_go	Real Go source ownership and AST dependency graph	2026-10-03T16:05:11.9824739Z           "DESKTOP",
source_go	Real Go source ownership and AST dependency graph	2026-10-03T16:05:11.9824802Z           "MOBILE"
source_go	Real Go source ownership and AST dependency graph	2026-10-03T16:05:11.9824850Z         ]
source_go	Real Go source ownership and AST dependency graph	2026-10-03T16:05:11.9824902Z       },
source_go	Real Go source ownership and AST dependency graph	2026-10-03T16:05:11.9824948Z       {
source_go	Real Go source ownership and AST dependency graph	2026-10-03T16:05:11.9825045Z         "path": "shared/security_test.go",
source_go	Real Go source ownership and AST dependency graph	2026-10-03T16:05:11.9825119Z         "package": "shared",
source_go	Real Go source ownership and AST dependency graph	2026-10-03T16:05:11.9825182Z         "imports": [
source_go	Real Go source ownership and AST dependency graph	2026-10-03T16:05:11.9825246Z           "testing",
source_go	Real Go source ownership and AST dependency graph	2026-10-03T16:05:11.9825303Z           "time"
source_go	Real Go source ownership and AST dependency graph	2026-10-03T16:05:11.9825354Z         ],
source_go	Real Go source ownership and AST dependency graph	2026-10-03T16:05:11.9825421Z         "functions": [
source_go	Real Go source ownership and AST dependency graph	2026-10-03T16:05:11.9825517Z           "TestTokenTamperAndExpiry"
source_go	Real Go source ownership and AST dependency graph	2026-10-03T16:05:11.9825569Z         ],
source_go	Real Go source ownership and AST dependency graph	2026-10-03T16:05:11.9825633Z         "types": null,
source_go	Real Go source ownership and AST dependency graph	2026-10-03T16:05:11.9825693Z         "calls": [
source_go	Real Go source ownership and AST dependency graph	2026-10-03T16:05:11.9825746Z           "",
source_go	Real Go source ownership and AST dependency graph	2026-10-03T16:05:11.9825816Z           "time.Unix",
source_go	Real Go source ownership and AST dependency graph	2026-10-03T16:05:11.9825877Z           "s.Sign",
source_go	Real Go source ownership and AST dependency graph	2026-10-03T16:05:11.9825942Z           "t.Fatal",
source_go	Real Go source ownership and AST dependency graph	2026-10-03T16:05:11.9826009Z           "s.Parse",
source_go	Real Go source ownership and AST dependency graph	2026-10-03T16:05:11.9826071Z           "t.Fatal",
source_go	Real Go source ownership and AST dependency graph	2026-10-03T16:05:11.9826135Z           "s.Parse",
source_go	Real Go source ownership and AST dependency graph	2026-10-03T16:05:11.9826197Z           "t.Fatal",
source_go	Real Go source ownership and AST dependency graph	2026-10-03T16:05:11.9826266Z           "time.Unix",
source_go	Real Go source ownership and AST dependency graph	2026-10-03T16:05:11.9826328Z           "s.Parse",
source_go	Real Go source ownership and AST dependency graph	2026-10-03T16:05:11.9826394Z           "t.Fatalf"
source_go	Real Go source ownership and AST dependency graph	2026-10-03T16:05:11.9826443Z         ],
source_go	Real Go source ownership and AST dependency graph	2026-10-03T16:05:11.9826505Z         "strings": [
source_go	Real Go source ownership and AST dependency graph	2026-10-03T16:05:11.9826570Z           "testing",
source_go	Real Go source ownership and AST dependency graph	2026-10-03T16:05:11.9826628Z           "time",
source_go	Real Go source ownership and AST dependency graph	2026-10-03T16:05:11.9826757Z           "test-only-signing-key-at-least-32-bytes",
source_go	Real Go source ownership and AST dependency graph	2026-10-03T16:05:11.9826862Z           "10000000-0000-4000-8000-000000000001",
source_go	Real Go source ownership and AST dependency graph	2026-10-03T16:05:11.9826969Z           "50000000-0000-4000-8000-000000000001",
source_go	Real Go source ownership and AST dependency graph	2026-10-03T16:05:11.9827027Z           "WEB",
source_go	Real Go source ownership and AST dependency graph	2026-10-03T16:05:11.9827084Z           "x",
source_go	Real Go source ownership and AST dependency graph	2026-10-03T16:05:11.9827185Z           "tampered signature accepted",
source_go	Real Go source ownership and AST dependency graph	2026-10-03T16:05:11.9827266Z           "AUTH_TOKEN_EXPIRED",
source_go	Real Go source ownership and AST dependency graph	2026-10-03T16:05:11.9827412Z           "expired token: %v"
source_go	Real Go source ownership and AST dependency graph	2026-10-03T16:05:11.9827459Z         ]
source_go	Real Go source ownership and AST dependency graph	2026-10-03T16:05:11.9827507Z       },
source_go	Real Go source ownership and AST dependency graph	2026-10-03T16:05:11.9827552Z       {
source_go	Real Go source ownership and AST dependency graph	2026-10-03T16:05:11.9827644Z         "path": "tests/auth_test.go",
source_go	Real Go source ownership and AST dependency graph	2026-10-03T16:05:11.9827719Z         "package": "tests",
source_go	Real Go source ownership and AST dependency graph	2026-10-03T16:05:11.9827784Z         "imports": [
source_go	Real Go source ownership and AST dependency graph	2026-10-03T16:05:11.9827846Z           "bytes",
source_go	Real Go source ownership and AST dependency graph	2026-10-03T16:05:11.9827909Z           "context",
source_go	Real Go source ownership and AST dependency graph	2026-10-03T16:05:11.9827987Z           "encoding/json",
source_go	Real Go source ownership and AST dependency graph	2026-10-03T16:05:11.9828046Z           "fmt",
source_go	Real Go source ownership and AST dependency graph	2026-10-03T16:05:11.9828113Z           "net/http",
source_go	Real Go source ownership and AST dependency graph	2026-10-03T16:05:11.9828195Z           "net/http/httptest",
source_go	Real Go source ownership and AST dependency graph	2026-10-03T16:05:11.9828255Z           "os",
source_go	Real Go source ownership and AST dependency graph	2026-10-03T16:05:11.9828317Z           "strings",
source_go	Real Go source ownership and AST dependency graph	2026-10-03T16:05:11.9828378Z           "sync",
source_go	Real Go source ownership and AST dependency graph	2026-10-03T16:05:11.9828441Z           "testing",
source_go	Real Go source ownership and AST dependency graph	2026-10-03T16:05:11.9828499Z           "time",
source_go	Real Go source ownership and AST dependency graph	2026-10-03T16:05:11.9828603Z           "github.com/gorilla/websocket",
source_go	Real Go source ownership and AST dependency graph	2026-10-03T16:05:11.9828711Z           "github.com/jackc/pgx/v5/pgxpool",
source_go	Real Go source ownership and AST dependency graph	2026-10-03T16:05:11.9828891Z           "github.com/nats-io/nats.go",
source_go	Real Go source ownership and AST dependency graph	2026-10-03T16:05:11.9828994Z           "im-platform/backend/go/core",
source_go	Real Go source ownership and AST dependency graph	2026-10-03T16:05:11.9829100Z           "im-platform/backend/go/gateway",
source_go	Real Go source ownership and AST dependency graph	2026-10-03T16:05:11.9829291Z           "im-platform/backend/go/shared"
source_go	Real Go source ownership and AST dependency graph	2026-10-03T16:05:11.9829340Z         ],
source_go	Real Go source ownership and AST dependency graph	2026-10-03T16:05:11.9829408Z         "functions": [
source_go	Real Go source ownership and AST dependency graph	2026-10-03T16:05:11.9829467Z           "call",
source_go	Real Go source ownership and AST dependency graph	2026-10-03T16:05:11.9829538Z           "readResult",
source_go	Real Go source ownership and AST dependency graph	2026-10-03T16:05:11.9829604Z           "getToken",
source_go	Real Go source ownership and AST dependency graph	2026-10-03T16:05:11.9829677Z           "getSession",
source_go	Real Go source ownership and AST dependency graph	2026-10-03T16:05:11.9829740Z           "expect",
source_go	Real Go source ownership and AST dependency graph	2026-10-03T16:05:11.9829846Z           "TestPostgresAuthSessionAndWSS"
source_go	Real Go source ownership and AST dependency graph	2026-10-03T16:05:11.9829899Z         ],
source_go	Real Go source ownership and AST dependency graph	2026-10-03T16:05:11.9829963Z         "types": null,
source_go	Real Go source ownership and AST dependency graph	2026-10-03T16:05:11.9830024Z         "calls": [
source_go	Real Go source ownership and AST dependency graph	2026-10-03T16:05:11.9830089Z           "t.Helper",
source_go	Real Go source ownership and AST dependency graph	2026-10-03T16:05:11.9830165Z           "json.Marshal",
source_go	Real Go source ownership and AST dependency graph	2026-10-03T16:05:11.9830249Z           "httptest.NewRequest",
source_go	Real Go source ownership and AST dependency graph	2026-10-03T16:05:11.9830330Z           "bytes.NewReader",
source_go	Real Go source ownership and AST dependency graph	2026-10-03T16:05:11.9830404Z           "r.Header.Set",
source_go	Real Go source ownership and AST dependency graph	2026-10-03T16:05:11.9830476Z           "r.Header.Set",
source_go	Real Go source ownership and AST dependency graph	2026-10-03T16:05:11.9830549Z           "r.AddCookie",
source_go	Real Go source ownership and AST dependency graph	2026-10-03T16:05:11.9830643Z           "httptest.NewRecorder",
source_go	Real Go source ownership and AST dependency graph	2026-10-03T16:05:11.9830715Z           "h.ServeHTTP",
source_go	Real Go source ownership and AST dependency graph	2026-10-03T16:05:11.9830780Z           "t.Helper",
source_go	Real Go source ownership and AST dependency graph	2026-10-03T16:05:11.9830858Z           "json.Unmarshal",
source_go	Real Go source ownership and AST dependency graph	2026-10-03T16:05:11.9830930Z           "w.Body.Bytes",
source_go	Real Go source ownership and AST dependency graph	2026-10-03T16:05:11.9830996Z           "t.Fatal",
source_go	Real Go source ownership and AST dependency graph	2026-10-03T16:05:11.9831064Z           "t.Helper",
source_go	Real Go source ownership and AST dependency graph	2026-10-03T16:05:11.9831132Z           "readResult",
source_go	Real Go source ownership and AST dependency graph	2026-10-03T16:05:11.9831198Z           "t.Helper",
source_go	Real Go source ownership and AST dependency graph	2026-10-03T16:05:11.9831266Z           "readResult",
source_go	Real Go source ownership and AST dependency graph	2026-10-03T16:05:11.9831332Z           "t.Helper",
source_go	Real Go source ownership and AST dependency graph	2026-10-03T16:05:11.9831396Z           "t.Fatalf",
source_go	Real Go source ownership and AST dependency graph	2026-10-03T16:05:11.9831473Z           "w.Body.String",
source_go	Real Go source ownership and AST dependency graph	2026-10-03T16:05:11.9831539Z           "os.Getenv",
source_go	Real Go source ownership and AST dependency graph	2026-10-03T16:05:11.9831603Z           "t.Skip",
source_go	Real Go source ownership and AST dependency graph	2026-10-03T16:05:11.9831691Z           "context.Background",
source_go	Real Go source ownership and AST dependency graph	2026-10-03T16:05:11.9831765Z           "pgxpool.New",
source_go	Real Go source ownership and AST dependency graph	2026-10-03T16:05:11.9831830Z           "t.Fatal",
source_go	Real Go source ownership and AST dependency graph	2026-10-03T16:05:11.9831897Z           "db.Close",
source_go	Real Go source ownership and AST dependency graph	2026-10-03T16:05:11.9831966Z           "db.Ping",
source_go	Real Go source ownership and AST dependency graph	2026-10-03T16:05:11.9832028Z           "t.Fatal",
source_go	Real Go source ownership and AST dependency graph	2026-10-03T16:05:11.9832098Z           "newService",
source_go	Real Go source ownership and AST dependency graph	2026-10-03T16:05:11.9832152Z           "",
source_go	Real Go source ownership and AST dependency graph	2026-10-03T16:05:11.9832233Z           "httptest.NewServer",
source_go	Real Go source ownership and AST dependency graph	2026-10-03T16:05:11.9832316Z           "coreServer.Close",
source_go	Real Go source ownership and AST dependency graph	2026-10-03T16:05:11.9832397Z           "gateway.NewHandler",
source_go	Real Go source ownership and AST dependency graph	2026-10-03T16:05:11.9832464Z           "testNATS",
source_go	Real Go source ownership and AST dependency graph	2026-10-03T16:05:11.9832525Z           "t.Fatal",
source_go	Real Go source ownership and AST dependency graph	2026-10-03T16:05:11.9832594Z           "os.Getenv",
source_go	Real Go source ownership and AST dependency graph	2026-10-03T16:05:11.9832666Z           "nats.Connect",
source_go	Real Go source ownership and AST dependency graph	2026-10-03T16:05:11.9832730Z           "t.Fatal",
source_go	Real Go source ownership and AST dependency graph	2026-10-03T16:05:11.9832797Z           "nc.Close",
source_go	Real Go source ownership and AST dependency graph	2026-10-03T16:05:11.9832861Z           "nc.Flush",
source_go	Real Go source ownership and AST dependency graph	2026-10-03T16:05:11.9832925Z           "t.Fatal",
source_go	Real Go source ownership and AST dependency graph	2026-10-03T16:05:11.9833007Z           "context.WithCancel",
source_go	Real Go source ownership and AST dependency graph	2026-10-03T16:05:11.9833162Z           "stopRelay",
source_go	Real Go source ownership and AST dependency graph	2026-10-03T16:05:11.9833271Z           "core.RelaySessionRevocations",
source_go	Real Go source ownership and AST dependency graph	2026-10-03T16:05:11.9833356Z           "shared.RandomToken",
source_go	Real Go source ownership and AST dependency graph	2026-10-03T16:05:11.9833440Z           "strings.ToLower",
source_go	Real Go source ownership and AST dependency graph	2026-10-03T16:05:11.9833498Z           "call",
source_go	Real Go source ownership and AST dependency graph	2026-10-03T16:05:11.9833561Z           "expect",
source_go	Real Go source ownership and AST dependency graph	2026-10-03T16:05:11.9833629Z           "readResult",
source_go	Real Go source ownership and AST dependency graph	2026-10-03T16:05:11.9833684Z           "",
source_go	Real Go source ownership and AST dependency graph	2026-10-03T16:05:11.9833747Z           "db.Exec",
source_go	Real Go source ownership and AST dependency graph	2026-10-03T16:05:11.9833812Z           "db.Exec",
source_go	Real Go source ownership and AST dependency graph	2026-10-03T16:05:11.9833873Z           "db.Exec",
source_go	Real Go source ownership and AST dependency graph	2026-10-03T16:05:11.9833937Z           "db.Exec",
source_go	Real Go source ownership and AST dependency graph	2026-10-03T16:05:11.9833997Z           "call",
source_go	Real Go source ownership and AST dependency graph	2026-10-03T16:05:11.9834060Z           "login",
source_go	Real Go source ownership and AST dependency graph	2026-10-03T16:05:11.9834123Z           "expect",
source_go	Real Go source ownership and AST dependency graph	2026-10-03T16:05:11.9834189Z           "getToken",
source_go	Real Go source ownership and AST dependency graph	2026-10-03T16:05:11.9834259Z           "getSession",
source_go	Real Go source ownership and AST dependency graph	2026-10-03T16:05:11.9834318Z           "call",
source_go	Real Go source ownership and AST dependency graph	2026-10-03T16:05:11.9834399Z           "strings.ToUpper",
source_go	Real Go source ownership and AST dependency graph	2026-10-03T16:05:11.9834463Z           "expect",
source_go	Real Go source ownership and AST dependency graph	2026-10-03T16:05:11.9834533Z           "readResult",
source_go	Real Go source ownership and AST dependency graph	2026-10-03T16:05:11.9834593Z           "len",
source_go	Real Go source ownership and AST dependency graph	2026-10-03T16:05:11.9834657Z           "t.Fatalf",
source_go	Real Go source ownership and AST dependency graph	2026-10-03T16:05:11.9834780Z           "expect",
source_go	Real Go source ownership and AST dependency graph	2026-10-03T16:05:11.9834838Z           "call",
source_go	Real Go source ownership and AST dependency graph	2026-10-03T16:05:11.9834921Z           "strings.Contains",
source_go	Real Go source ownership and AST dependency graph	2026-10-03T16:05:11.9834998Z           "web.Body.String",
source_go	Real Go source ownership and AST dependency graph	2026-10-03T16:05:11.9835064Z           "t.Fatal",
source_go	Real Go source ownership and AST dependency graph	2026-10-03T16:05:11.9835121Z           "len",
source_go	Real Go source ownership and AST dependency graph	2026-10-03T16:05:11.9835189Z           ".Cookies",
source_go	Real Go source ownership and AST dependency graph	2026-10-03T16:05:11.9835258Z           "web.Result",
source_go	Real Go source ownership and AST dependency graph	2026-10-03T16:05:11.9835324Z           ".Cookies",
source_go	Real Go source ownership and AST dependency graph	2026-10-03T16:05:11.9835394Z           "web.Result",
source_go	Real Go source ownership and AST dependency graph	2026-10-03T16:05:11.9835459Z           ".Cookies",
source_go	Real Go source ownership and AST dependency graph	2026-10-03T16:05:11.9835529Z           "web.Result",
source_go	Real Go source ownership and AST dependency graph	2026-10-03T16:05:11.9835591Z           "t.Fatal",
source_go	Real Go source ownership and AST dependency graph	2026-10-03T16:05:11.9835651Z           "call",
source_go	Real Go source ownership and AST dependency graph	2026-10-03T16:05:11.9835715Z           "expect",
source_go	Real Go source ownership and AST dependency graph	2026-10-03T16:05:11.9835795Z           "strings.Contains",
source_go	Real Go source ownership and AST dependency graph	2026-10-03T16:05:11.9835888Z           "badLogin.Body.String",
source_go	Real Go source ownership and AST dependency graph	2026-10-03T16:05:11.9835951Z           "t.Fatal",
source_go	Real Go source ownership and AST dependency graph	2026-10-03T16:05:11.9836011Z           "call",
source_go	Real Go source ownership and AST dependency graph	2026-10-03T16:05:11.9836072Z           "expect",
source_go	Real Go source ownership and AST dependency graph	2026-10-03T16:05:11.9836156Z           "strings.Contains",
source_go	Real Go source ownership and AST dependency graph	2026-10-03T16:05:11.9836238Z           "query.Body.String",
source_go	Real Go source ownership and AST dependency graph	2026-10-03T16:05:11.9836303Z           "t.Fatal",
source_go	Real Go source ownership and AST dependency graph	2026-10-03T16:05:11.9836367Z           "login",
source_go	Real Go source ownership and AST dependency graph	2026-10-03T16:05:11.9836428Z           "expect",
source_go	Real Go source ownership and AST dependency graph	2026-10-03T16:05:11.9836496Z           "getToken",
source_go	Real Go source ownership and AST dependency graph	2026-10-03T16:05:11.9836557Z           "login",
source_go	Real Go source ownership and AST dependency graph	2026-10-03T16:05:11.9836621Z           "expect",
source_go	Real Go source ownership and AST dependency graph	2026-10-03T16:05:11.9836689Z           "readResult",
source_go	Real Go source ownership and AST dependency graph	2026-10-03T16:05:11.9836772Z           "httptest.NewServer",
source_go	Real Go source ownership and AST dependency graph	2026-10-03T16:05:11.9836846Z           "server.Close",
source_go	Real Go source ownership and AST dependency graph	2026-10-03T16:05:11.9836931Z           "strings.TrimPrefix",
source_go	Real Go source ownership and AST dependency graph	2026-10-03T16:05:11.9837036Z           "websocket.DefaultDialer.Dial",
source_go	Real Go source ownership and AST dependency graph	2026-10-03T16:05:11.9837099Z           "t.Fatal",
source_go	Real Go source ownership and AST dependency graph	2026-10-03T16:05:11.9837175Z           "pre.WriteJSON",
source_go	Real Go source ownership and AST dependency graph	2026-10-03T16:05:11.9837238Z           "frame",
source_go	Real Go source ownership and AST dependency graph	2026-10-03T16:05:11.9837314Z           "pre.ReadJSON",
source_go	Real Go source ownership and AST dependency graph	2026-10-03T16:05:11.9837378Z           "t.Fatal",
source_go	Real Go source ownership and AST dependency graph	2026-10-03T16:05:11.9837444Z           "t.Fatalf",
source_go	Real Go source ownership and AST dependency graph	2026-10-03T16:05:11.9837515Z           "pre.Close",
source_go	Real Go source ownership and AST dependency graph	2026-10-03T16:05:11.9837618Z           "websocket.DefaultDialer.Dial",
source_go	Real Go source ownership and AST dependency graph	2026-10-03T16:05:11.9837683Z           "t.Fatal",
source_go	Real Go source ownership and AST dependency graph	2026-10-03T16:05:11.9837754Z           "conn.Close",
source_go	Real Go source ownership and AST dependency graph	2026-10-03T16:05:11.9837834Z           "conn.WriteJSON",
source_go	Real Go source ownership and AST dependency graph	2026-10-03T16:05:11.9837895Z           "frame",
source_go	Real Go source ownership and AST dependency graph	2026-10-03T16:05:11.9837972Z           "conn.ReadJSON",
source_go	Real Go source ownership and AST dependency graph	2026-10-03T16:05:11.9838034Z           "t.Fatal",
source_go	Real Go source ownership and AST dependency graph	2026-10-03T16:05:11.9838100Z           "t.Fatalf",
source_go	Real Go source ownership and AST dependency graph	2026-10-03T16:05:11.9838165Z           "db.Begin",
source_go	Real Go source ownership and AST dependency graph	2026-10-03T16:05:11.9838226Z           "t.Fatal",
source_go	Real Go source ownership and AST dependency graph	2026-10-03T16:05:11.9838295Z           "lock.Exec",
source_go	Real Go source ownership and AST dependency graph	2026-10-03T16:05:11.9838357Z           "t.Fatal",
source_go	Real Go source ownership and AST dependency graph	2026-10-03T16:05:11.9838445Z           "conn.SetReadDeadline",
source_go	Real Go source ownership and AST dependency graph	2026-10-03T16:05:11.9838504Z           ".Add",
source_go	Real Go source ownership and AST dependency graph	2026-10-03T16:05:11.9838572Z           "time.Now",
source_go	Real Go source ownership and AST dependency graph	2026-10-03T16:05:11.9838715Z           "conn.WriteJSON",
source_go	Real Go source ownership and AST dependency graph	2026-10-03T16:05:11.9838856Z           "frame",
source_go	Real Go source ownership and AST dependency graph	2026-10-03T16:05:11.9838935Z           "conn.ReadJSON",
source_go	Real Go source ownership and AST dependency graph	2026-10-03T16:05:11.9839012Z           "lock.Rollback",
source_go	Real Go source ownership and AST dependency graph	2026-10-03T16:05:11.9839079Z           "t.Fatalf",
source_go	Real Go source ownership and AST dependency graph	2026-10-03T16:05:11.9839143Z           "t.Fatalf",
source_go	Real Go source ownership and AST dependency graph	2026-10-03T16:05:11.9839231Z           "conn.SetReadDeadline",
source_go	Real Go source ownership and AST dependency graph	2026-10-03T16:05:11.9839292Z           "login",
source_go	Real Go source ownership and AST dependency graph	2026-10-03T16:05:11.9839355Z           "expect",
source_go	Real Go source ownership and AST dependency graph	2026-10-03T16:05:11.9839424Z           "getSession",
source_go	Real Go source ownership and AST dependency graph	2026-10-03T16:05:11.9839489Z           "float64",
source_go	Real Go source ownership and AST dependency graph	2026-10-03T16:05:11.9839552Z           "t.Fatal",
source_go	Real Go source ownership and AST dependency graph	2026-10-03T16:05:11.9839618Z           ".Cookies",
source_go	Real Go source ownership and AST dependency graph	2026-10-03T16:05:11.9839688Z           "web.Result",
source_go	Real Go source ownership and AST dependency graph	2026-10-03T16:05:11.9839749Z           "expect",
source_go	Real Go source ownership and AST dependency graph	2026-10-03T16:05:11.9839813Z           "call",
source_go	Real Go source ownership and AST dependency graph	2026-10-03T16:05:11.9839901Z           "conn.SetReadDeadline",
source_go	Real Go source ownership and AST dependency graph	2026-10-03T16:05:11.9839962Z           ".Add",
source_go	Real Go source ownership and AST dependency graph	2026-10-03T16:05:11.9840028Z           "time.Now",
source_go	Real Go source ownership and AST dependency graph	2026-10-03T16:05:11.9840106Z           "conn.ReadJSON",
source_go	Real Go source ownership and AST dependency graph	2026-10-03T16:05:11.9840170Z           "t.Fatal",
source_go	Real Go source ownership and AST dependency graph	2026-10-03T16:05:11.9840233Z           "t.Fatalf",
source_go	Real Go source ownership and AST dependency graph	2026-10-03T16:05:11.9840309Z           "conn.ReadJSON",
source_go	Real Go source ownership and AST dependency graph	2026-10-03T16:05:11.9840461Z           "t.Fatal",
source_go	Real Go source ownership and AST dependency graph	2026-10-03T16:05:11.9840526Z           "expect",
source_go	Real Go source ownership and AST dependency graph	2026-10-03T16:05:11.9840587Z           "call",
source_go	Real Go source ownership and AST dependency graph	2026-10-03T16:05:11.9840648Z           "expect",
source_go	Real Go source ownership and AST dependency graph	2026-10-03T16:05:11.9840708Z           "call",
source_go	Real Go source ownership and AST dependency graph	2026-10-03T16:05:11.9840766Z           "make",
source_go	Real Go source ownership and AST dependency graph	2026-10-03T16:05:11.9840829Z           "wg.Add",
source_go	Real Go source ownership and AST dependency graph	2026-10-03T16:05:11.9840885Z           "",
source_go	Real Go source ownership and AST dependency graph	2026-10-03T16:05:11.9840952Z           "wg.Done",
source_go	Real Go source ownership and AST dependency graph	2026-10-03T16:05:11.9841014Z           "login",
source_go	Real Go source ownership and AST dependency graph	2026-10-03T16:05:11.9841089Z           "fmt.Sprintf",
source_go	Real Go source ownership and AST dependency graph	2026-10-03T16:05:11.9841154Z           "wg.Wait",
source_go	Real Go source ownership and AST dependency graph	2026-10-03T16:05:11.9841217Z           "close",
source_go	Real Go source ownership and AST dependency graph	2026-10-03T16:05:11.9841282Z           "expect",
source_go	Real Go source ownership and AST dependency graph	2026-10-03T16:05:11.9841351Z           "getSession",
source_go	Real Go source ownership and AST dependency graph	2026-10-03T16:05:11.9841418Z           "t.Fatalf",
source_go	Real Go source ownership and AST dependency graph	2026-10-03T16:05:11.9841476Z           "call",
source_go	Real Go source ownership and AST dependency graph	2026-10-03T16:05:11.9841540Z           "expect",
source_go	Real Go source ownership and AST dependency graph	2026-10-03T16:05:11.9841601Z           "expect",
source_go	Real Go source ownership and AST dependency graph	2026-10-03T16:05:11.9841661Z           "call",
source_go	Real Go source ownership and AST dependency graph	2026-10-03T16:05:11.9841731Z           "readResult",
source_go	Real Go source ownership and AST dependency graph	2026-10-03T16:05:11.9841837Z           "websocket.DefaultDialer.Dial",
source_go	Real Go source ownership and AST dependency graph	2026-10-03T16:05:11.9841901Z           "t.Fatal",
source_go	Real Go source ownership and AST dependency graph	2026-10-03T16:05:11.9841986Z           "mobileSocket.Close",
source_go	Real Go source ownership and AST dependency graph	2026-10-03T16:05:11.9842081Z           "mobileSocket.WriteJSON",
source_go	Real Go source ownership and AST dependency graph	2026-10-03T16:05:11.9842142Z           "frame",
source_go	Real Go source ownership and AST dependency graph	2026-10-03T16:05:11.9842210Z           "getToken",
source_go	Real Go source ownership and AST dependency graph	2026-10-03T16:05:11.9842301Z           "mobileSocket.ReadJSON",
source_go	Real Go source ownership and AST dependency graph	2026-10-03T16:05:11.9842365Z           "t.Fatal",
source_go	Real Go source ownership and AST dependency graph	2026-10-03T16:05:11.9842428Z           "t.Fatal",
source_go	Real Go source ownership and AST dependency graph	2026-10-03T16:05:11.9842487Z           "call",
source_go	Real Go source ownership and AST dependency graph	2026-10-03T16:05:11.9842554Z           "getToken",
source_go	Real Go source ownership and AST dependency graph	2026-10-03T16:05:11.9842615Z           "expect",
source_go	Real Go source ownership and AST dependency graph	2026-10-03T16:05:11.9842720Z           "mobileSocket.SetReadDeadline",
source_go	Real Go source ownership and AST dependency graph	2026-10-03T16:05:11.9842779Z           ".Add",
source_go	Real Go source ownership and AST dependency graph	2026-10-03T16:05:11.9842846Z           "time.Now",
source_go	Real Go source ownership and AST dependency graph	2026-10-03T16:05:11.9842940Z           "mobileSocket.ReadJSON",
source_go	Real Go source ownership and AST dependency graph	2026-10-03T16:05:11.9843003Z           "t.Fatal",
source_go	Real Go source ownership and AST dependency graph	2026-10-03T16:05:11.9843068Z           "t.Fatalf",
source_go	Real Go source ownership and AST dependency graph	2026-10-03T16:05:11.9843160Z           "mobileSocket.ReadJSON",
source_go	Real Go source ownership and AST dependency graph	2026-10-03T16:05:11.9843223Z           "t.Fatal",
source_go	Real Go source ownership and AST dependency graph	2026-10-03T16:05:11.9843284Z           "expect",
source_go	Real Go source ownership and AST dependency graph	2026-10-03T16:05:11.9843344Z           "call",
source_go	Real Go source ownership and AST dependency graph	2026-10-03T16:05:11.9843404Z           ".Scan",
source_go	Real Go source ownership and AST dependency graph	2026-10-03T16:05:11.9843476Z           "db.QueryRow",
source_go	Real Go source ownership and AST dependency graph	2026-10-03T16:05:11.9843542Z           "t.Fatalf",
source_go	Real Go source ownership and AST dependency graph	2026-10-03T16:05:11.9843602Z           ".Scan",
source_go	Real Go source ownership and AST dependency graph	2026-10-03T16:05:11.9843673Z           "db.QueryRow",
source_go	Real Go source ownership and AST dependency graph	2026-10-03T16:05:11.9843735Z           "t.Fatalf"
source_go	Real Go source ownership and AST dependency graph	2026-10-03T16:05:11.9843786Z         ],
source_go	Real Go source ownership and AST dependency graph	2026-10-03T16:05:11.9843847Z         "strings": [
source_go	Real Go source ownership and AST dependency graph	2026-10-03T16:05:11.9843907Z           "bytes",
source_go	Real Go source ownership and AST dependency graph	2026-10-03T16:05:11.9843971Z           "context",
source_go	Real Go source ownership and AST dependency graph	2026-10-03T16:05:11.9844048Z           "encoding/json",
source_go	Real Go source ownership and AST dependency graph	2026-10-03T16:05:11.9844107Z           "fmt",
source_go	Real Go source ownership and AST dependency graph	2026-10-03T16:05:11.9844172Z           "net/http",
source_go	Real Go source ownership and AST dependency graph	2026-10-03T16:05:11.9844341Z           "net/http/httptest",
source_go	Real Go source ownership and AST dependency graph	2026-10-03T16:05:11.9844398Z           "os",
source_go	Real Go source ownership and AST dependency graph	2026-10-03T16:05:11.9844464Z           "strings",
source_go	Real Go source ownership and AST dependency graph	2026-10-03T16:05:11.9844522Z           "sync",
source_go	Real Go source ownership and AST dependency graph	2026-10-03T16:05:11.9844587Z           "testing",
source_go	Real Go source ownership and AST dependency graph	2026-10-03T16:05:11.9844648Z           "time",
source_go	Real Go source ownership and AST dependency graph	2026-10-03T16:05:11.9844749Z           "github.com/gorilla/websocket",
source_go	Real Go source ownership and AST dependency graph	2026-10-03T16:05:11.9844859Z           "github.com/jackc/pgx/v5/pgxpool",
source_go	Real Go source ownership and AST dependency graph	2026-10-03T16:05:11.9844960Z           "github.com/nats-io/nats.go",
source_go	Real Go source ownership and AST dependency graph	2026-10-03T16:05:11.9845064Z           "im-platform/backend/go/core",
source_go	Real Go source ownership and AST dependency graph	2026-10-03T16:05:11.9845170Z           "im-platform/backend/go/gateway",
source_go	Real Go source ownership and AST dependency graph	2026-10-03T16:05:11.9845275Z           "im-platform/backend/go/shared",
source_go	Real Go source ownership and AST dependency graph	2026-10-03T16:05:11.9845350Z           "Content-Type",
source_go	Real Go source ownership and AST dependency graph	2026-10-03T16:05:11.9845432Z           "application/json",
source_go	Real Go source ownership and AST dependency graph	2026-10-03T16:05:11.9845488Z           "",
source_go	Real Go source ownership and AST dependency graph	2026-10-03T16:05:11.9845563Z           "Authorization",
source_go	Real Go source ownership and AST dependency graph	2026-10-03T16:05:11.9845631Z           "Bearer ",
source_go	Real Go source ownership and AST dependency graph	2026-10-03T16:05:11.9845696Z           "tokens",
source_go	Real Go source ownership and AST dependency graph	2026-10-03T16:05:11.9845770Z           "accessToken",
source_go	Real Go source ownership and AST dependency graph	2026-10-03T16:05:11.9845832Z           "session",
source_go	Real Go source ownership and AST dependency graph	2026-10-03T16:05:11.9845921Z           "status %d want %d: %s",
source_go	Real Go source ownership and AST dependency graph	2026-10-03T16:05:11.9846069Z           "DB_TEST_ENABLE",
source_go	Real Go source ownership and AST dependency graph	2026-10-03T16:05:11.9846124Z           "1",
source_go	Real Go source ownership and AST dependency graph	2026-10-03T16:05:11.9846294Z           "set DB_TEST_ENABLE=1 with migrated disposable PostgreSQL",
source_go	Real Go source ownership and AST dependency graph	2026-10-03T16:05:11.9846350Z           "",
source_go	Real Go source ownership and AST dependency graph	2026-10-03T16:05:11.9846480Z           "test-only-signing-key-at-least-32-bytes",
source_go	Real Go source ownership and AST dependency graph	2026-10-03T16:05:11.9846546Z           "NATS_URL",
source_go	Real Go source ownership and AST dependency graph	2026-10-03T16:05:11.9846602Z           "",
source_go	Real Go source ownership and AST dependency graph	2026-10-03T16:05:11.9846689Z           "nats://127.0.0.1:4222",
source_go	Real Go source ownership and AST dependency graph	2026-10-03T16:05:11.9846751Z           "auth",
source_go	Real Go source ownership and AST dependency graph	2026-10-03T16:05:11.9846873Z           "fixture-password-not-a-real-secret",
source_go	Real Go source ownership and AST dependency graph	2026-10-03T16:05:11.9846933Z           "POST",
source_go	Real Go source ownership and AST dependency graph	2026-10-03T16:05:11.9847016Z           "/v1/auth/register",
source_go	Real Go source ownership and AST dependency graph	2026-10-03T16:05:11.9847082Z           "username",
source_go	Real Go source ownership and AST dependency graph	2026-10-03T16:05:11.9847151Z           "password",
source_go	Real Go source ownership and AST dependency graph	2026-10-03T16:05:11.9847223Z           "displayName",
source_go	Real Go source ownership and AST dependency graph	2026-10-03T16:05:11.9847292Z           "Auth Test",
source_go	Real Go source ownership and AST dependency graph	2026-10-03T16:05:11.9847350Z           "",
source_go	Real Go source ownership and AST dependency graph	2026-10-03T16:05:11.9847408Z           "user",
source_go	Real Go source ownership and AST dependency graph	2026-10-03T16:05:11.9847478Z           "userId",
source_go	Real Go source ownership and AST dependency graph	2026-10-03T16:05:11.9848023Z           "DELETE FROM outbox_events WHERE aggregate_type='session' AND aggregate_id IN (SELECT (payload->>'sessionId')::uuid FROM user_sync_events WHERE user_id=$1 AND event_type='session.revoked')",
source_go	Real Go source ownership and AST dependency graph	2026-10-03T16:05:11.9848161Z           "DELETE FROM user_sync_events WHERE user_id=$1",
source_go	Real Go source ownership and AST dependency graph	2026-10-03T16:05:11.9848278Z           "DELETE FROM sessions WHERE user_id=$1",
source_go	Real Go source ownership and AST dependency graph	2026-10-03T16:05:11.9848388Z           "DELETE FROM users WHERE user_id=$1",
source_go	Real Go source ownership and AST dependency graph	2026-10-03T16:05:11.9848451Z           "POST",
source_go	Real Go source ownership and AST dependency graph	2026-10-03T16:05:11.9848526Z           "/v1/auth/login",
source_go	Real Go source ownership and AST dependency graph	2026-10-03T16:05:11.9848595Z           "username",
source_go	Real Go source ownership and AST dependency graph	2026-10-03T16:05:11.9848663Z           "password",
source_go	Real Go source ownership and AST dependency graph	2026-10-03T16:05:11.9848734Z           "clientType",
source_go	Real Go source ownership and AST dependency graph	2026-10-03T16:05:11.9848878Z           "deviceId",
source_go	Real Go source ownership and AST dependency graph	2026-10-03T16:05:11.9848956Z           "clientVersion",
source_go	Real Go source ownership and AST dependency graph	2026-10-03T16:05:11.9849019Z           "1.0.0",
source_go	Real Go source ownership and AST dependency graph	2026-10-03T16:05:11.9849102Z           "protocolVersion",
source_go	Real Go source ownership and AST dependency graph	2026-10-03T16:05:11.9849159Z           "1",
source_go	Real Go source ownership and AST dependency graph	2026-10-03T16:05:11.9849214Z           "",
source_go	Real Go source ownership and AST dependency graph	2026-10-03T16:05:11.9849273Z           "WEB",
source_go	Real Go source ownership and AST dependency graph	2026-10-03T16:05:11.9849341Z           "browser-1",
source_go	Real Go source ownership and AST dependency graph	2026-10-03T16:05:11.9849401Z           "GET",
source_go	Real Go source ownership and AST dependency graph	2026-10-03T16:05:11.9849495Z           "/v1/users/search?username=",
source_go	Real Go source ownership and AST dependency graph	2026-10-03T16:05:11.9849557Z           "users",
source_go	Real Go source ownership and AST dependency graph	2026-10-03T16:05:11.9849622Z           "userId",
source_go	Real Go source ownership and AST dependency graph	2026-10-03T16:05:11.9849705Z           "search mismatch: %v",
source_go	Real Go source ownership and AST dependency graph	2026-10-03T16:05:11.9849764Z           "GET",
source_go	Real Go source ownership and AST dependency graph	2026-10-03T16:05:11.9849878Z           "/v1/users/search?username=missinguser",
source_go	Real Go source ownership and AST dependency graph	2026-10-03T16:05:11.9849957Z           "refreshToken\"",
source_go	Real Go source ownership and AST dependency graph	2026-10-03T16:05:11.9850068Z           "WEB refresh token leaked into JSON",
source_go	Real Go source ownership and AST dependency graph	2026-10-03T16:05:11.9850206Z           "WEB refresh cookie lacks security attributes",
source_go	Real Go source ownership and AST dependency graph	2026-10-03T16:05:11.9850270Z           "POST",
source_go	Real Go source ownership and AST dependency graph	2026-10-03T16:05:11.9850459Z           "/v1/auth/login",
source_go	Real Go source ownership and AST dependency graph	2026-10-03T16:05:11.9850526Z           "username",
source_go	Real Go source ownership and AST dependency graph	2026-10-03T16:05:11.9850593Z           "password",
source_go	Real Go source ownership and AST dependency graph	2026-10-03T16:05:11.9850698Z           "wrong-password-not-secret",
source_go	Real Go source ownership and AST dependency graph	2026-10-03T16:05:11.9850770Z           "clientType",
source_go	Real Go source ownership and AST dependency graph	2026-10-03T16:05:11.9850830Z           "WEB",
source_go	Real Go source ownership and AST dependency graph	2026-10-03T16:05:11.9850894Z           "deviceId",
source_go	Real Go source ownership and AST dependency graph	2026-10-03T16:05:11.9850964Z           "browser-1",
source_go	Real Go source ownership and AST dependency graph	2026-10-03T16:05:11.9851039Z           "clientVersion",
source_go	Real Go source ownership and AST dependency graph	2026-10-03T16:05:11.9851099Z           "1.0.0",
source_go	Real Go source ownership and AST dependency graph	2026-10-03T16:05:11.9851183Z           "protocolVersion",
source_go	Real Go source ownership and AST dependency graph	2026-10-03T16:05:11.9851239Z           "1",
source_go	Real Go source ownership and AST dependency graph	2026-10-03T16:05:11.9851294Z           "",
source_go	Real Go source ownership and AST dependency graph	2026-10-03T16:05:11.9851395Z           "wrong-password-not-secret",
source_go	Real Go source ownership and AST dependency graph	2026-10-03T16:05:11.9851496Z           "password appeared in error",
source_go	Real Go source ownership and AST dependency graph	2026-10-03T16:05:11.9851557Z           "GET",
source_go	Real Go source ownership and AST dependency graph	2026-10-03T16:05:11.9851683Z           "/v1/users/me?accessToken=untrusted-secret",
source_go	Real Go source ownership and AST dependency graph	2026-10-03T16:05:11.9851740Z           "",
source_go	Real Go source ownership and AST dependency graph	2026-10-03T16:05:11.9851820Z           "untrusted-secret",
source_go	Real Go source ownership and AST dependency graph	2026-10-03T16:05:11.9851927Z           "query secret appeared in error",
source_go	Real Go source ownership and AST dependency graph	2026-10-03T16:05:11.9851991Z           "DESKTOP",
source_go	Real Go source ownership and AST dependency graph	2026-10-03T16:05:11.9852061Z           "desktop-1",
source_go	Real Go source ownership and AST dependency graph	2026-10-03T16:05:11.9852206Z           "MOBILE",
source_go	Real Go source ownership and AST dependency graph	2026-10-03T16:05:11.9852274Z           "mobile-1",
source_go	Real Go source ownership and AST dependency graph	2026-10-03T16:05:11.9852338Z           "tokens",
source_go	Real Go source ownership and AST dependency graph	2026-10-03T16:05:11.9852412Z           "refreshToken",
source_go	Real Go source ownership and AST dependency graph	2026-10-03T16:05:11.9852469Z           "ws",
source_go	Real Go source ownership and AST dependency graph	2026-10-03T16:05:11.9852528Z           "http",
source_go	Real Go source ownership and AST dependency graph	2026-10-03T16:05:11.9852591Z           "/v1/ws",
source_go	Real Go source ownership and AST dependency graph	2026-10-03T16:05:11.9852663Z           "message.send",
source_go	Real Go source ownership and AST dependency graph	2026-10-03T16:05:11.9852771Z           "80000000-0000-4000-8000-000000000001",
source_go	Real Go source ownership and AST dependency graph	2026-10-03T16:05:11.9852852Z           "conversationId",
source_go	Real Go source ownership and AST dependency graph	2026-10-03T16:05:11.9852918Z           "content",
source_go	Real Go source ownership and AST dependency graph	2026-10-03T16:05:11.9852978Z           "kind",
source_go	Real Go source ownership and AST dependency graph	2026-10-03T16:05:11.9853036Z           "TEXT",
source_go	Real Go source ownership and AST dependency graph	2026-10-03T16:05:11.9853097Z           "text",
source_go	Real Go source ownership and AST dependency graph	2026-10-03T16:05:11.9853151Z           "x",
source_go	Real Go source ownership and AST dependency graph	2026-10-03T16:05:11.9853212Z           "type",
source_go	Real Go source ownership and AST dependency graph	2026-10-03T16:05:11.9853286Z           "message.ack",
source_go	Real Go source ownership and AST dependency graph	2026-10-03T16:05:11.9853354Z           "payload",
source_go	Real Go source ownership and AST dependency graph	2026-10-03T16:05:11.9853417Z           "status",
source_go	Real Go source ownership and AST dependency graph	2026-10-03T16:05:11.9853481Z           "rejected",
source_go	Real Go source ownership and AST dependency graph	2026-10-03T16:05:11.9853571Z           "prebind accepted: %v",
source_go	Real Go source ownership and AST dependency graph	2026-10-03T16:05:11.9853637Z           "auth.bind",
source_go	Real Go source ownership and AST dependency graph	2026-10-03T16:05:11.9853744Z           "80000000-0000-4000-8000-000000000002",
source_go	Real Go source ownership and AST dependency graph	2026-10-03T16:05:11.9853817Z           "accessToken",
source_go	Real Go source ownership and AST dependency graph	2026-10-03T16:05:11.9853878Z           "type",
source_go	Real Go source ownership and AST dependency graph	2026-10-03T16:05:11.9853943Z           "auth.ack",
source_go	Real Go source ownership and AST dependency graph	2026-10-03T16:05:11.9854010Z           "payload",
source_go	Real Go source ownership and AST dependency graph	2026-10-03T16:05:11.9854073Z           "status",
source_go	Real Go source ownership and AST dependency graph	2026-10-03T16:05:11.9854134Z           "bound",
source_go	Real Go source ownership and AST dependency graph	2026-10-03T16:05:11.9854213Z           "bind failed: %v",
source_go	Real Go source ownership and AST dependency graph	2026-10-03T16:05:11.9854345Z           "LOCK TABLE sessions IN ACCESS EXCLUSIVE MODE",
source_go	Real Go source ownership and AST dependency graph	2026-10-03T16:05:11.9854419Z           "message.send",
source_go	Real Go source ownership and AST dependency graph	2026-10-03T16:05:11.9854523Z           "80000000-0000-4000-8000-000000000010",
source_go	Real Go source ownership and AST dependency graph	2026-10-03T16:05:11.9854657Z           "bound operation blocked by PostgreSQL: %v",
source_go	Real Go source ownership and AST dependency graph	2026-10-03T16:05:11.9854721Z           "type",
source_go	Real Go source ownership and AST dependency graph	2026-10-03T16:05:11.9854791Z           "message.ack",
source_go	Real Go source ownership and AST dependency graph	2026-10-03T16:05:11.9854858Z           "payload",
source_go	Real Go source ownership and AST dependency graph	2026-10-03T16:05:11.9854918Z           "error",
source_go	Real Go source ownership and AST dependency graph	2026-10-03T16:05:11.9854981Z           "code",
source_go	Real Go source ownership and AST dependency graph	2026-10-03T16:05:11.9855062Z           "VALIDATION_FAILED",
source_go	Real Go source ownership and AST dependency graph	2026-10-03T16:05:11.9855170Z           "bound operation response: %v",
source_go	Real Go source ownership and AST dependency graph	2026-10-03T16:05:11.9855229Z           "WEB",
source_go	Real Go source ownership and AST dependency graph	2026-10-03T16:05:11.9855298Z           "browser-2",
source_go	Real Go source ownership and AST dependency graph	2026-10-03T16:05:11.9855376Z           "sessionEpoch",
source_go	Real Go source ownership and AST dependency graph	2026-10-03T16:05:11.9855472Z           "WEB epoch did not advance",
source_go	Real Go source ownership and AST dependency graph	2026-10-03T16:05:11.9855543Z           "clientType",
source_go	Real Go source ownership and AST dependency graph	2026-10-03T16:05:11.9855600Z           "WEB",
source_go	Real Go source ownership and AST dependency graph	2026-10-03T16:05:11.9855667Z           "deviceId",
source_go	Real Go source ownership and AST dependency graph	2026-10-03T16:05:11.9855734Z           "browser-1",
source_go	Real Go source ownership and AST dependency graph	2026-10-03T16:05:11.9855810Z           "clientVersion",
source_go	Real Go source ownership and AST dependency graph	2026-10-03T16:05:11.9855871Z           "1.0.0",
source_go	Real Go source ownership and AST dependency graph	2026-10-03T16:05:11.9855954Z           "protocolVersion",
source_go	Real Go source ownership and AST dependency graph	2026-10-03T16:05:11.9856012Z           "1",
source_go	Real Go source ownership and AST dependency graph	2026-10-03T16:05:11.9856136Z           "POST",
source_go	Real Go source ownership and AST dependency graph	2026-10-03T16:05:11.9856222Z           "/v1/auth/refresh/web",
source_go	Real Go source ownership and AST dependency graph	2026-10-03T16:05:11.9856276Z           "",
source_go	Real Go source ownership and AST dependency graph	2026-10-03T16:05:11.9856338Z           "type",
source_go	Real Go source ownership and AST dependency graph	2026-10-03T16:05:11.9856419Z           "session.revoked",
source_go	Real Go source ownership and AST dependency graph	2026-10-03T16:05:11.9856488Z           "payload",
source_go	Real Go source ownership and AST dependency graph	2026-10-03T16:05:11.9856553Z           "reason",
source_go	Real Go source ownership and AST dependency graph	2026-10-03T16:05:11.9856620Z           "REPLACED",
source_go	Real Go source ownership and AST dependency graph	2026-10-03T16:05:11.9856713Z           "revocation missing: %v",
source_go	Real Go source ownership and AST dependency graph	2026-10-03T16:05:11.9856814Z           "replaced socket stayed open",
source_go	Real Go source ownership and AST dependency graph	2026-10-03T16:05:11.9856874Z           "GET",
source_go	Real Go source ownership and AST dependency graph	2026-10-03T16:05:11.9856947Z           "/v1/users/me",
source_go	Real Go source ownership and AST dependency graph	2026-10-03T16:05:11.9857008Z           "GET",
source_go	Real Go source ownership and AST dependency graph	2026-10-03T16:05:11.9857078Z           "/v1/users/me",
source_go	Real Go source ownership and AST dependency graph	2026-10-03T16:05:11.9857138Z           "WEB",
source_go	Real Go source ownership and AST dependency graph	2026-10-03T16:05:11.9857213Z           "browser-%d",
source_go	Real Go source ownership and AST dependency graph	2026-10-03T16:05:11.9857288Z           "sessionEpoch",
source_go	Real Go source ownership and AST dependency graph	2026-10-03T16:05:11.9857381Z           "concurrent epochs: %v",
source_go	Real Go source ownership and AST dependency graph	2026-10-03T16:05:11.9857451Z           "clientType",
source_go	Real Go source ownership and AST dependency graph	2026-10-03T16:05:11.9857519Z           "MOBILE",
source_go	Real Go source ownership and AST dependency graph	2026-10-03T16:05:11.9857583Z           "deviceId",
source_go	Real Go source ownership and AST dependency graph	2026-10-03T16:05:11.9857653Z           "mobile-1",
source_go	Real Go source ownership and AST dependency graph	2026-10-03T16:05:11.9857729Z           "clientVersion",
source_go	Real Go source ownership and AST dependency graph	2026-10-03T16:05:11.9857882Z           "1.0.0",
source_go	Real Go source ownership and AST dependency graph	2026-10-03T16:05:11.9857967Z           "protocolVersion",
source_go	Real Go source ownership and AST dependency graph	2026-10-03T16:05:11.9858024Z           "1",
source_go	Real Go source ownership and AST dependency graph	2026-10-03T16:05:11.9858099Z           "refreshToken",
source_go	Real Go source ownership and AST dependency graph	2026-10-03T16:05:11.9858158Z           "POST",
source_go	Real Go source ownership and AST dependency graph	2026-10-03T16:05:11.9858249Z           "/v1/auth/refresh/native",
source_go	Real Go source ownership and AST dependency graph	2026-10-03T16:05:11.9858303Z           "",
source_go	Real Go source ownership and AST dependency graph	2026-10-03T16:05:11.9858365Z           "POST",
source_go	Real Go source ownership and AST dependency graph	2026-10-03T16:05:11.9858455Z           "/v1/auth/refresh/native",
source_go	Real Go source ownership and AST dependency graph	2026-10-03T16:05:11.9858510Z           "",
source_go	Real Go source ownership and AST dependency graph	2026-10-03T16:05:11.9858575Z           "tokens",
source_go	Real Go source ownership and AST dependency graph	2026-10-03T16:05:11.9858647Z           "refreshToken",
source_go	Real Go source ownership and AST dependency graph	2026-10-03T16:05:11.9858715Z           "auth.bind",
source_go	Real Go source ownership and AST dependency graph	2026-10-03T16:05:11.9858896Z           "80000000-0000-4000-8000-000000000011",
source_go	Real Go source ownership and AST dependency graph	2026-10-03T16:05:11.9858974Z           "accessToken",
source_go	Real Go source ownership and AST dependency graph	2026-10-03T16:05:11.9859041Z           "payload",
source_go	Real Go source ownership and AST dependency graph	2026-10-03T16:05:11.9859105Z           "status",
source_go	Real Go source ownership and AST dependency graph	2026-10-03T16:05:11.9859170Z           "bound",
source_go	Real Go source ownership and AST dependency graph	2026-10-03T16:05:11.9859253Z           "mobile bind failed",
source_go	Real Go source ownership and AST dependency graph	2026-10-03T16:05:11.9859319Z           "POST",
source_go	Real Go source ownership and AST dependency graph	2026-10-03T16:05:11.9859397Z           "/v1/auth/logout",
source_go	Real Go source ownership and AST dependency graph	2026-10-03T16:05:11.9859458Z           "type",
source_go	Real Go source ownership and AST dependency graph	2026-10-03T16:05:11.9859538Z           "session.revoked",
source_go	Real Go source ownership and AST dependency graph	2026-10-03T16:05:11.9859606Z           "payload",
source_go	Real Go source ownership and AST dependency graph	2026-10-03T16:05:11.9859670Z           "reason",
source_go	Real Go source ownership and AST dependency graph	2026-10-03T16:05:11.9859731Z           "LOGOUT",
source_go	Real Go source ownership and AST dependency graph	2026-10-03T16:05:11.9859825Z           "logout revocation: %v",
source_go	Real Go source ownership and AST dependency graph	2026-10-03T16:05:11.9859924Z           "logout socket stayed open",
source_go	Real Go source ownership and AST dependency graph	2026-10-03T16:05:11.9860000Z           "refreshToken",
source_go	Real Go source ownership and AST dependency graph	2026-10-03T16:05:11.9860059Z           "POST",
source_go	Real Go source ownership and AST dependency graph	2026-10-03T16:05:11.9860148Z           "/v1/auth/refresh/native",
source_go	Real Go source ownership and AST dependency graph	2026-10-03T16:05:11.9860203Z           "",
source_go	Real Go source ownership and AST dependency graph	2026-10-03T16:05:11.9860465Z           "SELECT status,refresh_token_hash FROM sessions WHERE user_id=$1 AND client_type='MOBILE'",
source_go	Real Go source ownership and AST dependency graph	2026-10-03T16:05:11.9860534Z           "REVOKED",
source_go	Real Go source ownership and AST dependency graph	2026-10-03T16:05:11.9860623Z           "logout state: %s %v %v",
source_go	Real Go source ownership and AST dependency graph	2026-10-03T16:05:11.9860872Z           "SELECT count(*) FROM outbox_events WHERE aggregate_type='session' AND aggregate_id=$1",
source_go	Real Go source ownership and AST dependency graph	2026-10-03T16:05:11.9860944Z           "sessionId",
source_go	Real Go source ownership and AST dependency graph	2026-10-03T16:05:11.9861042Z           "replacement outbox: %d %v"
source_go	Real Go source ownership and AST dependency graph	2026-10-03T16:05:11.9861090Z         ]
source_go	Real Go source ownership and AST dependency graph	2026-10-03T16:05:11.9861140Z       },
source_go	Real Go source ownership and AST dependency graph	2026-10-03T16:05:11.9861188Z       {
source_go	Real Go source ownership and AST dependency graph	2026-10-03T16:05:11.9861297Z         "path": "tests/contract_fixture_test.go",
source_go	Real Go source ownership and AST dependency graph	2026-10-03T16:05:11.9861372Z         "package": "tests",
source_go	Real Go source ownership and AST dependency graph	2026-10-03T16:05:11.9861436Z         "imports": [
source_go	Real Go source ownership and AST dependency graph	2026-10-03T16:05:11.9861503Z           "context",
source_go	Real Go source ownership and AST dependency graph	2026-10-03T16:05:11.9861578Z           "encoding/json",
source_go	Real Go source ownership and AST dependency graph	2026-10-03T16:05:11.9861638Z           "fmt",
source_go	Real Go source ownership and AST dependency graph	2026-10-03T16:05:11.9861705Z           "net/http",
source_go	Real Go source ownership and AST dependency graph	2026-10-03T16:05:11.9861786Z           "net/http/httptest",
source_go	Real Go source ownership and AST dependency graph	2026-10-03T16:05:11.9861851Z           "net/url",
source_go	Real Go source ownership and AST dependency graph	2026-10-03T16:05:11.9861908Z           "os",
source_go	Real Go source ownership and AST dependency graph	2026-10-03T16:05:11.9862066Z           "reflect",
source_go	Real Go source ownership and AST dependency graph	2026-10-03T16:05:11.9862129Z           "strings",
source_go	Real Go source ownership and AST dependency graph	2026-10-03T16:05:11.9862193Z           "testing",
source_go	Real Go source ownership and AST dependency graph	2026-10-03T16:05:11.9862252Z           "time",
source_go	Real Go source ownership and AST dependency graph	2026-10-03T16:05:11.9862359Z           "github.com/gorilla/websocket",
source_go	Real Go source ownership and AST dependency graph	2026-10-03T16:05:11.9862469Z           "github.com/jackc/pgx/v5/pgxpool",
source_go	Real Go source ownership and AST dependency graph	2026-10-03T16:05:11.9862572Z           "im-platform/backend/go/shared"
source_go	Real Go source ownership and AST dependency graph	2026-10-03T16:05:11.9862622Z         ],
source_go	Real Go source ownership and AST dependency graph	2026-10-03T16:05:11.9862689Z         "functions": [
source_go	Real Go source ownership and AST dependency graph	2026-10-03T16:05:11.9862761Z           "readFixture",
source_go	Real Go source ownership and AST dependency graph	2026-10-03T16:05:11.9862823Z           "fixture",
source_go	Real Go source ownership and AST dependency graph	2026-10-03T16:05:11.9862913Z           "newFixtureNormalizer",
source_go	Real Go source ownership and AST dependency graph	2026-10-03T16:05:11.9862973Z           "check",
source_go	Real Go source ownership and AST dependency graph	2026-10-03T16:05:11.9863047Z           "fixtureBody",
source_go	Real Go source ownership and AST dependency graph	2026-10-03T16:05:11.9863123Z           "runFixtureHTTP",
source_go	Real Go source ownership and AST dependency graph	2026-10-03T16:05:11.9863230Z           "TestCanonicalAuthHTTPFixtures",
source_go	Real Go source ownership and AST dependency graph	2026-10-03T16:05:11.9863317Z           "openFixtureSocket",
source_go	Real Go source ownership and AST dependency graph	2026-10-03T16:05:11.9863390Z           "assertWSSStep",
source_go	Real Go source ownership and AST dependency graph	2026-10-03T16:05:11.9863570Z           "TestCanonicalWSSPrebindFixturesAndMalformedRequestID",
source_go	Real Go source ownership and AST dependency graph	2026-10-03T16:05:11.9863691Z           "TestCanonicalWSSAuthSessionFixtures"
source_go	Real Go source ownership and AST dependency graph	2026-10-03T16:05:11.9863743Z         ],
source_go	Real Go source ownership and AST dependency graph	2026-10-03T16:05:11.9863885Z         "types": [
source_go	Real Go source ownership and AST dependency graph	2026-10-03T16:05:11.9863963Z           "fixtureDocument",
source_go	Real Go source ownership and AST dependency graph	2026-10-03T16:05:11.9864042Z           "fixtureScenario",
source_go	Real Go source ownership and AST dependency graph	2026-10-03T16:05:11.9864113Z           "fixtureStep",
source_go	Real Go source ownership and AST dependency graph	2026-10-03T16:05:11.9864190Z           "fixtureRequest",
source_go	Real Go source ownership and AST dependency graph	2026-10-03T16:05:11.9864272Z           "fixtureNormalizer"
source_go	Real Go source ownership and AST dependency graph	2026-10-03T16:05:11.9864323Z         ],
source_go	Real Go source ownership and AST dependency graph	2026-10-03T16:05:11.9864381Z         "calls": [
source_go	Real Go source ownership and AST dependency graph	2026-10-03T16:05:11.9864448Z           "t.Helper",
source_go	Real Go source ownership and AST dependency graph	2026-10-03T16:05:11.9864522Z           "os.ReadFile",
source_go	Real Go source ownership and AST dependency graph	2026-10-03T16:05:11.9864585Z           "t.Fatal",
source_go	Real Go source ownership and AST dependency graph	2026-10-03T16:05:11.9864665Z           "json.Unmarshal",
source_go	Real Go source ownership and AST dependency graph	2026-10-03T16:05:11.9864728Z           "t.Fatal",
source_go	Real Go source ownership and AST dependency graph	2026-10-03T16:05:11.9864788Z           "make",
source_go	Real Go source ownership and AST dependency graph	2026-10-03T16:05:11.9864846Z           "len",
source_go	Real Go source ownership and AST dependency graph	2026-10-03T16:05:11.9864915Z           "t.Fatalf",
source_go	Real Go source ownership and AST dependency graph	2026-10-03T16:05:11.9864984Z           "t.Helper",
source_go	Real Go source ownership and AST dependency graph	2026-10-03T16:05:11.9865048Z           "t.Fatalf",
source_go	Real Go source ownership and AST dependency graph	2026-10-03T16:05:11.9865110Z           "make",
source_go	Real Go source ownership and AST dependency graph	2026-10-03T16:05:11.9865168Z           "make",
source_go	Real Go source ownership and AST dependency graph	2026-10-03T16:05:11.9865237Z           "t.Helper",
source_go	Real Go source ownership and AST dependency graph	2026-10-03T16:05:11.9865302Z           "t.Fatalf",
source_go	Real Go source ownership and AST dependency graph	2026-10-03T16:05:11.9865367Z           "t.Fatalf",
source_go	Real Go source ownership and AST dependency graph	2026-10-03T16:05:11.9865431Z           "n.check",
source_go	Real Go source ownership and AST dependency graph	2026-10-03T16:05:11.9865491Z           "len",
source_go	Real Go source ownership and AST dependency graph	2026-10-03T16:05:11.9865551Z           "len",
source_go	Real Go source ownership and AST dependency graph	2026-10-03T16:05:11.9865614Z           "t.Fatalf",
source_go	Real Go source ownership and AST dependency graph	2026-10-03T16:05:11.9865673Z           "len",
source_go	Real Go source ownership and AST dependency graph	2026-10-03T16:05:11.9865736Z           "n.check",
source_go	Real Go source ownership and AST dependency graph	2026-10-03T16:05:11.9865808Z           "fmt.Sprintf",
source_go	Real Go source ownership and AST dependency graph	2026-10-03T16:05:11.9865872Z           "t.Fatalf",
source_go	Real Go source ownership and AST dependency graph	2026-10-03T16:05:11.9865940Z           "validUUID",
source_go	Real Go source ownership and AST dependency graph	2026-10-03T16:05:11.9866007Z           "validUUID",
source_go	Real Go source ownership and AST dependency graph	2026-10-03T16:05:11.9866074Z           "t.Fatalf",
source_go	Real Go source ownership and AST dependency graph	2026-10-03T16:05:11.9866140Z           "t.Fatalf",
source_go	Real Go source ownership and AST dependency graph	2026-10-03T16:05:11.9866221Z           "strings.HasPrefix",
source_go	Real Go source ownership and AST dependency graph	2026-10-03T16:05:11.9866306Z           "strings.HasSuffix",
source_go	Real Go source ownership and AST dependency graph	2026-10-03T16:05:11.9866371Z           "t.Fatalf",
source_go	Real Go source ownership and AST dependency graph	2026-10-03T16:05:11.9866437Z           "t.Fatalf",
source_go	Real Go source ownership and AST dependency graph	2026-10-03T16:05:11.9866500Z           "t.Fatalf",
source_go	Real Go source ownership and AST dependency graph	2026-10-03T16:05:11.9866571Z           "validUUID",
source_go	Real Go source ownership and AST dependency graph	2026-10-03T16:05:11.9866636Z           "t.Fatalf",
source_go	Real Go source ownership and AST dependency graph	2026-10-03T16:05:11.9866699Z           "t.Fatalf",
source_go	Real Go source ownership and AST dependency graph	2026-10-03T16:05:11.9866782Z           "reflect.DeepEqual",
source_go	Real Go source ownership and AST dependency graph	2026-10-03T16:05:11.9866846Z           "t.Fatalf",
source_go	Real Go source ownership and AST dependency graph	2026-10-03T16:05:11.9866922Z           "json.Marshal",
source_go	Real Go source ownership and AST dependency graph	2026-10-03T16:05:11.9866998Z           "json.Unmarshal",
source_go	Real Go source ownership and AST dependency graph	2026-10-03T16:05:11.9867082Z           "strings.EqualFold",
source_go	Real Go source ownership and AST dependency graph	2026-10-03T16:05:11.9867161Z           "strings.ToUpper",
source_go	Real Go source ownership and AST dependency graph	2026-10-03T16:05:11.9867241Z           "strings.ToUpper",
source_go	Real Go source ownership and AST dependency graph	2026-10-03T16:05:11.9867308Z           "t.Helper",
source_go	Real Go source ownership and AST dependency graph	2026-10-03T16:05:11.9867371Z           "t.Fatal",
source_go	Real Go source ownership and AST dependency graph	2026-10-03T16:05:11.9867432Z           "len",
source_go	Real Go source ownership and AST dependency graph	2026-10-03T16:05:11.9867512Z           "strings.EqualFold",
source_go	Real Go source ownership and AST dependency graph	2026-10-03T16:05:11.9867580Z           "query.Set",
source_go	Real Go source ownership and AST dependency graph	2026-10-03T16:05:11.9867721Z           "query.Encode",
source_go	Real Go source ownership and AST dependency graph	2026-10-03T16:05:11.9867795Z           "fixtureBody",
source_go	Real Go source ownership and AST dependency graph	2026-10-03T16:05:11.9867854Z           "call",
source_go	Real Go source ownership and AST dependency graph	2026-10-03T16:05:11.9867920Z           "t.Fatalf",
source_go	Real Go source ownership and AST dependency graph	2026-10-03T16:05:11.9867999Z           "w.Body.String",
source_go	Real Go source ownership and AST dependency graph	2026-10-03T16:05:11.9868062Z           "n.check",
source_go	Real Go source ownership and AST dependency graph	2026-10-03T16:05:11.9868132Z           "readResult",
source_go	Real Go source ownership and AST dependency graph	2026-10-03T16:05:11.9868199Z           ".Cookies",
source_go	Real Go source ownership and AST dependency graph	2026-10-03T16:05:11.9868265Z           "w.Result",
source_go	Real Go source ownership and AST dependency graph	2026-10-03T16:05:11.9868323Z           "len",
source_go	Real Go source ownership and AST dependency graph	2026-10-03T16:05:11.9868389Z           "t.Fatalf",
source_go	Real Go source ownership and AST dependency graph	2026-10-03T16:05:11.9868459Z           "os.Getenv",
source_go	Real Go source ownership and AST dependency graph	2026-10-03T16:05:11.9868521Z           "t.Skip",
source_go	Real Go source ownership and AST dependency graph	2026-10-03T16:05:11.9868597Z           "readFixture",
source_go	Real Go source ownership and AST dependency graph	2026-10-03T16:05:11.9868666Z           "readFixture",
source_go	Real Go source ownership and AST dependency graph	2026-10-03T16:05:11.9868754Z           "context.Background",
source_go	Real Go source ownership and AST dependency graph	2026-10-03T16:05:11.9868903Z           "pgxpool.New",
source_go	Real Go source ownership and AST dependency graph	2026-10-03T16:05:11.9868968Z           "t.Fatal",
source_go	Real Go source ownership and AST dependency graph	2026-10-03T16:05:11.9869034Z           "db.Close",
source_go	Real Go source ownership and AST dependency graph	2026-10-03T16:05:11.9869100Z           "db.Ping",
source_go	Real Go source ownership and AST dependency graph	2026-10-03T16:05:11.9869168Z           "t.Fatal",
source_go	Real Go source ownership and AST dependency graph	2026-10-03T16:05:11.9869237Z           "newService",
source_go	Real Go source ownership and AST dependency graph	2026-10-03T16:05:11.9869295Z           "",
source_go	Real Go source ownership and AST dependency graph	2026-10-03T16:05:11.9869379Z           "shared.RandomToken",
source_go	Real Go source ownership and AST dependency graph	2026-10-03T16:05:11.9869563Z           "strings.ToLower",
source_go	Real Go source ownership and AST dependency graph	2026-10-03T16:05:11.9869652Z           "newFixtureNormalizer",
source_go	Real Go source ownership and AST dependency graph	2026-10-03T16:05:11.9869710Z           "",
source_go	Real Go source ownership and AST dependency graph	2026-10-03T16:05:11.9869772Z           ".Scan",
source_go	Real Go source ownership and AST dependency graph	2026-10-03T16:05:11.9869845Z           "db.QueryRow",
source_go	Real Go source ownership and AST dependency graph	2026-10-03T16:05:11.9869912Z           "db.Exec",
source_go	Real Go source ownership and AST dependency graph	2026-10-03T16:05:11.9869974Z           "db.Exec",
source_go	Real Go source ownership and AST dependency graph	2026-10-03T16:05:11.9870038Z           "db.Exec",
source_go	Real Go source ownership and AST dependency graph	2026-10-03T16:05:11.9870101Z           "db.Exec",
source_go	Real Go source ownership and AST dependency graph	2026-10-03T16:05:11.9870167Z           "fixture",
source_go	Real Go source ownership and AST dependency graph	2026-10-03T16:05:11.9870242Z           "runFixtureHTTP",
source_go	Real Go source ownership and AST dependency graph	2026-10-03T16:05:11.9870316Z           "fixtureBody",
source_go	Real Go source ownership and AST dependency graph	2026-10-03T16:05:11.9870381Z           "fixture",
source_go	Real Go source ownership and AST dependency graph	2026-10-03T16:05:11.9870439Z           "call",
source_go	Real Go source ownership and AST dependency graph	2026-10-03T16:05:11.9870502Z           "expect",
source_go	Real Go source ownership and AST dependency graph	2026-10-03T16:05:11.9870577Z           "runFixtureHTTP",
source_go	Real Go source ownership and AST dependency graph	2026-10-03T16:05:11.9870649Z           "getToken",
source_go	Real Go source ownership and AST dependency graph	2026-10-03T16:05:11.9870711Z           "fixture",
source_go	Real Go source ownership and AST dependency graph	2026-10-03T16:05:11.9870775Z           "n.check",
source_go	Real Go source ownership and AST dependency graph	2026-10-03T16:05:11.9870844Z           "readResult",
source_go	Real Go source ownership and AST dependency graph	2026-10-03T16:05:11.9870924Z           "runFixtureHTTP",
source_go	Real Go source ownership and AST dependency graph	2026-10-03T16:05:11.9871003Z           "runFixtureHTTP",
source_go	Real Go source ownership and AST dependency graph	2026-10-03T16:05:11.9871079Z           "runFixtureHTTP",
source_go	Real Go source ownership and AST dependency graph	2026-10-03T16:05:11.9871148Z           "getToken",
source_go	Real Go source ownership and AST dependency graph	2026-10-03T16:05:11.9871222Z           "runFixtureHTTP",
source_go	Real Go source ownership and AST dependency graph	2026-10-03T16:05:11.9871291Z           "getToken",
source_go	Real Go source ownership and AST dependency graph	2026-10-03T16:05:11.9871359Z           "getToken",
source_go	Real Go source ownership and AST dependency graph	2026-10-03T16:05:11.9871432Z           "getSession",
source_go	Real Go source ownership and AST dependency graph	2026-10-03T16:05:11.9871493Z           ".Scan",
source_go	Real Go source ownership and AST dependency graph	2026-10-03T16:05:11.9871565Z           "db.QueryRow",
source_go	Real Go source ownership and AST dependency graph	2026-10-03T16:05:11.9871632Z           "t.Fatalf",
source_go	Real Go source ownership and AST dependency graph	2026-10-03T16:05:11.9871694Z           ".Scan",
source_go	Real Go source ownership and AST dependency graph	2026-10-03T16:05:11.9871765Z           "db.QueryRow",
source_go	Real Go source ownership and AST dependency graph	2026-10-03T16:05:11.9871829Z           "t.Fatalf",
source_go	Real Go source ownership and AST dependency graph	2026-10-03T16:05:11.9871903Z           "fixtureBody",
source_go	Real Go source ownership and AST dependency graph	2026-10-03T16:05:11.9871965Z           "call",
source_go	Real Go source ownership and AST dependency graph	2026-10-03T16:05:11.9872029Z           "expect",
source_go	Real Go source ownership and AST dependency graph	2026-10-03T16:05:11.9872102Z           "readResult",
source_go	Real Go source ownership and AST dependency graph	2026-10-03T16:05:11.9872165Z           "fixture",
source_go	Real Go source ownership and AST dependency graph	2026-10-03T16:05:11.9872244Z           "runFixtureHTTP",
source_go	Real Go source ownership and AST dependency graph	2026-10-03T16:05:11.9872314Z           "readResult",
source_go	Real Go source ownership and AST dependency graph	2026-10-03T16:05:11.9872380Z           "t.Fatal",
source_go	Real Go source ownership and AST dependency graph	2026-10-03T16:05:11.9872438Z           "call",
source_go	Real Go source ownership and AST dependency graph	2026-10-03T16:05:11.9872503Z           "expect",
source_go	Real Go source ownership and AST dependency graph	2026-10-03T16:05:11.9872566Z           "fixture",
source_go	Real Go source ownership and AST dependency graph	2026-10-03T16:05:11.9872643Z           "runFixtureHTTP",
source_go	Real Go source ownership and AST dependency graph	2026-10-03T16:05:11.9872715Z           ".Cookies",
source_go	Real Go source ownership and AST dependency graph	2026-10-03T16:05:11.9872786Z           "web2.Result",
source_go	Real Go source ownership and AST dependency graph	2026-10-03T16:05:11.9872854Z           ".Cookies",
source_go	Real Go source ownership and AST dependency graph	2026-10-03T16:05:11.9872925Z           "web2.Result",
source_go	Real Go source ownership and AST dependency graph	2026-10-03T16:05:11.9872993Z           ".Cookies",
source_go	Real Go source ownership and AST dependency graph	2026-10-03T16:05:11.9873079Z           "webRefreshed.Result",
source_go	Real Go source ownership and AST dependency graph	2026-10-03T16:05:11.9873144Z           "t.Fatal",
source_go	Real Go source ownership and AST dependency graph	2026-10-03T16:05:11.9873205Z           "t.Run",
source_go	Real Go source ownership and AST dependency graph	2026-10-03T16:05:11.9873270Z           "fixture",
source_go	Real Go source ownership and AST dependency graph	2026-10-03T16:05:11.9873431Z           "readResult",
source_go	Real Go source ownership and AST dependency graph	2026-10-03T16:05:11.9873508Z           "s.codec.Parse",
source_go	Real Go source ownership and AST dependency graph	2026-10-03T16:05:11.9873576Z           "getToken",
source_go	Real Go source ownership and AST dependency graph	2026-10-03T16:05:11.9873646Z           "shared.UUID",
source_go	Real Go source ownership and AST dependency graph	2026-10-03T16:05:11.9873724Z           "s.codec.Sign",
source_go	Real Go source ownership and AST dependency graph	2026-10-03T16:05:11.9873789Z           "getToken",
source_go	Real Go source ownership and AST dependency graph	2026-10-03T16:05:11.9873867Z           "s.codec.Parse",
source_go	Real Go source ownership and AST dependency graph	2026-10-03T16:05:11.9873935Z           "getToken",
source_go	Real Go source ownership and AST dependency graph	2026-10-03T16:05:11.9873995Z           ".Unix",
source_go	Real Go source ownership and AST dependency graph	2026-10-03T16:05:11.9874055Z           ".Add",
source_go	Real Go source ownership and AST dependency graph	2026-10-03T16:05:11.9874120Z           "time.Now",
source_go	Real Go source ownership and AST dependency graph	2026-10-03T16:05:11.9874181Z           ".Unix",
source_go	Real Go source ownership and AST dependency graph	2026-10-03T16:05:11.9874239Z           ".Add",
source_go	Real Go source ownership and AST dependency graph	2026-10-03T16:05:11.9874308Z           "time.Now",
source_go	Real Go source ownership and AST dependency graph	2026-10-03T16:05:11.9874380Z           "s.codec.Sign",
source_go	Real Go source ownership and AST dependency graph	2026-10-03T16:05:11.9874457Z           "runFixtureHTTP",
source_go	Real Go source ownership and AST dependency graph	2026-10-03T16:05:11.9874524Z           "fixture",
source_go	Real Go source ownership and AST dependency graph	2026-10-03T16:05:11.9874599Z           "runFixtureHTTP",
source_go	Real Go source ownership and AST dependency graph	2026-10-03T16:05:11.9874667Z           "getToken",
source_go	Real Go source ownership and AST dependency graph	2026-10-03T16:05:11.9874742Z           "runFixtureHTTP",
source_go	Real Go source ownership and AST dependency graph	2026-10-03T16:05:11.9874811Z           "fixture",
source_go	Real Go source ownership and AST dependency graph	2026-10-03T16:05:11.9874876Z           "getToken",
source_go	Real Go source ownership and AST dependency graph	2026-10-03T16:05:11.9874938Z           ".Scan",
source_go	Real Go source ownership and AST dependency graph	2026-10-03T16:05:11.9875009Z           "db.QueryRow",
source_go	Real Go source ownership and AST dependency graph	2026-10-03T16:05:11.9875139Z           "t.Fatalf",
source_go	Real Go source ownership and AST dependency graph	2026-10-03T16:05:11.9875208Z           "t.Helper",
source_go	Real Go source ownership and AST dependency graph	2026-10-03T16:05:11.9875312Z           "websocket.DefaultDialer.Dial",
source_go	Real Go source ownership and AST dependency graph	2026-10-03T16:05:11.9875379Z           "t.Fatal",
source_go	Real Go source ownership and AST dependency graph	2026-10-03T16:05:11.9875443Z           "t.Helper",
source_go	Real Go source ownership and AST dependency graph	2026-10-03T16:05:11.9875508Z           "t.Fatal",
source_go	Real Go source ownership and AST dependency graph	2026-10-03T16:05:11.9875585Z           "json.Marshal",
source_go	Real Go source ownership and AST dependency graph	2026-10-03T16:05:11.9875687Z           "json.Unmarshal",
source_go	Real Go source ownership and AST dependency graph	2026-10-03T16:05:11.9875760Z           "c.WriteJSON",
source_go	Real Go source ownership and AST dependency graph	2026-10-03T16:05:11.9875823Z           "t.Fatal",
source_go	Real Go source ownership and AST dependency graph	2026-10-03T16:05:11.9875906Z           "c.SetReadDeadline",
source_go	Real Go source ownership and AST dependency graph	2026-10-03T16:05:11.9875965Z           ".Add",
source_go	Real Go source ownership and AST dependency graph	2026-10-03T16:05:11.9876032Z           "time.Now",
source_go	Real Go source ownership and AST dependency graph	2026-10-03T16:05:11.9876100Z           "c.ReadJSON",
source_go	Real Go source ownership and AST dependency graph	2026-10-03T16:05:11.9876165Z           "t.Fatal",
source_go	Real Go source ownership and AST dependency graph	2026-10-03T16:05:11.9876230Z           "n.check",
source_go	Real Go source ownership and AST dependency graph	2026-10-03T16:05:11.9876303Z           "readFixture",
source_go	Real Go source ownership and AST dependency graph	2026-10-03T16:05:11.9876388Z           "httptest.NewServer",
source_go	Real Go source ownership and AST dependency graph	2026-10-03T16:05:11.9876458Z           "newGateway",
source_go	Real Go source ownership and AST dependency graph	2026-10-03T16:05:11.9876520Z           "",
source_go	Real Go source ownership and AST dependency graph	2026-10-03T16:05:11.9876593Z           "server.Close",
source_go	Real Go source ownership and AST dependency graph	2026-10-03T16:05:11.9876680Z           "strings.TrimPrefix",
source_go	Real Go source ownership and AST dependency graph	2026-10-03T16:05:11.9876768Z           "newFixtureNormalizer",
source_go	Real Go source ownership and AST dependency graph	2026-10-03T16:05:11.9876832Z           "t.Run",
source_go	Real Go source ownership and AST dependency graph	2026-10-03T16:05:11.9876916Z           "openFixtureSocket",
source_go	Real Go source ownership and AST dependency graph	2026-10-03T16:05:11.9876983Z           "c.Close",
source_go	Real Go source ownership and AST dependency graph	2026-10-03T16:05:11.9877053Z           "newService",
source_go	Real Go source ownership and AST dependency graph	2026-10-03T16:05:11.9877107Z           "",
source_go	Real Go source ownership and AST dependency graph	2026-10-03T16:05:11.9877182Z           "s.codec.Sign",
source_go	Real Go source ownership and AST dependency graph	2026-10-03T16:05:11.9877242Z           ".Unix",
source_go	Real Go source ownership and AST dependency graph	2026-10-03T16:05:11.9877302Z           ".Add",
source_go	Real Go source ownership and AST dependency graph	2026-10-03T16:05:11.9877368Z           "time.Now",
source_go	Real Go source ownership and AST dependency graph	2026-10-03T16:05:11.9877430Z           ".Unix",
source_go	Real Go source ownership and AST dependency graph	2026-10-03T16:05:11.9877494Z           ".Add",
source_go	Real Go source ownership and AST dependency graph	2026-10-03T16:05:11.9877559Z           "time.Now",
source_go	Real Go source ownership and AST dependency graph	2026-10-03T16:05:11.9877639Z           "assertWSSStep",
source_go	Real Go source ownership and AST dependency graph	2026-10-03T16:05:11.9877702Z           "fixture",
source_go	Real Go source ownership and AST dependency graph	2026-10-03T16:05:11.9877764Z           "t.Run",
source_go	Real Go source ownership and AST dependency graph	2026-10-03T16:05:11.9877849Z           "openFixtureSocket",
source_go	Real Go source ownership and AST dependency graph	2026-10-03T16:05:11.9877918Z           "c.Close",
source_go	Real Go source ownership and AST dependency graph	2026-10-03T16:05:11.9877987Z           "c.WriteJSON",
source_go	Real Go source ownership and AST dependency graph	2026-10-03T16:05:11.9878050Z           "frame",
source_go	Real Go source ownership and AST dependency graph	2026-10-03T16:05:11.9878115Z           "t.Fatal",
source_go	Real Go source ownership and AST dependency graph	2026-10-03T16:05:11.9878196Z           "c.SetReadDeadline",
source_go	Real Go source ownership and AST dependency graph	2026-10-03T16:05:11.9878257Z           ".Add",
source_go	Real Go source ownership and AST dependency graph	2026-10-03T16:05:11.9878322Z           "time.Now",
source_go	Real Go source ownership and AST dependency graph	2026-10-03T16:05:11.9878392Z           "c.ReadJSON",
source_go	Real Go source ownership and AST dependency graph	2026-10-03T16:05:11.9878458Z           "t.Fatalf",
source_go	Real Go source ownership and AST dependency graph	2026-10-03T16:05:11.9878527Z           "os.Getenv",
source_go	Real Go source ownership and AST dependency graph	2026-10-03T16:05:11.9878589Z           "t.Skip",
source_go	Real Go source ownership and AST dependency graph	2026-10-03T16:05:11.9878661Z           "readFixture",
source_go	Real Go source ownership and AST dependency graph	2026-10-03T16:05:11.9878750Z           "context.Background",
source_go	Real Go source ownership and AST dependency graph	2026-10-03T16:05:11.9878897Z           "pgxpool.New",
source_go	Real Go source ownership and AST dependency graph	2026-10-03T16:05:11.9878963Z           "t.Fatal",
source_go	Real Go source ownership and AST dependency graph	2026-10-03T16:05:11.9879127Z           "db.Close",
source_go	Real Go source ownership and AST dependency graph	2026-10-03T16:05:11.9879195Z           "db.Ping",
source_go	Real Go source ownership and AST dependency graph	2026-10-03T16:05:11.9879257Z           "t.Fatal",
source_go	Real Go source ownership and AST dependency graph	2026-10-03T16:05:11.9879327Z           "newService",
source_go	Real Go source ownership and AST dependency graph	2026-10-03T16:05:11.9879383Z           "",
source_go	Real Go source ownership and AST dependency graph	2026-10-03T16:05:11.9879454Z           "newGateway",
source_go	Real Go source ownership and AST dependency graph	2026-10-03T16:05:11.9879539Z           "httptest.NewServer",
source_go	Real Go source ownership and AST dependency graph	2026-10-03T16:05:11.9879612Z           "server.Close",
source_go	Real Go source ownership and AST dependency graph	2026-10-03T16:05:11.9879696Z           "strings.TrimPrefix",
source_go	Real Go source ownership and AST dependency graph	2026-10-03T16:05:11.9879779Z           "shared.RandomToken",
source_go	Real Go source ownership and AST dependency graph	2026-10-03T16:05:11.9879861Z           "strings.ToLower",
source_go	Real Go source ownership and AST dependency graph	2026-10-03T16:05:11.9879920Z           "call",
source_go	Real Go source ownership and AST dependency graph	2026-10-03T16:05:11.9879985Z           "expect",
source_go	Real Go source ownership and AST dependency graph	2026-10-03T16:05:11.9880055Z           "readResult",
source_go	Real Go source ownership and AST dependency graph	2026-10-03T16:05:11.9880108Z           "",
source_go	Real Go source ownership and AST dependency graph	2026-10-03T16:05:11.9880173Z           "db.Exec",
source_go	Real Go source ownership and AST dependency graph	2026-10-03T16:05:11.9880236Z           "db.Exec",
source_go	Real Go source ownership and AST dependency graph	2026-10-03T16:05:11.9880301Z           "db.Exec",
source_go	Real Go source ownership and AST dependency graph	2026-10-03T16:05:11.9880363Z           "db.Exec",
source_go	Real Go source ownership and AST dependency graph	2026-10-03T16:05:11.9880423Z           "call",
source_go	Real Go source ownership and AST dependency graph	2026-10-03T16:05:11.9880487Z           "expect",
source_go	Real Go source ownership and AST dependency graph	2026-10-03T16:05:11.9880556Z           "getToken",
source_go	Real Go source ownership and AST dependency graph	2026-10-03T16:05:11.9880628Z           "getSession",
source_go	Real Go source ownership and AST dependency graph	2026-10-03T16:05:11.9880716Z           "newFixtureNormalizer",
source_go	Real Go source ownership and AST dependency graph	2026-10-03T16:05:11.9880888Z           "openFixtureSocket",
source_go	Real Go source ownership and AST dependency graph	2026-10-03T16:05:11.9880961Z           "bound.Close",
source_go	Real Go source ownership and AST dependency graph	2026-10-03T16:05:11.9881037Z           "assertWSSStep",
source_go	Real Go source ownership and AST dependency graph	2026-10-03T16:05:11.9881100Z           "fixture",
source_go	Real Go source ownership and AST dependency graph	2026-10-03T16:05:11.9881162Z           "call",
source_go	Real Go source ownership and AST dependency graph	2026-10-03T16:05:11.9881223Z           "expect",
source_go	Real Go source ownership and AST dependency graph	2026-10-03T16:05:11.9881310Z           "openFixtureSocket",
source_go	Real Go source ownership and AST dependency graph	2026-10-03T16:05:11.9881383Z           "stale.Close",
source_go	Real Go source ownership and AST dependency graph	2026-10-03T16:05:11.9881457Z           "assertWSSStep",
source_go	Real Go source ownership and AST dependency graph	2026-10-03T16:05:11.9881524Z           "fixture",
source_go	Real Go source ownership and AST dependency graph	2026-10-03T16:05:11.9881599Z           "s.codec.Parse",
source_go	Real Go source ownership and AST dependency graph	2026-10-03T16:05:11.9881667Z           "getToken",
source_go	Real Go source ownership and AST dependency graph	2026-10-03T16:05:11.9881730Z           "t.Fatal",
source_go	Real Go source ownership and AST dependency graph	2026-10-03T16:05:11.9881805Z           "s.codec.Sign",
source_go	Real Go source ownership and AST dependency graph	2026-10-03T16:05:11.9881871Z           "t.Fatal",
source_go	Real Go source ownership and AST dependency graph	2026-10-03T16:05:11.9881956Z           "openFixtureSocket",
source_go	Real Go source ownership and AST dependency graph	2026-10-03T16:05:11.9882032Z           "wrong.Close",
source_go	Real Go source ownership and AST dependency graph	2026-10-03T16:05:11.9882105Z           "assertWSSStep",
source_go	Real Go source ownership and AST dependency graph	2026-10-03T16:05:11.9882171Z           "fixture",
source_go	Real Go source ownership and AST dependency graph	2026-10-03T16:05:11.9882247Z           "publishEvent",
source_go	Real Go source ownership and AST dependency graph	2026-10-03T16:05:11.9882313Z           "fixture",
source_go	Real Go source ownership and AST dependency graph	2026-10-03T16:05:11.9882403Z           "bound.SetReadDeadline",
source_go	Real Go source ownership and AST dependency graph	2026-10-03T16:05:11.9882465Z           ".Add",
source_go	Real Go source ownership and AST dependency graph	2026-10-03T16:05:11.9882533Z           "time.Now",
source_go	Real Go source ownership and AST dependency graph	2026-10-03T16:05:11.9882610Z           "bound.ReadJSON",
source_go	Real Go source ownership and AST dependency graph	2026-10-03T16:05:11.9882675Z           "t.Fatal",
source_go	Real Go source ownership and AST dependency graph	2026-10-03T16:05:11.9882738Z           "n.check",
source_go	Real Go source ownership and AST dependency graph	2026-10-03T16:05:11.9882816Z           "bound.ReadJSON",
source_go	Real Go source ownership and AST dependency graph	2026-10-03T16:05:11.9882880Z           "t.Fatalf",
source_go	Real Go source ownership and AST dependency graph	2026-10-03T16:05:11.9882942Z           ".Scan",
source_go	Real Go source ownership and AST dependency graph	2026-10-03T16:05:11.9883015Z           "db.QueryRow",
source_go	Real Go source ownership and AST dependency graph	2026-10-03T16:05:11.9883073Z           "new",
source_go	Real Go source ownership and AST dependency graph	2026-10-03T16:05:11.9883137Z           "t.Fatal"
source_go	Real Go source ownership and AST dependency graph	2026-10-03T16:05:11.9883186Z         ],
source_go	Real Go source ownership and AST dependency graph	2026-10-03T16:05:11.9883250Z         "strings": [
source_go	Real Go source ownership and AST dependency graph	2026-10-03T16:05:11.9883318Z           "context",
source_go	Real Go source ownership and AST dependency graph	2026-10-03T16:05:11.9883395Z           "encoding/json",
source_go	Real Go source ownership and AST dependency graph	2026-10-03T16:05:11.9883454Z           "fmt",
source_go	Real Go source ownership and AST dependency graph	2026-10-03T16:05:11.9883522Z           "net/http",
source_go	Real Go source ownership and AST dependency graph	2026-10-03T16:05:11.9883607Z           "net/http/httptest",
source_go	Real Go source ownership and AST dependency graph	2026-10-03T16:05:11.9883671Z           "net/url",
source_go	Real Go source ownership and AST dependency graph	2026-10-03T16:05:11.9883729Z           "os",
source_go	Real Go source ownership and AST dependency graph	2026-10-03T16:05:11.9883792Z           "reflect",
source_go	Real Go source ownership and AST dependency graph	2026-10-03T16:05:11.9883856Z           "strings",
source_go	Real Go source ownership and AST dependency graph	2026-10-03T16:05:11.9883919Z           "testing",
source_go	Real Go source ownership and AST dependency graph	2026-10-03T16:05:11.9883981Z           "time",
source_go	Real Go source ownership and AST dependency graph	2026-10-03T16:05:11.9884083Z           "github.com/gorilla/websocket",
source_go	Real Go source ownership and AST dependency graph	2026-10-03T16:05:11.9884196Z           "github.com/jackc/pgx/v5/pgxpool",
source_go	Real Go source ownership and AST dependency graph	2026-10-03T16:05:11.9884305Z           "im-platform/backend/go/shared",
source_go	Real Go source ownership and AST dependency graph	2026-10-03T16:05:11.9884390Z           "json:\"scenarios\"",
source_go	Real Go source ownership and AST dependency graph	2026-10-03T16:05:11.9884465Z           "json:\"id\"",
source_go	Real Go source ownership and AST dependency graph	2026-10-03T16:05:11.9884548Z           "json:\"polarity\"",
source_go	Real Go source ownership and AST dependency graph	2026-10-03T16:05:11.9884627Z           "json:\"steps\"",
source_go	Real Go source ownership and AST dependency graph	2026-10-03T16:05:11.9884769Z           "json:\"request\"",
source_go	Real Go source ownership and AST dependency graph	2026-10-03T16:05:11.9884849Z           "json:\"status\"",
source_go	Real Go source ownership and AST dependency graph	2026-10-03T16:05:11.9884926Z           "json:\"body\"",
source_go	Real Go source ownership and AST dependency graph	2026-10-03T16:05:11.9885008Z           "json:\"headers\"",
source_go	Real Go source ownership and AST dependency graph	2026-10-03T16:05:11.9885093Z           "json:\"expected\"",
source_go	Real Go source ownership and AST dependency graph	2026-10-03T16:05:11.9885164Z           "json:\"in\"",
source_go	Real Go source ownership and AST dependency graph	2026-10-03T16:05:11.9885241Z           "json:\"out\"",
source_go	Real Go source ownership and AST dependency graph	2026-10-03T16:05:11.9885319Z           "json:\"method\"",
source_go	Real Go source ownership and AST dependency graph	2026-10-03T16:05:11.9885397Z           "json:\"path\"",
source_go	Real Go source ownership and AST dependency graph	2026-10-03T16:05:11.9885475Z           "json:\"headers\"",
source_go	Real Go source ownership and AST dependency graph	2026-10-03T16:05:11.9885552Z           "json:\"query\"",
source_go	Real Go source ownership and AST dependency graph	2026-10-03T16:05:11.9885631Z           "json:\"body\"",
source_go	Real Go source ownership and AST dependency graph	2026-10-03T16:05:11.9885717Z           "duplicate fixture %s",
source_go	Real Go source ownership and AST dependency graph	2026-10-03T16:05:11.9885820Z           "canonical fixture %s missing",
source_go	Real Go source ownership and AST dependency graph	2026-10-03T16:05:11.9885921Z           "%s: expected object, got %T",
source_go	Real Go source ownership and AST dependency graph	2026-10-03T16:05:11.9886006Z           "%s.%s missing in %v",
source_go	Real Go source ownership and AST dependency graph	2026-10-03T16:05:11.9886062Z           ".",
source_go	Real Go source ownership and AST dependency graph	2026-10-03T16:05:11.9886165Z           "%s: expected %d items, got %v",
source_go	Real Go source ownership and AST dependency graph	2026-10-03T16:05:11.9886231Z           "%s[%d]",
source_go	Real Go source ownership and AST dependency graph	2026-10-03T16:05:11.9886326Z           "%s: expected string, got %T",
source_go	Real Go source ownership and AST dependency graph	2026-10-03T16:05:11.9886412Z           "%s: %q is not a UUID",
source_go	Real Go source ownership and AST dependency graph	2026-10-03T16:05:11.9886557Z           "%s: fixture ID changed",
source_go	Real Go source ownership and AST dependency graph	2026-10-03T16:05:11.9886615Z           "<",
source_go	Real Go source ownership and AST dependency graph	2026-10-03T16:05:11.9886670Z           ">",
source_go	Real Go source ownership and AST dependency graph	2026-10-03T16:05:11.9886726Z           "",
source_go	Real Go source ownership and AST dependency graph	2026-10-03T16:05:11.9886809Z           "%s: empty credential",
source_go	Real Go source ownership and AST dependency graph	2026-10-03T16:05:11.9886911Z           "%s: fixture credential changed",
source_go	Real Go source ownership and AST dependency graph	2026-10-03T16:05:11.9886975Z           "alice",
source_go	Real Go source ownership and AST dependency graph	2026-10-03T16:05:11.9887058Z           "body.error.message",
source_go	Real Go source ownership and AST dependency graph	2026-10-03T16:05:11.9887151Z           "%s: username %q, want %q",
source_go	Real Go source ownership and AST dependency graph	2026-10-03T16:05:11.9887229Z           "body.requestId",
source_go	Real Go source ownership and AST dependency graph	2026-10-03T16:05:11.9887331Z           "%s: request ID %q is not UUID",
source_go	Real Go source ownership and AST dependency graph	2026-10-03T16:05:11.9887427Z           "%s: got %q, want fixture %q",
source_go	Real Go source ownership and AST dependency graph	2026-10-03T16:05:11.9887523Z           "%s: got %v, want fixture %v",
source_go	Real Go source ownership and AST dependency graph	2026-10-03T16:05:11.9887594Z           "username",
source_go	Real Go source ownership and AST dependency graph	2026-10-03T16:05:11.9887656Z           "alice",
source_go	Real Go source ownership and AST dependency graph	2026-10-03T16:05:11.9887724Z           "username",
source_go	Real Go source ownership and AST dependency graph	2026-10-03T16:05:11.9887791Z           "username",
source_go	Real Go source ownership and AST dependency graph	2026-10-03T16:05:11.9887892Z           "fixture is not an HTTP step",
source_go	Real Go source ownership and AST dependency graph	2026-10-03T16:05:11.9887960Z           "alice",
source_go	Real Go source ownership and AST dependency graph	2026-10-03T16:05:11.9888017Z           "?",
source_go	Real Go source ownership and AST dependency graph	2026-10-03T16:05:11.9888132Z           "%s %s: status %d, want fixture %d: %s",
source_go	Real Go source ownership and AST dependency graph	2026-10-03T16:05:11.9888195Z           "body",
source_go	Real Go source ownership and AST dependency graph	2026-10-03T16:05:11.9888269Z           "Set-Cookie",
source_go	Real Go source ownership and AST dependency graph	2026-10-03T16:05:11.9888352Z           "__Host-im_refresh",
source_go	Real Go source ownership and AST dependency graph	2026-10-03T16:05:11.9892022Z           "",
source_go	Real Go source ownership and AST dependency graph	2026-10-03T16:05:11.9892087Z           "/",
source_go	Real Go source ownership and AST dependency graph	2026-10-03T16:05:11.9892225Z           "Set-Cookie does not match fixture %q: %v",
source_go	Real Go source ownership and AST dependency graph	2026-10-03T16:05:11.9892304Z           "DB_TEST_ENABLE",
source_go	Real Go source ownership and AST dependency graph	2026-10-03T16:05:11.9892360Z           "1",
source_go	Real Go source ownership and AST dependency graph	2026-10-03T16:05:11.9892531Z           "set DB_TEST_ENABLE=1 with migrated disposable PostgreSQL",
source_go	Real Go source ownership and AST dependency graph	2026-10-03T16:05:11.9892706Z           "../../../contracts/fixtures/auth-user-friend/positive.json",
source_go	Real Go source ownership and AST dependency graph	2026-10-03T16:05:11.9892873Z           "../../../contracts/fixtures/auth-user-friend/negative.json",
source_go	Real Go source ownership and AST dependency graph	2026-10-03T16:05:11.9892928Z           "",
source_go	Real Go source ownership and AST dependency graph	2026-10-03T16:05:11.9893060Z           "test-only-signing-key-at-least-32-bytes",
source_go	Real Go source ownership and AST dependency graph	2026-10-03T16:05:11.9893131Z           "fixture",
source_go	Real Go source ownership and AST dependency graph	2026-10-03T16:05:11.9893264Z           "SELECT user_id FROM users WHERE username=$1",
source_go	Real Go source ownership and AST dependency graph	2026-10-03T16:05:11.9893812Z           "DELETE FROM outbox_events WHERE aggregate_type='session' AND aggregate_id IN (SELECT (payload->>'sessionId')::uuid FROM user_sync_events WHERE user_id=$1 AND event_type='session.revoked')",
source_go	Real Go source ownership and AST dependency graph	2026-10-03T16:05:11.9893947Z           "DELETE FROM user_sync_events WHERE user_id=$1",
source_go	Real Go source ownership and AST dependency graph	2026-10-03T16:05:11.9894064Z           "DELETE FROM sessions WHERE user_id=$1",
source_go	Real Go source ownership and AST dependency graph	2026-10-03T16:05:11.9894176Z           "DELETE FROM users WHERE user_id=$1",
source_go	Real Go source ownership and AST dependency graph	2026-10-03T16:05:11.9894307Z           "registration-and-authorized-user-search",
source_go	Real Go source ownership and AST dependency graph	2026-10-03T16:05:11.9894364Z           "",
source_go	Real Go source ownership and AST dependency graph	2026-10-03T16:05:11.9894495Z           "same-slot-login-replaces-only-that-slot",
source_go	Real Go source ownership and AST dependency graph	2026-10-03T16:05:11.9894667Z           "POST",
source_go	Real Go source ownership and AST dependency graph	2026-10-03T16:05:11.9894744Z           "/v1/auth/login",
source_go	Real Go source ownership and AST dependency graph	2026-10-03T16:05:11.9894801Z           "",
source_go	Real Go source ownership and AST dependency graph	2026-10-03T16:05:11.9894933Z           "same-slot-login-replaces-only-that-slot",
source_go	Real Go source ownership and AST dependency graph	2026-10-03T16:05:11.9894997Z           "body",
source_go	Real Go source ownership and AST dependency graph	2026-10-03T16:05:11.9895052Z           "",
source_go	Real Go source ownership and AST dependency graph	2026-10-03T16:05:11.9895106Z           "",
source_go	Real Go source ownership and AST dependency graph	2026-10-03T16:05:11.9895169Z           "userId",
source_go	Real Go source ownership and AST dependency graph	2026-10-03T16:05:11.9895418Z           "SELECT count(*) FROM sessions WHERE user_id=$1 AND client_type='WEB' AND status='ACTIVE'",
source_go	Real Go source ownership and AST dependency graph	2026-10-03T16:05:11.9895509Z           "WEB slot state %d: %v",
source_go	Real Go source ownership and AST dependency graph	2026-10-03T16:05:11.9895766Z           "SELECT count(*) FROM sessions WHERE user_id=$1 AND client_type='DESKTOP' AND status='ACTIVE'",
source_go	Real Go source ownership and AST dependency graph	2026-10-03T16:05:11.9895865Z           "DESKTOP slot state %d: %v",
source_go	Real Go source ownership and AST dependency graph	2026-10-03T16:05:11.9895937Z           "clientType",
source_go	Real Go source ownership and AST dependency graph	2026-10-03T16:05:11.9896000Z           "MOBILE",
source_go	Real Go source ownership and AST dependency graph	2026-10-03T16:05:11.9896069Z           "deviceId",
source_go	Real Go source ownership and AST dependency graph	2026-10-03T16:05:11.9896136Z           "mobile-1",
source_go	Real Go source ownership and AST dependency graph	2026-10-03T16:05:11.9896201Z           "POST",
source_go	Real Go source ownership and AST dependency graph	2026-10-03T16:05:11.9896276Z           "/v1/auth/login",
source_go	Real Go source ownership and AST dependency graph	2026-10-03T16:05:11.9896332Z           "",
source_go	Real Go source ownership and AST dependency graph	2026-10-03T16:05:11.9896397Z           "tokens",
source_go	Real Go source ownership and AST dependency graph	2026-10-03T16:05:11.9896553Z           "refreshToken",
source_go	Real Go source ownership and AST dependency graph	2026-10-03T16:05:11.9896718Z           "native-refresh-rotates-current-session-credential",
source_go	Real Go source ownership and AST dependency graph	2026-10-03T16:05:11.9896773Z           "",
source_go	Real Go source ownership and AST dependency graph	2026-10-03T16:05:11.9896849Z           "refreshToken",
source_go	Real Go source ownership and AST dependency graph	2026-10-03T16:05:11.9896912Z           "tokens",
source_go	Real Go source ownership and AST dependency graph	2026-10-03T16:05:11.9896988Z           "refreshToken",
source_go	Real Go source ownership and AST dependency graph	2026-10-03T16:05:11.9897116Z           "native refresh did not rotate credential",
source_go	Real Go source ownership and AST dependency graph	2026-10-03T16:05:11.9897185Z           "deviceId",
source_go	Real Go source ownership and AST dependency graph	2026-10-03T16:05:11.9897257Z           "browser-5",
source_go	Real Go source ownership and AST dependency graph	2026-10-03T16:05:11.9897318Z           "POST",
source_go	Real Go source ownership and AST dependency graph	2026-10-03T16:05:11.9897397Z           "/v1/auth/login",
source_go	Real Go source ownership and AST dependency graph	2026-10-03T16:05:11.9897451Z           "",
source_go	Real Go source ownership and AST dependency graph	2026-10-03T16:05:11.9897572Z           "web-refresh-rotates-secure-cookie",
source_go	Real Go source ownership and AST dependency graph	2026-10-03T16:05:11.9897628Z           "",
source_go	Real Go source ownership and AST dependency graph	2026-10-03T16:05:11.9897746Z           "WEB refresh did not rotate cookie",
source_go	Real Go source ownership and AST dependency graph	2026-10-03T16:05:11.9897835Z           "invalid-credentials",
source_go	Real Go source ownership and AST dependency graph	2026-10-03T16:05:11.9897929Z           "token-in-query-rejected",
source_go	Real Go source ownership and AST dependency graph	2026-10-03T16:05:11.9898022Z           "invalid-client-type",
source_go	Real Go source ownership and AST dependency graph	2026-10-03T16:05:11.9898124Z           "refresh-client-type-mismatch",
source_go	Real Go source ownership and AST dependency graph	2026-10-03T16:05:11.9898236Z           "unsupported-protocol-version",
source_go	Real Go source ownership and AST dependency graph	2026-10-03T16:05:11.9898346Z           "authorization-binding-mismatch",
source_go	Real Go source ownership and AST dependency graph	2026-10-03T16:05:11.9898441Z           "invalid-access-token",
source_go	Real Go source ownership and AST dependency graph	2026-10-03T16:05:11.9898534Z           "expired-access-token",
source_go	Real Go source ownership and AST dependency graph	2026-10-03T16:05:11.9898627Z           "username-already-exists",
source_go	Real Go source ownership and AST dependency graph	2026-10-03T16:05:11.9898730Z           "web-refresh-missing-cookie",
source_go	Real Go source ownership and AST dependency graph	2026-10-03T16:05:11.9898912Z           "native-refresh-missing-token",
source_go	Real Go source ownership and AST dependency graph	2026-10-03T16:05:11.9899017Z           "stale-session-epoch-rejected",
source_go	Real Go source ownership and AST dependency graph	2026-10-03T16:05:11.9899125Z           "revoked-refresh-token-rejected",
source_go	Real Go source ownership and AST dependency graph	2026-10-03T16:05:11.9899227Z           "refresh-client-type-mismatch",
source_go	Real Go source ownership and AST dependency graph	2026-10-03T16:05:11.9899307Z           "refreshToken",
source_go	Real Go source ownership and AST dependency graph	2026-10-03T16:05:11.9899370Z           "tokens",
source_go	Real Go source ownership and AST dependency graph	2026-10-03T16:05:11.9899446Z           "refreshToken",
source_go	Real Go source ownership and AST dependency graph	2026-10-03T16:05:11.9899554Z           "authorization-binding-mismatch",
source_go	Real Go source ownership and AST dependency graph	2026-10-03T16:05:11.9899646Z           "invalid-access-token",
source_go	Real Go source ownership and AST dependency graph	2026-10-03T16:05:11.9899703Z           "x",
source_go	Real Go source ownership and AST dependency graph	2026-10-03T16:05:11.9899793Z           "expired-access-token",
source_go	Real Go source ownership and AST dependency graph	2026-10-03T16:05:11.9899896Z           "stale-session-epoch-rejected",
source_go	Real Go source ownership and AST dependency graph	2026-10-03T16:05:11.9900005Z           "revoked-refresh-token-rejected",
source_go	Real Go source ownership and AST dependency graph	2026-10-03T16:05:11.9900082Z           "refreshToken",
source_go	Real Go source ownership and AST dependency graph	2026-10-03T16:05:11.9900238Z           "logout-revokes-session-refresh-and-connection",
source_go	Real Go source ownership and AST dependency graph	2026-10-03T16:05:11.9900335Z           "revoked-session-token",
source_go	Real Go source ownership and AST dependency graph	2026-10-03T16:05:11.9900594Z           "SELECT status,refresh_token_hash FROM sessions WHERE user_id=$1 AND client_type='DESKTOP'",
source_go	Real Go source ownership and AST dependency graph	2026-10-03T16:05:11.9900662Z           "REVOKED",
source_go	Real Go source ownership and AST dependency graph	2026-10-03T16:05:11.9900761Z           "logout persistence: %s %v %v",
source_go	Real Go source ownership and AST dependency graph	2026-10-03T16:05:11.9900940Z           "fixture lacks WSS input",
source_go	Real Go source ownership and AST dependency graph	2026-10-03T16:05:11.9900995Z           "",
source_go	Real Go source ownership and AST dependency graph	2026-10-03T16:05:11.9901063Z           "payload",
source_go	Real Go source ownership and AST dependency graph	2026-10-03T16:05:11.9901138Z           "accessToken",
source_go	Real Go source ownership and AST dependency graph	2026-10-03T16:05:11.9901199Z           "wss",
source_go	Real Go source ownership and AST dependency graph	2026-10-03T16:05:11.9901349Z           "../../../contracts/fixtures/websocket/golden.json",
source_go	Real Go source ownership and AST dependency graph	2026-10-03T16:05:11.9901476Z           "test-only-signing-key-at-least-32-bytes",
source_go	Real Go source ownership and AST dependency graph	2026-10-03T16:05:11.9901536Z           "ws",
source_go	Real Go source ownership and AST dependency graph	2026-10-03T16:05:11.9901598Z           "http",
source_go	Real Go source ownership and AST dependency graph	2026-10-03T16:05:11.9901661Z           "/v1/ws",
source_go	Real Go source ownership and AST dependency graph	2026-10-03T16:05:11.9901723Z           "alice",
source_go	Real Go source ownership and AST dependency graph	2026-10-03T16:05:11.9901806Z           "ping-before-bind",
source_go	Real Go source ownership and AST dependency graph	2026-10-03T16:05:11.9901895Z           "unauthenticated-send",
source_go	Real Go source ownership and AST dependency graph	2026-10-03T16:05:11.9901985Z           "invalid-signature-bind",
source_go	Real Go source ownership and AST dependency graph	2026-10-03T16:05:11.9902072Z           "expired-token-bind",
source_go	Real Go source ownership and AST dependency graph	2026-10-03T16:05:11.9902161Z           "invalid-signature-bind",
source_go	Real Go source ownership and AST dependency graph	2026-10-03T16:05:11.9902244Z           "not-a-valid-JWT",
source_go	Real Go source ownership and AST dependency graph	2026-10-03T16:05:11.9902331Z           "expired-token-bind",
source_go	Real Go source ownership and AST dependency graph	2026-10-03T16:05:11.9902461Z           "test-only-signing-key-at-least-32-bytes",
source_go	Real Go source ownership and AST dependency graph	2026-10-03T16:05:11.9902569Z           "10000000-0000-4000-8000-000000000001",
source_go	Real Go source ownership and AST dependency graph	2026-10-03T16:05:11.9902677Z           "50000000-0000-4000-8000-000000000001",
source_go	Real Go source ownership and AST dependency graph	2026-10-03T16:05:11.9902820Z           "WEB",
source_go	Real Go source ownership and AST dependency graph	2026-10-03T16:05:11.9902880Z           "ping",
source_go	Real Go source ownership and AST dependency graph	2026-10-03T16:05:11.9902950Z           "auth.bind",
source_go	Real Go source ownership and AST dependency graph	2026-10-03T16:05:11.9903039Z           "malformed-requestId-",
source_go	Real Go source ownership and AST dependency graph	2026-10-03T16:05:11.9903106Z           "auth.bind",
source_go	Real Go source ownership and AST dependency graph	2026-10-03T16:05:11.9903182Z           "accessToken",
source_go	Real Go source ownership and AST dependency graph	2026-10-03T16:05:11.9903261Z           "not-a-valid-JWT",
source_go	Real Go source ownership and AST dependency graph	2026-10-03T16:05:11.9903333Z           "not-a-uuid",
source_go	Real Go source ownership and AST dependency graph	2026-10-03T16:05:11.9903445Z           "malformed requestId accepted: %v",
source_go	Real Go source ownership and AST dependency graph	2026-10-03T16:05:11.9903521Z           "DB_TEST_ENABLE",
source_go	Real Go source ownership and AST dependency graph	2026-10-03T16:05:11.9903577Z           "1",
source_go	Real Go source ownership and AST dependency graph	2026-10-03T16:05:11.9903742Z           "set DB_TEST_ENABLE=1 with migrated disposable PostgreSQL",
source_go	Real Go source ownership and AST dependency graph	2026-10-03T16:05:11.9903890Z           "../../../contracts/fixtures/websocket/golden.json",
source_go	Real Go source ownership and AST dependency graph	2026-10-03T16:05:11.9903948Z           "",
source_go	Real Go source ownership and AST dependency graph	2026-10-03T16:05:11.9904074Z           "test-only-signing-key-at-least-32-bytes",
source_go	Real Go source ownership and AST dependency graph	2026-10-03T16:05:11.9904131Z           "ws",
source_go	Real Go source ownership and AST dependency graph	2026-10-03T16:05:11.9904196Z           "http",
source_go	Real Go source ownership and AST dependency graph	2026-10-03T16:05:11.9904258Z           "/v1/ws",
source_go	Real Go source ownership and AST dependency graph	2026-10-03T16:05:11.9904328Z           "wssfixture",
source_go	Real Go source ownership and AST dependency graph	2026-10-03T16:05:11.9904389Z           "POST",
source_go	Real Go source ownership and AST dependency graph	2026-10-03T16:05:11.9904469Z           "/v1/auth/register",
source_go	Real Go source ownership and AST dependency graph	2026-10-03T16:05:11.9904537Z           "username",
source_go	Real Go source ownership and AST dependency graph	2026-10-03T16:05:11.9904604Z           "password",
source_go	Real Go source ownership and AST dependency graph	2026-10-03T16:05:11.9904725Z           "fixture-password-not-a-real-secret",
source_go	Real Go source ownership and AST dependency graph	2026-10-03T16:05:11.9904796Z           "displayName",
source_go	Real Go source ownership and AST dependency graph	2026-10-03T16:05:11.9904857Z           "Alice",
source_go	Real Go source ownership and AST dependency graph	2026-10-03T16:05:11.9904910Z           "",
source_go	Real Go source ownership and AST dependency graph	2026-10-03T16:05:11.9904970Z           "user",
source_go	Real Go source ownership and AST dependency graph	2026-10-03T16:05:11.9905032Z           "userId",
source_go	Real Go source ownership and AST dependency graph	2026-10-03T16:05:11.9905564Z           "DELETE FROM outbox_events WHERE aggregate_type='session' AND aggregate_id IN (SELECT (payload->>'sessionId')::uuid FROM user_sync_events WHERE user_id=$1 AND event_type='session.revoked')",
source_go	Real Go source ownership and AST dependency graph	2026-10-03T16:05:11.9905701Z           "DELETE FROM user_sync_events WHERE user_id=$1",
source_go	Real Go source ownership and AST dependency graph	2026-10-03T16:05:11.9905816Z           "DELETE FROM sessions WHERE user_id=$1",
source_go	Real Go source ownership and AST dependency graph	2026-10-03T16:05:11.9905928Z           "DELETE FROM users WHERE user_id=$1",
source_go	Real Go source ownership and AST dependency graph	2026-10-03T16:05:11.9905997Z           "username",
source_go	Real Go source ownership and AST dependency graph	2026-10-03T16:05:11.9906064Z           "password",
source_go	Real Go source ownership and AST dependency graph	2026-10-03T16:05:11.9906184Z           "fixture-password-not-a-real-secret",
source_go	Real Go source ownership and AST dependency graph	2026-10-03T16:05:11.9906254Z           "clientType",
source_go	Real Go source ownership and AST dependency graph	2026-10-03T16:05:11.9906313Z           "WEB",
source_go	Real Go source ownership and AST dependency graph	2026-10-03T16:05:11.9906377Z           "deviceId",
source_go	Real Go source ownership and AST dependency graph	2026-10-03T16:05:11.9906448Z           "browser-1",
source_go	Real Go source ownership and AST dependency graph	2026-10-03T16:05:11.9906526Z           "clientVersion",
source_go	Real Go source ownership and AST dependency graph	2026-10-03T16:05:11.9906586Z           "1.0.0",
source_go	Real Go source ownership and AST dependency graph	2026-10-03T16:05:11.9906674Z           "protocolVersion",
source_go	Real Go source ownership and AST dependency graph	2026-10-03T16:05:11.9906729Z           "1",
source_go	Real Go source ownership and AST dependency graph	2026-10-03T16:05:11.9906792Z           "POST",
source_go	Real Go source ownership and AST dependency graph	2026-10-03T16:05:11.9906868Z           "/v1/auth/login",
source_go	Real Go source ownership and AST dependency graph	2026-10-03T16:05:11.9906989Z           "",
source_go	Real Go source ownership and AST dependency graph	2026-10-03T16:05:11.9907057Z           "sessionId",
source_go	Real Go source ownership and AST dependency graph	2026-10-03T16:05:11.9907142Z           "bind-valid-session",
source_go	Real Go source ownership and AST dependency graph	2026-10-03T16:05:11.9907204Z           "POST",
source_go	Real Go source ownership and AST dependency graph	2026-10-03T16:05:11.9907280Z           "/v1/auth/login",
source_go	Real Go source ownership and AST dependency graph	2026-10-03T16:05:11.9907336Z           "",
source_go	Real Go source ownership and AST dependency graph	2026-10-03T16:05:11.9907418Z           "stale-epoch-bind",
source_go	Real Go source ownership and AST dependency graph	2026-10-03T16:05:11.9907485Z           "DESKTOP",
source_go	Real Go source ownership and AST dependency graph	2026-10-03T16:05:11.9907577Z           "wrong-client-type-bind",
source_go	Real Go source ownership and AST dependency graph	2026-10-03T16:05:11.9907645Z           "REPLACED",
source_go	Real Go source ownership and AST dependency graph	2026-10-03T16:05:11.9907724Z           "revoked-socket",
source_go	Real Go source ownership and AST dependency graph	2026-10-03T16:05:11.9907783Z           "wss",
source_go	Real Go source ownership and AST dependency graph	2026-10-03T16:05:11.9907896Z           "revoked socket remained open: %v",
source_go	Real Go source ownership and AST dependency graph	2026-10-03T16:05:11.9908084Z           "SELECT status FROM sessions WHERE user_id=$1 AND client_type='WEB'"
source_go	Real Go source ownership and AST dependency graph	2026-10-03T16:05:11.9908137Z         ]
source_go	Real Go source ownership and AST dependency graph	2026-10-03T16:05:11.9908185Z       },
source_go	Real Go source ownership and AST dependency graph	2026-10-03T16:05:11.9908234Z       {
source_go	Real Go source ownership and AST dependency graph	2026-10-03T16:05:11.9908329Z         "path": "tests/message_test.go",
source_go	Real Go source ownership and AST dependency graph	2026-10-03T16:05:11.9908405Z         "package": "tests",
source_go	Real Go source ownership and AST dependency graph	2026-10-03T16:05:11.9908475Z         "imports": [
source_go	Real Go source ownership and AST dependency graph	2026-10-03T16:05:11.9908540Z           "context",
source_go	Real Go source ownership and AST dependency graph	2026-10-03T16:05:11.9908619Z           "encoding/json",
source_go	Real Go source ownership and AST dependency graph	2026-10-03T16:05:11.9908678Z           "fmt",
source_go	Real Go source ownership and AST dependency graph	2026-10-03T16:05:11.9908949Z           "github.com/gorilla/websocket",
source_go	Real Go source ownership and AST dependency graph	2026-10-03T16:05:11.9909058Z           "github.com/jackc/pgx/v5/pgxpool",
source_go	Real Go source ownership and AST dependency graph	2026-10-03T16:05:11.9909161Z           "github.com/nats-io/nats.go",
source_go	Real Go source ownership and AST dependency graph	2026-10-03T16:05:11.9909265Z           "im-platform/backend/go/core",
source_go	Real Go source ownership and AST dependency graph	2026-10-03T16:05:11.9909373Z           "im-platform/backend/go/gateway",
source_go	Real Go source ownership and AST dependency graph	2026-10-03T16:05:11.9909480Z           "im-platform/backend/go/shared",
source_go	Real Go source ownership and AST dependency graph	2026-10-03T16:05:11.9909562Z           "net/http/httptest",
source_go	Real Go source ownership and AST dependency graph	2026-10-03T16:05:11.9909623Z           "os",
source_go	Real Go source ownership and AST dependency graph	2026-10-03T16:05:11.9909687Z           "reflect",
source_go	Real Go source ownership and AST dependency graph	2026-10-03T16:05:11.9909752Z           "strings",
source_go	Real Go source ownership and AST dependency graph	2026-10-03T16:05:11.9909815Z           "testing",
source_go	Real Go source ownership and AST dependency graph	2026-10-03T16:05:11.9909874Z           "time"
source_go	Real Go source ownership and AST dependency graph	2026-10-03T16:05:11.9909926Z         ],
source_go	Real Go source ownership and AST dependency graph	2026-10-03T16:05:11.9909994Z         "functions": [
source_go	Real Go source ownership and AST dependency graph	2026-10-03T16:05:11.9910059Z           "check",
source_go	Real Go source ownership and AST dependency graph	2026-10-03T16:05:11.9910145Z           "newMessagingHarness",
source_go	Real Go source ownership and AST dependency graph	2026-10-03T16:05:11.9910228Z           "readMessageFrame",
source_go	Real Go source ownership and AST dependency graph	2026-10-03T16:05:11.9910302Z           "cloneFrame",
source_go	Real Go source ownership and AST dependency graph	2026-10-03T16:05:11.9910366Z           "input",
source_go	Real Go source ownership and AST dependency graph	2026-10-03T16:05:11.9910425Z           "send",
source_go	Real Go source ownership and AST dependency graph	2026-10-03T16:05:11.9910487Z           "rows",
source_go	Real Go source ownership and AST dependency graph	2026-10-03T16:05:11.9910548Z           "relay",
source_go	Real Go source ownership and AST dependency graph	2026-10-03T16:05:11.9910611Z           "group",
source_go	Real Go source ownership and AST dependency graph	2026-10-03T16:05:11.9910736Z           "TestCanonicalLiveMessageSendFixtures",
source_go	Real Go source ownership and AST dependency graph	2026-10-03T16:05:11.9910893Z           "TestCanonicalDuplicateOutOfOrderAndSyncRecovery",
source_go	Real Go source ownership and AST dependency graph	2026-10-03T16:05:11.9911018Z           "TestLiveConflictingRetryDelayedOrigin"
source_go	Real Go source ownership and AST dependency graph	2026-10-03T16:05:11.9911068Z         ],
source_go	Real Go source ownership and AST dependency graph	2026-10-03T16:05:11.9911131Z         "types": [
source_go	Real Go source ownership and AST dependency graph	2026-10-03T16:05:11.9911213Z           "messagingHarness",
source_go	Real Go source ownership and AST dependency graph	2026-10-03T16:05:11.9911293Z           "messageNormalizer"
source_go	Real Go source ownership and AST dependency graph	2026-10-03T16:05:11.9911346Z         ],
source_go	Real Go source ownership and AST dependency graph	2026-10-03T16:05:11.9911405Z         "calls": [
source_go	Real Go source ownership and AST dependency graph	2026-10-03T16:05:11.9911476Z           "t.Helper",
source_go	Real Go source ownership and AST dependency graph	2026-10-03T16:05:11.9911534Z           "len",
source_go	Real Go source ownership and AST dependency graph	2026-10-03T16:05:11.9911595Z           "len",
source_go	Real Go source ownership and AST dependency graph	2026-10-03T16:05:11.9911661Z           "t.Fatalf",
source_go	Real Go source ownership and AST dependency graph	2026-10-03T16:05:11.9911729Z           ".MapKeys",
source_go	Real Go source ownership and AST dependency graph	2026-10-03T16:05:11.9911808Z           "reflect.ValueOf",
source_go	Real Go source ownership and AST dependency graph	2026-10-03T16:05:11.9911884Z           "reflect.ValueOf",
source_go	Real Go source ownership and AST dependency graph	2026-10-03T16:05:11.9911948Z           "n.check",
source_go	Real Go source ownership and AST dependency graph	2026-10-03T16:05:11.9912008Z           "len",
source_go	Real Go source ownership and AST dependency graph	2026-10-03T16:05:11.9912066Z           "len",
source_go	Real Go source ownership and AST dependency graph	2026-10-03T16:05:11.9912130Z           "t.Fatal",
source_go	Real Go source ownership and AST dependency graph	2026-10-03T16:05:11.9912195Z           "n.check",
source_go	Real Go source ownership and AST dependency graph	2026-10-03T16:05:11.9912257Z           "t.Fatal",
source_go	Real Go source ownership and AST dependency graph	2026-10-03T16:05:11.9912325Z           "validUUID",
source_go	Real Go source ownership and AST dependency graph	2026-10-03T16:05:11.9912393Z           "validUUID",
source_go	Real Go source ownership and AST dependency graph	2026-10-03T16:05:11.9912455Z           "t.Fatal",
source_go	Real Go source ownership and AST dependency graph	2026-10-03T16:05:11.9912518Z           "t.Fatal",
source_go	Real Go source ownership and AST dependency graph	2026-10-03T16:05:11.9912589Z           "time.Parse",
source_go	Real Go source ownership and AST dependency graph	2026-10-03T16:05:11.9912660Z           "time.Parse",
source_go	Real Go source ownership and AST dependency graph	2026-10-03T16:05:11.9912724Z           "t.Fatal",
source_go	Real Go source ownership and AST dependency graph	2026-10-03T16:05:11.9912879Z           "t.Fatal",
source_go	Real Go source ownership and AST dependency graph	2026-10-03T16:05:11.9912946Z           "t.Fatalf",
source_go	Real Go source ownership and AST dependency graph	2026-10-03T16:05:11.9913029Z           "reflect.DeepEqual",
source_go	Real Go source ownership and AST dependency graph	2026-10-03T16:05:11.9913096Z           "t.Fatalf",
source_go	Real Go source ownership and AST dependency graph	2026-10-03T16:05:11.9913163Z           "t.Helper",
source_go	Real Go source ownership and AST dependency graph	2026-10-03T16:05:11.9913232Z           "os.Getenv",
source_go	Real Go source ownership and AST dependency graph	2026-10-03T16:05:11.9913295Z           "t.Skip",
source_go	Real Go source ownership and AST dependency graph	2026-10-03T16:05:11.9913372Z           "pgxpool.New",
source_go	Real Go source ownership and AST dependency graph	2026-10-03T16:05:11.9913459Z           "context.Background",
source_go	Real Go source ownership and AST dependency graph	2026-10-03T16:05:11.9913524Z           "t.Fatal",
source_go	Real Go source ownership and AST dependency graph	2026-10-03T16:05:11.9913589Z           "db.Ping",
source_go	Real Go source ownership and AST dependency graph	2026-10-03T16:05:11.9913675Z           "context.Background",
source_go	Real Go source ownership and AST dependency graph	2026-10-03T16:05:11.9913740Z           "t.Fatal",
source_go	Real Go source ownership and AST dependency graph	2026-10-03T16:05:11.9913806Z           "t.Cleanup",
source_go	Real Go source ownership and AST dependency graph	2026-10-03T16:05:11.9913878Z           "newService",
source_go	Real Go source ownership and AST dependency graph	2026-10-03T16:05:11.9913931Z           "",
source_go	Real Go source ownership and AST dependency graph	2026-10-03T16:05:11.9913997Z           "testNATS",
source_go	Real Go source ownership and AST dependency graph	2026-10-03T16:05:11.9914067Z           "shared.UUID",
source_go	Real Go source ownership and AST dependency graph	2026-10-03T16:05:11.9914150Z           "strings.ReplaceAll",
source_go	Real Go source ownership and AST dependency graph	2026-10-03T16:05:11.9914211Z           "call",
source_go	Real Go source ownership and AST dependency graph	2026-10-03T16:05:11.9914275Z           "expect",
source_go	Real Go source ownership and AST dependency graph	2026-10-03T16:05:11.9914339Z           "append",
source_go	Real Go source ownership and AST dependency graph	2026-10-03T16:05:11.9914408Z           "readResult",
source_go	Real Go source ownership and AST dependency graph	2026-10-03T16:05:11.9914469Z           "call",
source_go	Real Go source ownership and AST dependency graph	2026-10-03T16:05:11.9914615Z           "expect",
source_go	Real Go source ownership and AST dependency graph	2026-10-03T16:05:11.9914679Z           "append",
source_go	Real Go source ownership and AST dependency graph	2026-10-03T16:05:11.9914746Z           "getToken",
source_go	Real Go source ownership and AST dependency graph	2026-10-03T16:05:11.9914806Z           "call",
source_go	Real Go source ownership and AST dependency graph	2026-10-03T16:05:11.9914869Z           "expect",
source_go	Real Go source ownership and AST dependency graph	2026-10-03T16:05:11.9914930Z           "append",
source_go	Real Go source ownership and AST dependency graph	2026-10-03T16:05:11.9914997Z           "getToken",
source_go	Real Go source ownership and AST dependency graph	2026-10-03T16:05:11.9915057Z           "call",
source_go	Real Go source ownership and AST dependency graph	2026-10-03T16:05:11.9915121Z           "expect",
source_go	Real Go source ownership and AST dependency graph	2026-10-03T16:05:11.9915189Z           "readResult",
source_go	Real Go source ownership and AST dependency graph	2026-10-03T16:05:11.9915252Z           "append",
source_go	Real Go source ownership and AST dependency graph	2026-10-03T16:05:11.9915335Z           "httptest.NewServer",
source_go	Real Go source ownership and AST dependency graph	2026-10-03T16:05:11.9915401Z           "t.Cleanup",
source_go	Real Go source ownership and AST dependency graph	2026-10-03T16:05:11.9915484Z           "gateway.NewHandler",
source_go	Real Go source ownership and AST dependency graph	2026-10-03T16:05:11.9915548Z           "t.Fatal",
source_go	Real Go source ownership and AST dependency graph	2026-10-03T16:05:11.9915630Z           "httptest.NewServer",
source_go	Real Go source ownership and AST dependency graph	2026-10-03T16:05:11.9915699Z           "t.Cleanup",
source_go	Real Go source ownership and AST dependency graph	2026-10-03T16:05:11.9915786Z           "openFixtureSocket",
source_go	Real Go source ownership and AST dependency graph	2026-10-03T16:05:11.9915866Z           "strings.TrimPrefix",
source_go	Real Go source ownership and AST dependency graph	2026-10-03T16:05:11.9915938Z           "t.Cleanup",
source_go	Real Go source ownership and AST dependency graph	2026-10-03T16:05:11.9916005Z           "c.Close",
source_go	Real Go source ownership and AST dependency graph	2026-10-03T16:05:11.9916078Z           "shared.UUID",
source_go	Real Go source ownership and AST dependency graph	2026-10-03T16:05:11.9916149Z           "c.WriteJSON",
source_go	Real Go source ownership and AST dependency graph	2026-10-03T16:05:11.9916209Z           "frame",
source_go	Real Go source ownership and AST dependency graph	2026-10-03T16:05:11.9916276Z           "t.Fatal",
source_go	Real Go source ownership and AST dependency graph	2026-10-03T16:05:11.9916354Z           "readMessageFrame",
source_go	Real Go source ownership and AST dependency graph	2026-10-03T16:05:11.9916420Z           "t.Fatal",
source_go	Real Go source ownership and AST dependency graph	2026-10-03T16:05:11.9916480Z           "bind",
source_go	Real Go source ownership and AST dependency graph	2026-10-03T16:05:11.9916540Z           "bind",
source_go	Real Go source ownership and AST dependency graph	2026-10-03T16:05:11.9916600Z           "bind",
source_go	Real Go source ownership and AST dependency graph	2026-10-03T16:05:11.9916658Z           "bind",
source_go	Real Go source ownership and AST dependency graph	2026-10-03T16:05:11.9916726Z           "t.Cleanup",
source_go	Real Go source ownership and AST dependency graph	2026-10-03T16:05:11.9916810Z           "context.Background",
source_go	Real Go source ownership and AST dependency graph	2026-10-03T16:05:11.9916875Z           "db.Exec",
source_go	Real Go source ownership and AST dependency graph	2026-10-03T16:05:11.9916939Z           "db.Exec",
source_go	Real Go source ownership and AST dependency graph	2026-10-03T16:05:11.9917008Z           "db.Exec",
source_go	Real Go source ownership and AST dependency graph	2026-10-03T16:05:11.9917072Z           "db.Exec",
source_go	Real Go source ownership and AST dependency graph	2026-10-03T16:05:11.9917134Z           "db.Exec",
source_go	Real Go source ownership and AST dependency graph	2026-10-03T16:05:11.9917198Z           "db.Exec",
source_go	Real Go source ownership and AST dependency graph	2026-10-03T16:05:11.9917266Z           "db.Exec",
source_go	Real Go source ownership and AST dependency graph	2026-10-03T16:05:11.9917330Z           "db.Exec",
source_go	Real Go source ownership and AST dependency graph	2026-10-03T16:05:11.9917392Z           "db.Exec",
source_go	Real Go source ownership and AST dependency graph	2026-10-03T16:05:11.9917459Z           "t.Helper",
source_go	Real Go source ownership and AST dependency graph	2026-10-03T16:05:11.9917540Z           "c.SetReadDeadline",
source_go	Real Go source ownership and AST dependency graph	2026-10-03T16:05:11.9917601Z           ".Add",
source_go	Real Go source ownership and AST dependency graph	2026-10-03T16:05:11.9917668Z           "time.Now",
source_go	Real Go source ownership and AST dependency graph	2026-10-03T16:05:11.9917737Z           "c.ReadJSON",
source_go	Real Go source ownership and AST dependency graph	2026-10-03T16:05:11.9917802Z           "t.Fatal",
source_go	Real Go source ownership and AST dependency graph	2026-10-03T16:05:11.9917875Z           "json.Marshal",
source_go	Real Go source ownership and AST dependency graph	2026-10-03T16:05:11.9917953Z           "json.Unmarshal",
source_go	Real Go source ownership and AST dependency graph	2026-10-03T16:05:11.9918023Z           "cloneFrame",
source_go	Real Go source ownership and AST dependency graph	2026-10-03T16:05:11.9918090Z           "t.Helper",
source_go	Real Go source ownership and AST dependency graph	2026-10-03T16:05:11.9918160Z           "c.WriteJSON",
source_go	Real Go source ownership and AST dependency graph	2026-10-03T16:05:11.9918226Z           "h.input",
source_go	Real Go source ownership and AST dependency graph	2026-10-03T16:05:11.9918290Z           "t.Fatal",
source_go	Real Go source ownership and AST dependency graph	2026-10-03T16:05:11.9918431Z           "readMessageFrame",
source_go	Real Go source ownership and AST dependency graph	2026-10-03T16:05:11.9918499Z           "t.Helper",
source_go	Real Go source ownership and AST dependency graph	2026-10-03T16:05:11.9918583Z           "context.Background",
source_go	Real Go source ownership and AST dependency graph	2026-10-03T16:05:11.9918646Z           ".Scan",
source_go	Real Go source ownership and AST dependency graph	2026-10-03T16:05:11.9918721Z           "h.db.QueryRow",
source_go	Real Go source ownership and AST dependency graph	2026-10-03T16:05:11.9918860Z           "t.Fatal",
source_go	Real Go source ownership and AST dependency graph	2026-10-03T16:05:11.9918923Z           ".Scan",
source_go	Real Go source ownership and AST dependency graph	2026-10-03T16:05:11.9918999Z           "h.db.QueryRow",
source_go	Real Go source ownership and AST dependency graph	2026-10-03T16:05:11.9919065Z           "t.Fatal",
source_go	Real Go source ownership and AST dependency graph	2026-10-03T16:05:11.9919124Z           ".Scan",
source_go	Real Go source ownership and AST dependency graph	2026-10-03T16:05:11.9919201Z           "h.db.QueryRow",
source_go	Real Go source ownership and AST dependency graph	2026-10-03T16:05:11.9919265Z           "t.Fatal",
source_go	Real Go source ownership and AST dependency graph	2026-10-03T16:05:11.9919333Z           "t.Helper",
source_go	Real Go source ownership and AST dependency graph	2026-10-03T16:05:11.9919414Z           "context.WithCancel",
source_go	Real Go source ownership and AST dependency graph	2026-10-03T16:05:11.9919499Z           "context.Background",
source_go	Real Go source ownership and AST dependency graph	2026-10-03T16:05:11.9919557Z           "make",
source_go	Real Go source ownership and AST dependency graph	2026-10-03T16:05:11.9919611Z           "",
source_go	Real Go source ownership and AST dependency graph	2026-10-03T16:05:11.9919674Z           "close",
source_go	Real Go source ownership and AST dependency graph	2026-10-03T16:05:11.9919782Z           "core.RelaySessionRevocations",
source_go	Real Go source ownership and AST dependency graph	2026-10-03T16:05:11.9919854Z           "t.Cleanup",
source_go	Real Go source ownership and AST dependency graph	2026-10-03T16:05:11.9919914Z           "cancel",
source_go	Real Go source ownership and AST dependency graph	2026-10-03T16:05:11.9919980Z           "t.Helper",
source_go	Real Go source ownership and AST dependency graph	2026-10-03T16:05:11.9920062Z           "context.Background",
source_go	Real Go source ownership and AST dependency graph	2026-10-03T16:05:11.9920221Z           "shared.UUID",
source_go	Real Go source ownership and AST dependency graph	2026-10-03T16:05:11.9920291Z           "shared.UUID",
source_go	Real Go source ownership and AST dependency graph	2026-10-03T16:05:11.9920358Z           "h.db.Exec",
source_go	Real Go source ownership and AST dependency graph	2026-10-03T16:05:11.9920423Z           "t.Fatal",
source_go	Real Go source ownership and AST dependency graph	2026-10-03T16:05:11.9920485Z           "append",
source_go	Real Go source ownership and AST dependency graph	2026-10-03T16:05:11.9920556Z           "shared.UUID",
source_go	Real Go source ownership and AST dependency graph	2026-10-03T16:05:11.9920621Z           "h.db.Exec",
source_go	Real Go source ownership and AST dependency graph	2026-10-03T16:05:11.9920685Z           "t.Fatal",
source_go	Real Go source ownership and AST dependency graph	2026-10-03T16:05:11.9920747Z           "append",
source_go	Real Go source ownership and AST dependency graph	2026-10-03T16:05:11.9920817Z           "h.db.Exec",
source_go	Real Go source ownership and AST dependency graph	2026-10-03T16:05:11.9920881Z           "t.Fatal",
source_go	Real Go source ownership and AST dependency graph	2026-10-03T16:05:11.9920952Z           "readFixture",
source_go	Real Go source ownership and AST dependency graph	2026-10-03T16:05:11.9921013Z           "t.Run",
source_go	Real Go source ownership and AST dependency graph	2026-10-03T16:05:11.9921097Z           "newMessagingHarness",
source_go	Real Go source ownership and AST dependency graph	2026-10-03T16:05:11.9921161Z           "fixture",
source_go	Real Go source ownership and AST dependency graph	2026-10-03T16:05:11.9921227Z           "h.group",
source_go	Real Go source ownership and AST dependency graph	2026-10-03T16:05:11.9921297Z           "h.group",
source_go	Real Go source ownership and AST dependency graph	2026-10-03T16:05:11.9921366Z           "fmt.Sprint",
source_go	Real Go source ownership and AST dependency graph	2026-10-03T16:05:11.9921435Z           ".UnixNano",
source_go	Real Go source ownership and AST dependency graph	2026-10-03T16:05:11.9921502Z           "time.Now",
source_go	Real Go source ownership and AST dependency graph	2026-10-03T16:05:11.9921577Z           "fmt.Sprintf",
source_go	Real Go source ownership and AST dependency graph	2026-10-03T16:05:11.9921646Z           "h.db.Exec",
source_go	Real Go source ownership and AST dependency graph	2026-10-03T16:05:11.9921730Z           "context.Background",
source_go	Real Go source ownership and AST dependency graph	2026-10-03T16:05:11.9921795Z           "t.Fatal",
source_go	Real Go source ownership and AST dependency graph	2026-10-03T16:05:11.9921861Z           "t.Cleanup",
source_go	Real Go source ownership and AST dependency graph	2026-10-03T16:05:11.9921928Z           "h.db.Exec",
source_go	Real Go source ownership and AST dependency graph	2026-10-03T16:05:11.9922012Z           "context.Background",
source_go	Real Go source ownership and AST dependency graph	2026-10-03T16:05:11.9922084Z           "fmt.Sprintf",
source_go	Real Go source ownership and AST dependency graph	2026-10-03T16:05:11.9922147Z           "h.send",
source_go	Real Go source ownership and AST dependency graph	2026-10-03T16:05:11.9922223Z           "h.normal.check",
source_go	Real Go source ownership and AST dependency graph	2026-10-03T16:05:11.9922289Z           "h.rows",
source_go	Real Go source ownership and AST dependency graph	2026-10-03T16:05:11.9922351Z           "t.Fatal",
source_go	Real Go source ownership and AST dependency graph	2026-10-03T16:05:11.9922413Z           "h.relay",
source_go	Real Go source ownership and AST dependency graph	2026-10-03T16:05:11.9922489Z           "h.normal.check",
source_go	Real Go source ownership and AST dependency graph	2026-10-03T16:05:11.9922569Z           "readMessageFrame",
source_go	Real Go source ownership and AST dependency graph	2026-10-03T16:05:11.9922646Z           "h.normal.check",
source_go	Real Go source ownership and AST dependency graph	2026-10-03T16:05:11.9922726Z           "readMessageFrame",
source_go	Real Go source ownership and AST dependency graph	2026-10-03T16:05:11.9922798Z           "shared.UUID",
source_go	Real Go source ownership and AST dependency graph	2026-10-03T16:05:11.9922868Z           "c.WriteJSON",
source_go	Real Go source ownership and AST dependency graph	2026-10-03T16:05:11.9922931Z           "frame",
source_go	Real Go source ownership and AST dependency graph	2026-10-03T16:05:11.9923008Z           "readMessageFrame",
source_go	Real Go source ownership and AST dependency graph	2026-10-03T16:05:11.9923073Z           "t.Fatal",
source_go	Real Go source ownership and AST dependency graph	2026-10-03T16:05:11.9923136Z           "h.rows",
source_go	Real Go source ownership and AST dependency graph	2026-10-03T16:05:11.9923203Z           "t.Fatalf",
source_go	Real Go source ownership and AST dependency graph	2026-10-03T16:05:11.9923275Z           "readFixture",
source_go	Real Go source ownership and AST dependency graph	2026-10-03T16:05:11.9923335Z           "t.Run",
source_go	Real Go source ownership and AST dependency graph	2026-10-03T16:05:11.9923421Z           "newMessagingHarness",
source_go	Real Go source ownership and AST dependency graph	2026-10-03T16:05:11.9923484Z           "fixture",
source_go	Real Go source ownership and AST dependency graph	2026-10-03T16:05:11.9923548Z           "t.Fatal",
source_go	Real Go source ownership and AST dependency graph	2026-10-03T16:05:11.9923613Z           "h.group",
source_go	Real Go source ownership and AST dependency graph	2026-10-03T16:05:11.9923680Z           "h.db.Exec",
source_go	Real Go source ownership and AST dependency graph	2026-10-03T16:05:11.9923763Z           "context.Background",
source_go	Real Go source ownership and AST dependency graph	2026-10-03T16:05:11.9923827Z           "t.Fatal",
source_go	Real Go source ownership and AST dependency graph	2026-10-03T16:05:11.9923895Z           "h.db.Exec",
source_go	Real Go source ownership and AST dependency graph	2026-10-03T16:05:11.9923977Z           "context.Background",
source_go	Real Go source ownership and AST dependency graph	2026-10-03T16:05:11.9924129Z           "t.Fatal",
source_go	Real Go source ownership and AST dependency graph	2026-10-03T16:05:11.9924200Z           "cloneFrame",
source_go	Real Go source ownership and AST dependency graph	2026-10-03T16:05:11.9924264Z           "fixture",
source_go	Real Go source ownership and AST dependency graph	2026-10-03T16:05:11.9924327Z           "h.send",
source_go	Real Go source ownership and AST dependency graph	2026-10-03T16:05:11.9924391Z           "h.relay",
source_go	Real Go source ownership and AST dependency graph	2026-10-03T16:05:11.9924466Z           "h.normal.check",
source_go	Real Go source ownership and AST dependency graph	2026-10-03T16:05:11.9924546Z           "readMessageFrame",
source_go	Real Go source ownership and AST dependency graph	2026-10-03T16:05:11.9924623Z           "h.normal.check",
source_go	Real Go source ownership and AST dependency graph	2026-10-03T16:05:11.9924701Z           "readMessageFrame",
source_go	Real Go source ownership and AST dependency graph	2026-10-03T16:05:11.9924773Z           "shared.UUID",
source_go	Real Go source ownership and AST dependency graph	2026-10-03T16:05:11.9924860Z           "h.receiver.WriteJSON",
source_go	Real Go source ownership and AST dependency graph	2026-10-03T16:05:11.9924925Z           "frame",
source_go	Real Go source ownership and AST dependency graph	2026-10-03T16:05:11.9925002Z           "readMessageFrame",
source_go	Real Go source ownership and AST dependency graph	2026-10-03T16:05:11.9925067Z           "t.Fatal",
source_go	Real Go source ownership and AST dependency graph	2026-10-03T16:05:11.9925133Z           "h.rows",
source_go	Real Go source ownership and AST dependency graph	2026-10-03T16:05:11.9925196Z           "t.Fatal",
source_go	Real Go source ownership and AST dependency graph	2026-10-03T16:05:11.9925260Z           "fixture",
source_go	Real Go source ownership and AST dependency graph	2026-10-03T16:05:11.9925321Z           "h.send",
source_go	Real Go source ownership and AST dependency graph	2026-10-03T16:05:11.9925399Z           "h.normal.check",
source_go	Real Go source ownership and AST dependency graph	2026-10-03T16:05:11.9925465Z           "fixture",
source_go	Real Go source ownership and AST dependency graph	2026-10-03T16:05:11.9925527Z           ".Scan",
source_go	Real Go source ownership and AST dependency graph	2026-10-03T16:05:11.9925600Z           "h.db.QueryRow",
source_go	Real Go source ownership and AST dependency graph	2026-10-03T16:05:11.9925687Z           "context.Background",
source_go	Real Go source ownership and AST dependency graph	2026-10-03T16:05:11.9925812Z           "t.Fatal",
source_go	Real Go source ownership and AST dependency graph	2026-10-03T16:05:11.9925884Z           "cloneFrame",
source_go	Real Go source ownership and AST dependency graph	2026-10-03T16:05:11.9925948Z           "h.send",
source_go	Real Go source ownership and AST dependency graph	2026-10-03T16:05:11.9926008Z           ".Scan",
source_go	Real Go source ownership and AST dependency graph	2026-10-03T16:05:11.9926085Z           "h.db.QueryRow",
source_go	Real Go source ownership and AST dependency graph	2026-10-03T16:05:11.9926170Z           "context.Background",
source_go	Real Go source ownership and AST dependency graph	2026-10-03T16:05:11.9926237Z           "t.Fatal",
source_go	Real Go source ownership and AST dependency graph	2026-10-03T16:05:11.9926298Z           "append",
source_go	Real Go source ownership and AST dependency graph	2026-10-03T16:05:11.9926373Z           "h.nc.Publish",
source_go	Real Go source ownership and AST dependency graph	2026-10-03T16:05:11.9926443Z           "h.nc.Flush",
source_go	Real Go source ownership and AST dependency graph	2026-10-03T16:05:11.9926524Z           "readMessageFrame",
source_go	Real Go source ownership and AST dependency graph	2026-10-03T16:05:11.9926602Z           "h.normal.check",
source_go	Real Go source ownership and AST dependency graph	2026-10-03T16:05:11.9926661Z           "int",
source_go	Real Go source ownership and AST dependency graph	2026-10-03T16:05:11.9926720Z           "len",
source_go	Real Go source ownership and AST dependency graph	2026-10-03T16:05:11.9926782Z           "t.Fatal",
source_go	Real Go source ownership and AST dependency graph	2026-10-03T16:05:11.9926855Z           "cloneFrame",
source_go	Real Go source ownership and AST dependency graph	2026-10-03T16:05:11.9926927Z           "shared.UUID",
source_go	Real Go source ownership and AST dependency graph	2026-10-03T16:05:11.9926988Z           "h.send",
source_go	Real Go source ownership and AST dependency graph	2026-10-03T16:05:11.9927060Z           "shared.UUID",
source_go	Real Go source ownership and AST dependency graph	2026-10-03T16:05:11.9927121Z           "call",
source_go	Real Go source ownership and AST dependency graph	2026-10-03T16:05:11.9927184Z           "expect",
source_go	Real Go source ownership and AST dependency graph	2026-10-03T16:05:11.9927252Z           "readResult",
source_go	Real Go source ownership and AST dependency graph	2026-10-03T16:05:11.9927316Z           "t.Fatal",
source_go	Real Go source ownership and AST dependency graph	2026-10-03T16:05:11.9927374Z           "len",
source_go	Real Go source ownership and AST dependency graph	2026-10-03T16:05:11.9927433Z           "int",
source_go	Real Go source ownership and AST dependency graph	2026-10-03T16:05:11.9927497Z           "t.Fatal",
source_go	Real Go source ownership and AST dependency graph	2026-10-03T16:05:11.9927554Z           "len",
source_go	Real Go source ownership and AST dependency graph	2026-10-03T16:05:11.9927613Z           "len",
source_go	Real Go source ownership and AST dependency graph	2026-10-03T16:05:11.9927675Z           "t.Fatal",
source_go	Real Go source ownership and AST dependency graph	2026-10-03T16:05:11.9927734Z           "call",
source_go	Real Go source ownership and AST dependency graph	2026-10-03T16:05:11.9927797Z           "expect",
source_go	Real Go source ownership and AST dependency graph	2026-10-03T16:05:11.9927882Z           "newMessagingHarness",
source_go	Real Go source ownership and AST dependency graph	2026-10-03T16:05:11.9927952Z           "readFixture",
source_go	Real Go source ownership and AST dependency graph	2026-10-03T16:05:11.9928019Z           "fixture",
source_go	Real Go source ownership and AST dependency graph	2026-10-03T16:05:11.9928097Z           "h.normal.check",
source_go	Real Go source ownership and AST dependency graph	2026-10-03T16:05:11.9928162Z           "h.send",
source_go	Real Go source ownership and AST dependency graph	2026-10-03T16:05:11.9928227Z           "h.rows",
source_go	Real Go source ownership and AST dependency graph	2026-10-03T16:05:11.9928288Z           "t.Fatal",
source_go	Real Go source ownership and AST dependency graph	2026-10-03T16:05:11.9928351Z           "h.relay",
source_go	Real Go source ownership and AST dependency graph	2026-10-03T16:05:11.9928415Z           "fixture",
source_go	Real Go source ownership and AST dependency graph	2026-10-03T16:05:11.9928493Z           "h.normal.check",
source_go	Real Go source ownership and AST dependency graph	2026-10-03T16:05:11.9928571Z           "readMessageFrame",
source_go	Real Go source ownership and AST dependency graph	2026-10-03T16:05:11.9928648Z           "h.normal.check",
source_go	Real Go source ownership and AST dependency graph	2026-10-03T16:05:11.9928727Z           "readMessageFrame",
source_go	Real Go source ownership and AST dependency graph	2026-10-03T16:05:11.9928862Z           ".Scan",
source_go	Real Go source ownership and AST dependency graph	2026-10-03T16:05:11.9928939Z           "h.db.QueryRow",
source_go	Real Go source ownership and AST dependency graph	2026-10-03T16:05:11.9929023Z           "context.Background",
source_go	Real Go source ownership and AST dependency graph	2026-10-03T16:05:11.9929089Z           "t.Fatal",
source_go	Real Go source ownership and AST dependency graph	2026-10-03T16:05:11.9929161Z           "h.nc.Publish",
source_go	Real Go source ownership and AST dependency graph	2026-10-03T16:05:11.9929226Z           "t.Fatal",
source_go	Real Go source ownership and AST dependency graph	2026-10-03T16:05:11.9929295Z           "h.nc.Flush",
source_go	Real Go source ownership and AST dependency graph	2026-10-03T16:05:11.9929358Z           "t.Fatal",
source_go	Real Go source ownership and AST dependency graph	2026-10-03T16:05:11.9929435Z           "h.normal.check",
source_go	Real Go source ownership and AST dependency graph	2026-10-03T16:05:11.9929512Z           "readMessageFrame",
source_go	Real Go source ownership and AST dependency graph	2026-10-03T16:05:11.9929702Z           "h.sender.SetReadDeadline",
source_go	Real Go source ownership and AST dependency graph	2026-10-03T16:05:11.9929762Z           ".Add",
source_go	Real Go source ownership and AST dependency graph	2026-10-03T16:05:11.9929829Z           "time.Now",
source_go	Real Go source ownership and AST dependency graph	2026-10-03T16:05:11.9929909Z           "h.sender.ReadJSON",
source_go	Real Go source ownership and AST dependency graph	2026-10-03T16:05:11.9929977Z           "t.Fatalf",
source_go	Real Go source ownership and AST dependency graph	2026-10-03T16:05:11.9930057Z           "strings.Contains",
source_go	Real Go source ownership and AST dependency graph	2026-10-03T16:05:11.9930124Z           "err.Error",
source_go	Real Go source ownership and AST dependency graph	2026-10-03T16:05:11.9930190Z           "t.Fatalf"
source_go	Real Go source ownership and AST dependency graph	2026-10-03T16:05:11.9930238Z         ],
source_go	Real Go source ownership and AST dependency graph	2026-10-03T16:05:11.9930301Z         "strings": [
source_go	Real Go source ownership and AST dependency graph	2026-10-03T16:05:11.9930365Z           "context",
source_go	Real Go source ownership and AST dependency graph	2026-10-03T16:05:11.9930442Z           "encoding/json",
source_go	Real Go source ownership and AST dependency graph	2026-10-03T16:05:11.9930501Z           "fmt",
source_go	Real Go source ownership and AST dependency graph	2026-10-03T16:05:11.9930603Z           "github.com/gorilla/websocket",
source_go	Real Go source ownership and AST dependency graph	2026-10-03T16:05:11.9930714Z           "github.com/jackc/pgx/v5/pgxpool",
source_go	Real Go source ownership and AST dependency graph	2026-10-03T16:05:11.9930815Z           "github.com/nats-io/nats.go",
source_go	Real Go source ownership and AST dependency graph	2026-10-03T16:05:11.9930920Z           "im-platform/backend/go/core",
source_go	Real Go source ownership and AST dependency graph	2026-10-03T16:05:11.9931025Z           "im-platform/backend/go/gateway",
source_go	Real Go source ownership and AST dependency graph	2026-10-03T16:05:11.9931134Z           "im-platform/backend/go/shared",
source_go	Real Go source ownership and AST dependency graph	2026-10-03T16:05:11.9931214Z           "net/http/httptest",
source_go	Real Go source ownership and AST dependency graph	2026-10-03T16:05:11.9931273Z           "os",
source_go	Real Go source ownership and AST dependency graph	2026-10-03T16:05:11.9931339Z           "reflect",
source_go	Real Go source ownership and AST dependency graph	2026-10-03T16:05:11.9931489Z           "strings",
source_go	Real Go source ownership and AST dependency graph	2026-10-03T16:05:11.9931553Z           "testing",
source_go	Real Go source ownership and AST dependency graph	2026-10-03T16:05:11.9931610Z           "time",
source_go	Real Go source ownership and AST dependency graph	2026-10-03T16:05:11.9931803Z           "canonical object shape differs: expected keys %v, actual keys %v",
source_go	Real Go source ownership and AST dependency graph	2026-10-03T16:05:11.9931896Z           "canonical array differs",
source_go	Real Go source ownership and AST dependency graph	2026-10-03T16:05:11.9932000Z           "canonical string type differs",
source_go	Real Go source ownership and AST dependency graph	2026-10-03T16:05:11.9932087Z           "invalid runtime UUID",
source_go	Real Go source ownership and AST dependency graph	2026-10-03T16:05:11.9932181Z           "canonical identity changed",
source_go	Real Go source ownership and AST dependency graph	2026-10-03T16:05:11.9932267Z           "invalid runtime time",
source_go	Real Go source ownership and AST dependency graph	2026-10-03T16:05:11.9932365Z           "committed timestamp changed",
source_go	Real Go source ownership and AST dependency graph	2026-10-03T16:05:11.9932474Z           "canonical scalar differs %q vs %q",
source_go	Real Go source ownership and AST dependency graph	2026-10-03T16:05:11.9932579Z           "canonical value differs %v vs %v",
source_go	Real Go source ownership and AST dependency graph	2026-10-03T16:05:11.9932657Z           "DB_TEST_ENABLE",
source_go	Real Go source ownership and AST dependency graph	2026-10-03T16:05:11.9932715Z           "1",
source_go	Real Go source ownership and AST dependency graph	2026-10-03T16:05:11.9932889Z           "set DB_TEST_ENABLE=1 with migrated disposable PostgreSQL/NATS",
source_go	Real Go source ownership and AST dependency graph	2026-10-03T16:05:11.9932948Z           "",
source_go	Real Go source ownership and AST dependency graph	2026-10-03T16:05:11.9933074Z           "test-only-signing-key-at-least-32-bytes",
source_go	Real Go source ownership and AST dependency graph	2026-10-03T16:05:11.9933134Z           "msg",
source_go	Real Go source ownership and AST dependency graph	2026-10-03T16:05:11.9933189Z           "-",
source_go	Real Go source ownership and AST dependency graph	2026-10-03T16:05:11.9933245Z           "",
source_go	Real Go source ownership and AST dependency graph	2026-10-03T16:05:11.9933304Z           "POST",
source_go	Real Go source ownership and AST dependency graph	2026-10-03T16:05:11.9933386Z           "/v1/auth/register",
source_go	Real Go source ownership and AST dependency graph	2026-10-03T16:05:11.9933453Z           "username",
source_go	Real Go source ownership and AST dependency graph	2026-10-03T16:05:11.9933520Z           "password",
source_go	Real Go source ownership and AST dependency graph	2026-10-03T16:05:11.9933640Z           "fixture-password-not-a-real-secret",
source_go	Real Go source ownership and AST dependency graph	2026-10-03T16:05:11.9933712Z           "displayName",
source_go	Real Go source ownership and AST dependency graph	2026-10-03T16:05:11.9933790Z           "Message Fixture",
source_go	Real Go source ownership and AST dependency graph	2026-10-03T16:05:11.9933843Z           "",
source_go	Real Go source ownership and AST dependency graph	2026-10-03T16:05:11.9933903Z           "user",
source_go	Real Go source ownership and AST dependency graph	2026-10-03T16:05:11.9933965Z           "userId",
source_go	Real Go source ownership and AST dependency graph	2026-10-03T16:05:11.9934026Z           "POST",
source_go	Real Go source ownership and AST dependency graph	2026-10-03T16:05:11.9934101Z           "/v1/auth/login",
source_go	Real Go source ownership and AST dependency graph	2026-10-03T16:05:11.9934167Z           "username",
source_go	Real Go source ownership and AST dependency graph	2026-10-03T16:05:11.9934236Z           "password",
source_go	Real Go source ownership and AST dependency graph	2026-10-03T16:05:11.9934355Z           "fixture-password-not-a-real-secret",
source_go	Real Go source ownership and AST dependency graph	2026-10-03T16:05:11.9934427Z           "clientType",
source_go	Real Go source ownership and AST dependency graph	2026-10-03T16:05:11.9934484Z           "WEB",
source_go	Real Go source ownership and AST dependency graph	2026-10-03T16:05:11.9934551Z           "deviceId",
source_go	Real Go source ownership and AST dependency graph	2026-10-03T16:05:11.9934616Z           "msg-web",
source_go	Real Go source ownership and AST dependency graph	2026-10-03T16:05:11.9934689Z           "clientVersion",
source_go	Real Go source ownership and AST dependency graph	2026-10-03T16:05:11.9934751Z           "1.0.0",
source_go	Real Go source ownership and AST dependency graph	2026-10-03T16:05:11.9934834Z           "protocolVersion",
source_go	Real Go source ownership and AST dependency graph	2026-10-03T16:05:11.9934892Z           "1",
source_go	Real Go source ownership and AST dependency graph	2026-10-03T16:05:11.9934945Z           "",
source_go	Real Go source ownership and AST dependency graph	2026-10-03T16:05:11.9935006Z           "POST",
source_go	Real Go source ownership and AST dependency graph	2026-10-03T16:05:11.9935081Z           "/v1/auth/login",
source_go	Real Go source ownership and AST dependency graph	2026-10-03T16:05:11.9935148Z           "username",
source_go	Real Go source ownership and AST dependency graph	2026-10-03T16:05:11.9935216Z           "password",
source_go	Real Go source ownership and AST dependency graph	2026-10-03T16:05:11.9935331Z           "fixture-password-not-a-real-secret",
source_go	Real Go source ownership and AST dependency graph	2026-10-03T16:05:11.9935402Z           "clientType",
source_go	Real Go source ownership and AST dependency graph	2026-10-03T16:05:11.9935529Z           "DESKTOP",
source_go	Real Go source ownership and AST dependency graph	2026-10-03T16:05:11.9935596Z           "deviceId",
source_go	Real Go source ownership and AST dependency graph	2026-10-03T16:05:11.9935667Z           "msg-desktop",
source_go	Real Go source ownership and AST dependency graph	2026-10-03T16:05:11.9935742Z           "clientVersion",
source_go	Real Go source ownership and AST dependency graph	2026-10-03T16:05:11.9935806Z           "1.0.0",
source_go	Real Go source ownership and AST dependency graph	2026-10-03T16:05:11.9935888Z           "protocolVersion",
source_go	Real Go source ownership and AST dependency graph	2026-10-03T16:05:11.9935945Z           "1",
source_go	Real Go source ownership and AST dependency graph	2026-10-03T16:05:11.9936001Z           "",
source_go	Real Go source ownership and AST dependency graph	2026-10-03T16:05:11.9936062Z           "PUT",
source_go	Real Go source ownership and AST dependency graph	2026-10-03T16:05:11.9936133Z           "/v1/friends/",
source_go	Real Go source ownership and AST dependency graph	2026-10-03T16:05:11.9936224Z           "directConversationId",
source_go	Real Go source ownership and AST dependency graph	2026-10-03T16:05:11.9936330Z           "30000000-0000-4000-8000-000000000001",
source_go	Real Go source ownership and AST dependency graph	2026-10-03T16:05:11.9936436Z           "10000000-0000-4000-8000-000000000001",
source_go	Real Go source ownership and AST dependency graph	2026-10-03T16:05:11.9936495Z           "ws",
source_go	Real Go source ownership and AST dependency graph	2026-10-03T16:05:11.9936555Z           "http",
source_go	Real Go source ownership and AST dependency graph	2026-10-03T16:05:11.9936619Z           "/v1/ws",
source_go	Real Go source ownership and AST dependency graph	2026-10-03T16:05:11.9936685Z           "auth.bind",
source_go	Real Go source ownership and AST dependency graph	2026-10-03T16:05:11.9936758Z           "accessToken",
source_go	Real Go source ownership and AST dependency graph	2026-10-03T16:05:11.9936825Z           "bind write",
source_go	Real Go source ownership and AST dependency graph	2026-10-03T16:05:11.9936896Z           "payload",
source_go	Real Go source ownership and AST dependency graph	2026-10-03T16:05:11.9936957Z           "status",
source_go	Real Go source ownership and AST dependency graph	2026-10-03T16:05:11.9937020Z           "bound",
source_go	Real Go source ownership and AST dependency graph	2026-10-03T16:05:11.9937094Z           "bind rejected",
source_go	Real Go source ownership and AST dependency graph	2026-10-03T16:05:11.9937310Z           "DELETE FROM outbox_events WHERE conversation_id=$1",
source_go	Real Go source ownership and AST dependency graph	2026-10-03T16:05:11.9937449Z           "DELETE FROM messages WHERE conversation_id=$1",
source_go	Real Go source ownership and AST dependency graph	2026-10-03T16:05:11.9937612Z           "DELETE FROM friendships WHERE direct_conversation_id=$1",
source_go	Real Go source ownership and AST dependency graph	2026-10-03T16:05:11.9937781Z           "DELETE FROM conversation_members WHERE conversation_id=$1",
source_go	Real Go source ownership and AST dependency graph	2026-10-03T16:05:11.9937932Z           "DELETE FROM conversations WHERE conversation_id=$1",
source_go	Real Go source ownership and AST dependency graph	2026-10-03T16:05:11.9938270Z           "DELETE FROM outbox_events WHERE aggregate_id=$1 OR aggregate_id IN (SELECT session_id FROM sessions WHERE user_id=$1)",
source_go	Real Go source ownership and AST dependency graph	2026-10-03T16:05:11.9938404Z           "DELETE FROM user_sync_events WHERE user_id=$1",
source_go	Real Go source ownership and AST dependency graph	2026-10-03T16:05:11.9938519Z           "DELETE FROM sessions WHERE user_id=$1",
source_go	Real Go source ownership and AST dependency graph	2026-10-03T16:05:11.9938631Z           "DELETE FROM users WHERE user_id=$1",
source_go	Real Go source ownership and AST dependency graph	2026-10-03T16:05:11.9938698Z           "payload",
source_go	Real Go source ownership and AST dependency graph	2026-10-03T16:05:11.9938852Z           "conversationId",
source_go	Real Go source ownership and AST dependency graph	2026-10-03T16:05:11.9938937Z           "conversationId",
source_go	Real Go source ownership and AST dependency graph	2026-10-03T16:05:11.9939096Z           "SELECT count(*) FROM messages WHERE conversation_id=$1",
source_go	Real Go source ownership and AST dependency graph	2026-10-03T16:05:11.9939366Z           "SELECT count(*) FROM outbox_events WHERE conversation_id=$1 AND event_type='message.created'",
source_go	Real Go source ownership and AST dependency graph	2026-10-03T16:05:11.9939541Z           "SELECT next_seq FROM conversations WHERE conversation_id=$1",
source_go	Real Go source ownership and AST dependency graph	2026-10-03T16:05:11.9939854Z           "INSERT INTO conversations(conversation_id,kind,created_by,group_create_request_id) VALUES($1,'GROUP',$2,$3)",
source_go	Real Go source ownership and AST dependency graph	2026-10-03T16:05:11.9940193Z           "INSERT INTO users(user_id,username,display_name,password_hash) VALUES($1::uuid,$1::text,'Group fixture','test-only')",
source_go	Real Go source ownership and AST dependency graph	2026-10-03T16:05:11.9940444Z           "INSERT INTO conversation_members(conversation_id,user_id,role) VALUES($1,$2,'MEMBER')",
source_go	Real Go source ownership and AST dependency graph	2026-10-03T16:05:11.9940593Z           "../../../contracts/fixtures/websocket/golden.json",
source_go	Real Go source ownership and AST dependency graph	2026-10-03T16:05:11.9940690Z           "durable-send-and-created",
source_go	Real Go source ownership and AST dependency graph	2026-10-03T16:05:11.9940774Z           "idempotent-retry",
source_go	Real Go source ownership and AST dependency graph	2026-10-03T16:05:11.9940895Z           "same-request-different-conversation",
source_go	Real Go source ownership and AST dependency graph	2026-10-03T16:05:11.9940986Z           "group-single-message",
source_go	Real Go source ownership and AST dependency graph	2026-10-03T16:05:11.9941068Z           "non-member-send",
source_go	Real Go source ownership and AST dependency graph	2026-10-03T16:05:11.9941151Z           "conflicting-retry",
source_go	Real Go source ownership and AST dependency graph	2026-10-03T16:05:11.9941241Z           "rollback-before-ack",
source_go	Real Go source ownership and AST dependency graph	2026-10-03T16:05:11.9941360Z           "same-request-different-conversation",
source_go	Real Go source ownership and AST dependency graph	2026-10-03T16:05:11.9941466Z           "30000000-0000-4000-8000-000000000002",
source_go	Real Go source ownership and AST dependency graph	2026-10-03T16:05:11.9941555Z           "group-single-message",
source_go	Real Go source ownership and AST dependency graph	2026-10-03T16:05:11.9941659Z           "30000000-0000-4000-8000-000000000001",
source_go	Real Go source ownership and AST dependency graph	2026-10-03T16:05:11.9941748Z           "rollback-before-ack",
source_go	Real Go source ownership and AST dependency graph	2026-10-03T16:05:11.9941824Z           "fixtureprobe",
source_go	Real Go source ownership and AST dependency graph	2026-10-03T16:05:11.9942535Z           "CREATE FUNCTION %s() RETURNS trigger LANGUAGE plpgsql AS $$ BEGIN IF NEW.conversation_id='%s'::uuid THEN RAISE EXCEPTION 'injected rollback'; END IF; RETURN NEW; END $$; CREATE TRIGGER %s BEFORE INSERT ON outbox_events FOR EACH ROW EXECUTE FUNCTION %s()",
source_go	Real Go source ownership and AST dependency graph	2026-10-03T16:05:11.9942829Z           "DROP TRIGGER IF EXISTS %s ON outbox_events;DROP FUNCTION IF EXISTS %s()",
source_go	Real Go source ownership and AST dependency graph	2026-10-03T16:05:11.9942912Z           "non-member-send",
source_go	Real Go source ownership and AST dependency graph	2026-10-03T16:05:11.9943009Z           "durable-send-and-created",
source_go	Real Go source ownership and AST dependency graph	2026-10-03T16:05:11.9943102Z           "ACK before durable rows",
source_go	Real Go source ownership and AST dependency graph	2026-10-03T16:05:11.9943164Z           "ping",
source_go	Real Go source ownership and AST dependency graph	2026-10-03T16:05:11.9943224Z           "type",
source_go	Real Go source ownership and AST dependency graph	2026-10-03T16:05:11.9943287Z           "pong",
source_go	Real Go source ownership and AST dependency graph	2026-10-03T16:05:11.9943397Z           "origin/wrong Conversation event",
source_go	Real Go source ownership and AST dependency graph	2026-10-03T16:05:11.9943487Z           "group-single-message",
source_go	Real Go source ownership and AST dependency graph	2026-10-03T16:05:11.9943564Z           "non-member-send",
source_go	Real Go source ownership and AST dependency graph	2026-10-03T16:05:11.9943651Z           "rollback-before-ack",
source_go	Real Go source ownership and AST dependency graph	2026-10-03T16:05:11.9943775Z           "fixture %s logical effects %d/%d want %d",
source_go	Real Go source ownership and AST dependency graph	2026-10-03T16:05:11.9943921Z           "../../../contracts/fixtures/websocket/golden.json",
source_go	Real Go source ownership and AST dependency graph	2026-10-03T16:05:11.9944004Z           "duplicate-fanout",
source_go	Real Go source ownership and AST dependency graph	2026-10-03T16:05:11.9944093Z           "out-of-order-fanout",
source_go	Real Go source ownership and AST dependency graph	2026-10-03T16:05:11.9944279Z           "wrong-conversation-fanout",
source_go	Real Go source ownership and AST dependency graph	2026-10-03T16:05:11.9944386Z           "canonical scenario unavailable",
source_go	Real Go source ownership and AST dependency graph	2026-10-03T16:05:11.9944489Z           "wrong-conversation-fanout",
source_go	Real Go source ownership and AST dependency graph	2026-10-03T16:05:11.9944595Z           "30000000-0000-4000-8000-000000000002",
source_go	Real Go source ownership and AST dependency graph	2026-10-03T16:05:11.9944805Z           "DELETE FROM conversation_members WHERE conversation_id=$1 AND user_id=$2",
source_go	Real Go source ownership and AST dependency graph	2026-10-03T16:05:11.9945053Z           "INSERT INTO conversation_members(conversation_id,user_id,role) VALUES($1,$2,'MEMBER')",
source_go	Real Go source ownership and AST dependency graph	2026-10-03T16:05:11.9945147Z           "durable-send-and-created",
source_go	Real Go source ownership and AST dependency graph	2026-10-03T16:05:11.9945216Z           "requestId",
source_go	Real Go source ownership and AST dependency graph	2026-10-03T16:05:11.9945284Z           "requestId",
source_go	Real Go source ownership and AST dependency graph	2026-10-03T16:05:11.9945350Z           "payload",
source_go	Real Go source ownership and AST dependency graph	2026-10-03T16:05:11.9945430Z           "conversationId",
source_go	Real Go source ownership and AST dependency graph	2026-10-03T16:05:11.9945492Z           "ping",
source_go	Real Go source ownership and AST dependency graph	2026-10-03T16:05:11.9945553Z           "type",
source_go	Real Go source ownership and AST dependency graph	2026-10-03T16:05:11.9945614Z           "pong",
source_go	Real Go source ownership and AST dependency graph	2026-10-03T16:05:11.9945749Z           "wrong Conversation delivered to nonmember",
source_go	Real Go source ownership and AST dependency graph	2026-10-03T16:05:11.9945876Z           "wrong Conversation fixture persistence",
source_go	Real Go source ownership and AST dependency graph	2026-10-03T16:05:11.9945972Z           "durable-send-and-created",
source_go	Real Go source ownership and AST dependency graph	2026-10-03T16:05:11.9946066Z           "durable-send-and-created",
source_go	Real Go source ownership and AST dependency graph	2026-10-03T16:05:11.9946333Z           "SELECT payload FROM outbox_events WHERE conversation_id=$1 AND event_type='message.created'",
source_go	Real Go source ownership and AST dependency graph	2026-10-03T16:05:11.9946425Z           "out-of-order-fanout",
source_go	Real Go source ownership and AST dependency graph	2026-10-03T16:05:11.9946491Z           "requestId",
source_go	Real Go source ownership and AST dependency graph	2026-10-03T16:05:11.9946598Z           "40000000-0000-4000-8000-000000000002",
source_go	Real Go source ownership and AST dependency graph	2026-10-03T16:05:11.9946664Z           "payload",
source_go	Real Go source ownership and AST dependency graph	2026-10-03T16:05:11.9946730Z           "content",
source_go	Real Go source ownership and AST dependency graph	2026-10-03T16:05:11.9946796Z           "payload",
source_go	Real Go source ownership and AST dependency graph	2026-10-03T16:05:11.9946860Z           "content",
source_go	Real Go source ownership and AST dependency graph	2026-10-03T16:05:11.9947219Z           "SELECT payload FROM outbox_events WHERE conversation_id=$1 AND event_type='message.created' ORDER BY created_at DESC LIMIT 1",
source_go	Real Go source ownership and AST dependency graph	2026-10-03T16:05:11.9947304Z           "duplicate-fanout",
source_go	Real Go source ownership and AST dependency graph	2026-10-03T16:05:11.9947384Z           "message.created.",
source_go	Real Go source ownership and AST dependency graph	2026-10-03T16:05:11.9947451Z           "payload",
source_go	Real Go source ownership and AST dependency graph	2026-10-03T16:05:11.9947530Z           "conversationId",
source_go	Real Go source ownership and AST dependency graph	2026-10-03T16:05:11.9947587Z           ":",
source_go	Real Go source ownership and AST dependency graph	2026-10-03T16:05:11.9947653Z           "requestId",
source_go	Real Go source ownership and AST dependency graph	2026-10-03T16:05:11.9947712Z           "seq",
source_go	Real Go source ownership and AST dependency graph	2026-10-03T16:05:11.9947800Z           "out-of-order-fanout",
source_go	Real Go source ownership and AST dependency graph	2026-10-03T16:05:11.9947914Z           "duplicate logical materialization",
source_go	Real Go source ownership and AST dependency graph	2026-10-03T16:05:11.9947981Z           "requestId",
source_go	Real Go source ownership and AST dependency graph	2026-10-03T16:05:11.9948049Z           "payload",
source_go	Real Go source ownership and AST dependency graph	2026-10-03T16:05:11.9948113Z           "content",
source_go	Real Go source ownership and AST dependency graph	2026-10-03T16:05:11.9948172Z           "text",
source_go	Real Go source ownership and AST dependency graph	2026-10-03T16:05:11.9948236Z           "missed",
source_go	Real Go source ownership and AST dependency graph	2026-10-03T16:05:11.9948295Z           "POST",
source_go	Real Go source ownership and AST dependency graph	2026-10-03T16:05:11.9948376Z           "/__core/history",
source_go	Real Go source ownership and AST dependency graph	2026-10-03T16:05:11.9948447Z           "syncVersion",
source_go	Real Go source ownership and AST dependency graph	2026-10-03T16:05:11.9948507Z           "1.0",
source_go	Real Go source ownership and AST dependency graph	2026-10-03T16:05:11.9948626Z           "type",
source_go	Real Go source ownership and AST dependency graph	2026-10-03T16:05:11.9948727Z           "sync.conversation.request",
source_go	Real Go source ownership and AST dependency graph	2026-10-03T16:05:11.9948866Z           "requestId",
source_go	Real Go source ownership and AST dependency graph	2026-10-03T16:05:11.9948948Z           "conversationId",
source_go	Real Go source ownership and AST dependency graph	2026-10-03T16:05:11.9949015Z           "afterSeq",
source_go	Real Go source ownership and AST dependency graph	2026-10-03T16:05:11.9949074Z           "limit",
source_go	Real Go source ownership and AST dependency graph	2026-10-03T16:05:11.9949146Z           "syncVersion",
source_go	Real Go source ownership and AST dependency graph	2026-10-03T16:05:11.9949204Z           "1.0",
source_go	Real Go source ownership and AST dependency graph	2026-10-03T16:05:11.9949265Z           "type",
source_go	Real Go source ownership and AST dependency graph	2026-10-03T16:05:11.9949360Z           "sync.conversation.page",
source_go	Real Go source ownership and AST dependency graph	2026-10-03T16:05:11.9949443Z           "conversationId",
source_go	Real Go source ownership and AST dependency graph	2026-10-03T16:05:11.9949510Z           "requestId",
source_go	Real Go source ownership and AST dependency graph	2026-10-03T16:05:11.9949575Z           "hasMore",
source_go	Real Go source ownership and AST dependency graph	2026-10-03T16:05:11.9949677Z           "canonical history envelope",
source_go	Real Go source ownership and AST dependency graph	2026-10-03T16:05:11.9949742Z           "messages",
source_go	Real Go source ownership and AST dependency graph	2026-10-03T16:05:11.9949801Z           "seq",
source_go	Real Go source ownership and AST dependency graph	2026-10-03T16:05:11.9949895Z           "history shape/order gap",
source_go	Real Go source ownership and AST dependency graph	2026-10-03T16:05:11.9949976Z           "conversationId",
source_go	Real Go source ownership and AST dependency graph	2026-10-03T16:05:11.9950037Z           ":",
source_go	Real Go source ownership and AST dependency graph	2026-10-03T16:05:11.9950111Z           "requestId",
source_go	Real Go source ownership and AST dependency graph	2026-10-03T16:05:11.9950220Z           "Sync failed to close missed gap",
source_go	Real Go source ownership and AST dependency graph	2026-10-03T16:05:11.9950280Z           "POST",
source_go	Real Go source ownership and AST dependency graph	2026-10-03T16:05:11.9950447Z           "/__core/history",
source_go	Real Go source ownership and AST dependency graph	2026-10-03T16:05:11.9950518Z           "syncVersion",
source_go	Real Go source ownership and AST dependency graph	2026-10-03T16:05:11.9950577Z           "1.0",
source_go	Real Go source ownership and AST dependency graph	2026-10-03T16:05:11.9950636Z           "type",
source_go	Real Go source ownership and AST dependency graph	2026-10-03T16:05:11.9950737Z           "sync.conversation.request",
source_go	Real Go source ownership and AST dependency graph	2026-10-03T16:05:11.9950805Z           "requestId",
source_go	Real Go source ownership and AST dependency graph	2026-10-03T16:05:11.9950882Z           "conversationId",
source_go	Real Go source ownership and AST dependency graph	2026-10-03T16:05:11.9950949Z           "afterSeq",
source_go	Real Go source ownership and AST dependency graph	2026-10-03T16:05:11.9951009Z           "limit",
source_go	Real Go source ownership and AST dependency graph	2026-10-03T16:05:11.9951156Z           "../../../contracts/fixtures/websocket/golden.json",
source_go	Real Go source ownership and AST dependency graph	2026-10-03T16:05:11.9951241Z           "conflicting-retry",
source_go	Real Go source ownership and AST dependency graph	2026-10-03T16:05:11.9951370Z           "conflicting retry changed durable effects",
source_go	Real Go source ownership and AST dependency graph	2026-10-03T16:05:11.9951464Z           "durable-send-and-created",
source_go	Real Go source ownership and AST dependency graph	2026-10-03T16:05:11.9951732Z           "SELECT payload FROM outbox_events WHERE conversation_id=$1 AND event_type='message.created'",
source_go	Real Go source ownership and AST dependency graph	2026-10-03T16:05:11.9951816Z           "message.created.",
source_go	Real Go source ownership and AST dependency graph	2026-10-03T16:05:11.9951936Z           "origin received %v after rejected retry",
source_go	Real Go source ownership and AST dependency graph	2026-10-03T16:05:11.9952002Z           "type",
source_go	Real Go source ownership and AST dependency graph	2026-10-03T16:05:11.9952067Z           "timeout",
source_go	Real Go source ownership and AST dependency graph	2026-10-03T16:05:11.9952171Z           "unexpected origin failure: %v"
source_go	Real Go source ownership and AST dependency graph	2026-10-03T16:05:11.9952221Z         ]
source_go	Real Go source ownership and AST dependency graph	2026-10-03T16:05:11.9952271Z       },
source_go	Real Go source ownership and AST dependency graph	2026-10-03T16:05:11.9952322Z       {
source_go	Real Go source ownership and AST dependency graph	2026-10-03T16:05:11.9952440Z         "path": "tests/revocation_fallback_test.go",
source_go	Real Go source ownership and AST dependency graph	2026-10-03T16:05:11.9952517Z         "package": "tests",
source_go	Real Go source ownership and AST dependency graph	2026-10-03T16:05:11.9952581Z         "imports": [
source_go	Real Go source ownership and AST dependency graph	2026-10-03T16:05:11.9952647Z           "context",
source_go	Real Go source ownership and AST dependency graph	2026-10-03T16:05:11.9952727Z           "net/http/httptest",
source_go	Real Go source ownership and AST dependency graph	2026-10-03T16:05:11.9952786Z           "os",
source_go	Real Go source ownership and AST dependency graph	2026-10-03T16:05:11.9952849Z           "strings",
source_go	Real Go source ownership and AST dependency graph	2026-10-03T16:05:11.9952913Z           "testing",
source_go	Real Go source ownership and AST dependency graph	2026-10-03T16:05:11.9952973Z           "time",
source_go	Real Go source ownership and AST dependency graph	2026-10-03T16:05:11.9953077Z           "github.com/gorilla/websocket",
source_go	Real Go source ownership and AST dependency graph	2026-10-03T16:05:11.9953185Z           "github.com/jackc/pgx/v5/pgxpool",
source_go	Real Go source ownership and AST dependency graph	2026-10-03T16:05:11.9953292Z           "im-platform/backend/go/gateway",
source_go	Real Go source ownership and AST dependency graph	2026-10-03T16:05:11.9953399Z           "im-platform/backend/go/shared"
source_go	Real Go source ownership and AST dependency graph	2026-10-03T16:05:11.9953448Z         ],
source_go	Real Go source ownership and AST dependency graph	2026-10-03T16:05:11.9953518Z         "functions": [
source_go	Real Go source ownership and AST dependency graph	2026-10-03T16:05:11.9953659Z           "TestPostgresRevocationFallbackWithoutNATS",
source_go	Real Go source ownership and AST dependency graph	2026-10-03T16:05:11.9953817Z           "TestPostgresFallbackExpiryAndDatabaseFailureClose"
source_go	Real Go source ownership and AST dependency graph	2026-10-03T16:05:11.9953869Z         ],
source_go	Real Go source ownership and AST dependency graph	2026-10-03T16:05:11.9953934Z         "types": null,
source_go	Real Go source ownership and AST dependency graph	2026-10-03T16:05:11.9953994Z         "calls": [
source_go	Real Go source ownership and AST dependency graph	2026-10-03T16:05:11.9954062Z           "os.Getenv",
source_go	Real Go source ownership and AST dependency graph	2026-10-03T16:05:11.9954126Z           "t.Skip",
source_go	Real Go source ownership and AST dependency graph	2026-10-03T16:05:11.9954204Z           "pgxpool.New",
source_go	Real Go source ownership and AST dependency graph	2026-10-03T16:05:11.9954290Z           "context.Background",
source_go	Real Go source ownership and AST dependency graph	2026-10-03T16:05:11.9954356Z           "t.Fatal",
source_go	Real Go source ownership and AST dependency graph	2026-10-03T16:05:11.9954422Z           "db.Close",
source_go	Real Go source ownership and AST dependency graph	2026-10-03T16:05:11.9954487Z           "db.Ping",
source_go	Real Go source ownership and AST dependency graph	2026-10-03T16:05:11.9954685Z           "context.Background",
source_go	Real Go source ownership and AST dependency graph	2026-10-03T16:05:11.9954750Z           "t.Fatal",
source_go	Real Go source ownership and AST dependency graph	2026-10-03T16:05:11.9954803Z           "",
source_go	Real Go source ownership and AST dependency graph	2026-10-03T16:05:11.9954873Z           "newService",
source_go	Real Go source ownership and AST dependency graph	2026-10-03T16:05:11.9954957Z           "gateway.NewHandler",
source_go	Real Go source ownership and AST dependency graph	2026-10-03T16:05:11.9955020Z           "t.Fatal",
source_go	Real Go source ownership and AST dependency graph	2026-10-03T16:05:11.9955102Z           "httptest.NewServer",
source_go	Real Go source ownership and AST dependency graph	2026-10-03T16:05:11.9955176Z           "server.Close",
source_go	Real Go source ownership and AST dependency graph	2026-10-03T16:05:11.9955259Z           "strings.TrimPrefix",
source_go	Real Go source ownership and AST dependency graph	2026-10-03T16:05:11.9955319Z           "t.Run",
source_go	Real Go source ownership and AST dependency graph	2026-10-03T16:05:11.9955405Z           "shared.RandomToken",
source_go	Real Go source ownership and AST dependency graph	2026-10-03T16:05:11.9955484Z           "strings.ToLower",
source_go	Real Go source ownership and AST dependency graph	2026-10-03T16:05:11.9955544Z           "call",
source_go	Real Go source ownership and AST dependency graph	2026-10-03T16:05:11.9955608Z           "expect",
source_go	Real Go source ownership and AST dependency graph	2026-10-03T16:05:11.9955676Z           "readResult",
source_go	Real Go source ownership and AST dependency graph	2026-10-03T16:05:11.9955733Z           "",
source_go	Real Go source ownership and AST dependency graph	2026-10-03T16:05:11.9955816Z           "context.Background",
source_go	Real Go source ownership and AST dependency graph	2026-10-03T16:05:11.9955881Z           "db.Exec",
source_go	Real Go source ownership and AST dependency graph	2026-10-03T16:05:11.9955943Z           "db.Exec",
source_go	Real Go source ownership and AST dependency graph	2026-10-03T16:05:11.9956012Z           "db.Exec",
source_go	Real Go source ownership and AST dependency graph	2026-10-03T16:05:11.9956075Z           "db.Exec",
source_go	Real Go source ownership and AST dependency graph	2026-10-03T16:05:11.9956134Z           "call",
source_go	Real Go source ownership and AST dependency graph	2026-10-03T16:05:11.9956196Z           "login",
source_go	Real Go source ownership and AST dependency graph	2026-10-03T16:05:11.9956318Z           "expect",
source_go	Real Go source ownership and AST dependency graph	2026-10-03T16:05:11.9956387Z           "getToken",
source_go	Real Go source ownership and AST dependency graph	2026-10-03T16:05:11.9956457Z           "getSession",
source_go	Real Go source ownership and AST dependency graph	2026-10-03T16:05:11.9956565Z           "websocket.DefaultDialer.Dial",
source_go	Real Go source ownership and AST dependency graph	2026-10-03T16:05:11.9956628Z           "t.Fatal",
source_go	Real Go source ownership and AST dependency graph	2026-10-03T16:05:11.9956701Z           "conn.Close",
source_go	Real Go source ownership and AST dependency graph	2026-10-03T16:05:11.9956779Z           "conn.WriteJSON",
source_go	Real Go source ownership and AST dependency graph	2026-10-03T16:05:11.9956840Z           "frame",
source_go	Real Go source ownership and AST dependency graph	2026-10-03T16:05:11.9956917Z           "conn.ReadJSON",
source_go	Real Go source ownership and AST dependency graph	2026-10-03T16:05:11.9956981Z           "t.Fatal",
source_go	Real Go source ownership and AST dependency graph	2026-10-03T16:05:11.9957047Z           "t.Fatalf",
source_go	Real Go source ownership and AST dependency graph	2026-10-03T16:05:11.9957129Z           "strings.HasPrefix",
source_go	Real Go source ownership and AST dependency graph	2026-10-03T16:05:11.9957192Z           "login",
source_go	Real Go source ownership and AST dependency graph	2026-10-03T16:05:11.9957254Z           "expect",
source_go	Real Go source ownership and AST dependency graph	2026-10-03T16:05:11.9957319Z           "expect",
source_go	Real Go source ownership and AST dependency graph	2026-10-03T16:05:11.9957382Z           "call",
source_go	Real Go source ownership and AST dependency graph	2026-10-03T16:05:11.9957450Z           "getToken",
source_go	Real Go source ownership and AST dependency graph	2026-10-03T16:05:11.9957514Z           "expect",
source_go	Real Go source ownership and AST dependency graph	2026-10-03T16:05:11.9957573Z           "call",
source_go	Real Go source ownership and AST dependency graph	2026-10-03T16:05:11.9957635Z           ".Scan",
source_go	Real Go source ownership and AST dependency graph	2026-10-03T16:05:11.9957709Z           "db.QueryRow",
source_go	Real Go source ownership and AST dependency graph	2026-10-03T16:05:11.9957796Z           "context.Background",
source_go	Real Go source ownership and AST dependency graph	2026-10-03T16:05:11.9957863Z           "t.Fatalf",
source_go	Real Go source ownership and AST dependency graph	2026-10-03T16:05:11.9957952Z           "conn.SetReadDeadline",
source_go	Real Go source ownership and AST dependency graph	2026-10-03T16:05:11.9958014Z           ".Add",
source_go	Real Go source ownership and AST dependency graph	2026-10-03T16:05:11.9958079Z           "time.Now",
source_go	Real Go source ownership and AST dependency graph	2026-10-03T16:05:11.9958157Z           "conn.ReadJSON",
source_go	Real Go source ownership and AST dependency graph	2026-10-03T16:05:11.9958220Z           "t.Fatal",
source_go	Real Go source ownership and AST dependency graph	2026-10-03T16:05:11.9958286Z           "t.Fatalf",
source_go	Real Go source ownership and AST dependency graph	2026-10-03T16:05:11.9958360Z           "conn.ReadJSON",
source_go	Real Go source ownership and AST dependency graph	2026-10-03T16:05:11.9958426Z           "t.Fatal",
source_go	Real Go source ownership and AST dependency graph	2026-10-03T16:05:11.9958532Z           "websocket.DefaultDialer.Dial",
source_go	Real Go source ownership and AST dependency graph	2026-10-03T16:05:11.9958595Z           "t.Fatal",
source_go	Real Go source ownership and AST dependency graph	2026-10-03T16:05:11.9958669Z           "stale.Close",
source_go	Real Go source ownership and AST dependency graph	2026-10-03T16:05:11.9958758Z           "stale.SetReadDeadline",
source_go	Real Go source ownership and AST dependency graph	2026-10-03T16:05:11.9958907Z           ".Add",
source_go	Real Go source ownership and AST dependency graph	2026-10-03T16:05:11.9958973Z           "time.Now",
source_go	Real Go source ownership and AST dependency graph	2026-10-03T16:05:11.9959054Z           "stale.WriteJSON",
source_go	Real Go source ownership and AST dependency graph	2026-10-03T16:05:11.9959117Z           "frame",
source_go	Real Go source ownership and AST dependency graph	2026-10-03T16:05:11.9959194Z           "stale.ReadJSON",
source_go	Real Go source ownership and AST dependency graph	2026-10-03T16:05:11.9959260Z           "t.Fatal",
source_go	Real Go source ownership and AST dependency graph	2026-10-03T16:05:11.9959322Z           "t.Fatal",
source_go	Real Go source ownership and AST dependency graph	2026-10-03T16:05:11.9959391Z           "os.Getenv",
source_go	Real Go source ownership and AST dependency graph	2026-10-03T16:05:11.9959453Z           "t.Skip",
source_go	Real Go source ownership and AST dependency graph	2026-10-03T16:05:11.9959515Z           "t.Run",
source_go	Real Go source ownership and AST dependency graph	2026-10-03T16:05:11.9959600Z           "context.Background",
source_go	Real Go source ownership and AST dependency graph	2026-10-03T16:05:11.9959675Z           "pgxpool.New",
source_go	Real Go source ownership and AST dependency graph	2026-10-03T16:05:11.9959740Z           "t.Fatal",
source_go	Real Go source ownership and AST dependency graph	2026-10-03T16:05:11.9959807Z           "db.Close",
source_go	Real Go source ownership and AST dependency graph	2026-10-03T16:05:11.9959872Z           "db.Ping",
source_go	Real Go source ownership and AST dependency graph	2026-10-03T16:05:11.9959961Z           "t.Fatal",
source_go	Real Go source ownership and AST dependency graph	2026-10-03T16:05:11.9960056Z           "pgxpool.New",
source_go	Real Go source ownership and AST dependency graph	2026-10-03T16:05:11.9960137Z           "t.Fatal",
source_go	Real Go source ownership and AST dependency graph	2026-10-03T16:05:11.9960249Z           "gatewayDB.Close",
source_go	Real Go source ownership and AST dependency graph	2026-10-03T16:05:11.9960397Z           "",
source_go	Real Go source ownership and AST dependency graph	2026-10-03T16:05:11.9960467Z           "newService",
source_go	Real Go source ownership and AST dependency graph	2026-10-03T16:05:11.9960553Z           "shared.RandomToken",
source_go	Real Go source ownership and AST dependency graph	2026-10-03T16:05:11.9960632Z           "strings.ToLower",
source_go	Real Go source ownership and AST dependency graph	2026-10-03T16:05:11.9960695Z           "call",
source_go	Real Go source ownership and AST dependency graph	2026-10-03T16:05:11.9960758Z           "expect",
source_go	Real Go source ownership and AST dependency graph	2026-10-03T16:05:11.9960829Z           "readResult",
source_go	Real Go source ownership and AST dependency graph	2026-10-03T16:05:11.9960882Z           "",
source_go	Real Go source ownership and AST dependency graph	2026-10-03T16:05:11.9960947Z           "db.Exec",
source_go	Real Go source ownership and AST dependency graph	2026-10-03T16:05:11.9961010Z           "db.Exec",
source_go	Real Go source ownership and AST dependency graph	2026-10-03T16:05:11.9961072Z           "call",
source_go	Real Go source ownership and AST dependency graph	2026-10-03T16:05:11.9961135Z           "expect",
source_go	Real Go source ownership and AST dependency graph	2026-10-03T16:05:11.9961202Z           "getToken",
source_go	Real Go source ownership and AST dependency graph	2026-10-03T16:05:11.9961281Z           "s.codec.Parse",
source_go	Real Go source ownership and AST dependency graph	2026-10-03T16:05:11.9961344Z           "t.Fatal",
source_go	Real Go source ownership and AST dependency graph	2026-10-03T16:05:11.9961405Z           ".Unix",
source_go	Real Go source ownership and AST dependency graph	2026-10-03T16:05:11.9961470Z           "time.Now",
source_go	Real Go source ownership and AST dependency graph	2026-10-03T16:05:11.9961545Z           "s.codec.Sign",
source_go	Real Go source ownership and AST dependency graph	2026-10-03T16:05:11.9961610Z           "t.Fatal",
source_go	Real Go source ownership and AST dependency graph	2026-10-03T16:05:11.9961691Z           "gateway.NewHandler",
source_go	Real Go source ownership and AST dependency graph	2026-10-03T16:05:11.9961759Z           "t.Fatal",
source_go	Real Go source ownership and AST dependency graph	2026-10-03T16:05:11.9961839Z           "httptest.NewServer",
source_go	Real Go source ownership and AST dependency graph	2026-10-03T16:05:11.9961915Z           "server.Close",
source_go	Real Go source ownership and AST dependency graph	2026-10-03T16:05:11.9962018Z           "websocket.DefaultDialer.Dial",
source_go	Real Go source ownership and AST dependency graph	2026-10-03T16:05:11.9962185Z           "strings.TrimPrefix",
source_go	Real Go source ownership and AST dependency graph	2026-10-03T16:05:11.9962247Z           "t.Fatal",
source_go	Real Go source ownership and AST dependency graph	2026-10-03T16:05:11.9962319Z           "conn.Close",
source_go	Real Go source ownership and AST dependency graph	2026-10-03T16:05:11.9962397Z           "conn.WriteJSON",
source_go	Real Go source ownership and AST dependency graph	2026-10-03T16:05:11.9962457Z           "frame",
source_go	Real Go source ownership and AST dependency graph	2026-10-03T16:05:11.9962535Z           "conn.ReadJSON",
source_go	Real Go source ownership and AST dependency graph	2026-10-03T16:05:11.9962599Z           "t.Fatal",
source_go	Real Go source ownership and AST dependency graph	2026-10-03T16:05:11.9962664Z           "t.Fatal",
source_go	Real Go source ownership and AST dependency graph	2026-10-03T16:05:11.9962741Z           "gatewayDB.Close",
source_go	Real Go source ownership and AST dependency graph	2026-10-03T16:05:11.9962830Z           "conn.SetReadDeadline",
source_go	Real Go source ownership and AST dependency graph	2026-10-03T16:05:11.9962889Z           ".Add",
source_go	Real Go source ownership and AST dependency graph	2026-10-03T16:05:11.9962956Z           "time.Now",
source_go	Real Go source ownership and AST dependency graph	2026-10-03T16:05:11.9963034Z           "conn.ReadJSON",
source_go	Real Go source ownership and AST dependency graph	2026-10-03T16:05:11.9963096Z           "t.Fatal",
source_go	Real Go source ownership and AST dependency graph	2026-10-03T16:05:11.9963162Z           "t.Fatalf",
source_go	Real Go source ownership and AST dependency graph	2026-10-03T16:05:11.9963239Z           "conn.ReadJSON",
source_go	Real Go source ownership and AST dependency graph	2026-10-03T16:05:11.9963302Z           "t.Fatal"
source_go	Real Go source ownership and AST dependency graph	2026-10-03T16:05:11.9963351Z         ],
source_go	Real Go source ownership and AST dependency graph	2026-10-03T16:05:11.9963416Z         "strings": [
source_go	Real Go source ownership and AST dependency graph	2026-10-03T16:05:11.9963486Z           "context",
source_go	Real Go source ownership and AST dependency graph	2026-10-03T16:05:11.9963565Z           "net/http/httptest",
source_go	Real Go source ownership and AST dependency graph	2026-10-03T16:05:11.9963626Z           "os",
source_go	Real Go source ownership and AST dependency graph	2026-10-03T16:05:11.9963689Z           "strings",
source_go	Real Go source ownership and AST dependency graph	2026-10-03T16:05:11.9963752Z           "testing",
source_go	Real Go source ownership and AST dependency graph	2026-10-03T16:05:11.9963811Z           "time",
source_go	Real Go source ownership and AST dependency graph	2026-10-03T16:05:11.9963914Z           "github.com/gorilla/websocket",
source_go	Real Go source ownership and AST dependency graph	2026-10-03T16:05:11.9964022Z           "github.com/jackc/pgx/v5/pgxpool",
source_go	Real Go source ownership and AST dependency graph	2026-10-03T16:05:11.9964131Z           "im-platform/backend/go/gateway",
source_go	Real Go source ownership and AST dependency graph	2026-10-03T16:05:11.9964237Z           "im-platform/backend/go/shared",
source_go	Real Go source ownership and AST dependency graph	2026-10-03T16:05:11.9964312Z           "DB_TEST_ENABLE",
source_go	Real Go source ownership and AST dependency graph	2026-10-03T16:05:11.9964371Z           "1",
source_go	Real Go source ownership and AST dependency graph	2026-10-03T16:05:11.9964533Z           "set DB_TEST_ENABLE=1 with migrated disposable PostgreSQL",
source_go	Real Go source ownership and AST dependency graph	2026-10-03T16:05:11.9964589Z           "",
source_go	Real Go source ownership and AST dependency graph	2026-10-03T16:05:11.9964719Z           "test-only-signing-key-at-least-32-bytes",
source_go	Real Go source ownership and AST dependency graph	2026-10-03T16:05:11.9964817Z           "http://localhost:1",
source_go	Real Go source ownership and AST dependency graph	2026-10-03T16:05:11.9964878Z           "ws",
source_go	Real Go source ownership and AST dependency graph	2026-10-03T16:05:11.9964939Z           "http",
source_go	Real Go source ownership and AST dependency graph	2026-10-03T16:05:11.9965003Z           "/v1/ws",
source_go	Real Go source ownership and AST dependency graph	2026-10-03T16:05:11.9965069Z           "REPLACED",
source_go	Real Go source ownership and AST dependency graph	2026-10-03T16:05:11.9965132Z           "LOGOUT",
source_go	Real Go source ownership and AST dependency graph	2026-10-03T16:05:11.9965217Z           "REPLACED_THEN_LOGOUT",
source_go	Real Go source ownership and AST dependency graph	2026-10-03T16:05:11.9965284Z           "fallback",
source_go	Real Go source ownership and AST dependency graph	2026-10-03T16:05:11.9965403Z           "fixture-password-not-a-real-secret",
source_go	Real Go source ownership and AST dependency graph	2026-10-03T16:05:11.9965465Z           "POST",
source_go	Real Go source ownership and AST dependency graph	2026-10-03T16:05:11.9965549Z           "/v1/auth/register",
source_go	Real Go source ownership and AST dependency graph	2026-10-03T16:05:11.9965613Z           "username",
source_go	Real Go source ownership and AST dependency graph	2026-10-03T16:05:11.9965682Z           "password",
source_go	Real Go source ownership and AST dependency graph	2026-10-03T16:05:11.9965753Z           "displayName",
source_go	Real Go source ownership and AST dependency graph	2026-10-03T16:05:11.9965818Z           "Fallback",
source_go	Real Go source ownership and AST dependency graph	2026-10-03T16:05:11.9965871Z           "",
source_go	Real Go source ownership and AST dependency graph	2026-10-03T16:05:11.9965931Z           "user",
source_go	Real Go source ownership and AST dependency graph	2026-10-03T16:05:11.9965994Z           "userId",
source_go	Real Go source ownership and AST dependency graph	2026-10-03T16:05:11.9966597Z           "DELETE FROM outbox_events WHERE aggregate_type='session' AND aggregate_id IN (SELECT (payload->>'sessionId')::uuid FROM user_sync_events WHERE user_id=$1 AND event_type='session.revoked')",
source_go	Real Go source ownership and AST dependency graph	2026-10-03T16:05:11.9966736Z           "DELETE FROM user_sync_events WHERE user_id=$1",
source_go	Real Go source ownership and AST dependency graph	2026-10-03T16:05:11.9966852Z           "DELETE FROM sessions WHERE user_id=$1",
source_go	Real Go source ownership and AST dependency graph	2026-10-03T16:05:11.9966964Z           "DELETE FROM users WHERE user_id=$1",
source_go	Real Go source ownership and AST dependency graph	2026-10-03T16:05:11.9967024Z           "POST",
source_go	Real Go source ownership and AST dependency graph	2026-10-03T16:05:11.9967102Z           "/v1/auth/login",
source_go	Real Go source ownership and AST dependency graph	2026-10-03T16:05:11.9967170Z           "username",
source_go	Real Go source ownership and AST dependency graph	2026-10-03T16:05:11.9967237Z           "password",
source_go	Real Go source ownership and AST dependency graph	2026-10-03T16:05:11.9967308Z           "clientType",
source_go	Real Go source ownership and AST dependency graph	2026-10-03T16:05:11.9967366Z           "WEB",
source_go	Real Go source ownership and AST dependency graph	2026-10-03T16:05:11.9967433Z           "deviceId",
source_go	Real Go source ownership and AST dependency graph	2026-10-03T16:05:11.9967508Z           "clientVersion",
source_go	Real Go source ownership and AST dependency graph	2026-10-03T16:05:11.9967571Z           "1.0.0",
source_go	Real Go source ownership and AST dependency graph	2026-10-03T16:05:11.9967657Z           "protocolVersion",
source_go	Real Go source ownership and AST dependency graph	2026-10-03T16:05:11.9967716Z           "1",
source_go	Real Go source ownership and AST dependency graph	2026-10-03T16:05:11.9967774Z           "",
source_go	Real Go source ownership and AST dependency graph	2026-10-03T16:05:11.9967853Z           "fallback-first",
source_go	Real Go source ownership and AST dependency graph	2026-10-03T16:05:11.9967925Z           "sessionId",
source_go	Real Go source ownership and AST dependency graph	2026-10-03T16:05:11.9968065Z           "auth.bind",
source_go	Real Go source ownership and AST dependency graph	2026-10-03T16:05:11.9968173Z           "80000000-0000-4000-8000-000000000020",
source_go	Real Go source ownership and AST dependency graph	2026-10-03T16:05:11.9968247Z           "accessToken",
source_go	Real Go source ownership and AST dependency graph	2026-10-03T16:05:11.9968316Z           "payload",
source_go	Real Go source ownership and AST dependency graph	2026-10-03T16:05:11.9968380Z           "status",
source_go	Real Go source ownership and AST dependency graph	2026-10-03T16:05:11.9968442Z           "bound",
source_go	Real Go source ownership and AST dependency graph	2026-10-03T16:05:11.9968511Z           "bind: %v",
source_go	Real Go source ownership and AST dependency graph	2026-10-03T16:05:11.9968577Z           "REPLACED",
source_go	Real Go source ownership and AST dependency graph	2026-10-03T16:05:11.9968666Z           "fallback-replacement",
source_go	Real Go source ownership and AST dependency graph	2026-10-03T16:05:11.9968750Z           "REPLACED_THEN_LOGOUT",
source_go	Real Go source ownership and AST dependency graph	2026-10-03T16:05:11.9968897Z           "POST",
source_go	Real Go source ownership and AST dependency graph	2026-10-03T16:05:11.9968976Z           "/v1/auth/logout",
source_go	Real Go source ownership and AST dependency graph	2026-10-03T16:05:11.9969044Z           "REPLACED",
source_go	Real Go source ownership and AST dependency graph	2026-10-03T16:05:11.9969105Z           "POST",
source_go	Real Go source ownership and AST dependency graph	2026-10-03T16:05:11.9969182Z           "/v1/auth/logout",
source_go	Real Go source ownership and AST dependency graph	2026-10-03T16:05:11.9969547Z           "SELECT payload->>'reason' FROM user_sync_events WHERE user_id=$1 AND event_type='session.revoked' AND payload->>'sessionId'=$2",
source_go	Real Go source ownership and AST dependency graph	2026-10-03T16:05:11.9969653Z           "Core committed reason %q: %v",
source_go	Real Go source ownership and AST dependency graph	2026-10-03T16:05:11.9969726Z           "payload",
source_go	Real Go source ownership and AST dependency graph	2026-10-03T16:05:11.9969785Z           "type",
source_go	Real Go source ownership and AST dependency graph	2026-10-03T16:05:11.9969867Z           "session.revoked",
source_go	Real Go source ownership and AST dependency graph	2026-10-03T16:05:11.9969938Z           "sessionId",
source_go	Real Go source ownership and AST dependency graph	2026-10-03T16:05:11.9970000Z           "reason",
source_go	Real Go source ownership and AST dependency graph	2026-10-03T16:05:11.9970111Z           "fallback reason: got %v want %s",
source_go	Real Go source ownership and AST dependency graph	2026-10-03T16:05:11.9970214Z           "revoked socket remained open",
source_go	Real Go source ownership and AST dependency graph	2026-10-03T16:05:11.9970283Z           "auth.bind",
source_go	Real Go source ownership and AST dependency graph	2026-10-03T16:05:11.9970391Z           "80000000-0000-4000-8000-000000000021",
source_go	Real Go source ownership and AST dependency graph	2026-10-03T16:05:11.9970466Z           "accessToken",
source_go	Real Go source ownership and AST dependency graph	2026-10-03T16:05:11.9970534Z           "payload",
source_go	Real Go source ownership and AST dependency graph	2026-10-03T16:05:11.9970596Z           "status",
source_go	Real Go source ownership and AST dependency graph	2026-10-03T16:05:11.9970663Z           "rejected",
source_go	Real Go source ownership and AST dependency graph	2026-10-03T16:05:11.9970756Z           "old credential rebound",
source_go	Real Go source ownership and AST dependency graph	2026-10-03T16:05:11.9970834Z           "DB_TEST_ENABLE",
source_go	Real Go source ownership and AST dependency graph	2026-10-03T16:05:11.9970890Z           "1",
source_go	Real Go source ownership and AST dependency graph	2026-10-03T16:05:11.9971056Z           "set DB_TEST_ENABLE=1 with migrated disposable PostgreSQL",
source_go	Real Go source ownership and AST dependency graph	2026-10-03T16:05:11.9971121Z           "expiry",
source_go	Real Go source ownership and AST dependency graph	2026-10-03T16:05:11.9971188Z           "database",
source_go	Real Go source ownership and AST dependency graph	2026-10-03T16:05:11.9971243Z           "",
source_go	Real Go source ownership and AST dependency graph	2026-10-03T16:05:11.9971298Z           "",
source_go	Real Go source ownership and AST dependency graph	2026-10-03T16:05:11.9971429Z           "test-only-signing-key-at-least-32-bytes",
source_go	Real Go source ownership and AST dependency graph	2026-10-03T16:05:11.9971499Z           "failclose",
source_go	Real Go source ownership and AST dependency graph	2026-10-03T16:05:11.9971620Z           "fixture-password-not-a-real-secret",
source_go	Real Go source ownership and AST dependency graph	2026-10-03T16:05:11.9971681Z           "POST",
source_go	Real Go source ownership and AST dependency graph	2026-10-03T16:05:11.9971762Z           "/v1/auth/register",
source_go	Real Go source ownership and AST dependency graph	2026-10-03T16:05:11.9971829Z           "username",
source_go	Real Go source ownership and AST dependency graph	2026-10-03T16:05:11.9971897Z           "password",
source_go	Real Go source ownership and AST dependency graph	2026-10-03T16:05:11.9971971Z           "displayName",
source_go	Real Go source ownership and AST dependency graph	2026-10-03T16:05:11.9972048Z           "Close control",
source_go	Real Go source ownership and AST dependency graph	2026-10-03T16:05:11.9972106Z           "",
source_go	Real Go source ownership and AST dependency graph	2026-10-03T16:05:11.9972165Z           "user",
source_go	Real Go source ownership and AST dependency graph	2026-10-03T16:05:11.9972227Z           "userId",
source_go	Real Go source ownership and AST dependency graph	2026-10-03T16:05:11.9972436Z           "DELETE FROM sessions WHERE user_id=$1",
source_go	Real Go source ownership and AST dependency graph	2026-10-03T16:05:11.9972545Z           "DELETE FROM users WHERE user_id=$1",
source_go	Real Go source ownership and AST dependency graph	2026-10-03T16:05:11.9972608Z           "POST",
source_go	Real Go source ownership and AST dependency graph	2026-10-03T16:05:11.9972683Z           "/v1/auth/login",
source_go	Real Go source ownership and AST dependency graph	2026-10-03T16:05:11.9972753Z           "username",
source_go	Real Go source ownership and AST dependency graph	2026-10-03T16:05:11.9972819Z           "password",
source_go	Real Go source ownership and AST dependency graph	2026-10-03T16:05:11.9972891Z           "clientType",
source_go	Real Go source ownership and AST dependency graph	2026-10-03T16:05:11.9972949Z           "WEB",
source_go	Real Go source ownership and AST dependency graph	2026-10-03T16:05:11.9973016Z           "deviceId",
source_go	Real Go source ownership and AST dependency graph	2026-10-03T16:05:11.9973084Z           "control",
source_go	Real Go source ownership and AST dependency graph	2026-10-03T16:05:11.9973158Z           "clientVersion",
source_go	Real Go source ownership and AST dependency graph	2026-10-03T16:05:11.9973221Z           "1.0.0",
source_go	Real Go source ownership and AST dependency graph	2026-10-03T16:05:11.9973305Z           "protocolVersion",
source_go	Real Go source ownership and AST dependency graph	2026-10-03T16:05:11.9973362Z           "1",
source_go	Real Go source ownership and AST dependency graph	2026-10-03T16:05:11.9973418Z           "",
source_go	Real Go source ownership and AST dependency graph	2026-10-03T16:05:11.9973481Z           "expiry",
source_go	Real Go source ownership and AST dependency graph	2026-10-03T16:05:11.9973570Z           "http://localhost:1",
source_go	Real Go source ownership and AST dependency graph	2026-10-03T16:05:11.9973629Z           "ws",
source_go	Real Go source ownership and AST dependency graph	2026-10-03T16:05:11.9973690Z           "http",
source_go	Real Go source ownership and AST dependency graph	2026-10-03T16:05:11.9973756Z           "/v1/ws",
source_go	Real Go source ownership and AST dependency graph	2026-10-03T16:05:11.9973825Z           "auth.bind",
source_go	Real Go source ownership and AST dependency graph	2026-10-03T16:05:11.9973929Z           "80000000-0000-4000-8000-000000000022",
source_go	Real Go source ownership and AST dependency graph	2026-10-03T16:05:11.9974085Z           "accessToken",
source_go	Real Go source ownership and AST dependency graph	2026-10-03T16:05:11.9974151Z           "payload",
source_go	Real Go source ownership and AST dependency graph	2026-10-03T16:05:11.9974213Z           "status",
source_go	Real Go source ownership and AST dependency graph	2026-10-03T16:05:11.9974274Z           "bound",
source_go	Real Go source ownership and AST dependency graph	2026-10-03T16:05:11.9974346Z           "bind failed",
source_go	Real Go source ownership and AST dependency graph	2026-10-03T16:05:11.9974413Z           "database",
source_go	Real Go source ownership and AST dependency graph	2026-10-03T16:05:11.9974473Z           "type",
source_go	Real Go source ownership and AST dependency graph	2026-10-03T16:05:11.9974557Z           "session.revoked",
source_go	Real Go source ownership and AST dependency graph	2026-10-03T16:05:11.9974623Z           "payload",
source_go	Real Go source ownership and AST dependency graph	2026-10-03T16:05:11.9974691Z           "reason",
source_go	Real Go source ownership and AST dependency graph	2026-10-03T16:05:11.9974754Z           "REVOKED",
source_go	Real Go source ownership and AST dependency graph	2026-10-03T16:05:11.9974841Z           "unsafe cause %s: %v",
source_go	Real Go source ownership and AST dependency graph	2026-10-03T16:05:11.9974945Z           "unsafe socket remained open"
source_go	Real Go source ownership and AST dependency graph	2026-10-03T16:05:11.9974996Z         ]
source_go	Real Go source ownership and AST dependency graph	2026-10-03T16:05:11.9975046Z       },
source_go	Real Go source ownership and AST dependency graph	2026-10-03T16:05:11.9975093Z       {
source_go	Real Go source ownership and AST dependency graph	2026-10-03T16:05:11.9975189Z         "path": "tests/runtime_test.go",
source_go	Real Go source ownership and AST dependency graph	2026-10-03T16:05:11.9975266Z         "package": "tests",
source_go	Real Go source ownership and AST dependency graph	2026-10-03T16:05:11.9975334Z         "imports": [
source_go	Real Go source ownership and AST dependency graph	2026-10-03T16:05:11.9975409Z           "encoding/json",
source_go	Real Go source ownership and AST dependency graph	2026-10-03T16:05:11.9975525Z           "github.com/jackc/pgx/v5/pgxpool",
source_go	Real Go source ownership and AST dependency graph	2026-10-03T16:05:11.9975628Z           "github.com/nats-io/nats.go",
source_go	Real Go source ownership and AST dependency graph	2026-10-03T16:05:11.9975756Z           "im-platform/backend/go/core",
source_go	Real Go source ownership and AST dependency graph	2026-10-03T16:05:11.9975864Z           "im-platform/backend/go/gateway",
source_go	Real Go source ownership and AST dependency graph	2026-10-03T16:05:11.9975968Z           "im-platform/backend/go/shared",
source_go	Real Go source ownership and AST dependency graph	2026-10-03T16:05:11.9976038Z           "net/http",
source_go	Real Go source ownership and AST dependency graph	2026-10-03T16:05:11.9976098Z           "os",
source_go	Real Go source ownership and AST dependency graph	2026-10-03T16:05:11.9976163Z           "regexp",
source_go	Real Go source ownership and AST dependency graph	2026-10-03T16:05:11.9976229Z           "testing",
source_go	Real Go source ownership and AST dependency graph	2026-10-03T16:05:11.9976286Z           "time"
source_go	Real Go source ownership and AST dependency graph	2026-10-03T16:05:11.9976338Z         ],
source_go	Real Go source ownership and AST dependency graph	2026-10-03T16:05:11.9976405Z         "functions": [
source_go	Real Go source ownership and AST dependency graph	2026-10-03T16:05:11.9976476Z           "newService",
source_go	Real Go source ownership and AST dependency graph	2026-10-03T16:05:11.9976541Z           "testNATS",
source_go	Real Go source ownership and AST dependency graph	2026-10-03T16:05:11.9976615Z           "newGateway",
source_go	Real Go source ownership and AST dependency graph	2026-10-03T16:05:11.9976700Z           "publishRevocation",
source_go	Real Go source ownership and AST dependency graph	2026-10-03T16:05:11.9976775Z           "publishEvent",
source_go	Real Go source ownership and AST dependency graph	2026-10-03T16:05:11.9976838Z           "frame",
source_go	Real Go source ownership and AST dependency graph	2026-10-03T16:05:11.9976904Z           "validUUID"
source_go	Real Go source ownership and AST dependency graph	2026-10-03T16:05:11.9976955Z         ],
source_go	Real Go source ownership and AST dependency graph	2026-10-03T16:05:11.9977014Z         "types": [
source_go	Real Go source ownership and AST dependency graph	2026-10-03T16:05:11.9977085Z           "testService"
source_go	Real Go source ownership and AST dependency graph	2026-10-03T16:05:11.9977134Z         ],
source_go	Real Go source ownership and AST dependency graph	2026-10-03T16:05:11.9977195Z         "calls": [
source_go	Real Go source ownership and AST dependency graph	2026-10-03T16:05:11.9977274Z           "core.NewHandler",
source_go	Real Go source ownership and AST dependency graph	2026-10-03T16:05:11.9977341Z           "t.Helper",
source_go	Real Go source ownership and AST dependency graph	2026-10-03T16:05:11.9977412Z           "os.Getenv",
source_go	Real Go source ownership and AST dependency graph	2026-10-03T16:05:11.9977486Z           "nats.Connect",
source_go	Real Go source ownership and AST dependency graph	2026-10-03T16:05:11.9977551Z           "t.Fatal",
source_go	Real Go source ownership and AST dependency graph	2026-10-03T16:05:11.9977618Z           "t.Cleanup",
source_go	Real Go source ownership and AST dependency graph	2026-10-03T16:05:11.9977685Z           "t.Helper",
source_go	Real Go source ownership and AST dependency graph	2026-10-03T16:05:11.9977750Z           "testNATS",
source_go	Real Go source ownership and AST dependency graph	2026-10-03T16:05:11.9977834Z           "gateway.NewHandler",
source_go	Real Go source ownership and AST dependency graph	2026-10-03T16:05:11.9977897Z           "t.Fatal",
source_go	Real Go source ownership and AST dependency graph	2026-10-03T16:05:11.9978029Z           "t.Helper",
source_go	Real Go source ownership and AST dependency graph	2026-10-03T16:05:11.9978106Z           "json.Marshal",
source_go	Real Go source ownership and AST dependency graph	2026-10-03T16:05:11.9978175Z           "nc.Publish",
source_go	Real Go source ownership and AST dependency graph	2026-10-03T16:05:11.9978241Z           "t.Fatal",
source_go	Real Go source ownership and AST dependency graph	2026-10-03T16:05:11.9978308Z           "nc.Flush",
source_go	Real Go source ownership and AST dependency graph	2026-10-03T16:05:11.9978374Z           "t.Fatal",
source_go	Real Go source ownership and AST dependency graph	2026-10-03T16:05:11.9978459Z           "publishRevocation",
source_go	Real Go source ownership and AST dependency graph	2026-10-03T16:05:11.9978527Z           "testNATS",
source_go	Real Go source ownership and AST dependency graph	2026-10-03T16:05:11.9978603Z           ".MatchString",
source_go	Real Go source ownership and AST dependency graph	2026-10-03T16:05:11.9978687Z           "regexp.MustCompile"
source_go	Real Go source ownership and AST dependency graph	2026-10-03T16:05:11.9978738Z         ],
source_go	Real Go source ownership and AST dependency graph	2026-10-03T16:05:11.9978873Z         "strings": [
source_go	Real Go source ownership and AST dependency graph	2026-10-03T16:05:11.9978951Z           "encoding/json",
source_go	Real Go source ownership and AST dependency graph	2026-10-03T16:05:11.9979059Z           "github.com/jackc/pgx/v5/pgxpool",
source_go	Real Go source ownership and AST dependency graph	2026-10-03T16:05:11.9979161Z           "github.com/nats-io/nats.go",
source_go	Real Go source ownership and AST dependency graph	2026-10-03T16:05:11.9979263Z           "im-platform/backend/go/core",
source_go	Real Go source ownership and AST dependency graph	2026-10-03T16:05:11.9979369Z           "im-platform/backend/go/gateway",
source_go	Real Go source ownership and AST dependency graph	2026-10-03T16:05:11.9979475Z           "im-platform/backend/go/shared",
source_go	Real Go source ownership and AST dependency graph	2026-10-03T16:05:11.9979544Z           "net/http",
source_go	Real Go source ownership and AST dependency graph	2026-10-03T16:05:11.9979604Z           "os",
source_go	Real Go source ownership and AST dependency graph	2026-10-03T16:05:11.9979666Z           "regexp",
source_go	Real Go source ownership and AST dependency graph	2026-10-03T16:05:11.9979731Z           "testing",
source_go	Real Go source ownership and AST dependency graph	2026-10-03T16:05:11.9979878Z           "time",
source_go	Real Go source ownership and AST dependency graph	2026-10-03T16:05:11.9979946Z           "NATS_URL",
source_go	Real Go source ownership and AST dependency graph	2026-10-03T16:05:11.9980002Z           "",
source_go	Real Go source ownership and AST dependency graph	2026-10-03T16:05:11.9980092Z           "nats://127.0.0.1:4222",
source_go	Real Go source ownership and AST dependency graph	2026-10-03T16:05:11.9980180Z           "http://localhost:1",
source_go	Real Go source ownership and AST dependency graph	2026-10-03T16:05:11.9980249Z           "sessionId",
source_go	Real Go source ownership and AST dependency graph	2026-10-03T16:05:11.9980313Z           "reason",
source_go	Real Go source ownership and AST dependency graph	2026-10-03T16:05:11.9980395Z           "session.revoked",
source_go	Real Go source ownership and AST dependency graph	2026-10-03T16:05:11.9980480Z           "protocolVersion",
source_go	Real Go source ownership and AST dependency graph	2026-10-03T16:05:11.9980540Z           "1.0",
source_go	Real Go source ownership and AST dependency graph	2026-10-03T16:05:11.9980605Z           "type",
source_go	Real Go source ownership and AST dependency graph	2026-10-03T16:05:11.9980673Z           "requestId",
source_go	Real Go source ownership and AST dependency graph	2026-10-03T16:05:11.9980738Z           "payload",
source_go	Real Go source ownership and AST dependency graph	2026-10-03T16:05:11.9980945Z           "^[0-9a-fA-F]{8}-[0-9a-fA-F]{4}-[0-9a-fA-F]{4}-[0-9a-fA-F]{4}-[0-9a-fA-F]{12}$"
source_go	Real Go source ownership and AST dependency graph	2026-10-03T16:05:11.9980995Z         ]
source_go	Real Go source ownership and AST dependency graph	2026-10-03T16:05:11.9981046Z       },
source_go	Real Go source ownership and AST dependency graph	2026-10-03T16:05:11.9981092Z       {
source_go	Real Go source ownership and AST dependency graph	2026-10-03T16:05:11.9981186Z         "path": "tests/social_test.go",
source_go	Real Go source ownership and AST dependency graph	2026-10-03T16:05:11.9981260Z         "package": "tests",
source_go	Real Go source ownership and AST dependency graph	2026-10-03T16:05:11.9981326Z         "imports": [
source_go	Real Go source ownership and AST dependency graph	2026-10-03T16:05:11.9981393Z           "context",
source_go	Real Go source ownership and AST dependency graph	2026-10-03T16:05:11.9981469Z           "encoding/json",
source_go	Real Go source ownership and AST dependency graph	2026-10-03T16:05:11.9981529Z           "fmt",
source_go	Real Go source ownership and AST dependency graph	2026-10-03T16:05:11.9981632Z           "im-platform/backend/go/shared",
source_go	Real Go source ownership and AST dependency graph	2026-10-03T16:05:11.9981716Z           "net/http/httptest",
source_go	Real Go source ownership and AST dependency graph	2026-10-03T16:05:11.9981773Z           "os",
source_go	Real Go source ownership and AST dependency graph	2026-10-03T16:05:11.9981839Z           "strings",
source_go	Real Go source ownership and AST dependency graph	2026-10-03T16:05:11.9981899Z           "sync",
source_go	Real Go source ownership and AST dependency graph	2026-10-03T16:05:11.9981962Z           "testing",
source_go	Real Go source ownership and AST dependency graph	2026-10-03T16:05:11.9982022Z           "time",
source_go	Real Go source ownership and AST dependency graph	2026-10-03T16:05:11.9982127Z           "github.com/jackc/pgx/v5/pgxpool"
source_go	Real Go source ownership and AST dependency graph	2026-10-03T16:05:11.9982178Z         ],
source_go	Real Go source ownership and AST dependency graph	2026-10-03T16:05:11.9982244Z         "functions": [
source_go	Real Go source ownership and AST dependency graph	2026-10-03T16:05:11.9982323Z           "socialDatabase",
source_go	Real Go source ownership and AST dependency graph	2026-10-03T16:05:11.9982396Z           "socialUser",
source_go	Real Go source ownership and AST dependency graph	2026-10-03T16:05:11.9982486Z           "cleanupSocialUsers",
source_go	Real Go source ownership and AST dependency graph	2026-10-03T16:05:11.9982563Z           "socialCount",
source_go	Real Go source ownership and AST dependency graph	2026-10-03T16:05:11.9982697Z           "TestCanonicalSocialFixturesAndAtomicity",
source_go	Real Go source ownership and AST dependency graph	2026-10-03T16:05:11.9982809Z           "TestConcurrentReverseFriendAdd",
source_go	Real Go source ownership and AST dependency graph	2026-10-03T16:05:11.9982916Z           "TestSocialLoop1Applicability",
source_go	Real Go source ownership and AST dependency graph	2026-10-03T16:05:11.9983071Z           "TestSocialMutationRechecksSessionAfterUserLock"
source_go	Real Go source ownership and AST dependency graph	2026-10-03T16:05:11.9983122Z         ],
source_go	Real Go source ownership and AST dependency graph	2026-10-03T16:05:11.9983189Z         "types": null,
source_go	Real Go source ownership and AST dependency graph	2026-10-03T16:05:11.9983249Z         "calls": [
source_go	Real Go source ownership and AST dependency graph	2026-10-03T16:05:11.9983315Z           "t.Helper",
source_go	Real Go source ownership and AST dependency graph	2026-10-03T16:05:11.9983385Z           "os.Getenv",
source_go	Real Go source ownership and AST dependency graph	2026-10-03T16:05:11.9983448Z           "t.Skip",
source_go	Real Go source ownership and AST dependency graph	2026-10-03T16:05:11.9983539Z           "context.Background",
source_go	Real Go source ownership and AST dependency graph	2026-10-03T16:05:11.9983613Z           "pgxpool.New",
source_go	Real Go source ownership and AST dependency graph	2026-10-03T16:05:11.9983678Z           "t.Fatal",
source_go	Real Go source ownership and AST dependency graph	2026-10-03T16:05:11.9983746Z           "t.Cleanup",
source_go	Real Go source ownership and AST dependency graph	2026-10-03T16:05:11.9983811Z           "db.Ping",
source_go	Real Go source ownership and AST dependency graph	2026-10-03T16:05:11.9983963Z           "t.Fatal",
source_go	Real Go source ownership and AST dependency graph	2026-10-03T16:05:11.9984032Z           "newService",
source_go	Real Go source ownership and AST dependency graph	2026-10-03T16:05:11.9984088Z           "",
source_go	Real Go source ownership and AST dependency graph	2026-10-03T16:05:11.9984153Z           "t.Helper",
source_go	Real Go source ownership and AST dependency graph	2026-10-03T16:05:11.9984244Z           "shared.RandomToken",
source_go	Real Go source ownership and AST dependency graph	2026-10-03T16:05:11.9984324Z           "strings.ToLower",
source_go	Real Go source ownership and AST dependency graph	2026-10-03T16:05:11.9984385Z           "call",
source_go	Real Go source ownership and AST dependency graph	2026-10-03T16:05:11.9984450Z           "expect",
source_go	Real Go source ownership and AST dependency graph	2026-10-03T16:05:11.9984519Z           "readResult",
source_go	Real Go source ownership and AST dependency graph	2026-10-03T16:05:11.9984580Z           "call",
source_go	Real Go source ownership and AST dependency graph	2026-10-03T16:05:11.9984641Z           "expect",
source_go	Real Go source ownership and AST dependency graph	2026-10-03T16:05:11.9984710Z           "getToken",
source_go	Real Go source ownership and AST dependency graph	2026-10-03T16:05:11.9984776Z           "t.Helper",
source_go	Real Go source ownership and AST dependency graph	2026-10-03T16:05:11.9984845Z           "t.Cleanup",
source_go	Real Go source ownership and AST dependency graph	2026-10-03T16:05:11.9984929Z           "context.Background",
source_go	Real Go source ownership and AST dependency graph	2026-10-03T16:05:11.9984994Z           "db.Exec",
source_go	Real Go source ownership and AST dependency graph	2026-10-03T16:05:11.9985059Z           "db.Exec",
source_go	Real Go source ownership and AST dependency graph	2026-10-03T16:05:11.9985123Z           "db.Exec",
source_go	Real Go source ownership and AST dependency graph	2026-10-03T16:05:11.9985188Z           "db.Exec",
source_go	Real Go source ownership and AST dependency graph	2026-10-03T16:05:11.9985250Z           "db.Exec",
source_go	Real Go source ownership and AST dependency graph	2026-10-03T16:05:11.9985320Z           "db.Exec",
source_go	Real Go source ownership and AST dependency graph	2026-10-03T16:05:11.9985382Z           "db.Exec",
source_go	Real Go source ownership and AST dependency graph	2026-10-03T16:05:11.9985446Z           "db.Exec",
source_go	Real Go source ownership and AST dependency graph	2026-10-03T16:05:11.9985511Z           "t.Helper",
source_go	Real Go source ownership and AST dependency graph	2026-10-03T16:05:11.9985633Z           ".Scan",
source_go	Real Go source ownership and AST dependency graph	2026-10-03T16:05:11.9985709Z           "db.QueryRow",
source_go	Real Go source ownership and AST dependency graph	2026-10-03T16:05:11.9985794Z           "context.Background",
source_go	Real Go source ownership and AST dependency graph	2026-10-03T16:05:11.9985860Z           "t.Fatal",
source_go	Real Go source ownership and AST dependency graph	2026-10-03T16:05:11.9985937Z           "socialDatabase",
source_go	Real Go source ownership and AST dependency graph	2026-10-03T16:05:11.9986011Z           "socialUser",
source_go	Real Go source ownership and AST dependency graph	2026-10-03T16:05:11.9986083Z           "socialUser",
source_go	Real Go source ownership and AST dependency graph	2026-10-03T16:05:11.9986168Z           "cleanupSocialUsers",
source_go	Real Go source ownership and AST dependency graph	2026-10-03T16:05:11.9986241Z           "readFixture",
source_go	Real Go source ownership and AST dependency graph	2026-10-03T16:05:11.9986311Z           "readFixture",
source_go	Real Go source ownership and AST dependency graph	2026-10-03T16:05:11.9986401Z           "newFixtureNormalizer",
source_go	Real Go source ownership and AST dependency graph	2026-10-03T16:05:11.9986464Z           "fixture",
source_go	Real Go source ownership and AST dependency graph	2026-10-03T16:05:11.9986525Z           "call",
source_go	Real Go source ownership and AST dependency graph	2026-10-03T16:05:11.9986587Z           "expect",
source_go	Real Go source ownership and AST dependency graph	2026-10-03T16:05:11.9986652Z           "n.check",
source_go	Real Go source ownership and AST dependency graph	2026-10-03T16:05:11.9986723Z           "readResult",
source_go	Real Go source ownership and AST dependency graph	2026-10-03T16:05:11.9986786Z           "call",
source_go	Real Go source ownership and AST dependency graph	2026-10-03T16:05:11.9986852Z           "expect",
source_go	Real Go source ownership and AST dependency graph	2026-10-03T16:05:11.9986915Z           "n.check",
source_go	Real Go source ownership and AST dependency graph	2026-10-03T16:05:11.9986988Z           "readResult",
source_go	Real Go source ownership and AST dependency graph	2026-10-03T16:05:11.9987062Z           "readResult",
source_go	Real Go source ownership and AST dependency graph	2026-10-03T16:05:11.9987138Z           "socialCount",
source_go	Real Go source ownership and AST dependency graph	2026-10-03T16:05:11.9987211Z           "socialCount",
source_go	Real Go source ownership and AST dependency graph	2026-10-03T16:05:11.9987286Z           "socialCount",
source_go	Real Go source ownership and AST dependency graph	2026-10-03T16:05:11.9987350Z           "t.Fatal",
source_go	Real Go source ownership and AST dependency graph	2026-10-03T16:05:11.9987426Z           "socialCount",
source_go	Real Go source ownership and AST dependency graph	2026-10-03T16:05:11.9987500Z           "socialCount",
source_go	Real Go source ownership and AST dependency graph	2026-10-03T16:05:11.9987564Z           "t.Fatal",
source_go	Real Go source ownership and AST dependency graph	2026-10-03T16:05:11.9987625Z           "call",
source_go	Real Go source ownership and AST dependency graph	2026-10-03T16:05:11.9987687Z           "expect",
source_go	Real Go source ownership and AST dependency graph	2026-10-03T16:05:11.9987756Z           "readResult",
source_go	Real Go source ownership and AST dependency graph	2026-10-03T16:05:11.9987814Z           "len",
source_go	Real Go source ownership and AST dependency graph	2026-10-03T16:05:11.9987881Z           "t.Fatalf",
source_go	Real Go source ownership and AST dependency graph	2026-10-03T16:05:11.9987941Z           "t.Run",
source_go	Real Go source ownership and AST dependency graph	2026-10-03T16:05:11.9988005Z           "fixture",
source_go	Real Go source ownership and AST dependency graph	2026-10-03T16:05:11.9988066Z           "call",
source_go	Real Go source ownership and AST dependency graph	2026-10-03T16:05:11.9988130Z           "expect",
source_go	Real Go source ownership and AST dependency graph	2026-10-03T16:05:11.9988194Z           "n.check",
source_go	Real Go source ownership and AST dependency graph	2026-10-03T16:05:11.9988262Z           "readResult",
source_go	Real Go source ownership and AST dependency graph	2026-10-03T16:05:11.9988327Z           "db.Exec",
source_go	Real Go source ownership and AST dependency graph	2026-10-03T16:05:11.9988413Z           "context.Background",
source_go	Real Go source ownership and AST dependency graph	2026-10-03T16:05:11.9988477Z           "t.Fatal",
source_go	Real Go source ownership and AST dependency graph	2026-10-03T16:05:11.9988541Z           "fixture",
source_go	Real Go source ownership and AST dependency graph	2026-10-03T16:05:11.9988600Z           "call",
source_go	Real Go source ownership and AST dependency graph	2026-10-03T16:05:11.9988664Z           "expect",
source_go	Real Go source ownership and AST dependency graph	2026-10-03T16:05:11.9988727Z           "n.check",
source_go	Real Go source ownership and AST dependency graph	2026-10-03T16:05:11.9988872Z           "readResult",
source_go	Real Go source ownership and AST dependency graph	2026-10-03T16:05:11.9988946Z           "socialCount",
source_go	Real Go source ownership and AST dependency graph	2026-10-03T16:05:11.9989011Z           "t.Fatal",
source_go	Real Go source ownership and AST dependency graph	2026-10-03T16:05:11.9989089Z           "socialDatabase",
source_go	Real Go source ownership and AST dependency graph	2026-10-03T16:05:11.9989162Z           "socialUser",
source_go	Real Go source ownership and AST dependency graph	2026-10-03T16:05:11.9989236Z           "socialUser",
source_go	Real Go source ownership and AST dependency graph	2026-10-03T16:05:11.9989320Z           "cleanupSocialUsers",
source_go	Real Go source ownership and AST dependency graph	2026-10-03T16:05:11.9989380Z           "make",
source_go	Real Go source ownership and AST dependency graph	2026-10-03T16:05:11.9989442Z           "wg.Add",
source_go	Real Go source ownership and AST dependency graph	2026-10-03T16:05:11.9989589Z           "",
source_go	Real Go source ownership and AST dependency graph	2026-10-03T16:05:11.9989654Z           "wg.Done",
source_go	Real Go source ownership and AST dependency graph	2026-10-03T16:05:11.9989715Z           "call",
source_go	Real Go source ownership and AST dependency graph	2026-10-03T16:05:11.9989777Z           "wg.Wait",
source_go	Real Go source ownership and AST dependency graph	2026-10-03T16:05:11.9989841Z           "close",
source_go	Real Go source ownership and AST dependency graph	2026-10-03T16:05:11.9989909Z           "t.Fatalf",
source_go	Real Go source ownership and AST dependency graph	2026-10-03T16:05:11.9989987Z           "r.Body.String",
source_go	Real Go source ownership and AST dependency graph	2026-10-03T16:05:11.9990058Z           "readResult",
source_go	Real Go source ownership and AST dependency graph	2026-10-03T16:05:11.9990122Z           "t.Fatalf",
source_go	Real Go source ownership and AST dependency graph	2026-10-03T16:05:11.9990188Z           "t.Fatalf",
source_go	Real Go source ownership and AST dependency graph	2026-10-03T16:05:11.9990261Z           "socialCount",
source_go	Real Go source ownership and AST dependency graph	2026-10-03T16:05:11.9990336Z           "socialCount",
source_go	Real Go source ownership and AST dependency graph	2026-10-03T16:05:11.9990408Z           "socialCount",
source_go	Real Go source ownership and AST dependency graph	2026-10-03T16:05:11.9990473Z           "t.Fatal",
source_go	Real Go source ownership and AST dependency graph	2026-10-03T16:05:11.9990547Z           "fmt.Sprintf",
source_go	Real Go source ownership and AST dependency graph	2026-10-03T16:05:11.9990619Z           "os.ReadFile",
source_go	Real Go source ownership and AST dependency graph	2026-10-03T16:05:11.9990687Z           "t.Fatal",
source_go	Real Go source ownership and AST dependency graph	2026-10-03T16:05:11.9990766Z           "json.Unmarshal",
source_go	Real Go source ownership and AST dependency graph	2026-10-03T16:05:11.9990831Z           "t.Fatal",
source_go	Real Go source ownership and AST dependency graph	2026-10-03T16:05:11.9990889Z           "len",
source_go	Real Go source ownership and AST dependency graph	2026-10-03T16:05:11.9990961Z           "t.Fatal",
source_go	Real Go source ownership and AST dependency graph	2026-10-03T16:05:11.9991028Z           "t.Fatal",
source_go	Real Go source ownership and AST dependency graph	2026-10-03T16:05:11.9991093Z           "fixture",
source_go	Real Go source ownership and AST dependency graph	2026-10-03T16:05:11.9991168Z           "readFixture",
source_go	Real Go source ownership and AST dependency graph	2026-10-03T16:05:11.9991313Z           "t.Log",
source_go	Real Go source ownership and AST dependency graph	2026-10-03T16:05:11.9991392Z           "socialDatabase",
source_go	Real Go source ownership and AST dependency graph	2026-10-03T16:05:11.9991462Z           "socialUser",
source_go	Real Go source ownership and AST dependency graph	2026-10-03T16:05:11.9991534Z           "socialUser",
source_go	Real Go source ownership and AST dependency graph	2026-10-03T16:05:11.9991621Z           "cleanupSocialUsers",
source_go	Real Go source ownership and AST dependency graph	2026-10-03T16:05:11.9991708Z           "context.Background",
source_go	Real Go source ownership and AST dependency graph	2026-10-03T16:05:11.9991775Z           "db.Begin",
source_go	Real Go source ownership and AST dependency graph	2026-10-03T16:05:11.9991838Z           "t.Fatal",
source_go	Real Go source ownership and AST dependency graph	2026-10-03T16:05:11.9991912Z           "tx.Rollback",
source_go	Real Go source ownership and AST dependency graph	2026-10-03T16:05:11.9991976Z           "tx.Exec",
source_go	Real Go source ownership and AST dependency graph	2026-10-03T16:05:11.9992040Z           "t.Fatal",
source_go	Real Go source ownership and AST dependency graph	2026-10-03T16:05:11.9992099Z           "make",
source_go	Real Go source ownership and AST dependency graph	2026-10-03T16:05:11.9992154Z           "",
source_go	Real Go source ownership and AST dependency graph	2026-10-03T16:05:11.9992213Z           "call",
source_go	Real Go source ownership and AST dependency graph	2026-10-03T16:05:11.9992274Z           ".Add",
source_go	Real Go source ownership and AST dependency graph	2026-10-03T16:05:11.9992342Z           "time.Now",
source_go	Real Go source ownership and AST dependency graph	2026-10-03T16:05:11.9992409Z           ".Before",
source_go	Real Go source ownership and AST dependency graph	2026-10-03T16:05:11.9992477Z           "time.Now",
source_go	Real Go source ownership and AST dependency graph	2026-10-03T16:05:11.9992537Z           ".Scan",
source_go	Real Go source ownership and AST dependency graph	2026-10-03T16:05:11.9992609Z           "db.QueryRow",
source_go	Real Go source ownership and AST dependency graph	2026-10-03T16:05:11.9992676Z           "t.Fatal",
source_go	Real Go source ownership and AST dependency graph	2026-10-03T16:05:11.9992747Z           "time.Sleep",
source_go	Real Go source ownership and AST dependency graph	2026-10-03T16:05:11.9992813Z           "t.Fatal",
source_go	Real Go source ownership and AST dependency graph	2026-10-03T16:05:11.9992876Z           "tx.Exec",
source_go	Real Go source ownership and AST dependency graph	2026-10-03T16:05:11.9992940Z           "t.Fatal",
source_go	Real Go source ownership and AST dependency graph	2026-10-03T16:05:11.9993009Z           "tx.Commit",
source_go	Real Go source ownership and AST dependency graph	2026-10-03T16:05:11.9993072Z           "t.Fatal",
source_go	Real Go source ownership and AST dependency graph	2026-10-03T16:05:11.9993134Z           "expect",
source_go	Real Go source ownership and AST dependency graph	2026-10-03T16:05:11.9993206Z           "readResult",
source_go	Real Go source ownership and AST dependency graph	2026-10-03T16:05:11.9993269Z           "t.Fatal",
source_go	Real Go source ownership and AST dependency graph	2026-10-03T16:05:11.9993341Z           "time.After",
source_go	Real Go source ownership and AST dependency graph	2026-10-03T16:05:11.9993405Z           "t.Fatal",
source_go	Real Go source ownership and AST dependency graph	2026-10-03T16:05:11.9993477Z           "socialCount",
source_go	Real Go source ownership and AST dependency graph	2026-10-03T16:05:11.9993552Z           "socialCount",
source_go	Real Go source ownership and AST dependency graph	2026-10-03T16:05:11.9993625Z           "socialCount",
source_go	Real Go source ownership and AST dependency graph	2026-10-03T16:05:11.9993689Z           "t.Fatal"
source_go	Real Go source ownership and AST dependency graph	2026-10-03T16:05:11.9993743Z         ],
source_go	Real Go source ownership and AST dependency graph	2026-10-03T16:05:11.9993807Z         "strings": [
source_go	Real Go source ownership and AST dependency graph	2026-10-03T16:05:11.9993871Z           "context",
source_go	Real Go source ownership and AST dependency graph	2026-10-03T16:05:11.9993949Z           "encoding/json",
source_go	Real Go source ownership and AST dependency graph	2026-10-03T16:05:11.9994012Z           "fmt",
source_go	Real Go source ownership and AST dependency graph	2026-10-03T16:05:11.9994118Z           "im-platform/backend/go/shared",
source_go	Real Go source ownership and AST dependency graph	2026-10-03T16:05:11.9994203Z           "net/http/httptest",
source_go	Real Go source ownership and AST dependency graph	2026-10-03T16:05:11.9994261Z           "os",
source_go	Real Go source ownership and AST dependency graph	2026-10-03T16:05:11.9994329Z           "strings",
source_go	Real Go source ownership and AST dependency graph	2026-10-03T16:05:11.9994388Z           "sync",
source_go	Real Go source ownership and AST dependency graph	2026-10-03T16:05:11.9994453Z           "testing",
source_go	Real Go source ownership and AST dependency graph	2026-10-03T16:05:11.9994513Z           "time",
source_go	Real Go source ownership and AST dependency graph	2026-10-03T16:05:11.9994624Z           "github.com/jackc/pgx/v5/pgxpool",
source_go	Real Go source ownership and AST dependency graph	2026-10-03T16:05:11.9994703Z           "DB_TEST_ENABLE",
source_go	Real Go source ownership and AST dependency graph	2026-10-03T16:05:11.9994759Z           "1",
source_go	Real Go source ownership and AST dependency graph	2026-10-03T16:05:11.9994926Z           "set DB_TEST_ENABLE=1 with migrated disposable PostgreSQL",
source_go	Real Go source ownership and AST dependency graph	2026-10-03T16:05:11.9994982Z           "",
source_go	Real Go source ownership and AST dependency graph	2026-10-03T16:05:11.9995113Z           "test-only-signing-key-at-least-32-bytes",
source_go	Real Go source ownership and AST dependency graph	2026-10-03T16:05:11.9995178Z           "social",
source_go	Real Go source ownership and AST dependency graph	2026-10-03T16:05:11.9995303Z           "POST",
source_go	Real Go source ownership and AST dependency graph	2026-10-03T16:05:11.9995386Z           "/v1/auth/register",
source_go	Real Go source ownership and AST dependency graph	2026-10-03T16:05:11.9995453Z           "username",
source_go	Real Go source ownership and AST dependency graph	2026-10-03T16:05:11.9995525Z           "password",
source_go	Real Go source ownership and AST dependency graph	2026-10-03T16:05:11.9995645Z           "fixture-password-not-a-real-secret",
source_go	Real Go source ownership and AST dependency graph	2026-10-03T16:05:11.9995721Z           "displayName",
source_go	Real Go source ownership and AST dependency graph	2026-10-03T16:05:11.9995774Z           "",
source_go	Real Go source ownership and AST dependency graph	2026-10-03T16:05:11.9995839Z           "user",
source_go	Real Go source ownership and AST dependency graph	2026-10-03T16:05:11.9995901Z           "userId",
source_go	Real Go source ownership and AST dependency graph	2026-10-03T16:05:11.9995963Z           "POST",
source_go	Real Go source ownership and AST dependency graph	2026-10-03T16:05:11.9996042Z           "/v1/auth/login",
source_go	Real Go source ownership and AST dependency graph	2026-10-03T16:05:11.9996108Z           "username",
source_go	Real Go source ownership and AST dependency graph	2026-10-03T16:05:11.9996178Z           "password",
source_go	Real Go source ownership and AST dependency graph	2026-10-03T16:05:11.9996297Z           "fixture-password-not-a-real-secret",
source_go	Real Go source ownership and AST dependency graph	2026-10-03T16:05:11.9996370Z           "clientType",
source_go	Real Go source ownership and AST dependency graph	2026-10-03T16:05:11.9996429Z           "WEB",
source_go	Real Go source ownership and AST dependency graph	2026-10-03T16:05:11.9996497Z           "deviceId",
source_go	Real Go source ownership and AST dependency graph	2026-10-03T16:05:11.9996567Z           "browser-1",
source_go	Real Go source ownership and AST dependency graph	2026-10-03T16:05:11.9996643Z           "clientVersion",
source_go	Real Go source ownership and AST dependency graph	2026-10-03T16:05:11.9996710Z           "1.0.0",
source_go	Real Go source ownership and AST dependency graph	2026-10-03T16:05:11.9996794Z           "protocolVersion",
source_go	Real Go source ownership and AST dependency graph	2026-10-03T16:05:11.9996853Z           "1",
source_go	Real Go source ownership and AST dependency graph	2026-10-03T16:05:11.9996907Z           "",
source_go	Real Go source ownership and AST dependency graph	2026-10-03T16:05:11.9997185Z           "DELETE FROM outbox_events WHERE aggregate_type='user' AND aggregate_id=$1",
source_go	Real Go source ownership and AST dependency graph	2026-10-03T16:05:11.9997722Z           "DELETE FROM outbox_events WHERE aggregate_type='session' AND aggregate_id IN (SELECT (payload->>'sessionId')::uuid FROM user_sync_events WHERE user_id=$1 AND event_type='session.revoked')",
source_go	Real Go source ownership and AST dependency graph	2026-10-03T16:05:11.9997856Z           "DELETE FROM user_sync_events WHERE user_id=$1",
source_go	Real Go source ownership and AST dependency graph	2026-10-03T16:05:11.9998040Z           "DELETE FROM friendships WHERE user_low_id=$1 OR user_high_id=$1",
source_go	Real Go source ownership and AST dependency graph	2026-10-03T16:05:11.9998221Z           "DELETE FROM conversation_members WHERE user_id=$1 OR user_id=$2",
source_go	Real Go source ownership and AST dependency graph	2026-10-03T16:05:11.9998453Z           "DELETE FROM conversations WHERE direct_user_low_id=$1 OR direct_user_high_id=$1",
source_go	Real Go source ownership and AST dependency graph	2026-10-03T16:05:11.9998572Z           "DELETE FROM sessions WHERE user_id=$1",
source_go	Real Go source ownership and AST dependency graph	2026-10-03T16:05:11.9998683Z           "DELETE FROM users WHERE user_id=$1",
source_go	Real Go source ownership and AST dependency graph	2026-10-03T16:05:11.9998930Z           "../../../contracts/fixtures/auth-user-friend/positive.json",
source_go	Real Go source ownership and AST dependency graph	2026-10-03T16:05:11.9999094Z           "../../../contracts/fixtures/auth-user-friend/negative.json",
source_go	Real Go source ownership and AST dependency graph	2026-10-03T16:05:11.9999228Z           "friend-add-normalizes-and-reuses-direct",
source_go	Real Go source ownership and AST dependency graph	2026-10-03T16:05:11.9999289Z           "PUT",
source_go	Real Go source ownership and AST dependency graph	2026-10-03T16:05:11.9999365Z           "/v1/friends/",
source_go	Real Go source ownership and AST dependency graph	2026-10-03T16:05:11.9999430Z           "body",
source_go	Real Go source ownership and AST dependency graph	2026-10-03T16:05:11.9999491Z           "PUT",
source_go	Real Go source ownership and AST dependency graph	2026-10-03T16:05:11.9999565Z           "/v1/friends/",
source_go	Real Go source ownership and AST dependency graph	2026-10-03T16:05:11.9999627Z           "body",
source_go	Real Go source ownership and AST dependency graph	2026-10-03T16:05:11.9999722Z           "directConversationId",
source_go	Real Go source ownership and AST dependency graph	2026-10-03T16:05:11.9999929Z           "SELECT count(*) FROM friendships WHERE user_low_id=$1 AND user_high_id=$2",
source_go	Real Go source ownership and AST dependency graph	2026-10-03T16:05:12.0000239Z           "SELECT count(*) FROM conversations WHERE kind='DIRECT' AND direct_user_low_id=$1 AND direct_user_high_id=$2",
source_go	Real Go source ownership and AST dependency graph	2026-10-03T16:05:12.0000492Z           "SELECT count(*) FROM conversation_members WHERE conversation_id=$1 AND left_at IS NULL",
source_go	Real Go source ownership and AST dependency graph	2026-10-03T16:05:12.0000667Z           "friendship, conversation, or memberships did not converge",
source_go	Real Go source ownership and AST dependency graph	2026-10-03T16:05:12.0001052Z           "SELECT count(*) FROM user_sync_events WHERE user_id=$1 AND event_type IN ('friend.changed','conversation.changed','membership.changed')",
source_go	Real Go source ownership and AST dependency graph	2026-10-03T16:05:12.0001512Z           "SELECT count(*) FROM outbox_events WHERE aggregate_type='user' AND aggregate_id=$1 AND event_type IN ('friend.changed','conversation.changed','membership.changed')",
source_go	Real Go source ownership and AST dependency graph	2026-10-03T16:05:12.0001666Z           "sync or outbox effects missing from friend commit",
source_go	Real Go source ownership and AST dependency graph	2026-10-03T16:05:12.0001733Z           "GET",
source_go	Real Go source ownership and AST dependency graph	2026-10-03T16:05:12.0001807Z           "/v1/friends",
source_go	Real Go source ownership and AST dependency graph	2026-10-03T16:05:12.0001874Z           "friends",
source_go	Real Go source ownership and AST dependency graph	2026-10-03T16:05:12.0001965Z           "directConversationId",
source_go	Real Go source ownership and AST dependency graph	2026-10-03T16:05:12.0002081Z           "friend list not bidirectional: %v",
source_go	Real Go source ownership and AST dependency graph	2026-10-03T16:05:12.0002174Z           "missing-authentication",
source_go	Real Go source ownership and AST dependency graph	2026-10-03T16:05:12.0002364Z           "/v1/friends",
source_go	Real Go source ownership and AST dependency graph	2026-10-03T16:05:12.0002419Z           "",
source_go	Real Go source ownership and AST dependency graph	2026-10-03T16:05:12.0002519Z           "friend-target-not-found",
source_go	Real Go source ownership and AST dependency graph	2026-10-03T16:05:12.0002661Z           "/v1/friends/20000000-0000-4000-8000-000000000002",
source_go	Real Go source ownership and AST dependency graph	2026-10-03T16:05:12.0002748Z           "friend-self-rejected",
source_go	Real Go source ownership and AST dependency graph	2026-10-03T16:05:12.0006020Z           "/v1/friends/",
source_go	Real Go source ownership and AST dependency graph	2026-10-03T16:05:12.0006088Z           "body",
source_go	Real Go source ownership and AST dependency graph	2026-10-03T16:05:12.0006305Z           "DELETE FROM conversation_members WHERE conversation_id=$1 AND user_id=$2",
source_go	Real Go source ownership and AST dependency graph	2026-10-03T16:05:12.0006409Z           "friendship-state-conflict",
source_go	Real Go source ownership and AST dependency graph	2026-10-03T16:05:12.0006470Z           "PUT",
source_go	Real Go source ownership and AST dependency graph	2026-10-03T16:05:12.0006545Z           "/v1/friends/",
source_go	Real Go source ownership and AST dependency graph	2026-10-03T16:05:12.0006606Z           "body",
source_go	Real Go source ownership and AST dependency graph	2026-10-03T16:05:12.0006806Z           "SELECT count(*) FROM conversation_members WHERE conversation_id=$1",
source_go	Real Go source ownership and AST dependency graph	2026-10-03T16:05:12.0006913Z           "conflicting state was rewritten",
source_go	Real Go source ownership and AST dependency graph	2026-10-03T16:05:12.0006974Z           "PUT",
source_go	Real Go source ownership and AST dependency graph	2026-10-03T16:05:12.0007053Z           "/v1/friends/",
source_go	Real Go source ownership and AST dependency graph	2026-10-03T16:05:12.0007150Z           "concurrent add failed: %s",
source_go	Real Go source ownership and AST dependency graph	2026-10-03T16:05:12.0007241Z           "directConversationId",
source_go	Real Go source ownership and AST dependency graph	2026-10-03T16:05:12.0007297Z           "",
source_go	Real Go source ownership and AST dependency graph	2026-10-03T16:05:12.0007514Z           "concurrent IDs diverged: %s vs %s",
source_go	Real Go source ownership and AST dependency graph	2026-10-03T16:05:12.0007607Z           "concurrent statuses: %v",
source_go	Real Go source ownership and AST dependency graph	2026-10-03T16:05:12.0007818Z           "SELECT count(*) FROM friendships WHERE user_low_id=$1 AND user_high_id=$2",
source_go	Real Go source ownership and AST dependency graph	2026-10-03T16:05:12.0008076Z           "SELECT count(*) FROM conversations WHERE direct_user_low_id=$1 AND direct_user_high_id=$2",
source_go	Real Go source ownership and AST dependency graph	2026-10-03T16:05:12.0008267Z           "SELECT count(*) FROM conversation_members WHERE conversation_id=$1",
source_go	Real Go source ownership and AST dependency graph	2026-10-03T16:05:12.0008413Z           "reverse concurrent add did not converge for %s",
source_go	Real Go source ownership and AST dependency graph	2026-10-03T16:05:12.0008610Z           "../../../contracts/fixtures/auth-user-friend/loop1-exceptions.json",
source_go	Real Go source ownership and AST dependency graph	2026-10-03T16:05:12.0008694Z           "json:\"loop\"",
source_go	Real Go source ownership and AST dependency graph	2026-10-03T16:05:12.0008865Z           "json:\"scenarioId\"",
source_go	Real Go source ownership and AST dependency graph	2026-10-03T16:05:12.0008951Z           "json:\"status\"",
source_go	Real Go source ownership and AST dependency graph	2026-10-03T16:05:12.0009069Z           "json:\"runtimeAcceptanceRequired\"",
source_go	Real Go source ownership and AST dependency graph	2026-10-03T16:05:12.0009161Z           "json:\"countsAsPass\"",
source_go	Real Go source ownership and AST dependency graph	2026-10-03T16:05:12.0009251Z           "json:\"exceptions\"",
source_go	Real Go source ownership and AST dependency graph	2026-10-03T16:05:12.0009317Z           "Loop1",
source_go	Real Go source ownership and AST dependency graph	2026-10-03T16:05:12.0009431Z           "unexpected applicability profile",
source_go	Real Go source ownership and AST dependency graph	2026-10-03T16:05:12.0009544Z           "friend-add-authorization-denied",
source_go	Real Go source ownership and AST dependency graph	2026-10-03T16:05:12.0009629Z           "DEFERRED_BY_HUMAN",
source_go	Real Go source ownership and AST dependency graph	2026-10-03T16:05:12.0009720Z           "unapproved exception",
source_go	Real Go source ownership and AST dependency graph	2026-10-03T16:05:12.0009885Z           "../../../contracts/fixtures/auth-user-friend/negative.json",
source_go	Real Go source ownership and AST dependency graph	2026-10-03T16:05:12.0010248Z           "DISPOSITION friend-add-authorization-denied DEFERRED_BY_HUMAN; runtime not executed; does not count as canonical PASS",
source_go	Real Go source ownership and AST dependency graph	2026-10-03T16:05:12.0010403Z           "SELECT user_id FROM users WHERE user_id=$1 FOR UPDATE",
source_go	Real Go source ownership and AST dependency graph	2026-10-03T16:05:12.0010465Z           "PUT",
source_go	Real Go source ownership and AST dependency graph	2026-10-03T16:05:12.0010538Z           "/v1/friends/",
source_go	Real Go source ownership and AST dependency graph	2026-10-03T16:05:12.0010979Z           "SELECT count(*) FROM pg_stat_activity WHERE datname=current_database() AND wait_event_type='Lock' AND query LIKE 'SELECT user_id FROM users WHERE user_id=%'",
source_go	Real Go source ownership and AST dependency graph	2026-10-03T16:05:12.0011126Z           "Social request did not wait for account lock",
source_go	Real Go source ownership and AST dependency graph	2026-10-03T16:05:12.0011398Z           "UPDATE sessions SET expires_at=now()-interval '1 second' WHERE user_id=$1 AND client_type='WEB'",
source_go	Real Go source ownership and AST dependency graph	2026-10-03T16:05:12.0011463Z           "error",
source_go	Real Go source ownership and AST dependency graph	2026-10-03T16:05:12.0011526Z           "code",
source_go	Real Go source ownership and AST dependency graph	2026-10-03T16:05:12.0011612Z           "AUTH_SESSION_REVOKED",
source_go	Real Go source ownership and AST dependency graph	2026-10-03T16:05:12.0011727Z           "expired Session accepted after lock",
source_go	Real Go source ownership and AST dependency graph	2026-10-03T16:05:12.0011822Z           "request did not unblock",
source_go	Real Go source ownership and AST dependency graph	2026-10-03T16:05:12.0012028Z           "SELECT count(*) FROM friendships WHERE user_low_id=$1 OR user_high_id=$1",
source_go	Real Go source ownership and AST dependency graph	2026-10-03T16:05:12.0012184Z           "SELECT count(*) FROM user_sync_events WHERE user_id=$1",
source_go	Real Go source ownership and AST dependency graph	2026-10-03T16:05:12.0012420Z           "SELECT count(*) FROM outbox_events WHERE aggregate_type='user' AND aggregate_id=$1",
source_go	Real Go source ownership and AST dependency graph	2026-10-03T16:05:12.0012617Z           "rejected Session left social effects"
source_go	Real Go source ownership and AST dependency graph	2026-10-03T16:05:12.0012671Z         ]
source_go	Real Go source ownership and AST dependency graph	2026-10-03T16:05:12.0012722Z       }
source_go	Real Go source ownership and AST dependency graph	2026-10-03T16:05:12.0012769Z     ]
source_go	Real Go source ownership and AST dependency graph	2026-10-03T16:05:12.0012813Z   }
source_go	Real Go source ownership and AST dependency graph	2026-10-03T16:05:12.0012860Z }
source_go	Post Run actions/setup-go@v5	﻿2026-10-03T16:05:12.0074942Z Post job cleanup.
source_go	Post Run actions/setup-go@v5	2026-10-03T16:05:12.1581093Z (node:2799) [DEP0040] DeprecationWarning: The `punycode` module is deprecated. Please use a userland alternative instead.
source_go	Post Run actions/setup-go@v5	2026-10-03T16:05:12.1581632Z (Use `node --trace-deprecation ...` to show where the warning was created)
source_go	Post Run actions/setup-go@v5	2026-10-03T16:05:12.1658533Z [command]/opt/hostedtoolcache/go/1.23.12/x64/bin/go env GOMODCACHE
source_go	Post Run actions/setup-go@v5	2026-10-03T16:05:12.1733234Z [command]/opt/hostedtoolcache/go/1.23.12/x64/bin/go env GOCACHE
source_go	Post Run actions/setup-go@v5	2026-10-03T16:05:12.1763879Z /home/runner/go/pkg/mod
source_go	Post Run actions/setup-go@v5	2026-10-03T16:05:12.1765802Z /home/runner/.cache/go-build
source_go	Post Run actions/setup-go@v5	2026-10-03T16:05:12.1766864Z [warning]Cache folder path is retrieved but doesn't exist on disk: /home/runner/go/pkg/mod
source_go	Post Run actions/setup-go@v5	2026-10-03T16:05:12.1767634Z Primary key was not generated. Please check the log messages above for more errors or information
source_go	Post Run actions/checkout@v4	﻿2026-10-03T16:05:12.1839059Z Post job cleanup.
source_go	Post Run actions/checkout@v4	2026-10-03T16:05:12.2459609Z [command]/usr/bin/git version
source_go	Post Run actions/checkout@v4	2026-10-03T16:05:12.2483691Z git version 2.55.0
source_go	Post Run actions/checkout@v4	2026-10-03T16:05:12.2509583Z Temporarily overriding HOME='/home/runner/work/_temp/bcd1b871-c1c4-48e2-b8ab-65a90f94761a' before making global git config changes
source_go	Post Run actions/checkout@v4	2026-10-03T16:05:12.2510316Z Adding repository directory to the temporary git global config as a safe directory
source_go	Post Run actions/checkout@v4	2026-10-03T16:05:12.2512002Z [command]/usr/bin/git config --global --add safe.directory /home/runner/work/IM-platform/IM-platform
source_go	Post Run actions/checkout@v4	2026-10-03T16:05:12.2636959Z [command]/usr/bin/git config --local --name-only --get-regexp core\.sshCommand
source_go	Post Run actions/checkout@v4	2026-10-03T16:05:12.2676770Z [command]/usr/bin/git submodule foreach --recursive sh -c "git config --local --name-only --get-regexp 'core\.sshCommand' && git config --local --unset-all 'core.sshCommand' || :"
source_go	Post Run actions/checkout@v4	2026-10-03T16:05:12.2914965Z [command]/usr/bin/git config --local --name-only --get-regexp http\.https\:\/\/github\.com\/\.extraheader
source_go	Post Run actions/checkout@v4	2026-10-03T16:05:12.2980535Z http.https://github.com/.extraheader
source_go	Post Run actions/checkout@v4	2026-10-03T16:05:12.2991080Z [command]/usr/bin/git config --local --unset-all http.https://github.com/.extraheader
source_go	Post Run actions/checkout@v4	2026-10-03T16:05:12.3039423Z [command]/usr/bin/git submodule foreach --recursive sh -c "git config --local --name-only --get-regexp 'http\.https\:\/\/github\.com\/\.extraheader' && git config --local --unset-all 'http.https://github.com/.extraheader' || :"
source_go	Post Run actions/checkout@v4	2026-10-03T16:05:12.3236993Z [command]/usr/bin/git config --local --name-only --get-regexp ^includeIf\.gitdir:
source_go	Post Run actions/checkout@v4	2026-10-03T16:05:12.3267353Z [command]/usr/bin/git submodule foreach --recursive git config --local --show-origin --name-only --get-regexp remote.origin.url
source_go	Complete job	﻿2026-10-03T16:05:12.3585148Z Cleaning up orphan processes
source_go	Complete job	2026-10-03T16:05:12.3782625Z ##[warning]Node.js 20 is deprecated. The following actions target Node.js 20 but are being forced to run on Node.js 24: actions/checkout@v4, actions/setup-go@v5. For more information see: https://github.blog/changelog/2025-09-19-deprecation-of-node-20-on-github-actions-runners/
