desktop	Set up job	﻿2026-10-03T12:19:48.4895468Z Current runner version: '2.337.0'
desktop	Set up job	2026-10-03T12:19:48.4914018Z ##[group]Runner Image Provisioner
desktop	Set up job	2026-10-03T12:19:48.4914590Z Hosted Compute Agent
desktop	Set up job	2026-10-03T12:19:48.4915243Z Version: 20260901.588
desktop	Set up job	2026-10-03T12:19:48.4915604Z Commit: f88ec8081b781fac6c440065ac7ff9e710ce3d0b
desktop	Set up job	2026-10-03T12:19:48.4916223Z Build Date: 2026-09-01T19:56:44Z
desktop	Set up job	2026-10-03T12:19:48.4916654Z Worker ID: {96cf6c84-e438-4182-9702-fdf056477f42}
desktop	Set up job	2026-10-03T12:19:48.4917108Z Azure Region: westus3
desktop	Set up job	2026-10-03T12:19:48.4917473Z ##[endgroup]
desktop	Set up job	2026-10-03T12:19:48.4918288Z ##[group]Operating System
desktop	Set up job	2026-10-03T12:19:48.4918631Z Ubuntu
desktop	Set up job	2026-10-03T12:19:48.4918983Z 24.04.5
desktop	Set up job	2026-10-03T12:19:48.4919308Z LTS
desktop	Set up job	2026-10-03T12:19:48.4919637Z ##[endgroup]
desktop	Set up job	2026-10-03T12:19:48.4919962Z ##[group]Runner Image
desktop	Set up job	2026-10-03T12:19:48.4920300Z Image: ubuntu-24.04
desktop	Set up job	2026-10-03T12:19:48.4920661Z Version: 20260927.320.1
desktop	Set up job	2026-10-03T12:19:48.4921296Z Included Software: https://github.com/actions/runner-images/blob/ubuntu24/20260927.320/images/ubuntu/Ubuntu2404-Readme.md
desktop	Set up job	2026-10-03T12:19:48.4922280Z Image Release: https://github.com/actions/runner-images/releases/tag/ubuntu24%2F20260927.320
desktop	Set up job	2026-10-03T12:19:48.4922810Z ##[endgroup]
desktop	Set up job	2026-10-03T12:19:48.4923514Z ##[group]GITHUB_TOKEN Permissions
desktop	Set up job	2026-10-03T12:19:48.4924892Z Contents: read
desktop	Set up job	2026-10-03T12:19:48.4925281Z Metadata: read
desktop	Set up job	2026-10-03T12:19:48.4925620Z ##[endgroup]
desktop	Set up job	2026-10-03T12:19:48.4927224Z Secret source: Actions
desktop	Set up job	2026-10-03T12:19:48.4927784Z Cache mode: write
desktop	Set up job	2026-10-03T12:19:48.4928231Z Prepare workflow directory
desktop	Set up job	2026-10-03T12:19:48.5243058Z Prepare all required actions
desktop	Set up job	2026-10-03T12:19:48.5273860Z Getting action download info
desktop	Set up job	2026-10-03T12:19:48.8076662Z Download action repository 'actions/checkout@v4' (SHA:11d5960a326750d5838078e36cf38b85af677262)
desktop	Set up job	2026-10-03T12:19:49.0776819Z Download action repository 'actions/setup-node@v4' (SHA:49933ea5288caeca8642d1e84afbd3f7d6820020)
desktop	Set up job	2026-10-03T12:19:49.6137700Z Complete job name: desktop
desktop	Run actions/checkout@v4	﻿2026-10-03T12:19:49.6627160Z ##[group]Run actions/checkout@v4
desktop	Run actions/checkout@v4	2026-10-03T12:19:49.6627681Z with:
desktop	Run actions/checkout@v4	2026-10-03T12:19:49.6628011Z   ref: c2ff0502fdad80f463abe038a960ca1b798e6d7a
desktop	Run actions/checkout@v4	2026-10-03T12:19:49.6628407Z   repository: nilesthump/IM-platform
desktop	Run actions/checkout@v4	2026-10-03T12:19:49.6630846Z   token: ***
desktop	Run actions/checkout@v4	2026-10-03T12:19:49.6631114Z   ssh-strict: true
desktop	Run actions/checkout@v4	2026-10-03T12:19:49.6631410Z   ssh-user: git
desktop	Run actions/checkout@v4	2026-10-03T12:19:49.6631693Z   persist-credentials: true
desktop	Run actions/checkout@v4	2026-10-03T12:19:49.6632002Z   clean: true
desktop	Run actions/checkout@v4	2026-10-03T12:19:49.6632292Z   sparse-checkout-cone-mode: true
desktop	Run actions/checkout@v4	2026-10-03T12:19:49.6632620Z   fetch-depth: 1
desktop	Run actions/checkout@v4	2026-10-03T12:19:49.6632895Z   fetch-tags: false
desktop	Run actions/checkout@v4	2026-10-03T12:19:49.6633180Z   show-progress: true
desktop	Run actions/checkout@v4	2026-10-03T12:19:49.6633473Z   lfs: false
desktop	Run actions/checkout@v4	2026-10-03T12:19:49.6633749Z   submodules: false
desktop	Run actions/checkout@v4	2026-10-03T12:19:49.6634031Z   set-safe-directory: true
desktop	Run actions/checkout@v4	2026-10-03T12:19:49.6634346Z   allow-unsafe-pr-checkout: false
desktop	Run actions/checkout@v4	2026-10-03T12:19:49.6634743Z ##[endgroup]
desktop	Run actions/checkout@v4	2026-10-03T12:19:49.7325143Z Syncing repository: nilesthump/IM-platform
desktop	Run actions/checkout@v4	2026-10-03T12:19:49.7333006Z ##[group]Getting Git version info
desktop	Run actions/checkout@v4	2026-10-03T12:19:49.7333817Z Working directory is '/home/runner/work/IM-platform/IM-platform'
desktop	Run actions/checkout@v4	2026-10-03T12:19:49.7334978Z [command]/usr/bin/git version
desktop	Run actions/checkout@v4	2026-10-03T12:19:49.7417186Z git version 2.55.0
desktop	Run actions/checkout@v4	2026-10-03T12:19:49.7444214Z ##[endgroup]
desktop	Run actions/checkout@v4	2026-10-03T12:19:49.7451186Z Temporarily overriding HOME='/home/runner/work/_temp/70515eae-8c38-41d9-a2d6-be0ecf24ba71' before making global git config changes
desktop	Run actions/checkout@v4	2026-10-03T12:19:49.7452503Z Adding repository directory to the temporary git global config as a safe directory
desktop	Run actions/checkout@v4	2026-10-03T12:19:49.7453603Z [command]/usr/bin/git config --global --add safe.directory /home/runner/work/IM-platform/IM-platform
desktop	Run actions/checkout@v4	2026-10-03T12:19:49.7538568Z Deleting the contents of '/home/runner/work/IM-platform/IM-platform'
desktop	Run actions/checkout@v4	2026-10-03T12:19:49.7539981Z ##[group]Initializing the repository
desktop	Run actions/checkout@v4	2026-10-03T12:19:49.7541600Z [command]/usr/bin/git init /home/runner/work/IM-platform/IM-platform
desktop	Run actions/checkout@v4	2026-10-03T12:19:49.7756451Z hint: Using 'master' as the name for the initial branch. This default branch name
desktop	Run actions/checkout@v4	2026-10-03T12:19:49.7757403Z hint: will change to "main" in Git 3.0. To configure the initial branch name
desktop	Run actions/checkout@v4	2026-10-03T12:19:49.7758201Z hint: to use in all of your new repositories, which will suppress this warning,
desktop	Run actions/checkout@v4	2026-10-03T12:19:49.7758671Z hint: call:
desktop	Run actions/checkout@v4	2026-10-03T12:19:49.7758913Z hint:
desktop	Run actions/checkout@v4	2026-10-03T12:19:49.7759260Z hint: 	git config --global init.defaultBranch <name>
desktop	Run actions/checkout@v4	2026-10-03T12:19:49.7759640Z hint:
desktop	Run actions/checkout@v4	2026-10-03T12:19:49.7759984Z hint: Names commonly chosen instead of 'master' are 'main', 'trunk' and
desktop	Run actions/checkout@v4	2026-10-03T12:19:49.7760530Z hint: 'development'. The just-created branch can be renamed via this command:
desktop	Run actions/checkout@v4	2026-10-03T12:19:49.7760966Z hint:
desktop	Run actions/checkout@v4	2026-10-03T12:19:49.7761216Z hint: 	git branch -m <name>
desktop	Run actions/checkout@v4	2026-10-03T12:19:49.7761495Z hint:
desktop	Run actions/checkout@v4	2026-10-03T12:19:49.7761863Z hint: Disable this message with "git config set advice.defaultBranchName false"
desktop	Run actions/checkout@v4	2026-10-03T12:19:49.7767487Z Initialized empty Git repository in /home/runner/work/IM-platform/IM-platform/.git/
desktop	Run actions/checkout@v4	2026-10-03T12:19:49.7776321Z [command]/usr/bin/git remote add origin https://github.com/nilesthump/IM-platform
desktop	Run actions/checkout@v4	2026-10-03T12:19:49.7844010Z ##[endgroup]
desktop	Run actions/checkout@v4	2026-10-03T12:19:49.7845128Z ##[group]Disabling automatic garbage collection
desktop	Run actions/checkout@v4	2026-10-03T12:19:49.7846731Z [command]/usr/bin/git config --local gc.auto 0
desktop	Run actions/checkout@v4	2026-10-03T12:19:49.7929164Z ##[endgroup]
desktop	Run actions/checkout@v4	2026-10-03T12:19:49.7930081Z ##[group]Setting up auth
desktop	Run actions/checkout@v4	2026-10-03T12:19:49.7935502Z [command]/usr/bin/git config --local --name-only --get-regexp core\.sshCommand
desktop	Run actions/checkout@v4	2026-10-03T12:19:49.7965258Z [command]/usr/bin/git submodule foreach --recursive sh -c "git config --local --name-only --get-regexp 'core\.sshCommand' && git config --local --unset-all 'core.sshCommand' || :"
desktop	Run actions/checkout@v4	2026-10-03T12:19:49.8278912Z [command]/usr/bin/git config --local --name-only --get-regexp http\.https\:\/\/github\.com\/\.extraheader
desktop	Run actions/checkout@v4	2026-10-03T12:19:49.8309124Z [command]/usr/bin/git submodule foreach --recursive sh -c "git config --local --name-only --get-regexp 'http\.https\:\/\/github\.com\/\.extraheader' && git config --local --unset-all 'http.https://github.com/.extraheader' || :"
desktop	Run actions/checkout@v4	2026-10-03T12:19:49.8485206Z [command]/usr/bin/git config --local --name-only --get-regexp ^includeIf\.gitdir:
desktop	Run actions/checkout@v4	2026-10-03T12:19:49.8514876Z [command]/usr/bin/git submodule foreach --recursive git config --local --show-origin --name-only --get-regexp remote.origin.url
desktop	Run actions/checkout@v4	2026-10-03T12:19:49.8689684Z [command]/usr/bin/git config --local http.https://github.com/.extraheader AUTHORIZATION: basic ***
desktop	Run actions/checkout@v4	2026-10-03T12:19:49.9031928Z ##[endgroup]
desktop	Run actions/checkout@v4	2026-10-03T12:19:49.9032639Z ##[group]Fetching the repository
desktop	Run actions/checkout@v4	2026-10-03T12:19:49.9039866Z [command]/usr/bin/git -c protocol.version=2 fetch --no-tags --prune --no-recurse-submodules --depth=1 origin c2ff0502fdad80f463abe038a960ca1b798e6d7a
desktop	Run actions/checkout@v4	2026-10-03T12:19:52.4945282Z From https://github.com/nilesthump/IM-platform
desktop	Run actions/checkout@v4	2026-10-03T12:19:52.4945834Z  * branch            c2ff0502fdad80f463abe038a960ca1b798e6d7a -> FETCH_HEAD
desktop	Run actions/checkout@v4	2026-10-03T12:19:52.4956148Z ##[endgroup]
desktop	Run actions/checkout@v4	2026-10-03T12:19:52.4956617Z ##[group]Determining the checkout info
desktop	Run actions/checkout@v4	2026-10-03T12:19:52.4957155Z ##[endgroup]
desktop	Run actions/checkout@v4	2026-10-03T12:19:52.4957477Z [command]/usr/bin/git sparse-checkout disable
desktop	Run actions/checkout@v4	2026-10-03T12:19:52.5006304Z [command]/usr/bin/git config --local --unset-all extensions.worktreeConfig
desktop	Run actions/checkout@v4	2026-10-03T12:19:52.5033329Z ##[group]Checking out the ref
desktop	Run actions/checkout@v4	2026-10-03T12:19:52.5036240Z [command]/usr/bin/git checkout --progress --force c2ff0502fdad80f463abe038a960ca1b798e6d7a
desktop	Run actions/checkout@v4	2026-10-03T12:19:52.8803786Z Note: switching to 'c2ff0502fdad80f463abe038a960ca1b798e6d7a'.
desktop	Run actions/checkout@v4	2026-10-03T12:19:52.8804211Z 
desktop	Run actions/checkout@v4	2026-10-03T12:19:52.8804388Z You are in 'detached HEAD' state. You can look around, make experimental
desktop	Run actions/checkout@v4	2026-10-03T12:19:52.8804824Z changes and commit them, and you can discard any commits you make in this
desktop	Run actions/checkout@v4	2026-10-03T12:19:52.8805223Z state without impacting any branches by switching back to a branch.
desktop	Run actions/checkout@v4	2026-10-03T12:19:52.8805472Z 
desktop	Run actions/checkout@v4	2026-10-03T12:19:52.8805817Z If you want to create a new branch to retain commits you create, you may
desktop	Run actions/checkout@v4	2026-10-03T12:19:52.8806433Z do so (now or later) by using -c with the switch command. Example:
desktop	Run actions/checkout@v4	2026-10-03T12:19:52.8806769Z 
desktop	Run actions/checkout@v4	2026-10-03T12:19:52.8807275Z   git switch -c <new-branch-name>
desktop	Run actions/checkout@v4	2026-10-03T12:19:52.8807464Z 
desktop	Run actions/checkout@v4	2026-10-03T12:19:52.8807744Z Or undo this operation with:
desktop	Run actions/checkout@v4	2026-10-03T12:19:52.8807888Z 
desktop	Run actions/checkout@v4	2026-10-03T12:19:52.8808050Z   git switch -
desktop	Run actions/checkout@v4	2026-10-03T12:19:52.8808257Z 
desktop	Run actions/checkout@v4	2026-10-03T12:19:52.8808460Z Turn off this advice by setting config variable advice.detachedHead to false
desktop	Run actions/checkout@v4	2026-10-03T12:19:52.8808720Z 
desktop	Run actions/checkout@v4	2026-10-03T12:19:52.8808903Z HEAD is now at c2ff050 Merge pull request #18 from nilesthump/task/LOOP1-SYNC-001
desktop	Run actions/checkout@v4	2026-10-03T12:19:52.8829556Z ##[endgroup]
desktop	Run actions/checkout@v4	2026-10-03T12:19:52.8868809Z [command]/usr/bin/git log -1 --format=%H
desktop	Run actions/checkout@v4	2026-10-03T12:19:52.8890697Z c2ff0502fdad80f463abe038a960ca1b798e6d7a
desktop	Run actions/setup-node@v4	﻿2026-10-03T12:19:52.9068660Z ##[group]Run actions/setup-node@v4
desktop	Run actions/setup-node@v4	2026-10-03T12:19:52.9068827Z with:
desktop	Run actions/setup-node@v4	2026-10-03T12:19:52.9068951Z   node-version: 22
desktop	Run actions/setup-node@v4	2026-10-03T12:19:52.9069073Z   always-auth: false
desktop	Run actions/setup-node@v4	2026-10-03T12:19:52.9069192Z   check-latest: false
desktop	Run actions/setup-node@v4	2026-10-03T12:19:52.9070600Z   token: ***
desktop	Run actions/setup-node@v4	2026-10-03T12:19:52.9070717Z ##[endgroup]
desktop	Run actions/setup-node@v4	2026-10-03T12:19:52.9926241Z Found in cache @ /opt/hostedtoolcache/node/22.23.3/x64
desktop	Run actions/setup-node@v4	2026-10-03T12:19:52.9929640Z (node:2082) [DEP0040] DeprecationWarning: The `punycode` module is deprecated. Please use a userland alternative instead.
desktop	Run actions/setup-node@v4	2026-10-03T12:19:52.9930311Z (Use `node --trace-deprecation ...` to show where the warning was created)
desktop	Run actions/setup-node@v4	2026-10-03T12:19:52.9931364Z ##[group]Environment details
desktop	Run actions/setup-node@v4	2026-10-03T12:19:53.3085466Z node: v22.23.3
desktop	Run actions/setup-node@v4	2026-10-03T12:19:53.3085840Z npm: 10.9.9
desktop	Run actions/setup-node@v4	2026-10-03T12:19:53.3086197Z yarn: 1.22.22
desktop	Run actions/setup-node@v4	2026-10-03T12:19:53.3086954Z ##[endgroup]
desktop	Native Tauri prerequisites and approved Rust compiler	﻿2026-10-03T12:19:53.3352028Z ##[group]Run sudo apt-get update -qq
desktop	Native Tauri prerequisites and approved Rust compiler	2026-10-03T12:19:53.3352251Z ^[[36;1msudo apt-get update -qq^[[0m
desktop	Native Tauri prerequisites and approved Rust compiler	2026-10-03T12:19:53.3352518Z ^[[36;1msudo apt-get install -y libwebkit2gtk-4.1-dev libappindicator3-dev librsvg2-dev patchelf^[[0m
desktop	Native Tauri prerequisites and approved Rust compiler	2026-10-03T12:19:53.3352809Z ^[[36;1mrustup toolchain install stable --profile minimal^[[0m
desktop	Native Tauri prerequisites and approved Rust compiler	2026-10-03T12:19:53.3352992Z ^[[36;1mrustup default stable^[[0m
desktop	Native Tauri prerequisites and approved Rust compiler	2026-10-03T12:19:53.3586878Z shell: /usr/bin/bash -e {0}
desktop	Native Tauri prerequisites and approved Rust compiler	2026-10-03T12:19:53.3587054Z ##[endgroup]
desktop	Native Tauri prerequisites and approved Rust compiler	2026-10-03T12:19:59.9310736Z Reading package lists...
desktop	Native Tauri prerequisites and approved Rust compiler	2026-10-03T12:20:00.0676743Z Building dependency tree...
desktop	Native Tauri prerequisites and approved Rust compiler	2026-10-03T12:20:00.0681501Z Reading state information...
desktop	Native Tauri prerequisites and approved Rust compiler	2026-10-03T12:20:00.1728812Z patchelf is already the newest version (0.18.0-1.1build1).
desktop	Native Tauri prerequisites and approved Rust compiler	2026-10-03T12:20:00.1729264Z The following additional packages will be installed:
desktop	Native Tauri prerequisites and approved Rust compiler	2026-10-03T12:20:00.1729690Z   bubblewrap build-essential bzip2-doc gir1.2-appindicator3-0.1 gir1.2-atk-1.0
desktop	Native Tauri prerequisites and approved Rust compiler	2026-10-03T12:20:00.1730162Z   gir1.2-atspi-2.0 gir1.2-dbusmenu-glib-0.4 gir1.2-freedesktop
desktop	Native Tauri prerequisites and approved Rust compiler	2026-10-03T12:20:00.1730758Z   gir1.2-freedesktop-dev gir1.2-gdkpixbuf-2.0 gir1.2-girepository-2.0-dev
desktop	Native Tauri prerequisites and approved Rust compiler	2026-10-03T12:20:00.1731147Z   gir1.2-glib-2.0-dev gir1.2-gtk-3.0 gir1.2-harfbuzz-0.0
desktop	Native Tauri prerequisites and approved Rust compiler	2026-10-03T12:20:00.1731617Z   gir1.2-javascriptcoregtk-4.1 gir1.2-pango-1.0 gir1.2-rsvg-2.0
desktop	Native Tauri prerequisites and approved Rust compiler	2026-10-03T12:20:00.1732042Z   gir1.2-soup-3.0 gir1.2-webkit2-4.1 glib-networking glib-networking-common
desktop	Native Tauri prerequisites and approved Rust compiler	2026-10-03T12:20:00.1732506Z   glib-networking-services gobject-introspection gobject-introspection-bin
desktop	Native Tauri prerequisites and approved Rust compiler	2026-10-03T12:20:00.1732992Z   gsettings-desktop-schemas gstreamer1.0-gl gstreamer1.0-plugins-base
desktop	Native Tauri prerequisites and approved Rust compiler	2026-10-03T12:20:00.1736421Z   gstreamer1.0-plugins-good gstreamer1.0-x libaa1 libappindicator3-1
desktop	Native Tauri prerequisites and approved Rust compiler	2026-10-03T12:20:00.1736883Z   libasyncns0 libatk-bridge2.0-dev libatk1.0-dev libatspi2.0-dev libavc1394-0
desktop	Native Tauri prerequisites and approved Rust compiler	2026-10-03T12:20:00.1737364Z   libblkid-dev libbrotli-dev libbz2-dev libcaca0 libcairo-script-interpreter2
desktop	Native Tauri prerequisites and approved Rust compiler	2026-10-03T12:20:00.1737841Z   libcairo2-dev libcdparanoia0 libdatrie-dev libdbus-1-dev libdbus-glib-1-2
desktop	Native Tauri prerequisites and approved Rust compiler	2026-10-03T12:20:00.1738353Z   libdbus-glib-1-dev libdbus-glib-1-dev-bin libdbusmenu-glib-dev
desktop	Native Tauri prerequisites and approved Rust compiler	2026-10-03T12:20:00.1738793Z   libdeflate-dev libdv4t64 libegl-dev libegl-mesa0 libegl1 libegl1-mesa-dev
desktop	Native Tauri prerequisites and approved Rust compiler	2026-10-03T12:20:00.1739178Z   libepoxy-dev libflac12t64 libfontconfig-dev libfreetype-dev libfribidi-dev
desktop	Native Tauri prerequisites and approved Rust compiler	2026-10-03T12:20:00.1739473Z   libgbm1 libgdk-pixbuf-2.0-dev libgdk-pixbuf2.0-bin libgirepository-1.0-dev
desktop	Native Tauri prerequisites and approved Rust compiler	2026-10-03T12:20:00.1739758Z   libgirepository-2.0-0 libgirepository1.0-dev libgl-dev libgl1-mesa-dri
desktop	Native Tauri prerequisites and approved Rust compiler	2026-10-03T12:20:00.1740399Z   libgles-dev libgles1 libgles2 libglib2.0-dev libglib2.0-dev-bin
desktop	Native Tauri prerequisites and approved Rust compiler	2026-10-03T12:20:00.1740667Z   libglvnd-core-dev libglvnd-dev libglx-dev libglx-mesa0 libgraphene-1.0-0
desktop	Native Tauri prerequisites and approved Rust compiler	2026-10-03T12:20:00.1740944Z   libgraphite2-dev libgstreamer-gl1.0-0 libgstreamer-plugins-base1.0-0
desktop	Native Tauri prerequisites and approved Rust compiler	2026-10-03T12:20:00.1741221Z   libgstreamer-plugins-good1.0-0 libgtk-3-dev libharfbuzz-cairo0
desktop	Native Tauri prerequisites and approved Rust compiler	2026-10-03T12:20:00.1741529Z   libharfbuzz-dev libharfbuzz-gobject0 libharfbuzz-icu0 libharfbuzz-subset0
desktop	Native Tauri prerequisites and approved Rust compiler	2026-10-03T12:20:00.1741796Z   libhyphen0 libice-dev libiec61883-0 libjavascriptcoregtk-4.1-0
desktop	Native Tauri prerequisites and approved Rust compiler	2026-10-03T12:20:00.1742083Z   libjavascriptcoregtk-4.1-dev libjbig-dev libjpeg-dev libjpeg-turbo8-dev
desktop	Native Tauri prerequisites and approved Rust compiler	2026-10-03T12:20:00.1742371Z   libjpeg8-dev liblerc-dev liblzma-dev libmanette-0.2-0 libmount-dev
desktop	Native Tauri prerequisites and approved Rust compiler	2026-10-03T12:20:00.1742644Z   libmp3lame0 libmpg123-0t64 libnghttp2-dev libopengl-dev libopengl0 libopus0
desktop	Native Tauri prerequisites and approved Rust compiler	2026-10-03T12:20:00.1742925Z   liborc-0.4-0t64 libpango1.0-dev libpangoxft-1.0-0 libpipewire-0.3-0t64
desktop	Native Tauri prerequisites and approved Rust compiler	2026-10-03T12:20:00.1743250Z   libpipewire-0.3-common libpixman-1-dev libpng-dev libpng-tools libproxy1v5
desktop	Native Tauri prerequisites and approved Rust compiler	2026-10-03T12:20:00.1743529Z   libpsl-dev libpthread-stubs0-dev libpulse0 libraw1394-11 librsvg2-2
desktop	Native Tauri prerequisites and approved Rust compiler	2026-10-03T12:20:00.1743810Z   librsvg2-common libsecret-1-0 libsecret-common libselinux1-dev libsepol-dev
desktop	Native Tauri prerequisites and approved Rust compiler	2026-10-03T12:20:00.1744082Z   libsharpyuv-dev libshout3 libsm-dev libsndfile1 libsoup-3.0-0
desktop	Native Tauri prerequisites and approved Rust compiler	2026-10-03T12:20:00.1744326Z   libsoup-3.0-common libsoup-3.0-dev libspa-0.2-modules libspeex1
desktop	Native Tauri prerequisites and approved Rust compiler	2026-10-03T12:20:00.1744598Z   libsysprof-capture-4-dev libtag1v5 libtag1v5-vanilla libthai-dev libtheora0
desktop	Native Tauri prerequisites and approved Rust compiler	2026-10-03T12:20:00.1745053Z   libtiff-dev libtiffxx6 libtwolame0 libv4l-0t64 libv4lconvert0t64
desktop	Native Tauri prerequisites and approved Rust compiler	2026-10-03T12:20:00.1745304Z   libvisual-0.4-0 libvorbisenc2 libvpx9 libwavpack1 libwayland-bin
desktop	Native Tauri prerequisites and approved Rust compiler	2026-10-03T12:20:00.1745553Z   libwayland-dev libwayland-server0 libwebkit2gtk-4.1-0 libwebp-dev
desktop	Native Tauri prerequisites and approved Rust compiler	2026-10-03T12:20:00.1745809Z   libwebpdecoder3 libwebrtc-audio-processing1 libx11-dev libxau-dev
desktop	Native Tauri prerequisites and approved Rust compiler	2026-10-03T12:20:00.1746157Z   libxcb-render0-dev libxcb-shm0-dev libxcb1-dev libxcomposite-dev
desktop	Native Tauri prerequisites and approved Rust compiler	2026-10-03T12:20:00.1746416Z   libxcursor-dev libxdamage-dev libxdmcp-dev libxext-dev libxfixes-dev
desktop	Native Tauri prerequisites and approved Rust compiler	2026-10-03T12:20:00.1746678Z   libxft-dev libxi-dev libxinerama-dev libxkbcommon-dev libxrandr-dev
desktop	Native Tauri prerequisites and approved Rust compiler	2026-10-03T12:20:00.1747044Z   libxrender-dev libxtst-dev libxv1 mesa-libgallium pango1.0-tools
desktop	Native Tauri prerequisites and approved Rust compiler	2026-10-03T12:20:00.1747315Z   python3-mako python3-markdown session-migration uuid-dev wayland-protocols
desktop	Native Tauri prerequisites and approved Rust compiler	2026-10-03T12:20:00.1747634Z   x11proto-dev xdg-dbus-proxy xdg-desktop-portal xdg-desktop-portal-gtk
desktop	Native Tauri prerequisites and approved Rust compiler	2026-10-03T12:20:00.1747889Z   xorg-sgml-doctools xtrans-dev
desktop	Native Tauri prerequisites and approved Rust compiler	2026-10-03T12:20:00.1748042Z Suggested packages:
desktop	Native Tauri prerequisites and approved Rust compiler	2026-10-03T12:20:00.1748260Z   gvfs indicator-application libcairo2-doc libdatrie-doc libdv-bin oss-compat
desktop	Native Tauri prerequisites and approved Rust compiler	2026-10-03T12:20:00.1748564Z   freetype2-doc libgirepository1.0-doc libglib2.0-doc libxml2-utils
desktop	Native Tauri prerequisites and approved Rust compiler	2026-10-03T12:20:00.1748917Z   libgraphite2-utils libvisual-0.4-plugins libgtk-3-doc libice-doc liblzma-doc
desktop	Native Tauri prerequisites and approved Rust compiler	2026-10-03T12:20:00.1749432Z   libnghttp2-doc opus-tools libpango1.0-doc pipewire pulseaudio libraw1394-doc
desktop	Native Tauri prerequisites and approved Rust compiler	2026-10-03T12:20:00.1749915Z   librsvg2-bin librsvg2-doc libsm-doc libsoup-3.0-doc speex libthai-doc
desktop	Native Tauri prerequisites and approved Rust compiler	2026-10-03T12:20:00.1750407Z   libwayland-doc gstreamer1.0-libav gstreamer1.0-plugins-bad gstreamer1.0-alsa
desktop	Native Tauri prerequisites and approved Rust compiler	2026-10-03T12:20:00.1750884Z   libx11-doc libxcb-doc libxext-doc graphicsmagick python-mako-doc
desktop	Native Tauri prerequisites and approved Rust compiler	2026-10-03T12:20:00.1751317Z   python3-beaker python-markdown-doc accountsservice evince
desktop	Native Tauri prerequisites and approved Rust compiler	2026-10-03T12:20:00.1751647Z   xdg-desktop-portal-gnome
desktop	Native Tauri prerequisites and approved Rust compiler	2026-10-03T12:20:00.2287758Z The following NEW packages will be installed:
desktop	Native Tauri prerequisites and approved Rust compiler	2026-10-03T12:20:00.2288433Z   bubblewrap build-essential bzip2-doc gir1.2-appindicator3-0.1 gir1.2-atk-1.0
desktop	Native Tauri prerequisites and approved Rust compiler	2026-10-03T12:20:00.2289030Z   gir1.2-atspi-2.0 gir1.2-dbusmenu-glib-0.4 gir1.2-freedesktop
desktop	Native Tauri prerequisites and approved Rust compiler	2026-10-03T12:20:00.2289597Z   gir1.2-freedesktop-dev gir1.2-gdkpixbuf-2.0 gir1.2-girepository-2.0-dev
desktop	Native Tauri prerequisites and approved Rust compiler	2026-10-03T12:20:00.2290100Z   gir1.2-glib-2.0-dev gir1.2-gtk-3.0 gir1.2-harfbuzz-0.0
desktop	Native Tauri prerequisites and approved Rust compiler	2026-10-03T12:20:00.2290937Z   gir1.2-javascriptcoregtk-4.1 gir1.2-pango-1.0 gir1.2-rsvg-2.0
desktop	Native Tauri prerequisites and approved Rust compiler	2026-10-03T12:20:00.2291467Z   gir1.2-soup-3.0 gir1.2-webkit2-4.1 glib-networking glib-networking-common
desktop	Native Tauri prerequisites and approved Rust compiler	2026-10-03T12:20:00.2292138Z   glib-networking-services gobject-introspection gobject-introspection-bin
desktop	Native Tauri prerequisites and approved Rust compiler	2026-10-03T12:20:00.2292863Z   gsettings-desktop-schemas gstreamer1.0-gl gstreamer1.0-plugins-base
desktop	Native Tauri prerequisites and approved Rust compiler	2026-10-03T12:20:00.2293447Z   gstreamer1.0-plugins-good gstreamer1.0-x libaa1 libappindicator3-1
desktop	Native Tauri prerequisites and approved Rust compiler	2026-10-03T12:20:00.2294021Z   libappindicator3-dev libasyncns0 libatk-bridge2.0-dev libatk1.0-dev
desktop	Native Tauri prerequisites and approved Rust compiler	2026-10-03T12:20:00.2294629Z   libatspi2.0-dev libavc1394-0 libblkid-dev libbrotli-dev libbz2-dev libcaca0
desktop	Native Tauri prerequisites and approved Rust compiler	2026-10-03T12:20:00.2295255Z   libcairo-script-interpreter2 libcairo2-dev libcdparanoia0 libdatrie-dev
desktop	Native Tauri prerequisites and approved Rust compiler	2026-10-03T12:20:00.2295872Z   libdbus-1-dev libdbus-glib-1-2 libdbus-glib-1-dev libdbus-glib-1-dev-bin
desktop	Native Tauri prerequisites and approved Rust compiler	2026-10-03T12:20:00.2296536Z   libdbusmenu-glib-dev libdeflate-dev libdv4t64 libegl-dev libegl-mesa0
desktop	Native Tauri prerequisites and approved Rust compiler	2026-10-03T12:20:00.2297114Z   libegl1 libegl1-mesa-dev libepoxy-dev libflac12t64 libfontconfig-dev
desktop	Native Tauri prerequisites and approved Rust compiler	2026-10-03T12:20:00.2297756Z   libfreetype-dev libfribidi-dev libgdk-pixbuf-2.0-dev libgdk-pixbuf2.0-bin
desktop	Native Tauri prerequisites and approved Rust compiler	2026-10-03T12:20:00.2298414Z   libgirepository-1.0-dev libgirepository-2.0-0 libgirepository1.0-dev
desktop	Native Tauri prerequisites and approved Rust compiler	2026-10-03T12:20:00.2299023Z   libgl-dev libgles-dev libgles1 libgles2 libglib2.0-dev libglib2.0-dev-bin
desktop	Native Tauri prerequisites and approved Rust compiler	2026-10-03T12:20:00.2299688Z   libglvnd-core-dev libglvnd-dev libglx-dev libgraphene-1.0-0 libgraphite2-dev
desktop	Native Tauri prerequisites and approved Rust compiler	2026-10-03T12:20:00.2300257Z   libgstreamer-gl1.0-0 libgstreamer-plugins-base1.0-0
desktop	Native Tauri prerequisites and approved Rust compiler	2026-10-03T12:20:00.2301123Z   libgstreamer-plugins-good1.0-0 libgtk-3-dev libharfbuzz-cairo0
desktop	Native Tauri prerequisites and approved Rust compiler	2026-10-03T12:20:00.2301708Z   libharfbuzz-dev libharfbuzz-gobject0 libharfbuzz-icu0 libharfbuzz-subset0
desktop	Native Tauri prerequisites and approved Rust compiler	2026-10-03T12:20:00.2302212Z   libhyphen0 libice-dev libiec61883-0 libjavascriptcoregtk-4.1-0
desktop	Native Tauri prerequisites and approved Rust compiler	2026-10-03T12:20:00.2302656Z   libjavascriptcoregtk-4.1-dev libjbig-dev libjpeg-dev libjpeg-turbo8-dev
desktop	Native Tauri prerequisites and approved Rust compiler	2026-10-03T12:20:00.2303264Z   libjpeg8-dev liblerc-dev liblzma-dev libmanette-0.2-0 libmount-dev
desktop	Native Tauri prerequisites and approved Rust compiler	2026-10-03T12:20:00.2303725Z   libmp3lame0 libmpg123-0t64 libnghttp2-dev libopengl-dev libopengl0 libopus0
desktop	Native Tauri prerequisites and approved Rust compiler	2026-10-03T12:20:00.2304193Z   liborc-0.4-0t64 libpango1.0-dev libpangoxft-1.0-0 libpipewire-0.3-0t64
desktop	Native Tauri prerequisites and approved Rust compiler	2026-10-03T12:20:00.2304657Z   libpipewire-0.3-common libpixman-1-dev libpng-dev libpng-tools libproxy1v5
desktop	Native Tauri prerequisites and approved Rust compiler	2026-10-03T12:20:00.2305185Z   libpsl-dev libpthread-stubs0-dev libpulse0 libraw1394-11 librsvg2-2
desktop	Native Tauri prerequisites and approved Rust compiler	2026-10-03T12:20:00.2305648Z   librsvg2-common librsvg2-dev libsecret-1-0 libsecret-common libselinux1-dev
desktop	Native Tauri prerequisites and approved Rust compiler	2026-10-03T12:20:00.2306253Z   libsepol-dev libsharpyuv-dev libshout3 libsm-dev libsndfile1 libsoup-3.0-0
desktop	Native Tauri prerequisites and approved Rust compiler	2026-10-03T12:20:00.2306688Z   libsoup-3.0-common libsoup-3.0-dev libspa-0.2-modules libspeex1
desktop	Native Tauri prerequisites and approved Rust compiler	2026-10-03T12:20:00.2307140Z   libsysprof-capture-4-dev libtag1v5 libtag1v5-vanilla libthai-dev libtheora0
desktop	Native Tauri prerequisites and approved Rust compiler	2026-10-03T12:20:00.2307596Z   libtiff-dev libtiffxx6 libtwolame0 libv4l-0t64 libv4lconvert0t64
desktop	Native Tauri prerequisites and approved Rust compiler	2026-10-03T12:20:00.2308004Z   libvisual-0.4-0 libvorbisenc2 libvpx9 libwavpack1 libwayland-bin
desktop	Native Tauri prerequisites and approved Rust compiler	2026-10-03T12:20:00.2308459Z   libwayland-dev libwayland-server0 libwebkit2gtk-4.1-0 libwebkit2gtk-4.1-dev
desktop	Native Tauri prerequisites and approved Rust compiler	2026-10-03T12:20:00.2308921Z   libwebp-dev libwebpdecoder3 libwebrtc-audio-processing1 libx11-dev
desktop	Native Tauri prerequisites and approved Rust compiler	2026-10-03T12:20:00.2309384Z   libxau-dev libxcb-render0-dev libxcb-shm0-dev libxcb1-dev libxcomposite-dev
desktop	Native Tauri prerequisites and approved Rust compiler	2026-10-03T12:20:00.2309852Z   libxcursor-dev libxdamage-dev libxdmcp-dev libxext-dev libxfixes-dev
desktop	Native Tauri prerequisites and approved Rust compiler	2026-10-03T12:20:00.2310292Z   libxft-dev libxi-dev libxinerama-dev libxkbcommon-dev libxrandr-dev
desktop	Native Tauri prerequisites and approved Rust compiler	2026-10-03T12:20:00.2310710Z   libxrender-dev libxtst-dev libxv1 pango1.0-tools python3-mako
desktop	Native Tauri prerequisites and approved Rust compiler	2026-10-03T12:20:00.2311156Z   python3-markdown session-migration uuid-dev wayland-protocols x11proto-dev
desktop	Native Tauri prerequisites and approved Rust compiler	2026-10-03T12:20:00.2311648Z   xdg-dbus-proxy xdg-desktop-portal xdg-desktop-portal-gtk xorg-sgml-doctools
desktop	Native Tauri prerequisites and approved Rust compiler	2026-10-03T12:20:00.2311992Z   xtrans-dev
desktop	Native Tauri prerequisites and approved Rust compiler	2026-10-03T12:20:00.2312229Z The following packages will be upgraded:
desktop	Native Tauri prerequisites and approved Rust compiler	2026-10-03T12:20:00.2312541Z   libgbm1 libgl1-mesa-dri libglx-mesa0 mesa-libgallium
desktop	Native Tauri prerequisites and approved Rust compiler	2026-10-03T12:20:00.2478096Z 4 upgraded, 187 newly installed, 0 to remove and 21 not upgraded.
desktop	Native Tauri prerequisites and approved Rust compiler	2026-10-03T12:20:00.2478690Z Need to get 72.9 MB of archives.
desktop	Native Tauri prerequisites and approved Rust compiler	2026-10-03T12:20:00.2479323Z After this operation, 268 MB of additional disk space will be used.
desktop	Native Tauri prerequisites and approved Rust compiler	2026-10-03T12:20:00.2480078Z Get:1 file:/etc/apt/apt-mirrors.txt Mirrorlist [144 B]
desktop	Native Tauri prerequisites and approved Rust compiler	2026-10-03T12:20:00.3569655Z Get:2 http://azure.archive.ubuntu.com/ubuntu noble-updates/main amd64 bubblewrap amd64 0.9.0-1ubuntu0.3 [50.4 kB]
desktop	Native Tauri prerequisites and approved Rust compiler	2026-10-03T12:20:00.4293557Z Get:3 http://azure.archive.ubuntu.com/ubuntu noble/main amd64 build-essential amd64 12.10ubuntu1 [4928 B]
desktop	Native Tauri prerequisites and approved Rust compiler	2026-10-03T12:20:00.4927081Z Get:4 http://azure.archive.ubuntu.com/ubuntu noble-updates/main amd64 bzip2-doc all 1.0.8-5.1ubuntu0.1 [499 kB]
desktop	Native Tauri prerequisites and approved Rust compiler	2026-10-03T12:20:00.6277635Z Get:5 http://azure.archive.ubuntu.com/ubuntu noble/main amd64 gir1.2-atk-1.0 amd64 2.52.0-1build1 [23.1 kB]
desktop	Native Tauri prerequisites and approved Rust compiler	2026-10-03T12:20:00.7650835Z Get:6 http://azure.archive.ubuntu.com/ubuntu noble/main amd64 gir1.2-freedesktop amd64 1.80.1-1 [49.7 kB]
desktop	Native Tauri prerequisites and approved Rust compiler	2026-10-03T12:20:00.8301926Z Get:7 http://azure.archive.ubuntu.com/ubuntu noble-updates/main amd64 gir1.2-gdkpixbuf-2.0 amd64 2.42.10+dfsg-3ubuntu3.3 [9482 B]
desktop	Native Tauri prerequisites and approved Rust compiler	2026-10-03T12:20:00.8947275Z Get:8 http://azure.archive.ubuntu.com/ubuntu noble/main amd64 libharfbuzz-gobject0 amd64 8.3.0-2build2 [34.3 kB]
desktop	Native Tauri prerequisites and approved Rust compiler	2026-10-03T12:20:00.9590084Z Get:9 http://azure.archive.ubuntu.com/ubuntu noble/main amd64 gir1.2-harfbuzz-0.0 amd64 8.3.0-2build2 [44.5 kB]
desktop	Native Tauri prerequisites and approved Rust compiler	2026-10-03T12:20:01.0233870Z Get:10 http://azure.archive.ubuntu.com/ubuntu noble/main amd64 libpangoxft-1.0-0 amd64 1.52.1+ds-1build1 [20.3 kB]
desktop	Native Tauri prerequisites and approved Rust compiler	2026-10-03T12:20:01.0875544Z Get:11 http://azure.archive.ubuntu.com/ubuntu noble/main amd64 gir1.2-pango-1.0 amd64 1.52.1+ds-1build1 [34.8 kB]
desktop	Native Tauri prerequisites and approved Rust compiler	2026-10-03T12:20:01.1681197Z Get:12 http://azure.archive.ubuntu.com/ubuntu noble-updates/main amd64 gir1.2-gtk-3.0 amd64 3.24.41-4ubuntu1.3 [245 kB]
desktop	Native Tauri prerequisites and approved Rust compiler	2026-10-03T12:20:01.2378984Z Get:13 http://azure.archive.ubuntu.com/ubuntu noble/universe amd64 libappindicator3-1 amd64 12.10.1+20.10.20200706.1-0ubuntu5 [23.3 kB]
desktop	Native Tauri prerequisites and approved Rust compiler	2026-10-03T12:20:01.3385174Z Get:14 http://azure.archive.ubuntu.com/ubuntu noble/universe amd64 gir1.2-appindicator3-0.1 amd64 12.10.1+20.10.20200706.1-0ubuntu5 [3520 B]
desktop	Native Tauri prerequisites and approved Rust compiler	2026-10-03T12:20:01.4188062Z Get:15 http://azure.archive.ubuntu.com/ubuntu noble/main amd64 gir1.2-atspi-2.0 amd64 2.52.0-1build1 [19.8 kB]
desktop	Native Tauri prerequisites and approved Rust compiler	2026-10-03T12:20:01.5798870Z Get:16 http://azure.archive.ubuntu.com/ubuntu noble/main amd64 gir1.2-dbusmenu-glib-0.4 amd64 18.10.20180917~bzr492+repack1-3.1ubuntu5 [7088 B]
desktop	Native Tauri prerequisites and approved Rust compiler	2026-10-03T12:20:01.7001796Z Get:17 http://azure.archive.ubuntu.com/ubuntu noble-updates/main amd64 gir1.2-glib-2.0-dev amd64 2.80.0-6ubuntu3.9 [848 kB]
desktop	Native Tauri prerequisites and approved Rust compiler	2026-10-03T12:20:01.7813524Z Get:18 http://azure.archive.ubuntu.com/ubuntu noble/main amd64 gir1.2-freedesktop-dev amd64 1.80.1-1 [28.8 kB]
desktop	Native Tauri prerequisites and approved Rust compiler	2026-10-03T12:20:01.8816155Z Get:19 http://azure.archive.ubuntu.com/ubuntu noble/main amd64 gir1.2-girepository-2.0-dev amd64 1.80.1-1 [41.5 kB]
desktop	Native Tauri prerequisites and approved Rust compiler	2026-10-03T12:20:01.9506807Z Get:20 http://azure.archive.ubuntu.com/ubuntu noble-updates/main amd64 libjavascriptcoregtk-4.1-0 amd64 2.52.6-0ubuntu0.24.04.1 [8156 kB]
desktop	Native Tauri prerequisites and approved Rust compiler	2026-10-03T12:20:02.1923538Z Get:21 http://azure.archive.ubuntu.com/ubuntu noble-updates/main amd64 gir1.2-javascriptcoregtk-4.1 amd64 2.52.6-0ubuntu0.24.04.1 [38.6 kB]
desktop	Native Tauri prerequisites and approved Rust compiler	2026-10-03T12:20:02.3111600Z Get:22 http://azure.archive.ubuntu.com/ubuntu noble/main amd64 librsvg2-2 amd64 2.58.0+dfsg-1build1 [2135 kB]
desktop	Native Tauri prerequisites and approved Rust compiler	2026-10-03T12:20:02.4336684Z Get:23 http://azure.archive.ubuntu.com/ubuntu noble/main amd64 gir1.2-rsvg-2.0 amd64 2.58.0+dfsg-1build1 [11.1 kB]
desktop	Native Tauri prerequisites and approved Rust compiler	2026-10-03T12:20:02.4977110Z Get:24 http://azure.archive.ubuntu.com/ubuntu noble/main amd64 libproxy1v5 amd64 0.5.4-4build1 [26.5 kB]
desktop	Native Tauri prerequisites and approved Rust compiler	2026-10-03T12:20:02.5617579Z Get:25 http://azure.archive.ubuntu.com/ubuntu noble/main amd64 glib-networking-common all 2.80.0-1build1 [6702 B]
desktop	Native Tauri prerequisites and approved Rust compiler	2026-10-03T12:20:02.6257259Z Get:26 http://azure.archive.ubuntu.com/ubuntu noble/main amd64 glib-networking-services amd64 2.80.0-1build1 [12.8 kB]
desktop	Native Tauri prerequisites and approved Rust compiler	2026-10-03T12:20:02.6898492Z Get:27 http://azure.archive.ubuntu.com/ubuntu noble/main amd64 session-migration amd64 0.3.9build1 [9034 B]
desktop	Native Tauri prerequisites and approved Rust compiler	2026-10-03T12:20:02.7628391Z Get:28 http://azure.archive.ubuntu.com/ubuntu noble-updates/main amd64 gsettings-desktop-schemas all 46.1-0ubuntu1 [35.6 kB]
desktop	Native Tauri prerequisites and approved Rust compiler	2026-10-03T12:20:02.8290924Z Get:29 http://azure.archive.ubuntu.com/ubuntu noble/main amd64 glib-networking amd64 2.80.0-1build1 [64.1 kB]
desktop	Native Tauri prerequisites and approved Rust compiler	2026-10-03T12:20:02.9132804Z Get:30 http://azure.archive.ubuntu.com/ubuntu noble-updates/main amd64 libsoup-3.0-common all 3.4.4-5ubuntu0.8 [11.7 kB]
desktop	Native Tauri prerequisites and approved Rust compiler	2026-10-03T12:20:02.9836525Z Get:31 http://azure.archive.ubuntu.com/ubuntu noble-updates/main amd64 libsoup-3.0-0 amd64 3.4.4-5ubuntu0.8 [290 kB]
desktop	Native Tauri prerequisites and approved Rust compiler	2026-10-03T12:20:03.0514468Z Get:32 http://azure.archive.ubuntu.com/ubuntu noble-updates/main amd64 gir1.2-soup-3.0 amd64 3.4.4-5ubuntu0.8 [22.5 kB]
desktop	Native Tauri prerequisites and approved Rust compiler	2026-10-03T12:20:03.1144853Z Get:33 http://azure.archive.ubuntu.com/ubuntu noble/main amd64 libcdparanoia0 amd64 3.10.2+debian-14build3 [48.5 kB]
desktop	Native Tauri prerequisites and approved Rust compiler	2026-10-03T12:20:03.1782255Z Get:34 http://azure.archive.ubuntu.com/ubuntu noble-updates/main amd64 liborc-0.4-0t64 amd64 1:0.4.38-1ubuntu0.1 [207 kB]
desktop	Native Tauri prerequisites and approved Rust compiler	2026-10-03T12:20:03.2445862Z Get:35 http://azure.archive.ubuntu.com/ubuntu noble-updates/main amd64 libgstreamer-plugins-base1.0-0 amd64 1.24.2-1ubuntu0.5 [862 kB]
desktop	Native Tauri prerequisites and approved Rust compiler	2026-10-03T12:20:03.3243149Z Get:36 http://azure.archive.ubuntu.com/ubuntu noble/main amd64 libopus0 amd64 1.4-1build1 [208 kB]
desktop	Native Tauri prerequisites and approved Rust compiler	2026-10-03T12:20:03.3911889Z Get:37 http://azure.archive.ubuntu.com/ubuntu noble/main amd64 libtheora0 amd64 1.1.1+dfsg.1-16.1build3 [211 kB]
desktop	Native Tauri prerequisites and approved Rust compiler	2026-10-03T12:20:03.4575265Z Get:38 http://azure.archive.ubuntu.com/ubuntu noble/main amd64 libvisual-0.4-0 amd64 0.4.2-2build1 [115 kB]
desktop	Native Tauri prerequisites and approved Rust compiler	2026-10-03T12:20:03.5225117Z Get:39 http://azure.archive.ubuntu.com/ubuntu noble/main amd64 libvorbisenc2 amd64 1.3.7-1build3 [80.8 kB]
desktop	Native Tauri prerequisites and approved Rust compiler	2026-10-03T12:20:03.5863812Z Get:40 http://azure.archive.ubuntu.com/ubuntu noble-updates/main amd64 gstreamer1.0-plugins-base amd64 1.24.2-1ubuntu0.5 [721 kB]
desktop	Native Tauri prerequisites and approved Rust compiler	2026-10-03T12:20:03.6625869Z Get:41 http://azure.archive.ubuntu.com/ubuntu noble/main amd64 libaa1 amd64 1.4p5-51.1 [49.9 kB]
desktop	Native Tauri prerequisites and approved Rust compiler	2026-10-03T12:20:03.7264885Z Get:42 http://azure.archive.ubuntu.com/ubuntu noble/main amd64 libraw1394-11 amd64 2.1.2-2build3 [26.2 kB]
desktop	Native Tauri prerequisites and approved Rust compiler	2026-10-03T12:20:03.7896373Z Get:43 http://azure.archive.ubuntu.com/ubuntu noble/main amd64 libavc1394-0 amd64 0.5.4-5build3 [15.4 kB]
desktop	Native Tauri prerequisites and approved Rust compiler	2026-10-03T12:20:03.8528590Z Get:44 http://azure.archive.ubuntu.com/ubuntu noble-updates/main amd64 libcaca0 amd64 0.99.beta20-4ubuntu0.2 [209 kB]
desktop	Native Tauri prerequisites and approved Rust compiler	2026-10-03T12:20:03.9193470Z Get:45 http://azure.archive.ubuntu.com/ubuntu noble/main amd64 libdv4t64 amd64 1.0.0-17.1build1 [63.2 kB]
desktop	Native Tauri prerequisites and approved Rust compiler	2026-10-03T12:20:04.0474023Z Get:46 http://azure.archive.ubuntu.com/ubuntu noble/main amd64 libflac12t64 amd64 1.4.3+ds-2.1ubuntu2 [197 kB]
desktop	Native Tauri prerequisites and approved Rust compiler	2026-10-03T12:20:04.3769706Z Get:47 http://azure.archive.ubuntu.com/ubuntu noble-updates/main amd64 libgstreamer-plugins-good1.0-0 amd64 1.24.2-1ubuntu1.8 [34.3 kB]
desktop	Native Tauri prerequisites and approved Rust compiler	2026-10-03T12:20:04.4483306Z Get:48 http://azure.archive.ubuntu.com/ubuntu noble/main amd64 libiec61883-0 amd64 1.2.0-6build1 [24.5 kB]
desktop	Native Tauri prerequisites and approved Rust compiler	2026-10-03T12:20:04.5177432Z Get:49 http://azure.archive.ubuntu.com/ubuntu noble/main amd64 libmp3lame0 amd64 3.100-6build1 [142 kB]
desktop	Native Tauri prerequisites and approved Rust compiler	2026-10-03T12:20:04.6149363Z Get:50 http://azure.archive.ubuntu.com/ubuntu noble-updates/main amd64 libmpg123-0t64 amd64 1.32.5-1ubuntu1.1 [169 kB]
desktop	Native Tauri prerequisites and approved Rust compiler	2026-10-03T12:20:04.7175585Z Get:51 http://azure.archive.ubuntu.com/ubuntu noble/main amd64 libasyncns0 amd64 0.8-6build4 [11.3 kB]
desktop	Native Tauri prerequisites and approved Rust compiler	2026-10-03T12:20:04.7816479Z Get:52 http://azure.archive.ubuntu.com/ubuntu noble-updates/main amd64 libsndfile1 amd64 1.2.2-1ubuntu5.24.04.1 [209 kB]
desktop	Native Tauri prerequisites and approved Rust compiler	2026-10-03T12:20:04.8890382Z Get:53 http://azure.archive.ubuntu.com/ubuntu noble-updates/main amd64 libpulse0 amd64 1:16.1+dfsg1-2ubuntu10.1 [292 kB]
desktop	Native Tauri prerequisites and approved Rust compiler	2026-10-03T12:20:05.0669783Z Get:54 http://azure.archive.ubuntu.com/ubuntu noble-updates/main amd64 libspeex1 amd64 1.2.1-2ubuntu2.24.04.1 [59.6 kB]
desktop	Native Tauri prerequisites and approved Rust compiler	2026-10-03T12:20:05.2743782Z Get:55 http://azure.archive.ubuntu.com/ubuntu noble/main amd64 libshout3 amd64 2.4.6-1build2 [50.3 kB]
desktop	Native Tauri prerequisites and approved Rust compiler	2026-10-03T12:20:05.3725537Z Get:56 http://azure.archive.ubuntu.com/ubuntu noble/main amd64 libtag1v5-vanilla amd64 1.13.1-1build1 [326 kB]
desktop	Native Tauri prerequisites and approved Rust compiler	2026-10-03T12:20:05.4463367Z Get:57 http://azure.archive.ubuntu.com/ubuntu noble/main amd64 libtag1v5 amd64 1.13.1-1build1 [11.7 kB]
desktop	Native Tauri prerequisites and approved Rust compiler	2026-10-03T12:20:05.5103873Z Get:58 http://azure.archive.ubuntu.com/ubuntu noble/main amd64 libtwolame0 amd64 0.4.0-2build3 [52.3 kB]
desktop	Native Tauri prerequisites and approved Rust compiler	2026-10-03T12:20:05.5760247Z Get:59 http://azure.archive.ubuntu.com/ubuntu noble/main amd64 libv4lconvert0t64 amd64 1.26.1-4build3 [87.6 kB]
desktop	Native Tauri prerequisites and approved Rust compiler	2026-10-03T12:20:05.6409564Z Get:60 http://azure.archive.ubuntu.com/ubuntu noble/main amd64 libv4l-0t64 amd64 1.26.1-4build3 [46.9 kB]
desktop	Native Tauri prerequisites and approved Rust compiler	2026-10-03T12:20:05.7054430Z Get:61 http://azure.archive.ubuntu.com/ubuntu noble-updates/main amd64 libvpx9 amd64 1.14.0-1ubuntu2.3 [1143 kB]
desktop	Native Tauri prerequisites and approved Rust compiler	2026-10-03T12:20:05.7918792Z Get:62 http://azure.archive.ubuntu.com/ubuntu noble/main amd64 libwavpack1 amd64 5.6.0-1build1 [84.6 kB]
desktop	Native Tauri prerequisites and approved Rust compiler	2026-10-03T12:20:05.8572012Z Get:63 http://azure.archive.ubuntu.com/ubuntu noble-updates/main amd64 gstreamer1.0-plugins-good amd64 1.24.2-1ubuntu1.8 [2236 kB]
desktop	Native Tauri prerequisites and approved Rust compiler	2026-10-03T12:20:05.9662281Z Get:64 http://azure.archive.ubuntu.com/ubuntu noble/main amd64 libgles2 amd64 1.7.0-1build1 [17.1 kB]
desktop	Native Tauri prerequisites and approved Rust compiler	2026-10-03T12:20:06.0302916Z Get:65 http://azure.archive.ubuntu.com/ubuntu noble-updates/main amd64 xdg-dbus-proxy amd64 0.1.5-1ubuntu0.2 [26.4 kB]
desktop	Native Tauri prerequisites and approved Rust compiler	2026-10-03T12:20:06.0944250Z Get:66 http://azure.archive.ubuntu.com/ubuntu noble-updates/main amd64 libgl1-mesa-dri amd64 25.2.8-0ubuntu0.24.04.4 [38.0 kB]
desktop	Native Tauri prerequisites and approved Rust compiler	2026-10-03T12:20:06.1589432Z Get:67 http://azure.archive.ubuntu.com/ubuntu noble-updates/main amd64 libglx-mesa0 amd64 25.2.8-0ubuntu0.24.04.4 [110 kB]
desktop	Native Tauri prerequisites and approved Rust compiler	2026-10-03T12:20:06.2251328Z Get:68 http://azure.archive.ubuntu.com/ubuntu noble-updates/main amd64 libgbm1 amd64 25.2.8-0ubuntu0.24.04.4 [34.2 kB]
desktop	Native Tauri prerequisites and approved Rust compiler	2026-10-03T12:20:06.2905327Z Get:69 http://azure.archive.ubuntu.com/ubuntu noble-updates/main amd64 mesa-libgallium amd64 25.2.8-0ubuntu0.24.04.4 [10.8 MB]
desktop	Native Tauri prerequisites and approved Rust compiler	2026-10-03T12:20:06.5737363Z Get:70 http://azure.archive.ubuntu.com/ubuntu noble-updates/main amd64 libegl-mesa0 amd64 25.2.8-0ubuntu0.24.04.4 [117 kB]
desktop	Native Tauri prerequisites and approved Rust compiler	2026-10-03T12:20:06.6398951Z Get:71 http://azure.archive.ubuntu.com/ubuntu noble/main amd64 libegl1 amd64 1.7.0-1build1 [28.7 kB]
desktop	Native Tauri prerequisites and approved Rust compiler	2026-10-03T12:20:06.7050267Z Get:72 http://azure.archive.ubuntu.com/ubuntu noble-updates/main amd64 libgstreamer-gl1.0-0 amd64 1.24.2-1ubuntu0.5 [214 kB]
desktop	Native Tauri prerequisites and approved Rust compiler	2026-10-03T12:20:06.7892569Z Get:73 http://azure.archive.ubuntu.com/ubuntu noble/main amd64 libharfbuzz-icu0 amd64 8.3.0-2build2 [13.3 kB]
desktop	Native Tauri prerequisites and approved Rust compiler	2026-10-03T12:20:06.8538973Z Get:74 http://azure.archive.ubuntu.com/ubuntu noble/main amd64 libhyphen0 amd64 2.8.8-7build3 [26.5 kB]
desktop	Native Tauri prerequisites and approved Rust compiler	2026-10-03T12:20:06.9183317Z Get:75 http://azure.archive.ubuntu.com/ubuntu noble/main amd64 libmanette-0.2-0 amd64 0.2.7-1build2 [30.6 kB]
desktop	Native Tauri prerequisites and approved Rust compiler	2026-10-03T12:20:06.9825559Z Get:76 http://azure.archive.ubuntu.com/ubuntu noble/main amd64 libsecret-common all 0.21.4-1build3 [4962 B]
desktop	Native Tauri prerequisites and approved Rust compiler	2026-10-03T12:20:07.0466569Z Get:77 http://azure.archive.ubuntu.com/ubuntu noble/main amd64 libsecret-1-0 amd64 0.21.4-1build3 [116 kB]
desktop	Native Tauri prerequisites and approved Rust compiler	2026-10-03T12:20:07.1126877Z Get:78 http://azure.archive.ubuntu.com/ubuntu noble/main amd64 libwayland-server0 amd64 1.22.0-2.1build1 [33.9 kB]
desktop	Native Tauri prerequisites and approved Rust compiler	2026-10-03T12:20:07.1771164Z Get:79 http://azure.archive.ubuntu.com/ubuntu noble-updates/main amd64 libwebkit2gtk-4.1-0 amd64 2.52.6-0ubuntu0.24.04.1 [25.5 MB]
desktop	Native Tauri prerequisites and approved Rust compiler	2026-10-03T12:20:07.8844704Z Get:80 http://azure.archive.ubuntu.com/ubuntu noble-updates/main amd64 gir1.2-webkit2-4.1 amd64 2.52.6-0ubuntu0.24.04.1 [105 kB]
desktop	Native Tauri prerequisites and approved Rust compiler	2026-10-03T12:20:07.9501091Z Get:81 http://azure.archive.ubuntu.com/ubuntu noble-updates/main amd64 python3-mako all 1.3.2-1ubuntu0.1 [63.4 kB]
desktop	Native Tauri prerequisites and approved Rust compiler	2026-10-03T12:20:08.0147818Z Get:82 http://azure.archive.ubuntu.com/ubuntu noble/main amd64 python3-markdown all 3.5.2-1 [72.0 kB]
desktop	Native Tauri prerequisites and approved Rust compiler	2026-10-03T12:20:08.0798335Z Get:83 http://azure.archive.ubuntu.com/ubuntu noble/main amd64 gobject-introspection-bin amd64 1.80.1-1 [254 kB]
desktop	Native Tauri prerequisites and approved Rust compiler	2026-10-03T12:20:08.1486092Z Get:84 http://azure.archive.ubuntu.com/ubuntu noble-updates/main amd64 libglib2.0-dev-bin amd64 2.80.0-6ubuntu3.9 [138 kB]
desktop	Native Tauri prerequisites and approved Rust compiler	2026-10-03T12:20:08.2150872Z Get:85 http://azure.archive.ubuntu.com/ubuntu noble-updates/main amd64 uuid-dev amd64 2.39.3-9ubuntu6.6 [33.5 kB]
desktop	Native Tauri prerequisites and approved Rust compiler	2026-10-03T12:20:08.2959927Z Get:86 http://azure.archive.ubuntu.com/ubuntu noble-updates/main amd64 libblkid-dev amd64 2.39.3-9ubuntu6.6 [205 kB]
desktop	Native Tauri prerequisites and approved Rust compiler	2026-10-03T12:20:08.4359179Z Get:87 http://azure.archive.ubuntu.com/ubuntu noble/main amd64 libsepol-dev amd64 3.5-2build1 [384 kB]
desktop	Native Tauri prerequisites and approved Rust compiler	2026-10-03T12:20:08.5169177Z Get:88 http://azure.archive.ubuntu.com/ubuntu noble-updates/main amd64 libselinux1-dev amd64 3.5-2ubuntu2.1 [164 kB]
desktop	Native Tauri prerequisites and approved Rust compiler	2026-10-03T12:20:08.6372521Z Get:89 http://azure.archive.ubuntu.com/ubuntu noble-updates/main amd64 libmount-dev amd64 2.39.3-9ubuntu6.6 [14.9 kB]
desktop	Native Tauri prerequisites and approved Rust compiler	2026-10-03T12:20:08.7066399Z Get:90 http://azure.archive.ubuntu.com/ubuntu noble-updates/main amd64 libgirepository-2.0-0 amd64 2.80.0-6ubuntu3.9 [73.5 kB]
desktop	Native Tauri prerequisites and approved Rust compiler	2026-10-03T12:20:08.8576615Z Get:91 http://azure.archive.ubuntu.com/ubuntu noble-updates/main amd64 libglib2.0-dev amd64 2.80.0-6ubuntu3.9 [1860 kB]
desktop	Native Tauri prerequisites and approved Rust compiler	2026-10-03T12:20:09.0178657Z Get:92 http://azure.archive.ubuntu.com/ubuntu noble/main amd64 gobject-introspection amd64 1.80.1-1 [105 kB]
desktop	Native Tauri prerequisites and approved Rust compiler	2026-10-03T12:20:09.0877740Z Get:93 http://azure.archive.ubuntu.com/ubuntu noble/main amd64 libgraphene-1.0-0 amd64 1.10.8-3build2 [46.2 kB]
desktop	Native Tauri prerequisites and approved Rust compiler	2026-10-03T12:20:09.1784180Z Get:94 http://azure.archive.ubuntu.com/ubuntu noble-updates/main amd64 gstreamer1.0-gl amd64 1.24.2-1ubuntu0.5 [116 kB]
desktop	Native Tauri prerequisites and approved Rust compiler	2026-10-03T12:20:09.2987653Z Get:95 http://azure.archive.ubuntu.com/ubuntu noble/main amd64 libxv1 amd64 2:1.0.11-1.1build1 [10.7 kB]
desktop	Native Tauri prerequisites and approved Rust compiler	2026-10-03T12:20:09.3894494Z Get:96 http://azure.archive.ubuntu.com/ubuntu noble-updates/main amd64 gstreamer1.0-x amd64 1.24.2-1ubuntu0.5 [85.1 kB]
desktop	Native Tauri prerequisites and approved Rust compiler	2026-10-03T12:20:09.4990292Z Get:97 http://azure.archive.ubuntu.com/ubuntu noble/main amd64 libdbusmenu-glib-dev amd64 18.10.20180917~bzr492+repack1-3.1ubuntu5 [70.6 kB]
desktop	Native Tauri prerequisites and approved Rust compiler	2026-10-03T12:20:09.6100044Z Get:98 http://azure.archive.ubuntu.com/ubuntu noble-updates/main amd64 libdbus-1-dev amd64 1.14.10-4ubuntu4.1 [190 kB]
desktop	Native Tauri prerequisites and approved Rust compiler	2026-10-03T12:20:09.7309082Z Get:99 http://azure.archive.ubuntu.com/ubuntu noble/main amd64 libdbus-glib-1-2 amd64 0.112-3build2 [64.2 kB]
desktop	Native Tauri prerequisites and approved Rust compiler	2026-10-03T12:20:09.8511867Z Get:100 http://azure.archive.ubuntu.com/ubuntu noble/universe amd64 libdbus-glib-1-dev-bin amd64 0.112-3build2 [43.5 kB]
desktop	Native Tauri prerequisites and approved Rust compiler	2026-10-03T12:20:09.9810716Z Get:101 http://azure.archive.ubuntu.com/ubuntu noble/universe amd64 libdbus-glib-1-dev amd64 0.112-3build2 [81.2 kB]
desktop	Native Tauri prerequisites and approved Rust compiler	2026-10-03T12:20:10.1018851Z Get:102 http://azure.archive.ubuntu.com/ubuntu noble/main amd64 libatk1.0-dev amd64 2.52.0-1build1 [100 kB]
desktop	Native Tauri prerequisites and approved Rust compiler	2026-10-03T12:20:10.2279421Z Get:103 http://azure.archive.ubuntu.com/ubuntu noble/main amd64 xorg-sgml-doctools all 1:1.11-1.1 [10.9 kB]
desktop	Native Tauri prerequisites and approved Rust compiler	2026-10-03T12:20:10.3524710Z Get:104 http://azure.archive.ubuntu.com/ubuntu noble/main amd64 x11proto-dev all 2023.2-1 [602 kB]
desktop	Native Tauri prerequisites and approved Rust compiler	2026-10-03T12:20:10.4734494Z Get:105 http://azure.archive.ubuntu.com/ubuntu noble/main amd64 libxau-dev amd64 1:1.0.9-1build6 [9570 B]
desktop	Native Tauri prerequisites and approved Rust compiler	2026-10-03T12:20:10.5942912Z Get:106 http://azure.archive.ubuntu.com/ubuntu noble/main amd64 libxdmcp-dev amd64 1:1.1.3-0ubuntu6 [26.5 kB]
desktop	Native Tauri prerequisites and approved Rust compiler	2026-10-03T12:20:10.7155800Z Get:107 http://azure.archive.ubuntu.com/ubuntu noble/main amd64 xtrans-dev all 1.4.0-1 [68.9 kB]
desktop	Native Tauri prerequisites and approved Rust compiler	2026-10-03T12:20:10.8452392Z Get:108 http://azure.archive.ubuntu.com/ubuntu noble/main amd64 libpthread-stubs0-dev amd64 0.4-1build3 [4746 B]
desktop	Native Tauri prerequisites and approved Rust compiler	2026-10-03T12:20:10.9657416Z Get:109 http://azure.archive.ubuntu.com/ubuntu noble/main amd64 libxcb1-dev amd64 1.15-1ubuntu2 [85.8 kB]
desktop	Native Tauri prerequisites and approved Rust compiler	2026-10-03T12:20:11.0870573Z Get:110 http://azure.archive.ubuntu.com/ubuntu noble/main amd64 libx11-dev amd64 2:1.8.7-1build1 [732 kB]
desktop	Native Tauri prerequisites and approved Rust compiler	2026-10-03T12:20:11.2151682Z Get:111 http://azure.archive.ubuntu.com/ubuntu noble/main amd64 libxext-dev amd64 2:1.3.4-1build2 [83.5 kB]
desktop	Native Tauri prerequisites and approved Rust compiler	2026-10-03T12:20:11.3326863Z Get:112 http://azure.archive.ubuntu.com/ubuntu noble/main amd64 libxfixes-dev amd64 1:6.0.0-2build1 [12.1 kB]
desktop	Native Tauri prerequisites and approved Rust compiler	2026-10-03T12:20:11.3962991Z Get:113 http://azure.archive.ubuntu.com/ubuntu noble/main amd64 libxi-dev amd64 2:1.8.1-1build1 [194 kB]
desktop	Native Tauri prerequisites and approved Rust compiler	2026-10-03T12:20:11.4616542Z Get:114 http://azure.archive.ubuntu.com/ubuntu noble/main amd64 libxtst-dev amd64 2:1.2.3-1.1build1 [15.9 kB]
desktop	Native Tauri prerequisites and approved Rust compiler	2026-10-03T12:20:11.5255378Z Get:115 http://azure.archive.ubuntu.com/ubuntu noble/main amd64 libatspi2.0-dev amd64 2.52.0-1build1 [76.2 kB]
desktop	Native Tauri prerequisites and approved Rust compiler	2026-10-03T12:20:11.5894861Z Get:116 http://azure.archive.ubuntu.com/ubuntu noble/main amd64 libatk-bridge2.0-dev amd64 2.52.0-1build1 [4284 B]
desktop	Native Tauri prerequisites and approved Rust compiler	2026-10-03T12:20:11.6528377Z Get:117 http://azure.archive.ubuntu.com/ubuntu noble/main amd64 libcairo-script-interpreter2 amd64 1.18.0-3build1 [60.3 kB]
desktop	Native Tauri prerequisites and approved Rust compiler	2026-10-03T12:20:11.7164989Z Get:118 http://azure.archive.ubuntu.com/ubuntu noble/main amd64 libbrotli-dev amd64 1.1.0-2build2 [353 kB]
desktop	Native Tauri prerequisites and approved Rust compiler	2026-10-03T12:20:11.7822725Z Get:119 http://azure.archive.ubuntu.com/ubuntu noble-updates/main amd64 libbz2-dev amd64 1.0.8-5.1ubuntu0.1 [33.6 kB]
desktop	Native Tauri prerequisites and approved Rust compiler	2026-10-03T12:20:11.8460706Z Get:120 http://azure.archive.ubuntu.com/ubuntu noble-updates/main amd64 libpng-dev amd64 1.6.43-5ubuntu0.6 [265 kB]
desktop	Native Tauri prerequisites and approved Rust compiler	2026-10-03T12:20:11.9119425Z Get:121 http://azure.archive.ubuntu.com/ubuntu noble-updates/main amd64 libfreetype-dev amd64 2.13.2+dfsg-1ubuntu0.1 [575 kB]
desktop	Native Tauri prerequisites and approved Rust compiler	2026-10-03T12:20:11.9796308Z Get:122 http://azure.archive.ubuntu.com/ubuntu noble/main amd64 libfontconfig-dev amd64 2.15.0-1.1ubuntu2 [161 kB]
desktop	Native Tauri prerequisites and approved Rust compiler	2026-10-03T12:20:12.0444860Z Get:123 http://azure.archive.ubuntu.com/ubuntu noble/main amd64 libpixman-1-dev amd64 0.42.2-1build1 [296 kB]
desktop	Native Tauri prerequisites and approved Rust compiler	2026-10-03T12:20:12.1090689Z Get:124 http://azure.archive.ubuntu.com/ubuntu noble/main amd64 libice-dev amd64 2:1.0.10-1build3 [51.0 kB]
desktop	Native Tauri prerequisites and approved Rust compiler	2026-10-03T12:20:12.1724489Z Get:125 http://azure.archive.ubuntu.com/ubuntu noble/main amd64 libsm-dev amd64 2:1.2.3-1build3 [17.8 kB]
desktop	Native Tauri prerequisites and approved Rust compiler	2026-10-03T12:20:12.2358795Z Get:126 http://azure.archive.ubuntu.com/ubuntu noble/main amd64 libxcb-render0-dev amd64 1.15-1ubuntu2 [19.6 kB]
desktop	Native Tauri prerequisites and approved Rust compiler	2026-10-03T12:20:12.2996977Z Get:127 http://azure.archive.ubuntu.com/ubuntu noble/main amd64 libxcb-shm0-dev amd64 1.15-1ubuntu2 [8246 B]
desktop	Native Tauri prerequisites and approved Rust compiler	2026-10-03T12:20:12.3631189Z Get:128 http://azure.archive.ubuntu.com/ubuntu noble/main amd64 libxrender-dev amd64 1:0.9.10-1.1build1 [26.3 kB]
desktop	Native Tauri prerequisites and approved Rust compiler	2026-10-03T12:20:12.4269083Z Get:129 http://azure.archive.ubuntu.com/ubuntu noble/main amd64 libcairo2-dev amd64 1.18.0-3build1 [41.1 kB]
desktop	Native Tauri prerequisites and approved Rust compiler	2026-10-03T12:20:12.4909649Z Get:130 http://azure.archive.ubuntu.com/ubuntu noble/main amd64 libglx-dev amd64 1.7.0-1build1 [14.2 kB]
desktop	Native Tauri prerequisites and approved Rust compiler	2026-10-03T12:20:12.5549775Z Get:131 http://azure.archive.ubuntu.com/ubuntu noble/main amd64 libgl-dev amd64 1.7.0-1build1 [102 kB]
desktop	Native Tauri prerequisites and approved Rust compiler	2026-10-03T12:20:12.6202106Z Get:132 http://azure.archive.ubuntu.com/ubuntu noble/main amd64 libegl-dev amd64 1.7.0-1build1 [18.2 kB]
desktop	Native Tauri prerequisites and approved Rust compiler	2026-10-03T12:20:12.6839465Z Get:133 http://azure.archive.ubuntu.com/ubuntu noble/main amd64 libglvnd-core-dev amd64 1.7.0-1build1 [13.6 kB]
desktop	Native Tauri prerequisites and approved Rust compiler	2026-10-03T12:20:12.7475264Z Get:134 http://azure.archive.ubuntu.com/ubuntu noble/main amd64 libgles1 amd64 1.7.0-1build1 [11.6 kB]
desktop	Native Tauri prerequisites and approved Rust compiler	2026-10-03T12:20:12.8115604Z Get:135 http://azure.archive.ubuntu.com/ubuntu noble/main amd64 libgles-dev amd64 1.7.0-1build1 [50.5 kB]
desktop	Native Tauri prerequisites and approved Rust compiler	2026-10-03T12:20:12.8756531Z Get:136 http://azure.archive.ubuntu.com/ubuntu noble/main amd64 libopengl0 amd64 1.7.0-1build1 [32.8 kB]
desktop	Native Tauri prerequisites and approved Rust compiler	2026-10-03T12:20:12.9393414Z Get:137 http://azure.archive.ubuntu.com/ubuntu noble/main amd64 libopengl-dev amd64 1.7.0-1build1 [3454 B]
desktop	Native Tauri prerequisites and approved Rust compiler	2026-10-03T12:20:13.0028310Z Get:138 http://azure.archive.ubuntu.com/ubuntu noble/main amd64 libglvnd-dev amd64 1.7.0-1build1 [3198 B]
desktop	Native Tauri prerequisites and approved Rust compiler	2026-10-03T12:20:13.0662842Z Get:139 http://azure.archive.ubuntu.com/ubuntu noble-updates/main amd64 libegl1-mesa-dev amd64 25.2.8-0ubuntu0.24.04.4 [26.8 kB]
desktop	Native Tauri prerequisites and approved Rust compiler	2026-10-03T12:20:13.1312132Z Get:140 http://azure.archive.ubuntu.com/ubuntu noble/main amd64 libepoxy-dev amd64 1.5.10-1build1 [132 kB]
desktop	Native Tauri prerequisites and approved Rust compiler	2026-10-03T12:20:13.1953323Z Get:141 http://azure.archive.ubuntu.com/ubuntu noble/main amd64 libfribidi-dev amd64 1.0.13-3build1 [64.8 kB]
desktop	Native Tauri prerequisites and approved Rust compiler	2026-10-03T12:20:13.2590447Z Get:142 http://azure.archive.ubuntu.com/ubuntu noble-updates/main amd64 libgdk-pixbuf2.0-bin amd64 2.42.10+dfsg-3ubuntu3.3 [13.9 kB]
desktop	Native Tauri prerequisites and approved Rust compiler	2026-10-03T12:20:13.3224112Z Get:143 http://azure.archive.ubuntu.com/ubuntu noble/main amd64 libjpeg-turbo8-dev amd64 2.1.5-2ubuntu2 [295 kB]
desktop	Native Tauri prerequisites and approved Rust compiler	2026-10-03T12:20:13.3884560Z Get:144 http://azure.archive.ubuntu.com/ubuntu noble/main amd64 libjpeg8-dev amd64 8c-2ubuntu11 [1484 B]
desktop	Native Tauri prerequisites and approved Rust compiler	2026-10-03T12:20:13.4518153Z Get:145 http://azure.archive.ubuntu.com/ubuntu noble/main amd64 libjpeg-dev amd64 8c-2ubuntu11 [1482 B]
desktop	Native Tauri prerequisites and approved Rust compiler	2026-10-03T12:20:13.5152467Z Get:146 http://azure.archive.ubuntu.com/ubuntu noble/main amd64 libjbig-dev amd64 2.1-6.1ubuntu2 [27.9 kB]
desktop	Native Tauri prerequisites and approved Rust compiler	2026-10-03T12:20:13.5794571Z Get:147 http://azure.archive.ubuntu.com/ubuntu noble-updates/main amd64 liblzma-dev amd64 5.6.1+really5.4.5-1ubuntu0.3 [176 kB]
desktop	Native Tauri prerequisites and approved Rust compiler	2026-10-03T12:20:13.6440511Z Get:148 http://azure.archive.ubuntu.com/ubuntu noble/main amd64 libwebpdecoder3 amd64 1.3.2-0.4build3 [114 kB]
desktop	Native Tauri prerequisites and approved Rust compiler	2026-10-03T12:20:13.7079851Z Get:149 http://azure.archive.ubuntu.com/ubuntu noble/main amd64 libsharpyuv-dev amd64 1.3.2-0.4build3 [16.0 kB]
desktop	Native Tauri prerequisites and approved Rust compiler	2026-10-03T12:20:13.7721746Z Get:150 http://azure.archive.ubuntu.com/ubuntu noble/main amd64 libwebp-dev amd64 1.3.2-0.4build3 [367 kB]
desktop	Native Tauri prerequisites and approved Rust compiler	2026-10-03T12:20:13.8414736Z Get:151 http://azure.archive.ubuntu.com/ubuntu noble-updates/main amd64 libtiffxx6 amd64 4.5.1+git230720-4ubuntu2.5 [5642 B]
desktop	Native Tauri prerequisites and approved Rust compiler	2026-10-03T12:20:13.9048686Z Get:152 http://azure.archive.ubuntu.com/ubuntu noble-updates/main amd64 libdeflate-dev amd64 1.19-1build1.1 [50.9 kB]
desktop	Native Tauri prerequisites and approved Rust compiler	2026-10-03T12:20:13.9687796Z Get:153 http://azure.archive.ubuntu.com/ubuntu noble/main amd64 liblerc-dev amd64 4.0.0+ds-4ubuntu2 [182 kB]
desktop	Native Tauri prerequisites and approved Rust compiler	2026-10-03T12:20:14.0334614Z Get:154 http://azure.archive.ubuntu.com/ubuntu noble-updates/main amd64 libtiff-dev amd64 4.5.1+git230720-4ubuntu2.5 [338 kB]
desktop	Native Tauri prerequisites and approved Rust compiler	2026-10-03T12:20:14.1036671Z Get:155 http://azure.archive.ubuntu.com/ubuntu noble-updates/main amd64 libgdk-pixbuf-2.0-dev amd64 2.42.10+dfsg-3ubuntu3.3 [47.9 kB]
desktop	Native Tauri prerequisites and approved Rust compiler	2026-10-03T12:20:14.1679495Z Get:156 http://azure.archive.ubuntu.com/ubuntu noble/main amd64 libharfbuzz-subset0 amd64 8.3.0-2build2 [448 kB]
desktop	Native Tauri prerequisites and approved Rust compiler	2026-10-03T12:20:14.2403080Z Get:157 http://azure.archive.ubuntu.com/ubuntu noble/main amd64 libharfbuzz-cairo0 amd64 8.3.0-2build2 [26.2 kB]
desktop	Native Tauri prerequisites and approved Rust compiler	2026-10-03T12:20:14.3043080Z Get:158 http://azure.archive.ubuntu.com/ubuntu noble-updates/main amd64 libgraphite2-dev amd64 1.3.14-2ubuntu0.24.04.1 [14.7 kB]
desktop	Native Tauri prerequisites and approved Rust compiler	2026-10-03T12:20:14.3690232Z Get:159 http://azure.archive.ubuntu.com/ubuntu noble/main amd64 libharfbuzz-dev amd64 8.3.0-2build2 [142 kB]
desktop	Native Tauri prerequisites and approved Rust compiler	2026-10-03T12:20:14.4343817Z Get:160 http://azure.archive.ubuntu.com/ubuntu noble/main amd64 libdatrie-dev amd64 0.2.13-3build1 [19.4 kB]
desktop	Native Tauri prerequisites and approved Rust compiler	2026-10-03T12:20:14.4976238Z Get:161 http://azure.archive.ubuntu.com/ubuntu noble/main amd64 libthai-dev amd64 0.1.29-2build1 [26.6 kB]
desktop	Native Tauri prerequisites and approved Rust compiler	2026-10-03T12:20:14.5613461Z Get:162 http://azure.archive.ubuntu.com/ubuntu noble/main amd64 libxft-dev amd64 2.3.6-1build1 [64.3 kB]
desktop	Native Tauri prerequisites and approved Rust compiler	2026-10-03T12:20:14.6250403Z Get:163 http://azure.archive.ubuntu.com/ubuntu noble/main amd64 pango1.0-tools amd64 1.52.1+ds-1build1 [36.7 kB]
desktop	Native Tauri prerequisites and approved Rust compiler	2026-10-03T12:20:14.6889177Z Get:164 http://azure.archive.ubuntu.com/ubuntu noble/main amd64 libpango1.0-dev amd64 1.52.1+ds-1build1 [147 kB]
desktop	Native Tauri prerequisites and approved Rust compiler	2026-10-03T12:20:14.7550844Z Get:165 http://azure.archive.ubuntu.com/ubuntu noble/main amd64 libwayland-bin amd64 1.22.0-2.1build1 [20.6 kB]
desktop	Native Tauri prerequisites and approved Rust compiler	2026-10-03T12:20:14.8186853Z Get:166 http://azure.archive.ubuntu.com/ubuntu noble/main amd64 libwayland-dev amd64 1.22.0-2.1build1 [71.3 kB]
desktop	Native Tauri prerequisites and approved Rust compiler	2026-10-03T12:20:14.8827333Z Get:167 http://azure.archive.ubuntu.com/ubuntu noble/main amd64 libxcomposite-dev amd64 1:0.4.5-1build3 [9374 B]
desktop	Native Tauri prerequisites and approved Rust compiler	2026-10-03T12:20:14.9466606Z Get:168 http://azure.archive.ubuntu.com/ubuntu noble/main amd64 libxcursor-dev amd64 1:1.2.1-1build1 [31.8 kB]
desktop	Native Tauri prerequisites and approved Rust compiler	2026-10-03T12:20:15.0108011Z Get:169 http://azure.archive.ubuntu.com/ubuntu noble/main amd64 libxdamage-dev amd64 1:1.1.6-1build1 [5270 B]
desktop	Native Tauri prerequisites and approved Rust compiler	2026-10-03T12:20:15.0744343Z Get:170 http://azure.archive.ubuntu.com/ubuntu noble/main amd64 libxinerama-dev amd64 2:1.1.4-3build1 [7988 B]
desktop	Native Tauri prerequisites and approved Rust compiler	2026-10-03T12:20:15.1392383Z Get:171 http://azure.archive.ubuntu.com/ubuntu noble/main amd64 libxkbcommon-dev amd64 1.6.0-1build1 [56.3 kB]
desktop	Native Tauri prerequisites and approved Rust compiler	2026-10-03T12:20:15.2043136Z Get:172 http://azure.archive.ubuntu.com/ubuntu noble/main amd64 libxrandr-dev amd64 2:1.5.2-2build1 [26.4 kB]
desktop	Native Tauri prerequisites and approved Rust compiler	2026-10-03T12:20:15.2680153Z Get:173 http://azure.archive.ubuntu.com/ubuntu noble-updates/main amd64 wayland-protocols all 1.45-1~ubuntu0.24.04.2 [114 kB]
desktop	Native Tauri prerequisites and approved Rust compiler	2026-10-03T12:20:15.3954785Z Get:174 http://azure.archive.ubuntu.com/ubuntu noble-updates/main amd64 libgtk-3-dev amd64 3.24.41-4ubuntu1.3 [1096 kB]
desktop	Native Tauri prerequisites and approved Rust compiler	2026-10-03T12:20:15.8755164Z Get:175 http://azure.archive.ubuntu.com/ubuntu noble/universe amd64 libappindicator3-dev amd64 12.10.1+20.10.20200706.1-0ubuntu5 [12.1 kB]
desktop	Native Tauri prerequisites and approved Rust compiler	2026-10-03T12:20:15.9391048Z Get:176 http://azure.archive.ubuntu.com/ubuntu noble/main amd64 libgirepository-1.0-dev amd64 1.80.1-1 [28.5 kB]
desktop	Native Tauri prerequisites and approved Rust compiler	2026-10-03T12:20:16.0036092Z Get:177 http://azure.archive.ubuntu.com/ubuntu noble/main amd64 libgirepository1.0-dev amd64 1.80.1-1 [17.0 kB]
desktop	Native Tauri prerequisites and approved Rust compiler	2026-10-03T12:20:16.0670788Z Get:178 http://azure.archive.ubuntu.com/ubuntu noble-updates/universe amd64 libjavascriptcoregtk-4.1-dev amd64 2.52.6-0ubuntu0.24.04.1 [69.8 kB]
desktop	Native Tauri prerequisites and approved Rust compiler	2026-10-03T12:20:16.1325339Z Get:179 http://azure.archive.ubuntu.com/ubuntu noble-updates/main amd64 libnghttp2-dev amd64 1.59.0-1ubuntu0.4 [117 kB]
desktop	Native Tauri prerequisites and approved Rust compiler	2026-10-03T12:20:16.2000810Z Get:180 http://azure.archive.ubuntu.com/ubuntu noble/main amd64 libwebrtc-audio-processing1 amd64 0.3.1-0ubuntu6 [290 kB]
desktop	Native Tauri prerequisites and approved Rust compiler	2026-10-03T12:20:16.2747301Z Get:181 http://azure.archive.ubuntu.com/ubuntu noble-updates/main amd64 libspa-0.2-modules amd64 1.0.5-1ubuntu3.3 [628 kB]
desktop	Native Tauri prerequisites and approved Rust compiler	2026-10-03T12:20:16.3628907Z Get:182 http://azure.archive.ubuntu.com/ubuntu noble-updates/main amd64 libpipewire-0.3-0t64 amd64 1.0.5-1ubuntu3.3 [252 kB]
desktop	Native Tauri prerequisites and approved Rust compiler	2026-10-03T12:20:16.4366484Z Get:183 http://azure.archive.ubuntu.com/ubuntu noble-updates/main amd64 libpipewire-0.3-common all 1.0.5-1ubuntu3.3 [19.5 kB]
desktop	Native Tauri prerequisites and approved Rust compiler	2026-10-03T12:20:16.5689527Z Get:184 http://azure.archive.ubuntu.com/ubuntu noble-updates/main amd64 libpng-tools amd64 1.6.43-5ubuntu0.6 [28.5 kB]
desktop	Native Tauri prerequisites and approved Rust compiler	2026-10-03T12:20:16.6969046Z Get:185 http://azure.archive.ubuntu.com/ubuntu noble/main amd64 libpsl-dev amd64 0.21.2-1.1build1 [76.4 kB]
desktop	Native Tauri prerequisites and approved Rust compiler	2026-10-03T12:20:16.7608504Z Get:186 http://azure.archive.ubuntu.com/ubuntu noble/main amd64 librsvg2-common amd64 2.58.0+dfsg-1build1 [11.8 kB]
desktop	Native Tauri prerequisites and approved Rust compiler	2026-10-03T12:20:16.8241464Z Get:187 http://azure.archive.ubuntu.com/ubuntu noble/universe amd64 librsvg2-dev amd64 2.58.0+dfsg-1build1 [38.0 kB]
desktop	Native Tauri prerequisites and approved Rust compiler	2026-10-03T12:20:16.8901384Z Get:188 http://azure.archive.ubuntu.com/ubuntu noble/universe amd64 libsysprof-capture-4-dev amd64 46.0-1build1 [51.0 kB]
desktop	Native Tauri prerequisites and approved Rust compiler	2026-10-03T12:20:16.9539712Z Get:189 http://azure.archive.ubuntu.com/ubuntu noble-updates/universe amd64 libsoup-3.0-dev amd64 3.4.4-5ubuntu0.8 [105 kB]
desktop	Native Tauri prerequisites and approved Rust compiler	2026-10-03T12:20:17.0185142Z Get:190 http://azure.archive.ubuntu.com/ubuntu noble-updates/universe amd64 libwebkit2gtk-4.1-dev amd64 2.52.6-0ubuntu0.24.04.1 [290 kB]
desktop	Native Tauri prerequisites and approved Rust compiler	2026-10-03T12:20:17.0871057Z Get:191 http://azure.archive.ubuntu.com/ubuntu noble-updates/main amd64 xdg-desktop-portal amd64 1.18.4-1ubuntu2.24.04.3 [307 kB]
desktop	Native Tauri prerequisites and approved Rust compiler	2026-10-03T12:20:17.1560624Z Get:192 http://azure.archive.ubuntu.com/ubuntu noble/main amd64 xdg-desktop-portal-gtk amd64 1.15.1-1build2 [80.3 kB]
desktop	Native Tauri prerequisites and approved Rust compiler	2026-10-03T12:20:17.4776730Z Fetched 72.9 MB in 17s (4311 kB/s)
desktop	Native Tauri prerequisites and approved Rust compiler	2026-10-03T12:20:17.5132628Z Selecting previously unselected package bubblewrap.
desktop	Native Tauri prerequisites and approved Rust compiler	2026-10-03T12:20:17.5408747Z (Reading database ... 
desktop	Native Tauri prerequisites and approved Rust compiler	2026-10-03T12:20:17.5409015Z (Reading database ... 5%
desktop	Native Tauri prerequisites and approved Rust compiler	2026-10-03T12:20:17.5409190Z (Reading database ... 10%
desktop	Native Tauri prerequisites and approved Rust compiler	2026-10-03T12:20:17.5409335Z (Reading database ... 15%
desktop	Native Tauri prerequisites and approved Rust compiler	2026-10-03T12:20:17.5409495Z (Reading database ... 20%
desktop	Native Tauri prerequisites and approved Rust compiler	2026-10-03T12:20:17.5409625Z (Reading database ... 25%
desktop	Native Tauri prerequisites and approved Rust compiler	2026-10-03T12:20:17.5409753Z (Reading database ... 30%
desktop	Native Tauri prerequisites and approved Rust compiler	2026-10-03T12:20:17.5409886Z (Reading database ... 35%
desktop	Native Tauri prerequisites and approved Rust compiler	2026-10-03T12:20:17.5410269Z (Reading database ... 40%
desktop	Native Tauri prerequisites and approved Rust compiler	2026-10-03T12:20:17.5410467Z (Reading database ... 45%
desktop	Native Tauri prerequisites and approved Rust compiler	2026-10-03T12:20:17.5410609Z (Reading database ... 50%
desktop	Native Tauri prerequisites and approved Rust compiler	2026-10-03T12:20:17.5451991Z (Reading database ... 55%
desktop	Native Tauri prerequisites and approved Rust compiler	2026-10-03T12:20:17.6853813Z (Reading database ... 60%
desktop	Native Tauri prerequisites and approved Rust compiler	2026-10-03T12:20:17.8748770Z (Reading database ... 65%
desktop	Native Tauri prerequisites and approved Rust compiler	2026-10-03T12:20:18.0791260Z (Reading database ... 70%
desktop	Native Tauri prerequisites and approved Rust compiler	2026-10-03T12:20:18.2824371Z (Reading database ... 75%
desktop	Native Tauri prerequisites and approved Rust compiler	2026-10-03T12:20:18.4261572Z (Reading database ... 80%
desktop	Native Tauri prerequisites and approved Rust compiler	2026-10-03T12:20:18.6312245Z (Reading database ... 85%
desktop	Native Tauri prerequisites and approved Rust compiler	2026-10-03T12:20:18.7863232Z (Reading database ... 90%
desktop	Native Tauri prerequisites and approved Rust compiler	2026-10-03T12:20:19.0056623Z (Reading database ... 95%
desktop	Native Tauri prerequisites and approved Rust compiler	2026-10-03T12:20:19.0056953Z (Reading database ... 100%
desktop	Native Tauri prerequisites and approved Rust compiler	2026-10-03T12:20:19.0057325Z (Reading database ... 202296 files and directories currently installed.)
desktop	Native Tauri prerequisites and approved Rust compiler	2026-10-03T12:20:19.0095370Z Preparing to unpack .../000-bubblewrap_0.9.0-1ubuntu0.3_amd64.deb ...
desktop	Native Tauri prerequisites and approved Rust compiler	2026-10-03T12:20:19.0114080Z Unpacking bubblewrap (0.9.0-1ubuntu0.3) ...
desktop	Native Tauri prerequisites and approved Rust compiler	2026-10-03T12:20:19.0337272Z Selecting previously unselected package build-essential.
desktop	Native Tauri prerequisites and approved Rust compiler	2026-10-03T12:20:19.0430702Z Preparing to unpack .../001-build-essential_12.10ubuntu1_amd64.deb ...
desktop	Native Tauri prerequisites and approved Rust compiler	2026-10-03T12:20:19.0437612Z Unpacking build-essential (12.10ubuntu1) ...
desktop	Native Tauri prerequisites and approved Rust compiler	2026-10-03T12:20:19.0601143Z Selecting previously unselected package bzip2-doc.
desktop	Native Tauri prerequisites and approved Rust compiler	2026-10-03T12:20:19.0693816Z Preparing to unpack .../002-bzip2-doc_1.0.8-5.1ubuntu0.1_all.deb ...
desktop	Native Tauri prerequisites and approved Rust compiler	2026-10-03T12:20:19.0700608Z Unpacking bzip2-doc (1.0.8-5.1ubuntu0.1) ...
desktop	Native Tauri prerequisites and approved Rust compiler	2026-10-03T12:20:19.0890542Z Selecting previously unselected package gir1.2-atk-1.0:amd64.
desktop	Native Tauri prerequisites and approved Rust compiler	2026-10-03T12:20:19.0983698Z Preparing to unpack .../003-gir1.2-atk-1.0_2.52.0-1build1_amd64.deb ...
desktop	Native Tauri prerequisites and approved Rust compiler	2026-10-03T12:20:19.0989754Z Unpacking gir1.2-atk-1.0:amd64 (2.52.0-1build1) ...
desktop	Native Tauri prerequisites and approved Rust compiler	2026-10-03T12:20:19.1140787Z Selecting previously unselected package gir1.2-freedesktop:amd64.
desktop	Native Tauri prerequisites and approved Rust compiler	2026-10-03T12:20:19.1231948Z Preparing to unpack .../004-gir1.2-freedesktop_1.80.1-1_amd64.deb ...
desktop	Native Tauri prerequisites and approved Rust compiler	2026-10-03T12:20:19.1238391Z Unpacking gir1.2-freedesktop:amd64 (1.80.1-1) ...
desktop	Native Tauri prerequisites and approved Rust compiler	2026-10-03T12:20:19.1401767Z Selecting previously unselected package gir1.2-gdkpixbuf-2.0:amd64.
desktop	Native Tauri prerequisites and approved Rust compiler	2026-10-03T12:20:19.1490545Z Preparing to unpack .../005-gir1.2-gdkpixbuf-2.0_2.42.10+dfsg-3ubuntu3.3_amd64.deb ...
desktop	Native Tauri prerequisites and approved Rust compiler	2026-10-03T12:20:19.1495860Z Unpacking gir1.2-gdkpixbuf-2.0:amd64 (2.42.10+dfsg-3ubuntu3.3) ...
desktop	Native Tauri prerequisites and approved Rust compiler	2026-10-03T12:20:19.1649606Z Selecting previously unselected package libharfbuzz-gobject0:amd64.
desktop	Native Tauri prerequisites and approved Rust compiler	2026-10-03T12:20:19.1736814Z Preparing to unpack .../006-libharfbuzz-gobject0_8.3.0-2build2_amd64.deb ...
desktop	Native Tauri prerequisites and approved Rust compiler	2026-10-03T12:20:19.1750467Z Unpacking libharfbuzz-gobject0:amd64 (8.3.0-2build2) ...
desktop	Native Tauri prerequisites and approved Rust compiler	2026-10-03T12:20:19.1903152Z Selecting previously unselected package gir1.2-harfbuzz-0.0:amd64.
desktop	Native Tauri prerequisites and approved Rust compiler	2026-10-03T12:20:19.1991539Z Preparing to unpack .../007-gir1.2-harfbuzz-0.0_8.3.0-2build2_amd64.deb ...
desktop	Native Tauri prerequisites and approved Rust compiler	2026-10-03T12:20:19.2136602Z Unpacking gir1.2-harfbuzz-0.0:amd64 (8.3.0-2build2) ...
desktop	Native Tauri prerequisites and approved Rust compiler	2026-10-03T12:20:19.2304184Z Selecting previously unselected package libpangoxft-1.0-0:amd64.
desktop	Native Tauri prerequisites and approved Rust compiler	2026-10-03T12:20:19.2393998Z Preparing to unpack .../008-libpangoxft-1.0-0_1.52.1+ds-1build1_amd64.deb ...
desktop	Native Tauri prerequisites and approved Rust compiler	2026-10-03T12:20:19.2401774Z Unpacking libpangoxft-1.0-0:amd64 (1.52.1+ds-1build1) ...
desktop	Native Tauri prerequisites and approved Rust compiler	2026-10-03T12:20:19.2557798Z Selecting previously unselected package gir1.2-pango-1.0:amd64.
desktop	Native Tauri prerequisites and approved Rust compiler	2026-10-03T12:20:19.2649206Z Preparing to unpack .../009-gir1.2-pango-1.0_1.52.1+ds-1build1_amd64.deb ...
desktop	Native Tauri prerequisites and approved Rust compiler	2026-10-03T12:20:19.2655470Z Unpacking gir1.2-pango-1.0:amd64 (1.52.1+ds-1build1) ...
desktop	Native Tauri prerequisites and approved Rust compiler	2026-10-03T12:20:19.2814360Z Selecting previously unselected package gir1.2-gtk-3.0:amd64.
desktop	Native Tauri prerequisites and approved Rust compiler	2026-10-03T12:20:19.2907442Z Preparing to unpack .../010-gir1.2-gtk-3.0_3.24.41-4ubuntu1.3_amd64.deb ...
desktop	Native Tauri prerequisites and approved Rust compiler	2026-10-03T12:20:19.2914533Z Unpacking gir1.2-gtk-3.0:amd64 (3.24.41-4ubuntu1.3) ...
desktop	Native Tauri prerequisites and approved Rust compiler	2026-10-03T12:20:19.3110777Z Selecting previously unselected package libappindicator3-1.
desktop	Native Tauri prerequisites and approved Rust compiler	2026-10-03T12:20:19.3206875Z Preparing to unpack .../011-libappindicator3-1_12.10.1+20.10.20200706.1-0ubuntu5_amd64.deb ...
desktop	Native Tauri prerequisites and approved Rust compiler	2026-10-03T12:20:19.3212899Z Unpacking libappindicator3-1 (12.10.1+20.10.20200706.1-0ubuntu5) ...
desktop	Native Tauri prerequisites and approved Rust compiler	2026-10-03T12:20:19.3375263Z Selecting previously unselected package gir1.2-appindicator3-0.1.
desktop	Native Tauri prerequisites and approved Rust compiler	2026-10-03T12:20:19.3468612Z Preparing to unpack .../012-gir1.2-appindicator3-0.1_12.10.1+20.10.20200706.1-0ubuntu5_amd64.deb ...
desktop	Native Tauri prerequisites and approved Rust compiler	2026-10-03T12:20:19.3473475Z Unpacking gir1.2-appindicator3-0.1 (12.10.1+20.10.20200706.1-0ubuntu5) ...
desktop	Native Tauri prerequisites and approved Rust compiler	2026-10-03T12:20:19.3619427Z Selecting previously unselected package gir1.2-atspi-2.0:amd64.
desktop	Native Tauri prerequisites and approved Rust compiler	2026-10-03T12:20:19.3710673Z Preparing to unpack .../013-gir1.2-atspi-2.0_2.52.0-1build1_amd64.deb ...
desktop	Native Tauri prerequisites and approved Rust compiler	2026-10-03T12:20:19.3715875Z Unpacking gir1.2-atspi-2.0:amd64 (2.52.0-1build1) ...
desktop	Native Tauri prerequisites and approved Rust compiler	2026-10-03T12:20:19.3865618Z Selecting previously unselected package gir1.2-dbusmenu-glib-0.4:amd64.
desktop	Native Tauri prerequisites and approved Rust compiler	2026-10-03T12:20:19.3957142Z Preparing to unpack .../014-gir1.2-dbusmenu-glib-0.4_18.10.20180917~bzr492+repack1-3.1ubuntu5_amd64.deb ...
desktop	Native Tauri prerequisites and approved Rust compiler	2026-10-03T12:20:19.3962887Z Unpacking gir1.2-dbusmenu-glib-0.4:amd64 (18.10.20180917~bzr492+repack1-3.1ubuntu5) ...
desktop	Native Tauri prerequisites and approved Rust compiler	2026-10-03T12:20:19.4210290Z Selecting previously unselected package gir1.2-glib-2.0-dev:amd64.
desktop	Native Tauri prerequisites and approved Rust compiler	2026-10-03T12:20:19.4302983Z Preparing to unpack .../015-gir1.2-glib-2.0-dev_2.80.0-6ubuntu3.9_amd64.deb ...
desktop	Native Tauri prerequisites and approved Rust compiler	2026-10-03T12:20:19.4308966Z Unpacking gir1.2-glib-2.0-dev:amd64 (2.80.0-6ubuntu3.9) ...
desktop	Native Tauri prerequisites and approved Rust compiler	2026-10-03T12:20:19.5128259Z Selecting previously unselected package gir1.2-freedesktop-dev:amd64.
desktop	Native Tauri prerequisites and approved Rust compiler	2026-10-03T12:20:19.5226500Z Preparing to unpack .../016-gir1.2-freedesktop-dev_1.80.1-1_amd64.deb ...
desktop	Native Tauri prerequisites and approved Rust compiler	2026-10-03T12:20:19.5232644Z Unpacking gir1.2-freedesktop-dev:amd64 (1.80.1-1) ...
desktop	Native Tauri prerequisites and approved Rust compiler	2026-10-03T12:20:19.5421051Z Selecting previously unselected package gir1.2-girepository-2.0-dev:amd64.
desktop	Native Tauri prerequisites and approved Rust compiler	2026-10-03T12:20:19.5517251Z Preparing to unpack .../017-gir1.2-girepository-2.0-dev_1.80.1-1_amd64.deb ...
desktop	Native Tauri prerequisites and approved Rust compiler	2026-10-03T12:20:19.5522904Z Unpacking gir1.2-girepository-2.0-dev:amd64 (1.80.1-1) ...
desktop	Native Tauri prerequisites and approved Rust compiler	2026-10-03T12:20:19.5695164Z Selecting previously unselected package libjavascriptcoregtk-4.1-0:amd64.
desktop	Native Tauri prerequisites and approved Rust compiler	2026-10-03T12:20:19.5791915Z Preparing to unpack .../018-libjavascriptcoregtk-4.1-0_2.52.6-0ubuntu0.24.04.1_amd64.deb ...
desktop	Native Tauri prerequisites and approved Rust compiler	2026-10-03T12:20:19.5798370Z Unpacking libjavascriptcoregtk-4.1-0:amd64 (2.52.6-0ubuntu0.24.04.1) ...
desktop	Native Tauri prerequisites and approved Rust compiler	2026-10-03T12:20:19.8083968Z Selecting previously unselected package gir1.2-javascriptcoregtk-4.1:amd64.
desktop	Native Tauri prerequisites and approved Rust compiler	2026-10-03T12:20:19.8176384Z Preparing to unpack .../019-gir1.2-javascriptcoregtk-4.1_2.52.6-0ubuntu0.24.04.1_amd64.deb ...
desktop	Native Tauri prerequisites and approved Rust compiler	2026-10-03T12:20:19.8182494Z Unpacking gir1.2-javascriptcoregtk-4.1:amd64 (2.52.6-0ubuntu0.24.04.1) ...
desktop	Native Tauri prerequisites and approved Rust compiler	2026-10-03T12:20:19.8472540Z Selecting previously unselected package librsvg2-2:amd64.
desktop	Native Tauri prerequisites and approved Rust compiler	2026-10-03T12:20:19.8566122Z Preparing to unpack .../020-librsvg2-2_2.58.0+dfsg-1build1_amd64.deb ...
desktop	Native Tauri prerequisites and approved Rust compiler	2026-10-03T12:20:19.8571664Z Unpacking librsvg2-2:amd64 (2.58.0+dfsg-1build1) ...
desktop	Native Tauri prerequisites and approved Rust compiler	2026-10-03T12:20:19.9138933Z Selecting previously unselected package gir1.2-rsvg-2.0:amd64.
desktop	Native Tauri prerequisites and approved Rust compiler	2026-10-03T12:20:19.9232229Z Preparing to unpack .../021-gir1.2-rsvg-2.0_2.58.0+dfsg-1build1_amd64.deb ...
desktop	Native Tauri prerequisites and approved Rust compiler	2026-10-03T12:20:19.9237084Z Unpacking gir1.2-rsvg-2.0:amd64 (2.58.0+dfsg-1build1) ...
desktop	Native Tauri prerequisites and approved Rust compiler	2026-10-03T12:20:19.9393828Z Selecting previously unselected package libproxy1v5:amd64.
desktop	Native Tauri prerequisites and approved Rust compiler	2026-10-03T12:20:19.9485595Z Preparing to unpack .../022-libproxy1v5_0.5.4-4build1_amd64.deb ...
desktop	Native Tauri prerequisites and approved Rust compiler	2026-10-03T12:20:19.9491685Z Unpacking libproxy1v5:amd64 (0.5.4-4build1) ...
desktop	Native Tauri prerequisites and approved Rust compiler	2026-10-03T12:20:19.9649763Z Selecting previously unselected package glib-networking-common.
desktop	Native Tauri prerequisites and approved Rust compiler	2026-10-03T12:20:19.9742846Z Preparing to unpack .../023-glib-networking-common_2.80.0-1build1_all.deb ...
desktop	Native Tauri prerequisites and approved Rust compiler	2026-10-03T12:20:19.9747801Z Unpacking glib-networking-common (2.80.0-1build1) ...
desktop	Native Tauri prerequisites and approved Rust compiler	2026-10-03T12:20:19.9900012Z Selecting previously unselected package glib-networking-services.
desktop	Native Tauri prerequisites and approved Rust compiler	2026-10-03T12:20:19.9997385Z Preparing to unpack .../024-glib-networking-services_2.80.0-1build1_amd64.deb ...
desktop	Native Tauri prerequisites and approved Rust compiler	2026-10-03T12:20:20.0002878Z Unpacking glib-networking-services (2.80.0-1build1) ...
desktop	Native Tauri prerequisites and approved Rust compiler	2026-10-03T12:20:20.0172279Z Selecting previously unselected package session-migration.
desktop	Native Tauri prerequisites and approved Rust compiler	2026-10-03T12:20:20.0266940Z Preparing to unpack .../025-session-migration_0.3.9build1_amd64.deb ...
desktop	Native Tauri prerequisites and approved Rust compiler	2026-10-03T12:20:20.0271985Z Unpacking session-migration (0.3.9build1) ...
desktop	Native Tauri prerequisites and approved Rust compiler	2026-10-03T12:20:20.0629986Z Selecting previously unselected package gsettings-desktop-schemas.
desktop	Native Tauri prerequisites and approved Rust compiler	2026-10-03T12:20:20.0729046Z Preparing to unpack .../026-gsettings-desktop-schemas_46.1-0ubuntu1_all.deb ...
desktop	Native Tauri prerequisites and approved Rust compiler	2026-10-03T12:20:20.0735006Z Unpacking gsettings-desktop-schemas (46.1-0ubuntu1) ...
desktop	Native Tauri prerequisites and approved Rust compiler	2026-10-03T12:20:20.1113056Z Selecting previously unselected package glib-networking:amd64.
desktop	Native Tauri prerequisites and approved Rust compiler	2026-10-03T12:20:20.1212300Z Preparing to unpack .../027-glib-networking_2.80.0-1build1_amd64.deb ...
desktop	Native Tauri prerequisites and approved Rust compiler	2026-10-03T12:20:20.1221492Z Unpacking glib-networking:amd64 (2.80.0-1build1) ...
desktop	Native Tauri prerequisites and approved Rust compiler	2026-10-03T12:20:20.1392012Z Selecting previously unselected package libsoup-3.0-common.
desktop	Native Tauri prerequisites and approved Rust compiler	2026-10-03T12:20:20.1489094Z Preparing to unpack .../028-libsoup-3.0-common_3.4.4-5ubuntu0.8_all.deb ...
desktop	Native Tauri prerequisites and approved Rust compiler	2026-10-03T12:20:20.1495497Z Unpacking libsoup-3.0-common (3.4.4-5ubuntu0.8) ...
desktop	Native Tauri prerequisites and approved Rust compiler	2026-10-03T12:20:20.1660170Z Selecting previously unselected package libsoup-3.0-0:amd64.
desktop	Native Tauri prerequisites and approved Rust compiler	2026-10-03T12:20:20.1756237Z Preparing to unpack .../029-libsoup-3.0-0_3.4.4-5ubuntu0.8_amd64.deb ...
desktop	Native Tauri prerequisites and approved Rust compiler	2026-10-03T12:20:20.1761516Z Unpacking libsoup-3.0-0:amd64 (3.4.4-5ubuntu0.8) ...
desktop	Native Tauri prerequisites and approved Rust compiler	2026-10-03T12:20:20.1941173Z Selecting previously unselected package gir1.2-soup-3.0:amd64.
desktop	Native Tauri prerequisites and approved Rust compiler	2026-10-03T12:20:20.2036285Z Preparing to unpack .../030-gir1.2-soup-3.0_3.4.4-5ubuntu0.8_amd64.deb ...
desktop	Native Tauri prerequisites and approved Rust compiler	2026-10-03T12:20:20.2041450Z Unpacking gir1.2-soup-3.0:amd64 (3.4.4-5ubuntu0.8) ...
desktop	Native Tauri prerequisites and approved Rust compiler	2026-10-03T12:20:20.2203238Z Selecting previously unselected package libcdparanoia0:amd64.
desktop	Native Tauri prerequisites and approved Rust compiler	2026-10-03T12:20:20.2298148Z Preparing to unpack .../031-libcdparanoia0_3.10.2+debian-14build3_amd64.deb ...
desktop	Native Tauri prerequisites and approved Rust compiler	2026-10-03T12:20:20.2303934Z Unpacking libcdparanoia0:amd64 (3.10.2+debian-14build3) ...
desktop	Native Tauri prerequisites and approved Rust compiler	2026-10-03T12:20:20.2478252Z Selecting previously unselected package liborc-0.4-0t64:amd64.
desktop	Native Tauri prerequisites and approved Rust compiler	2026-10-03T12:20:20.2572574Z Preparing to unpack .../032-liborc-0.4-0t64_1%3a0.4.38-1ubuntu0.1_amd64.deb ...
desktop	Native Tauri prerequisites and approved Rust compiler	2026-10-03T12:20:20.2578837Z Unpacking liborc-0.4-0t64:amd64 (1:0.4.38-1ubuntu0.1) ...
desktop	Native Tauri prerequisites and approved Rust compiler	2026-10-03T12:20:20.2924692Z Selecting previously unselected package libgstreamer-plugins-base1.0-0:amd64.
desktop	Native Tauri prerequisites and approved Rust compiler	2026-10-03T12:20:20.3017488Z Preparing to unpack .../033-libgstreamer-plugins-base1.0-0_1.24.2-1ubuntu0.5_amd64.deb ...
desktop	Native Tauri prerequisites and approved Rust compiler	2026-10-03T12:20:20.3023614Z Unpacking libgstreamer-plugins-base1.0-0:amd64 (1.24.2-1ubuntu0.5) ...
desktop	Native Tauri prerequisites and approved Rust compiler	2026-10-03T12:20:20.3312007Z Selecting previously unselected package libopus0:amd64.
desktop	Native Tauri prerequisites and approved Rust compiler	2026-10-03T12:20:20.3404467Z Preparing to unpack .../034-libopus0_1.4-1build1_amd64.deb ...
desktop	Native Tauri prerequisites and approved Rust compiler	2026-10-03T12:20:20.3409538Z Unpacking libopus0:amd64 (1.4-1build1) ...
desktop	Native Tauri prerequisites and approved Rust compiler	2026-10-03T12:20:20.3583771Z Selecting previously unselected package libtheora0:amd64.
desktop	Native Tauri prerequisites and approved Rust compiler	2026-10-03T12:20:20.3676328Z Preparing to unpack .../035-libtheora0_1.1.1+dfsg.1-16.1build3_amd64.deb ...
desktop	Native Tauri prerequisites and approved Rust compiler	2026-10-03T12:20:20.3681824Z Unpacking libtheora0:amd64 (1.1.1+dfsg.1-16.1build3) ...
desktop	Native Tauri prerequisites and approved Rust compiler	2026-10-03T12:20:20.3864972Z Selecting previously unselected package libvisual-0.4-0:amd64.
desktop	Native Tauri prerequisites and approved Rust compiler	2026-10-03T12:20:20.3956739Z Preparing to unpack .../036-libvisual-0.4-0_0.4.2-2build1_amd64.deb ...
desktop	Native Tauri prerequisites and approved Rust compiler	2026-10-03T12:20:20.3961958Z Unpacking libvisual-0.4-0:amd64 (0.4.2-2build1) ...
desktop	Native Tauri prerequisites and approved Rust compiler	2026-10-03T12:20:20.4138510Z Selecting previously unselected package libvorbisenc2:amd64.
desktop	Native Tauri prerequisites and approved Rust compiler	2026-10-03T12:20:20.4229019Z Preparing to unpack .../037-libvorbisenc2_1.3.7-1build3_amd64.deb ...
desktop	Native Tauri prerequisites and approved Rust compiler	2026-10-03T12:20:20.4235322Z Unpacking libvorbisenc2:amd64 (1.3.7-1build3) ...
desktop	Native Tauri prerequisites and approved Rust compiler	2026-10-03T12:20:20.4406263Z Selecting previously unselected package gstreamer1.0-plugins-base:amd64.
desktop	Native Tauri prerequisites and approved Rust compiler	2026-10-03T12:20:20.4499704Z Preparing to unpack .../038-gstreamer1.0-plugins-base_1.24.2-1ubuntu0.5_amd64.deb ...
desktop	Native Tauri prerequisites and approved Rust compiler	2026-10-03T12:20:20.4505994Z Unpacking gstreamer1.0-plugins-base:amd64 (1.24.2-1ubuntu0.5) ...
desktop	Native Tauri prerequisites and approved Rust compiler	2026-10-03T12:20:20.4953318Z Selecting previously unselected package libaa1:amd64.
desktop	Native Tauri prerequisites and approved Rust compiler	2026-10-03T12:20:20.5048703Z Preparing to unpack .../039-libaa1_1.4p5-51.1_amd64.deb ...
desktop	Native Tauri prerequisites and approved Rust compiler	2026-10-03T12:20:20.5053791Z Unpacking libaa1:amd64 (1.4p5-51.1) ...
desktop	Native Tauri prerequisites and approved Rust compiler	2026-10-03T12:20:20.5233144Z Selecting previously unselected package libraw1394-11:amd64.
desktop	Native Tauri prerequisites and approved Rust compiler	2026-10-03T12:20:20.5326942Z Preparing to unpack .../040-libraw1394-11_2.1.2-2build3_amd64.deb ...
desktop	Native Tauri prerequisites and approved Rust compiler	2026-10-03T12:20:20.5332603Z Unpacking libraw1394-11:amd64 (2.1.2-2build3) ...
desktop	Native Tauri prerequisites and approved Rust compiler	2026-10-03T12:20:20.5495394Z Selecting previously unselected package libavc1394-0:amd64.
desktop	Native Tauri prerequisites and approved Rust compiler	2026-10-03T12:20:20.5588495Z Preparing to unpack .../041-libavc1394-0_0.5.4-5build3_amd64.deb ...
desktop	Native Tauri prerequisites and approved Rust compiler	2026-10-03T12:20:20.5594704Z Unpacking libavc1394-0:amd64 (0.5.4-5build3) ...
desktop	Native Tauri prerequisites and approved Rust compiler	2026-10-03T12:20:20.5754799Z Selecting previously unselected package libcaca0:amd64.
desktop	Native Tauri prerequisites and approved Rust compiler	2026-10-03T12:20:20.5846235Z Preparing to unpack .../042-libcaca0_0.99.beta20-4ubuntu0.2_amd64.deb ...
desktop	Native Tauri prerequisites and approved Rust compiler	2026-10-03T12:20:20.5851655Z Unpacking libcaca0:amd64 (0.99.beta20-4ubuntu0.2) ...
desktop	Native Tauri prerequisites and approved Rust compiler	2026-10-03T12:20:20.6032805Z Selecting previously unselected package libdv4t64:amd64.
desktop	Native Tauri prerequisites and approved Rust compiler	2026-10-03T12:20:20.6123109Z Preparing to unpack .../043-libdv4t64_1.0.0-17.1build1_amd64.deb ...
desktop	Native Tauri prerequisites and approved Rust compiler	2026-10-03T12:20:20.6128746Z Unpacking libdv4t64:amd64 (1.0.0-17.1build1) ...
desktop	Native Tauri prerequisites and approved Rust compiler	2026-10-03T12:20:20.6295291Z Selecting previously unselected package libflac12t64:amd64.
desktop	Native Tauri prerequisites and approved Rust compiler	2026-10-03T12:20:20.6386456Z Preparing to unpack .../044-libflac12t64_1.4.3+ds-2.1ubuntu2_amd64.deb ...
desktop	Native Tauri prerequisites and approved Rust compiler	2026-10-03T12:20:20.6391611Z Unpacking libflac12t64:amd64 (1.4.3+ds-2.1ubuntu2) ...
desktop	Native Tauri prerequisites and approved Rust compiler	2026-10-03T12:20:20.6561935Z Selecting previously unselected package libgstreamer-plugins-good1.0-0:amd64.
desktop	Native Tauri prerequisites and approved Rust compiler	2026-10-03T12:20:20.6653762Z Preparing to unpack .../045-libgstreamer-plugins-good1.0-0_1.24.2-1ubuntu1.8_amd64.deb ...
desktop	Native Tauri prerequisites and approved Rust compiler	2026-10-03T12:20:20.6659280Z Unpacking libgstreamer-plugins-good1.0-0:amd64 (1.24.2-1ubuntu1.8) ...
desktop	Native Tauri prerequisites and approved Rust compiler	2026-10-03T12:20:20.6818513Z Selecting previously unselected package libiec61883-0:amd64.
desktop	Native Tauri prerequisites and approved Rust compiler	2026-10-03T12:20:20.6907988Z Preparing to unpack .../046-libiec61883-0_1.2.0-6build1_amd64.deb ...
desktop	Native Tauri prerequisites and approved Rust compiler	2026-10-03T12:20:20.7093307Z Unpacking libiec61883-0:amd64 (1.2.0-6build1) ...
desktop	Native Tauri prerequisites and approved Rust compiler	2026-10-03T12:20:20.7253979Z Selecting previously unselected package libmp3lame0:amd64.
desktop	Native Tauri prerequisites and approved Rust compiler	2026-10-03T12:20:20.7343660Z Preparing to unpack .../047-libmp3lame0_3.100-6build1_amd64.deb ...
desktop	Native Tauri prerequisites and approved Rust compiler	2026-10-03T12:20:20.7349409Z Unpacking libmp3lame0:amd64 (3.100-6build1) ...
desktop	Native Tauri prerequisites and approved Rust compiler	2026-10-03T12:20:20.7513792Z Selecting previously unselected package libmpg123-0t64:amd64.
desktop	Native Tauri prerequisites and approved Rust compiler	2026-10-03T12:20:20.7603011Z Preparing to unpack .../048-libmpg123-0t64_1.32.5-1ubuntu1.1_amd64.deb ...
desktop	Native Tauri prerequisites and approved Rust compiler	2026-10-03T12:20:20.7609009Z Unpacking libmpg123-0t64:amd64 (1.32.5-1ubuntu1.1) ...
desktop	Native Tauri prerequisites and approved Rust compiler	2026-10-03T12:20:20.7773880Z Selecting previously unselected package libasyncns0:amd64.
desktop	Native Tauri prerequisites and approved Rust compiler	2026-10-03T12:20:20.7861302Z Preparing to unpack .../049-libasyncns0_0.8-6build4_amd64.deb ...
desktop	Native Tauri prerequisites and approved Rust compiler	2026-10-03T12:20:20.7866912Z Unpacking libasyncns0:amd64 (0.8-6build4) ...
desktop	Native Tauri prerequisites and approved Rust compiler	2026-10-03T12:20:20.8165094Z Selecting previously unselected package libsndfile1:amd64.
desktop	Native Tauri prerequisites and approved Rust compiler	2026-10-03T12:20:20.8253240Z Preparing to unpack .../050-libsndfile1_1.2.2-1ubuntu5.24.04.1_amd64.deb ...
desktop	Native Tauri prerequisites and approved Rust compiler	2026-10-03T12:20:20.8258882Z Unpacking libsndfile1:amd64 (1.2.2-1ubuntu5.24.04.1) ...
desktop	Native Tauri prerequisites and approved Rust compiler	2026-10-03T12:20:20.8438933Z Selecting previously unselected package libpulse0:amd64.
desktop	Native Tauri prerequisites and approved Rust compiler	2026-10-03T12:20:20.8526566Z Preparing to unpack .../051-libpulse0_1%3a16.1+dfsg1-2ubuntu10.1_amd64.deb ...
desktop	Native Tauri prerequisites and approved Rust compiler	2026-10-03T12:20:20.8578493Z Unpacking libpulse0:amd64 (1:16.1+dfsg1-2ubuntu10.1) ...
desktop	Native Tauri prerequisites and approved Rust compiler	2026-10-03T12:20:20.8758485Z Selecting previously unselected package libspeex1:amd64.
desktop	Native Tauri prerequisites and approved Rust compiler	2026-10-03T12:20:20.8845472Z Preparing to unpack .../052-libspeex1_1.2.1-2ubuntu2.24.04.1_amd64.deb ...
desktop	Native Tauri prerequisites and approved Rust compiler	2026-10-03T12:20:20.8853414Z Unpacking libspeex1:amd64 (1.2.1-2ubuntu2.24.04.1) ...
desktop	Native Tauri prerequisites and approved Rust compiler	2026-10-03T12:20:20.9007555Z Selecting previously unselected package libshout3:amd64.
desktop	Native Tauri prerequisites and approved Rust compiler	2026-10-03T12:20:20.9093984Z Preparing to unpack .../053-libshout3_2.4.6-1build2_amd64.deb ...
desktop	Native Tauri prerequisites and approved Rust compiler	2026-10-03T12:20:20.9157896Z Unpacking libshout3:amd64 (2.4.6-1build2) ...
desktop	Native Tauri prerequisites and approved Rust compiler	2026-10-03T12:20:20.9357056Z Selecting previously unselected package libtag1v5-vanilla:amd64.
desktop	Native Tauri prerequisites and approved Rust compiler	2026-10-03T12:20:20.9444569Z Preparing to unpack .../054-libtag1v5-vanilla_1.13.1-1build1_amd64.deb ...
desktop	Native Tauri prerequisites and approved Rust compiler	2026-10-03T12:20:20.9453280Z Unpacking libtag1v5-vanilla:amd64 (1.13.1-1build1) ...
desktop	Native Tauri prerequisites and approved Rust compiler	2026-10-03T12:20:20.9631130Z Selecting previously unselected package libtag1v5:amd64.
desktop	Native Tauri prerequisites and approved Rust compiler	2026-10-03T12:20:20.9723061Z Preparing to unpack .../055-libtag1v5_1.13.1-1build1_amd64.deb ...
desktop	Native Tauri prerequisites and approved Rust compiler	2026-10-03T12:20:20.9728854Z Unpacking libtag1v5:amd64 (1.13.1-1build1) ...
desktop	Native Tauri prerequisites and approved Rust compiler	2026-10-03T12:20:20.9884910Z Selecting previously unselected package libtwolame0:amd64.
desktop	Native Tauri prerequisites and approved Rust compiler	2026-10-03T12:20:20.9973739Z Preparing to unpack .../056-libtwolame0_0.4.0-2build3_amd64.deb ...
desktop	Native Tauri prerequisites and approved Rust compiler	2026-10-03T12:20:20.9979593Z Unpacking libtwolame0:amd64 (0.4.0-2build3) ...
desktop	Native Tauri prerequisites and approved Rust compiler	2026-10-03T12:20:21.0146943Z Selecting previously unselected package libv4lconvert0t64:amd64.
desktop	Native Tauri prerequisites and approved Rust compiler	2026-10-03T12:20:21.0238309Z Preparing to unpack .../057-libv4lconvert0t64_1.26.1-4build3_amd64.deb ...
desktop	Native Tauri prerequisites and approved Rust compiler	2026-10-03T12:20:21.0243719Z Unpacking libv4lconvert0t64:amd64 (1.26.1-4build3) ...
desktop	Native Tauri prerequisites and approved Rust compiler	2026-10-03T12:20:21.0415525Z Selecting previously unselected package libv4l-0t64:amd64.
desktop	Native Tauri prerequisites and approved Rust compiler	2026-10-03T12:20:21.0504374Z Preparing to unpack .../058-libv4l-0t64_1.26.1-4build3_amd64.deb ...
desktop	Native Tauri prerequisites and approved Rust compiler	2026-10-03T12:20:21.0510431Z Unpacking libv4l-0t64:amd64 (1.26.1-4build3) ...
desktop	Native Tauri prerequisites and approved Rust compiler	2026-10-03T12:20:21.0682672Z Selecting previously unselected package libvpx9:amd64.
desktop	Native Tauri prerequisites and approved Rust compiler	2026-10-03T12:20:21.0769489Z Preparing to unpack .../059-libvpx9_1.14.0-1ubuntu2.3_amd64.deb ...
desktop	Native Tauri prerequisites and approved Rust compiler	2026-10-03T12:20:21.0775372Z Unpacking libvpx9:amd64 (1.14.0-1ubuntu2.3) ...
desktop	Native Tauri prerequisites and approved Rust compiler	2026-10-03T12:20:21.1273774Z Selecting previously unselected package libwavpack1:amd64.
desktop	Native Tauri prerequisites and approved Rust compiler	2026-10-03T12:20:21.1364410Z Preparing to unpack .../060-libwavpack1_5.6.0-1build1_amd64.deb ...
desktop	Native Tauri prerequisites and approved Rust compiler	2026-10-03T12:20:21.1369861Z Unpacking libwavpack1:amd64 (5.6.0-1build1) ...
desktop	Native Tauri prerequisites and approved Rust compiler	2026-10-03T12:20:21.1520639Z Selecting previously unselected package gstreamer1.0-plugins-good:amd64.
desktop	Native Tauri prerequisites and approved Rust compiler	2026-10-03T12:20:21.1609600Z Preparing to unpack .../061-gstreamer1.0-plugins-good_1.24.2-1ubuntu1.8_amd64.deb ...
desktop	Native Tauri prerequisites and approved Rust compiler	2026-10-03T12:20:21.1614825Z Unpacking gstreamer1.0-plugins-good:amd64 (1.24.2-1ubuntu1.8) ...
desktop	Native Tauri prerequisites and approved Rust compiler	2026-10-03T12:20:21.2207164Z Selecting previously unselected package libgles2:amd64.
desktop	Native Tauri prerequisites and approved Rust compiler	2026-10-03T12:20:21.2297821Z Preparing to unpack .../062-libgles2_1.7.0-1build1_amd64.deb ...
desktop	Native Tauri prerequisites and approved Rust compiler	2026-10-03T12:20:21.2303108Z Unpacking libgles2:amd64 (1.7.0-1build1) ...
desktop	Native Tauri prerequisites and approved Rust compiler	2026-10-03T12:20:21.2453372Z Selecting previously unselected package xdg-dbus-proxy.
desktop	Native Tauri prerequisites and approved Rust compiler	2026-10-03T12:20:21.2542535Z Preparing to unpack .../063-xdg-dbus-proxy_0.1.5-1ubuntu0.2_amd64.deb ...
desktop	Native Tauri prerequisites and approved Rust compiler	2026-10-03T12:20:21.2548034Z Unpacking xdg-dbus-proxy (0.1.5-1ubuntu0.2) ...
desktop	Native Tauri prerequisites and approved Rust compiler	2026-10-03T12:20:21.2798703Z Preparing to unpack .../064-libgl1-mesa-dri_25.2.8-0ubuntu0.24.04.4_amd64.deb ...
desktop	Native Tauri prerequisites and approved Rust compiler	2026-10-03T12:20:21.2905120Z Unpacking libgl1-mesa-dri:amd64 (25.2.8-0ubuntu0.24.04.4) over (25.2.8-0ubuntu0.24.04.2) ...
desktop	Native Tauri prerequisites and approved Rust compiler	2026-10-03T12:20:21.3283321Z Preparing to unpack .../065-libglx-mesa0_25.2.8-0ubuntu0.24.04.4_amd64.deb ...
desktop	Native Tauri prerequisites and approved Rust compiler	2026-10-03T12:20:21.3426473Z Unpacking libglx-mesa0:amd64 (25.2.8-0ubuntu0.24.04.4) over (25.2.8-0ubuntu0.24.04.2) ...
desktop	Native Tauri prerequisites and approved Rust compiler	2026-10-03T12:20:21.3700095Z Preparing to unpack .../066-libgbm1_25.2.8-0ubuntu0.24.04.4_amd64.deb ...
desktop	Native Tauri prerequisites and approved Rust compiler	2026-10-03T12:20:21.3717880Z Unpacking libgbm1:amd64 (25.2.8-0ubuntu0.24.04.4) over (25.2.8-0ubuntu0.24.04.2) ...
desktop	Native Tauri prerequisites and approved Rust compiler	2026-10-03T12:20:21.3994181Z Preparing to unpack .../067-mesa-libgallium_25.2.8-0ubuntu0.24.04.4_amd64.deb ...
desktop	Native Tauri prerequisites and approved Rust compiler	2026-10-03T12:20:21.4012031Z Unpacking mesa-libgallium:amd64 (25.2.8-0ubuntu0.24.04.4) over (25.2.8-0ubuntu0.24.04.2) ...
desktop	Native Tauri prerequisites and approved Rust compiler	2026-10-03T12:20:21.7222637Z Selecting previously unselected package libegl-mesa0:amd64.
desktop	Native Tauri prerequisites and approved Rust compiler	2026-10-03T12:20:21.7316264Z Preparing to unpack .../068-libegl-mesa0_25.2.8-0ubuntu0.24.04.4_amd64.deb ...
desktop	Native Tauri prerequisites and approved Rust compiler	2026-10-03T12:20:21.7321766Z Unpacking libegl-mesa0:amd64 (25.2.8-0ubuntu0.24.04.4) ...
desktop	Native Tauri prerequisites and approved Rust compiler	2026-10-03T12:20:21.7513693Z Selecting previously unselected package libegl1:amd64.
desktop	Native Tauri prerequisites and approved Rust compiler	2026-10-03T12:20:21.7603553Z Preparing to unpack .../069-libegl1_1.7.0-1build1_amd64.deb ...
desktop	Native Tauri prerequisites and approved Rust compiler	2026-10-03T12:20:21.7609532Z Unpacking libegl1:amd64 (1.7.0-1build1) ...
desktop	Native Tauri prerequisites and approved Rust compiler	2026-10-03T12:20:21.7772058Z Selecting previously unselected package libgstreamer-gl1.0-0:amd64.
desktop	Native Tauri prerequisites and approved Rust compiler	2026-10-03T12:20:21.7861286Z Preparing to unpack .../070-libgstreamer-gl1.0-0_1.24.2-1ubuntu0.5_amd64.deb ...
desktop	Native Tauri prerequisites and approved Rust compiler	2026-10-03T12:20:21.7867330Z Unpacking libgstreamer-gl1.0-0:amd64 (1.24.2-1ubuntu0.5) ...
desktop	Native Tauri prerequisites and approved Rust compiler	2026-10-03T12:20:21.8037906Z Selecting previously unselected package libharfbuzz-icu0:amd64.
desktop	Native Tauri prerequisites and approved Rust compiler	2026-10-03T12:20:21.8127275Z Preparing to unpack .../071-libharfbuzz-icu0_8.3.0-2build2_amd64.deb ...
desktop	Native Tauri prerequisites and approved Rust compiler	2026-10-03T12:20:21.8133612Z Unpacking libharfbuzz-icu0:amd64 (8.3.0-2build2) ...
desktop	Native Tauri prerequisites and approved Rust compiler	2026-10-03T12:20:21.8665432Z Selecting previously unselected package libhyphen0:amd64.
desktop	Native Tauri prerequisites and approved Rust compiler	2026-10-03T12:20:21.8754420Z Preparing to unpack .../072-libhyphen0_2.8.8-7build3_amd64.deb ...
desktop	Native Tauri prerequisites and approved Rust compiler	2026-10-03T12:20:21.8760181Z Unpacking libhyphen0:amd64 (2.8.8-7build3) ...
desktop	Native Tauri prerequisites and approved Rust compiler	2026-10-03T12:20:21.8921258Z Selecting previously unselected package libmanette-0.2-0:amd64.
desktop	Native Tauri prerequisites and approved Rust compiler	2026-10-03T12:20:21.9008627Z Preparing to unpack .../073-libmanette-0.2-0_0.2.7-1build2_amd64.deb ...
desktop	Native Tauri prerequisites and approved Rust compiler	2026-10-03T12:20:21.9194163Z Unpacking libmanette-0.2-0:amd64 (0.2.7-1build2) ...
desktop	Native Tauri prerequisites and approved Rust compiler	2026-10-03T12:20:21.9346701Z Selecting previously unselected package libsecret-common.
desktop	Native Tauri prerequisites and approved Rust compiler	2026-10-03T12:20:21.9433446Z Preparing to unpack .../074-libsecret-common_0.21.4-1build3_all.deb ...
desktop	Native Tauri prerequisites and approved Rust compiler	2026-10-03T12:20:21.9438928Z Unpacking libsecret-common (0.21.4-1build3) ...
desktop	Native Tauri prerequisites and approved Rust compiler	2026-10-03T12:20:21.9591962Z Selecting previously unselected package libsecret-1-0:amd64.
desktop	Native Tauri prerequisites and approved Rust compiler	2026-10-03T12:20:21.9681783Z Preparing to unpack .../075-libsecret-1-0_0.21.4-1build3_amd64.deb ...
desktop	Native Tauri prerequisites and approved Rust compiler	2026-10-03T12:20:21.9687884Z Unpacking libsecret-1-0:amd64 (0.21.4-1build3) ...
desktop	Native Tauri prerequisites and approved Rust compiler	2026-10-03T12:20:21.9858011Z Selecting previously unselected package libwayland-server0:amd64.
desktop	Native Tauri prerequisites and approved Rust compiler	2026-10-03T12:20:21.9948802Z Preparing to unpack .../076-libwayland-server0_1.22.0-2.1build1_amd64.deb ...
desktop	Native Tauri prerequisites and approved Rust compiler	2026-10-03T12:20:21.9955082Z Unpacking libwayland-server0:amd64 (1.22.0-2.1build1) ...
desktop	Native Tauri prerequisites and approved Rust compiler	2026-10-03T12:20:22.0118966Z Selecting previously unselected package libwebkit2gtk-4.1-0:amd64.
desktop	Native Tauri prerequisites and approved Rust compiler	2026-10-03T12:20:22.0211208Z Preparing to unpack .../077-libwebkit2gtk-4.1-0_2.52.6-0ubuntu0.24.04.1_amd64.deb ...
desktop	Native Tauri prerequisites and approved Rust compiler	2026-10-03T12:20:22.0609627Z Unpacking libwebkit2gtk-4.1-0:amd64 (2.52.6-0ubuntu0.24.04.1) ...
desktop	Native Tauri prerequisites and approved Rust compiler	2026-10-03T12:20:22.8019367Z Selecting previously unselected package gir1.2-webkit2-4.1:amd64.
desktop	Native Tauri prerequisites and approved Rust compiler	2026-10-03T12:20:22.8114764Z Preparing to unpack .../078-gir1.2-webkit2-4.1_2.52.6-0ubuntu0.24.04.1_amd64.deb ...
desktop	Native Tauri prerequisites and approved Rust compiler	2026-10-03T12:20:22.8122346Z Unpacking gir1.2-webkit2-4.1:amd64 (2.52.6-0ubuntu0.24.04.1) ...
desktop	Native Tauri prerequisites and approved Rust compiler	2026-10-03T12:20:22.8301947Z Selecting previously unselected package python3-mako.
desktop	Native Tauri prerequisites and approved Rust compiler	2026-10-03T12:20:22.8398422Z Preparing to unpack .../079-python3-mako_1.3.2-1ubuntu0.1_all.deb ...
desktop	Native Tauri prerequisites and approved Rust compiler	2026-10-03T12:20:22.8404557Z Unpacking python3-mako (1.3.2-1ubuntu0.1) ...
desktop	Native Tauri prerequisites and approved Rust compiler	2026-10-03T12:20:22.8621937Z Selecting previously unselected package python3-markdown.
desktop	Native Tauri prerequisites and approved Rust compiler	2026-10-03T12:20:22.8718205Z Preparing to unpack .../080-python3-markdown_3.5.2-1_all.deb ...
desktop	Native Tauri prerequisites and approved Rust compiler	2026-10-03T12:20:22.8723802Z Unpacking python3-markdown (3.5.2-1) ...
desktop	Native Tauri prerequisites and approved Rust compiler	2026-10-03T12:20:22.8932871Z Selecting previously unselected package gobject-introspection-bin.
desktop	Native Tauri prerequisites and approved Rust compiler	2026-10-03T12:20:22.9027951Z Preparing to unpack .../081-gobject-introspection-bin_1.80.1-1_amd64.deb ...
desktop	Native Tauri prerequisites and approved Rust compiler	2026-10-03T12:20:22.9032843Z Unpacking gobject-introspection-bin (1.80.1-1) ...
desktop	Native Tauri prerequisites and approved Rust compiler	2026-10-03T12:20:22.9592176Z Selecting previously unselected package libglib2.0-dev-bin.
desktop	Native Tauri prerequisites and approved Rust compiler	2026-10-03T12:20:22.9687108Z Preparing to unpack .../082-libglib2.0-dev-bin_2.80.0-6ubuntu3.9_amd64.deb ...
desktop	Native Tauri prerequisites and approved Rust compiler	2026-10-03T12:20:22.9692446Z Unpacking libglib2.0-dev-bin (2.80.0-6ubuntu3.9) ...
desktop	Native Tauri prerequisites and approved Rust compiler	2026-10-03T12:20:22.9916998Z Selecting previously unselected package uuid-dev:amd64.
desktop	Native Tauri prerequisites and approved Rust compiler	2026-10-03T12:20:23.0010409Z Preparing to unpack .../083-uuid-dev_2.39.3-9ubuntu6.6_amd64.deb ...
desktop	Native Tauri prerequisites and approved Rust compiler	2026-10-03T12:20:23.0015379Z Unpacking uuid-dev:amd64 (2.39.3-9ubuntu6.6) ...
desktop	Native Tauri prerequisites and approved Rust compiler	2026-10-03T12:20:23.0235683Z Selecting previously unselected package libblkid-dev:amd64.
desktop	Native Tauri prerequisites and approved Rust compiler	2026-10-03T12:20:23.0330021Z Preparing to unpack .../084-libblkid-dev_2.39.3-9ubuntu6.6_amd64.deb ...
desktop	Native Tauri prerequisites and approved Rust compiler	2026-10-03T12:20:23.0335188Z Unpacking libblkid-dev:amd64 (2.39.3-9ubuntu6.6) ...
desktop	Native Tauri prerequisites and approved Rust compiler	2026-10-03T12:20:23.0520400Z Selecting previously unselected package libsepol-dev:amd64.
desktop	Native Tauri prerequisites and approved Rust compiler	2026-10-03T12:20:23.0613888Z Preparing to unpack .../085-libsepol-dev_3.5-2build1_amd64.deb ...
desktop	Native Tauri prerequisites and approved Rust compiler	2026-10-03T12:20:23.0618873Z Unpacking libsepol-dev:amd64 (3.5-2build1) ...
desktop	Native Tauri prerequisites and approved Rust compiler	2026-10-03T12:20:23.0918621Z Selecting previously unselected package libselinux1-dev:amd64.
desktop	Native Tauri prerequisites and approved Rust compiler	2026-10-03T12:20:23.1015141Z Preparing to unpack .../086-libselinux1-dev_3.5-2ubuntu2.1_amd64.deb ...
desktop	Native Tauri prerequisites and approved Rust compiler	2026-10-03T12:20:23.1021102Z Unpacking libselinux1-dev:amd64 (3.5-2ubuntu2.1) ...
desktop	Native Tauri prerequisites and approved Rust compiler	2026-10-03T12:20:23.1352618Z Selecting previously unselected package libmount-dev:amd64.
desktop	Native Tauri prerequisites and approved Rust compiler	2026-10-03T12:20:23.1448806Z Preparing to unpack .../087-libmount-dev_2.39.3-9ubuntu6.6_amd64.deb ...
desktop	Native Tauri prerequisites and approved Rust compiler	2026-10-03T12:20:23.1453914Z Unpacking libmount-dev:amd64 (2.39.3-9ubuntu6.6) ...
desktop	Native Tauri prerequisites and approved Rust compiler	2026-10-03T12:20:23.1754364Z Selecting previously unselected package libgirepository-2.0-0:amd64.
desktop	Native Tauri prerequisites and approved Rust compiler	2026-10-03T12:20:23.1852035Z Preparing to unpack .../088-libgirepository-2.0-0_2.80.0-6ubuntu3.9_amd64.deb ...
desktop	Native Tauri prerequisites and approved Rust compiler	2026-10-03T12:20:23.1858819Z Unpacking libgirepository-2.0-0:amd64 (2.80.0-6ubuntu3.9) ...
desktop	Native Tauri prerequisites and approved Rust compiler	2026-10-03T12:20:23.2056299Z Selecting previously unselected package libglib2.0-dev:amd64.
desktop	Native Tauri prerequisites and approved Rust compiler	2026-10-03T12:20:23.2152342Z Preparing to unpack .../089-libglib2.0-dev_2.80.0-6ubuntu3.9_amd64.deb ...
desktop	Native Tauri prerequisites and approved Rust compiler	2026-10-03T12:20:23.2158578Z Unpacking libglib2.0-dev:amd64 (2.80.0-6ubuntu3.9) ...
desktop	Native Tauri prerequisites and approved Rust compiler	2026-10-03T12:20:23.3151772Z Selecting previously unselected package gobject-introspection:amd64.
desktop	Native Tauri prerequisites and approved Rust compiler	2026-10-03T12:20:23.3246906Z Preparing to unpack .../090-gobject-introspection_1.80.1-1_amd64.deb ...
desktop	Native Tauri prerequisites and approved Rust compiler	2026-10-03T12:20:23.3253007Z Unpacking gobject-introspection:amd64 (1.80.1-1) ...
desktop	Native Tauri prerequisites and approved Rust compiler	2026-10-03T12:20:23.3457327Z Selecting previously unselected package libgraphene-1.0-0:amd64.
desktop	Native Tauri prerequisites and approved Rust compiler	2026-10-03T12:20:23.3550748Z Preparing to unpack .../091-libgraphene-1.0-0_1.10.8-3build2_amd64.deb ...
desktop	Native Tauri prerequisites and approved Rust compiler	2026-10-03T12:20:23.3556641Z Unpacking libgraphene-1.0-0:amd64 (1.10.8-3build2) ...
desktop	Native Tauri prerequisites and approved Rust compiler	2026-10-03T12:20:23.3901384Z Selecting previously unselected package gstreamer1.0-gl:amd64.
desktop	Native Tauri prerequisites and approved Rust compiler	2026-10-03T12:20:23.3996657Z Preparing to unpack .../092-gstreamer1.0-gl_1.24.2-1ubuntu0.5_amd64.deb ...
desktop	Native Tauri prerequisites and approved Rust compiler	2026-10-03T12:20:23.4002901Z Unpacking gstreamer1.0-gl:amd64 (1.24.2-1ubuntu0.5) ...
desktop	Native Tauri prerequisites and approved Rust compiler	2026-10-03T12:20:23.4184924Z Selecting previously unselected package libxv1:amd64.
desktop	Native Tauri prerequisites and approved Rust compiler	2026-10-03T12:20:23.4279752Z Preparing to unpack .../093-libxv1_2%3a1.0.11-1.1build1_amd64.deb ...
desktop	Native Tauri prerequisites and approved Rust compiler	2026-10-03T12:20:23.4288668Z Unpacking libxv1:amd64 (2:1.0.11-1.1build1) ...
desktop	Native Tauri prerequisites and approved Rust compiler	2026-10-03T12:20:23.4450635Z Selecting previously unselected package gstreamer1.0-x:amd64.
desktop	Native Tauri prerequisites and approved Rust compiler	2026-10-03T12:20:23.4545668Z Preparing to unpack .../094-gstreamer1.0-x_1.24.2-1ubuntu0.5_amd64.deb ...
desktop	Native Tauri prerequisites and approved Rust compiler	2026-10-03T12:20:23.4551901Z Unpacking gstreamer1.0-x:amd64 (1.24.2-1ubuntu0.5) ...
desktop	Native Tauri prerequisites and approved Rust compiler	2026-10-03T12:20:23.4727047Z Selecting previously unselected package libdbusmenu-glib-dev:amd64.
desktop	Native Tauri prerequisites and approved Rust compiler	2026-10-03T12:20:23.4821720Z Preparing to unpack .../095-libdbusmenu-glib-dev_18.10.20180917~bzr492+repack1-3.1ubuntu5_amd64.deb ...
desktop	Native Tauri prerequisites and approved Rust compiler	2026-10-03T12:20:23.4827640Z Unpacking libdbusmenu-glib-dev:amd64 (18.10.20180917~bzr492+repack1-3.1ubuntu5) ...
desktop	Native Tauri prerequisites and approved Rust compiler	2026-10-03T12:20:23.5025786Z Selecting previously unselected package libdbus-1-dev:amd64.
desktop	Native Tauri prerequisites and approved Rust compiler	2026-10-03T12:20:23.5119232Z Preparing to unpack .../096-libdbus-1-dev_1.14.10-4ubuntu4.1_amd64.deb ...
desktop	Native Tauri prerequisites and approved Rust compiler	2026-10-03T12:20:23.5124963Z Unpacking libdbus-1-dev:amd64 (1.14.10-4ubuntu4.1) ...
desktop	Native Tauri prerequisites and approved Rust compiler	2026-10-03T12:20:23.5360387Z Selecting previously unselected package libdbus-glib-1-2:amd64.
desktop	Native Tauri prerequisites and approved Rust compiler	2026-10-03T12:20:23.5454596Z Preparing to unpack .../097-libdbus-glib-1-2_0.112-3build2_amd64.deb ...
desktop	Native Tauri prerequisites and approved Rust compiler	2026-10-03T12:20:23.5462454Z Unpacking libdbus-glib-1-2:amd64 (0.112-3build2) ...
desktop	Native Tauri prerequisites and approved Rust compiler	2026-10-03T12:20:23.5628823Z Selecting previously unselected package libdbus-glib-1-dev-bin.
desktop	Native Tauri prerequisites and approved Rust compiler	2026-10-03T12:20:23.5723032Z Preparing to unpack .../098-libdbus-glib-1-dev-bin_0.112-3build2_amd64.deb ...
desktop	Native Tauri prerequisites and approved Rust compiler	2026-10-03T12:20:23.5730854Z Unpacking libdbus-glib-1-dev-bin (0.112-3build2) ...
desktop	Native Tauri prerequisites and approved Rust compiler	2026-10-03T12:20:23.6063934Z Selecting previously unselected package libdbus-glib-1-dev:amd64.
desktop	Native Tauri prerequisites and approved Rust compiler	2026-10-03T12:20:23.6159499Z Preparing to unpack .../099-libdbus-glib-1-dev_0.112-3build2_amd64.deb ...
desktop	Native Tauri prerequisites and approved Rust compiler	2026-10-03T12:20:23.6165187Z Unpacking libdbus-glib-1-dev:amd64 (0.112-3build2) ...
desktop	Native Tauri prerequisites and approved Rust compiler	2026-10-03T12:20:23.6346079Z Selecting previously unselected package libatk1.0-dev:amd64.
desktop	Native Tauri prerequisites and approved Rust compiler	2026-10-03T12:20:23.6438791Z Preparing to unpack .../100-libatk1.0-dev_2.52.0-1build1_amd64.deb ...
desktop	Native Tauri prerequisites and approved Rust compiler	2026-10-03T12:20:23.6443816Z Unpacking libatk1.0-dev:amd64 (2.52.0-1build1) ...
desktop	Native Tauri prerequisites and approved Rust compiler	2026-10-03T12:20:23.6655659Z Selecting previously unselected package xorg-sgml-doctools.
desktop	Native Tauri prerequisites and approved Rust compiler	2026-10-03T12:20:23.6749721Z Preparing to unpack .../101-xorg-sgml-doctools_1%3a1.11-1.1_all.deb ...
desktop	Native Tauri prerequisites and approved Rust compiler	2026-10-03T12:20:23.6754669Z Unpacking xorg-sgml-doctools (1:1.11-1.1) ...
desktop	Native Tauri prerequisites and approved Rust compiler	2026-10-03T12:20:23.6941129Z Selecting previously unselected package x11proto-dev.
desktop	Native Tauri prerequisites and approved Rust compiler	2026-10-03T12:20:23.7033141Z Preparing to unpack .../102-x11proto-dev_2023.2-1_all.deb ...
desktop	Native Tauri prerequisites and approved Rust compiler	2026-10-03T12:20:23.7041255Z Unpacking x11proto-dev (2023.2-1) ...
desktop	Native Tauri prerequisites and approved Rust compiler	2026-10-03T12:20:23.7382915Z Selecting previously unselected package libxau-dev:amd64.
desktop	Native Tauri prerequisites and approved Rust compiler	2026-10-03T12:20:23.7476431Z Preparing to unpack .../103-libxau-dev_1%3a1.0.9-1build6_amd64.deb ...
desktop	Native Tauri prerequisites and approved Rust compiler	2026-10-03T12:20:23.7482040Z Unpacking libxau-dev:amd64 (1:1.0.9-1build6) ...
desktop	Native Tauri prerequisites and approved Rust compiler	2026-10-03T12:20:23.7645256Z Selecting previously unselected package libxdmcp-dev:amd64.
desktop	Native Tauri prerequisites and approved Rust compiler	2026-10-03T12:20:23.7737047Z Preparing to unpack .../104-libxdmcp-dev_1%3a1.1.3-0ubuntu6_amd64.deb ...
desktop	Native Tauri prerequisites and approved Rust compiler	2026-10-03T12:20:23.7743195Z Unpacking libxdmcp-dev:amd64 (1:1.1.3-0ubuntu6) ...
desktop	Native Tauri prerequisites and approved Rust compiler	2026-10-03T12:20:23.7905239Z Selecting previously unselected package xtrans-dev.
desktop	Native Tauri prerequisites and approved Rust compiler	2026-10-03T12:20:23.7998924Z Preparing to unpack .../105-xtrans-dev_1.4.0-1_all.deb ...
desktop	Native Tauri prerequisites and approved Rust compiler	2026-10-03T12:20:23.8004074Z Unpacking xtrans-dev (1.4.0-1) ...
desktop	Native Tauri prerequisites and approved Rust compiler	2026-10-03T12:20:23.8347555Z Selecting previously unselected package libpthread-stubs0-dev:amd64.
desktop	Native Tauri prerequisites and approved Rust compiler	2026-10-03T12:20:23.8441067Z Preparing to unpack .../106-libpthread-stubs0-dev_0.4-1build3_amd64.deb ...
desktop	Native Tauri prerequisites and approved Rust compiler	2026-10-03T12:20:23.8446552Z Unpacking libpthread-stubs0-dev:amd64 (0.4-1build3) ...
desktop	Native Tauri prerequisites and approved Rust compiler	2026-10-03T12:20:23.8607499Z Selecting previously unselected package libxcb1-dev:amd64.
desktop	Native Tauri prerequisites and approved Rust compiler	2026-10-03T12:20:23.8700208Z Preparing to unpack .../107-libxcb1-dev_1.15-1ubuntu2_amd64.deb ...
desktop	Native Tauri prerequisites and approved Rust compiler	2026-10-03T12:20:23.8705793Z Unpacking libxcb1-dev:amd64 (1.15-1ubuntu2) ...
desktop	Native Tauri prerequisites and approved Rust compiler	2026-10-03T12:20:23.8884156Z Selecting previously unselected package libx11-dev:amd64.
desktop	Native Tauri prerequisites and approved Rust compiler	2026-10-03T12:20:23.8976803Z Preparing to unpack .../108-libx11-dev_2%3a1.8.7-1build1_amd64.deb ...
desktop	Native Tauri prerequisites and approved Rust compiler	2026-10-03T12:20:23.8982422Z Unpacking libx11-dev:amd64 (2:1.8.7-1build1) ...
desktop	Native Tauri prerequisites and approved Rust compiler	2026-10-03T12:20:23.9242820Z Selecting previously unselected package libxext-dev:amd64.
desktop	Native Tauri prerequisites and approved Rust compiler	2026-10-03T12:20:23.9336897Z Preparing to unpack .../109-libxext-dev_2%3a1.3.4-1build2_amd64.deb ...
desktop	Native Tauri prerequisites and approved Rust compiler	2026-10-03T12:20:23.9344650Z Unpacking libxext-dev:amd64 (2:1.3.4-1build2) ...
desktop	Native Tauri prerequisites and approved Rust compiler	2026-10-03T12:20:23.9583473Z Selecting previously unselected package libxfixes-dev:amd64.
desktop	Native Tauri prerequisites and approved Rust compiler	2026-10-03T12:20:23.9679407Z Preparing to unpack .../110-libxfixes-dev_1%3a6.0.0-2build1_amd64.deb ...
desktop	Native Tauri prerequisites and approved Rust compiler	2026-10-03T12:20:23.9685609Z Unpacking libxfixes-dev:amd64 (1:6.0.0-2build1) ...
desktop	Native Tauri prerequisites and approved Rust compiler	2026-10-03T12:20:23.9848956Z Selecting previously unselected package libxi-dev:amd64.
desktop	Native Tauri prerequisites and approved Rust compiler	2026-10-03T12:20:23.9944556Z Preparing to unpack .../111-libxi-dev_2%3a1.8.1-1build1_amd64.deb ...
desktop	Native Tauri prerequisites and approved Rust compiler	2026-10-03T12:20:23.9951006Z Unpacking libxi-dev:amd64 (2:1.8.1-1build1) ...
desktop	Native Tauri prerequisites and approved Rust compiler	2026-10-03T12:20:24.0396303Z Selecting previously unselected package libxtst-dev:amd64.
desktop	Native Tauri prerequisites and approved Rust compiler	2026-10-03T12:20:24.0493369Z Preparing to unpack .../112-libxtst-dev_2%3a1.2.3-1.1build1_amd64.deb ...
desktop	Native Tauri prerequisites and approved Rust compiler	2026-10-03T12:20:24.0500353Z Unpacking libxtst-dev:amd64 (2:1.2.3-1.1build1) ...
desktop	Native Tauri prerequisites and approved Rust compiler	2026-10-03T12:20:24.0681513Z Selecting previously unselected package libatspi2.0-dev:amd64.
desktop	Native Tauri prerequisites and approved Rust compiler	2026-10-03T12:20:24.0777857Z Preparing to unpack .../113-libatspi2.0-dev_2.52.0-1build1_amd64.deb ...
desktop	Native Tauri prerequisites and approved Rust compiler	2026-10-03T12:20:24.0783998Z Unpacking libatspi2.0-dev:amd64 (2.52.0-1build1) ...
desktop	Native Tauri prerequisites and approved Rust compiler	2026-10-03T12:20:24.0993017Z Selecting previously unselected package libatk-bridge2.0-dev:amd64.
desktop	Native Tauri prerequisites and approved Rust compiler	2026-10-03T12:20:24.1088896Z Preparing to unpack .../114-libatk-bridge2.0-dev_2.52.0-1build1_amd64.deb ...
desktop	Native Tauri prerequisites and approved Rust compiler	2026-10-03T12:20:24.1095173Z Unpacking libatk-bridge2.0-dev:amd64 (2.52.0-1build1) ...
desktop	Native Tauri prerequisites and approved Rust compiler	2026-10-03T12:20:24.1270330Z Selecting previously unselected package libcairo-script-interpreter2:amd64.
desktop	Native Tauri prerequisites and approved Rust compiler	2026-10-03T12:20:24.1366521Z Preparing to unpack .../115-libcairo-script-interpreter2_1.18.0-3build1_amd64.deb ...
desktop	Native Tauri prerequisites and approved Rust compiler	2026-10-03T12:20:24.1374389Z Unpacking libcairo-script-interpreter2:amd64 (1.18.0-3build1) ...
desktop	Native Tauri prerequisites and approved Rust compiler	2026-10-03T12:20:24.1546271Z Selecting previously unselected package libbrotli-dev:amd64.
desktop	Native Tauri prerequisites and approved Rust compiler	2026-10-03T12:20:24.1642600Z Preparing to unpack .../116-libbrotli-dev_1.1.0-2build2_amd64.deb ...
desktop	Native Tauri prerequisites and approved Rust compiler	2026-10-03T12:20:24.1647961Z Unpacking libbrotli-dev:amd64 (1.1.0-2build2) ...
desktop	Native Tauri prerequisites and approved Rust compiler	2026-10-03T12:20:24.1845682Z Selecting previously unselected package libbz2-dev:amd64.
desktop	Native Tauri prerequisites and approved Rust compiler	2026-10-03T12:20:24.1942016Z Preparing to unpack .../117-libbz2-dev_1.0.8-5.1ubuntu0.1_amd64.deb ...
desktop	Native Tauri prerequisites and approved Rust compiler	2026-10-03T12:20:24.1947686Z Unpacking libbz2-dev:amd64 (1.0.8-5.1ubuntu0.1) ...
desktop	Native Tauri prerequisites and approved Rust compiler	2026-10-03T12:20:24.2112039Z Selecting previously unselected package libpng-dev:amd64.
desktop	Native Tauri prerequisites and approved Rust compiler	2026-10-03T12:20:24.2208049Z Preparing to unpack .../118-libpng-dev_1.6.43-5ubuntu0.6_amd64.deb ...
desktop	Native Tauri prerequisites and approved Rust compiler	2026-10-03T12:20:24.2217069Z Unpacking libpng-dev:amd64 (1.6.43-5ubuntu0.6) ...
desktop	Native Tauri prerequisites and approved Rust compiler	2026-10-03T12:20:24.2511339Z Selecting previously unselected package libfreetype-dev:amd64.
desktop	Native Tauri prerequisites and approved Rust compiler	2026-10-03T12:20:24.2607643Z Preparing to unpack .../119-libfreetype-dev_2.13.2+dfsg-1ubuntu0.1_amd64.deb ...
desktop	Native Tauri prerequisites and approved Rust compiler	2026-10-03T12:20:24.2613996Z Unpacking libfreetype-dev:amd64 (2.13.2+dfsg-1ubuntu0.1) ...
desktop	Native Tauri prerequisites and approved Rust compiler	2026-10-03T12:20:24.2868897Z Selecting previously unselected package libfontconfig-dev:amd64.
desktop	Native Tauri prerequisites and approved Rust compiler	2026-10-03T12:20:24.2966266Z Preparing to unpack .../120-libfontconfig-dev_2.15.0-1.1ubuntu2_amd64.deb ...
desktop	Native Tauri prerequisites and approved Rust compiler	2026-10-03T12:20:24.2971844Z Unpacking libfontconfig-dev:amd64 (2.15.0-1.1ubuntu2) ...
desktop	Native Tauri prerequisites and approved Rust compiler	2026-10-03T12:20:24.3156239Z Selecting previously unselected package libpixman-1-dev:amd64.
desktop	Native Tauri prerequisites and approved Rust compiler	2026-10-03T12:20:24.3250950Z Preparing to unpack .../121-libpixman-1-dev_0.42.2-1build1_amd64.deb ...
desktop	Native Tauri prerequisites and approved Rust compiler	2026-10-03T12:20:24.3257042Z Unpacking libpixman-1-dev:amd64 (0.42.2-1build1) ...
desktop	Native Tauri prerequisites and approved Rust compiler	2026-10-03T12:20:24.3445509Z Selecting previously unselected package libice-dev:amd64.
desktop	Native Tauri prerequisites and approved Rust compiler	2026-10-03T12:20:24.3539439Z Preparing to unpack .../122-libice-dev_2%3a1.0.10-1build3_amd64.deb ...
desktop	Native Tauri prerequisites and approved Rust compiler	2026-10-03T12:20:24.3548959Z Unpacking libice-dev:amd64 (2:1.0.10-1build3) ...
desktop	Native Tauri prerequisites and approved Rust compiler	2026-10-03T12:20:24.3722651Z Selecting previously unselected package libsm-dev:amd64.
desktop	Native Tauri prerequisites and approved Rust compiler	2026-10-03T12:20:24.3819439Z Preparing to unpack .../123-libsm-dev_2%3a1.2.3-1build3_amd64.deb ...
desktop	Native Tauri prerequisites and approved Rust compiler	2026-10-03T12:20:24.3824899Z Unpacking libsm-dev:amd64 (2:1.2.3-1build3) ...
desktop	Native Tauri prerequisites and approved Rust compiler	2026-10-03T12:20:24.3995245Z Selecting previously unselected package libxcb-render0-dev:amd64.
desktop	Native Tauri prerequisites and approved Rust compiler	2026-10-03T12:20:24.4089132Z Preparing to unpack .../124-libxcb-render0-dev_1.15-1ubuntu2_amd64.deb ...
desktop	Native Tauri prerequisites and approved Rust compiler	2026-10-03T12:20:24.4094701Z Unpacking libxcb-render0-dev:amd64 (1.15-1ubuntu2) ...
desktop	Native Tauri prerequisites and approved Rust compiler	2026-10-03T12:20:24.4260079Z Selecting previously unselected package libxcb-shm0-dev:amd64.
desktop	Native Tauri prerequisites and approved Rust compiler	2026-10-03T12:20:24.4354213Z Preparing to unpack .../125-libxcb-shm0-dev_1.15-1ubuntu2_amd64.deb ...
desktop	Native Tauri prerequisites and approved Rust compiler	2026-10-03T12:20:24.4363345Z Unpacking libxcb-shm0-dev:amd64 (1.15-1ubuntu2) ...
desktop	Native Tauri prerequisites and approved Rust compiler	2026-10-03T12:20:24.4643375Z Selecting previously unselected package libxrender-dev:amd64.
desktop	Native Tauri prerequisites and approved Rust compiler	2026-10-03T12:20:24.4738251Z Preparing to unpack .../126-libxrender-dev_1%3a0.9.10-1.1build1_amd64.deb ...
desktop	Native Tauri prerequisites and approved Rust compiler	2026-10-03T12:20:24.4744454Z Unpacking libxrender-dev:amd64 (1:0.9.10-1.1build1) ...
desktop	Native Tauri prerequisites and approved Rust compiler	2026-10-03T12:20:24.4913703Z Selecting previously unselected package libcairo2-dev:amd64.
desktop	Native Tauri prerequisites and approved Rust compiler	2026-10-03T12:20:24.5006916Z Preparing to unpack .../127-libcairo2-dev_1.18.0-3build1_amd64.deb ...
desktop	Native Tauri prerequisites and approved Rust compiler	2026-10-03T12:20:24.5012016Z Unpacking libcairo2-dev:amd64 (1.18.0-3build1) ...
desktop	Native Tauri prerequisites and approved Rust compiler	2026-10-03T12:20:24.5201891Z Selecting previously unselected package libglx-dev:amd64.
desktop	Native Tauri prerequisites and approved Rust compiler	2026-10-03T12:20:24.5295037Z Preparing to unpack .../128-libglx-dev_1.7.0-1build1_amd64.deb ...
desktop	Native Tauri prerequisites and approved Rust compiler	2026-10-03T12:20:24.5301327Z Unpacking libglx-dev:amd64 (1.7.0-1build1) ...
desktop	Native Tauri prerequisites and approved Rust compiler	2026-10-03T12:20:24.5466442Z Selecting previously unselected package libgl-dev:amd64.
desktop	Native Tauri prerequisites and approved Rust compiler	2026-10-03T12:20:24.5560468Z Preparing to unpack .../129-libgl-dev_1.7.0-1build1_amd64.deb ...
desktop	Native Tauri prerequisites and approved Rust compiler	2026-10-03T12:20:24.5566018Z Unpacking libgl-dev:amd64 (1.7.0-1build1) ...
desktop	Native Tauri prerequisites and approved Rust compiler	2026-10-03T12:20:24.5762572Z Selecting previously unselected package libegl-dev:amd64.
desktop	Native Tauri prerequisites and approved Rust compiler	2026-10-03T12:20:24.5858324Z Preparing to unpack .../130-libegl-dev_1.7.0-1build1_amd64.deb ...
desktop	Native Tauri prerequisites and approved Rust compiler	2026-10-03T12:20:24.5863766Z Unpacking libegl-dev:amd64 (1.7.0-1build1) ...
desktop	Native Tauri prerequisites and approved Rust compiler	2026-10-03T12:20:24.6030446Z Selecting previously unselected package libglvnd-core-dev:amd64.
desktop	Native Tauri prerequisites and approved Rust compiler	2026-10-03T12:20:24.6123900Z Preparing to unpack .../131-libglvnd-core-dev_1.7.0-1build1_amd64.deb ...
desktop	Native Tauri prerequisites and approved Rust compiler	2026-10-03T12:20:24.6129635Z Unpacking libglvnd-core-dev:amd64 (1.7.0-1build1) ...
desktop	Native Tauri prerequisites and approved Rust compiler	2026-10-03T12:20:24.6298790Z Selecting previously unselected package libgles1:amd64.
desktop	Native Tauri prerequisites and approved Rust compiler	2026-10-03T12:20:24.6392324Z Preparing to unpack .../132-libgles1_1.7.0-1build1_amd64.deb ...
desktop	Native Tauri prerequisites and approved Rust compiler	2026-10-03T12:20:24.6397953Z Unpacking libgles1:amd64 (1.7.0-1build1) ...
desktop	Native Tauri prerequisites and approved Rust compiler	2026-10-03T12:20:24.6558595Z Selecting previously unselected package libgles-dev:amd64.
desktop	Native Tauri prerequisites and approved Rust compiler	2026-10-03T12:20:24.6651495Z Preparing to unpack .../133-libgles-dev_1.7.0-1build1_amd64.deb ...
desktop	Native Tauri prerequisites and approved Rust compiler	2026-10-03T12:20:24.6746905Z Unpacking libgles-dev:amd64 (1.7.0-1build1) ...
desktop	Native Tauri prerequisites and approved Rust compiler	2026-10-03T12:20:24.6947496Z Selecting previously unselected package libopengl0:amd64.
desktop	Native Tauri prerequisites and approved Rust compiler	2026-10-03T12:20:24.7040508Z Preparing to unpack .../134-libopengl0_1.7.0-1build1_amd64.deb ...
desktop	Native Tauri prerequisites and approved Rust compiler	2026-10-03T12:20:24.7047228Z Unpacking libopengl0:amd64 (1.7.0-1build1) ...
desktop	Native Tauri prerequisites and approved Rust compiler	2026-10-03T12:20:24.7209753Z Selecting previously unselected package libopengl-dev:amd64.
desktop	Native Tauri prerequisites and approved Rust compiler	2026-10-03T12:20:24.7302867Z Preparing to unpack .../135-libopengl-dev_1.7.0-1build1_amd64.deb ...
desktop	Native Tauri prerequisites and approved Rust compiler	2026-10-03T12:20:24.7308247Z Unpacking libopengl-dev:amd64 (1.7.0-1build1) ...
desktop	Native Tauri prerequisites and approved Rust compiler	2026-10-03T12:20:24.7625018Z Selecting previously unselected package libglvnd-dev:amd64.
desktop	Native Tauri prerequisites and approved Rust compiler	2026-10-03T12:20:24.7717866Z Preparing to unpack .../136-libglvnd-dev_1.7.0-1build1_amd64.deb ...
desktop	Native Tauri prerequisites and approved Rust compiler	2026-10-03T12:20:24.7723562Z Unpacking libglvnd-dev:amd64 (1.7.0-1build1) ...
desktop	Native Tauri prerequisites and approved Rust compiler	2026-10-03T12:20:24.7877158Z Selecting previously unselected package libegl1-mesa-dev:amd64.
desktop	Native Tauri prerequisites and approved Rust compiler	2026-10-03T12:20:24.7969977Z Preparing to unpack .../137-libegl1-mesa-dev_25.2.8-0ubuntu0.24.04.4_amd64.deb ...
desktop	Native Tauri prerequisites and approved Rust compiler	2026-10-03T12:20:24.7974940Z Unpacking libegl1-mesa-dev:amd64 (25.2.8-0ubuntu0.24.04.4) ...
desktop	Native Tauri prerequisites and approved Rust compiler	2026-10-03T12:20:24.8130937Z Selecting previously unselected package libepoxy-dev:amd64.
desktop	Native Tauri prerequisites and approved Rust compiler	2026-10-03T12:20:24.8223154Z Preparing to unpack .../138-libepoxy-dev_1.5.10-1build1_amd64.deb ...
desktop	Native Tauri prerequisites and approved Rust compiler	2026-10-03T12:20:24.8228344Z Unpacking libepoxy-dev:amd64 (1.5.10-1build1) ...
desktop	Native Tauri prerequisites and approved Rust compiler	2026-10-03T12:20:24.8430851Z Selecting previously unselected package libfribidi-dev:amd64.
desktop	Native Tauri prerequisites and approved Rust compiler	2026-10-03T12:20:24.8525062Z Preparing to unpack .../139-libfribidi-dev_1.0.13-3build1_amd64.deb ...
desktop	Native Tauri prerequisites and approved Rust compiler	2026-10-03T12:20:24.8530729Z Unpacking libfribidi-dev:amd64 (1.0.13-3build1) ...
desktop	Native Tauri prerequisites and approved Rust compiler	2026-10-03T12:20:24.8859418Z Selecting previously unselected package libgdk-pixbuf2.0-bin.
desktop	Native Tauri prerequisites and approved Rust compiler	2026-10-03T12:20:24.8953180Z Preparing to unpack .../140-libgdk-pixbuf2.0-bin_2.42.10+dfsg-3ubuntu3.3_amd64.deb ...
desktop	Native Tauri prerequisites and approved Rust compiler	2026-10-03T12:20:24.8959336Z Unpacking libgdk-pixbuf2.0-bin (2.42.10+dfsg-3ubuntu3.3) ...
desktop	Native Tauri prerequisites and approved Rust compiler	2026-10-03T12:20:24.9127965Z Selecting previously unselected package libjpeg-turbo8-dev:amd64.
desktop	Native Tauri prerequisites and approved Rust compiler	2026-10-03T12:20:24.9223991Z Preparing to unpack .../141-libjpeg-turbo8-dev_2.1.5-2ubuntu2_amd64.deb ...
desktop	Native Tauri prerequisites and approved Rust compiler	2026-10-03T12:20:24.9229408Z Unpacking libjpeg-turbo8-dev:amd64 (2.1.5-2ubuntu2) ...
desktop	Native Tauri prerequisites and approved Rust compiler	2026-10-03T12:20:24.9434542Z Selecting previously unselected package libjpeg8-dev:amd64.
desktop	Native Tauri prerequisites and approved Rust compiler	2026-10-03T12:20:24.9533775Z Preparing to unpack .../142-libjpeg8-dev_8c-2ubuntu11_amd64.deb ...
desktop	Native Tauri prerequisites and approved Rust compiler	2026-10-03T12:20:24.9540403Z Unpacking libjpeg8-dev:amd64 (8c-2ubuntu11) ...
desktop	Native Tauri prerequisites and approved Rust compiler	2026-10-03T12:20:24.9705527Z Selecting previously unselected package libjpeg-dev:amd64.
desktop	Native Tauri prerequisites and approved Rust compiler	2026-10-03T12:20:24.9803563Z Preparing to unpack .../143-libjpeg-dev_8c-2ubuntu11_amd64.deb ...
desktop	Native Tauri prerequisites and approved Rust compiler	2026-10-03T12:20:24.9810241Z Unpacking libjpeg-dev:amd64 (8c-2ubuntu11) ...
desktop	Native Tauri prerequisites and approved Rust compiler	2026-10-03T12:20:24.9976423Z Selecting previously unselected package libjbig-dev:amd64.
desktop	Native Tauri prerequisites and approved Rust compiler	2026-10-03T12:20:25.0071957Z Preparing to unpack .../144-libjbig-dev_2.1-6.1ubuntu2_amd64.deb ...
desktop	Native Tauri prerequisites and approved Rust compiler	2026-10-03T12:20:25.0078859Z Unpacking libjbig-dev:amd64 (2.1-6.1ubuntu2) ...
desktop	Native Tauri prerequisites and approved Rust compiler	2026-10-03T12:20:25.0250812Z Selecting previously unselected package liblzma-dev:amd64.
desktop	Native Tauri prerequisites and approved Rust compiler	2026-10-03T12:20:25.0345127Z Preparing to unpack .../145-liblzma-dev_5.6.1+really5.4.5-1ubuntu0.3_amd64.deb ...
desktop	Native Tauri prerequisites and approved Rust compiler	2026-10-03T12:20:25.0350765Z Unpacking liblzma-dev:amd64 (5.6.1+really5.4.5-1ubuntu0.3) ...
desktop	Native Tauri prerequisites and approved Rust compiler	2026-10-03T12:20:25.0558791Z Selecting previously unselected package libwebpdecoder3:amd64.
desktop	Native Tauri prerequisites and approved Rust compiler	2026-10-03T12:20:25.0654039Z Preparing to unpack .../146-libwebpdecoder3_1.3.2-0.4build3_amd64.deb ...
desktop	Native Tauri prerequisites and approved Rust compiler	2026-10-03T12:20:25.0662446Z Unpacking libwebpdecoder3:amd64 (1.3.2-0.4build3) ...
desktop	Native Tauri prerequisites and approved Rust compiler	2026-10-03T12:20:25.0967431Z Selecting previously unselected package libsharpyuv-dev:amd64.
desktop	Native Tauri prerequisites and approved Rust compiler	2026-10-03T12:20:25.1064565Z Preparing to unpack .../147-libsharpyuv-dev_1.3.2-0.4build3_amd64.deb ...
desktop	Native Tauri prerequisites and approved Rust compiler	2026-10-03T12:20:25.1074033Z Unpacking libsharpyuv-dev:amd64 (1.3.2-0.4build3) ...
desktop	Native Tauri prerequisites and approved Rust compiler	2026-10-03T12:20:25.1247719Z Selecting previously unselected package libwebp-dev:amd64.
desktop	Native Tauri prerequisites and approved Rust compiler	2026-10-03T12:20:25.1344859Z Preparing to unpack .../148-libwebp-dev_1.3.2-0.4build3_amd64.deb ...
desktop	Native Tauri prerequisites and approved Rust compiler	2026-10-03T12:20:25.1351146Z Unpacking libwebp-dev:amd64 (1.3.2-0.4build3) ...
desktop	Native Tauri prerequisites and approved Rust compiler	2026-10-03T12:20:25.1608138Z Selecting previously unselected package libtiffxx6:amd64.
desktop	Native Tauri prerequisites and approved Rust compiler	2026-10-03T12:20:25.1705646Z Preparing to unpack .../149-libtiffxx6_4.5.1+git230720-4ubuntu2.5_amd64.deb ...
desktop	Native Tauri prerequisites and approved Rust compiler	2026-10-03T12:20:25.1718413Z Unpacking libtiffxx6:amd64 (4.5.1+git230720-4ubuntu2.5) ...
desktop	Native Tauri prerequisites and approved Rust compiler	2026-10-03T12:20:25.1878781Z Selecting previously unselected package libdeflate-dev:amd64.
desktop	Native Tauri prerequisites and approved Rust compiler	2026-10-03T12:20:25.1974652Z Preparing to unpack .../150-libdeflate-dev_1.19-1build1.1_amd64.deb ...
desktop	Native Tauri prerequisites and approved Rust compiler	2026-10-03T12:20:25.1980415Z Unpacking libdeflate-dev:amd64 (1.19-1build1.1) ...
desktop	Native Tauri prerequisites and approved Rust compiler	2026-10-03T12:20:25.2153434Z Selecting previously unselected package liblerc-dev:amd64.
desktop	Native Tauri prerequisites and approved Rust compiler	2026-10-03T12:20:25.2249821Z Preparing to unpack .../151-liblerc-dev_4.0.0+ds-4ubuntu2_amd64.deb ...
desktop	Native Tauri prerequisites and approved Rust compiler	2026-10-03T12:20:25.2255449Z Unpacking liblerc-dev:amd64 (4.0.0+ds-4ubuntu2) ...
desktop	Native Tauri prerequisites and approved Rust compiler	2026-10-03T12:20:25.2441355Z Selecting previously unselected package libtiff-dev:amd64.
desktop	Native Tauri prerequisites and approved Rust compiler	2026-10-03T12:20:25.2537265Z Preparing to unpack .../152-libtiff-dev_4.5.1+git230720-4ubuntu2.5_amd64.deb ...
desktop	Native Tauri prerequisites and approved Rust compiler	2026-10-03T12:20:25.2542770Z Unpacking libtiff-dev:amd64 (4.5.1+git230720-4ubuntu2.5) ...
desktop	Native Tauri prerequisites and approved Rust compiler	2026-10-03T12:20:25.2838216Z Selecting previously unselected package libgdk-pixbuf-2.0-dev:amd64.
desktop	Native Tauri prerequisites and approved Rust compiler	2026-10-03T12:20:25.2933287Z Preparing to unpack .../153-libgdk-pixbuf-2.0-dev_2.42.10+dfsg-3ubuntu3.3_amd64.deb ...
desktop	Native Tauri prerequisites and approved Rust compiler	2026-10-03T12:20:25.3076171Z Unpacking libgdk-pixbuf-2.0-dev:amd64 (2.42.10+dfsg-3ubuntu3.3) ...
desktop	Native Tauri prerequisites and approved Rust compiler	2026-10-03T12:20:25.3271427Z Selecting previously unselected package libharfbuzz-subset0:amd64.
desktop	Native Tauri prerequisites and approved Rust compiler	2026-10-03T12:20:25.3368096Z Preparing to unpack .../154-libharfbuzz-subset0_8.3.0-2build2_amd64.deb ...
desktop	Native Tauri prerequisites and approved Rust compiler	2026-10-03T12:20:25.3373816Z Unpacking libharfbuzz-subset0:amd64 (8.3.0-2build2) ...
desktop	Native Tauri prerequisites and approved Rust compiler	2026-10-03T12:20:25.3576739Z Selecting previously unselected package libharfbuzz-cairo0:amd64.
desktop	Native Tauri prerequisites and approved Rust compiler	2026-10-03T12:20:25.3670426Z Preparing to unpack .../155-libharfbuzz-cairo0_8.3.0-2build2_amd64.deb ...
desktop	Native Tauri prerequisites and approved Rust compiler	2026-10-03T12:20:25.3676906Z Unpacking libharfbuzz-cairo0:amd64 (8.3.0-2build2) ...
desktop	Native Tauri prerequisites and approved Rust compiler	2026-10-03T12:20:25.3836170Z Selecting previously unselected package libgraphite2-dev:amd64.
desktop	Native Tauri prerequisites and approved Rust compiler	2026-10-03T12:20:25.3928586Z Preparing to unpack .../156-libgraphite2-dev_1.3.14-2ubuntu0.24.04.1_amd64.deb ...
desktop	Native Tauri prerequisites and approved Rust compiler	2026-10-03T12:20:25.3936282Z Unpacking libgraphite2-dev:amd64 (1.3.14-2ubuntu0.24.04.1) ...
desktop	Native Tauri prerequisites and approved Rust compiler	2026-10-03T12:20:25.4095205Z Selecting previously unselected package libharfbuzz-dev:amd64.
desktop	Native Tauri prerequisites and approved Rust compiler	2026-10-03T12:20:25.4188490Z Preparing to unpack .../157-libharfbuzz-dev_8.3.0-2build2_amd64.deb ...
desktop	Native Tauri prerequisites and approved Rust compiler	2026-10-03T12:20:25.4193635Z Unpacking libharfbuzz-dev:amd64 (8.3.0-2build2) ...
desktop	Native Tauri prerequisites and approved Rust compiler	2026-10-03T12:20:25.4436487Z Selecting previously unselected package libdatrie-dev:amd64.
desktop	Native Tauri prerequisites and approved Rust compiler	2026-10-03T12:20:25.4532002Z Preparing to unpack .../158-libdatrie-dev_0.2.13-3build1_amd64.deb ...
desktop	Native Tauri prerequisites and approved Rust compiler	2026-10-03T12:20:25.4537539Z Unpacking libdatrie-dev:amd64 (0.2.13-3build1) ...
desktop	Native Tauri prerequisites and approved Rust compiler	2026-10-03T12:20:25.4703646Z Selecting previously unselected package libthai-dev:amd64.
desktop	Native Tauri prerequisites and approved Rust compiler	2026-10-03T12:20:25.4799414Z Preparing to unpack .../159-libthai-dev_0.1.29-2build1_amd64.deb ...
desktop	Native Tauri prerequisites and approved Rust compiler	2026-10-03T12:20:25.4808443Z Unpacking libthai-dev:amd64 (0.1.29-2build1) ...
desktop	Native Tauri prerequisites and approved Rust compiler	2026-10-03T12:20:25.5438243Z Selecting previously unselected package libxft-dev:amd64.
desktop	Native Tauri prerequisites and approved Rust compiler	2026-10-03T12:20:25.5534716Z Preparing to unpack .../160-libxft-dev_2.3.6-1build1_amd64.deb ...
desktop	Native Tauri prerequisites and approved Rust compiler	2026-10-03T12:20:25.5540726Z Unpacking libxft-dev:amd64 (2.3.6-1build1) ...
desktop	Native Tauri prerequisites and approved Rust compiler	2026-10-03T12:20:25.5758060Z Selecting previously unselected package pango1.0-tools.
desktop	Native Tauri prerequisites and approved Rust compiler	2026-10-03T12:20:25.5852814Z Preparing to unpack .../161-pango1.0-tools_1.52.1+ds-1build1_amd64.deb ...
desktop	Native Tauri prerequisites and approved Rust compiler	2026-10-03T12:20:25.5860162Z Unpacking pango1.0-tools (1.52.1+ds-1build1) ...
desktop	Native Tauri prerequisites and approved Rust compiler	2026-10-03T12:20:25.6020682Z Selecting previously unselected package libpango1.0-dev:amd64.
desktop	Native Tauri prerequisites and approved Rust compiler	2026-10-03T12:20:25.6114445Z Preparing to unpack .../162-libpango1.0-dev_1.52.1+ds-1build1_amd64.deb ...
desktop	Native Tauri prerequisites and approved Rust compiler	2026-10-03T12:20:25.6119352Z Unpacking libpango1.0-dev:amd64 (1.52.1+ds-1build1) ...
desktop	Native Tauri prerequisites and approved Rust compiler	2026-10-03T12:20:25.6347839Z Selecting previously unselected package libwayland-bin.
desktop	Native Tauri prerequisites and approved Rust compiler	2026-10-03T12:20:25.6439352Z Preparing to unpack .../163-libwayland-bin_1.22.0-2.1build1_amd64.deb ...
desktop	Native Tauri prerequisites and approved Rust compiler	2026-10-03T12:20:25.6444559Z Unpacking libwayland-bin (1.22.0-2.1build1) ...
desktop	Native Tauri prerequisites and approved Rust compiler	2026-10-03T12:20:25.6603521Z Selecting previously unselected package libwayland-dev:amd64.
desktop	Native Tauri prerequisites and approved Rust compiler	2026-10-03T12:20:25.6693429Z Preparing to unpack .../164-libwayland-dev_1.22.0-2.1build1_amd64.deb ...
desktop	Native Tauri prerequisites and approved Rust compiler	2026-10-03T12:20:25.6701088Z Unpacking libwayland-dev:amd64 (1.22.0-2.1build1) ...
desktop	Native Tauri prerequisites and approved Rust compiler	2026-10-03T12:20:25.6883532Z Selecting previously unselected package libxcomposite-dev:amd64.
desktop	Native Tauri prerequisites and approved Rust compiler	2026-10-03T12:20:25.6973901Z Preparing to unpack .../165-libxcomposite-dev_1%3a0.4.5-1build3_amd64.deb ...
desktop	Native Tauri prerequisites and approved Rust compiler	2026-10-03T12:20:25.6983066Z Unpacking libxcomposite-dev:amd64 (1:0.4.5-1build3) ...
desktop	Native Tauri prerequisites and approved Rust compiler	2026-10-03T12:20:25.7294032Z Selecting previously unselected package libxcursor-dev:amd64.
desktop	Native Tauri prerequisites and approved Rust compiler	2026-10-03T12:20:25.7386386Z Preparing to unpack .../166-libxcursor-dev_1%3a1.2.1-1build1_amd64.deb ...
desktop	Native Tauri prerequisites and approved Rust compiler	2026-10-03T12:20:25.7391558Z Unpacking libxcursor-dev:amd64 (1:1.2.1-1build1) ...
desktop	Native Tauri prerequisites and approved Rust compiler	2026-10-03T12:20:25.7600123Z Selecting previously unselected package libxdamage-dev:amd64.
desktop	Native Tauri prerequisites and approved Rust compiler	2026-10-03T12:20:25.7690506Z Preparing to unpack .../167-libxdamage-dev_1%3a1.1.6-1build1_amd64.deb ...
desktop	Native Tauri prerequisites and approved Rust compiler	2026-10-03T12:20:25.7696019Z Unpacking libxdamage-dev:amd64 (1:1.1.6-1build1) ...
desktop	Native Tauri prerequisites and approved Rust compiler	2026-10-03T12:20:25.7862816Z Selecting previously unselected package libxinerama-dev:amd64.
desktop	Native Tauri prerequisites and approved Rust compiler	2026-10-03T12:20:25.7955075Z Preparing to unpack .../168-libxinerama-dev_2%3a1.1.4-3build1_amd64.deb ...
desktop	Native Tauri prerequisites and approved Rust compiler	2026-10-03T12:20:25.7961173Z Unpacking libxinerama-dev:amd64 (2:1.1.4-3build1) ...
desktop	Native Tauri prerequisites and approved Rust compiler	2026-10-03T12:20:25.8123173Z Selecting previously unselected package libxkbcommon-dev:amd64.
desktop	Native Tauri prerequisites and approved Rust compiler	2026-10-03T12:20:25.8214609Z Preparing to unpack .../169-libxkbcommon-dev_1.6.0-1build1_amd64.deb ...
desktop	Native Tauri prerequisites and approved Rust compiler	2026-10-03T12:20:25.8219961Z Unpacking libxkbcommon-dev:amd64 (1.6.0-1build1) ...
desktop	Native Tauri prerequisites and approved Rust compiler	2026-10-03T12:20:25.8394632Z Selecting previously unselected package libxrandr-dev:amd64.
desktop	Native Tauri prerequisites and approved Rust compiler	2026-10-03T12:20:25.8486465Z Preparing to unpack .../170-libxrandr-dev_2%3a1.5.2-2build1_amd64.deb ...
desktop	Native Tauri prerequisites and approved Rust compiler	2026-10-03T12:20:25.8494159Z Unpacking libxrandr-dev:amd64 (2:1.5.2-2build1) ...
desktop	Native Tauri prerequisites and approved Rust compiler	2026-10-03T12:20:25.8667804Z Selecting previously unselected package wayland-protocols.
desktop	Native Tauri prerequisites and approved Rust compiler	2026-10-03T12:20:25.8757718Z Preparing to unpack .../171-wayland-protocols_1.45-1~ubuntu0.24.04.2_all.deb ...
desktop	Native Tauri prerequisites and approved Rust compiler	2026-10-03T12:20:25.8763093Z Unpacking wayland-protocols (1.45-1~ubuntu0.24.04.2) ...
desktop	Native Tauri prerequisites and approved Rust compiler	2026-10-03T12:20:25.9019607Z Selecting previously unselected package libgtk-3-dev:amd64.
desktop	Native Tauri prerequisites and approved Rust compiler	2026-10-03T12:20:25.9110012Z Preparing to unpack .../172-libgtk-3-dev_3.24.41-4ubuntu1.3_amd64.deb ...
desktop	Native Tauri prerequisites and approved Rust compiler	2026-10-03T12:20:25.9115734Z Unpacking libgtk-3-dev:amd64 (3.24.41-4ubuntu1.3) ...
desktop	Native Tauri prerequisites and approved Rust compiler	2026-10-03T12:20:26.0717932Z Selecting previously unselected package libappindicator3-dev.
desktop	Native Tauri prerequisites and approved Rust compiler	2026-10-03T12:20:26.0813361Z Preparing to unpack .../173-libappindicator3-dev_12.10.1+20.10.20200706.1-0ubuntu5_amd64.deb ...
desktop	Native Tauri prerequisites and approved Rust compiler	2026-10-03T12:20:26.0818159Z Unpacking libappindicator3-dev (12.10.1+20.10.20200706.1-0ubuntu5) ...
desktop	Native Tauri prerequisites and approved Rust compiler	2026-10-03T12:20:26.0977045Z Selecting previously unselected package libgirepository-1.0-dev:amd64.
desktop	Native Tauri prerequisites and approved Rust compiler	2026-10-03T12:20:26.1068731Z Preparing to unpack .../174-libgirepository-1.0-dev_1.80.1-1_amd64.deb ...
desktop	Native Tauri prerequisites and approved Rust compiler	2026-10-03T12:20:26.1073838Z Unpacking libgirepository-1.0-dev:amd64 (1.80.1-1) ...
desktop	Native Tauri prerequisites and approved Rust compiler	2026-10-03T12:20:26.1245291Z Selecting previously unselected package libgirepository1.0-dev.
desktop	Native Tauri prerequisites and approved Rust compiler	2026-10-03T12:20:26.1335658Z Preparing to unpack .../175-libgirepository1.0-dev_1.80.1-1_amd64.deb ...
desktop	Native Tauri prerequisites and approved Rust compiler	2026-10-03T12:20:26.1340217Z Unpacking libgirepository1.0-dev (1.80.1-1) ...
desktop	Native Tauri prerequisites and approved Rust compiler	2026-10-03T12:20:26.1610929Z Selecting previously unselected package libjavascriptcoregtk-4.1-dev:amd64.
desktop	Native Tauri prerequisites and approved Rust compiler	2026-10-03T12:20:26.1700773Z Preparing to unpack .../176-libjavascriptcoregtk-4.1-dev_2.52.6-0ubuntu0.24.04.1_amd64.deb ...
desktop	Native Tauri prerequisites and approved Rust compiler	2026-10-03T12:20:26.1709512Z Unpacking libjavascriptcoregtk-4.1-dev:amd64 (2.52.6-0ubuntu0.24.04.1) ...
desktop	Native Tauri prerequisites and approved Rust compiler	2026-10-03T12:20:26.1894876Z Selecting previously unselected package libnghttp2-dev:amd64.
desktop	Native Tauri prerequisites and approved Rust compiler	2026-10-03T12:20:26.1985481Z Preparing to unpack .../177-libnghttp2-dev_1.59.0-1ubuntu0.4_amd64.deb ...
desktop	Native Tauri prerequisites and approved Rust compiler	2026-10-03T12:20:26.1990967Z Unpacking libnghttp2-dev:amd64 (1.59.0-1ubuntu0.4) ...
desktop	Native Tauri prerequisites and approved Rust compiler	2026-10-03T12:20:26.2169065Z Selecting previously unselected package libwebrtc-audio-processing1:amd64.
desktop	Native Tauri prerequisites and approved Rust compiler	2026-10-03T12:20:26.2261013Z Preparing to unpack .../178-libwebrtc-audio-processing1_0.3.1-0ubuntu6_amd64.deb ...
desktop	Native Tauri prerequisites and approved Rust compiler	2026-10-03T12:20:26.2266565Z Unpacking libwebrtc-audio-processing1:amd64 (0.3.1-0ubuntu6) ...
desktop	Native Tauri prerequisites and approved Rust compiler	2026-10-03T12:20:26.2443083Z Selecting previously unselected package libspa-0.2-modules:amd64.
desktop	Native Tauri prerequisites and approved Rust compiler	2026-10-03T12:20:26.2534026Z Preparing to unpack .../179-libspa-0.2-modules_1.0.5-1ubuntu3.3_amd64.deb ...
desktop	Native Tauri prerequisites and approved Rust compiler	2026-10-03T12:20:26.2539369Z Unpacking libspa-0.2-modules:amd64 (1.0.5-1ubuntu3.3) ...
desktop	Native Tauri prerequisites and approved Rust compiler	2026-10-03T12:20:26.2762655Z Selecting previously unselected package libpipewire-0.3-0t64:amd64.
desktop	Native Tauri prerequisites and approved Rust compiler	2026-10-03T12:20:26.2853784Z Preparing to unpack .../180-libpipewire-0.3-0t64_1.0.5-1ubuntu3.3_amd64.deb ...
desktop	Native Tauri prerequisites and approved Rust compiler	2026-10-03T12:20:26.2862889Z Unpacking libpipewire-0.3-0t64:amd64 (1.0.5-1ubuntu3.3) ...
desktop	Native Tauri prerequisites and approved Rust compiler	2026-10-03T12:20:26.3035440Z Selecting previously unselected package libpipewire-0.3-common.
desktop	Native Tauri prerequisites and approved Rust compiler	2026-10-03T12:20:26.3126147Z Preparing to unpack .../181-libpipewire-0.3-common_1.0.5-1ubuntu3.3_all.deb ...
desktop	Native Tauri prerequisites and approved Rust compiler	2026-10-03T12:20:26.3133590Z Unpacking libpipewire-0.3-common (1.0.5-1ubuntu3.3) ...
desktop	Native Tauri prerequisites and approved Rust compiler	2026-10-03T12:20:26.3281896Z Selecting previously unselected package libpng-tools.
desktop	Native Tauri prerequisites and approved Rust compiler	2026-10-03T12:20:26.3371203Z Preparing to unpack .../182-libpng-tools_1.6.43-5ubuntu0.6_amd64.deb ...
desktop	Native Tauri prerequisites and approved Rust compiler	2026-10-03T12:20:26.3376418Z Unpacking libpng-tools (1.6.43-5ubuntu0.6) ...
desktop	Native Tauri prerequisites and approved Rust compiler	2026-10-03T12:20:26.3531189Z Selecting previously unselected package libpsl-dev:amd64.
desktop	Native Tauri prerequisites and approved Rust compiler	2026-10-03T12:20:26.3620716Z Preparing to unpack .../183-libpsl-dev_0.21.2-1.1build1_amd64.deb ...
desktop	Native Tauri prerequisites and approved Rust compiler	2026-10-03T12:20:26.3626076Z Unpacking libpsl-dev:amd64 (0.21.2-1.1build1) ...
desktop	Native Tauri prerequisites and approved Rust compiler	2026-10-03T12:20:26.3857742Z Selecting previously unselected package librsvg2-common:amd64.
desktop	Native Tauri prerequisites and approved Rust compiler	2026-10-03T12:20:26.3945800Z Preparing to unpack .../184-librsvg2-common_2.58.0+dfsg-1build1_amd64.deb ...
desktop	Native Tauri prerequisites and approved Rust compiler	2026-10-03T12:20:26.3950815Z Unpacking librsvg2-common:amd64 (2.58.0+dfsg-1build1) ...
desktop	Native Tauri prerequisites and approved Rust compiler	2026-10-03T12:20:26.4111719Z Selecting previously unselected package librsvg2-dev:amd64.
desktop	Native Tauri prerequisites and approved Rust compiler	2026-10-03T12:20:26.4201497Z Preparing to unpack .../185-librsvg2-dev_2.58.0+dfsg-1build1_amd64.deb ...
desktop	Native Tauri prerequisites and approved Rust compiler	2026-10-03T12:20:26.4208490Z Unpacking librsvg2-dev:amd64 (2.58.0+dfsg-1build1) ...
desktop	Native Tauri prerequisites and approved Rust compiler	2026-10-03T12:20:26.4374021Z Selecting previously unselected package libsysprof-capture-4-dev:amd64.
desktop	Native Tauri prerequisites and approved Rust compiler	2026-10-03T12:20:26.4463526Z Preparing to unpack .../186-libsysprof-capture-4-dev_46.0-1build1_amd64.deb ...
desktop	Native Tauri prerequisites and approved Rust compiler	2026-10-03T12:20:26.4468371Z Unpacking libsysprof-capture-4-dev:amd64 (46.0-1build1) ...
desktop	Native Tauri prerequisites and approved Rust compiler	2026-10-03T12:20:26.4636355Z Selecting previously unselected package libsoup-3.0-dev:amd64.
desktop	Native Tauri prerequisites and approved Rust compiler	2026-10-03T12:20:26.4726514Z Preparing to unpack .../187-libsoup-3.0-dev_3.4.4-5ubuntu0.8_amd64.deb ...
desktop	Native Tauri prerequisites and approved Rust compiler	2026-10-03T12:20:26.4732116Z Unpacking libsoup-3.0-dev:amd64 (3.4.4-5ubuntu0.8) ...
desktop	Native Tauri prerequisites and approved Rust compiler	2026-10-03T12:20:26.4946059Z Selecting previously unselected package libwebkit2gtk-4.1-dev.
desktop	Native Tauri prerequisites and approved Rust compiler	2026-10-03T12:20:26.5039705Z Preparing to unpack .../188-libwebkit2gtk-4.1-dev_2.52.6-0ubuntu0.24.04.1_amd64.deb ...
desktop	Native Tauri prerequisites and approved Rust compiler	2026-10-03T12:20:26.5044633Z Unpacking libwebkit2gtk-4.1-dev (2.52.6-0ubuntu0.24.04.1) ...
desktop	Native Tauri prerequisites and approved Rust compiler	2026-10-03T12:20:26.5557670Z Selecting previously unselected package xdg-desktop-portal.
desktop	Native Tauri prerequisites and approved Rust compiler	2026-10-03T12:20:26.5650574Z Preparing to unpack .../189-xdg-desktop-portal_1.18.4-1ubuntu2.24.04.3_amd64.deb ...
desktop	Native Tauri prerequisites and approved Rust compiler	2026-10-03T12:20:26.5724090Z Unpacking xdg-desktop-portal (1.18.4-1ubuntu2.24.04.3) ...
desktop	Native Tauri prerequisites and approved Rust compiler	2026-10-03T12:20:26.5918407Z Selecting previously unselected package xdg-desktop-portal-gtk.
desktop	Native Tauri prerequisites and approved Rust compiler	2026-10-03T12:20:26.6009941Z Preparing to unpack .../190-xdg-desktop-portal-gtk_1.15.1-1build2_amd64.deb ...
desktop	Native Tauri prerequisites and approved Rust compiler	2026-10-03T12:20:26.6015274Z Unpacking xdg-desktop-portal-gtk (1.15.1-1build2) ...
desktop	Native Tauri prerequisites and approved Rust compiler	2026-10-03T12:20:26.6449393Z Setting up libpipewire-0.3-common (1.0.5-1ubuntu3.3) ...
desktop	Native Tauri prerequisites and approved Rust compiler	2026-10-03T12:20:26.6469993Z Setting up bubblewrap (0.9.0-1ubuntu0.3) ...
desktop	Native Tauri prerequisites and approved Rust compiler	2026-10-03T12:20:26.6504635Z Setting up libcairo-script-interpreter2:amd64 (1.18.0-3build1) ...
desktop	Native Tauri prerequisites and approved Rust compiler	2026-10-03T12:20:26.6519087Z Setting up libglib2.0-dev-bin (2.80.0-6ubuntu3.9) ...
desktop	Native Tauri prerequisites and approved Rust compiler	2026-10-03T12:20:26.7597062Z Setting up libcdparanoia0:amd64 (3.10.2+debian-14build3) ...
desktop	Native Tauri prerequisites and approved Rust compiler	2026-10-03T12:20:26.7610443Z Setting up bzip2-doc (1.0.8-5.1ubuntu0.1) ...
desktop	Native Tauri prerequisites and approved Rust compiler	2026-10-03T12:20:26.7833004Z Setting up libwayland-server0:amd64 (1.22.0-2.1build1) ...
desktop	Native Tauri prerequisites and approved Rust compiler	2026-10-03T12:20:26.7847039Z Setting up libnghttp2-dev:amd64 (1.59.0-1ubuntu0.4) ...
desktop	Native Tauri prerequisites and approved Rust compiler	2026-10-03T12:20:26.7862823Z Setting up mesa-libgallium:amd64 (25.2.8-0ubuntu0.24.04.4) ...
desktop	Native Tauri prerequisites and approved Rust compiler	2026-10-03T12:20:26.7881379Z Setting up session-migration (0.3.9build1) ...
desktop	Native Tauri prerequisites and approved Rust compiler	2026-10-03T12:20:26.8597085Z Created symlink /etc/systemd/user/graphical-session-pre.target.wants/session-migration.service → /usr/lib/systemd/user/session-migration.service.
desktop	Native Tauri prerequisites and approved Rust compiler	2026-10-03T12:20:26.8597642Z 
desktop	Native Tauri prerequisites and approved Rust compiler	2026-10-03T12:20:26.8622326Z Setting up libjpeg-turbo8-dev:amd64 (2.1.5-2ubuntu2) ...
desktop	Native Tauri prerequisites and approved Rust compiler	2026-10-03T12:20:26.8640130Z Setting up libraw1394-11:amd64 (2.1.2-2build3) ...
desktop	Native Tauri prerequisites and approved Rust compiler	2026-10-03T12:20:26.8656972Z Setting up libproxy1v5:amd64 (0.5.4-4build1) ...
desktop	Native Tauri prerequisites and approved Rust compiler	2026-10-03T12:20:26.8671058Z Setting up gir1.2-freedesktop:amd64 (1.80.1-1) ...
desktop	Native Tauri prerequisites and approved Rust compiler	2026-10-03T12:20:26.8685172Z Setting up libtag1v5-vanilla:amd64 (1.13.1-1build1) ...
desktop	Native Tauri prerequisites and approved Rust compiler	2026-10-03T12:20:26.8701347Z Setting up libharfbuzz-icu0:amd64 (8.3.0-2build2) ...
desktop	Native Tauri prerequisites and approved Rust compiler	2026-10-03T12:20:26.8714792Z Setting up libpixman-1-dev:amd64 (0.42.2-1build1) ...
desktop	Native Tauri prerequisites and approved Rust compiler	2026-10-03T12:20:26.8735308Z Setting up libspeex1:amd64 (1.2.1-2ubuntu2.24.04.1) ...
desktop	Native Tauri prerequisites and approved Rust compiler	2026-10-03T12:20:26.8751138Z Setting up libcaca0:amd64 (0.99.beta20-4ubuntu0.2) ...
desktop	Native Tauri prerequisites and approved Rust compiler	2026-10-03T12:20:26.8763938Z Setting up libv4lconvert0t64:amd64 (1.26.1-4build3) ...
desktop	Native Tauri prerequisites and approved Rust compiler	2026-10-03T12:20:26.8779344Z Setting up libpangoxft-1.0-0:amd64 (1.52.1+ds-1build1) ...
desktop	Native Tauri prerequisites and approved Rust compiler	2026-10-03T12:20:26.8792510Z Setting up gir1.2-dbusmenu-glib-0.4:amd64 (18.10.20180917~bzr492+repack1-3.1ubuntu5) ...
desktop	Native Tauri prerequisites and approved Rust compiler	2026-10-03T12:20:26.8810076Z Setting up libglvnd-core-dev:amd64 (1.7.0-1build1) ...
desktop	Native Tauri prerequisites and approved Rust compiler	2026-10-03T12:20:26.8826162Z Setting up libtwolame0:amd64 (0.4.0-2build3) ...
desktop	Native Tauri prerequisites and approved Rust compiler	2026-10-03T12:20:26.8843675Z Setting up gir1.2-gdkpixbuf-2.0:amd64 (2.42.10+dfsg-3ubuntu3.3) ...
desktop	Native Tauri prerequisites and approved Rust compiler	2026-10-03T12:20:26.8858837Z Setting up libhyphen0:amd64 (2.8.8-7build3) ...
desktop	Native Tauri prerequisites and approved Rust compiler	2026-10-03T12:20:26.8872093Z Setting up libgbm1:amd64 (25.2.8-0ubuntu0.24.04.4) ...
desktop	Native Tauri prerequisites and approved Rust compiler	2026-10-03T12:20:26.8885502Z Setting up libpng-tools (1.6.43-5ubuntu0.6) ...
desktop	Native Tauri prerequisites and approved Rust compiler	2026-10-03T12:20:26.8901182Z Setting up libgirepository-2.0-0:amd64 (2.80.0-6ubuntu3.9) ...
desktop	Native Tauri prerequisites and approved Rust compiler	2026-10-03T12:20:26.8916573Z Setting up libvisual-0.4-0:amd64 (0.4.2-2build1) ...
desktop	Native Tauri prerequisites and approved Rust compiler	2026-10-03T12:20:26.8934209Z Setting up gir1.2-atk-1.0:amd64 (2.52.0-1build1) ...
desktop	Native Tauri prerequisites and approved Rust compiler	2026-10-03T12:20:26.8947360Z Setting up libfribidi-dev:amd64 (1.0.13-3build1) ...
desktop	Native Tauri prerequisites and approved Rust compiler	2026-10-03T12:20:26.8961279Z Setting up libmanette-0.2-0:amd64 (0.2.7-1build2) ...
desktop	Native Tauri prerequisites and approved Rust compiler	2026-10-03T12:20:26.8976533Z Setting up libxkbcommon-dev:amd64 (1.6.0-1build1) ...
desktop	Native Tauri prerequisites and approved Rust compiler	2026-10-03T12:20:26.8989438Z Setting up libgl1-mesa-dri:amd64 (25.2.8-0ubuntu0.24.04.4) ...
desktop	Native Tauri prerequisites and approved Rust compiler	2026-10-03T12:20:26.9049917Z Setting up libpng-dev:amd64 (1.6.43-5ubuntu0.6) ...
desktop	Native Tauri prerequisites and approved Rust compiler	2026-10-03T12:20:26.9063706Z Setting up pango1.0-tools (1.52.1+ds-1build1) ...
desktop	Native Tauri prerequisites and approved Rust compiler	2026-10-03T12:20:26.9077595Z Setting up libjbig-dev:amd64 (2.1-6.1ubuntu2) ...
desktop	Native Tauri prerequisites and approved Rust compiler	2026-10-03T12:20:26.9091565Z Setting up libwebrtc-audio-processing1:amd64 (0.3.1-0ubuntu6) ...
desktop	Native Tauri prerequisites and approved Rust compiler	2026-10-03T12:20:26.9108606Z Setting up libwebpdecoder3:amd64 (1.3.2-0.4build3) ...
desktop	Native Tauri prerequisites and approved Rust compiler	2026-10-03T12:20:26.9124234Z Setting up libharfbuzz-gobject0:amd64 (8.3.0-2build2) ...
desktop	Native Tauri prerequisites and approved Rust compiler	2026-10-03T12:20:26.9144104Z Setting up gir1.2-atspi-2.0:amd64 (2.52.0-1build1) ...
desktop	Native Tauri prerequisites and approved Rust compiler	2026-10-03T12:20:26.9160460Z Setting up libsoup-3.0-common (3.4.4-5ubuntu0.8) ...
desktop	Native Tauri prerequisites and approved Rust compiler	2026-10-03T12:20:26.9177791Z Setting up libmpg123-0t64:amd64 (1.32.5-1ubuntu1.1) ...
desktop	Native Tauri prerequisites and approved Rust compiler	2026-10-03T12:20:26.9191568Z Setting up gir1.2-harfbuzz-0.0:amd64 (8.3.0-2build2) ...
desktop	Native Tauri prerequisites and approved Rust compiler	2026-10-03T12:20:26.9209035Z Setting up libpthread-stubs0-dev:amd64 (0.4-1build3) ...
desktop	Native Tauri prerequisites and approved Rust compiler	2026-10-03T12:20:26.9222508Z Setting up libopengl0:amd64 (1.7.0-1build1) ...
desktop	Native Tauri prerequisites and approved Rust compiler	2026-10-03T12:20:26.9238911Z Setting up libappindicator3-1 (12.10.1+20.10.20200706.1-0ubuntu5) ...
desktop	Native Tauri prerequisites and approved Rust compiler	2026-10-03T12:20:26.9254792Z Setting up libpsl-dev:amd64 (0.21.2-1.1build1) ...
desktop	Native Tauri prerequisites and approved Rust compiler	2026-10-03T12:20:26.9268066Z Setting up liborc-0.4-0t64:amd64 (1:0.4.38-1ubuntu0.1) ...
desktop	Native Tauri prerequisites and approved Rust compiler	2026-10-03T12:20:26.9284625Z Setting up librsvg2-2:amd64 (2.58.0+dfsg-1build1) ...
desktop	Native Tauri prerequisites and approved Rust compiler	2026-10-03T12:20:26.9298634Z Setting up libsysprof-capture-4-dev:amd64 (46.0-1build1) ...
desktop	Native Tauri prerequisites and approved Rust compiler	2026-10-03T12:20:26.9315297Z Setting up xtrans-dev (1.4.0-1) ...
desktop	Native Tauri prerequisites and approved Rust compiler	2026-10-03T12:20:26.9334883Z Setting up libwayland-bin (1.22.0-2.1build1) ...
desktop	Native Tauri prerequisites and approved Rust compiler	2026-10-03T12:20:26.9348594Z Setting up libgraphite2-dev:amd64 (1.3.14-2ubuntu0.24.04.1) ...
desktop	Native Tauri prerequisites and approved Rust compiler	2026-10-03T12:20:26.9364643Z Setting up gir1.2-pango-1.0:amd64 (1.52.1+ds-1build1) ...
desktop	Native Tauri prerequisites and approved Rust compiler	2026-10-03T12:20:26.9380418Z Setting up libegl-mesa0:amd64 (25.2.8-0ubuntu0.24.04.4) ...
desktop	Native Tauri prerequisites and approved Rust compiler	2026-10-03T12:20:26.9397591Z Setting up libjavascriptcoregtk-4.1-0:amd64 (2.52.6-0ubuntu0.24.04.1) ...
desktop	Native Tauri prerequisites and approved Rust compiler	2026-10-03T12:20:26.9413570Z Setting up libgles2:amd64 (1.7.0-1build1) ...
desktop	Native Tauri prerequisites and approved Rust compiler	2026-10-03T12:20:26.9427525Z Setting up libharfbuzz-cairo0:amd64 (8.3.0-2build2) ...
desktop	Native Tauri prerequisites and approved Rust compiler	2026-10-03T12:20:26.9447069Z Setting up libdbus-1-dev:amd64 (1.14.10-4ubuntu4.1) ...
desktop	Native Tauri prerequisites and approved Rust compiler	2026-10-03T12:20:27.0446233Z Setting up libspa-0.2-modules:amd64 (1.0.5-1ubuntu3.3) ...
desktop	Native Tauri prerequisites and approved Rust compiler	2026-10-03T12:20:27.0460221Z Setting up libdbus-glib-1-2:amd64 (0.112-3build2) ...
desktop	Native Tauri prerequisites and approved Rust compiler	2026-10-03T12:20:27.0479612Z Setting up uuid-dev:amd64 (2.39.3-9ubuntu6.6) ...
desktop	Native Tauri prerequisites and approved Rust compiler	2026-10-03T12:20:27.0494917Z Setting up libgles1:amd64 (1.7.0-1build1) ...
desktop	Native Tauri prerequisites and approved Rust compiler	2026-10-03T12:20:27.0510182Z Setting up libopus0:amd64 (1.4-1build1) ...
desktop	Native Tauri prerequisites and approved Rust compiler	2026-10-03T12:20:27.0523426Z Setting up libxv1:amd64 (2:1.0.11-1.1build1) ...
desktop	Native Tauri prerequisites and approved Rust compiler	2026-10-03T12:20:27.0539067Z Setting up python3-markdown (3.5.2-1) ...
desktop	Native Tauri prerequisites and approved Rust compiler	2026-10-03T12:20:27.1492048Z Setting up libdv4t64:amd64 (1.0.0-17.1build1) ...
desktop	Native Tauri prerequisites and approved Rust compiler	2026-10-03T12:20:27.1506031Z Setting up libsepol-dev:amd64 (3.5-2build1) ...
desktop	Native Tauri prerequisites and approved Rust compiler	2026-10-03T12:20:27.1520753Z Setting up liblerc-dev:amd64 (4.0.0+ds-4ubuntu2) ...
desktop	Native Tauri prerequisites and approved Rust compiler	2026-10-03T12:20:27.1537773Z Setting up librsvg2-common:amd64 (2.58.0+dfsg-1build1) ...
desktop	Native Tauri prerequisites and approved Rust compiler	2026-10-03T12:20:27.1631716Z Setting up libdbusmenu-glib-dev:amd64 (18.10.20180917~bzr492+repack1-3.1ubuntu5) ...
desktop	Native Tauri prerequisites and approved Rust compiler	2026-10-03T12:20:27.1647453Z Setting up libv4l-0t64:amd64 (1.26.1-4build3) ...
desktop	Native Tauri prerequisites and approved Rust compiler	2026-10-03T12:20:27.1661161Z Setting up liblzma-dev:amd64 (5.6.1+really5.4.5-1ubuntu0.3) ...
desktop	Native Tauri prerequisites and approved Rust compiler	2026-10-03T12:20:27.1681562Z Setting up xdg-dbus-proxy (0.1.5-1ubuntu0.2) ...
desktop	Native Tauri prerequisites and approved Rust compiler	2026-10-03T12:20:27.1694989Z Setting up libvpx9:amd64 (1.14.0-1ubuntu2.3) ...
desktop	Native Tauri prerequisites and approved Rust compiler	2026-10-03T12:20:27.1708986Z Setting up wayland-protocols (1.45-1~ubuntu0.24.04.2) ...
desktop	Native Tauri prerequisites and approved Rust compiler	2026-10-03T12:20:27.1724374Z Setting up libtag1v5:amd64 (1.13.1-1build1) ...
desktop	Native Tauri prerequisites and approved Rust compiler	2026-10-03T12:20:27.1737917Z Setting up libdatrie-dev:amd64 (0.2.13-3build1) ...
desktop	Native Tauri prerequisites and approved Rust compiler	2026-10-03T12:20:27.1753415Z Setting up gir1.2-glib-2.0-dev:amd64 (2.80.0-6ubuntu3.9) ...
desktop	Native Tauri prerequisites and approved Rust compiler	2026-10-03T12:20:27.1769537Z Setting up libasyncns0:amd64 (0.8-6build4) ...
desktop	Native Tauri prerequisites and approved Rust compiler	2026-10-03T12:20:27.1787018Z Setting up libgdk-pixbuf2.0-bin (2.42.10+dfsg-3ubuntu3.3) ...
desktop	Native Tauri prerequisites and approved Rust compiler	2026-10-03T12:20:27.1804426Z Setting up libwavpack1:amd64 (5.6.0-1build1) ...
desktop	Native Tauri prerequisites and approved Rust compiler	2026-10-03T12:20:27.2462255Z Setting up libtheora0:amd64 (1.1.1+dfsg.1-16.1build3) ...
desktop	Native Tauri prerequisites and approved Rust compiler	2026-10-03T12:20:27.2482160Z Setting up libegl1:amd64 (1.7.0-1build1) ...
desktop	Native Tauri prerequisites and approved Rust compiler	2026-10-03T12:20:27.2497401Z Setting up libharfbuzz-subset0:amd64 (8.3.0-2build2) ...
desktop	Native Tauri prerequisites and approved Rust compiler	2026-10-03T12:20:27.2510951Z Setting up build-essential (12.10ubuntu1) ...
desktop	Native Tauri prerequisites and approved Rust compiler	2026-10-03T12:20:27.2527078Z Setting up xorg-sgml-doctools (1:1.11-1.1) ...
desktop	Native Tauri prerequisites and approved Rust compiler	2026-10-03T12:20:27.2541702Z Setting up libflac12t64:amd64 (1.4.3+ds-2.1ubuntu2) ...
desktop	Native Tauri prerequisites and approved Rust compiler	2026-10-03T12:20:27.2554496Z Setting up libopengl-dev:amd64 (1.7.0-1build1) ...
desktop	Native Tauri prerequisites and approved Rust compiler	2026-10-03T12:20:27.2571058Z Setting up glib-networking-common (2.80.0-1build1) ...
desktop	Native Tauri prerequisites and approved Rust compiler	2026-10-03T12:20:27.2585586Z Setting up libjpeg8-dev:amd64 (8c-2ubuntu11) ...
desktop	Native Tauri prerequisites and approved Rust compiler	2026-10-03T12:20:27.2600718Z Setting up gir1.2-rsvg-2.0:amd64 (2.58.0+dfsg-1build1) ...
desktop	Native Tauri prerequisites and approved Rust compiler	2026-10-03T12:20:27.2613799Z Setting up libsharpyuv-dev:amd64 (1.3.2-0.4build3) ...
desktop	Native Tauri prerequisites and approved Rust compiler	2026-10-03T12:20:27.2626820Z Setting up libtiffxx6:amd64 (4.5.1+git230720-4ubuntu2.5) ...
desktop	Native Tauri prerequisites and approved Rust compiler	2026-10-03T12:20:27.2641986Z Setting up libdeflate-dev:amd64 (1.19-1build1.1) ...
desktop	Native Tauri prerequisites and approved Rust compiler	2026-10-03T12:20:27.2655160Z Setting up libpipewire-0.3-0t64:amd64 (1.0.5-1ubuntu3.3) ...
desktop	Native Tauri prerequisites and approved Rust compiler	2026-10-03T12:20:27.2672741Z Setting up libbrotli-dev:amd64 (1.1.0-2build2) ...
desktop	Native Tauri prerequisites and approved Rust compiler	2026-10-03T12:20:27.2688494Z Setting up libsecret-common (0.21.4-1build3) ...
desktop	Native Tauri prerequisites and approved Rust compiler	2026-10-03T12:20:27.2704674Z Setting up libmp3lame0:amd64 (3.100-6build1) ...
desktop	Native Tauri prerequisites and approved Rust compiler	2026-10-03T12:20:27.2718142Z Setting up libgraphene-1.0-0:amd64 (1.10.8-3build2) ...
desktop	Native Tauri prerequisites and approved Rust compiler	2026-10-03T12:20:27.2732937Z Setting up python3-mako (1.3.2-1ubuntu0.1) ...
desktop	Native Tauri prerequisites and approved Rust compiler	2026-10-03T12:20:27.3684299Z Setting up libvorbisenc2:amd64 (1.3.7-1build3) ...
desktop	Native Tauri prerequisites and approved Rust compiler	2026-10-03T12:20:27.3700224Z Setting up libaa1:amd64 (1.4p5-51.1) ...
desktop	Native Tauri prerequisites and approved Rust compiler	2026-10-03T12:20:27.3716235Z Setting up libiec61883-0:amd64 (1.2.0-6build1) ...
desktop	Native Tauri prerequisites and approved Rust compiler	2026-10-03T12:20:27.3733348Z Setting up libbz2-dev:amd64 (1.0.8-5.1ubuntu0.1) ...
desktop	Native Tauri prerequisites and approved Rust compiler	2026-10-03T12:20:27.3749036Z Setting up libavc1394-0:amd64 (0.5.4-5build3) ...
desktop	Native Tauri prerequisites and approved Rust compiler	2026-10-03T12:20:27.3766100Z Setting up gsettings-desktop-schemas (46.1-0ubuntu1) ...
desktop	Native Tauri prerequisites and approved Rust compiler	2026-10-03T12:20:27.3779822Z Setting up glib-networking-services (2.80.0-1build1) ...
desktop	Native Tauri prerequisites and approved Rust compiler	2026-10-03T12:20:27.3795636Z Setting up libblkid-dev:amd64 (2.39.3-9ubuntu6.6) ...
desktop	Native Tauri prerequisites and approved Rust compiler	2026-10-03T12:20:27.3812480Z Setting up libglx-mesa0:amd64 (25.2.8-0ubuntu0.24.04.4) ...
desktop	Native Tauri prerequisites and approved Rust compiler	2026-10-03T12:20:27.3826770Z Setting up xdg-desktop-portal (1.18.4-1ubuntu2.24.04.3) ...
desktop	Native Tauri prerequisites and approved Rust compiler	2026-10-03T12:20:27.4441136Z Created symlink /etc/systemd/user/graphical-session-pre.target.wants/xdg-desktop-portal-rewrite-launchers.service → /usr/lib/systemd/user/xdg-desktop-portal-rewrite-launchers.service.
desktop	Native Tauri prerequisites and approved Rust compiler	2026-10-03T12:20:27.4441788Z 
desktop	Native Tauri prerequisites and approved Rust compiler	2026-10-03T12:20:27.4464441Z Setting up libselinux1-dev:amd64 (3.5-2ubuntu2.1) ...
desktop	Native Tauri prerequisites and approved Rust compiler	2026-10-03T12:20:27.4478607Z Setting up gobject-introspection-bin (1.80.1-1) ...
desktop	Native Tauri prerequisites and approved Rust compiler	2026-10-03T12:20:27.5630409Z Setting up libdbus-glib-1-dev-bin (0.112-3build2) ...
desktop	Native Tauri prerequisites and approved Rust compiler	2026-10-03T12:20:27.5644780Z Setting up gir1.2-gtk-3.0:amd64 (3.24.41-4ubuntu1.3) ...
desktop	Native Tauri prerequisites and approved Rust compiler	2026-10-03T12:20:27.5659025Z Setting up libjpeg-dev:amd64 (8c-2ubuntu11) ...
desktop	Native Tauri prerequisites and approved Rust compiler	2026-10-03T12:20:27.5677182Z Setting up libgstreamer-plugins-base1.0-0:amd64 (1.24.2-1ubuntu0.5) ...
desktop	Native Tauri prerequisites and approved Rust compiler	2026-10-03T12:20:27.5695227Z Setting up gir1.2-girepository-2.0-dev:amd64 (1.80.1-1) ...
desktop	Native Tauri prerequisites and approved Rust compiler	2026-10-03T12:20:27.5709979Z Setting up libwayland-dev:amd64 (1.22.0-2.1build1) ...
desktop	Native Tauri prerequisites and approved Rust compiler	2026-10-03T12:20:27.5725696Z Setting up gir1.2-javascriptcoregtk-4.1:amd64 (2.52.6-0ubuntu0.24.04.1) ...
desktop	Native Tauri prerequisites and approved Rust compiler	2026-10-03T12:20:27.5741368Z Setting up libfreetype-dev:amd64 (2.13.2+dfsg-1ubuntu0.1) ...
desktop	Native Tauri prerequisites and approved Rust compiler	2026-10-03T12:20:27.5756214Z Setting up libsecret-1-0:amd64 (0.21.4-1build3) ...
desktop	Native Tauri prerequisites and approved Rust compiler	2026-10-03T12:20:27.5773002Z Setting up libgstreamer-plugins-good1.0-0:amd64 (1.24.2-1ubuntu1.8) ...
desktop	Native Tauri prerequisites and approved Rust compiler	2026-10-03T12:20:27.5789173Z Setting up libwebp-dev:amd64 (1.3.2-0.4build3) ...
desktop	Native Tauri prerequisites and approved Rust compiler	2026-10-03T12:20:27.5806193Z Setting up libgstreamer-gl1.0-0:amd64 (1.24.2-1ubuntu0.5) ...
desktop	Native Tauri prerequisites and approved Rust compiler	2026-10-03T12:20:27.5820260Z Setting up gstreamer1.0-plugins-base:amd64 (1.24.2-1ubuntu0.5) ...
desktop	Native Tauri prerequisites and approved Rust compiler	2026-10-03T12:20:27.5836501Z Setting up gir1.2-appindicator3-0.1 (12.10.1+20.10.20200706.1-0ubuntu5) ...
desktop	Native Tauri prerequisites and approved Rust compiler	2026-10-03T12:20:27.5852078Z Setting up libtiff-dev:amd64 (4.5.1+git230720-4ubuntu2.5) ...
desktop	Native Tauri prerequisites and approved Rust compiler	2026-10-03T12:20:27.5869187Z Setting up gir1.2-freedesktop-dev:amd64 (1.80.1-1) ...
desktop	Native Tauri prerequisites and approved Rust compiler	2026-10-03T12:20:27.5884599Z Setting up libshout3:amd64 (2.4.6-1build2) ...
desktop	Native Tauri prerequisites and approved Rust compiler	2026-10-03T12:20:27.5902091Z Setting up libthai-dev:amd64 (0.1.29-2build1) ...
desktop	Native Tauri prerequisites and approved Rust compiler	2026-10-03T12:20:27.5918329Z Setting up libsndfile1:amd64 (1.2.2-1ubuntu5.24.04.1) ...
desktop	Native Tauri prerequisites and approved Rust compiler	2026-10-03T12:20:27.5936968Z Setting up libmount-dev:amd64 (2.39.3-9ubuntu6.6) ...
desktop	Native Tauri prerequisites and approved Rust compiler	2026-10-03T12:20:27.5952741Z Setting up gstreamer1.0-gl:amd64 (1.24.2-1ubuntu0.5) ...
desktop	Native Tauri prerequisites and approved Rust compiler	2026-10-03T12:20:27.5969548Z Setting up gstreamer1.0-x:amd64 (1.24.2-1ubuntu0.5) ...
desktop	Native Tauri prerequisites and approved Rust compiler	2026-10-03T12:20:27.5986213Z Setting up libpulse0:amd64 (1:16.1+dfsg1-2ubuntu10.1) ...
desktop	Native Tauri prerequisites and approved Rust compiler	2026-10-03T12:20:27.6046777Z Setting up libfontconfig-dev:amd64 (2.15.0-1.1ubuntu2) ...
desktop	Native Tauri prerequisites and approved Rust compiler	2026-10-03T12:20:27.6065334Z Setting up libglib2.0-dev:amd64 (2.80.0-6ubuntu3.9) ...
desktop	Native Tauri prerequisites and approved Rust compiler	2026-10-03T12:20:27.6481502Z Processing triggers for libgdk-pixbuf-2.0-0:amd64 (2.42.10+dfsg-3ubuntu3.3) ...
desktop	Native Tauri prerequisites and approved Rust compiler	2026-10-03T12:20:27.7510811Z Processing triggers for sgml-base (1.31) ...
desktop	Native Tauri prerequisites and approved Rust compiler	2026-10-03T12:20:27.7725175Z Processing triggers for install-info (7.1-3build2) ...
desktop	Native Tauri prerequisites and approved Rust compiler	2026-10-03T12:20:28.0309383Z Setting up x11proto-dev (2023.2-1) ...
desktop	Native Tauri prerequisites and approved Rust compiler	2026-10-03T12:20:28.0363319Z Setting up libxau-dev:amd64 (1:1.0.9-1build6) ...
desktop	Native Tauri prerequisites and approved Rust compiler	2026-10-03T12:20:28.0541554Z Setting up libice-dev:amd64 (2:1.0.10-1build3) ...
desktop	Native Tauri prerequisites and approved Rust compiler	2026-10-03T12:20:28.0562236Z Setting up libsm-dev:amd64 (2:1.2.3-1build3) ...
desktop	Native Tauri prerequisites and approved Rust compiler	2026-10-03T12:20:28.0603810Z Processing triggers for libc-bin (2.39-0ubuntu8.9) ...
desktop	Native Tauri prerequisites and approved Rust compiler	2026-10-03T12:20:28.2824158Z Processing triggers for man-db (2.12.0-4build2) ...
desktop	Native Tauri prerequisites and approved Rust compiler	2026-10-03T12:20:28.2846535Z Not building database; man-db/auto-update is not 'true'.
desktop	Native Tauri prerequisites and approved Rust compiler	2026-10-03T12:20:28.2857761Z Setting up libxdmcp-dev:amd64 (1:1.1.3-0ubuntu6) ...
desktop	Native Tauri prerequisites and approved Rust compiler	2026-10-03T12:20:28.2874549Z Processing triggers for libglib2.0-0t64:amd64 (2.80.0-6ubuntu3.9) ...
desktop	Native Tauri prerequisites and approved Rust compiler	2026-10-03T12:20:28.3318073Z Setting up glib-networking:amd64 (2.80.0-1build1) ...
desktop	Native Tauri prerequisites and approved Rust compiler	2026-10-03T12:20:28.3348758Z Setting up libjavascriptcoregtk-4.1-dev:amd64 (2.52.6-0ubuntu0.24.04.1) ...
desktop	Native Tauri prerequisites and approved Rust compiler	2026-10-03T12:20:28.3370000Z Setting up libatk1.0-dev:amd64 (2.52.0-1build1) ...
desktop	Native Tauri prerequisites and approved Rust compiler	2026-10-03T12:20:28.3396419Z Setting up libgdk-pixbuf-2.0-dev:amd64 (2.42.10+dfsg-3ubuntu3.3) ...
desktop	Native Tauri prerequisites and approved Rust compiler	2026-10-03T12:20:28.3419296Z Setting up xdg-desktop-portal-gtk (1.15.1-1build2) ...
desktop	Native Tauri prerequisites and approved Rust compiler	2026-10-03T12:20:28.3460877Z Setting up libharfbuzz-dev:amd64 (8.3.0-2build2) ...
desktop	Native Tauri prerequisites and approved Rust compiler	2026-10-03T12:20:28.3481820Z Setting up libxcb1-dev:amd64 (1.15-1ubuntu2) ...
desktop	Native Tauri prerequisites and approved Rust compiler	2026-10-03T12:20:28.3514712Z Setting up libdbus-glib-1-dev:amd64 (0.112-3build2) ...
desktop	Native Tauri prerequisites and approved Rust compiler	2026-10-03T12:20:28.3557064Z Setting up libsoup-3.0-0:amd64 (3.4.4-5ubuntu0.8) ...
desktop	Native Tauri prerequisites and approved Rust compiler	2026-10-03T12:20:28.3584259Z Setting up libx11-dev:amd64 (2:1.8.7-1build1) ...
desktop	Native Tauri prerequisites and approved Rust compiler	2026-10-03T12:20:28.3607586Z Setting up gobject-introspection:amd64 (1.80.1-1) ...
desktop	Native Tauri prerequisites and approved Rust compiler	2026-10-03T12:20:28.3629592Z Setting up libxfixes-dev:amd64 (1:6.0.0-2build1) ...
desktop	Native Tauri prerequisites and approved Rust compiler	2026-10-03T12:20:28.3652770Z Setting up libxcb-shm0-dev:amd64 (1.15-1ubuntu2) ...
desktop	Native Tauri prerequisites and approved Rust compiler	2026-10-03T12:20:28.3699549Z Setting up libgirepository-1.0-dev:amd64 (1.80.1-1) ...
desktop	Native Tauri prerequisites and approved Rust compiler	2026-10-03T12:20:28.3724525Z Setting up libxcb-render0-dev:amd64 (1.15-1ubuntu2) ...
desktop	Native Tauri prerequisites and approved Rust compiler	2026-10-03T12:20:28.3743153Z Setting up libxext-dev:amd64 (2:1.3.4-1build2) ...
desktop	Native Tauri prerequisites and approved Rust compiler	2026-10-03T12:20:28.3767264Z Setting up gir1.2-soup-3.0:amd64 (3.4.4-5ubuntu0.8) ...
desktop	Native Tauri prerequisites and approved Rust compiler	2026-10-03T12:20:28.4175697Z Setting up libglx-dev:amd64 (1.7.0-1build1) ...
desktop	Native Tauri prerequisites and approved Rust compiler	2026-10-03T12:20:28.4199191Z Setting up libxi-dev:amd64 (2:1.8.1-1build1) ...
desktop	Native Tauri prerequisites and approved Rust compiler	2026-10-03T12:20:28.4214078Z Setting up libxrender-dev:amd64 (1:0.9.10-1.1build1) ...
desktop	Native Tauri prerequisites and approved Rust compiler	2026-10-03T12:20:28.4234076Z Setting up libgl-dev:amd64 (1.7.0-1build1) ...
desktop	Native Tauri prerequisites and approved Rust compiler	2026-10-03T12:20:28.4253080Z Setting up libxft-dev:amd64 (2.3.6-1build1) ...
desktop	Native Tauri prerequisites and approved Rust compiler	2026-10-03T12:20:28.4270063Z Setting up libxtst-dev:amd64 (2:1.2.3-1.1build1) ...
desktop	Native Tauri prerequisites and approved Rust compiler	2026-10-03T12:20:28.4289872Z Setting up libxdamage-dev:amd64 (1:1.1.6-1build1) ...
desktop	Native Tauri prerequisites and approved Rust compiler	2026-10-03T12:20:28.4309610Z Setting up libatspi2.0-dev:amd64 (2.52.0-1build1) ...
desktop	Native Tauri prerequisites and approved Rust compiler	2026-10-03T12:20:28.4357355Z Setting up libegl-dev:amd64 (1.7.0-1build1) ...
desktop	Native Tauri prerequisites and approved Rust compiler	2026-10-03T12:20:28.4376133Z Setting up libxcomposite-dev:amd64 (1:0.4.5-1build3) ...
desktop	Native Tauri prerequisites and approved Rust compiler	2026-10-03T12:20:28.4392554Z Setting up libxcursor-dev:amd64 (1:1.2.1-1build1) ...
desktop	Native Tauri prerequisites and approved Rust compiler	2026-10-03T12:20:28.4416444Z Setting up gstreamer1.0-plugins-good:amd64 (1.24.2-1ubuntu1.8) ...
desktop	Native Tauri prerequisites and approved Rust compiler	2026-10-03T12:20:28.4448826Z Setting up libepoxy-dev:amd64 (1.5.10-1build1) ...
desktop	Native Tauri prerequisites and approved Rust compiler	2026-10-03T12:20:28.4468754Z Setting up libatk-bridge2.0-dev:amd64 (2.52.0-1build1) ...
desktop	Native Tauri prerequisites and approved Rust compiler	2026-10-03T12:20:28.4485324Z Setting up libxrandr-dev:amd64 (2:1.5.2-2build1) ...
desktop	Native Tauri prerequisites and approved Rust compiler	2026-10-03T12:20:28.4506576Z Setting up libsoup-3.0-dev:amd64 (3.4.4-5ubuntu0.8) ...
desktop	Native Tauri prerequisites and approved Rust compiler	2026-10-03T12:20:28.4525685Z Setting up libgirepository1.0-dev (1.80.1-1) ...
desktop	Native Tauri prerequisites and approved Rust compiler	2026-10-03T12:20:28.4564596Z Setting up libxinerama-dev:amd64 (2:1.1.4-3build1) ...
desktop	Native Tauri prerequisites and approved Rust compiler	2026-10-03T12:20:28.4588395Z Setting up libcairo2-dev:amd64 (1.18.0-3build1) ...
desktop	Native Tauri prerequisites and approved Rust compiler	2026-10-03T12:20:28.4747448Z Setting up libgles-dev:amd64 (1.7.0-1build1) ...
desktop	Native Tauri prerequisites and approved Rust compiler	2026-10-03T12:20:28.4787508Z Setting up libwebkit2gtk-4.1-0:amd64 (2.52.6-0ubuntu0.24.04.1) ...
desktop	Native Tauri prerequisites and approved Rust compiler	2026-10-03T12:20:28.4817865Z Setting up gir1.2-webkit2-4.1:amd64 (2.52.6-0ubuntu0.24.04.1) ...
desktop	Native Tauri prerequisites and approved Rust compiler	2026-10-03T12:20:28.4850764Z Setting up libglvnd-dev:amd64 (1.7.0-1build1) ...
desktop	Native Tauri prerequisites and approved Rust compiler	2026-10-03T12:20:28.4870376Z Setting up libpango1.0-dev:amd64 (1.52.1+ds-1build1) ...
desktop	Native Tauri prerequisites and approved Rust compiler	2026-10-03T12:20:28.4906268Z Setting up librsvg2-dev:amd64 (2.58.0+dfsg-1build1) ...
desktop	Native Tauri prerequisites and approved Rust compiler	2026-10-03T12:20:28.4931114Z Setting up libegl1-mesa-dev:amd64 (25.2.8-0ubuntu0.24.04.4) ...
desktop	Native Tauri prerequisites and approved Rust compiler	2026-10-03T12:20:28.4952564Z Setting up libgtk-3-dev:amd64 (3.24.41-4ubuntu1.3) ...
desktop	Native Tauri prerequisites and approved Rust compiler	2026-10-03T12:20:28.4980502Z Setting up libappindicator3-dev (12.10.1+20.10.20200706.1-0ubuntu5) ...
desktop	Native Tauri prerequisites and approved Rust compiler	2026-10-03T12:20:28.5008174Z Setting up libwebkit2gtk-4.1-dev (2.52.6-0ubuntu0.24.04.1) ...
desktop	Native Tauri prerequisites and approved Rust compiler	2026-10-03T12:20:28.5030596Z Processing triggers for libc-bin (2.39-0ubuntu8.9) ...
desktop	Native Tauri prerequisites and approved Rust compiler	2026-10-03T12:20:28.9647059Z 
desktop	Native Tauri prerequisites and approved Rust compiler	2026-10-03T12:20:28.9647532Z Running kernel seems to be up-to-date.
desktop	Native Tauri prerequisites and approved Rust compiler	2026-10-03T12:20:28.9647693Z 
desktop	Native Tauri prerequisites and approved Rust compiler	2026-10-03T12:20:28.9647783Z No services need to be restarted.
desktop	Native Tauri prerequisites and approved Rust compiler	2026-10-03T12:20:28.9647885Z 
desktop	Native Tauri prerequisites and approved Rust compiler	2026-10-03T12:20:28.9656437Z No containers need to be restarted.
desktop	Native Tauri prerequisites and approved Rust compiler	2026-10-03T12:20:28.9656623Z 
desktop	Native Tauri prerequisites and approved Rust compiler	2026-10-03T12:20:28.9656726Z No user sessions are running outdated binaries.
desktop	Native Tauri prerequisites and approved Rust compiler	2026-10-03T12:20:28.9656847Z 
desktop	Native Tauri prerequisites and approved Rust compiler	2026-10-03T12:20:28.9657001Z No VM guests are running outdated hypervisor (qemu) binaries on this host.
desktop	Native Tauri prerequisites and approved Rust compiler	2026-10-03T12:20:29.7920627Z info: syncing channel updates for stable-x86_64-unknown-linux-gnu
desktop	Native Tauri prerequisites and approved Rust compiler	2026-10-03T12:20:29.9703071Z info: latest update on 2026-10-01 for version 1.99.0 (b940084d7 2026-09-28)
desktop	Native Tauri prerequisites and approved Rust compiler	2026-10-03T12:20:29.9783558Z info: removing previous version of component rustfmt
desktop	Native Tauri prerequisites and approved Rust compiler	2026-10-03T12:20:29.9801586Z info: removing previous version of component clippy
desktop	Native Tauri prerequisites and approved Rust compiler	2026-10-03T12:20:29.9813281Z info: removing previous version of component cargo
desktop	Native Tauri prerequisites and approved Rust compiler	2026-10-03T12:20:29.9855647Z info: removing previous version of component rust-std
desktop	Native Tauri prerequisites and approved Rust compiler	2026-10-03T12:20:29.9894513Z info: removing previous version of component rustc
desktop	Native Tauri prerequisites and approved Rust compiler	2026-10-03T12:20:29.9937597Z info: downloading 5 components
desktop	Native Tauri prerequisites and approved Rust compiler	2026-10-03T12:20:36.6460199Z 
desktop	Native Tauri prerequisites and approved Rust compiler	2026-10-03T12:20:36.6519009Z   stable-x86_64-unknown-linux-gnu updated - rustc 1.99.0 (b940084d7 2026-09-28) (from rustc 1.98.1 (48a229cea 2026-09-01))
desktop	Native Tauri prerequisites and approved Rust compiler	2026-10-03T12:20:36.6519469Z 
desktop	Native Tauri prerequisites and approved Rust compiler	2026-10-03T12:20:36.6607755Z info: using existing install for stable-x86_64-unknown-linux-gnu
desktop	Native Tauri prerequisites and approved Rust compiler	2026-10-03T12:20:36.6612489Z info: default toolchain set to stable-x86_64-unknown-linux-gnu
desktop	Native Tauri prerequisites and approved Rust compiler	2026-10-03T12:20:36.6612756Z 
desktop	Native Tauri prerequisites and approved Rust compiler	2026-10-03T12:20:36.6662908Z   stable-x86_64-unknown-linux-gnu unchanged - rustc 1.99.0 (b940084d7 2026-09-28)
desktop	Native Tauri prerequisites and approved Rust compiler	2026-10-03T12:20:36.6663214Z 
desktop	Actual TypeScript Repository on SQLx SQLite	﻿2026-10-03T12:20:36.6717557Z ##[group]Run python3 -B tools/verify_client_sqlite.py --scope desktop
desktop	Actual TypeScript Repository on SQLx SQLite	2026-10-03T12:20:36.6717856Z ^[[36;1mpython3 -B tools/verify_client_sqlite.py --scope desktop^[[0m
desktop	Actual TypeScript Repository on SQLx SQLite	2026-10-03T12:20:36.6718098Z ^[[36;1mpython3 -B tools/verify_client_send.py --scope desktop^[[0m
desktop	Actual TypeScript Repository on SQLx SQLite	2026-10-03T12:20:36.6769076Z shell: /usr/bin/bash -e {0}
desktop	Actual TypeScript Repository on SQLx SQLite	2026-10-03T12:20:36.6769216Z env:
desktop	Actual TypeScript Repository on SQLx SQLite	2026-10-03T12:20:36.6769375Z   CARGO_TARGET_DIR: /home/runner/work/_temp/client-sqlite-target
desktop	Actual TypeScript Repository on SQLx SQLite	2026-10-03T12:20:36.6769562Z ##[endgroup]
desktop	Actual TypeScript Repository on SQLx SQLite	2026-10-03T12:20:36.7046629Z + npm --prefix clients/shared/protocol-sdk ci --ignore-scripts --no-audit --no-fund
desktop	Actual TypeScript Repository on SQLx SQLite	2026-10-03T12:20:38.7796141Z 
desktop	Actual TypeScript Repository on SQLx SQLite	2026-10-03T12:20:38.7796709Z added 1 package in 2s
desktop	Actual TypeScript Repository on SQLx SQLite	2026-10-03T12:20:38.8116005Z + npm --prefix clients/shared/protocol-sdk run build
desktop	Actual TypeScript Repository on SQLx SQLite	2026-10-03T12:20:38.8707845Z 
desktop	Actual TypeScript Repository on SQLx SQLite	2026-10-03T12:20:38.8708344Z > @im/protocol-sdk@0.1.0 build
desktop	Actual TypeScript Repository on SQLx SQLite	2026-10-03T12:20:38.8708583Z > tsc -p tsconfig.json
desktop	Actual TypeScript Repository on SQLx SQLite	2026-10-03T12:20:38.8708673Z 
desktop	Actual TypeScript Repository on SQLx SQLite	2026-10-03T12:20:39.7118228Z + npm --prefix clients/desktop ci --ignore-scripts --no-audit --no-fund
desktop	Actual TypeScript Repository on SQLx SQLite	2026-10-03T12:20:40.5256833Z 
desktop	Actual TypeScript Repository on SQLx SQLite	2026-10-03T12:20:40.5257308Z added 2 packages in 784ms
desktop	Actual TypeScript Repository on SQLx SQLite	2026-10-03T12:20:40.5332480Z + npm --prefix clients/desktop run build
desktop	Actual TypeScript Repository on SQLx SQLite	2026-10-03T12:20:40.5887927Z 
desktop	Actual TypeScript Repository on SQLx SQLite	2026-10-03T12:20:40.5888449Z > im-desktop@0.1.0 build
desktop	Actual TypeScript Repository on SQLx SQLite	2026-10-03T12:20:40.5888698Z > tsc -p tsconfig.json
desktop	Actual TypeScript Repository on SQLx SQLite	2026-10-03T12:20:40.5888783Z 
desktop	Actual TypeScript Repository on SQLx SQLite	2026-10-03T12:20:41.5285476Z + cargo test --locked
desktop	Actual TypeScript Repository on SQLx SQLite	2026-10-03T12:20:41.5558965Z     Updating crates.io index
desktop	Actual TypeScript Repository on SQLx SQLite	2026-10-03T12:20:42.0793308Z  Downloading crates ...
desktop	Actual TypeScript Repository on SQLx SQLite	2026-10-03T12:20:42.1361915Z   Downloaded gobject-sys v0.18.0
desktop	Actual TypeScript Repository on SQLx SQLite	2026-10-03T12:20:42.1428699Z   Downloaded glob v0.3.4
desktop	Actual TypeScript Repository on SQLx SQLite	2026-10-03T12:20:42.1463498Z   Downloaded glib-macros v0.18.5
desktop	Actual TypeScript Repository on SQLx SQLite	2026-10-03T12:20:42.1482441Z   Downloaded adler2 v2.0.1
desktop	Actual TypeScript Repository on SQLx SQLite	2026-10-03T12:20:42.1552546Z   Downloaded glib-sys v0.18.1
desktop	Actual TypeScript Repository on SQLx SQLite	2026-10-03T12:20:42.1616670Z   Downloaded hashbrown v0.12.3
desktop	Actual TypeScript Repository on SQLx SQLite	2026-10-03T12:20:42.1668434Z   Downloaded hex v0.4.3
desktop	Actual TypeScript Repository on SQLx SQLite	2026-10-03T12:20:42.1679895Z   Downloaded heck v0.5.0
desktop	Actual TypeScript Repository on SQLx SQLite	2026-10-03T12:20:42.1705715Z   Downloaded idna_adapter v1.2.2
desktop	Actual TypeScript Repository on SQLx SQLite	2026-10-03T12:20:42.1724109Z   Downloaded block-buffer v0.10.4
desktop	Actual TypeScript Repository on SQLx SQLite	2026-10-03T12:20:42.1750683Z   Downloaded ident_case v1.0.1
desktop	Actual TypeScript Repository on SQLx SQLite	2026-10-03T12:20:42.1758868Z   Downloaded gtk3-macros v0.18.2
desktop	Actual TypeScript Repository on SQLx SQLite	2026-10-03T12:20:42.1767344Z   Downloaded precomputed-hash v0.1.1
desktop	Actual TypeScript Repository on SQLx SQLite	2026-10-03T12:20:42.1810842Z   Downloaded cairo-sys-rs v0.18.2
desktop	Actual TypeScript Repository on SQLx SQLite	2026-10-03T12:20:42.1841339Z   Downloaded libappindicator-sys v0.9.0
desktop	Actual TypeScript Repository on SQLx SQLite	2026-10-03T12:20:42.1846359Z   Downloaded phf_shared v0.13.1
desktop	Actual TypeScript Repository on SQLx SQLite	2026-10-03T12:20:42.1852828Z   Downloaded proc-macro-error-attr v1.0.4
desktop	Actual TypeScript Repository on SQLx SQLite	2026-10-03T12:20:42.1859316Z   Downloaded rustc_version v0.4.1
desktop	Actual TypeScript Repository on SQLx SQLite	2026-10-03T12:20:42.1868403Z   Downloaded proc-macro-crate v1.3.1
desktop	Actual TypeScript Repository on SQLx SQLite	2026-10-03T12:20:42.1875822Z   Downloaded iana-time-zone v0.1.65
desktop	Actual TypeScript Repository on SQLx SQLite	2026-10-03T12:20:42.1916490Z   Downloaded bit-set v0.8.0
desktop	Actual TypeScript Repository on SQLx SQLite	2026-10-03T12:20:42.1951357Z   Downloaded memoffset v0.9.1
desktop	Actual TypeScript Repository on SQLx SQLite	2026-10-03T12:20:42.1977119Z   Downloaded new_debug_unreachable v1.0.6
desktop	Actual TypeScript Repository on SQLx SQLite	2026-10-03T12:20:42.2004615Z   Downloaded num-conv v0.2.2
desktop	Actual TypeScript Repository on SQLx SQLite	2026-10-03T12:20:42.2024664Z   Downloaded option-ext v0.2.0
desktop	Actual TypeScript Repository on SQLx SQLite	2026-10-03T12:20:42.2042678Z   Downloaded percent-encoding v2.3.2
desktop	Actual TypeScript Repository on SQLx SQLite	2026-10-03T12:20:42.2062621Z   Downloaded phf_codegen v0.13.1
desktop	Actual TypeScript Repository on SQLx SQLite	2026-10-03T12:20:42.2103197Z   Downloaded phf_generator v0.13.1
desktop	Actual TypeScript Repository on SQLx SQLite	2026-10-03T12:20:42.2137270Z   Downloaded ref-cast v1.0.27
desktop	Actual TypeScript Repository on SQLx SQLite	2026-10-03T12:20:42.2203956Z   Downloaded ref-cast-impl v1.0.27
desktop	Actual TypeScript Repository on SQLx SQLite	2026-10-03T12:20:42.2228952Z   Downloaded rustc-hash v2.1.3
desktop	Actual TypeScript Repository on SQLx SQLite	2026-10-03T12:20:42.2229430Z   Downloaded alloc-stdlib v0.3.0
desktop	Actual TypeScript Repository on SQLx SQLite	2026-10-03T12:20:42.2243718Z   Downloaded atoi v2.0.0
desktop	Actual TypeScript Repository on SQLx SQLite	2026-10-03T12:20:42.2255020Z   Downloaded heck v0.4.1
desktop	Actual TypeScript Repository on SQLx SQLite	2026-10-03T12:20:42.2264396Z   Downloaded javascriptcore-rs-sys v1.1.1
desktop	Actual TypeScript Repository on SQLx SQLite	2026-10-03T12:20:42.2273333Z   Downloaded mime v0.3.17
desktop	Actual TypeScript Repository on SQLx SQLite	2026-10-03T12:20:42.2283913Z   Downloaded same-file v1.0.6
desktop	Actual TypeScript Repository on SQLx SQLite	2026-10-03T12:20:42.2293799Z   Downloaded icu_provider v2.3.1
desktop	Actual TypeScript Repository on SQLx SQLite	2026-10-03T12:20:42.2313818Z   Downloaded indexmap v1.9.3
desktop	Actual TypeScript Repository on SQLx SQLite	2026-10-03T12:20:42.2340620Z   Downloaded itoa v1.0.18
desktop	Actual TypeScript Repository on SQLx SQLite	2026-10-03T12:20:42.2351200Z   Downloaded markup5ever v0.39.0
desktop	Actual TypeScript Repository on SQLx SQLite	2026-10-03T12:20:42.2360017Z   Downloaded pkg-config v0.3.34
desktop	Actual TypeScript Repository on SQLx SQLite	2026-10-03T12:20:42.2382579Z   Downloaded powerfmt v0.2.0
desktop	Actual TypeScript Repository on SQLx SQLite	2026-10-03T12:20:42.2419350Z   Downloaded proc-macro-crate v2.0.2
desktop	Actual TypeScript Repository on SQLx SQLite	2026-10-03T12:20:42.2431799Z   Downloaded autocfg v1.5.1
desktop	Actual TypeScript Repository on SQLx SQLite	2026-10-03T12:20:42.2473615Z   Downloaded cargo-platform v0.1.9
desktop	Actual TypeScript Repository on SQLx SQLite	2026-10-03T12:20:42.2497693Z   Downloaded futures-core v0.3.34
desktop	Actual TypeScript Repository on SQLx SQLite	2026-10-03T12:20:42.2520274Z   Downloaded hashlink v0.10.0
desktop	Actual TypeScript Repository on SQLx SQLite	2026-10-03T12:20:42.2561457Z   Downloaded infer v0.22.0
desktop	Actual TypeScript Repository on SQLx SQLite	2026-10-03T12:20:42.2605166Z   Downloaded json-patch v4.2.0
desktop	Actual TypeScript Repository on SQLx SQLite	2026-10-03T12:20:42.2622060Z   Downloaded libloading v0.7.4
desktop	Actual TypeScript Repository on SQLx SQLite	2026-10-03T12:20:42.2666435Z   Downloaded pango-sys v0.18.0
desktop	Actual TypeScript Repository on SQLx SQLite	2026-10-03T12:20:42.2714815Z   Downloaded raw-window-handle v0.6.2
desktop	Actual TypeScript Repository on SQLx SQLite	2026-10-03T12:20:42.2750971Z   Downloaded bitflags v1.3.2
desktop	Actual TypeScript Repository on SQLx SQLite	2026-10-03T12:20:42.2820118Z   Downloaded cargo_metadata v0.19.2
desktop	Actual TypeScript Repository on SQLx SQLite	2026-10-03T12:20:42.2852263Z   Downloaded javascriptcore-rs v1.1.2
desktop	Actual TypeScript Repository on SQLx SQLite	2026-10-03T12:20:42.2900992Z   Downloaded lock_api v0.4.14
desktop	Actual TypeScript Repository on SQLx SQLite	2026-10-03T12:20:42.2918936Z   Downloaded parking v2.2.1
desktop	Actual TypeScript Repository on SQLx SQLite	2026-10-03T12:20:42.2934778Z   Downloaded phf v0.13.1
desktop	Actual TypeScript Repository on SQLx SQLite	2026-10-03T12:20:42.2951588Z   Downloaded phf_macros v0.13.1
desktop	Actual TypeScript Repository on SQLx SQLite	2026-10-03T12:20:42.2965366Z   Downloaded pin-project-lite v0.2.17
desktop	Actual TypeScript Repository on SQLx SQLite	2026-10-03T12:20:42.3022878Z   Downloaded siphasher v1.0.4
desktop	Actual TypeScript Repository on SQLx SQLite	2026-10-03T12:20:42.3033165Z   Downloaded zerofrom v0.1.8
desktop	Actual TypeScript Repository on SQLx SQLite	2026-10-03T12:20:42.3039619Z   Downloaded zmij v1.0.23
desktop	Actual TypeScript Repository on SQLx SQLite	2026-10-03T12:20:42.3051922Z   Downloaded crypto-common v0.1.7
desktop	Actual TypeScript Repository on SQLx SQLite	2026-10-03T12:20:42.3057973Z   Downloaded dlopen2_derive v0.4.3
desktop	Actual TypeScript Repository on SQLx SQLite	2026-10-03T12:20:42.3064090Z   Downloaded equivalent v1.0.2
desktop	Actual TypeScript Repository on SQLx SQLite	2026-10-03T12:20:42.3070955Z   Downloaded futures-macro v0.3.34
desktop	Actual TypeScript Repository on SQLx SQLite	2026-10-03T12:20:42.3077841Z   Downloaded litemap v0.8.3
desktop	Actual TypeScript Repository on SQLx SQLite	2026-10-03T12:20:42.3093693Z   Downloaded pango v0.18.3
desktop	Actual TypeScript Repository on SQLx SQLite	2026-10-03T12:20:42.3127157Z   Downloaded parking_lot v0.12.5
desktop	Actual TypeScript Repository on SQLx SQLite	2026-10-03T12:20:42.3144330Z   Downloaded proc-macro-error v1.0.4
desktop	Actual TypeScript Repository on SQLx SQLite	2026-10-03T12:20:42.3169714Z   Downloaded atk-sys v0.18.2
desktop	Actual TypeScript Repository on SQLx SQLite	2026-10-03T12:20:42.3179075Z   Downloaded bit-vec v0.8.0
desktop	Actual TypeScript Repository on SQLx SQLite	2026-10-03T12:20:42.3189887Z   Downloaded dpi v0.1.2
desktop	Actual TypeScript Repository on SQLx SQLite	2026-10-03T12:20:42.3196811Z   Downloaded dunce v1.0.5
desktop	Actual TypeScript Repository on SQLx SQLite	2026-10-03T12:20:42.3202709Z   Downloaded fnv v1.0.7
desktop	Actual TypeScript Repository on SQLx SQLite	2026-10-03T12:20:42.3208503Z   Downloaded once_cell v1.21.4
desktop	Actual TypeScript Repository on SQLx SQLite	2026-10-03T12:20:42.3226027Z   Downloaded parking_lot_core v0.9.12
desktop	Actual TypeScript Repository on SQLx SQLite	2026-10-03T12:20:42.3240418Z   Downloaded potential_utf v0.1.6
desktop	Actual TypeScript Repository on SQLx SQLite	2026-10-03T12:20:42.3247696Z   Downloaded quote v1.0.47
desktop	Actual TypeScript Repository on SQLx SQLite	2026-10-03T12:20:42.3266605Z   Downloaded ryu v1.0.23
desktop	Actual TypeScript Repository on SQLx SQLite	2026-10-03T12:20:42.3289193Z   Downloaded schemars v0.9.0
desktop	Actual TypeScript Repository on SQLx SQLite	2026-10-03T12:20:42.3394228Z   Downloaded soup3 v0.5.0
desktop	Actual TypeScript Repository on SQLx SQLite	2026-10-03T12:20:42.3423687Z   Downloaded soup3-sys v0.5.0
desktop	Actual TypeScript Repository on SQLx SQLite	2026-10-03T12:20:42.3433111Z   Downloaded cfg-if v1.0.5
desktop	Actual TypeScript Repository on SQLx SQLite	2026-10-03T12:20:42.3442078Z   Downloaded cpufeatures v0.2.17
desktop	Actual TypeScript Repository on SQLx SQLite	2026-10-03T12:20:42.3451470Z   Downloaded cssparser-macros v0.7.1
desktop	Actual TypeScript Repository on SQLx SQLite	2026-10-03T12:20:42.3456198Z   Downloaded defmt-parser v1.0.0
desktop	Actual TypeScript Repository on SQLx SQLite	2026-10-03T12:20:42.3462498Z   Downloaded gdk-pixbuf-sys v0.18.0
desktop	Actual TypeScript Repository on SQLx SQLite	2026-10-03T12:20:42.3470889Z   Downloaded gdkwayland-sys v0.18.2
desktop	Actual TypeScript Repository on SQLx SQLite	2026-10-03T12:20:42.3475168Z   Downloaded ico v0.5.0
desktop	Actual TypeScript Repository on SQLx SQLite	2026-10-03T12:20:42.3495860Z   Downloaded icu_normalizer_data v2.3.0
desktop	Actual TypeScript Repository on SQLx SQLite	2026-10-03T12:20:42.3510510Z   Downloaded jsonptr v0.7.1
desktop	Actual TypeScript Repository on SQLx SQLite	2026-10-03T12:20:42.3529430Z   Downloaded libappindicator v0.9.0
desktop	Actual TypeScript Repository on SQLx SQLite	2026-10-03T12:20:42.3545682Z   Downloaded num-traits v0.2.19
desktop	Actual TypeScript Repository on SQLx SQLite	2026-10-03T12:20:42.3563584Z   Downloaded plist v1.10.1
desktop	Actual TypeScript Repository on SQLx SQLite	2026-10-03T12:20:42.3592576Z   Downloaded proc-macro2 v1.0.107
desktop	Actual TypeScript Repository on SQLx SQLite	2026-10-03T12:20:42.3613210Z   Downloaded icu_locale_core v2.3.0
desktop	Actual TypeScript Repository on SQLx SQLite	2026-10-03T12:20:42.3663701Z   Downloaded miniz_oxide v0.9.1
desktop	Actual TypeScript Repository on SQLx SQLite	2026-10-03T12:20:42.3681323Z   Downloaded schemars v0.8.22
desktop	Actual TypeScript Repository on SQLx SQLite	2026-10-03T12:20:42.3776968Z   Downloaded serde_core v1.0.229
desktop	Actual TypeScript Repository on SQLx SQLite	2026-10-03T12:20:42.3796406Z   Downloaded gdkx11-sys v0.18.2
desktop	Actual TypeScript Repository on SQLx SQLite	2026-10-03T12:20:42.3802570Z   Downloaded crc v3.4.0
desktop	Actual TypeScript Repository on SQLx SQLite	2026-10-03T12:20:42.3814425Z   Downloaded field-offset v0.3.6
desktop	Actual TypeScript Repository on SQLx SQLite	2026-10-03T12:20:42.3822195Z   Downloaded icu_properties v2.3.0
desktop	Actual TypeScript Repository on SQLx SQLite	2026-10-03T12:20:42.3844560Z   Downloaded log v0.4.34
desktop	Actual TypeScript Repository on SQLx SQLite	2026-10-03T12:20:42.3862030Z   Downloaded miniz_oxide v0.8.9
desktop	Actual TypeScript Repository on SQLx SQLite	2026-10-03T12:20:42.3879492Z   Downloaded selectors v0.38.0
desktop	Actual TypeScript Repository on SQLx SQLite	2026-10-03T12:20:42.3896491Z   Downloaded synstructure v0.14.0
desktop	Actual TypeScript Repository on SQLx SQLite	2026-10-03T12:20:42.3903452Z   Downloaded zerotrie v0.2.5
desktop	Actual TypeScript Repository on SQLx SQLite	2026-10-03T12:20:42.3931246Z   Downloaded gio-sys v0.18.1
desktop	Actual TypeScript Repository on SQLx SQLite	2026-10-03T12:20:42.3949470Z   Downloaded hashbrown v0.15.5
desktop	Actual TypeScript Repository on SQLx SQLite	2026-10-03T12:20:42.3984251Z   Downloaded html5ever v0.39.0
desktop	Actual TypeScript Repository on SQLx SQLite	2026-10-03T12:20:42.4009823Z   Downloaded http v1.5.0
desktop	Actual TypeScript Repository on SQLx SQLite	2026-10-03T12:20:42.4035115Z   Downloaded icu_collections v2.3.0
desktop	Actual TypeScript Repository on SQLx SQLite	2026-10-03T12:20:42.4079439Z   Downloaded indexmap v2.14.2
desktop	Actual TypeScript Repository on SQLx SQLite	2026-10-03T12:20:42.4109363Z   Downloaded keyboard-types v0.8.3
desktop	Actual TypeScript Repository on SQLx SQLite	2026-10-03T12:20:42.4130164Z   Downloaded mio v1.2.3
desktop	Actual TypeScript Repository on SQLx SQLite	2026-10-03T12:20:42.4173488Z   Downloaded png v0.17.16
desktop	Actual TypeScript Repository on SQLx SQLite	2026-10-03T12:20:42.4200343Z   Downloaded idna v1.1.0
desktop	Actual TypeScript Repository on SQLx SQLite	2026-10-03T12:20:42.4224828Z   Downloaded memchr v2.8.3
desktop	Actual TypeScript Repository on SQLx SQLite	2026-10-03T12:20:42.4263701Z   Downloaded tauri-runtime-wry v2.12.1
desktop	Actual TypeScript Repository on SQLx SQLite	2026-10-03T12:20:42.4282386Z   Downloaded dirs v7.0.0
desktop	Actual TypeScript Repository on SQLx SQLite	2026-10-03T12:20:42.4291523Z   Downloaded dtoa-short v0.3.5
desktop	Actual TypeScript Repository on SQLx SQLite	2026-10-03T12:20:42.4296779Z   Downloaded futures-sink v0.3.34
desktop	Actual TypeScript Repository on SQLx SQLite	2026-10-03T12:20:42.4302508Z   Downloaded serde_urlencoded v0.7.1
desktop	Actual TypeScript Repository on SQLx SQLite	2026-10-03T12:20:42.4314204Z   Downloaded toml_datetime v0.6.3
desktop	Actual TypeScript Repository on SQLx SQLite	2026-10-03T12:20:42.4321162Z   Downloaded bs58 v0.5.1
desktop	Actual TypeScript Repository on SQLx SQLite	2026-10-03T12:20:42.4336799Z   Downloaded byteorder v1.5.0
desktop	Actual TypeScript Repository on SQLx SQLite	2026-10-03T12:20:42.4348145Z   Downloaded darling_macro v0.24.1
desktop	Actual TypeScript Repository on SQLx SQLite	2026-10-03T12:20:42.4352631Z   Downloaded dirs-sys v0.5.0
desktop	Actual TypeScript Repository on SQLx SQLite	2026-10-03T12:20:42.4360308Z   Downloaded form_urlencoded v1.2.2
desktop	Actual TypeScript Repository on SQLx SQLite	2026-10-03T12:20:42.4365624Z   Downloaded futures-io v0.3.34
desktop	Actual TypeScript Repository on SQLx SQLite	2026-10-03T12:20:42.4371609Z   Downloaded futures-task v0.3.34
desktop	Actual TypeScript Repository on SQLx SQLite	2026-10-03T12:20:42.4379744Z   Downloaded gdkx11 v0.18.2
desktop	Actual TypeScript Repository on SQLx SQLite	2026-10-03T12:20:42.4393517Z   Downloaded generic-array v0.14.7
desktop	Actual TypeScript Repository on SQLx SQLite	2026-10-03T12:20:42.4403121Z   Downloaded gtk-sys v0.18.2
desktop	Actual TypeScript Repository on SQLx SQLite	2026-10-03T12:20:42.4427053Z   Downloaded muda v0.20.0
desktop	Actual TypeScript Repository on SQLx SQLite	2026-10-03T12:20:42.4464443Z   Downloaded serialize-to-javascript v0.1.2
desktop	Actual TypeScript Repository on SQLx SQLite	2026-10-03T12:20:42.4471984Z   Downloaded schemars_derive v0.8.22
desktop	Actual TypeScript Repository on SQLx SQLite	2026-10-03T12:20:42.4482531Z   Downloaded toml_writer v1.1.2+spec-1.1.0
desktop	Actual TypeScript Repository on SQLx SQLite	2026-10-03T12:20:42.4491999Z   Downloaded jiff-core v0.1.1
desktop	Actual TypeScript Repository on SQLx SQLite	2026-10-03T12:20:42.4516765Z   Downloaded camino v1.2.6
desktop	Actual TypeScript Repository on SQLx SQLite	2026-10-03T12:20:42.4527920Z   Downloaded stable_deref_trait v1.2.1
desktop	Actual TypeScript Repository on SQLx SQLite	2026-10-03T12:20:42.4533980Z   Downloaded gdk-pixbuf v0.18.5
desktop	Actual TypeScript Repository on SQLx SQLite	2026-10-03T12:20:42.4549663Z   Downloaded atk v0.18.2
desktop	Actual TypeScript Repository on SQLx SQLite	2026-10-03T12:20:42.4574525Z   Downloaded crossbeam-queue v0.3.14
desktop	Actual TypeScript Repository on SQLx SQLite	2026-10-03T12:20:42.4583449Z   Downloaded toml_datetime v1.1.1+spec-1.1.0
desktop	Actual TypeScript Repository on SQLx SQLite	2026-10-03T12:20:42.4592286Z   Downloaded icu_properties_data v2.3.0
desktop	Actual TypeScript Repository on SQLx SQLite	2026-10-03T12:20:42.4669416Z   Downloaded png v0.18.1
desktop	Actual TypeScript Repository on SQLx SQLite	2026-10-03T12:20:42.4698226Z   Downloaded regex v1.13.1
desktop	Actual TypeScript Repository on SQLx SQLite	2026-10-03T12:20:42.4735766Z   Downloaded toml_parser v1.1.3+spec-1.1.0
desktop	Actual TypeScript Repository on SQLx SQLite	2026-10-03T12:20:42.4751735Z   Downloaded tracing-attributes v0.1.31
desktop	Actual TypeScript Repository on SQLx SQLite	2026-10-03T12:20:42.4770315Z   Downloaded tracing-core v0.1.36
desktop	Actual TypeScript Repository on SQLx SQLite	2026-10-03T12:20:42.4789368Z   Downloaded serde_json v1.0.151
desktop	Actual TypeScript Repository on SQLx SQLite	2026-10-03T12:20:42.4841525Z   Downloaded serde_with_macros v3.24.0
desktop	Actual TypeScript Repository on SQLx SQLite	2026-10-03T12:20:42.4854524Z   Downloaded toml v1.1.6+spec-1.1.0
desktop	Actual TypeScript Repository on SQLx SQLite	2026-10-03T12:20:42.4883224Z   Downloaded toml_edit v0.19.15
desktop	Actual TypeScript Repository on SQLx SQLite	2026-10-03T12:20:42.5029686Z   Downloaded hashbrown v0.17.1
desktop	Actual TypeScript Repository on SQLx SQLite	2026-10-03T12:20:42.5066905Z   Downloaded toml_edit v0.20.2
desktop	Actual TypeScript Repository on SQLx SQLite	2026-10-03T12:20:42.5219022Z   Downloaded zlib-rs v0.6.8
desktop	Actual TypeScript Repository on SQLx SQLite	2026-10-03T12:20:42.5258896Z   Downloaded serde_with v3.24.0
desktop	Actual TypeScript Repository on SQLx SQLite	2026-10-03T12:20:42.5356422Z   Downloaded defmt-macros v1.1.1
desktop	Actual TypeScript Repository on SQLx SQLite	2026-10-03T12:20:42.5382824Z   Downloaded foldhash v0.1.5
desktop	Actual TypeScript Repository on SQLx SQLite	2026-10-03T12:20:42.5391646Z   Downloaded quick-xml v0.42.0
desktop	Actual TypeScript Repository on SQLx SQLite	2026-10-03T12:20:42.5434811Z   Downloaded strsim v0.11.1
desktop	Actual TypeScript Repository on SQLx SQLite	2026-10-03T12:20:42.5444281Z   Downloaded digest v0.10.7
desktop	Actual TypeScript Repository on SQLx SQLite	2026-10-03T12:20:42.5457174Z   Downloaded dlopen2 v0.8.2
desktop	Actual TypeScript Repository on SQLx SQLite	2026-10-03T12:20:42.5480825Z   Downloaded dyn-clone v1.0.20
desktop	Actual TypeScript Repository on SQLx SQLite	2026-10-03T12:20:42.5492938Z   Downloaded fastrand v2.5.0
desktop	Actual TypeScript Repository on SQLx SQLite	2026-10-03T12:20:42.5502816Z   Downloaded sqlx-macros v0.8.6
desktop	Actual TypeScript Repository on SQLx SQLite	2026-10-03T12:20:42.5508844Z   Downloaded string_cache v0.9.0
desktop	Actual TypeScript Repository on SQLx SQLite	2026-10-03T12:20:42.5519894Z   Downloaded string_cache_codegen v0.6.1
desktop	Actual TypeScript Repository on SQLx SQLite	2026-10-03T12:20:42.5524559Z   Downloaded syn v1.0.109
desktop	Actual TypeScript Repository on SQLx SQLite	2026-10-03T12:20:42.5594037Z   Downloaded system-deps v6.2.2
desktop	Actual TypeScript Repository on SQLx SQLite	2026-10-03T12:20:42.5609643Z   Downloaded time-core v0.1.9
desktop	Actual TypeScript Repository on SQLx SQLite	2026-10-03T12:20:42.5617811Z   Downloaded anyhow v1.0.104
desktop	Actual TypeScript Repository on SQLx SQLite	2026-10-03T12:20:42.5647321Z   Downloaded bitflags v2.13.2
desktop	Actual TypeScript Repository on SQLx SQLite	2026-10-03T12:20:42.5680873Z   Downloaded cookie v0.18.2
desktop	Actual TypeScript Repository on SQLx SQLite	2026-10-03T12:20:42.5698559Z   Downloaded crc-catalog v2.5.0
desktop	Actual TypeScript Repository on SQLx SQLite	2026-10-03T12:20:42.5708665Z   Downloaded deranged v0.5.8
desktop	Actual TypeScript Repository on SQLx SQLite	2026-10-03T12:20:42.5718398Z   Downloaded displaydoc v0.2.7
desktop	Actual TypeScript Repository on SQLx SQLite	2026-10-03T12:20:42.5733053Z   Downloaded dotenvy v0.15.7
desktop	Actual TypeScript Repository on SQLx SQLite	2026-10-03T12:20:42.5753460Z   Downloaded either v1.18.0
desktop	Actual TypeScript Repository on SQLx SQLite	2026-10-03T12:20:42.5763854Z   Downloaded embed-resource v3.0.11
desktop	Actual TypeScript Repository on SQLx SQLite	2026-10-03T12:20:42.5776466Z   Downloaded erased-serde v0.4.10
desktop	Actual TypeScript Repository on SQLx SQLite	2026-10-03T12:20:42.5794062Z   Downloaded fdeflate v0.3.7
desktop	Actual TypeScript Repository on SQLx SQLite	2026-10-03T12:20:42.5805713Z   Downloaded foldhash v0.2.0
desktop	Actual TypeScript Repository on SQLx SQLite	2026-10-03T12:20:42.5814491Z   Downloaded scopeguard v1.2.0
desktop	Actual TypeScript Repository on SQLx SQLite	2026-10-03T12:20:42.5822954Z   Downloaded servo_arc v0.4.3
desktop	Actual TypeScript Repository on SQLx SQLite	2026-10-03T12:20:42.5828935Z   Downloaded sqlx-macros-core v0.8.6
desktop	Actual TypeScript Repository on SQLx SQLite	2026-10-03T12:20:42.5844400Z   Downloaded time v0.3.55
desktop	Actual TypeScript Repository on SQLx SQLite	2026-10-03T12:20:42.5951860Z   Downloaded time-macros v0.2.32
desktop	Actual TypeScript Repository on SQLx SQLite	2026-10-03T12:20:42.5969820Z   Downloaded tinystr v0.8.4
desktop	Actual TypeScript Repository on SQLx SQLite	2026-10-03T12:20:42.5984975Z   Downloaded tokio-stream v0.1.19
desktop	Actual TypeScript Repository on SQLx SQLite	2026-10-03T12:20:42.6023006Z   Downloaded toml v0.8.2
desktop	Actual TypeScript Repository on SQLx SQLite	2026-10-03T12:20:42.6045509Z   Downloaded typeid v1.0.3
desktop	Actual TypeScript Repository on SQLx SQLite	2026-10-03T12:20:42.6054551Z   Downloaded cargo_toml v1.0.1
desktop	Actual TypeScript Repository on SQLx SQLite	2026-10-03T12:20:42.6063585Z   Downloaded crc32fast v1.5.2
desktop	Actual TypeScript Repository on SQLx SQLite	2026-10-03T12:20:42.6077920Z   Downloaded defmt v1.1.1
desktop	Actual TypeScript Repository on SQLx SQLite	2026-10-03T12:20:42.6112739Z   Downloaded dtoa v1.0.11
desktop	Actual TypeScript Repository on SQLx SQLite	2026-10-03T12:20:42.6123544Z   Downloaded event-listener v5.4.2
desktop	Actual TypeScript Repository on SQLx SQLite	2026-10-03T12:20:42.6135704Z   Downloaded find-msvc-tools v0.1.14
desktop	Actual TypeScript Repository on SQLx SQLite	2026-10-03T12:20:42.6147453Z   Downloaded futures-executor v0.3.34
desktop	Actual TypeScript Repository on SQLx SQLite	2026-10-03T12:20:42.6156966Z   Downloaded gtk v0.18.2
desktop	Actual TypeScript Repository on SQLx SQLite	2026-10-03T12:20:42.6338787Z   Downloaded regex-syntax v0.8.11
desktop	Actual TypeScript Repository on SQLx SQLite	2026-10-03T12:20:42.6385418Z   Downloaded serde_repr v0.1.21
desktop	Actual TypeScript Repository on SQLx SQLite	2026-10-03T12:20:42.6399815Z   Downloaded sqlx-sqlite v0.8.6
desktop	Actual TypeScript Repository on SQLx SQLite	2026-10-03T12:20:42.6431883Z   Downloaded syn v2.0.119
desktop	Actual TypeScript Repository on SQLx SQLite	2026-10-03T12:20:42.6506268Z   Downloaded syn v3.0.6
desktop	Actual TypeScript Repository on SQLx SQLite	2026-10-03T12:20:42.6580856Z   Downloaded allocator-api2 v0.2.21
desktop	Actual TypeScript Repository on SQLx SQLite	2026-10-03T12:20:42.6598825Z   Downloaded base64 v0.22.1
desktop	Actual TypeScript Repository on SQLx SQLite	2026-10-03T12:20:42.6625105Z   Downloaded bytes v1.12.1
desktop	Actual TypeScript Repository on SQLx SQLite	2026-10-03T12:20:42.6649880Z   Downloaded cairo-rs v0.18.5
desktop	Actual TypeScript Repository on SQLx SQLite	2026-10-03T12:20:42.6672705Z   Downloaded cfg-expr v0.15.8
desktop	Actual TypeScript Repository on SQLx SQLite	2026-10-03T12:20:42.6693304Z   Downloaded crossbeam-utils v0.8.23
desktop	Actual TypeScript Repository on SQLx SQLite	2026-10-03T12:20:42.6712263Z   Downloaded ctor v1.0.13
desktop	Actual TypeScript Repository on SQLx SQLite	2026-10-03T12:20:42.6729462Z   Downloaded darling v0.24.1
desktop	Actual TypeScript Repository on SQLx SQLite	2026-10-03T12:20:42.6777997Z   Downloaded flate2 v1.1.10
desktop	Actual TypeScript Repository on SQLx SQLite	2026-10-03T12:20:42.6812319Z   Downloaded flume v0.11.1
desktop	Actual TypeScript Repository on SQLx SQLite	2026-10-03T12:20:42.6836994Z   Downloaded futures-channel v0.3.34
desktop	Actual TypeScript Repository on SQLx SQLite	2026-10-03T12:20:42.6849972Z   Downloaded getrandom v0.3.4
desktop	Actual TypeScript Repository on SQLx SQLite	2026-10-03T12:20:42.6874254Z   Downloaded getrandom v0.4.3
desktop	Actual TypeScript Repository on SQLx SQLite	2026-10-03T12:20:42.6901121Z   Downloaded schemars v1.2.2
desktop	Actual TypeScript Repository on SQLx SQLite	2026-10-03T12:20:42.7028229Z   Downloaded semver v1.0.28
desktop	Actual TypeScript Repository on SQLx SQLite	2026-10-03T12:20:42.7044378Z   Downloaded serde-untagged v0.1.9
desktop	Actual TypeScript Repository on SQLx SQLite	2026-10-03T12:20:42.7055758Z   Downloaded serde_derive v1.0.229
desktop	Actual TypeScript Repository on SQLx SQLite	2026-10-03T12:20:42.7077214Z   Downloaded serde_derive_internals v0.29.1
desktop	Actual TypeScript Repository on SQLx SQLite	2026-10-03T12:20:42.7087039Z   Downloaded serde_spanned v0.6.9
desktop	Actual TypeScript Repository on SQLx SQLite	2026-10-03T12:20:42.7094141Z   Downloaded serialize-to-javascript-impl v0.1.2
desktop	Actual TypeScript Repository on SQLx SQLite	2026-10-03T12:20:42.7099198Z   Downloaded tinyvec v1.13.3
desktop	Actual TypeScript Repository on SQLx SQLite	2026-10-03T12:20:42.7123044Z   Downloaded tray-icon v0.25.1
desktop	Actual TypeScript Repository on SQLx SQLite	2026-10-03T12:20:42.7142580Z   Downloaded version-compare v0.2.1
desktop	Actual TypeScript Repository on SQLx SQLite	2026-10-03T12:20:42.7151889Z   Downloaded version_check v0.9.5
desktop	Actual TypeScript Repository on SQLx SQLite	2026-10-03T12:20:42.7160414Z   Downloaded base64 v0.23.1
desktop	Actual TypeScript Repository on SQLx SQLite	2026-10-03T12:20:42.7187519Z   Downloaded cfb v0.14.0
desktop	Actual TypeScript Repository on SQLx SQLite	2026-10-03T12:20:42.7216933Z   Downloaded crossbeam-channel v0.5.17
desktop	Actual TypeScript Repository on SQLx SQLite	2026-10-03T12:20:42.7244935Z   Downloaded cssparser v0.37.0
desktop	Actual TypeScript Repository on SQLx SQLite	2026-10-03T12:20:42.7261832Z   Downloaded darling_core v0.24.1
desktop	Actual TypeScript Repository on SQLx SQLite	2026-10-03T12:20:42.7304728Z   Downloaded derive_more v2.1.1
desktop	Actual TypeScript Repository on SQLx SQLite	2026-10-03T12:20:42.7398805Z   Downloaded dom_query v0.28.0
desktop	Actual TypeScript Repository on SQLx SQLite	2026-10-03T12:20:42.7433871Z   Downloaded futures-intrusive v0.5.0
desktop	Actual TypeScript Repository on SQLx SQLite	2026-10-03T12:20:42.7465397Z   Downloaded gdk v0.18.2
desktop	Actual TypeScript Repository on SQLx SQLite	2026-10-03T12:20:42.7507588Z   Downloaded gdk-sys v0.18.2
desktop	Actual TypeScript Repository on SQLx SQLite	2026-10-03T12:20:42.7522059Z   Downloaded icu_normalizer v2.3.0
desktop	Actual TypeScript Repository on SQLx SQLite	2026-10-03T12:20:42.7589134Z   Downloaded serde_spanned v1.1.1
desktop	Actual TypeScript Repository on SQLx SQLite	2026-10-03T12:20:42.7597656Z   Downloaded sha2 v0.10.9
desktop	Actual TypeScript Repository on SQLx SQLite	2026-10-03T12:20:42.7615673Z   Downloaded slab v0.4.12
desktop	Actual TypeScript Repository on SQLx SQLite	2026-10-03T12:20:42.7624730Z   Downloaded socket2 v0.6.5
desktop	Actual TypeScript Repository on SQLx SQLite	2026-10-03T12:20:42.7637440Z   Downloaded spin v0.9.9
desktop	Actual TypeScript Repository on SQLx SQLite	2026-10-03T12:20:42.7653620Z   Downloaded tauri-winres v0.3.6
desktop	Actual TypeScript Repository on SQLx SQLite	2026-10-03T12:20:42.7665334Z   Downloaded thiserror v1.0.69
desktop	Actual TypeScript Repository on SQLx SQLite	2026-10-03T12:20:42.7706236Z   Downloaded walkdir v2.5.0
desktop	Actual TypeScript Repository on SQLx SQLite	2026-10-03T12:20:42.7719119Z   Downloaded web-time v1.1.0
desktop	Actual TypeScript Repository on SQLx SQLite	2026-10-03T12:20:42.7731089Z   Downloaded web_atoms v0.2.6
desktop	Actual TypeScript Repository on SQLx SQLite	2026-10-03T12:20:42.7738885Z   Downloaded cc v1.5.1
desktop	Actual TypeScript Repository on SQLx SQLite	2026-10-03T12:20:42.7761748Z   Downloaded derive_more-impl v2.1.1
desktop	Actual TypeScript Repository on SQLx SQLite	2026-10-03T12:20:42.7799397Z   Downloaded regex-automata v0.4.18
desktop	Actual TypeScript Repository on SQLx SQLite	2026-10-03T12:20:42.7898801Z   Downloaded serde v1.0.229
desktop	Actual TypeScript Repository on SQLx SQLite	2026-10-03T12:20:42.7923074Z   Downloaded shlex v2.0.1
desktop	Actual TypeScript Repository on SQLx SQLite	2026-10-03T12:20:42.7932168Z   Downloaded simd-adler32 v0.3.10
desktop	Actual TypeScript Repository on SQLx SQLite	2026-10-03T12:20:42.7944968Z   Downloaded smallvec v1.16.2
desktop	Actual TypeScript Repository on SQLx SQLite	2026-10-03T12:20:42.7954167Z   Downloaded tracing v0.1.44
desktop	Actual TypeScript Repository on SQLx SQLite	2026-10-03T12:20:42.8063775Z   Downloaded yoke-derive v0.8.4
desktop	Actual TypeScript Repository on SQLx SQLite	2026-10-03T12:20:42.8071882Z   Downloaded dbus v0.9.12
desktop	Actual TypeScript Repository on SQLx SQLite	2026-10-03T12:20:42.8101404Z   Downloaded jiff v0.2.37
desktop	Actual TypeScript Repository on SQLx SQLite	2026-10-03T12:20:42.8210709Z   Downloaded typenum v1.20.1
desktop	Actual TypeScript Repository on SQLx SQLite	2026-10-03T12:20:42.8236654Z   Downloaded libc v0.2.189
desktop	Actual TypeScript Repository on SQLx SQLite	2026-10-03T12:20:42.8561685Z   Downloaded sqlx-core v0.8.6
desktop	Actual TypeScript Repository on SQLx SQLite	2026-10-03T12:20:42.8620294Z   Downloaded zerovec-derive v0.11.6
desktop	Actual TypeScript Repository on SQLx SQLite	2026-10-03T12:20:42.8633418Z   Downloaded libdbus-sys v0.2.7
desktop	Actual TypeScript Repository on SQLx SQLite	2026-10-03T12:20:42.8868089Z   Downloaded tendril v0.5.1
desktop	Actual TypeScript Repository on SQLx SQLite	2026-10-03T12:20:42.8882001Z   Downloaded tokio v1.53.1
desktop	Actual TypeScript Repository on SQLx SQLite	2026-10-03T12:20:42.9220281Z   Downloaded webkit2gtk v2.0.2
desktop	Actual TypeScript Repository on SQLx SQLite	2026-10-03T12:20:42.9265571Z   Downloaded futures-util v0.3.34
desktop	Actual TypeScript Repository on SQLx SQLite	2026-10-03T12:20:42.9363001Z   Downloaded brotli-decompressor v6.0.1
desktop	Actual TypeScript Repository on SQLx SQLite	2026-10-03T12:20:42.9411514Z   Downloaded chrono v0.4.45
desktop	Actual TypeScript Repository on SQLx SQLite	2026-10-03T12:20:42.9458946Z   Downloaded gio v0.18.4
desktop	Actual TypeScript Repository on SQLx SQLite	2026-10-03T12:20:42.9580011Z   Downloaded tauri-utils v2.10.1
desktop	Actual TypeScript Repository on SQLx SQLite	2026-10-03T12:20:42.9611465Z   Downloaded thiserror-impl v1.0.69
desktop	Actual TypeScript Repository on SQLx SQLite	2026-10-03T12:20:42.9621166Z   Downloaded sqlx v0.8.6
desktop	Actual TypeScript Repository on SQLx SQLite	2026-10-03T12:20:42.9729185Z   Downloaded thiserror v2.0.21
desktop	Actual TypeScript Repository on SQLx SQLite	2026-10-03T12:20:42.9779271Z   Downloaded thiserror-impl v2.0.21
desktop	Actual TypeScript Repository on SQLx SQLite	2026-10-03T12:20:42.9790538Z   Downloaded utf8_iter v1.0.4
desktop	Actual TypeScript Repository on SQLx SQLite	2026-10-03T12:20:42.9798302Z   Downloaded glib v0.18.5
desktop	Actual TypeScript Repository on SQLx SQLite	2026-10-03T12:20:42.9879413Z   Downloaded tauri-build v2.7.1
desktop	Actual TypeScript Repository on SQLx SQLite	2026-10-03T12:20:42.9892745Z   Downloaded unicode-ident v1.0.26
desktop	Actual TypeScript Repository on SQLx SQLite	2026-10-03T12:20:42.9914002Z   Downloaded vcpkg v0.2.15
desktop	Actual TypeScript Repository on SQLx SQLite	2026-10-03T12:20:43.0347044Z   Downloaded tauri-macros v2.7.1
desktop	Actual TypeScript Repository on SQLx SQLite	2026-10-03T12:20:43.0358651Z   Downloaded aho-corasick v1.1.5
desktop	Actual TypeScript Repository on SQLx SQLite	2026-10-03T12:20:43.0397117Z   Downloaded winnow v1.0.4
desktop	Actual TypeScript Repository on SQLx SQLite	2026-10-03T12:20:43.0468121Z   Downloaded writeable v0.6.4
desktop	Actual TypeScript Repository on SQLx SQLite	2026-10-03T12:20:43.0483281Z   Downloaded target-lexicon v0.12.16
desktop	Actual TypeScript Repository on SQLx SQLite	2026-10-03T12:20:43.0498697Z   Downloaded tauri-codegen v2.7.1
desktop	Actual TypeScript Repository on SQLx SQLite	2026-10-03T12:20:43.0509838Z   Downloaded urlpattern v0.6.0
desktop	Actual TypeScript Repository on SQLx SQLite	2026-10-03T12:20:43.0526071Z   Downloaded uuid v1.26.1
desktop	Actual TypeScript Repository on SQLx SQLite	2026-10-03T12:20:43.0547515Z   Downloaded webkit2gtk-sys v2.0.2
desktop	Actual TypeScript Repository on SQLx SQLite	2026-10-03T12:20:43.0557977Z   Downloaded url v2.5.8
desktop	Actual TypeScript Repository on SQLx SQLite	2026-10-03T12:20:43.0576428Z   Downloaded winnow v0.5.40
desktop	Actual TypeScript Repository on SQLx SQLite	2026-10-03T12:20:43.0638794Z   Downloaded alloc-no-stdlib v3.0.0
desktop	Actual TypeScript Repository on SQLx SQLite	2026-10-03T12:20:43.0651176Z   Downloaded tauri v2.12.1
desktop	Actual TypeScript Repository on SQLx SQLite	2026-10-03T12:20:43.0764624Z   Downloaded zerofrom-derive v0.1.8
desktop	Actual TypeScript Repository on SQLx SQLite	2026-10-03T12:20:43.0772296Z   Downloaded tao v0.37.1
desktop	Actual TypeScript Repository on SQLx SQLite	2026-10-03T12:20:43.0852401Z   Downloaded tauri-runtime v2.12.1
desktop	Actual TypeScript Repository on SQLx SQLite	2026-10-03T12:20:43.0865073Z   Downloaded yoke v0.8.3
desktop	Actual TypeScript Repository on SQLx SQLite	2026-10-03T12:20:43.0878261Z   Downloaded x11-dl v2.21.0
desktop	Actual TypeScript Repository on SQLx SQLite	2026-10-03T12:20:43.0901348Z   Downloaded x11 v2.21.0
desktop	Actual TypeScript Repository on SQLx SQLite	2026-10-03T12:20:43.0923893Z   Downloaded zerovec v0.11.8
desktop	Actual TypeScript Repository on SQLx SQLite	2026-10-03T12:20:43.0967770Z   Downloaded wry v0.57.0
desktop	Actual TypeScript Repository on SQLx SQLite	2026-10-03T12:20:43.1025709Z   Downloaded brotli v9.0.0
desktop	Actual TypeScript Repository on SQLx SQLite	2026-10-03T12:20:43.1146056Z   Downloaded libsqlite3-sys v0.30.1
desktop	Actual TypeScript Repository on SQLx SQLite	2026-10-03T12:20:43.2812121Z    Compiling proc-macro2 v1.0.107
desktop	Actual TypeScript Repository on SQLx SQLite	2026-10-03T12:20:43.2812598Z    Compiling unicode-ident v1.0.26
desktop	Actual TypeScript Repository on SQLx SQLite	2026-10-03T12:20:43.2826685Z    Compiling quote v1.0.47
desktop	Actual TypeScript Repository on SQLx SQLite	2026-10-03T12:20:43.2826963Z    Compiling serde_core v1.0.229
desktop	Actual TypeScript Repository on SQLx SQLite	2026-10-03T12:20:43.3730828Z    Compiling serde v1.0.229
desktop	Actual TypeScript Repository on SQLx SQLite	2026-10-03T12:20:43.4756796Z    Compiling equivalent v1.0.2
desktop	Actual TypeScript Repository on SQLx SQLite	2026-10-03T12:20:43.5077242Z    Compiling smallvec v1.16.2
desktop	Actual TypeScript Repository on SQLx SQLite	2026-10-03T12:20:43.5147643Z    Compiling hashbrown v0.17.1
desktop	Actual TypeScript Repository on SQLx SQLite	2026-10-03T12:20:43.6157243Z    Compiling pkg-config v0.3.34
desktop	Actual TypeScript Repository on SQLx SQLite	2026-10-03T12:20:43.8806032Z    Compiling indexmap v2.14.2
desktop	Actual TypeScript Repository on SQLx SQLite	2026-10-03T12:20:43.9353492Z    Compiling libc v0.2.189
desktop	Actual TypeScript Repository on SQLx SQLite	2026-10-03T12:20:43.9791638Z    Compiling syn v3.0.6
desktop	Actual TypeScript Repository on SQLx SQLite	2026-10-03T12:20:44.2836923Z    Compiling winnow v0.5.40
desktop	Actual TypeScript Repository on SQLx SQLite	2026-10-03T12:20:44.7307679Z    Compiling heck v0.5.0
desktop	Actual TypeScript Repository on SQLx SQLite	2026-10-03T12:20:44.8127191Z    Compiling target-lexicon v0.12.16
desktop	Actual TypeScript Repository on SQLx SQLite	2026-10-03T12:20:44.8537045Z    Compiling version-compare v0.2.1
desktop	Actual TypeScript Repository on SQLx SQLite	2026-10-03T12:20:44.9473532Z    Compiling syn v2.0.119
desktop	Actual TypeScript Repository on SQLx SQLite	2026-10-03T12:20:45.2047309Z    Compiling cfg-expr v0.15.8
desktop	Actual TypeScript Repository on SQLx SQLite	2026-10-03T12:20:45.2877153Z    Compiling memchr v2.8.3
desktop	Actual TypeScript Repository on SQLx SQLite	2026-10-03T12:20:45.7279636Z    Compiling version_check v0.9.5
desktop	Actual TypeScript Repository on SQLx SQLite	2026-10-03T12:20:45.8707508Z    Compiling cfg-if v1.0.5
desktop	Actual TypeScript Repository on SQLx SQLite	2026-10-03T12:20:45.9007166Z    Compiling writeable v0.6.4
desktop	Actual TypeScript Repository on SQLx SQLite	2026-10-03T12:20:46.0386972Z    Compiling litemap v0.8.3
desktop	Actual TypeScript Repository on SQLx SQLite	2026-10-03T12:20:46.1367230Z    Compiling synstructure v0.14.0
desktop	Actual TypeScript Repository on SQLx SQLite	2026-10-03T12:20:46.4396942Z    Compiling siphasher v1.0.4
desktop	Actual TypeScript Repository on SQLx SQLite	2026-10-03T12:20:46.5277066Z    Compiling utf8_iter v1.0.4
desktop	Actual TypeScript Repository on SQLx SQLite	2026-10-03T12:20:46.5896624Z    Compiling autocfg v1.5.1
desktop	Actual TypeScript Repository on SQLx SQLite	2026-10-03T12:20:46.8737600Z    Compiling phf_shared v0.13.1
desktop	Actual TypeScript Repository on SQLx SQLite	2026-10-03T12:20:46.9887197Z    Compiling icu_properties_data v2.3.0
desktop	Actual TypeScript Repository on SQLx SQLite	2026-10-03T12:20:47.0007506Z    Compiling itoa v1.0.18
desktop	Actual TypeScript Repository on SQLx SQLite	2026-10-03T12:20:47.0177200Z    Compiling serde_derive v1.0.229
desktop	Actual TypeScript Repository on SQLx SQLite	2026-10-03T12:20:47.0602133Z    Compiling zerofrom-derive v0.1.8
desktop	Actual TypeScript Repository on SQLx SQLite	2026-10-03T12:20:47.0821384Z    Compiling yoke-derive v0.8.4
desktop	Actual TypeScript Repository on SQLx SQLite	2026-10-03T12:20:47.6165492Z    Compiling zerovec-derive v0.11.6
desktop	Actual TypeScript Repository on SQLx SQLite	2026-10-03T12:20:47.6827199Z    Compiling zerofrom v0.1.8
desktop	Actual TypeScript Repository on SQLx SQLite	2026-10-03T12:20:47.7327844Z    Compiling displaydoc v0.2.7
desktop	Actual TypeScript Repository on SQLx SQLite	2026-10-03T12:20:47.9957639Z    Compiling icu_normalizer_data v2.3.0
desktop	Actual TypeScript Repository on SQLx SQLite	2026-10-03T12:20:48.0627098Z    Compiling fastrand v2.5.0
desktop	Actual TypeScript Repository on SQLx SQLite	2026-10-03T12:20:48.1209796Z    Compiling phf_generator v0.13.1
desktop	Actual TypeScript Repository on SQLx SQLite	2026-10-03T12:20:48.1667242Z    Compiling futures-core v0.3.34
desktop	Actual TypeScript Repository on SQLx SQLite	2026-10-03T12:20:48.1940033Z    Compiling pin-project-lite v0.2.17
desktop	Actual TypeScript Repository on SQLx SQLite	2026-10-03T12:20:48.1956851Z    Compiling stable_deref_trait v1.2.1
desktop	Actual TypeScript Repository on SQLx SQLite	2026-10-03T12:20:48.2197104Z    Compiling once_cell v1.21.4
desktop	Actual TypeScript Repository on SQLx SQLite	2026-10-03T12:20:48.2257356Z    Compiling futures-sink v0.3.34
desktop	Actual TypeScript Repository on SQLx SQLite	2026-10-03T12:20:48.2307287Z    Compiling scopeguard v1.2.0
desktop	Actual TypeScript Repository on SQLx SQLite	2026-10-03T12:20:48.2587264Z    Compiling parking_lot_core v0.9.12
desktop	Actual TypeScript Repository on SQLx SQLite	2026-10-03T12:20:48.2636694Z    Compiling lock_api v0.4.14
desktop	Actual TypeScript Repository on SQLx SQLite	2026-10-03T12:20:48.3224160Z    Compiling semver v1.0.28
desktop	Actual TypeScript Repository on SQLx SQLite	2026-10-03T12:20:48.3548990Z    Compiling yoke v0.8.3
desktop	Actual TypeScript Repository on SQLx SQLite	2026-10-03T12:20:48.3745045Z    Compiling futures-macro v0.3.34
desktop	Actual TypeScript Repository on SQLx SQLite	2026-10-03T12:20:48.4697167Z    Compiling proc-macro-error-attr v1.0.4
desktop	Actual TypeScript Repository on SQLx SQLite	2026-10-03T12:20:48.4756888Z    Compiling slab v0.4.12
desktop	Actual TypeScript Repository on SQLx SQLite	2026-10-03T12:20:48.5477108Z    Compiling futures-io v0.3.34
desktop	Actual TypeScript Repository on SQLx SQLite	2026-10-03T12:20:48.5478084Z    Compiling syn v1.0.109
desktop	Actual TypeScript Repository on SQLx SQLite	2026-10-03T12:20:48.6016954Z    Compiling zmij v1.0.23
desktop	Actual TypeScript Repository on SQLx SQLite	2026-10-03T12:20:48.6511424Z    Compiling futures-task v0.3.34
desktop	Actual TypeScript Repository on SQLx SQLite	2026-10-03T12:20:48.7367421Z    Compiling proc-macro-error v1.0.4
desktop	Actual TypeScript Repository on SQLx SQLite	2026-10-03T12:20:48.7463341Z    Compiling thiserror v2.0.21
desktop	Actual TypeScript Repository on SQLx SQLite	2026-10-03T12:20:48.7557164Z    Compiling futures-util v0.3.34
desktop	Actual TypeScript Repository on SQLx SQLite	2026-10-03T12:20:48.9888525Z    Compiling toml_datetime v0.6.3
desktop	Actual TypeScript Repository on SQLx SQLite	2026-10-03T12:20:49.0047297Z    Compiling serde_spanned v0.6.9
desktop	Actual TypeScript Repository on SQLx SQLite	2026-10-03T12:20:49.0772605Z    Compiling toml_edit v0.20.2
desktop	Actual TypeScript Repository on SQLx SQLite	2026-10-03T12:20:49.3287328Z    Compiling zerovec v0.11.8
desktop	Actual TypeScript Repository on SQLx SQLite	2026-10-03T12:20:49.3454848Z    Compiling thiserror-impl v2.0.21
desktop	Actual TypeScript Repository on SQLx SQLite	2026-10-03T12:20:49.6677146Z    Compiling log v0.4.34
desktop	Actual TypeScript Repository on SQLx SQLite	2026-10-03T12:20:50.0557078Z    Compiling futures-channel v0.3.34
desktop	Actual TypeScript Repository on SQLx SQLite	2026-10-03T12:20:50.1699797Z    Compiling toml v0.8.2
desktop	Actual TypeScript Repository on SQLx SQLite	2026-10-03T12:20:50.2007625Z    Compiling phf_macros v0.13.1
desktop	Actual TypeScript Repository on SQLx SQLite	2026-10-03T12:20:50.4137590Z    Compiling system-deps v6.2.2
desktop	Actual TypeScript Repository on SQLx SQLite	2026-10-03T12:20:50.4847469Z    Compiling futures-executor v0.3.34
desktop	Actual TypeScript Repository on SQLx SQLite	2026-10-03T12:20:50.5458255Z    Compiling thiserror v1.0.69
desktop	Actual TypeScript Repository on SQLx SQLite	2026-10-03T12:20:50.6232876Z    Compiling proc-macro-crate v2.0.2
desktop	Actual TypeScript Repository on SQLx SQLite	2026-10-03T12:20:50.7687180Z    Compiling thiserror-impl v1.0.69
desktop	Actual TypeScript Repository on SQLx SQLite	2026-10-03T12:20:50.8127265Z    Compiling glib-sys v0.18.1
desktop	Actual TypeScript Repository on SQLx SQLite	2026-10-03T12:20:50.8577916Z    Compiling gobject-sys v0.18.0
desktop	Actual TypeScript Repository on SQLx SQLite	2026-10-03T12:20:50.9796047Z    Compiling gio-sys v0.18.1
desktop	Actual TypeScript Repository on SQLx SQLite	2026-10-03T12:20:51.0489988Z    Compiling gdk-sys v0.18.2
desktop	Actual TypeScript Repository on SQLx SQLite	2026-10-03T12:20:51.1777317Z    Compiling bitflags v2.13.2
desktop	Actual TypeScript Repository on SQLx SQLite	2026-10-03T12:20:51.2431010Z    Compiling num-conv v0.2.2
desktop	Actual TypeScript Repository on SQLx SQLite	2026-10-03T12:20:51.2731332Z    Compiling heck v0.4.1
desktop	Actual TypeScript Repository on SQLx SQLite	2026-10-03T12:20:51.3014685Z    Compiling bytes v1.12.1
desktop	Actual TypeScript Repository on SQLx SQLite	2026-10-03T12:20:51.3537050Z    Compiling time-core v0.1.9
desktop	Actual TypeScript Repository on SQLx SQLite	2026-10-03T12:20:51.4117544Z    Compiling glib-macros v0.18.5
desktop	Actual TypeScript Repository on SQLx SQLite	2026-10-03T12:20:51.4586989Z    Compiling cairo-sys-rs v0.18.2
desktop	Actual TypeScript Repository on SQLx SQLite	2026-10-03T12:20:51.5708027Z    Compiling gdk-pixbuf-sys v0.18.0
desktop	Actual TypeScript Repository on SQLx SQLite	2026-10-03T12:20:51.6735006Z    Compiling pango-sys v0.18.0
desktop	Actual TypeScript Repository on SQLx SQLite	2026-10-03T12:20:51.6797585Z    Compiling tinystr v0.8.4
desktop	Actual TypeScript Repository on SQLx SQLite	2026-10-03T12:20:51.7696330Z    Compiling rustc_version v0.4.1
desktop	Actual TypeScript Repository on SQLx SQLite	2026-10-03T12:20:51.7777079Z    Compiling phf_codegen v0.13.1
desktop	Actual TypeScript Repository on SQLx SQLite	2026-10-03T12:20:51.8288388Z    Compiling strsim v0.11.1
desktop	Actual TypeScript Repository on SQLx SQLite	2026-10-03T12:20:51.8967466Z    Compiling ident_case v1.0.1
desktop	Actual TypeScript Repository on SQLx SQLite	2026-10-03T12:20:51.9313166Z    Compiling winnow v1.0.4
desktop	Actual TypeScript Repository on SQLx SQLite	2026-10-03T12:20:51.9637206Z    Compiling deranged v0.5.8
desktop	Actual TypeScript Repository on SQLx SQLite	2026-10-03T12:20:52.0817533Z    Compiling powerfmt v0.2.0
desktop	Actual TypeScript Repository on SQLx SQLite	2026-10-03T12:20:52.1167010Z    Compiling typeid v1.0.3
desktop	Actual TypeScript Repository on SQLx SQLite	2026-10-03T12:20:52.1799862Z    Compiling toml_parser v1.1.3+spec-1.1.0
desktop	Actual TypeScript Repository on SQLx SQLite	2026-10-03T12:20:52.2307767Z    Compiling darling_core v0.24.1
desktop	Actual TypeScript Repository on SQLx SQLite	2026-10-03T12:20:52.5994102Z    Compiling icu_locale_core v2.3.0
desktop	Actual TypeScript Repository on SQLx SQLite	2026-10-03T12:20:52.6447934Z    Compiling atk-sys v0.18.2
desktop	Actual TypeScript Repository on SQLx SQLite	2026-10-03T12:20:52.7497621Z    Compiling potential_utf v0.1.6
desktop	Actual TypeScript Repository on SQLx SQLite	2026-10-03T12:20:52.8127094Z    Compiling zerotrie v0.2.5
desktop	Actual TypeScript Repository on SQLx SQLite	2026-10-03T12:20:52.9607563Z    Compiling toml_writer v1.1.2+spec-1.1.0
desktop	Actual TypeScript Repository on SQLx SQLite	2026-10-03T12:20:53.0277200Z    Compiling glib v0.18.5
desktop	Actual TypeScript Repository on SQLx SQLite	2026-10-03T12:20:53.0557504Z    Compiling erased-serde v0.4.10
desktop	Actual TypeScript Repository on SQLx SQLite	2026-10-03T12:20:53.1747138Z    Compiling icu_provider v2.3.1
desktop	Actual TypeScript Repository on SQLx SQLite	2026-10-03T12:20:53.3357150Z    Compiling icu_collections v2.3.0
desktop	Actual TypeScript Repository on SQLx SQLite	2026-10-03T12:20:53.6857198Z    Compiling aho-corasick v1.1.5
desktop	Actual TypeScript Repository on SQLx SQLite	2026-10-03T12:20:53.7617179Z    Compiling web-time v1.1.0
desktop	Actual TypeScript Repository on SQLx SQLite	2026-10-03T12:20:53.7947182Z    Compiling new_debug_unreachable v1.0.6
desktop	Actual TypeScript Repository on SQLx SQLite	2026-10-03T12:20:53.8328344Z    Compiling regex-syntax v0.8.11
desktop	Actual TypeScript Repository on SQLx SQLite	2026-10-03T12:20:54.0117144Z    Compiling darling_macro v0.24.1
desktop	Actual TypeScript Repository on SQLx SQLite	2026-10-03T12:20:54.1717333Z    Compiling fnv v1.0.7
desktop	Actual TypeScript Repository on SQLx SQLite	2026-10-03T12:20:54.2067125Z    Compiling darling v0.24.1
desktop	Actual TypeScript Repository on SQLx SQLite	2026-10-03T12:20:54.9994013Z    Compiling regex-automata v0.4.18
desktop	Actual TypeScript Repository on SQLx SQLite	2026-10-03T12:20:55.1757129Z    Compiling phf v0.13.1
desktop	Actual TypeScript Repository on SQLx SQLite	2026-10-03T12:20:55.5257041Z    Compiling string_cache_codegen v0.6.1
desktop	Actual TypeScript Repository on SQLx SQLite	2026-10-03T12:20:55.6727286Z    Compiling generic-array v0.14.7
desktop	Actual TypeScript Repository on SQLx SQLite	2026-10-03T12:20:55.7437215Z    Compiling serde_json v1.0.151
desktop	Actual TypeScript Repository on SQLx SQLite	2026-10-03T12:20:55.7496984Z    Compiling gio v0.18.4
desktop	Actual TypeScript Repository on SQLx SQLite	2026-10-03T12:20:55.8218078Z    Compiling precomputed-hash v0.1.1
desktop	Actual TypeScript Repository on SQLx SQLite	2026-10-03T12:20:55.8268625Z    Compiling getrandom v0.4.3
desktop	Actual TypeScript Repository on SQLx SQLite	2026-10-03T12:20:55.8526473Z    Compiling alloc-no-stdlib v3.0.0
desktop	Actual TypeScript Repository on SQLx SQLite	2026-10-03T12:20:55.9027258Z    Compiling alloc-stdlib v0.3.0
desktop	Actual TypeScript Repository on SQLx SQLite	2026-10-03T12:20:55.9637026Z    Compiling web_atoms v0.2.6
desktop	Actual TypeScript Repository on SQLx SQLite	2026-10-03T12:20:55.9786986Z    Compiling parking_lot v0.12.5
desktop	Actual TypeScript Repository on SQLx SQLite	2026-10-03T12:20:56.3957552Z    Compiling regex v1.13.1
desktop	Actual TypeScript Repository on SQLx SQLite	2026-10-03T12:20:56.5517721Z    Compiling serde_with_macros v3.24.0
desktop	Actual TypeScript Repository on SQLx SQLite	2026-10-03T12:20:56.8657389Z    Compiling icu_properties v2.3.0
desktop	Actual TypeScript Repository on SQLx SQLite	2026-10-03T12:20:57.0754945Z    Compiling icu_normalizer v2.3.0
desktop	Actual TypeScript Repository on SQLx SQLite	2026-10-03T12:20:57.4407134Z    Compiling gtk-sys v0.18.2
desktop	Actual TypeScript Repository on SQLx SQLite	2026-10-03T12:20:57.5457969Z    Compiling quick-xml v0.42.0
desktop	Actual TypeScript Repository on SQLx SQLite	2026-10-03T12:20:57.7177900Z    Compiling find-msvc-tools v0.1.14
desktop	Actual TypeScript Repository on SQLx SQLite	2026-10-03T12:20:57.7297144Z    Compiling base64 v0.23.1
desktop	Actual TypeScript Repository on SQLx SQLite	2026-10-03T12:20:57.8431431Z    Compiling shlex v2.0.1
desktop	Actual TypeScript Repository on SQLx SQLite	2026-10-03T12:20:57.9207527Z    Compiling typenum v1.20.1
desktop	Actual TypeScript Repository on SQLx SQLite	2026-10-03T12:20:57.9827096Z    Compiling anyhow v1.0.104
desktop	Actual TypeScript Repository on SQLx SQLite	2026-10-03T12:20:58.1417145Z    Compiling cc v1.5.1
desktop	Actual TypeScript Repository on SQLx SQLite	2026-10-03T12:20:58.3997231Z    Compiling idna_adapter v1.2.2
desktop	Actual TypeScript Repository on SQLx SQLite	2026-10-03T12:20:58.7737030Z    Compiling string_cache v0.9.0
desktop	Actual TypeScript Repository on SQLx SQLite	2026-10-03T12:20:58.9137201Z    Compiling brotli-decompressor v6.0.1
desktop	Actual TypeScript Repository on SQLx SQLite	2026-10-03T12:20:59.1266969Z    Compiling http v1.5.0
desktop	Actual TypeScript Repository on SQLx SQLite	2026-10-03T12:20:59.4940835Z    Compiling toml_datetime v1.1.1+spec-1.1.0
desktop	Actual TypeScript Repository on SQLx SQLite	2026-10-03T12:20:59.6405647Z    Compiling serde_spanned v1.1.1
desktop	Actual TypeScript Repository on SQLx SQLite	2026-10-03T12:20:59.6497536Z    Compiling dtoa v1.0.11
desktop	Actual TypeScript Repository on SQLx SQLite	2026-10-03T12:20:59.6952326Z    Compiling percent-encoding v2.3.2
desktop	Actual TypeScript Repository on SQLx SQLite	2026-10-03T12:20:59.7035419Z    Compiling same-file v1.0.6
desktop	Actual TypeScript Repository on SQLx SQLite	2026-10-03T12:20:59.7787727Z    Compiling dunce v1.0.5
desktop	Actual TypeScript Repository on SQLx SQLite	2026-10-03T12:20:59.7897506Z    Compiling walkdir v2.5.0
desktop	Actual TypeScript Repository on SQLx SQLite	2026-10-03T12:20:59.8131682Z    Compiling dtoa-short v0.3.5
desktop	Actual TypeScript Repository on SQLx SQLite	2026-10-03T12:20:59.8337647Z    Compiling form_urlencoded v1.2.2
desktop	Actual TypeScript Repository on SQLx SQLite	2026-10-03T12:20:59.8565685Z    Compiling toml v1.1.6+spec-1.1.0
desktop	Actual TypeScript Repository on SQLx SQLite	2026-10-03T12:20:59.9057264Z    Compiling brotli v9.0.0
desktop	Actual TypeScript Repository on SQLx SQLite	2026-10-03T12:20:59.9727001Z    Compiling uuid v1.26.1
desktop	Actual TypeScript Repository on SQLx SQLite	2026-10-03T12:21:00.5756877Z    Compiling idna v1.1.0
desktop	Actual TypeScript Repository on SQLx SQLite	2026-10-03T12:21:01.5162050Z    Compiling tendril v0.5.1
desktop	Actual TypeScript Repository on SQLx SQLite	2026-10-03T12:21:01.6717246Z    Compiling selectors v0.38.0
desktop	Actual TypeScript Repository on SQLx SQLite	2026-10-03T12:21:01.7307656Z    Compiling derive_more-impl v2.1.1
desktop	Actual TypeScript Repository on SQLx SQLite	2026-10-03T12:21:01.8227133Z    Compiling cssparser-macros v0.7.1
desktop	Actual TypeScript Repository on SQLx SQLite	2026-10-03T12:21:01.9387137Z    Compiling indexmap v1.9.3
desktop	Actual TypeScript Repository on SQLx SQLite	2026-10-03T12:21:01.9892026Z    Compiling ctor v1.0.13
desktop	Actual TypeScript Repository on SQLx SQLite	2026-10-03T12:21:02.0177178Z    Compiling glob v0.3.4
desktop	Actual TypeScript Repository on SQLx SQLite	2026-10-03T12:21:02.0527015Z    Compiling camino v1.2.6
desktop	Actual TypeScript Repository on SQLx SQLite	2026-10-03T12:21:02.2247207Z    Compiling derive_more v2.1.1
desktop	Actual TypeScript Repository on SQLx SQLite	2026-10-03T12:21:02.2710767Z    Compiling cssparser v0.37.0
desktop	Actual TypeScript Repository on SQLx SQLite	2026-10-03T12:21:02.3187402Z    Compiling markup5ever v0.39.0
desktop	Actual TypeScript Repository on SQLx SQLite	2026-10-03T12:21:02.3411950Z    Compiling url v2.5.8
desktop	Actual TypeScript Repository on SQLx SQLite	2026-10-03T12:21:02.7057698Z    Compiling servo_arc v0.4.3
desktop	Actual TypeScript Repository on SQLx SQLite	2026-10-03T12:21:02.7307149Z    Compiling serde_derive_internals v0.29.1
desktop	Actual TypeScript Repository on SQLx SQLite	2026-10-03T12:21:02.7727199Z    Compiling memoffset v0.9.1
desktop	Actual TypeScript Repository on SQLx SQLite	2026-10-03T12:21:02.8537179Z    Compiling schemars v0.8.22
desktop	Actual TypeScript Repository on SQLx SQLite	2026-10-03T12:21:02.9227996Z    Compiling rustc-hash v2.1.3
desktop	Actual TypeScript Repository on SQLx SQLite	2026-10-03T12:21:02.9337070Z    Compiling crossbeam-utils v0.8.23
desktop	Actual TypeScript Repository on SQLx SQLite	2026-10-03T12:21:02.9677528Z    Compiling hashbrown v0.12.3
desktop	Actual TypeScript Repository on SQLx SQLite	2026-10-03T12:21:03.0407881Z    Compiling bitflags v1.3.2
desktop	Actual TypeScript Repository on SQLx SQLite	2026-10-03T12:21:03.0707351Z    Compiling bit-vec v0.8.0
desktop	Actual TypeScript Repository on SQLx SQLite	2026-10-03T12:21:03.1847527Z    Compiling bit-set v0.8.0
desktop	Actual TypeScript Repository on SQLx SQLite	2026-10-03T12:21:03.2703992Z    Compiling schemars_derive v0.8.22
desktop	Actual TypeScript Repository on SQLx SQLite	2026-10-03T12:21:03.5317131Z    Compiling html5ever v0.39.0
desktop	Actual TypeScript Repository on SQLx SQLite	2026-10-03T12:21:04.1007108Z    Compiling cfb v0.14.0
desktop	Actual TypeScript Repository on SQLx SQLite	2026-10-03T12:21:04.1396961Z    Compiling jsonptr v0.7.1
desktop	Actual TypeScript Repository on SQLx SQLite	2026-10-03T12:21:04.4352453Z    Compiling block-buffer v0.10.4
desktop	Actual TypeScript Repository on SQLx SQLite	2026-10-03T12:21:04.4897403Z    Compiling cairo-rs v0.18.5
desktop	Actual TypeScript Repository on SQLx SQLite	2026-10-03T12:21:04.6017016Z    Compiling time v0.3.55
desktop	Actual TypeScript Repository on SQLx SQLite	2026-10-03T12:21:04.8197563Z    Compiling field-offset v0.3.6
desktop	Actual TypeScript Repository on SQLx SQLite	2026-10-03T12:21:04.9097183Z    Compiling toml_edit v0.19.15
desktop	Actual TypeScript Repository on SQLx SQLite	2026-10-03T12:21:05.1987137Z    Compiling cargo-platform v0.1.9
desktop	Actual TypeScript Repository on SQLx SQLite	2026-10-03T12:21:05.3007211Z    Compiling dyn-clone v1.0.20
desktop	Actual TypeScript Repository on SQLx SQLite	2026-10-03T12:21:05.3537244Z    Compiling option-ext v0.2.0
desktop	Actual TypeScript Repository on SQLx SQLite	2026-10-03T12:21:05.3867234Z    Compiling simd-adler32 v0.3.10
desktop	Actual TypeScript Repository on SQLx SQLite	2026-10-03T12:21:05.4827145Z    Compiling foldhash v0.2.0
desktop	Actual TypeScript Repository on SQLx SQLite	2026-10-03T12:21:05.5604627Z    Compiling dom_query v0.28.0
desktop	Actual TypeScript Repository on SQLx SQLite	2026-10-03T12:21:06.0357100Z    Compiling gdk-pixbuf v0.18.5
desktop	Actual TypeScript Repository on SQLx SQLite	2026-10-03T12:21:06.4077674Z    Compiling pango v0.18.3
desktop	Actual TypeScript Repository on SQLx SQLite	2026-10-03T12:21:06.4277118Z    Compiling plist v1.10.1
desktop	Actual TypeScript Repository on SQLx SQLite	2026-10-03T12:21:06.5607214Z    Compiling proc-macro-crate v1.3.1
desktop	Actual TypeScript Repository on SQLx SQLite	2026-10-03T12:21:06.7387182Z    Compiling dirs-sys v0.5.0
desktop	Actual TypeScript Repository on SQLx SQLite	2026-10-03T12:21:07.0417246Z    Compiling cargo_metadata v0.19.2
desktop	Actual TypeScript Repository on SQLx SQLite	2026-10-03T12:21:07.7427137Z    Compiling gdk v0.18.2
desktop	Actual TypeScript Repository on SQLx SQLite	2026-10-03T12:21:07.9155878Z    Compiling serde-untagged v0.1.9
desktop	Actual TypeScript Repository on SQLx SQLite	2026-10-03T12:21:07.9204293Z    Compiling infer v0.22.0
desktop	Actual TypeScript Repository on SQLx SQLite	2026-10-03T12:21:08.0407278Z    Compiling json-patch v4.2.0
desktop	Actual TypeScript Repository on SQLx SQLite	2026-10-03T12:21:08.3377004Z    Compiling urlpattern v0.6.0
desktop	Actual TypeScript Repository on SQLx SQLite	2026-10-03T12:21:08.8617123Z    Compiling serde_with v3.24.0
desktop	Actual TypeScript Repository on SQLx SQLite	2026-10-03T12:21:08.9067914Z    Compiling javascriptcore-rs-sys v1.1.1
desktop	Actual TypeScript Repository on SQLx SQLite	2026-10-03T12:21:09.0267554Z    Compiling soup3-sys v0.5.0
desktop	Actual TypeScript Repository on SQLx SQLite	2026-10-03T12:21:09.1416057Z    Compiling gtk v0.18.2
desktop	Actual TypeScript Repository on SQLx SQLite	2026-10-03T12:21:09.2347094Z    Compiling crc32fast v1.5.2
desktop	Actual TypeScript Repository on SQLx SQLite	2026-10-03T12:21:09.3368169Z    Compiling adler2 v2.0.1
desktop	Actual TypeScript Repository on SQLx SQLite	2026-10-03T12:21:09.6127235Z    Compiling dirs v7.0.0
desktop	Actual TypeScript Repository on SQLx SQLite	2026-10-03T12:21:09.6637128Z    Compiling gtk3-macros v0.18.2
desktop	Actual TypeScript Repository on SQLx SQLite	2026-10-03T12:21:09.9148944Z    Compiling atk v0.18.2
desktop	Actual TypeScript Repository on SQLx SQLite	2026-10-03T12:21:10.0477514Z    Compiling tauri-utils v2.10.1
desktop	Actual TypeScript Repository on SQLx SQLite	2026-10-03T12:21:10.3197168Z    Compiling time-macros v0.2.32
desktop	Actual TypeScript Repository on SQLx SQLite	2026-10-03T12:21:10.3798543Z    Compiling webkit2gtk-sys v2.0.2
desktop	Actual TypeScript Repository on SQLx SQLite	2026-10-03T12:21:10.6337128Z    Compiling x11 v2.21.0
desktop	Actual TypeScript Repository on SQLx SQLite	2026-10-03T12:21:10.7207677Z    Compiling cpufeatures v0.2.17
desktop	Actual TypeScript Repository on SQLx SQLite	2026-10-03T12:21:12.5837177Z    Compiling miniz_oxide v0.9.1
desktop	Actual TypeScript Repository on SQLx SQLite	2026-10-03T12:21:12.6687100Z    Compiling embed-resource v3.0.11
desktop	Actual TypeScript Repository on SQLx SQLite	2026-10-03T12:21:12.8027240Z    Compiling gdkx11-sys v0.18.2
desktop	Actual TypeScript Repository on SQLx SQLite	2026-10-03T12:21:12.9497314Z    Compiling flate2 v1.1.10
desktop	Actual TypeScript Repository on SQLx SQLite	2026-10-03T12:21:12.9577350Z    Compiling tauri-winres v0.3.6
desktop	Actual TypeScript Repository on SQLx SQLite	2026-10-03T12:21:13.1845445Z    Compiling miniz_oxide v0.8.9
desktop	Actual TypeScript Repository on SQLx SQLite	2026-10-03T12:21:13.5777109Z    Compiling fdeflate v0.3.7
desktop	Actual TypeScript Repository on SQLx SQLite	2026-10-03T12:21:13.7377135Z    Compiling cargo_toml v1.0.1
desktop	Actual TypeScript Repository on SQLx SQLite	2026-10-03T12:21:13.8137142Z    Compiling dpi v0.1.2
desktop	Actual TypeScript Repository on SQLx SQLite	2026-10-03T12:21:14.2557658Z    Compiling cookie v0.18.2
desktop	Actual TypeScript Repository on SQLx SQLite	2026-10-03T12:21:14.3327893Z    Compiling mio v1.2.3
desktop	Actual TypeScript Repository on SQLx SQLite	2026-10-03T12:21:14.6677959Z    Compiling socket2 v0.6.5
desktop	Actual TypeScript Repository on SQLx SQLite	2026-10-03T12:21:15.0127265Z    Compiling libdbus-sys v0.2.7
desktop	Actual TypeScript Repository on SQLx SQLite	2026-10-03T12:21:15.0897230Z    Compiling x11-dl v2.21.0
desktop	Actual TypeScript Repository on SQLx SQLite	2026-10-03T12:21:15.2577221Z    Compiling tauri-build v2.7.1
desktop	Actual TypeScript Repository on SQLx SQLite	2026-10-03T12:21:15.5317095Z    Compiling tokio v1.53.1
desktop	Actual TypeScript Repository on SQLx SQLite	2026-10-03T12:21:17.3357195Z    Compiling soup3 v0.5.0
desktop	Actual TypeScript Repository on SQLx SQLite	2026-10-03T12:21:19.2687189Z    Compiling javascriptcore-rs v1.1.2
desktop	Actual TypeScript Repository on SQLx SQLite	2026-10-03T12:21:19.4557110Z    Compiling crypto-common v0.1.7
desktop	Actual TypeScript Repository on SQLx SQLite	2026-10-03T12:21:19.7507166Z    Compiling num-traits v0.2.19
desktop	Actual TypeScript Repository on SQLx SQLite	2026-10-03T12:21:19.8182175Z    Compiling allocator-api2 v0.2.21
desktop	Actual TypeScript Repository on SQLx SQLite	2026-10-03T12:21:19.8247445Z    Compiling raw-window-handle v0.6.2
desktop	Actual TypeScript Repository on SQLx SQLite	2026-10-03T12:21:19.8987166Z    Compiling vcpkg v0.2.15
desktop	Actual TypeScript Repository on SQLx SQLite	2026-10-03T12:21:19.9227266Z    Compiling foldhash v0.1.5
desktop	Actual TypeScript Repository on SQLx SQLite	2026-10-03T12:21:19.9997954Z    Compiling hashbrown v0.15.5
desktop	Actual TypeScript Repository on SQLx SQLite	2026-10-03T12:21:20.2447276Z    Compiling libsqlite3-sys v0.30.1
desktop	Actual TypeScript Repository on SQLx SQLite	2026-10-03T12:21:20.3567067Z    Compiling digest v0.10.7
desktop	Actual TypeScript Repository on SQLx SQLite	2026-10-03T12:21:21.3197242Z    Compiling png v0.17.16
desktop	Actual TypeScript Repository on SQLx SQLite	2026-10-03T12:21:22.0388171Z    Compiling crossbeam-channel v0.5.17
desktop	Actual TypeScript Repository on SQLx SQLite	2026-10-03T12:21:22.5687133Z    Compiling tracing-core v0.1.36
desktop	Actual TypeScript Repository on SQLx SQLite	2026-10-03T12:21:22.9437655Z    Compiling dlopen2_derive v0.4.3
desktop	Actual TypeScript Repository on SQLx SQLite	2026-10-03T12:21:23.0467492Z    Compiling tracing-attributes v0.1.31
desktop	Actual TypeScript Repository on SQLx SQLite	2026-10-03T12:21:23.2227172Z    Compiling crc-catalog v2.5.0
desktop	Actual TypeScript Repository on SQLx SQLite	2026-10-03T12:21:23.2707286Z    Compiling byteorder v1.5.0
desktop	Actual TypeScript Repository on SQLx SQLite	2026-10-03T12:21:23.3897437Z    Compiling wry v0.57.0
desktop	Actual TypeScript Repository on SQLx SQLite	2026-10-03T12:21:23.5268557Z    Compiling parking v2.2.1
desktop	Actual TypeScript Repository on SQLx SQLite	2026-10-03T12:21:23.5991470Z    Compiling tauri-runtime v2.12.1
desktop	Actual TypeScript Repository on SQLx SQLite	2026-10-03T12:21:23.7217472Z    Compiling event-listener v5.4.2
desktop	Actual TypeScript Repository on SQLx SQLite	2026-10-03T12:21:23.7687656Z    Compiling tracing v0.1.44
desktop	Actual TypeScript Repository on SQLx SQLite	2026-10-03T12:21:23.8567355Z    Compiling webkit2gtk v2.0.2
desktop	Actual TypeScript Repository on SQLx SQLite	2026-10-03T12:21:23.9357192Z    Compiling ico v0.5.0
desktop	Actual TypeScript Repository on SQLx SQLite	2026-10-03T12:21:24.2367052Z    Compiling crc v3.4.0
desktop	Actual TypeScript Repository on SQLx SQLite	2026-10-03T12:21:24.3283024Z    Compiling dlopen2 v0.8.2
desktop	Actual TypeScript Repository on SQLx SQLite	2026-10-03T12:21:24.4287123Z    Compiling dbus v0.9.12
desktop	Actual TypeScript Repository on SQLx SQLite	2026-10-03T12:21:27.4057585Z    Compiling sha2 v0.10.9
desktop	Actual TypeScript Repository on SQLx SQLite	2026-10-03T12:21:27.8307650Z    Compiling hashlink v0.10.0
desktop	Actual TypeScript Repository on SQLx SQLite	2026-10-03T12:21:27.9971400Z    Compiling tauri v2.12.1
desktop	Actual TypeScript Repository on SQLx SQLite	2026-10-03T12:21:28.3337369Z    Compiling tokio-stream v0.1.19
desktop	Actual TypeScript Repository on SQLx SQLite	2026-10-03T12:21:28.4217261Z    Compiling gdkx11 v0.18.2
desktop	Actual TypeScript Repository on SQLx SQLite	2026-10-03T12:21:28.6286981Z    Compiling png v0.18.1
desktop	Actual TypeScript Repository on SQLx SQLite	2026-10-03T12:21:29.0477193Z    Compiling futures-intrusive v0.5.0
desktop	Actual TypeScript Repository on SQLx SQLite	2026-10-03T12:21:29.3010617Z    Compiling crossbeam-queue v0.3.14
desktop	Actual TypeScript Repository on SQLx SQLite	2026-10-03T12:21:29.3377207Z    Compiling gdkwayland-sys v0.18.2
desktop	Actual TypeScript Repository on SQLx SQLite	2026-10-03T12:21:29.3803935Z    Compiling either v1.18.0
desktop	Actual TypeScript Repository on SQLx SQLite	2026-10-03T12:21:29.3897172Z    Compiling spin v0.9.9
desktop	Actual TypeScript Repository on SQLx SQLite	2026-10-03T12:21:29.4867677Z    Compiling getrandom v0.3.4
desktop	Actual TypeScript Repository on SQLx SQLite	2026-10-03T12:21:29.5126938Z    Compiling base64 v0.22.1
desktop	Actual TypeScript Repository on SQLx SQLite	2026-10-03T12:21:29.6097178Z    Compiling tauri-runtime-wry v2.12.1
desktop	Actual TypeScript Repository on SQLx SQLite	2026-10-03T12:21:29.6821138Z    Compiling muda v0.20.0
desktop	Actual TypeScript Repository on SQLx SQLite	2026-10-03T12:21:29.6870229Z    Compiling ryu v1.0.23
desktop	Actual TypeScript Repository on SQLx SQLite	2026-10-03T12:21:29.7790750Z    Compiling serde_urlencoded v0.7.1
desktop	Actual TypeScript Repository on SQLx SQLite	2026-10-03T12:21:29.8997209Z    Compiling sqlx-core v0.8.6
desktop	Actual TypeScript Repository on SQLx SQLite	2026-10-03T12:21:29.9557585Z    Compiling tauri-codegen v2.7.1
desktop	Actual TypeScript Repository on SQLx SQLite	2026-10-03T12:21:30.9367094Z    Compiling flume v0.11.1
desktop	Actual TypeScript Repository on SQLx SQLite	2026-10-03T12:21:31.0657130Z    Compiling tao v0.37.1
desktop	Actual TypeScript Repository on SQLx SQLite	2026-10-03T12:21:31.7557185Z    Compiling atoi v2.0.0
desktop	Actual TypeScript Repository on SQLx SQLite	2026-10-03T12:21:32.0422580Z    Compiling keyboard-types v0.8.3
desktop	Actual TypeScript Repository on SQLx SQLite	2026-10-03T12:21:32.4337090Z    Compiling serialize-to-javascript-impl v0.1.2
desktop	Actual TypeScript Repository on SQLx SQLite	2026-10-03T12:21:32.5917091Z    Compiling serialize-to-javascript v0.1.2
desktop	Actual TypeScript Repository on SQLx SQLite	2026-10-03T12:21:32.7427249Z    Compiling tauri-macros v2.7.1
desktop	Actual TypeScript Repository on SQLx SQLite	2026-10-03T12:21:33.0510407Z    Compiling im-client-storage v0.1.0 (/home/runner/work/IM-platform/IM-platform/clients/desktop/src-tauri)
desktop	Actual TypeScript Repository on SQLx SQLite	2026-10-03T12:21:33.4347235Z    Compiling serde_repr v0.1.21
desktop	Actual TypeScript Repository on SQLx SQLite	2026-10-03T12:21:33.4487002Z    Compiling mime v0.3.17
desktop	Actual TypeScript Repository on SQLx SQLite	2026-10-03T12:21:34.8999409Z    Compiling sqlx-sqlite v0.8.6
desktop	Actual TypeScript Repository on SQLx SQLite	2026-10-03T12:21:35.5765470Z    Compiling sqlx v0.8.6
desktop	Actual TypeScript Repository on SQLx SQLite	2026-10-03T12:21:40.3094216Z     Finished `test` profile [unoptimized + debuginfo] target(s) in 58.77s
desktop	Actual TypeScript Repository on SQLx SQLite	2026-10-03T12:21:40.3852207Z      Running unittests src/lib.rs (/home/runner/work/_temp/client-sqlite-target/debug/deps/im_client_storage-a1318bf491449f74)
desktop	Actual TypeScript Repository on SQLx SQLite	2026-10-03T12:21:40.3886286Z 
desktop	Actual TypeScript Repository on SQLx SQLite	2026-10-03T12:21:40.3886490Z running 0 tests
desktop	Actual TypeScript Repository on SQLx SQLite	2026-10-03T12:21:40.3886632Z 
desktop	Actual TypeScript Repository on SQLx SQLite	2026-10-03T12:21:40.3887074Z test result: ok. 0 passed; 0 failed; 0 ignored; 0 measured; 0 filtered out; finished in 0.00s
desktop	Actual TypeScript Repository on SQLx SQLite	2026-10-03T12:21:40.3887337Z 
desktop	Actual TypeScript Repository on SQLx SQLite	2026-10-03T12:21:40.3893504Z      Running unittests src/main.rs (/home/runner/work/_temp/client-sqlite-target/debug/deps/im_client_storage-d54d05094b4c99bc)
desktop	Actual TypeScript Repository on SQLx SQLite	2026-10-03T12:21:40.3907301Z 
desktop	Actual TypeScript Repository on SQLx SQLite	2026-10-03T12:21:40.3907390Z running 0 tests
desktop	Actual TypeScript Repository on SQLx SQLite	2026-10-03T12:21:40.3907651Z 
desktop	Actual TypeScript Repository on SQLx SQLite	2026-10-03T12:21:40.3908054Z test result: ok. 0 passed; 0 failed; 0 ignored; 0 measured; 0 filtered out; finished in 0.00s
desktop	Actual TypeScript Repository on SQLx SQLite	2026-10-03T12:21:40.3908362Z 
desktop	Actual TypeScript Repository on SQLx SQLite	2026-10-03T12:21:40.3909902Z      Running unittests src/bin/storage_probe.rs (/home/runner/work/_temp/client-sqlite-target/debug/deps/storage_probe-f8856a3e36650bdd)
desktop	Actual TypeScript Repository on SQLx SQLite	2026-10-03T12:21:40.3917931Z 
desktop	Actual TypeScript Repository on SQLx SQLite	2026-10-03T12:21:40.3918019Z running 0 tests
desktop	Actual TypeScript Repository on SQLx SQLite	2026-10-03T12:21:40.3918238Z 
desktop	Actual TypeScript Repository on SQLx SQLite	2026-10-03T12:21:40.3918631Z test result: ok. 0 passed; 0 failed; 0 ignored; 0 measured; 0 filtered out; finished in 0.00s
desktop	Actual TypeScript Repository on SQLx SQLite	2026-10-03T12:21:40.3918945Z 
desktop	Actual TypeScript Repository on SQLx SQLite	2026-10-03T12:21:40.3920476Z      Running tests/storage.rs (/home/runner/work/_temp/client-sqlite-target/debug/deps/storage-bdeb318f2ddd680e)
desktop	Actual TypeScript Repository on SQLx SQLite	2026-10-03T12:21:40.3929590Z 
desktop	Actual TypeScript Repository on SQLx SQLite	2026-10-03T12:21:40.3929711Z running 1 test
desktop	Actual TypeScript Repository on SQLx SQLite	2026-10-03T12:21:40.3972537Z test real_atomic_adapter_rolls_back_and_queries_are_read_only ... ok
desktop	Actual TypeScript Repository on SQLx SQLite	2026-10-03T12:21:40.3972716Z 
desktop	Actual TypeScript Repository on SQLx SQLite	2026-10-03T12:21:40.3972918Z test result: ok. 1 passed; 0 failed; 0 ignored; 0 measured; 0 filtered out; finished in 0.00s
desktop	Actual TypeScript Repository on SQLx SQLite	2026-10-03T12:21:40.3973106Z 
desktop	Actual TypeScript Repository on SQLx SQLite	2026-10-03T12:21:40.3976112Z    Doc-tests im_client_storage
desktop	Actual TypeScript Repository on SQLx SQLite	2026-10-03T12:21:40.4669201Z 
desktop	Actual TypeScript Repository on SQLx SQLite	2026-10-03T12:21:40.4669737Z running 0 tests
desktop	Actual TypeScript Repository on SQLx SQLite	2026-10-03T12:21:40.4669966Z 
desktop	Actual TypeScript Repository on SQLx SQLite	2026-10-03T12:21:40.4670351Z test result: ok. 0 passed; 0 failed; 0 ignored; 0 measured; 0 filtered out; finished in 0.00s
desktop	Actual TypeScript Repository on SQLx SQLite	2026-10-03T12:21:40.4670697Z 
desktop	Actual TypeScript Repository on SQLx SQLite	2026-10-03T12:21:40.4887755Z + cargo build --locked --bin storage_probe
desktop	Actual TypeScript Repository on SQLx SQLite	2026-10-03T12:21:40.6187314Z    Compiling im-client-storage v0.1.0 (/home/runner/work/IM-platform/IM-platform/clients/desktop/src-tauri)
desktop	Actual TypeScript Repository on SQLx SQLite	2026-10-03T12:21:43.9382767Z     Finished `dev` profile [unoptimized + debuginfo] target(s) in 3.44s
desktop	Actual TypeScript Repository on SQLx SQLite	2026-10-03T12:21:43.9607149Z + node tests/clients/sqlite/desktop.mjs /home/runner/work/_temp/client-sqlite-target/debug/storage_probe
desktop	Actual TypeScript Repository on SQLx SQLite	2026-10-03T12:21:44.7194959Z {"result":"PASS","engine":"actual SQLx SQLite","canonicalCases":13,"assertions":141,"root":"/tmp/im-desktop-storage-6exLxU"}
desktop	Actual TypeScript Repository on SQLx SQLite	2026-10-03T12:21:44.7518328Z + npm --prefix clients/shared/protocol-sdk ci --ignore-scripts --no-audit --no-fund
desktop	Actual TypeScript Repository on SQLx SQLite	2026-10-03T12:21:45.0351787Z 
desktop	Actual TypeScript Repository on SQLx SQLite	2026-10-03T12:21:45.0352338Z added 1 package in 250ms
desktop	Actual TypeScript Repository on SQLx SQLite	2026-10-03T12:21:45.0436860Z + npm --prefix clients/shared/protocol-sdk run build
desktop	Actual TypeScript Repository on SQLx SQLite	2026-10-03T12:21:45.1028459Z 
desktop	Actual TypeScript Repository on SQLx SQLite	2026-10-03T12:21:45.1029063Z > @im/protocol-sdk@0.1.0 build
desktop	Actual TypeScript Repository on SQLx SQLite	2026-10-03T12:21:45.1029456Z > tsc -p tsconfig.json
desktop	Actual TypeScript Repository on SQLx SQLite	2026-10-03T12:21:45.1029599Z 
desktop	Actual TypeScript Repository on SQLx SQLite	2026-10-03T12:21:45.9310761Z + node tests/clients/send/shared.mjs
desktop	Actual TypeScript Repository on SQLx SQLite	2026-10-03T12:21:45.9533549Z PASS: strict schema fields, duplicate keys, exact integer lexemes, invalid frames, escaped content
desktop	Actual TypeScript Repository on SQLx SQLite	2026-10-03T12:21:45.9578917Z + npm --prefix clients/desktop ci --ignore-scripts --no-audit --no-fund
desktop	Actual TypeScript Repository on SQLx SQLite	2026-10-03T12:21:46.2462935Z 
desktop	Actual TypeScript Repository on SQLx SQLite	2026-10-03T12:21:46.2463535Z added 2 packages in 254ms
desktop	Actual TypeScript Repository on SQLx SQLite	2026-10-03T12:21:46.2547131Z + npm --prefix clients/desktop run build
desktop	Actual TypeScript Repository on SQLx SQLite	2026-10-03T12:21:46.3130138Z 
desktop	Actual TypeScript Repository on SQLx SQLite	2026-10-03T12:21:46.3130696Z > im-desktop@0.1.0 build
desktop	Actual TypeScript Repository on SQLx SQLite	2026-10-03T12:21:46.3131021Z > tsc -p tsconfig.json
desktop	Actual TypeScript Repository on SQLx SQLite	2026-10-03T12:21:46.3131153Z 
desktop	Actual TypeScript Repository on SQLx SQLite	2026-10-03T12:21:47.1972276Z + cargo build --locked --bin storage_probe
desktop	Actual TypeScript Repository on SQLx SQLite	2026-10-03T12:21:47.3162293Z    Compiling im-client-storage v0.1.0 (/home/runner/work/IM-platform/IM-platform/clients/desktop/src-tauri)
desktop	Actual TypeScript Repository on SQLx SQLite	2026-10-03T12:21:50.7542413Z     Finished `dev` profile [unoptimized + debuginfo] target(s) in 3.55s
desktop	Actual TypeScript Repository on SQLx SQLite	2026-10-03T12:21:50.9282808Z + node tests/clients/send/desktop.mjs /home/runner/work/_temp/client-sqlite-target/debug/storage_probe wss://localhost:45657
desktop	Actual TypeScript Repository on SQLx SQLite	2026-10-03T12:21:56.0738947Z PASS: actual SQLx + builtin WSS TLS send, persisted SENDING, timeout/offline/reject, same-ID restart retry, late ACK/realtime/Sync terminal merge, strict invalid/session checks, transactional rollback, stale socket and account isolation
desktop	Actual TypeScript Repository on SQLx SQLite	2026-10-03T12:21:56.0804262Z PASS: controlled TLS fixture actual client behavior; this is distinct from Go durable-ACK E2E
desktop	Post Run actions/setup-node@v4	﻿2026-10-03T12:21:56.0941655Z Post job cleanup.
desktop	Post Run actions/setup-node@v4	2026-10-03T12:21:56.1738039Z (node:11573) [DEP0040] DeprecationWarning: The `punycode` module is deprecated. Please use a userland alternative instead.
desktop	Post Run actions/setup-node@v4	2026-10-03T12:21:56.1738495Z (Use `node --trace-deprecation ...` to show where the warning was created)
desktop	Post Run actions/checkout@v4	﻿2026-10-03T12:21:56.1864151Z Post job cleanup.
desktop	Post Run actions/checkout@v4	2026-10-03T12:21:56.2415758Z [command]/usr/bin/git version
desktop	Post Run actions/checkout@v4	2026-10-03T12:21:56.2446027Z git version 2.55.0
desktop	Post Run actions/checkout@v4	2026-10-03T12:21:56.2470637Z Temporarily overriding HOME='/home/runner/work/_temp/325e1822-d0de-4ef6-b873-e0b33b640395' before making global git config changes
desktop	Post Run actions/checkout@v4	2026-10-03T12:21:56.2471394Z Adding repository directory to the temporary git global config as a safe directory
desktop	Post Run actions/checkout@v4	2026-10-03T12:21:56.2474047Z [command]/usr/bin/git config --global --add safe.directory /home/runner/work/IM-platform/IM-platform
desktop	Post Run actions/checkout@v4	2026-10-03T12:21:56.2505335Z [command]/usr/bin/git config --local --name-only --get-regexp core\.sshCommand
desktop	Post Run actions/checkout@v4	2026-10-03T12:21:56.2532523Z [command]/usr/bin/git submodule foreach --recursive sh -c "git config --local --name-only --get-regexp 'core\.sshCommand' && git config --local --unset-all 'core.sshCommand' || :"
desktop	Post Run actions/checkout@v4	2026-10-03T12:21:56.2729210Z [command]/usr/bin/git config --local --name-only --get-regexp http\.https\:\/\/github\.com\/\.extraheader
desktop	Post Run actions/checkout@v4	2026-10-03T12:21:56.2753952Z http.https://github.com/.extraheader
desktop	Post Run actions/checkout@v4	2026-10-03T12:21:56.2766676Z [command]/usr/bin/git config --local --unset-all http.https://github.com/.extraheader
desktop	Post Run actions/checkout@v4	2026-10-03T12:21:56.2795051Z [command]/usr/bin/git submodule foreach --recursive sh -c "git config --local --name-only --get-regexp 'http\.https\:\/\/github\.com\/\.extraheader' && git config --local --unset-all 'http.https://github.com/.extraheader' || :"
desktop	Post Run actions/checkout@v4	2026-10-03T12:21:56.3006641Z [command]/usr/bin/git config --local --name-only --get-regexp ^includeIf\.gitdir:
desktop	Post Run actions/checkout@v4	2026-10-03T12:21:56.3038366Z [command]/usr/bin/git submodule foreach --recursive git config --local --show-origin --name-only --get-regexp remote.origin.url
desktop	Complete job	﻿2026-10-03T12:21:56.3327743Z Cleaning up orphan processes
desktop	Complete job	2026-10-03T12:21:56.3537490Z ##[warning]Node.js 20 is deprecated. The following actions target Node.js 20 but are being forced to run on Node.js 24: actions/checkout@v4, actions/setup-node@v4. For more information see: https://github.blog/changelog/2025-09-19-deprecation-of-node-20-on-github-actions-runners/
